,Technology,Dataset,Sample,Method,train_sample,test_sample,ARI,NMI,FMI,Purity,Homogeneity,Completeness,V_measure
0,scCube,sim2,DLPFC_151507train_151507spatial,BASS,151507,151507,0.4320830505437504,0.5523169763006506,0.5274963944842839,0.6460554371002132,0.5635522656608958,0.5415209160987465,0.5523169763006506
1,scCube,sim2,DLPFC_151507train_151507spatial,Banksy,151507,151507,0.45675001381913205,0.5664431782103906,0.5526627555774208,0.6449182658137882,0.567643343673803,0.5652839350966478,0.5664431782103907
2,scCube,sim2,DLPFC_151507train_151507spatial,BayesSpace,151507,151507,0.3228352278299495,0.5596018871542101,0.46070715223376907,0.6240227434257285,0.534541241291121,0.5871279300381514,0.5596018871542101
3,scCube,sim2,DLPFC_151507train_151507spatial,CCST,151507,151507,0.4760885645017331,0.644587221126495,0.578129242033224,0.6858090499881545,0.6221049272041494,0.668875347147196,0.644587221126495
4,scCube,sim2,DLPFC_151507train_151507spatial,CellCharter,151507,151507,0.3819181749295186,0.5497670423341665,0.4868160011366477,0.650319829424307,0.5581963273642714,0.5416489765136252,0.5497670423341664
5,scCube,sim2,DLPFC_151507train_151507spatial,DeepST,151507,151507,0.5711675640024805,0.7011384459904079,0.6464596040231999,0.7326226012793177,0.7022340762251826,0.7001457572232744,0.7011384459904079
6,scCube,sim2,DLPFC_151507train_151507spatial,GraphST,151507,151507,0.4712974153635484,0.5973416813177047,0.5608770988411946,0.673773987206823,0.6073341086001708,0.5876727411921696,0.5973416813177047
7,scCube,sim2,DLPFC_151507train_151507spatial,PRECAST,151507,151507,0.325654550211863,0.4537886364179772,0.4524513774129095,0.5782989812840559,0.4462862741619089,0.46154755064823616,0.4537886364179773
8,scCube,sim2,DLPFC_151507train_151507spatial,SEDR,151507,151507,0.4678956901212571,0.6063888117759998,0.5637652014245031,0.6823501539919451,0.5985311588487768,0.6145345536289882,0.6063888117759998
9,scCube,sim2,DLPFC_151507train_151507spatial,STAGATE,151507,151507,0.4943719110081088,0.6103692795842849,0.5836525521855458,0.6777540867093106,0.611065948000777,0.6098453555986192,0.6103692795842848
10,scCube,sim2,DLPFC_151507train_151507spatial,SpaGCN,151507,151507,0.3787952932819667,0.5104502541456556,0.48634774757359783,0.6131248519308221,0.5121886595274769,0.5087236093947793,0.5104502541456556
11,scCube,sim2,DLPFC_151507train_151507spatial,SpaceFlow,151507,151507,0.5703014489699265,0.6421423102089951,0.6504568505944519,0.7134328358208956,0.6293397342504886,0.6557681608686406,0.6421423102089953
12,scCube,sim2,DLPFC_151507train_151507spatial,SpatialMGCN,151507,151507,0.3914618899280704,0.4747495047529867,0.49648761630514004,0.5811419095001185,0.47774135280975527,0.4717948962909815,0.4747495047529866
13,scCube,sim2,DLPFC_151507train_151507spatial,stLearn,151507,151507,0.24388914069063455,0.36820299851161,0.3774477872255496,0.5327647476901208,0.3670897282604487,0.36932305585198383,0.3682029985116099
14,scCube,sim2,DLPFC_151507train_151508spatial,BASS,151507,151508,0.6455180949294828,0.7405330028198706,0.7119913976327593,0.8219584569732937,0.7524563628827229,0.7289816215286176,0.7405330028198704
15,scCube,sim2,DLPFC_151507train_151508spatial,Banksy,151507,151508,0.6500171886337591,0.7516511294911817,0.7181471729633307,0.777676329605113,0.7491289651717539,0.7541903344077404,0.7516511294911817
16,scCube,sim2,DLPFC_151507train_151508spatial,BayesSpace,151507,151508,0.6610237810689995,0.7206692110115442,0.7265662028448743,0.7774480712166172,0.7126848197130505,0.7288345316860876,0.7206692110115442
17,scCube,sim2,DLPFC_151507train_151508spatial,CCST,151507,151508,0.6222761217316238,0.6703128070111135,0.707419735366485,0.7323442136498517,0.6324689571488306,0.7130070670996982,0.6703128070111135
18,scCube,sim2,DLPFC_151507train_151508spatial,CellCharter,151507,151508,0.4541014350627428,0.6018676394045589,0.5554401042330015,0.6999771741611504,0.6161568991046019,0.5883448284595698,0.6018676394045589
19,scCube,sim2,DLPFC_151507train_151508spatial,DeepST,151507,151508,0.6116007765122415,0.7480233422075646,0.6845414269508632,0.7914174845925588,0.7601028597349688,0.7364765153188741,0.7480233422075646
20,scCube,sim2,DLPFC_151507train_151508spatial,GraphST,151507,151508,0.6818168285163834,0.77296275576733,0.7456596396841653,0.7813284638210454,0.7558520143556263,0.7908661359075874,0.77296275576733
21,scCube,sim2,DLPFC_151507train_151508spatial,PRECAST,151507,151508,0.4091948177066068,0.517884454449488,0.5188906636977115,0.658753709198813,0.5258275315886521,0.5101777802647282,0.517884454449488
22,scCube,sim2,DLPFC_151507train_151508spatial,SEDR,151507,151508,0.6206811437697904,0.691305459299784,0.6954814724760052,0.7543026706231454,0.688142116030505,0.6952503443751618,0.691305459299784
23,scCube,sim2,DLPFC_151507train_151508spatial,STAGATE,151507,151508,0.6448748951005346,0.7109157683044545,0.7126009213682337,0.8019173704633646,0.7187593776883864,0.7036543136939359,0.7109157683044545
24,scCube,sim2,DLPFC_151507train_151508spatial,SpaGCN,151507,151508,0.3474061312816544,0.4675155035143804,0.46359132501739964,0.6354713535722438,0.48390241720522253,0.4522020923898641,0.4675155035143804
25,scCube,sim2,DLPFC_151507train_151508spatial,SpaceFlow,151507,151508,0.6497950570844593,0.709382471116536,0.7153222816017478,0.782971924218215,0.7249139261428393,0.6946534483251277,0.709382471116536
26,scCube,sim2,DLPFC_151507train_151508spatial,SpatialMGCN,151507,151508,0.49731527064977377,0.589986896278,0.5913022929560106,0.6918511755307007,0.5966940307076853,0.583428868793601,0.5899868962780002
27,scCube,sim2,DLPFC_151507train_151508spatial,stLearn,151507,151508,0.2333556740898492,0.35818317543957434,0.3759660685663221,0.5602830404017347,0.3612883759777461,0.3551310712766377,0.35818317543957434
28,scCube,sim2,DLPFC_151507train_151509spatial,BASS,151507,151509,0.7421076912859964,0.7591354407033101,0.8041623710116286,0.8381370091896407,0.7569935052559741,0.7612895318846845,0.7591354407033101
29,scCube,sim2,DLPFC_151507train_151509spatial,Banksy,151507,151509,0.5616016016237791,0.7324720735876773,0.6611643515080069,0.8590225563909775,0.778645569467131,0.6914681762572922,0.7324720735876773
30,scCube,sim2,DLPFC_151507train_151509spatial,BayesSpace,151507,151509,0.5211729293423418,0.6366992386125577,0.6614514260767065,0.7065580618212197,0.5896936440515973,0.6918477282385678,0.6366992386125576
31,scCube,sim2,DLPFC_151507train_151509spatial,CCST,151507,151509,0.6440786299430771,0.7052679469362636,0.7274162113964551,0.7961988304093567,0.7253160439678787,0.6863022914176599,0.7052679469362636
32,scCube,sim2,DLPFC_151507train_151509spatial,CellCharter,151507,151509,0.47568693279988217,0.6426437474595337,0.591254639269776,0.7984544695071011,0.6926405206531396,0.5993879453483311,0.6426437474595337
33,scCube,sim2,DLPFC_151507train_151509spatial,DeepST,151507,151509,0.587729419740352,0.7400819472745759,0.6821580029566308,0.8535087719298247,0.7864289599499912,0.6989155068589705,0.7400819472745759
34,scCube,sim2,DLPFC_151507train_151509spatial,GraphST,151507,151509,0.5391032333097538,0.6827861545998992,0.6433635412274793,0.8170426065162907,0.7151602651876007,0.6532161506066476,0.6827861545998992
35,scCube,sim2,DLPFC_151507train_151509spatial,PRECAST,151507,151509,0.3148123586524656,0.4572678811287618,0.48254884341326776,0.6643692564745196,0.45693454486185453,0.4576017040920018,0.45726788112876193
36,scCube,sim2,DLPFC_151507train_151509spatial,SEDR,151507,151509,0.6245613199843714,0.7336594115458606,0.7111562509437436,0.8337510442773601,0.758741278190734,0.710749192258736,0.7336594115458607
37,scCube,sim2,DLPFC_151507train_151509spatial,STAGATE,151507,151509,0.6564297819984933,0.7192833717809425,0.7364374015483556,0.8352130325814537,0.73961163337383,0.7000428390588154,0.7192833717809425
38,scCube,sim2,DLPFC_151507train_151509spatial,SpaGCN,151507,151509,0.3407115509452754,0.49189573871443903,0.47852299016956723,0.6961152882205514,0.5360786769659186,0.45444125528864243,0.49189573871443903
39,scCube,sim2,DLPFC_151507train_151509spatial,SpaceFlow,151507,151509,0.588411087572557,0.727725275437213,0.6830975056286999,0.8392230576441102,0.7775655912841339,0.6839277261289614,0.727725275437213
40,scCube,sim2,DLPFC_151507train_151509spatial,SpatialMGCN,151507,151509,0.6943985652756942,0.6862469078966135,0.7675922370305535,0.8324979114452798,0.69425128580247,0.6784249993362412,0.6862469078966135
41,scCube,sim2,DLPFC_151507train_151509spatial,stLearn,151507,151509,0.23954225384100888,0.37458531888269986,0.40181188457577444,0.6525480367585631,0.395581127520739,0.3558128825187607,0.37458531888269986
42,scCube,sim2,DLPFC_151507train_151510spatial,BASS,151507,151510,0.605673352505661,0.7308753745177701,0.6965117904558843,0.8552774755168662,0.7700565966801884,0.6954882611683492,0.7308753745177702
43,scCube,sim2,DLPFC_151507train_151510spatial,Banksy,151507,151510,0.6388518341764728,0.7644909053248555,0.7227211790632251,0.8744287268770401,0.7977149947632637,0.7339236655641151,0.7644909053248555
44,scCube,sim2,DLPFC_151507train_151510spatial,BayesSpace,151507,151510,0.741409154248827,0.7646593930323156,0.8032512788615989,0.8417845484221982,0.7694646388377857,0.7599137915129245,0.7646593930323157
45,scCube,sim2,DLPFC_151507train_151510spatial,CCST,151507,151510,0.6144745001584936,0.7083280040530223,0.7035321571124016,0.8032644178454842,0.7390560610861071,0.6800643485731233,0.7083280040530224
46,scCube,sim2,DLPFC_151507train_151510spatial,CellCharter,151507,151510,0.46939212848583506,0.6483670591684962,0.5860717820150475,0.7878563656147988,0.702878346987597,0.6017035059172761,0.6483670591684962
47,scCube,sim2,DLPFC_151507train_151510spatial,DeepST,151507,151510,0.6197833653688303,0.7644624669444515,0.7082641729907694,0.8699891186071816,0.8144939185187265,0.7202305415347761,0.7644624669444515
48,scCube,sim2,DLPFC_151507train_151510spatial,GraphST,151507,151510,0.7475143931386635,0.7567945018731334,0.8091774072965056,0.8502720348204569,0.7543965190371357,0.7592077781476283,0.7567945018731334
49,scCube,sim2,DLPFC_151507train_151510spatial,PRECAST,151507,151510,0.358566329077183,0.4779261059905413,0.5162039680732454,0.6981501632208923,0.47764066441192454,0.478211888937141,0.4779261059905413
50,scCube,sim2,DLPFC_151507train_151510spatial,SEDR,151507,151510,0.712836734938848,0.7371775802581323,0.7810638106639936,0.8289445048966269,0.7464975839393004,0.7283664862764765,0.7371775802581324
51,scCube,sim2,DLPFC_151507train_151510spatial,STAGATE,151507,151510,0.6050713647348532,0.6992695715247221,0.6960892291982219,0.8342546245919478,0.7210084416638345,0.6788032711021197,0.6992695715247221
52,scCube,sim2,DLPFC_151507train_151510spatial,SpaGCN,151507,151510,0.3544562311815994,0.4923782815668204,0.4915195871017614,0.6974972796517954,0.5327515053425723,0.4576931641149902,0.49237828156682023
53,scCube,sim2,DLPFC_151507train_151510spatial,SpaceFlow,151507,151510,0.5835414729943261,0.7108552771195683,0.6787945943843168,0.833297062023939,0.7569664351607455,0.6700487034538345,0.7108552771195683
54,scCube,sim2,DLPFC_151507train_151510spatial,SpatialMGCN,151507,151510,0.6640435529484068,0.7110063123989973,0.7425267615842313,0.8600652883569098,0.742636158832834,0.6819607126675159,0.7110063123989973
55,scCube,sim2,DLPFC_151507train_151510spatial,stLearn,151507,151510,0.2560389219227823,0.3871183215800141,0.41553304178536266,0.6751686615886834,0.40917533662793354,0.36735747259204665,0.38711832158001414
56,scCube,sim2,DLPFC_151508train_151507spatial,BASS,151508,151507,0.62024055134682,0.7160195274333098,0.6937854344307758,0.7645107794361525,0.687539133461519,0.7469614101683524,0.7160195274333099
57,scCube,sim2,DLPFC_151508train_151507spatial,Banksy,151508,151507,0.5605458366889167,0.7088613703391021,0.6445184525879867,0.7536128879412461,0.6953271552153625,0.722932918627339,0.7088613703391021
58,scCube,sim2,DLPFC_151508train_151507spatial,BayesSpace,151508,151507,0.36250754473213,0.5857902843284686,0.4853293039411568,0.6299455105425255,0.5698502836448637,0.6026477029752678,0.5857902843284687
59,scCube,sim2,DLPFC_151508train_151507spatial,CCST,151508,151507,0.6757694753346324,0.7410251738915578,0.7417270101290586,0.7878701729447999,0.7159752192417639,0.7679737128557009,0.7410251738915578
60,scCube,sim2,DLPFC_151508train_151507spatial,CellCharter,151508,151507,0.5493526063651306,0.6638893663877701,0.6279039335697589,0.7475953565505804,0.6703524855435835,0.6578916719504595,0.6638893663877701
61,scCube,sim2,DLPFC_151508train_151507spatial,DeepST,151508,151507,0.6492314540513227,0.7317555591122253,0.7094578390384912,0.7980573323856905,0.744323335689473,0.7196181542314382,0.7317555591122253
62,scCube,sim2,DLPFC_151508train_151507spatial,GraphST,151508,151507,0.5442310028666114,0.7026547760520506,0.6400721326937489,0.7294479981047145,0.6726121029431913,0.7355066777535568,0.7026547760520505
63,scCube,sim2,DLPFC_151508train_151507spatial,PRECAST,151508,151507,0.2972712417311067,0.459704119411169,0.4429033086240059,0.5567401089789149,0.44130335268836235,0.4797061448031045,0.459704119411169
64,scCube,sim2,DLPFC_151508train_151507spatial,SEDR,151508,151507,0.6170466952155762,0.7305044723000071,0.6914931018455073,0.7703387822790807,0.7115790942490781,0.7506359925049358,0.7305044723000071
65,scCube,sim2,DLPFC_151508train_151507spatial,STAGATE,151508,151507,0.5629364443865441,0.6735267824104874,0.6410756785372307,0.7286898839137645,0.670928470440651,0.6761454231828334,0.6735267824104874
66,scCube,sim2,DLPFC_151508train_151507spatial,SpaGCN,151508,151507,0.4245404510974479,0.5244246066427393,0.5210953066335997,0.6432125088841507,0.5356384495213404,0.5136706695699786,0.5244246066427393
67,scCube,sim2,DLPFC_151508train_151507spatial,SpaceFlow,151508,151507,0.7388786351109208,0.7869029515323855,0.7841783759588555,0.8680407486377636,0.7988296967218207,0.7753303391547777,0.7869029515323855
68,scCube,sim2,DLPFC_151508train_151507spatial,SpatialMGCN,151508,151507,0.6515309986582776,0.688072977236451,0.7156322207770072,0.789149490642028,0.6791805619403326,0.6972013359852309,0.688072977236451
69,scCube,sim2,DLPFC_151508train_151507spatial,stLearn,151508,151507,0.2701370847270156,0.40761215159701997,0.3991729228590133,0.531153755034352,0.406700656269867,0.4085277481325112,0.40761215159701997
70,scCube,sim2,DLPFC_151508train_151508spatial,BASS,151508,151508,0.3744432649624398,0.5551580829680968,0.4860632008447189,0.6630906185802328,0.5749157628324334,0.5367132779880035,0.5551580829680967
71,scCube,sim2,DLPFC_151508train_151508spatial,Banksy,151508,151508,0.49561302506383315,0.619780953174691,0.5911572154140993,0.7016662862360191,0.625603314771161,0.61406596730217,0.619780953174691
72,scCube,sim2,DLPFC_151508train_151508spatial,BayesSpace,151508,151508,0.3238142873450488,0.49815098344026676,0.4544370770055437,0.613786806665145,0.497353995555902,0.4989505297003188,0.49815098344026676
73,scCube,sim2,DLPFC_151508train_151508spatial,CCST,151508,151508,0.34592787898699934,0.5550981671052331,0.4868407144875514,0.6215475918740013,0.5386069042945666,0.5727357666615821,0.555098167105233
74,scCube,sim2,DLPFC_151508train_151508spatial,CellCharter,151508,151508,0.340620585047695,0.49541660805955107,0.4574810622512735,0.627619265007989,0.5140324408585946,0.4781141012288657,0.49541660805955107
75,scCube,sim2,DLPFC_151508train_151508spatial,DeepST,151508,151508,0.48631364301030783,0.6378027584616988,0.5790850279583378,0.7122118237845241,0.6604295579299725,0.6166922828764052,0.6378027584616988
76,scCube,sim2,DLPFC_151508train_151508spatial,GraphST,151508,151508,0.4667311364310538,0.6206565990371988,0.5665633746101891,0.7087422962793882,0.6305844741118998,0.6110364860333589,0.6206565990371988
77,scCube,sim2,DLPFC_151508train_151508spatial,PRECAST,151508,151508,0.3015275856560124,0.44162329763216446,0.44829313664866766,0.5562656927642091,0.4296931427309077,0.4542348369552792,0.4416232976321644
78,scCube,sim2,DLPFC_151508train_151508spatial,SEDR,151508,151508,0.43637399468815896,0.6017537875052481,0.5370856506295678,0.6787947957087422,0.6247568696016483,0.5803963721419753,0.601753787505248
79,scCube,sim2,DLPFC_151508train_151508spatial,STAGATE,151508,151508,0.43811869834463196,0.5545073404592176,0.5399809149702327,0.645514722666058,0.5717155137547654,0.5383158785851496,0.5545073404592176
80,scCube,sim2,DLPFC_151508train_151508spatial,SpaGCN,151508,151508,0.3800473907747992,0.48081729786065874,0.4894532311388099,0.6404930381191509,0.5011301740251917,0.4620870027197892,0.48081729786065897
81,scCube,sim2,DLPFC_151508train_151508spatial,SpaceFlow,151508,151508,0.3902740283292112,0.5342925043448248,0.5013109593629685,0.6567450353800502,0.5488755094632511,0.5207379302158437,0.5342925043448247
82,scCube,sim2,DLPFC_151508train_151508spatial,SpatialMGCN,151508,151508,0.3890070579518035,0.5173181920759721,0.5056046161462017,0.6407212965076466,0.5206351079691696,0.514043272131035,0.517318192075972
83,scCube,sim2,DLPFC_151508train_151508spatial,stLearn,151508,151508,0.23021901781202886,0.37348112811299367,0.3739657012027685,0.5362246062542798,0.3774778329074136,0.369611461904846,0.37348112811299367
84,scCube,sim2,DLPFC_151508train_151509spatial,BASS,151508,151509,0.7159804241781283,0.7371297449804672,0.7840169065501523,0.8272765246449458,0.7367405153280651,0.7375193861204984,0.7371297449804672
85,scCube,sim2,DLPFC_151508train_151509spatial,Banksy,151508,151509,0.7742641593409907,0.7703033021013881,0.8291488575986927,0.8560985797827904,0.7706303857141807,0.7699764960232043,0.7703033021013882
86,scCube,sim2,DLPFC_151508train_151509spatial,BayesSpace,151508,151509,0.5376897327830041,0.6633905544531027,0.6423997108281461,0.7612781954887218,0.6943958233134271,0.6350357549881863,0.6633905544531028
87,scCube,sim2,DLPFC_151508train_151509spatial,CCST,151508,151509,0.5163748736074935,0.6532105043657808,0.627107593852693,0.762406015037594,0.6809414553438368,0.6277732973659744,0.6532105043657808
88,scCube,sim2,DLPFC_151508train_151509spatial,CellCharter,151508,151509,0.47118581450467145,0.6492551506426631,0.5874073244607877,0.7838345864661654,0.7001143733640076,0.6053134556109673,0.6492551506426631
89,scCube,sim2,DLPFC_151508train_151509spatial,DeepST,151508,151509,0.5471250413896727,0.6668372752754139,0.6496134523188186,0.7978696741854636,0.7147362558902632,0.6249587141064202,0.6668372752754139
90,scCube,sim2,DLPFC_151508train_151509spatial,GraphST,151508,151509,0.6163142181416964,0.6934281031268573,0.706126088600043,0.7911445279866333,0.7053588073054992,0.6818942866760278,0.6934281031268573
91,scCube,sim2,DLPFC_151508train_151509spatial,PRECAST,151508,151509,0.3223894371903355,0.4278460176367255,0.47224888134246773,0.6453634085213033,0.4500739002524067,0.40771035141106593,0.4278460176367256
92,scCube,sim2,DLPFC_151508train_151509spatial,SEDR,151508,151509,0.5856904118798195,0.700232624954635,0.6803258270008101,0.8266499582289055,0.734120712466533,0.6696233056120946,0.700232624954635
93,scCube,sim2,DLPFC_151508train_151509spatial,STAGATE,151508,151509,0.5864945986327996,0.66303926737438,0.6815974004180185,0.7964076858813701,0.6842098615560579,0.6436724356985818,0.6630392673743801
94,scCube,sim2,DLPFC_151508train_151509spatial,SpaGCN,151508,151509,0.3069321559428665,0.44902760685207016,0.45058014961882054,0.6340852130325815,0.4886565195573319,0.4153441570586862,0.44902760685207016
95,scCube,sim2,DLPFC_151508train_151509spatial,SpaceFlow,151508,151509,0.44591247356933206,0.5826777495803424,0.5676903741912906,0.7593984962406015,0.6203301054462949,0.5494677782550712,0.5826777495803424
96,scCube,sim2,DLPFC_151508train_151509spatial,SpatialMGCN,151508,151509,0.763268072413324,0.7095576277720731,0.8199581959266078,0.8312447786131998,0.7206673126700714,0.6987852726861429,0.709557627772073
97,scCube,sim2,DLPFC_151508train_151509spatial,stLearn,151508,151509,0.23455443334132972,0.37953551023281934,0.3949534064435462,0.643107769423559,0.40551326467487014,0.3566865582325581,0.37953551023281934
98,scCube,sim2,DLPFC_151508train_151510spatial,BASS,151508,151510,0.7070778052576289,0.7337020076563533,0.7787471778344413,0.8500544069640913,0.7285998376535581,0.7388761395738898,0.7337020076563534
99,scCube,sim2,DLPFC_151508train_151510spatial,Banksy,151508,151510,0.7300502185030279,0.7507532123048093,0.7947963191875452,0.8637649619151251,0.7705374142189685,0.7319595302939151,0.7507532123048092
100,scCube,sim2,DLPFC_151508train_151510spatial,BayesSpace,151508,151510,0.6656030746413005,0.7257843638547025,0.7442559415597023,0.8154515778019586,0.7401123284501491,0.7120006187855475,0.7257843638547024
101,scCube,sim2,DLPFC_151508train_151510spatial,CCST,151508,151510,0.6714382127952973,0.7220659330642227,0.7482643811347196,0.8156256800870512,0.753331367137659,0.6933179977739047,0.7220659330642227
102,scCube,sim2,DLPFC_151508train_151510spatial,CellCharter,151508,151510,0.5537837404213111,0.6820531095329005,0.6542993806585181,0.8176278563656147,0.727635586016004,0.6422576658270815,0.6820531095329005
103,scCube,sim2,DLPFC_151508train_151510spatial,DeepST,151508,151510,0.5584276802128892,0.6679055410829731,0.6587584029984879,0.8174972796517954,0.7149768266588935,0.6266965858797717,0.6679055410829731
104,scCube,sim2,DLPFC_151508train_151510spatial,GraphST,151508,151510,0.8300633499585206,0.7716980156230385,0.8730592503836043,0.8661588683351468,0.7589198391233908,0.7849138618115279,0.7716980156230384
105,scCube,sim2,DLPFC_151508train_151510spatial,PRECAST,151508,151510,0.313494448586705,0.4641708479389071,0.47294058826228935,0.6648531011969532,0.4783088710939435,0.45084462277088894,0.4641708479389071
106,scCube,sim2,DLPFC_151508train_151510spatial,SEDR,151508,151510,0.5791679428673941,0.7212798009198612,0.675448316194607,0.8562350380848749,0.7678618163451152,0.680130707181953,0.7212798009198612
107,scCube,sim2,DLPFC_151508train_151510spatial,STAGATE,151508,151510,0.6351235014118365,0.673166404910541,0.7197672690930615,0.829727965179543,0.7084295499175932,0.6412477678165838,0.673166404910541
108,scCube,sim2,DLPFC_151508train_151510spatial,SpaGCN,151508,151510,0.331821091216989,0.4885434739468069,0.471637547390357,0.6574537540805223,0.5323095582593947,0.4514274542941469,0.4885434739468069
109,scCube,sim2,DLPFC_151508train_151510spatial,SpaceFlow,151508,151510,0.49953099310879645,0.6368310658678367,0.6119149873024838,0.7876822633297061,0.6737488186086338,0.6041222456715076,0.6368310658678366
110,scCube,sim2,DLPFC_151508train_151510spatial,SpatialMGCN,151508,151510,0.628833494863949,0.6905422360432015,0.7147696801517834,0.8465723612622416,0.7232667893310101,0.6606507744259323,0.6905422360432016
111,scCube,sim2,DLPFC_151508train_151510spatial,stLearn,151508,151510,0.25221863794560606,0.3922271617404006,0.4087744157257799,0.6669858541893362,0.4212665691095744,0.36693389210245886,0.3922271617404006
112,scCube,sim2,DLPFC_151509train_151507spatial,BASS,151509,151507,0.7583465323571964,0.7958931211251671,0.8076414528895082,0.851693911395404,0.7594491906118284,0.8360110500021696,0.7958931211251671
113,scCube,sim2,DLPFC_151509train_151507spatial,Banksy,151509,151507,0.5515382345947347,0.7181389200131043,0.631126349111886,0.7484008528784648,0.7158758324647133,0.7204163614678352,0.7181389200131043
114,scCube,sim2,DLPFC_151509train_151507spatial,BayesSpace,151509,151507,0.645972769377901,0.7490829512923955,0.7121852243280264,0.7969675432362,0.7292783779833394,0.76999319227056,0.7490829512923954
115,scCube,sim2,DLPFC_151509train_151507spatial,CCST,151509,151507,0.7122559916605217,0.7721618274408188,0.7765918438093247,0.829755981994788,0.7332215804968742,0.8158791128475507,0.7721618274408188
116,scCube,sim2,DLPFC_151509train_151507spatial,CellCharter,151509,151507,0.7006918818451262,0.7582241025875267,0.7560863436191608,0.8291400142146411,0.7523827537749973,0.7642286541342644,0.7582241025875266
117,scCube,sim2,DLPFC_151509train_151507spatial,DeepST,151509,151507,0.6882072097862579,0.7867947326779055,0.7424472973031038,0.8200900260601752,0.794480473115047,0.7793315546341982,0.7867947326779055
118,scCube,sim2,DLPFC_151509train_151507spatial,GraphST,151509,151507,0.6072277039374289,0.7246863541858889,0.6752943761810892,0.8085761667851219,0.7318706720358384,0.7176417131493713,0.7246863541858889
119,scCube,sim2,DLPFC_151509train_151507spatial,PRECAST,151509,151507,0.3957539881731806,0.5599577147181483,0.5023218835234875,0.6742478085761668,0.5625152086175504,0.5574233710258482,0.5599577147181483
120,scCube,sim2,DLPFC_151509train_151507spatial,SEDR,151509,151507,0.706940099376788,0.7726928034635914,0.7647565207800648,0.8443022980336412,0.7557569536513858,0.7904100112534416,0.7726928034635914
121,scCube,sim2,DLPFC_151509train_151507spatial,STAGATE,151509,151507,0.6689979373564159,0.7304734354048419,0.7287448534777711,0.8200900260601752,0.726674982582761,0.7345526564105205,0.7304734354048419
122,scCube,sim2,DLPFC_151509train_151507spatial,SpaGCN,151509,151507,0.5346497828239933,0.636395439396722,0.6135674533691288,0.7273158019426677,0.6483120102554533,0.6249090367103275,0.636395439396722
123,scCube,sim2,DLPFC_151509train_151507spatial,SpaceFlow,151509,151507,0.6048989673510239,0.69131148089283,0.6742896672877295,0.8025112532575219,0.6936882974524835,0.6891915561454682,0.69131148089283
124,scCube,sim2,DLPFC_151509train_151507spatial,SpatialMGCN,151509,151507,0.5379878812884648,0.6433872396540158,0.6195209764212221,0.7841743662639185,0.6441248443403811,0.6426513223373342,0.6433872396540158
125,scCube,sim2,DLPFC_151509train_151507spatial,stLearn,151509,151507,0.37154117004656084,0.4750361822962609,0.4915325091669832,0.6523098791755508,0.4624195434269742,0.4883730207956944,0.4750361822962609
126,scCube,sim2,DLPFC_151509train_151508spatial,BASS,151509,151508,0.5884373109580844,0.7231150000775141,0.666189963305,0.8055238530015977,0.7281268999249312,0.7181716251535857,0.7231150000775142
127,scCube,sim2,DLPFC_151509train_151508spatial,Banksy,151509,151508,0.6484202900950845,0.7818474550596701,0.7145446169567902,0.8459255877653504,0.7896131257870369,0.7742330440400095,0.78184745505967
128,scCube,sim2,DLPFC_151509train_151508spatial,BayesSpace,151509,151508,0.5786752383190867,0.6900576758359669,0.6675029907996475,0.7496005478201324,0.672700492981989,0.7083342906639054,0.6900576758359668
129,scCube,sim2,DLPFC_151509train_151508spatial,CCST,151509,151508,0.6945447676559569,0.7393645332846439,0.7612755378005265,0.7979913261812371,0.7186643388322941,0.7616740593608304,0.7393645332846439
130,scCube,sim2,DLPFC_151509train_151508spatial,CellCharter,151509,151508,0.6182942851075874,0.73431648477635,0.6903541208820622,0.7985847979913261,0.7424147167328634,0.7264026114342644,0.73431648477635
131,scCube,sim2,DLPFC_151509train_151508spatial,DeepST,151509,151508,0.6244994066477138,0.752416745592382,0.6942411800793977,0.8113216160693906,0.7685628081512133,0.7369687612193243,0.752416745592382
132,scCube,sim2,DLPFC_151509train_151508spatial,GraphST,151509,151508,0.5777884863134167,0.7020294741290055,0.6571576101006797,0.8059803697785893,0.7083887562001976,0.6957833521262449,0.7020294741290056
133,scCube,sim2,DLPFC_151509train_151508spatial,PRECAST,151509,151508,0.200090193361924,0.3967275060965792,0.3807826049493294,0.5841132161606939,0.3817014354485517,0.4129850900710738,0.3967275060965792
134,scCube,sim2,DLPFC_151509train_151508spatial,SEDR,151509,151508,0.6250328982260195,0.7420258184453881,0.6962072836616693,0.8147911435745264,0.7456823630097065,0.7384100142520016,0.7420258184453881
135,scCube,sim2,DLPFC_151509train_151508spatial,STAGATE,151509,151508,0.5649063851822154,0.6647881856663862,0.6454431752619811,0.8012325952978772,0.6778065063321586,0.6522609418947317,0.6647881856663863
136,scCube,sim2,DLPFC_151509train_151508spatial,SpaGCN,151509,151508,0.48093758761491834,0.6191368531240529,0.575446741020244,0.7486875142661493,0.6355631935919055,0.6035382089521382,0.6191368531240529
137,scCube,sim2,DLPFC_151509train_151508spatial,SpaceFlow,151509,151508,0.5959502147528987,0.7237827890384259,0.6703500275118662,0.8125542113672678,0.7435496943170334,0.7050862560506869,0.7237827890384259
138,scCube,sim2,DLPFC_151509train_151508spatial,SpatialMGCN,151509,151508,0.46793647688425855,0.5793131116867318,0.5680781616294804,0.753024423647569,0.5846619312137522,0.574061273003863,0.5793131116867318
139,scCube,sim2,DLPFC_151509train_151508spatial,stLearn,151509,151508,0.35535932620677074,0.45372230520418205,0.4819419117727423,0.652864642775622,0.4496751406711764,0.4580428160166714,0.45372230520418205
140,scCube,sim2,DLPFC_151509train_151509spatial,BASS,151509,151509,0.4553349148997607,0.6089216274926378,0.5763603166261616,0.7178362573099415,0.6407442571435674,0.5801103853416985,0.6089216274926377
141,scCube,sim2,DLPFC_151509train_151509spatial,Banksy,151509,151509,0.47552035236883744,0.6202824146446313,0.5917300484806283,0.746031746031746,0.6579603818679203,0.5866859625245101,0.6202824146446312
142,scCube,sim2,DLPFC_151509train_151509spatial,BayesSpace,151509,151509,0.4558110527738492,0.6094748599615599,0.5775183936974185,0.7207602339181286,0.6372794231983286,0.5839950970584493,0.60947485996156
143,scCube,sim2,DLPFC_151509train_151509spatial,CCST,151509,151509,0.44852118973119454,0.6330290833361103,0.5815147259859101,0.7395989974937344,0.6346181068437892,0.6315413371831077,0.6330290833361103
144,scCube,sim2,DLPFC_151509train_151509spatial,CellCharter,151509,151509,0.397547293950585,0.5706444295273241,0.5291132340654002,0.7217627401837928,0.6054112518147854,0.5397041273337684,0.5706444295273242
145,scCube,sim2,DLPFC_151509train_151509spatial,DeepST,151509,151509,0.4584845291341332,0.6334389217211756,0.5772142437680187,0.7429824561403509,0.6772807859199231,0.5949840313315532,0.6334389217211756
146,scCube,sim2,DLPFC_151509train_151509spatial,GraphST,151509,151509,0.3979890809985735,0.615118445805333,0.5426908866659337,0.7155388471177945,0.6233108271610251,0.6071386211282832,0.615118445805333
147,scCube,sim2,DLPFC_151509train_151509spatial,PRECAST,151509,151509,0.2037643185020705,0.3771978711977033,0.3850966977582454,0.6211361737677528,0.3873569504373554,0.3675580509729965,0.3771978711977033
148,scCube,sim2,DLPFC_151509train_151509spatial,SEDR,151509,151509,0.4494245770545094,0.5932263473430277,0.5791881847576078,0.7004594820384293,0.6005735712609093,0.5863648430460551,0.5932263473430277
149,scCube,sim2,DLPFC_151509train_151509spatial,STAGATE,151509,151509,0.4929344132961207,0.6222880205761828,0.6068651788268408,0.7509189640768588,0.6469803310188202,0.5994729937420934,0.6222880205761828
150,scCube,sim2,DLPFC_151509train_151509spatial,SpaGCN,151509,151509,0.46627868231328395,0.5890684882775102,0.5843219487221466,0.7096908939014203,0.6230960389728347,0.5585650058838811,0.5890684882775103
151,scCube,sim2,DLPFC_151509train_151509spatial,SpaceFlow,151509,151509,0.4636795687429749,0.5198491970745468,0.5840681897522055,0.7114035087719298,0.5383546093110317,0.5027822839690355,0.5198491970745468
152,scCube,sim2,DLPFC_151509train_151509spatial,SpatialMGCN,151509,151509,0.3783547948351107,0.4868558132683126,0.5165004488092965,0.7011278195488722,0.507056673688454,0.46820286723655047,0.4868558132683126
153,scCube,sim2,DLPFC_151509train_151509spatial,stLearn,151509,151509,0.25517979779689465,0.4025705202252743,0.4180889962687875,0.6684628237259816,0.42129315372933557,0.3854429240797718,0.4025705202252743
154,scCube,sim2,DLPFC_151509train_151510spatial,BASS,151509,151510,0.5840577037826776,0.728277659545867,0.679752830779671,0.7989118607181719,0.7570913058044573,0.7015768036661534,0.728277659545867
155,scCube,sim2,DLPFC_151509train_151510spatial,Banksy,151509,151510,0.5748407393353462,0.6910475710446642,0.6746823713959159,0.8274211099020675,0.711303397720566,0.6719134540011237,0.6910475710446642
156,scCube,sim2,DLPFC_151509train_151510spatial,BayesSpace,151509,151510,0.4984792675848756,0.6532261449125808,0.6119488344555085,0.7545157780195865,0.6802906356258502,0.6282327119475165,0.6532261449125808
157,scCube,sim2,DLPFC_151509train_151510spatial,CCST,151509,151510,0.6486096724268908,0.7229756454292199,0.7327366546267822,0.8270729053318824,0.7336364389446443,0.7126386287129975,0.72297564542922
158,scCube,sim2,DLPFC_151509train_151510spatial,CellCharter,151509,151510,0.46655616465759675,0.632347211886694,0.584715758654313,0.790424374319913,0.6750182539047727,0.5948547096259075,0.6323472118866938
159,scCube,sim2,DLPFC_151509train_151510spatial,DeepST,151509,151510,0.6240162561967858,0.7417165469670941,0.7115752486975545,0.8646354733405875,0.7904794369681377,0.6986363555068271,0.7417165469670942
160,scCube,sim2,DLPFC_151509train_151510spatial,GraphST,151509,151510,0.6433302890392932,0.7461945521959902,0.7267687851034479,0.871164309031556,0.7894722444903272,0.7074151097785732,0.7461945521959902
161,scCube,sim2,DLPFC_151509train_151510spatial,PRECAST,151509,151510,0.3899857773626496,0.5088925109166788,0.5257134127350187,0.679651795429815,0.5316110250284545,0.4880361775006944,0.5088925109166786
162,scCube,sim2,DLPFC_151509train_151510spatial,SEDR,151509,151510,0.7163982123121257,0.756925309468687,0.7851389219653291,0.8563220892274211,0.7646463523898894,0.7509756072302345,0.756925309468687
163,scCube,sim2,DLPFC_151509train_151510spatial,STAGATE,151509,151510,0.7615898449824174,0.7535643114783053,0.8190725445588946,0.8539281828073992,0.7569562021593369,0.7504276161062644,0.7535643114783053
164,scCube,sim2,DLPFC_151509train_151510spatial,SpaGCN,151509,151510,0.5067507612556709,0.6093740414010919,0.6171879750448697,0.7616974972796517,0.6462946446865648,0.5764437792299586,0.609374041401092
165,scCube,sim2,DLPFC_151509train_151510spatial,SpaceFlow,151509,151510,0.5678406725488262,0.6664560843199236,0.6662719674803863,0.8163656147986942,0.7003658136674205,0.6359142624278862,0.6664560843199236
166,scCube,sim2,DLPFC_151509train_151510spatial,SpatialMGCN,151509,151510,0.574571790990478,0.6418476323722621,0.6775565328011723,0.7708378672470076,0.6494917973368199,0.6343813096241024,0.6418476323722621
167,scCube,sim2,DLPFC_151509train_151510spatial,stLearn,151509,151510,0.25886425932130774,0.40722715688406386,0.41905105461129544,0.6707725788900979,0.42989667693817957,0.38682877228540447,0.40722715688406386
168,scCube,sim2,DLPFC_151510train_151507spatial,BASS,151510,151507,0.6097354462035437,0.7427257486618765,0.6815617937212973,0.8066808813077471,0.7242227315664417,0.7621990139581586,0.7427257486618766
169,scCube,sim2,DLPFC_151510train_151507spatial,Banksy,151510,151507,0.7554125047690874,0.791213003565246,0.7999042733155626,0.8426913053778724,0.7862905149451997,0.796197513904631,0.7912130035652462
170,scCube,sim2,DLPFC_151510train_151507spatial,BayesSpace,151510,151507,0.5961338991290597,0.7077874302999898,0.6890906625399692,0.7251836057806207,0.6524635561422184,0.7733626112932181,0.7077874302999897
171,scCube,sim2,DLPFC_151510train_151507spatial,CCST,151510,151507,0.6659873516983139,0.7404678938133628,0.7375906103011313,0.7968727789623312,0.7100793528796201,0.7736014690750352,0.7404678938133628
172,scCube,sim2,DLPFC_151510train_151507spatial,CellCharter,151510,151507,0.6177690658211008,0.7116658950044019,0.6848324926856174,0.7927505330490405,0.7152234451669137,0.7084134662379704,0.7116658950044019
173,scCube,sim2,DLPFC_151510train_151507spatial,DeepST,151510,151507,0.6852299045543744,0.7692937543274333,0.7395969571518712,0.8315091210613599,0.7794707574685574,0.7594191084949344,0.7692937543274332
174,scCube,sim2,DLPFC_151510train_151507spatial,GraphST,151510,151507,0.6001733747586063,0.7234028008968407,0.6691788817257397,0.8095238095238095,0.7302798612650605,0.7166540550242737,0.7234028008968407
175,scCube,sim2,DLPFC_151510train_151507spatial,PRECAST,151510,151507,0.416766809244925,0.55938688582353,0.5201114988654123,0.6614546316038853,0.5576086262971938,0.561176523666461,0.55938688582353
176,scCube,sim2,DLPFC_151510train_151507spatial,SEDR,151510,151507,0.7205272398382385,0.7706995634481185,0.7741105793303885,0.8220326936744847,0.7530981765366251,0.7891991603811517,0.7706995634481185
177,scCube,sim2,DLPFC_151510train_151507spatial,STAGATE,151510,151507,0.5741175673458628,0.6995082262215195,0.6461599761864161,0.7919924188580906,0.7161116089613231,0.6836576240434867,0.6995082262215195
178,scCube,sim2,DLPFC_151510train_151507spatial,SpaGCN,151510,151507,0.4214589646484342,0.5392052873041787,0.5179185143672986,0.6725894337834636,0.5522858933759752,0.5267299603048871,0.5392052873041787
179,scCube,sim2,DLPFC_151510train_151507spatial,SpaceFlow,151510,151507,0.7087490748496125,0.7713733854998741,0.7602706602446709,0.8467661691542288,0.770371973997408,0.7727047425977634,0.7713733854998741
180,scCube,sim2,DLPFC_151510train_151507spatial,SpatialMGCN,151510,151507,0.6509031588237731,0.7394233003815044,0.7163577846612584,0.820184790334044,0.7269348937826347,0.7523482975499309,0.7394233003815045
181,scCube,sim2,DLPFC_151510train_151507spatial,stLearn,151510,151507,0.3127209208296201,0.4147503753858719,0.4394074733135714,0.6027481639421938,0.4069543007655751,0.42298607966212154,0.4147503753858719
182,scCube,sim2,DLPFC_151510train_151508spatial,BASS,151510,151508,0.5295247855607068,0.680873013469072,0.6270917930422898,0.7564482994750057,0.650472306094571,0.714254676626027,0.680873013469072
183,scCube,sim2,DLPFC_151510train_151508spatial,Banksy,151510,151508,0.8436982520265508,0.8274789163992242,0.8740435504130166,0.9032184432777906,0.8326403034708433,0.8223811241300597,0.8274789163992242
184,scCube,sim2,DLPFC_151510train_151508spatial,BayesSpace,151510,151508,0.605576802634872,0.7033053510098942,0.7023937663723593,0.7235790915316138,0.6425869514780372,0.7766957673722852,0.7033053510098943
185,scCube,sim2,DLPFC_151510train_151508spatial,CCST,151510,151508,0.6669407073739795,0.725005914664209,0.7464283750590784,0.7874914403104314,0.6866275687622285,0.7684761817880604,0.7250059146642089
186,scCube,sim2,DLPFC_151510train_151508spatial,CellCharter,151510,151508,0.6387670973362806,0.7112438213097446,0.7079170111874667,0.800273910066195,0.7157045635775187,0.7070027201360208,0.7112438213097446
187,scCube,sim2,DLPFC_151510train_151508spatial,DeepST,151510,151508,0.5906968201528775,0.7221728740121938,0.6663956549242902,0.7917370463364529,0.7411540579817577,0.7041501122267579,0.7221728740121938
188,scCube,sim2,DLPFC_151510train_151508spatial,GraphST,151510,151508,0.5759982282039787,0.7016835521882109,0.6565826536127091,0.7893175074183977,0.7035806009167079,0.6997967058917258,0.7016835521882109
189,scCube,sim2,DLPFC_151510train_151508spatial,PRECAST,151510,151508,0.4262977507927852,0.5623634977167448,0.5357916092969458,0.6904816251997261,0.5619770300527523,0.5627504972887333,0.5623634977167448
190,scCube,sim2,DLPFC_151510train_151508spatial,SEDR,151510,151508,0.6694290721179302,0.7601151326175853,0.7428645524857811,0.8300388039260442,0.738830528554542,0.7833092965754013,0.7601151326175853
191,scCube,sim2,DLPFC_151510train_151508spatial,STAGATE,151510,151508,0.6486653840806881,0.7036920145534069,0.7174079491024641,0.7886327322529103,0.6977763600785917,0.70971890269189,0.7036920145534069
192,scCube,sim2,DLPFC_151510train_151508spatial,SpaGCN,151510,151508,0.46456779725979286,0.5391093872116339,0.5627964995114558,0.6861447158183063,0.5517966379074802,0.5269924498000782,0.5391093872116338
193,scCube,sim2,DLPFC_151510train_151508spatial,SpaceFlow,151510,151508,0.5841745713954709,0.7031475407113942,0.661398231063081,0.7935631134444191,0.7177060510502771,0.689255209955541,0.7031475407113942
194,scCube,sim2,DLPFC_151510train_151508spatial,SpatialMGCN,151510,151508,0.5828079513816837,0.687520239377562,0.6617014337553541,0.811458571102488,0.6884881886027969,0.6865550080212423,0.6875202393775621
195,scCube,sim2,DLPFC_151510train_151508spatial,stLearn,151510,151508,0.33144045035991876,0.41488420104325385,0.4608451642490835,0.6338278931750742,0.4119426752245131,0.4180191530296661,0.41488420104325385
196,scCube,sim2,DLPFC_151510train_151509spatial,BASS,151510,151509,0.6773451434657082,0.7317587657067991,0.7532193764381092,0.8243525480367586,0.7493365825353968,0.7149867223640454,0.7317587657067992
197,scCube,sim2,DLPFC_151510train_151509spatial,Banksy,151510,151509,0.7289563480454871,0.7506969796949475,0.7931532083619082,0.862781954887218,0.768268061256217,0.7339116643049224,0.7506969796949475
198,scCube,sim2,DLPFC_151510train_151509spatial,BayesSpace,151510,151509,0.5089412220932723,0.6240268031336629,0.6209230806664576,0.7422723475355054,0.6454150698856681,0.6040106289598433,0.624026803133663
199,scCube,sim2,DLPFC_151510train_151509spatial,CCST,151510,151509,0.7016866014222158,0.7273228255331536,0.7737868907324363,0.825563909774436,0.7305818957235802,0.7242165722942947,0.7273228255331536
200,scCube,sim2,DLPFC_151510train_151509spatial,CellCharter,151510,151509,0.4802604793828942,0.6360681210907891,0.5953076289533363,0.7758563074352548,0.6798138224044152,0.597626309992319,0.6360681210907893
201,scCube,sim2,DLPFC_151510train_151509spatial,DeepST,151510,151509,0.6536784639741582,0.7632096690058287,0.734792000180842,0.8846282372598162,0.8049474846013019,0.7256222302725851,0.7632096690058287
202,scCube,sim2,DLPFC_151510train_151509spatial,GraphST,151510,151509,0.5129665677423569,0.6552237212405349,0.6278583900067549,0.7518796992481203,0.6585516915373302,0.6519292174088238,0.6552237212405349
203,scCube,sim2,DLPFC_151510train_151509spatial,PRECAST,151510,151509,0.3158904554772523,0.46093963562465917,0.47044389408918635,0.6668755221386801,0.47593576120677816,0.44685966068798144,0.46093963562465917
204,scCube,sim2,DLPFC_151510train_151509spatial,SEDR,151510,151509,0.7975396098150954,0.7790708727090896,0.8472056553001336,0.8744360902255639,0.7750516764511284,0.7832744151378714,0.7790708727090896
205,scCube,sim2,DLPFC_151510train_151509spatial,STAGATE,151510,151509,0.5524343726516132,0.6226560036139511,0.6546116280290639,0.7686716791979951,0.6449593016698281,0.6020349777816357,0.6226560036139511
206,scCube,sim2,DLPFC_151510train_151509spatial,SpaGCN,151510,151509,0.4324660026924804,0.534942182716872,0.5566223537206094,0.7291144527986633,0.568386671026928,0.505214796058893,0.534942182716872
207,scCube,sim2,DLPFC_151510train_151509spatial,SpaceFlow,151510,151509,0.5159548840388533,0.6489539039483342,0.6242525953395708,0.7845864661654136,0.6930348890609059,0.6101919009476023,0.6489539039483342
208,scCube,sim2,DLPFC_151510train_151509spatial,SpatialMGCN,151510,151509,0.4542673550849538,0.5650175715342391,0.5801249429031714,0.7211779448621554,0.5772755654143013,0.5532693312096608,0.565017571534239
209,scCube,sim2,DLPFC_151510train_151509spatial,stLearn,151510,151509,0.23505492431923525,0.38228100667656745,0.39491471667871025,0.6390977443609023,0.4076954079232423,0.3598492327023234,0.38228100667656745
210,scCube,sim2,DLPFC_151510train_151510spatial,BASS,151510,151510,0.3207693548980451,0.5147625816151513,0.4688842914608311,0.6600652883569097,0.5445630065716116,0.4880545029984395,0.5147625816151513
211,scCube,sim2,DLPFC_151510train_151510spatial,Banksy,151510,151510,0.5125059572830442,0.6439497838250672,0.6217907158247369,0.7730141458106637,0.6829159894670679,0.6091902622997326,0.6439497838250672
212,scCube,sim2,DLPFC_151510train_151510spatial,BayesSpace,151510,151510,0.3551995641890169,0.5424058774741543,0.5008938131280988,0.6752992383025027,0.5619977578556992,0.5241339716989252,0.5424058774741544
213,scCube,sim2,DLPFC_151510train_151510spatial,CCST,151510,151510,0.47572479919435817,0.628408365515335,0.6016895960708721,0.739804134929271,0.6360725027622015,0.6221247301677906,0.628408365515335
214,scCube,sim2,DLPFC_151510train_151510spatial,CellCharter,151510,151510,0.37361516558009233,0.5513487911003951,0.5077055181275665,0.6985418933623504,0.5944220269912901,0.5141357119762675,0.5513487911003951
215,scCube,sim2,DLPFC_151510train_151510spatial,DeepST,151510,151510,0.4888068997257621,0.6547108719973502,0.6025232768029158,0.7939064200217627,0.6987797277253553,0.6159343626032694,0.6547108719973502
216,scCube,sim2,DLPFC_151510train_151510spatial,GraphST,151510,151510,0.3827774419206535,0.5727853475758168,0.5162043939747881,0.7125136017410229,0.6100609217834002,0.5398026517741633,0.5727853475758167
217,scCube,sim2,DLPFC_151510train_151510spatial,PRECAST,151510,151510,0.304127126909103,0.47563566150537345,0.46496930022887784,0.6309031556039173,0.4859505161943326,0.4657495944510016,0.47563566150537345
218,scCube,sim2,DLPFC_151510train_151510spatial,SEDR,151510,151510,0.505584580954244,0.610321371856854,0.6213022049180383,0.7393253536452666,0.6214753920929211,0.5996122362944373,0.610321371856854
219,scCube,sim2,DLPFC_151510train_151510spatial,STAGATE,151510,151510,0.4466503309745902,0.5797764180857004,0.5693778306794599,0.7479434167573449,0.6125962308998119,0.5504156973806509,0.5797764180857004
220,scCube,sim2,DLPFC_151510train_151510spatial,SpaGCN,151510,151510,0.4084919483976262,0.5290766893725659,0.5365775306863546,0.6887921653971708,0.5674303354989108,0.4955795670758486,0.5290766893725658
221,scCube,sim2,DLPFC_151510train_151510spatial,SpaceFlow,151510,151510,0.36364207030044027,0.4645660121304528,0.5016730378238581,0.6951033732317737,0.49313951818932295,0.43913349252326606,0.4645660121304528
222,scCube,sim2,DLPFC_151510train_151510spatial,SpatialMGCN,151510,151510,0.3889280059806396,0.5389564368216306,0.5283672499192278,0.7038084874863982,0.5535038849158729,0.5251540912692071,0.5389564368216305
223,scCube,sim2,DLPFC_151510train_151510spatial,stLearn,151510,151510,0.22275592553646342,0.37364727386579133,0.3845162842940499,0.6270293797606094,0.4001962184837039,0.3504018242422375,0.37364727386579133
224,scCube,sim2,DLPFC_151669train_151669spatial,BASS,151669,151669,0.2596998875296183,0.4568704793075217,0.49169972634453074,0.7205720572057206,0.5114840512237019,0.41279446174778067,0.4568704793075217
225,scCube,sim2,DLPFC_151669train_151669spatial,Banksy,151669,151669,0.4149294503696249,0.5775995584056598,0.606166482019364,0.8165566556655666,0.6445480966279128,0.5232501149663086,0.5775995584056597
226,scCube,sim2,DLPFC_151669train_151669spatial,BayesSpace,151669,151669,0.47439255623126025,0.6007496416070689,0.651805670132802,0.8154565456545655,0.6546925674796082,0.5550192291606506,0.6007496416070688
227,scCube,sim2,DLPFC_151669train_151669spatial,CCST,151669,151669,0.3303168392090497,0.5290684386263351,0.5532654974311466,0.7632563256325632,0.5641088378826424,0.4983802410191462,0.5290684386263351
228,scCube,sim2,DLPFC_151669train_151669spatial,CellCharter,151669,151669,0.23547561537041756,0.4164356162974883,0.47110166152864624,0.7248074807480748,0.4690464638775473,0.37446084043199596,0.4164356162974883
229,scCube,sim2,DLPFC_151669train_151669spatial,DeepST,151669,151669,0.4818508155482794,0.6035671184583995,0.6643678287407206,0.7826732673267326,0.6255693403456944,0.5858975152499714,0.6035671184583995
230,scCube,sim2,DLPFC_151669train_151669spatial,GraphST,151669,151669,0.4097539906546378,0.602670940896353,0.6000024087641908,0.8195819581958196,0.684941563879116,0.5380446033456473,0.602670940896353
231,scCube,sim2,DLPFC_151669train_151669spatial,PRECAST,151669,151669,0.1976763276865196,0.2804090992709191,0.45688678839609353,0.643014301430143,0.3052684054911223,0.259293708413327,0.2804090992709191
232,scCube,sim2,DLPFC_151669train_151669spatial,SEDR,151669,151669,0.3471225824944887,0.5253601529431161,0.565591385843276,0.7685918591859185,0.5648392258758146,0.4914749005297624,0.5253601529431162
233,scCube,sim2,DLPFC_151669train_151669spatial,STAGATE,151669,151669,0.35273192387169877,0.39625832474176914,0.5711361499207841,0.7066006600660065,0.4212261295174664,0.3742891347175493,0.3962583247417691
234,scCube,sim2,DLPFC_151669train_151669spatial,SpaGCN,151669,151669,0.2992622920751454,0.4450342714167917,0.5154536484665373,0.7472497249724972,0.5076456840767504,0.3961717064878263,0.4450342714167917
235,scCube,sim2,DLPFC_151669train_151669spatial,SpaceFlow,151669,151669,0.37767398027497096,0.522462705093633,0.5819933907262099,0.7671617161716171,0.5736549891389731,0.47980084147291374,0.522462705093633
236,scCube,sim2,DLPFC_151669train_151669spatial,SpatialMGCN,151669,151669,0.3405481562172434,0.3730285151778933,0.555621758683088,0.6991199119911992,0.4097073628639382,0.3423773530958392,0.3730285151778933
237,scCube,sim2,DLPFC_151669train_151669spatial,stLearn,151669,151669,0.13429216071525665,0.20483387796033942,0.39773388008529015,0.6522002200220023,0.22920183904186367,0.18514978439876373,0.20483387796033936
238,scCube,sim2,DLPFC_151669train_151670spatial,BASS,151669,151670,0.3947294325047962,0.5744106334954039,0.6130547278614134,0.8381171067738233,0.6393309143164465,0.5214594991692002,0.5744106334954039
239,scCube,sim2,DLPFC_151669train_151670spatial,Banksy,151669,151670,0.4929311352728668,0.6437236549488808,0.6797009858711892,0.8662456946039037,0.7228190320787259,0.5802311367063994,0.6437236549488808
240,scCube,sim2,DLPFC_151669train_151670spatial,BayesSpace,151669,151670,0.294867015862603,0.48596529905516295,0.5476496110224361,0.784443168771527,0.5364516591692559,0.4441642599590613,0.48596529905516295
241,scCube,sim2,DLPFC_151669train_151670spatial,CCST,151669,151670,0.4201663135812123,0.5851161846763311,0.6333023222135703,0.8359931113662457,0.6412463245509123,0.5380618188813262,0.5851161846763311
242,scCube,sim2,DLPFC_151669train_151670spatial,CellCharter,151669,151670,0.29196721971704087,0.45993889691732254,0.5279285368403629,0.7877152698048221,0.5403129800126463,0.4003993041375849,0.45993889691732254
243,scCube,sim2,DLPFC_151669train_151670spatial,DeepST,151669,151670,0.46142060329916995,0.6323732440316387,0.6527507061483512,0.8579219288174512,0.7268568839566358,0.5612373166101001,0.6323732440316387
244,scCube,sim2,DLPFC_151669train_151670spatial,GraphST,151669,151670,0.6015147356678898,0.6728312595168089,0.7552146938251157,0.8671067738231917,0.7402272549419333,0.6166836282200796,0.6728312595168088
245,scCube,sim2,DLPFC_151669train_151670spatial,PRECAST,151669,151670,0.23334828015872516,0.2873248783979872,0.49933427629383226,0.702353616532721,0.324404222801007,0.2578523958614254,0.2873248783979872
246,scCube,sim2,DLPFC_151669train_151670spatial,SEDR,151669,151670,0.4928363513896953,0.5689365960612507,0.6853741251395544,0.8160734787600459,0.5979419452642659,0.5437220737690828,0.5689365960612507
247,scCube,sim2,DLPFC_151669train_151670spatial,STAGATE,151669,151670,0.616484493506025,0.5481157948657028,0.76985183841374,0.8148105625717565,0.5793268806595708,0.5200999207092878,0.5481157948657028
248,scCube,sim2,DLPFC_151669train_151670spatial,SpaGCN,151669,151670,0.331879541083839,0.4936710494038425,0.5572444286785763,0.8197474167623421,0.5818005769212236,0.42872845905790075,0.4936710494038426
249,scCube,sim2,DLPFC_151669train_151670spatial,SpaceFlow,151669,151670,0.40362917976031837,0.5133884225101454,0.6167727659499354,0.804190585533869,0.5833234381903766,0.4586441040697252,0.5133884225101454
250,scCube,sim2,DLPFC_151669train_151670spatial,SpatialMGCN,151669,151670,0.3489555203122351,0.3634658887530113,0.5824094825921895,0.7531572904707233,0.4078671701401827,0.3277827648325608,0.3634658887530112
251,scCube,sim2,DLPFC_151669train_151670spatial,stLearn,151669,151670,0.14869021504280286,0.22539899426080567,0.42357092985327355,0.7050516647531573,0.2627522850365622,0.1973456894616053,0.22539899426080573
252,scCube,sim2,DLPFC_151669train_151671spatial,BASS,151669,151671,0.6253669277053883,0.7172244172862369,0.729368424514432,0.8946982653310529,0.7571743240410562,0.6812788927545631,0.717224417286237
253,scCube,sim2,DLPFC_151669train_151671spatial,Banksy,151669,151671,0.6815328640330744,0.7473646982723655,0.7714199474068398,0.8922550696310776,0.7789673715493641,0.7182262881756493,0.7473646982723654
254,scCube,sim2,DLPFC_151669train_151671spatial,BayesSpace,151669,151671,0.6263660431585135,0.6876811023992656,0.7336717063479201,0.8084534571219155,0.6894787443645359,0.6858928098539933,0.6876811023992655
255,scCube,sim2,DLPFC_151669train_151671spatial,CCST,151669,151671,0.5023314181526749,0.6436551595240744,0.6505654322506234,0.7594429513804055,0.6383731118676361,0.6495339666363199,0.6436551595240743
256,scCube,sim2,DLPFC_151669train_151671spatial,CellCharter,151669,151671,0.49137349646875006,0.6217767857992026,0.6273380388572075,0.8114830197898852,0.6647161015865275,0.5840560133565578,0.6217767857992026
257,scCube,sim2,DLPFC_151669train_151671spatial,DeepST,151669,151671,0.700686639554027,0.7572717584608555,0.7847400289144273,0.9006107989249938,0.7875336824767512,0.730068799267225,0.7572717584608555
258,scCube,sim2,DLPFC_151669train_151671spatial,GraphST,151669,151671,0.7898487624211958,0.7956184486740132,0.8506990797761633,0.9113119960908869,0.8174674947383499,0.7749069491507345,0.795618448674013
259,scCube,sim2,DLPFC_151669train_151671spatial,PRECAST,151669,151671,0.3895262030679653,0.4399132472472278,0.5579672306417021,0.662594673833374,0.4555541921451482,0.4253106796077611,0.4399132472472278
260,scCube,sim2,DLPFC_151669train_151671spatial,SEDR,151669,151671,0.7824572322037967,0.7545947279564624,0.8475476438143318,0.881211825067188,0.7426417389399711,0.7684045023712306,0.7545947279564624
261,scCube,sim2,DLPFC_151669train_151671spatial,STAGATE,151669,151671,0.780111153914482,0.7476446380458859,0.8442112227935705,0.9003176154409968,0.7609651971019267,0.7347826541759279,0.7476446380458859
262,scCube,sim2,DLPFC_151669train_151671spatial,SpaGCN,151669,151671,0.5831583754669452,0.6574128617634053,0.6976651936114855,0.8675787930613243,0.6949756325513375,0.623702344298534,0.6574128617634053
263,scCube,sim2,DLPFC_151669train_151671spatial,SpaceFlow,151669,151671,0.6234074614264402,0.688616401543532,0.7310181822153828,0.7752748595162473,0.695385133587181,0.6843711680435256,0.688616401543532
264,scCube,sim2,DLPFC_151669train_151671spatial,SpatialMGCN,151669,151671,0.3335735285203008,0.3856221311555838,0.507872667161799,0.653799169313462,0.411303024376401,0.3629596935348966,0.3856221311555838
265,scCube,sim2,DLPFC_151669train_151671spatial,stLearn,151669,151671,0.22620723436326276,0.31044221461156407,0.44170689615242553,0.6154898607378451,0.31824324014966343,0.3030146393265383,0.31044221461156407
266,scCube,sim2,DLPFC_151669train_151672spatial,BASS,151669,151672,0.8137088177675287,0.7926449504570637,0.8682090617032617,0.8809156378600823,0.7525380157826821,0.8372675954973456,0.7926449504570637
267,scCube,sim2,DLPFC_151669train_151672spatial,Banksy,151669,151672,0.7889353227981475,0.7989258423093306,0.846742833529035,0.9032921810699589,0.7835180765720484,0.8149517464615418,0.7989258423093306
268,scCube,sim2,DLPFC_151669train_151672spatial,BayesSpace,151669,151672,0.6543250497846717,0.7204259204544223,0.7462606962364197,0.8029835390946503,0.7078870379365549,0.7334170183799864,0.7204259204544223
269,scCube,sim2,DLPFC_151669train_151672spatial,CCST,151669,151672,0.7473072242263069,0.7534656408607344,0.820154869077732,0.8334362139917696,0.7270166631749536,0.78424837901903,0.7534656408607343
270,scCube,sim2,DLPFC_151669train_151672spatial,CellCharter,151669,151672,0.5865781326173389,0.6516349058673393,0.6896327219413078,0.7835905349794239,0.6744298426584383,0.6304784002754265,0.6516349058673394
271,scCube,sim2,DLPFC_151669train_151672spatial,DeepST,151669,151672,0.874099336470158,0.8338634124353568,0.9073977734258764,0.9239711934156378,0.8383491005096684,0.829514023124157,0.8338634124353568
272,scCube,sim2,DLPFC_151669train_151672spatial,GraphST,151669,151672,0.7949385740512485,0.776547304044674,0.8487600972840472,0.8621399176954732,0.7825521640591523,0.770633898021962,0.776547304044674
273,scCube,sim2,DLPFC_151669train_151672spatial,PRECAST,151669,151672,0.3517308970003365,0.3970962093386586,0.529701195122703,0.6435185185185185,0.3906017777704276,0.40381025473001203,0.3970962093386586
274,scCube,sim2,DLPFC_151669train_151672spatial,SEDR,151669,151672,0.7915792701253522,0.7565620796759411,0.8491121093950793,0.8597222222222222,0.7412917211723179,0.772733608150072,0.7565620796759411
275,scCube,sim2,DLPFC_151669train_151672spatial,STAGATE,151669,151672,0.6621866374924278,0.7106364010295675,0.749652514716544,0.8506687242798353,0.717128806316639,0.704787051091045,0.7106364010295675
276,scCube,sim2,DLPFC_151669train_151672spatial,SpaGCN,151669,151672,0.6079565884429201,0.6088311320441832,0.7058346661570636,0.7998971193415638,0.6329365336279612,0.5864944771853091,0.608831132044183
277,scCube,sim2,DLPFC_151669train_151672spatial,SpaceFlow,151669,151672,0.8525784580157849,0.8280532242291094,0.8911201989412815,0.9189300411522634,0.8413820644434757,0.815179876242637,0.8280532242291094
278,scCube,sim2,DLPFC_151669train_151672spatial,SpatialMGCN,151669,151672,0.2857894933968737,0.3544136865076361,0.45990476459677876,0.6306584362139918,0.3668837088566613,0.3427634871606991,0.3544136865076361
279,scCube,sim2,DLPFC_151669train_151672spatial,stLearn,151669,151672,0.22080304373700593,0.29370910320614796,0.41956369538338845,0.5523662551440329,0.298068787517478,0.28947527545611396,0.29370910320614796
280,scCube,sim2,DLPFC_151670train_151669spatial,BASS,151670,151669,0.4680512646108398,0.5924084729769459,0.6511945001539723,0.7733773377337734,0.6302519279891989,0.5588522114514388,0.592408472976946
281,scCube,sim2,DLPFC_151670train_151669spatial,Banksy,151670,151669,0.633107464111428,0.669727536607698,0.7639985585110248,0.8248074807480748,0.7175852523500736,0.6278542274156518,0.669727536607698
282,scCube,sim2,DLPFC_151670train_151669spatial,BayesSpace,151670,151669,0.45827541813793393,0.6088640414192498,0.6441724523592587,0.7764026402640264,0.6470179594816438,0.5749593388054812,0.6088640414192498
283,scCube,sim2,DLPFC_151670train_151669spatial,CCST,151670,151669,0.38357084293281274,0.5650563154446313,0.5935092699336206,0.7694169416941694,0.5958396239513212,0.5373257026969432,0.5650563154446313
284,scCube,sim2,DLPFC_151670train_151669spatial,CellCharter,151670,151669,0.373481177885951,0.5231088467135226,0.5763328999575054,0.7649064906490649,0.5826789900046251,0.47461724293315666,0.5231088467135226
285,scCube,sim2,DLPFC_151670train_151669spatial,DeepST,151670,151669,0.5344567934217117,0.6771470392810953,0.6942787775267902,0.8559955995599561,0.7414150783816135,0.6235945251300412,0.6771470392810954
286,scCube,sim2,DLPFC_151670train_151669spatial,GraphST,151670,151669,0.7548533047655911,0.7301953908100544,0.8456518945712477,0.8718371837183717,0.7638661459185815,0.6993676884759339,0.7301953908100544
287,scCube,sim2,DLPFC_151670train_151669spatial,PRECAST,151670,151669,0.3622402179984804,0.3574296509986136,0.5715165962256918,0.6971947194719472,0.3938038146436225,0.3272068007524796,0.3574296509986136
288,scCube,sim2,DLPFC_151670train_151669spatial,SEDR,151670,151669,0.5507112039591052,0.6252553270540319,0.7079193599755004,0.7951595159515952,0.6618315407406989,0.5938070044106076,0.6252553270540319
289,scCube,sim2,DLPFC_151670train_151669spatial,STAGATE,151670,151669,0.6533804052312397,0.5948029240932887,0.7809491458300915,0.7932343234323432,0.6170795297877989,0.5741054029754651,0.5948029240932887
290,scCube,sim2,DLPFC_151670train_151669spatial,SpaGCN,151670,151669,0.3145032223337261,0.40990727382180137,0.5289525254687263,0.7555005500550055,0.4650900630090379,0.3664304201244842,0.40990727382180137
291,scCube,sim2,DLPFC_151670train_151669spatial,SpaceFlow,151670,151669,0.5317860289429495,0.6539888809158796,0.6941341846168816,0.8167766776677668,0.7006312626986875,0.613646299690829,0.6539888809158796
292,scCube,sim2,DLPFC_151670train_151669spatial,SpatialMGCN,151670,151669,0.3773760864147712,0.4005062139336049,0.5890123551193336,0.7117711771177118,0.4256171649535725,0.3781932239849818,0.4005062139336048
293,scCube,sim2,DLPFC_151670train_151669spatial,stLearn,151670,151669,0.15541832514362586,0.2423600967980029,0.40823516388292314,0.6372937293729374,0.2748759974756096,0.21672326052102467,0.24236009679800286
294,scCube,sim2,DLPFC_151670train_151670spatial,BASS,151670,151670,0.2284649267324638,0.42571248894367175,0.48201062331551314,0.7614810562571757,0.4983380914681944,0.3715625905577636,0.42571248894367175
295,scCube,sim2,DLPFC_151670train_151670spatial,Banksy,151670,151670,0.402568810229549,0.541431608421451,0.613279949718628,0.8412743972445466,0.625162307947123,0.4774805652590205,0.541431608421451
296,scCube,sim2,DLPFC_151670train_151670spatial,BayesSpace,151670,151670,0.44136197944225036,0.5460937651097353,0.6436011098532551,0.82548794489093,0.6165190554803717,0.490108426254077,0.5460937651097352
297,scCube,sim2,DLPFC_151670train_151670spatial,CCST,151670,151670,0.34367135921801373,0.49044806765944954,0.5814021340903028,0.7935706084959817,0.5342987789808458,0.453305125905175,0.49044806765944954
298,scCube,sim2,DLPFC_151670train_151670spatial,CellCharter,151670,151670,0.17558300032394905,0.354315337706722,0.4427081982444636,0.7458094144661309,0.414992789941078,0.30914800239671825,0.354315337706722
299,scCube,sim2,DLPFC_151670train_151670spatial,DeepST,151670,151670,0.40943493078516413,0.5548120782803208,0.6162769146163207,0.8324913892078071,0.6362911128286498,0.4926376948228855,0.5548120782803208
300,scCube,sim2,DLPFC_151670train_151670spatial,GraphST,151670,151670,0.4588488900711229,0.5543122089478917,0.6557402539477475,0.8381171067738233,0.6274074102888383,0.49647150736289253,0.5543122089478917
301,scCube,sim2,DLPFC_151670train_151670spatial,PRECAST,151670,151670,0.3414645908755245,0.382126027700604,0.5717885009892542,0.7442594718714122,0.43667114139004576,0.339694395178078,0.382126027700604
302,scCube,sim2,DLPFC_151670train_151670spatial,SEDR,151670,151670,0.3212716355629186,0.47732662786135516,0.5573922796737232,0.8002870264064293,0.5436295089407321,0.425744731888653,0.4773266278613552
303,scCube,sim2,DLPFC_151670train_151670spatial,STAGATE,151670,151670,0.40808139863457554,0.5008769392784271,0.6187425980918901,0.8172789896670494,0.5737478728002683,0.44443091996487755,0.5008769392784271
304,scCube,sim2,DLPFC_151670train_151670spatial,SpaGCN,151670,151670,0.1787555686352508,0.3838261441869853,0.43783564455315177,0.7623421354764638,0.4575468224553009,0.3305649835700904,0.3838261441869854
305,scCube,sim2,DLPFC_151670train_151670spatial,SpaceFlow,151670,151670,0.29633679859983614,0.3931601438879231,0.5351795449533447,0.7346153846153847,0.4567086078258408,0.3451880167208575,0.39316014388792314
306,scCube,sim2,DLPFC_151670train_151670spatial,SpatialMGCN,151670,151670,0.3103051842846882,0.4096428955596201,0.5512878255375193,0.7597588978185993,0.46213023689368915,0.3678622269739109,0.40964289555961997
307,scCube,sim2,DLPFC_151670train_151670spatial,stLearn,151670,151670,0.13647125654175404,0.23758750683493193,0.4091215943169785,0.6925947187141217,0.28077285392757423,0.20591586917091864,0.23758750683493193
308,scCube,sim2,DLPFC_151670train_151671spatial,BASS,151670,151671,0.4905548842028066,0.6514546886105683,0.6309766967260279,0.7488394820425116,0.679797818524093,0.625380409312355,0.6514546886105682
309,scCube,sim2,DLPFC_151670train_151671spatial,Banksy,151670,151671,0.577815584667887,0.7105925084468365,0.6936689948911533,0.8915221109210847,0.7499354910309018,0.6751717670751044,0.7105925084468364
310,scCube,sim2,DLPFC_151670train_151671spatial,BayesSpace,151670,151671,0.5577553467826041,0.6610264670339417,0.6814290965414975,0.7933056437820669,0.6752304582953601,0.647407747854254,0.6610264670339417
311,scCube,sim2,DLPFC_151670train_151671spatial,CCST,151670,151671,0.6342381761699141,0.7151318182097861,0.7370408745226236,0.8797459076472025,0.740305529944824,0.6916442336861113,0.7151318182097861
312,scCube,sim2,DLPFC_151670train_151671spatial,CellCharter,151670,151671,0.6323926796175968,0.6552575388201352,0.7349476833178068,0.8217444417297826,0.6823556793870835,0.6309045439887269,0.6552575388201352
313,scCube,sim2,DLPFC_151670train_151671spatial,DeepST,151670,151671,0.7365103205630759,0.7734628732364268,0.8115051859285206,0.881602736379184,0.7958719160298886,0.7528103986431892,0.7734628732364268
314,scCube,sim2,DLPFC_151670train_151671spatial,GraphST,151670,151671,0.8433121259425047,0.795691902152719,0.8898467816395023,0.9020278524309797,0.7969900503240677,0.7943979759871022,0.7956919021527191
315,scCube,sim2,DLPFC_151670train_151671spatial,PRECAST,151670,151671,0.516417169777338,0.5187626031345872,0.6508361430714903,0.7627656975323723,0.5390062971832821,0.4999844688718994,0.5187626031345873
316,scCube,sim2,DLPFC_151670train_151671spatial,SEDR,151670,151671,0.7442253890088001,0.7326976596188294,0.8197368147486674,0.877204984119228,0.7295318876485526,0.7366708062813285,0.7326976596188294
317,scCube,sim2,DLPFC_151670train_151671spatial,STAGATE,151670,151671,0.7565493706848512,0.7606768885562396,0.8275608003226388,0.8956755436110433,0.7807949776583034,0.7422504686433403,0.7606768885562396
318,scCube,sim2,DLPFC_151670train_151671spatial,SpaGCN,151670,151671,0.4340294667858576,0.5010164104964291,0.5837975236895739,0.7647202540923528,0.5358031433419629,0.47047131190543945,0.5010164104964291
319,scCube,sim2,DLPFC_151670train_151671spatial,SpaceFlow,151670,151671,0.7177989734301161,0.7654835124889612,0.7979622139680835,0.8658196921573419,0.7897124176028012,0.7427979982640176,0.7654835124889612
320,scCube,sim2,DLPFC_151670train_151671spatial,SpatialMGCN,151670,151671,0.40735617809439956,0.537195509221118,0.5727428982347524,0.7290495968727095,0.5533021899880621,0.5220000371783524,0.5371955092211181
321,scCube,sim2,DLPFC_151670train_151671spatial,stLearn,151670,151671,0.2300857745914954,0.2904007329282074,0.4300370519251989,0.625897874419741,0.3088059785355025,0.27406616215537105,0.29040073292820734
322,scCube,sim2,DLPFC_151670train_151672spatial,BASS,151670,151672,0.653771288679776,0.6872045293603978,0.7511117858055597,0.7242798353909465,0.6576241993521725,0.719571275942706,0.6872045293603979
323,scCube,sim2,DLPFC_151670train_151672spatial,Banksy,151670,151672,0.8644133906591345,0.826230767961961,0.9003048434011062,0.9254115226337449,0.828168811775088,0.8243017736195046,0.826230767961961
324,scCube,sim2,DLPFC_151670train_151672spatial,BayesSpace,151670,151672,0.5878421674856429,0.67798551416284,0.6953980070741409,0.7844650205761317,0.6720606475880123,0.684015776799342,0.67798551416284
325,scCube,sim2,DLPFC_151670train_151672spatial,CCST,151670,151672,0.6662996860840321,0.7306483002740396,0.7510198517965054,0.8670267489711934,0.7471598498416696,0.714869428519002,0.7306483002740396
326,scCube,sim2,DLPFC_151670train_151672spatial,CellCharter,151670,151672,0.6713981393250056,0.7004853620408992,0.7543911107139729,0.8318415637860083,0.7172607420079938,0.6850716275670742,0.7004853620408993
327,scCube,sim2,DLPFC_151670train_151672spatial,DeepST,151670,151672,0.6955554404567156,0.7364603307537679,0.7725507346480397,0.8535493827160494,0.7605378582945852,0.7139454420861439,0.7364603307537679
328,scCube,sim2,DLPFC_151670train_151672spatial,GraphST,151670,151672,0.8636490238989513,0.8255691617598704,0.9001113274022998,0.9189814814814816,0.8216822255476639,0.8294930467618651,0.8255691617598704
329,scCube,sim2,DLPFC_151670train_151672spatial,PRECAST,151670,151672,0.4117490235841843,0.4345608171377327,0.5633217861548235,0.6242283950617284,0.4407866244283613,0.4285084308692936,0.4345608171377327
330,scCube,sim2,DLPFC_151670train_151672spatial,SEDR,151670,151672,0.7709788251298048,0.7325670134915205,0.8344834632187969,0.8480452674897119,0.717683734903672,0.7484728633022687,0.7325670134915205
331,scCube,sim2,DLPFC_151670train_151672spatial,STAGATE,151670,151672,0.6264773102872956,0.6944352975679567,0.7205830235876778,0.8516460905349794,0.7127522411740552,0.677036240695247,0.6944352975679567
332,scCube,sim2,DLPFC_151670train_151672spatial,SpaGCN,151670,151672,0.48530619954913334,0.517428309885832,0.6120171280741364,0.7412551440329218,0.5380284812938723,0.498347455684269,0.517428309885832
333,scCube,sim2,DLPFC_151670train_151672spatial,SpaceFlow,151670,151672,0.7859040850313155,0.7861674729037966,0.8423009157697529,0.881738683127572,0.7849226591612007,0.7876395814757742,0.7861674729037966
334,scCube,sim2,DLPFC_151670train_151672spatial,SpatialMGCN,151670,151672,0.605257970150464,0.5345201350767601,0.7126714085317756,0.6939300411522634,0.5278495561402395,0.5413614677285863,0.5345201350767602
335,scCube,sim2,DLPFC_151670train_151672spatial,stLearn,151670,151672,0.21462279858859484,0.27261400548876064,0.40577454501129556,0.5791152263374485,0.28254104775639605,0.26336283084711437,0.27261400548876064
336,scCube,sim2,DLPFC_151671train_151669spatial,BASS,151671,151669,0.5229427362567985,0.6842483192611271,0.6857344013281013,0.8798129812981298,0.748905982402806,0.629867942784943,0.6842483192611272
337,scCube,sim2,DLPFC_151671train_151669spatial,Banksy,151671,151669,0.5623742237954924,0.6923590209166621,0.7163070673136185,0.8814631463146314,0.73975781734717,0.650668480921373,0.6923590209166621
338,scCube,sim2,DLPFC_151671train_151669spatial,BayesSpace,151671,151669,0.5342886524092094,0.6148057288260207,0.7092600680062987,0.7755775577557755,0.603959283620534,0.6260488788943125,0.6148057288260208
339,scCube,sim2,DLPFC_151671train_151669spatial,CCST,151671,151669,0.4002929211692144,0.5909540360337491,0.6052224255501065,0.7865786578657865,0.6208155367689859,0.563930411101663,0.5909540360337491
340,scCube,sim2,DLPFC_151671train_151669spatial,CellCharter,151671,151669,0.3765330639067036,0.5334301500761287,0.5781975453254147,0.7931793179317932,0.5953805662268177,0.48320213439950327,0.5334301500761287
341,scCube,sim2,DLPFC_151671train_151669spatial,DeepST,151671,151669,0.4284430575792014,0.6106923198256552,0.614424648659084,0.8209020902090209,0.6871460854758971,0.5496498895126573,0.6106923198256552
342,scCube,sim2,DLPFC_151671train_151669spatial,GraphST,151671,151669,0.6914439015943963,0.7380238979547119,0.803578928203607,0.8811881188118813,0.7810568784450777,0.6994851783505958,0.738023897954712
343,scCube,sim2,DLPFC_151671train_151669spatial,PRECAST,151671,151669,0.311156512274586,0.3653280927191933,0.5453531729067578,0.7274477447744775,0.3933247740707518,0.3410521531272257,0.3653280927191933
344,scCube,sim2,DLPFC_151671train_151669spatial,SEDR,151671,151669,0.5861529956509584,0.6555191428445307,0.7315115069028512,0.849064906490649,0.6945506369486241,0.6225546478376964,0.6555191428445306
345,scCube,sim2,DLPFC_151671train_151669spatial,STAGATE,151671,151669,0.5791052343818825,0.5957215766073267,0.7319843612553697,0.8305280528052805,0.6194249099995217,0.5739315990187102,0.5957215766073267
346,scCube,sim2,DLPFC_151671train_151669spatial,SpaGCN,151671,151669,0.3047757287130411,0.3988764616770429,0.5222503305133352,0.7208470847084708,0.4507312961157067,0.3577219776507364,0.398876461677043
347,scCube,sim2,DLPFC_151671train_151669spatial,SpaceFlow,151671,151669,0.46095437663994865,0.6270089080524689,0.6423010996235636,0.8043454345434544,0.6850463788527998,0.5781571644608199,0.6270089080524689
348,scCube,sim2,DLPFC_151671train_151669spatial,SpatialMGCN,151671,151669,0.2603450437947849,0.3293752007688781,0.4946141257150245,0.6606160616061606,0.364993644101162,0.300090433055535,0.329375200768878
349,scCube,sim2,DLPFC_151671train_151669spatial,stLearn,151671,151669,0.12879049773164536,0.23292925811920587,0.40607868002660624,0.668976897689769,0.254266731329193,0.21490039190613772,0.23292925811920587
350,scCube,sim2,DLPFC_151671train_151670spatial,BASS,151671,151670,0.5871861133039602,0.6646323014230702,0.7467335155292212,0.8955223880597016,0.7238070082446253,0.6144019820885742,0.6646323014230703
351,scCube,sim2,DLPFC_151671train_151670spatial,Banksy,151671,151670,0.558152594208193,0.6974753815342671,0.7265424854550886,0.9222158438576349,0.7679546109161158,0.6388452010230937,0.6974753815342671
352,scCube,sim2,DLPFC_151671train_151670spatial,BayesSpace,151671,151670,0.3694988087106716,0.5551924561820428,0.5987443673762423,0.8274971297359357,0.6155543452353962,0.5056116594157342,0.5551924561820429
353,scCube,sim2,DLPFC_151671train_151670spatial,CCST,151671,151670,0.5371746287074605,0.6274302806987804,0.7175705001243757,0.8422502870264065,0.6488345292409707,0.6097250521215016,0.6274302806987804
354,scCube,sim2,DLPFC_151671train_151670spatial,CellCharter,151671,151670,0.3625790773373006,0.5485453790016748,0.5808526212604244,0.846211251435132,0.6411459441431485,0.47950278661173806,0.5485453790016748
355,scCube,sim2,DLPFC_151671train_151670spatial,DeepST,151671,151670,0.5274200690512749,0.641021921891609,0.7039440785817443,0.8634902411021814,0.7161114907795526,0.5802434990073995,0.641021921891609
356,scCube,sim2,DLPFC_151671train_151670spatial,GraphST,151671,151670,0.5118974397964549,0.6872956915564291,0.6943902853066458,0.9199196326061998,0.7624273256812372,0.6256431382298758,0.687295691556429
357,scCube,sim2,DLPFC_151671train_151670spatial,PRECAST,151671,151670,0.3821526637615988,0.3778382512697499,0.6068699024555185,0.7359357060849598,0.42231313625161954,0.3418383712330526,0.3778382512697499
358,scCube,sim2,DLPFC_151671train_151670spatial,SEDR,151671,151670,0.4079153692892333,0.5613004156633374,0.6256251929172431,0.8277841561423651,0.6065814466270055,0.5231344269868425,0.5613004156633374
359,scCube,sim2,DLPFC_151671train_151670spatial,STAGATE,151671,151670,0.5028405199433318,0.5365285875035963,0.6934102597293629,0.8474167623421355,0.5752679659091786,0.5027351569259897,0.5365285875035963
360,scCube,sim2,DLPFC_151671train_151670spatial,SpaGCN,151671,151670,0.2247369088825389,0.3995707851488704,0.47462274923150194,0.771239954075775,0.473727410134968,0.345488499536847,0.3995707851488705
361,scCube,sim2,DLPFC_151671train_151670spatial,SpaceFlow,151671,151670,0.4554327514453405,0.6240188945965981,0.6530523746318571,0.8598163030998851,0.704242537532836,0.5602334134415835,0.6240188945965981
362,scCube,sim2,DLPFC_151671train_151670spatial,SpatialMGCN,151671,151670,0.5797380498542998,0.47270635477095435,0.7448389461438637,0.7408151549942594,0.5083023059656825,0.44176962696875044,0.47270635477095435
363,scCube,sim2,DLPFC_151671train_151670spatial,stLearn,151671,151670,0.13194604247180236,0.2321831239770562,0.4185704572867408,0.7145809414466131,0.26644376102247486,0.20573119156373837,0.2321831239770562
364,scCube,sim2,DLPFC_151671train_151671spatial,BASS,151671,151671,0.5073970713674567,0.6492331756256484,0.6400683627686429,0.8568287319814317,0.6907316196284817,0.6124385014902141,0.6492331756256485
365,scCube,sim2,DLPFC_151671train_151671spatial,Banksy,151671,151671,0.5434561064980669,0.6440055692622791,0.6684828534870615,0.862203762521378,0.6767969216181068,0.6142449118284579,0.6440055692622791
366,scCube,sim2,DLPFC_151671train_151671spatial,BayesSpace,151671,151671,0.4628165091058417,0.6029800816350759,0.606331786644559,0.831908135841681,0.6403523518192301,0.5697295049334123,0.602980081635076
367,scCube,sim2,DLPFC_151671train_151671spatial,CCST,151671,151671,0.5363130218835275,0.6392957888329496,0.6726705369523863,0.7771805521622281,0.6332549567150517,0.645987631257858,0.6392957888329496
368,scCube,sim2,DLPFC_151671train_151671spatial,CellCharter,151671,151671,0.3929365747032879,0.5244610594183314,0.5530379573861243,0.7758612264842414,0.5588641571805735,0.4940633314039028,0.5244610594183314
369,scCube,sim2,DLPFC_151671train_151671spatial,DeepST,151671,151671,0.5062922643407083,0.6348491813228098,0.6380572270562633,0.8115318837038847,0.6785269658026983,0.5965585930412252,0.6348491813228098
370,scCube,sim2,DLPFC_151671train_151671spatial,GraphST,151671,151671,0.5550745467236514,0.6719505546135314,0.6767665093343593,0.8702663083312974,0.708654311143726,0.6388616130343091,0.6719505546135314
371,scCube,sim2,DLPFC_151671train_151671spatial,PRECAST,151671,151671,0.2388131205489032,0.3445052540174722,0.45579180730833524,0.627901294893721,0.3507810484470112,0.3384500720562702,0.3445052540174721
372,scCube,sim2,DLPFC_151671train_151671spatial,SEDR,151671,151671,0.4733656994893088,0.5977819486140505,0.6152666882019066,0.8296603957977033,0.6306215329906835,0.5682074641160708,0.5977819486140505
373,scCube,sim2,DLPFC_151671train_151671spatial,STAGATE,151671,151671,0.3814602219473617,0.5012678384689266,0.5519809659184283,0.7454678719765454,0.5216793361729809,0.4825689589130081,0.5012678384689266
374,scCube,sim2,DLPFC_151671train_151671spatial,SpaGCN,151671,151671,0.5053251725355857,0.5936549886752972,0.6380755390351334,0.8519423405814806,0.6336311219704429,0.558423730738126,0.5936549886752973
375,scCube,sim2,DLPFC_151671train_151671spatial,SpaceFlow,151671,151671,0.5443951170248973,0.5663141150678479,0.6709143915789597,0.7582213535304179,0.590889753877655,0.543776920524054,0.5663141150678479
376,scCube,sim2,DLPFC_151671train_151671spatial,SpatialMGCN,151671,151671,0.2110619691097418,0.2745244404466007,0.419913122712498,0.5487417542145125,0.2884217877990764,0.2619047910032469,0.2745244404466006
377,scCube,sim2,DLPFC_151671train_151671spatial,stLearn,151671,151671,0.29601439144672975,0.38894239835766514,0.48005794600908597,0.7046665037869533,0.41338370538362834,0.36722994162700207,0.3889423983576652
378,scCube,sim2,DLPFC_151671train_151672spatial,BASS,151671,151672,0.6444536939074389,0.7635324125098214,0.7334645499748872,0.8989197530864198,0.7942764606690588,0.7350796928378233,0.7635324125098213
379,scCube,sim2,DLPFC_151671train_151672spatial,Banksy,151671,151672,0.6563209039564571,0.7652926673222626,0.7427314381970815,0.9002057613168726,0.7928233242931365,0.7396098396800893,0.7652926673222628
380,scCube,sim2,DLPFC_151671train_151672spatial,BayesSpace,151671,151672,0.6811827899763434,0.7549661458533415,0.7626637235145157,0.8850308641975309,0.7697758872613308,0.7407154981441333,0.7549661458533418
381,scCube,sim2,DLPFC_151671train_151672spatial,CCST,151671,151672,0.8360944088754412,0.8015859037361113,0.8822304399520796,0.8883230452674897,0.7806182866982101,0.8237333580463732,0.801585903736111
382,scCube,sim2,DLPFC_151671train_151672spatial,CellCharter,151671,151672,0.5202367410770015,0.63170026017866,0.6393127218973167,0.7888374485596709,0.651163317019864,0.6136221241370994,0.63170026017866
383,scCube,sim2,DLPFC_151671train_151672spatial,DeepST,151671,151672,0.7994315992054771,0.8160405182311191,0.8508975159035981,0.9197530864197532,0.8309049929257629,0.8020086388620694,0.8160405182311192
384,scCube,sim2,DLPFC_151671train_151672spatial,GraphST,151671,151672,0.6706250981474826,0.7668001126956709,0.7540524044345183,0.9012345679012345,0.7885645986318146,0.7462047637363078,0.7668001126956708
385,scCube,sim2,DLPFC_151671train_151672spatial,PRECAST,151671,151672,0.3954990351122335,0.4500566617772656,0.5467921099345135,0.7505144032921811,0.46273535838481383,0.4380542150448661,0.4500566617772656
386,scCube,sim2,DLPFC_151671train_151672spatial,SEDR,151671,151672,0.6720970014540106,0.7554147814323819,0.7553397809064635,0.8896604938271604,0.7702129447494552,0.7423794394214914,0.7554147814323819
387,scCube,sim2,DLPFC_151671train_151672spatial,STAGATE,151671,151672,0.6641458527348887,0.7292897131996435,0.7499137290417728,0.8884773662551441,0.7441076763104538,0.7150508343617923,0.7292897131996435
388,scCube,sim2,DLPFC_151671train_151672spatial,SpaGCN,151671,151672,0.4577753773971344,0.5311881384022891,0.5909159177047502,0.7806069958847737,0.5517398491901288,0.512112503257862,0.5311881384022892
389,scCube,sim2,DLPFC_151671train_151672spatial,SpaceFlow,151671,151672,0.734508023272895,0.7606570135789174,0.8042741011132446,0.851440329218107,0.7704874034612367,0.7514073818403403,0.7606570135789174
390,scCube,sim2,DLPFC_151671train_151672spatial,SpatialMGCN,151671,151672,0.6086727083643892,0.5722947997054872,0.7198300721966284,0.7469135802469136,0.5581819153328371,0.5871398467045021,0.5722947997054871
391,scCube,sim2,DLPFC_151671train_151672spatial,stLearn,151671,151672,0.28316276408244084,0.3807105526399182,0.45846244393263713,0.6747942386831276,0.3941912761573961,0.3681213920112451,0.3807105526399182
392,scCube,sim2,DLPFC_151672train_151669spatial,BASS,151672,151669,0.3277296412691797,0.5773823771726452,0.5482103616991568,0.7885038503850385,0.6301308066542365,0.5327829634043417,0.5773823771726452
393,scCube,sim2,DLPFC_151672train_151669spatial,Banksy,151672,151669,0.573775621089558,0.7070528741650681,0.7243559652932587,0.8861386138613861,0.7533296903815146,0.666132551927747,0.707052874165068
394,scCube,sim2,DLPFC_151672train_151669spatial,BayesSpace,151672,151669,0.7907749064692146,0.7176202079085823,0.8856596620810853,0.7912541254125413,0.6227125713794702,0.8466596187989774,0.7176202079085824
395,scCube,sim2,DLPFC_151672train_151669spatial,CCST,151672,151669,0.43432777224725144,0.6058991742237693,0.6323359856699902,0.790869086908691,0.6234252360353573,0.5893696976003229,0.6058991742237693
396,scCube,sim2,DLPFC_151672train_151669spatial,CellCharter,151672,151669,0.35171079097403146,0.5272647450144705,0.557782891828523,0.7849834983498349,0.5932315434826628,0.4745573213988825,0.5272647450144704
397,scCube,sim2,DLPFC_151672train_151669spatial,DeepST,151672,151669,0.45549763445706004,0.6130815365705321,0.6377769502548276,0.8209020902090209,0.6753363948333315,0.5614390594415531,0.6130815365705321
398,scCube,sim2,DLPFC_151672train_151669spatial,GraphST,151672,151669,0.530833553018987,0.6867005804038638,0.6919143885461357,0.8809130913091309,0.746304031670543,0.6359134547778195,0.6867005804038638
399,scCube,sim2,DLPFC_151672train_151669spatial,PRECAST,151672,151669,0.1193155150828904,0.24867148906645736,0.4791387794639824,0.6468646864686468,0.24042380756868914,0.2575051416650429,0.24867148906645736
400,scCube,sim2,DLPFC_151672train_151669spatial,SEDR,151672,151669,0.5584347437585909,0.6838005077045475,0.7131878997468042,0.861991199119912,0.7129859639426147,0.6613810816628517,0.6838005077045476
401,scCube,sim2,DLPFC_151672train_151669spatial,STAGATE,151672,151669,0.4779412796162415,0.6305791084702947,0.6553300979752104,0.8558855885588559,0.6826701001266506,0.5862242597825074,0.6305791084702947
402,scCube,sim2,DLPFC_151672train_151669spatial,SpaGCN,151672,151669,0.2577051695412839,0.44389325896968,0.4889219158885497,0.7711771177117712,0.4969029859902401,0.4011034490098083,0.4438932589696799
403,scCube,sim2,DLPFC_151672train_151669spatial,SpaceFlow,151672,151669,0.37016483618048684,0.5880726112973471,0.5780515289464403,0.7982398239823982,0.638601418578781,0.5450848977148884,0.5880726112973471
404,scCube,sim2,DLPFC_151672train_151669spatial,SpatialMGCN,151672,151669,0.42205294280724404,0.5685767928043136,0.6194148200750013,0.7764026402640264,0.5998190346713301,0.540427999111558,0.5685767928043137
405,scCube,sim2,DLPFC_151672train_151669spatial,stLearn,151672,151669,0.10582796301587678,0.2313402088272934,0.37913688635728277,0.6386688668866887,0.25743266372889645,0.2100507251725265,0.2313402088272934
406,scCube,sim2,DLPFC_151672train_151670spatial,BASS,151672,151670,0.3885959936790317,0.5957885097041908,0.6084514334706619,0.8490241102181401,0.6678909813065781,0.5377368824457268,0.5957885097041908
407,scCube,sim2,DLPFC_151672train_151670spatial,Banksy,151672,151670,0.5763973208033212,0.6836532589413519,0.7401776586069851,0.9058553386911596,0.7403893285042035,0.6349936641646416,0.6836532589413519
408,scCube,sim2,DLPFC_151672train_151670spatial,BayesSpace,151672,151670,0.444029929440341,0.6251823234366343,0.6508570906832832,0.8484500574052813,0.6687995118809765,0.5869059955502226,0.6251823234366343
409,scCube,sim2,DLPFC_151672train_151670spatial,CCST,151672,151670,0.5372914597364895,0.6342757274276873,0.7194109572482419,0.844833524684271,0.6496584801270849,0.6200948642206373,0.6342757274276873
410,scCube,sim2,DLPFC_151672train_151670spatial,CellCharter,151672,151670,0.3373730192964899,0.553763974438392,0.5630157606347164,0.8447761194029851,0.6462456436274355,0.48447470408184257,0.553763974438392
411,scCube,sim2,DLPFC_151672train_151670spatial,DeepST,151672,151670,0.46916326736363806,0.6450255375996878,0.6618744738338194,0.8663030998851895,0.7307404983738708,0.5773534678267858,0.6450255375996878
412,scCube,sim2,DLPFC_151672train_151670spatial,GraphST,151672,151670,0.47226535681099746,0.6273340745497835,0.6704342479324572,0.865097588978186,0.6745320992911682,0.5863091426731992,0.6273340745497837
413,scCube,sim2,DLPFC_151672train_151670spatial,PRECAST,151672,151670,0.5286775343949316,0.49928906407460605,0.7205495658103025,0.8079793340987372,0.515812372595308,0.4837914982728515,0.49928906407460605
414,scCube,sim2,DLPFC_151672train_151670spatial,SEDR,151672,151670,0.4379054653376843,0.5946006184268086,0.6462142990172275,0.844259471871412,0.6477133551717151,0.5497742958201772,0.5946006184268086
415,scCube,sim2,DLPFC_151672train_151670spatial,STAGATE,151672,151670,0.5011245674587355,0.6750030468764078,0.6851154480828325,0.9211251435132033,0.7592549654651424,0.6075845500046346,0.6750030468764077
416,scCube,sim2,DLPFC_151672train_151670spatial,SpaGCN,151672,151670,0.2866880087201962,0.491014666479888,0.5266461726789508,0.8292192881745122,0.5691401369554087,0.4317488080923549,0.491014666479888
417,scCube,sim2,DLPFC_151672train_151670spatial,SpaceFlow,151672,151670,0.4022147352691016,0.5933786660699722,0.6134559893273895,0.8479334098737084,0.68381013675755,0.5242870979686349,0.5933786660699722
418,scCube,sim2,DLPFC_151672train_151670spatial,SpatialMGCN,151672,151670,0.43991585265306393,0.592577555038049,0.6449322381553486,0.8407003444316878,0.6507364255546094,0.543961572557305,0.592577555038049
419,scCube,sim2,DLPFC_151672train_151670spatial,stLearn,151672,151670,0.10559288682565209,0.23899368362693213,0.3953150559324508,0.6879448909299656,0.27612754033278747,0.2106637077073022,0.23899368362693213
420,scCube,sim2,DLPFC_151672train_151671spatial,BASS,151672,151671,0.5313224484162776,0.6339383695405898,0.6724399750354995,0.7483508429025165,0.6269382777618873,0.6410965457413144,0.6339383695405898
421,scCube,sim2,DLPFC_151672train_151671spatial,Banksy,151672,151671,0.6510773025591401,0.7646004032239261,0.7486527395814564,0.920596139750794,0.8064018744033301,0.7269190831895568,0.7646004032239261
422,scCube,sim2,DLPFC_151672train_151671spatial,BayesSpace,151672,151671,0.7277341695398358,0.7105940404716679,0.8277360145376058,0.7522599560224774,0.6329322854234161,0.8099797944258211,0.7105940404716679
423,scCube,sim2,DLPFC_151672train_151671spatial,CCST,151672,151671,0.6592895338688566,0.7155404489916904,0.7651234421797477,0.7917419985340826,0.690418763374839,0.7461525845024914,0.7155404489916904
424,scCube,sim2,DLPFC_151672train_151671spatial,CellCharter,151672,151671,0.5334498005882792,0.6283910298606998,0.6629490594263421,0.7687270950403128,0.6416761312946943,0.6171686914927257,0.6283910298607
425,scCube,sim2,DLPFC_151672train_151671spatial,DeepST,151672,151671,0.588414219208433,0.716679752952902,0.7027651454870552,0.8500366479354996,0.7549980642740105,0.6824755258982191,0.7166797529529021
426,scCube,sim2,DLPFC_151672train_151671spatial,GraphST,151672,151671,0.8859516860768085,0.8321055365895822,0.9215406806675819,0.9164427070608356,0.816466555344822,0.8483553303045518,0.8321055365895822
427,scCube,sim2,DLPFC_151672train_151671spatial,PRECAST,151672,151671,0.3959131245780576,0.4041665951897947,0.5652130748360461,0.6789640850232104,0.415033456707932,0.3938542703752045,0.4041665951897948
428,scCube,sim2,DLPFC_151672train_151671spatial,SEDR,151672,151671,0.8000757293913493,0.7829957641655736,0.8598009739635117,0.9038358172489616,0.7765980704157828,0.7907023341445646,0.7829957641655735
429,scCube,sim2,DLPFC_151672train_151671spatial,STAGATE,151672,151671,0.7033843872485075,0.7472182336649443,0.7873793389645813,0.8985585145370145,0.7640484578990381,0.7328004621703353,0.7472182336649443
430,scCube,sim2,DLPFC_151672train_151671spatial,SpaGCN,151672,151671,0.5386276031772305,0.6387531520942678,0.6635250566221131,0.8729538236012704,0.6806883495365702,0.6016851107026561,0.6387531520942678
431,scCube,sim2,DLPFC_151672train_151671spatial,SpaceFlow,151672,151671,0.7071079750649508,0.7609999200681714,0.7903066429986602,0.8890300513071097,0.7994303104911514,0.7261037903093368,0.7609999200681713
432,scCube,sim2,DLPFC_151672train_151671spatial,SpatialMGCN,151672,151671,0.4828754832205119,0.6187643502940053,0.6299701994641755,0.7603225018323968,0.6256308928068087,0.6120468974168186,0.6187643502940053
433,scCube,sim2,DLPFC_151672train_151671spatial,stLearn,151672,151671,0.18361795223642846,0.28761244429760974,0.41354879959528856,0.6002443195699976,0.2932606400115265,0.2821786645720672,0.28761244429760974
434,scCube,sim2,DLPFC_151672train_151672spatial,BASS,151672,151672,0.7155722273256078,0.6706348328960214,0.7936562568358306,0.8204732510288066,0.6628600904415453,0.6785941211365364,0.6706348328960213
435,scCube,sim2,DLPFC_151672train_151672spatial,Banksy,151672,151672,0.5615953189749544,0.6860895441040598,0.6702470520029532,0.8590534979423868,0.713425755992021,0.6607708992964445,0.6860895441040598
436,scCube,sim2,DLPFC_151672train_151672spatial,BayesSpace,151672,151672,0.5220191316388267,0.6338858229112606,0.6412712583328737,0.8287037037037038,0.6512513752391402,0.617422318961814,0.6338858229112606
437,scCube,sim2,DLPFC_151672train_151672spatial,CCST,151672,151672,0.5459826706020824,0.6477886957636774,0.6755316919052458,0.7343621399176954,0.6237997443392783,0.6756490244875959,0.6477886957636774
438,scCube,sim2,DLPFC_151672train_151672spatial,CellCharter,151672,151672,0.3996434195128259,0.5487706396004091,0.5525725463107378,0.7367798353909465,0.5604970437849872,0.5376465834720371,0.5487706396004091
439,scCube,sim2,DLPFC_151672train_151672spatial,DeepST,151672,151672,0.5355681832365252,0.6596844225026806,0.6493097852122875,0.836059670781893,0.6909456782699805,0.6311322426096322,0.6596844225026806
440,scCube,sim2,DLPFC_151672train_151672spatial,GraphST,151672,151672,0.529017887369922,0.6394458319527697,0.6462271254430562,0.8371913580246912,0.659853464082877,0.6202626457052102,0.6394458319527696
441,scCube,sim2,DLPFC_151672train_151672spatial,PRECAST,151672,151672,0.3339619792735323,0.4574099728139139,0.5191626033628478,0.6998456790123457,0.45092597374234894,0.4640831630346325,0.4574099728139139
442,scCube,sim2,DLPFC_151672train_151672spatial,SEDR,151672,151672,0.518691807260689,0.6298132141725595,0.6403768234400817,0.8250514403292181,0.6426578393786033,0.6174794799849518,0.6298132141725595
443,scCube,sim2,DLPFC_151672train_151672spatial,STAGATE,151672,151672,0.6033383695032825,0.6838825908294587,0.7050599332222022,0.8596193415637859,0.6948584377882685,0.673252070053198,0.6838825908294586
444,scCube,sim2,DLPFC_151672train_151672spatial,SpaGCN,151672,151672,0.3570918065973049,0.490586522887276,0.5167228043686559,0.698045267489712,0.506547683182901,0.4756004987684346,0.490586522887276
445,scCube,sim2,DLPFC_151672train_151672spatial,SpaceFlow,151672,151672,0.5707655686929535,0.6197110180025172,0.6783519561553152,0.7506687242798354,0.6405933978156597,0.600165034206422,0.6197110180025172
446,scCube,sim2,DLPFC_151672train_151672spatial,SpatialMGCN,151672,151672,0.4463831533750465,0.5672890617046238,0.5898039848668688,0.7003600823045267,0.5689575776056218,0.5656303033150454,0.5672890617046237
447,scCube,sim2,DLPFC_151672train_151672spatial,stLearn,151672,151672,0.16211260265979632,0.2738140605737029,0.3848847586789384,0.5473251028806584,0.27261765808590444,0.2750210300982814,0.27381406057370283
448,scCube,sim2,DLPFC_151673train_151673spatial,BASS,151673,151673,0.3257128998614033,0.5251930152277413,0.44503791732180986,0.6045416782054832,0.5281237327161762,0.5222946451002736,0.5251930152277412
449,scCube,sim2,DLPFC_151673train_151673spatial,Banksy,151673,151673,0.5564961722858317,0.6841875503570469,0.6331401885688976,0.7884242592079757,0.6959268371799658,0.6728377434044693,0.6841875503570469
450,scCube,sim2,DLPFC_151673train_151673spatial,BayesSpace,151673,151673,0.3305758621701204,0.5216899537852803,0.4427988739799364,0.6034339518139019,0.5358814622674885,0.5082307078344453,0.5216899537852803
451,scCube,sim2,DLPFC_151673train_151673spatial,CCST,151673,151673,0.40296717908685514,0.5693394223707678,0.515199885502382,0.6878427028523955,0.563996799226016,0.5750118044396472,0.5693394223707678
452,scCube,sim2,DLPFC_151673train_151673spatial,CellCharter,151673,151673,0.35840706845291115,0.5010840588360701,0.46664853352140134,0.6469675990030462,0.5138518865881634,0.48895292847859917,0.50108405883607
453,scCube,sim2,DLPFC_151673train_151673spatial,DeepST,151673,151673,0.5502095118799604,0.6790834403281789,0.6275252866443146,0.782774854610911,0.6923332704467393,0.6665517232636922,0.6790834403281789
454,scCube,sim2,DLPFC_151673train_151673spatial,GraphST,151673,151673,0.47236439233393945,0.6318292817387624,0.5633848576022779,0.7358072556078649,0.642988329774685,0.621050956326799,0.6318292817387624
455,scCube,sim2,DLPFC_151673train_151673spatial,PRECAST,151673,151673,0.21137054060667043,0.4096415963432379,0.3658815801340322,0.5505400166158959,0.4039981451468423,0.4154449479594843,0.40964159634323793
456,scCube,sim2,DLPFC_151673train_151673spatial,SEDR,151673,151673,0.4681073148726914,0.6293998003590391,0.5648165903607064,0.7010246469122127,0.6285404808081451,0.6306027956372832,0.6293998003590391
457,scCube,sim2,DLPFC_151673train_151673spatial,STAGATE,151673,151673,0.46781216652848345,0.5909222394641205,0.5606377275354861,0.7247853780116311,0.5983688178373808,0.5837012803264836,0.5909222394641205
458,scCube,sim2,DLPFC_151673train_151673spatial,SpaGCN,151673,151673,0.3593943437882782,0.49634965690562927,0.46619476130361975,0.6380504015508169,0.5113058984727937,0.48224352080794974,0.4963496569056292
459,scCube,sim2,DLPFC_151673train_151673spatial,SpaceFlow,151673,151673,0.25121046972559063,0.42100274237142427,0.3779057274471637,0.5631127111603434,0.43094397818903635,0.4115153302420169,0.42100274237142427
460,scCube,sim2,DLPFC_151673train_151673spatial,SpatialMGCN,151673,151673,0.2157949860253466,0.3806919321141834,0.3520233524785442,0.5081694821379119,0.384825979358,0.3766457620065518,0.3806919321141834
461,scCube,sim2,DLPFC_151673train_151673spatial,stLearn,151673,151673,0.20020083740444025,0.366756564786995,0.33947674577298714,0.5049570756023262,0.37174119781572734,0.36190388850076194,0.366756564786995
462,scCube,sim2,DLPFC_151673train_151674spatial,BASS,151673,151674,0.4092660534119311,0.6065404560546127,0.5085450451421949,0.6563961485557084,0.6119849484759592,0.6011919826947577,0.6065404560546127
463,scCube,sim2,DLPFC_151673train_151674spatial,Banksy,151673,151674,0.629078620669161,0.7489840910937171,0.6904492118152091,0.8299862448418157,0.7595131362510655,0.7387429802719209,0.7489840910937171
464,scCube,sim2,DLPFC_151673train_151674spatial,BayesSpace,151673,151674,0.5099012452044221,0.6623460596842515,0.5901809052318586,0.7606602475928473,0.6737254110688242,0.6513447224225697,0.6623460596842515
465,scCube,sim2,DLPFC_151673train_151674spatial,CCST,151673,151674,0.5543682691530233,0.6909598057454287,0.64150634993278,0.7692984869325997,0.6694109538704666,0.7145290535533282,0.6909598057454287
466,scCube,sim2,DLPFC_151673train_151674spatial,CellCharter,151673,151674,0.47827235051031514,0.6245961677698493,0.5647215805409307,0.7257221458046768,0.632751238035571,0.6167094284921222,0.6245961677698493
467,scCube,sim2,DLPFC_151673train_151674spatial,DeepST,151673,151674,0.6562805324213751,0.7507576543947885,0.7129269330607444,0.8229436038514443,0.7653156435629909,0.7367631438861547,0.7507576543947885
468,scCube,sim2,DLPFC_151673train_151674spatial,GraphST,151673,151674,0.6602589164005279,0.7396656711792468,0.7170657148581125,0.8349381017881704,0.7459070133449622,0.7335279105789075,0.7396656711792466
469,scCube,sim2,DLPFC_151673train_151674spatial,PRECAST,151673,151674,0.3111564373903753,0.4856113272215067,0.4379827627310894,0.6057771664374141,0.4774973579444034,0.4940058198363306,0.4856113272215067
470,scCube,sim2,DLPFC_151673train_151674spatial,SEDR,151673,151674,0.6410348659353436,0.7359208166921284,0.7017380142711682,0.8059972489683631,0.7400814415600037,0.7319165827334081,0.7359208166921283
471,scCube,sim2,DLPFC_151673train_151674spatial,STAGATE,151673,151674,0.6209778826309517,0.7260185738106254,0.6832569937591012,0.8221733149931223,0.7384796224802124,0.7139735902759999,0.7260185738106254
472,scCube,sim2,DLPFC_151673train_151674spatial,SpaGCN,151673,151674,0.4475616609119917,0.5242227772732373,0.5390315726505308,0.6896836313617607,0.5289495128013949,0.5195797705181817,0.5242227772732374
473,scCube,sim2,DLPFC_151673train_151674spatial,SpaceFlow,151673,151674,0.39978176219939976,0.5472858385415872,0.5008711686746798,0.6676203576341128,0.5505491968099249,0.5440859932017131,0.5472858385415872
474,scCube,sim2,DLPFC_151673train_151674spatial,SpatialMGCN,151673,151674,0.4193874939767607,0.5800574197415891,0.5231256717260535,0.6539202200825309,0.5735351365786585,0.5867297530397193,0.5800574197415891
475,scCube,sim2,DLPFC_151673train_151674spatial,stLearn,151673,151674,0.23034247829222135,0.3931258371890564,0.36002937662808393,0.534910591471802,0.3956839378954319,0.390601681367905,0.3931258371890564
476,scCube,sim2,DLPFC_151673train_151675spatial,BASS,151673,151675,0.5319860869289784,0.6661356161326109,0.609343740855691,0.7666853617498598,0.6678805103043068,0.6643998155695208,0.6661356161326109
477,scCube,sim2,DLPFC_151673train_151675spatial,Banksy,151673,151675,0.7214820033812676,0.7832071585008212,0.7680995078864796,0.8597868760515984,0.7800684838697461,0.7863711926388238,0.7832071585008212
478,scCube,sim2,DLPFC_151673train_151675spatial,BayesSpace,151673,151675,0.5156043632969047,0.6625951639311042,0.5941627294682527,0.747896803140774,0.6677247849954955,0.6575437559601467,0.6625951639311042
479,scCube,sim2,DLPFC_151673train_151675spatial,CCST,151673,151675,0.5877512229544126,0.6990078843997644,0.6594892724428155,0.7904655075715088,0.69138826290302,0.7072040005707798,0.6990078843997644
480,scCube,sim2,DLPFC_151673train_151675spatial,CellCharter,151673,151675,0.46114257718666485,0.6166446355743108,0.5474147601626058,0.6958496915311273,0.6230275977429693,0.6104415419768623,0.6166446355743108
481,scCube,sim2,DLPFC_151673train_151675spatial,DeepST,151673,151675,0.7280797963011796,0.7809768252080623,0.771901264953415,0.8450364554122267,0.7892525433560389,0.7728776450718639,0.7809768252080623
482,scCube,sim2,DLPFC_151673train_151675spatial,GraphST,151673,151675,0.4879597597038412,0.660206684943442,0.5864833105765764,0.6957375210319686,0.6416881198425173,0.6798258726623616,0.660206684943442
483,scCube,sim2,DLPFC_151673train_151675spatial,PRECAST,151673,151675,0.3156262948000528,0.48287984533269135,0.42464801106828104,0.5928210880538418,0.48818746967801835,0.4776863898070031,0.48287984533269135
484,scCube,sim2,DLPFC_151673train_151675spatial,SEDR,151673,151675,0.6775809696067843,0.7471619896371455,0.7322340349652181,0.7999439147504207,0.7417892511949886,0.7527267883398665,0.7471619896371455
485,scCube,sim2,DLPFC_151673train_151675spatial,STAGATE,151673,151675,0.6194972667220741,0.7056847861758816,0.6873718753284064,0.7740886146943354,0.6969443322295368,0.7150316921853717,0.7056847861758815
486,scCube,sim2,DLPFC_151673train_151675spatial,SpaGCN,151673,151675,0.44184411704219084,0.5348766698109565,0.529279207811049,0.6657319125070107,0.544712006291508,0.5253902083000409,0.5348766698109565
487,scCube,sim2,DLPFC_151673train_151675spatial,SpaceFlow,151673,151675,0.5045423151576226,0.59672684872285,0.5840730581509436,0.7320807627593944,0.6022968495815303,0.5912659550997132,0.59672684872285
488,scCube,sim2,DLPFC_151673train_151675spatial,SpatialMGCN,151673,151675,0.4194321196100573,0.5689784671570954,0.5174375318998929,0.642456533931576,0.5644705323490551,0.573558983513699,0.5689784671570953
489,scCube,sim2,DLPFC_151673train_151675spatial,stLearn,151673,151675,0.2290839665180986,0.3917045702391825,0.3558336533091742,0.5268648345485138,0.3927583005336059,0.39065694906618936,0.3917045702391825
490,scCube,sim2,DLPFC_151673train_151676spatial,BASS,151673,151676,0.5825650100442114,0.702789981545085,0.652372844072784,0.7939376275138443,0.7065488019157281,0.6990709431791268,0.702789981545085
491,scCube,sim2,DLPFC_151673train_151676spatial,Banksy,151673,151676,0.669409850852653,0.7559847416859913,0.7241379459174444,0.8595161760419703,0.7627493436709477,0.7493390715027863,0.7559847416859914
492,scCube,sim2,DLPFC_151673train_151676spatial,BayesSpace,151673,151676,0.5622804564546178,0.6985037456223847,0.6344357225720203,0.774992713494608,0.7057514025059,0.6914034340392858,0.6985037456223847
493,scCube,sim2,DLPFC_151673train_151676spatial,CCST,151673,151676,0.4801601038398494,0.6454879577314477,0.5713039900662165,0.7185077236957156,0.6399396511176425,0.6512906272403036,0.6454879577314477
494,scCube,sim2,DLPFC_151673train_151676spatial,CellCharter,151673,151676,0.5035528862151967,0.630786143186374,0.5839703446792945,0.7523171087146604,0.6412908139250499,0.6206486148872672,0.630786143186374
495,scCube,sim2,DLPFC_151673train_151676spatial,DeepST,151673,151676,0.6789745342217852,0.761093428346068,0.7316311818829611,0.8327018361993588,0.7716708132119449,0.7508098614314267,0.761093428346068
496,scCube,sim2,DLPFC_151673train_151676spatial,GraphST,151673,151676,0.6315470447494922,0.7195608166323675,0.6924861445526106,0.8131740017487614,0.7260750330024395,0.7131624496689102,0.7195608166323675
497,scCube,sim2,DLPFC_151673train_151676spatial,PRECAST,151673,151676,0.2919187715505367,0.4502003915536549,0.4139890387613641,0.6059457883998834,0.448960102113218,0.4514475527824402,0.4502003915536549
498,scCube,sim2,DLPFC_151673train_151676spatial,SEDR,151673,151676,0.5812339629234093,0.6945321395913635,0.6561764746059771,0.7618770037889828,0.6866029380883837,0.703027685045312,0.6945321395913634
499,scCube,sim2,DLPFC_151673train_151676spatial,STAGATE,151673,151676,0.6049299362255784,0.7150138096360239,0.6702830186971541,0.8151559312153891,0.7220484577316272,0.7081376875830022,0.7150138096360239
500,scCube,sim2,DLPFC_151673train_151676spatial,SpaGCN,151673,151676,0.4420261218784133,0.5321663042283223,0.5318998766226112,0.6840571262022734,0.5419497895512583,0.5227297857802261,0.5321663042283223
501,scCube,sim2,DLPFC_151673train_151676spatial,SpaceFlow,151673,151676,0.46364995966425715,0.6044283980444725,0.5507650349025061,0.7191489361702128,0.6130297869025936,0.5960692050279539,0.6044283980444725
502,scCube,sim2,DLPFC_151673train_151676spatial,SpatialMGCN,151673,151676,0.3952041581020217,0.5468220321802366,0.5068152947503284,0.6348003497522589,0.5325142233026042,0.5619199254303523,0.5468220321802366
503,scCube,sim2,DLPFC_151673train_151676spatial,stLearn,151673,151676,0.21781447944790727,0.3801359434069435,0.34992835055916893,0.5064995628096766,0.3809933978404271,0.37928304082766334,0.3801359434069435
504,scCube,sim2,DLPFC_151674train_151673spatial,BASS,151674,151673,0.4491394379425076,0.6206869899910759,0.5456380286763124,0.7358072556078649,0.6275166076094932,0.614004432999675,0.6206869899910759
505,scCube,sim2,DLPFC_151674train_151673spatial,Banksy,151674,151673,0.5370906664344124,0.681471237854785,0.6172133929102592,0.7648850733868734,0.6933181932702139,0.6700223462202356,0.6814712378547849
506,scCube,sim2,DLPFC_151674train_151673spatial,BayesSpace,151674,151673,0.3878864909274735,0.5335720926494576,0.4938914575204934,0.6399889227360842,0.5383694256834195,0.5288595011939129,0.5335720926494576
507,scCube,sim2,DLPFC_151674train_151673spatial,CCST,151674,151673,0.44811036556036604,0.6148800694537433,0.5484238534875812,0.7140404320132927,0.6090961224350633,0.6209975475100269,0.6148800694537433
508,scCube,sim2,DLPFC_151674train_151673spatial,CellCharter,151674,151673,0.38045921132902494,0.5351243287479113,0.48541405889491873,0.68402104680144,0.5484128829220511,0.5225062125249099,0.5351243287479113
509,scCube,sim2,DLPFC_151674train_151673spatial,DeepST,151674,151673,0.6626028073353167,0.756207703226393,0.7210403704060363,0.8449736914981999,0.7741305926494783,0.7391027443619385,0.7562077032263931
510,scCube,sim2,DLPFC_151674train_151673spatial,GraphST,151674,151673,0.4902109946398593,0.6538029436355648,0.5775871385702153,0.7482691775131542,0.6671091256224135,0.6410171922653912,0.6538029436355649
511,scCube,sim2,DLPFC_151674train_151673spatial,PRECAST,151674,151673,0.2803466630351413,0.3953003863779354,0.40476240444359207,0.6098033785654943,0.4020136100267133,0.3888076883616601,0.3953003863779354
512,scCube,sim2,DLPFC_151674train_151673spatial,SEDR,151674,151673,0.5398473302975875,0.6643998563472806,0.6206874094172037,0.7366380504015508,0.6714157533280136,0.6575515119019723,0.6643998563472805
513,scCube,sim2,DLPFC_151674train_151673spatial,STAGATE,151674,151673,0.6073091409262752,0.7108176758378031,0.6764240383953601,0.8275823871503739,0.7210549237333688,0.7010563815122468,0.7108176758378031
514,scCube,sim2,DLPFC_151674train_151673spatial,SpaGCN,151674,151673,0.33489696027019,0.4821876729067506,0.4448853152496226,0.6142342841318195,0.498259152029337,0.46712057666763834,0.4821876729067506
515,scCube,sim2,DLPFC_151674train_151673spatial,SpaceFlow,151674,151673,0.3355344603833469,0.47348925656975266,0.44610350885151284,0.6289116588202714,0.48796796996770964,0.45985013563819477,0.47348925656975266
516,scCube,sim2,DLPFC_151674train_151673spatial,SpatialMGCN,151674,151673,0.299561456237393,0.4586927021303674,0.43019217104992047,0.589587371919136,0.4529318675148589,0.46460196861209974,0.4586927021303674
517,scCube,sim2,DLPFC_151674train_151673spatial,stLearn,151674,151673,0.22049238132995033,0.32608123634889286,0.35308142080665783,0.5329271669897535,0.33237943405554116,0.32004325316354726,0.3260812363488928
518,scCube,sim2,DLPFC_151674train_151674spatial,BASS,151674,151674,0.2882861042949045,0.47747610935578433,0.40729283015246265,0.594222833562586,0.48156550297066475,0.4734555841503649,0.47747610935578433
519,scCube,sim2,DLPFC_151674train_151674spatial,Banksy,151674,151674,0.36984115386168226,0.4938849862947975,0.48083616864358436,0.5961485557083906,0.48784100909972905,0.5000806026985597,0.4938849862947975
520,scCube,sim2,DLPFC_151674train_151674spatial,BayesSpace,151674,151674,0.2914976969075791,0.47766715415609007,0.40724151888966775,0.57414030261348,0.4850404024540982,0.4705147152949488,0.47766715415609007
521,scCube,sim2,DLPFC_151674train_151674spatial,CCST,151674,151674,0.3435129268267472,0.4977863676908954,0.4718987039647482,0.6149105914718019,0.4739375813728996,0.5246407746182781,0.4977863676908954
522,scCube,sim2,DLPFC_151674train_151674spatial,CellCharter,151674,151674,0.35426685087900467,0.4936471706635296,0.46130029141007506,0.6192022008253095,0.4985149956045783,0.4889885919690366,0.49364717066352953
523,scCube,sim2,DLPFC_151674train_151674spatial,DeepST,151674,151674,0.4714739877528544,0.6098926472931033,0.5577133860483349,0.6983768913342503,0.620867997788479,0.5993028111644045,0.6098926472931034
524,scCube,sim2,DLPFC_151674train_151674spatial,GraphST,151674,151674,0.4461693107073845,0.5582243381988995,0.539921214126849,0.7078404401650619,0.5606874486509064,0.555782774074072,0.5582243381988996
525,scCube,sim2,DLPFC_151674train_151674spatial,PRECAST,151674,151674,0.3196199127522823,0.4035104042254507,0.4319844697272739,0.603576341127923,0.40844332891776264,0.3986952112403062,0.4035104042254507
526,scCube,sim2,DLPFC_151674train_151674spatial,SEDR,151674,151674,0.318617129382806,0.4784688413865892,0.43465828846020765,0.5562035763411279,0.47761932941845686,0.479339472779756,0.4784688413865892
527,scCube,sim2,DLPFC_151674train_151674spatial,STAGATE,151674,151674,0.36877264396664217,0.48285919110002257,0.4743269667247697,0.6324071526822559,0.4868562002802658,0.47894981945539217,0.48285919110002257
528,scCube,sim2,DLPFC_151674train_151674spatial,SpaGCN,151674,151674,0.41283079066962924,0.5248539259712848,0.5067755791071488,0.672627235213205,0.5380438330220013,0.5122952344480632,0.5248539259712848
529,scCube,sim2,DLPFC_151674train_151674spatial,SpaceFlow,151674,151674,0.2765706452587186,0.3990189237541758,0.3963887382959693,0.5497661623108666,0.4039011837057144,0.3942679389093925,0.3990189237541758
530,scCube,sim2,DLPFC_151674train_151674spatial,SpatialMGCN,151674,151674,0.2092495000066675,0.3515813704345432,0.3517958721979161,0.4984869325997249,0.3450960121548809,0.358315154872888,0.3515813704345432
531,scCube,sim2,DLPFC_151674train_151674spatial,stLearn,151674,151674,0.22452531535098696,0.35166609902939366,0.3558539592198705,0.5356808803301238,0.35276737085801335,0.3505722257790863,0.35166609902939366
532,scCube,sim2,DLPFC_151674train_151675spatial,BASS,151674,151675,0.5621057312011256,0.6793234782887999,0.6339442701135763,0.7916432978126753,0.6817028748128261,0.6769606339487892,0.6793234782887997
533,scCube,sim2,DLPFC_151674train_151675spatial,Banksy,151674,151675,0.4625452049341775,0.6034322020375905,0.5544148563596671,0.676668536174986,0.5976719047584251,0.6093046141133746,0.6034322020375905
534,scCube,sim2,DLPFC_151674train_151675spatial,BayesSpace,151674,151675,0.4898891520273386,0.6009337735406852,0.571320743963293,0.7120022434099832,0.6080718896555409,0.5939613007059819,0.6009337735406853
535,scCube,sim2,DLPFC_151674train_151675spatial,CCST,151674,151675,0.4751870168245137,0.624390313912114,0.5639897637064062,0.7326416152551879,0.6218435487017576,0.6270003517590738,0.624390313912114
536,scCube,sim2,DLPFC_151674train_151675spatial,CellCharter,151674,151675,0.3835417082314154,0.5447917882277704,0.4815009897069542,0.6415591699383063,0.55150435330286,0.5382482898486252,0.5447917882277704
537,scCube,sim2,DLPFC_151674train_151675spatial,DeepST,151674,151675,0.7542001815985963,0.7924103622775742,0.7936969569850273,0.8624228827818283,0.8025356274262585,0.7825394036872162,0.7924103622775742
538,scCube,sim2,DLPFC_151674train_151675spatial,GraphST,151674,151675,0.4984642398506859,0.6234918123574473,0.5798530148730272,0.7162086371284352,0.6276788241180112,0.6193602904382001,0.6234918123574476
539,scCube,sim2,DLPFC_151674train_151675spatial,PRECAST,151674,151675,0.22091039949442753,0.3633903727436999,0.3471388523163533,0.5148625911385306,0.3653701789578051,0.361431906574803,0.3633903727436999
540,scCube,sim2,DLPFC_151674train_151675spatial,SEDR,151674,151675,0.4646455311507208,0.6011146922468527,0.5574698714631151,0.6445877734155917,0.5906062732252909,0.6120398913909191,0.6011146922468527
541,scCube,sim2,DLPFC_151674train_151675spatial,STAGATE,151674,151675,0.4927080748043927,0.6116134447416051,0.5786301733754945,0.6952327537857543,0.6067799404909026,0.6165378020943738,0.6116134447416052
542,scCube,sim2,DLPFC_151674train_151675spatial,SpaGCN,151674,151675,0.3855074415816454,0.4802909547436992,0.4820777334268671,0.5981491867638811,0.4881209786826394,0.47270817004637883,0.4802909547436992
543,scCube,sim2,DLPFC_151674train_151675spatial,SpaceFlow,151674,151675,0.37277553456041423,0.4941627605486695,0.4763359108149385,0.6148065058889511,0.49469775332109533,0.49363900489970636,0.4941627605486695
544,scCube,sim2,DLPFC_151674train_151675spatial,SpatialMGCN,151674,151675,0.40959086239907466,0.5493308663070032,0.513494215200655,0.6337633202467751,0.5357926355572742,0.5635709913448254,0.5493308663070033
545,scCube,sim2,DLPFC_151674train_151675spatial,stLearn,151674,151675,0.20431607325467988,0.33834803787578666,0.33691385471748736,0.4970274817722939,0.3371243691699548,0.3395814553064139,0.33834803787578666
546,scCube,sim2,DLPFC_151674train_151676spatial,BASS,151674,151676,0.48095263575502917,0.6338095326178841,0.5669260606973261,0.7461381521422326,0.6385219326837752,0.6291661795951944,0.6338095326178841
547,scCube,sim2,DLPFC_151674train_151676spatial,Banksy,151674,151676,0.527048427021547,0.6662108355320714,0.6053266358333736,0.753133197318566,0.6718366937136836,0.660678415076843,0.6662108355320714
548,scCube,sim2,DLPFC_151674train_151676spatial,BayesSpace,151674,151676,0.3769306639388419,0.5403605179431298,0.47985828785055984,0.6304284465170504,0.544760412400872,0.5360311277479771,0.5403605179431298
549,scCube,sim2,DLPFC_151674train_151676spatial,CCST,151674,151676,0.48630237532506115,0.6409426494964783,0.5745387735257215,0.7337219469542408,0.6389263775855423,0.6432920698210957,0.6409426494964782
550,scCube,sim2,DLPFC_151674train_151676spatial,CellCharter,151674,151676,0.40725395837597256,0.568155420338184,0.5049703017531295,0.682774701253279,0.5734335286944884,0.5630094102047367,0.568155420338184
551,scCube,sim2,DLPFC_151674train_151676spatial,DeepST,151674,151676,0.7017626281073708,0.7751070127492347,0.7506524350947549,0.8354415622267559,0.7880700571053609,0.7625665542546054,0.7751070127492347
552,scCube,sim2,DLPFC_151674train_151676spatial,GraphST,151674,151676,0.5016989349902382,0.6398541887931187,0.5853377701749194,0.7400174876129408,0.6421298411514007,0.6375946089038269,0.6398541887931187
553,scCube,sim2,DLPFC_151674train_151676spatial,PRECAST,151674,151676,0.2143608639778502,0.372785839256109,0.3482904759608438,0.5491110463421743,0.3731026384809063,0.3724695775595639,0.372785839256109
554,scCube,sim2,DLPFC_151674train_151676spatial,SEDR,151674,151676,0.611801231499207,0.7105311844394455,0.6795405116493123,0.7612940833576217,0.7010857703763078,0.7202614469783064,0.7105311844394455
555,scCube,sim2,DLPFC_151674train_151676spatial,STAGATE,151674,151676,0.48207948214284835,0.6152896750038962,0.5710873836259486,0.7080734479743515,0.6131929868683205,0.6174410824637497,0.6152896750038962
556,scCube,sim2,DLPFC_151674train_151676spatial,SpaGCN,151674,151676,0.3656926988950661,0.4960873175539959,0.4663743410150021,0.6146895948703002,0.5074042421505999,0.48526419498644097,0.4960873175539959
557,scCube,sim2,DLPFC_151674train_151676spatial,SpaceFlow,151674,151676,0.3739204492926994,0.507203925295913,0.4750307707483108,0.635441562226756,0.5155785730583158,0.49911808222226145,0.507203925295913
558,scCube,sim2,DLPFC_151674train_151676spatial,SpatialMGCN,151674,151676,0.3631643155322093,0.5264925169949578,0.47401550259089575,0.6094433109880502,0.5213144767620512,0.531774452627437,0.5264925169949578
559,scCube,sim2,DLPFC_151674train_151676spatial,stLearn,151674,151676,0.20816498892473576,0.33957074529350645,0.34407655411539667,0.5117458466919265,0.33791366540236173,0.3412462045197286,0.33957074529350645
560,scCube,sim2,DLPFC_151675train_151673spatial,BASS,151675,151673,0.6129627249249846,0.7175063706428273,0.6807458281173713,0.8327333148712268,0.7249447863439723,0.7102190507832814,0.7175063706428273
561,scCube,sim2,DLPFC_151675train_151673spatial,Banksy,151675,151673,0.59247527837082,0.7167484525982528,0.6628181883950501,0.8388258100249238,0.7309144805380784,0.7031210948969008,0.7167484525982527
562,scCube,sim2,DLPFC_151675train_151673spatial,BayesSpace,151675,151673,0.5837895884025096,0.6899452519944635,0.6562507953981932,0.8136250346164499,0.6994186497897699,0.6807250528803778,0.6899452519944635
563,scCube,sim2,DLPFC_151675train_151673spatial,CCST,151675,151673,0.48371656386374073,0.643197449495284,0.5781909410654353,0.7621157574079203,0.6416898281196501,0.6447274169458683,0.643197449495284
564,scCube,sim2,DLPFC_151675train_151673spatial,CellCharter,151675,151673,0.4469125755930281,0.6043337312614765,0.5411693544944054,0.7358072556078648,0.6190124720097913,0.5903563897068981,0.6043337312614765
565,scCube,sim2,DLPFC_151675train_151673spatial,DeepST,151675,151673,0.6866936630477902,0.7649411890542331,0.7410748304894774,0.8566048186098033,0.7818333523876848,0.7488454542193308,0.7649411890542331
566,scCube,sim2,DLPFC_151675train_151673spatial,GraphST,151675,151673,0.6375036380347422,0.7256125737249571,0.7003268660385034,0.8319025200775408,0.739859162696365,0.7119042787444687,0.725612573724957
567,scCube,sim2,DLPFC_151675train_151673spatial,PRECAST,151675,151673,0.2337657810536558,0.3675001539216906,0.3657637402132648,0.5510938798116866,0.3733930568561874,0.3617903650946317,0.3675001539216906
568,scCube,sim2,DLPFC_151675train_151673spatial,SEDR,151675,151673,0.618322977166289,0.7298150879811445,0.6853696104738601,0.8387704237053448,0.7352696519143003,0.724452384328151,0.7298150879811445
569,scCube,sim2,DLPFC_151675train_151673spatial,STAGATE,151675,151673,0.6087007610789383,0.6903824161198846,0.6762217923506813,0.8228191636665743,0.7051936734399548,0.6761825236766841,0.6903824161198846
570,scCube,sim2,DLPFC_151675train_151673spatial,SpaGCN,151675,151673,0.4119092649390292,0.5566647270531857,0.5102062319223869,0.6920520631404043,0.5739986694583459,0.5403470166409086,0.5566647270531857
571,scCube,sim2,DLPFC_151675train_151673spatial,SpaceFlow,151675,151673,0.45898283583507044,0.6159130347312514,0.550674799630787,0.7386873442259762,0.6315792166998427,0.6010359356163726,0.6159130347312514
572,scCube,sim2,DLPFC_151675train_151673spatial,SpatialMGCN,151675,151673,0.47809919843808524,0.6078282752933302,0.5681035076481437,0.7513154250900028,0.6180730759244726,0.5979175601430823,0.6078282752933303
573,scCube,sim2,DLPFC_151675train_151673spatial,stLearn,151675,151673,0.24363130967328206,0.36364704716321455,0.36956072576071036,0.5528108557186375,0.373898841747868,0.3539426439592902,0.36364704716321455
574,scCube,sim2,DLPFC_151675train_151674spatial,BASS,151675,151674,0.4486572042528062,0.6163093613763574,0.5432516832201505,0.7152682255845942,0.6160100831787316,0.6166089305139467,0.6163093613763575
575,scCube,sim2,DLPFC_151675train_151674spatial,Banksy,151675,151674,0.6661281413585741,0.748696908171762,0.7223322015200482,0.8508940852819806,0.7523816808053739,0.7450480518238143,0.748696908171762
576,scCube,sim2,DLPFC_151675train_151674spatial,BayesSpace,151675,151674,0.5317745109400812,0.6592725552437791,0.6092609743888504,0.7955983493810179,0.6672516497125144,0.651482036159354,0.659272555243779
577,scCube,sim2,DLPFC_151675train_151674spatial,CCST,151675,151674,0.5166188658585765,0.6662228883498227,0.6016172665606101,0.7623108665749656,0.6612723723941125,0.6721006431427343,0.6662228883498227
578,scCube,sim2,DLPFC_151675train_151674spatial,CellCharter,151675,151674,0.5072357712632982,0.624154805526574,0.5869988978663697,0.7570288858321871,0.6382400203608716,0.6106943452502586,0.624154805526574
579,scCube,sim2,DLPFC_151675train_151674spatial,DeepST,151675,151674,0.7200757623710712,0.7860952200182273,0.7665048814357889,0.8580467675378267,0.7991454109675037,0.7734721122480401,0.7860952200182272
580,scCube,sim2,DLPFC_151675train_151674spatial,GraphST,151675,151674,0.6658764433274807,0.7323837421859856,0.7215682961169345,0.8319119669876203,0.7396288869809708,0.7252791622543293,0.7323837421859856
581,scCube,sim2,DLPFC_151675train_151674spatial,PRECAST,151675,151674,0.2875593792665232,0.4370301403823502,0.41143046396982197,0.5810178817056396,0.4361250712787408,0.43793897378943003,0.4370301403823501
582,scCube,sim2,DLPFC_151675train_151674spatial,SEDR,151675,151674,0.6388348780198354,0.7265338350613403,0.700055106701981,0.8162310866574967,0.7267628867178054,0.7263168196930373,0.7265338350613403
583,scCube,sim2,DLPFC_151675train_151674spatial,STAGATE,151675,151674,0.6046797163204058,0.6867821652640108,0.6704674408119976,0.8139752407152683,0.6938719128778233,0.6798359016328387,0.6867821652640108
584,scCube,sim2,DLPFC_151675train_151674spatial,SpaGCN,151675,151674,0.44776606123007545,0.5428625053184404,0.536249773364454,0.7191196698762036,0.5566540338668374,0.5297378458710874,0.5428625053184404
585,scCube,sim2,DLPFC_151675train_151674spatial,SpaceFlow,151675,151674,0.3895950641816289,0.5419730649574677,0.4898858827963843,0.6541953232462173,0.5479819873301282,0.5363729180932408,0.5419730649574677
586,scCube,sim2,DLPFC_151675train_151674spatial,SpatialMGCN,151675,151674,0.3112823100189338,0.48112931326375785,0.4380070959516571,0.6231086657496562,0.4708753717562547,0.4918397828853892,0.48112931326375785
587,scCube,sim2,DLPFC_151675train_151674spatial,stLearn,151675,151674,0.19021590503977442,0.3425435936151807,0.3281325666792913,0.5001925722145805,0.34334666994884555,0.34174669960878845,0.3425435936151807
588,scCube,sim2,DLPFC_151675train_151675spatial,BASS,151675,151675,0.3056773783414049,0.4835062707308554,0.4232815393787572,0.5978687605159843,0.4796592563980597,0.487415492455426,0.4835062707308553
589,scCube,sim2,DLPFC_151675train_151675spatial,Banksy,151675,151675,0.44451555065847537,0.5657674353205032,0.5358288945263637,0.6817162086371285,0.5636269571407055,0.5679242332052621,0.5657674353205031
590,scCube,sim2,DLPFC_151675train_151675spatial,BayesSpace,151675,151675,0.3181052467016649,0.5011344301838652,0.43574079703413526,0.5858104318564218,0.4919798583258356,0.5106361511587811,0.5011344301838652
591,scCube,sim2,DLPFC_151675train_151675spatial,CCST,151675,151675,0.3121692228370637,0.513087853902664,0.4412965405040733,0.6008973639932698,0.495047363300671,0.5328605874714135,0.513087853902664
592,scCube,sim2,DLPFC_151675train_151675spatial,CellCharter,151675,151675,0.38042326454293074,0.5417819309637436,0.4803775872157379,0.6349411104879417,0.5458776377408556,0.5378552006240375,0.5417819309637436
593,scCube,sim2,DLPFC_151675train_151675spatial,DeepST,151675,151675,0.5788002897780353,0.6896580538768842,0.6474197379130133,0.7373527762198542,0.690593537908034,0.6887611970887847,0.6896580538768842
594,scCube,sim2,DLPFC_151675train_151675spatial,GraphST,151675,151675,0.4780768171989319,0.6207253753359845,0.5621620379611809,0.6890072910824453,0.6253514897955208,0.6161672027678684,0.6207253753359845
595,scCube,sim2,DLPFC_151675train_151675spatial,PRECAST,151675,151675,0.3114893329812067,0.4106829605018397,0.43333704548337393,0.5381379697139652,0.4014193431951615,0.42038423356585863,0.4106829605018397
596,scCube,sim2,DLPFC_151675train_151675spatial,SEDR,151675,151675,0.4359506909416754,0.5615197066701867,0.5304883364318038,0.6439708356702187,0.5588686891329747,0.5642878188225221,0.5615197066701867
597,scCube,sim2,DLPFC_151675train_151675spatial,STAGATE,151675,151675,0.4497589461215856,0.5493699249904147,0.5416691769013118,0.6677509814918676,0.5484454353024477,0.5504916225601015,0.5493699249904147
598,scCube,sim2,DLPFC_151675train_151675spatial,SpaGCN,151675,151675,0.4191184233806539,0.5323323979709031,0.5099210718216842,0.6242288278182838,0.5422023083975885,0.5228153947491421,0.5323323979709031
599,scCube,sim2,DLPFC_151675train_151675spatial,SpaceFlow,151675,151675,0.266488783236622,0.4205731336995309,0.3862286885665143,0.5519349411104879,0.42205172698802285,0.4191345154975773,0.4205731336995309
600,scCube,sim2,DLPFC_151675train_151675spatial,SpatialMGCN,151675,151675,0.2383843451109613,0.4349359896788111,0.3824995346645408,0.5437464946719013,0.4193631973168503,0.4517099589829325,0.4349359896788111
601,scCube,sim2,DLPFC_151675train_151675spatial,stLearn,151675,151675,0.20369826795499976,0.34579547100187447,0.33784542001540474,0.507459338194055,0.3437555322083826,0.3478599249213881,0.34579547100187447
602,scCube,sim2,DLPFC_151675train_151676spatial,BASS,151675,151676,0.5661384549893793,0.670878588230002,0.6409282353897203,0.7706208102593995,0.6555053582598149,0.6869902163816637,0.670878588230002
603,scCube,sim2,DLPFC_151675train_151676spatial,Banksy,151675,151676,0.7129972387914025,0.7755854157877266,0.7606294330731733,0.877003788982804,0.7818047215433045,0.7694642790288835,0.7755854157877266
604,scCube,sim2,DLPFC_151675train_151676spatial,BayesSpace,151675,151676,0.4570675987826293,0.6221946819069363,0.552875022261744,0.721364033809385,0.6148102324094792,0.6297586762835028,0.6221946819069362
605,scCube,sim2,DLPFC_151675train_151676spatial,CCST,151675,151676,0.46359740164326324,0.6308379702742064,0.5596809820639266,0.7275429903818129,0.6214721965421763,0.6405189877027788,0.6308379702742065
606,scCube,sim2,DLPFC_151675train_151676spatial,CellCharter,151675,151676,0.47121938197180546,0.6203686848182534,0.5597637315032549,0.7305158845817546,0.6256913570860163,0.6154219867325771,0.6203686848182534
607,scCube,sim2,DLPFC_151675train_151676spatial,DeepST,151675,151676,0.7212327123286797,0.780666976741397,0.7675171034471544,0.8449431652579424,0.7885787686230846,0.7729715151961413,0.780666976741397
608,scCube,sim2,DLPFC_151675train_151676spatial,GraphST,151675,151676,0.5941359198769876,0.6851426580019008,0.6635773040084563,0.7668318274555523,0.6794878485812685,0.6908923777867486,0.6851426580019007
609,scCube,sim2,DLPFC_151675train_151676spatial,PRECAST,151675,151676,0.305942525331945,0.42239767445756654,0.4256741139680959,0.5861264937336054,0.4202657652295036,0.4245513233122657,0.42239767445756654
610,scCube,sim2,DLPFC_151675train_151676spatial,SEDR,151675,151676,0.6490515947326424,0.7434924574179073,0.7089245200247183,0.8126493733605363,0.7393216607701745,0.7477280434540157,0.7434924574179073
611,scCube,sim2,DLPFC_151675train_151676spatial,STAGATE,151675,151676,0.6222956719453316,0.6853783861453534,0.6852222963097246,0.810958904109589,0.6876314861955481,0.6831401160853096,0.6853783861453534
612,scCube,sim2,DLPFC_151675train_151676spatial,SpaGCN,151675,151676,0.4592704738102628,0.5648626426228162,0.5463595527531778,0.7079568638880793,0.5747061659725888,0.5553506392574262,0.5648626426228162
613,scCube,sim2,DLPFC_151675train_151676spatial,SpaceFlow,151675,151676,0.3170761935467475,0.490901187796446,0.43276024243155725,0.6163217720781113,0.4936695730280272,0.48859171961734377,0.4909011877964461
614,scCube,sim2,DLPFC_151675train_151676spatial,SpatialMGCN,151675,151676,0.3941189554461513,0.5697220434634522,0.5028731664207802,0.6272223841445642,0.5589136859868296,0.5809566715317509,0.5697220434634521
615,scCube,sim2,DLPFC_151675train_151676spatial,stLearn,151675,151676,0.1759395699157584,0.3240056495562255,0.3184165863784114,0.4796269309239289,0.321974600954269,0.32606369302295846,0.3240056495562255
616,scCube,sim2,DLPFC_151676train_151673spatial,BASS,151676,151673,0.6012811009796146,0.6954923615782802,0.6705113007407683,0.8199944613680421,0.7052334158831814,0.686016738118612,0.6954923615782802
617,scCube,sim2,DLPFC_151676train_151673spatial,Banksy,151676,151673,0.6572521495019511,0.7432957437991192,0.71666193718423,0.8523954583217945,0.7590204873470342,0.728209319920141,0.743295743799119
618,scCube,sim2,DLPFC_151676train_151673spatial,BayesSpace,151676,151673,0.5106559947724829,0.6386064659061996,0.6007874586588487,0.7377457767931321,0.6264478338144429,0.6512464098423714,0.6386064659061996
619,scCube,sim2,DLPFC_151676train_151673spatial,CCST,151676,151673,0.505999094167431,0.6504365835778705,0.5944878669513893,0.7605095541401274,0.6548886470000505,0.6462200200588393,0.6504365835778705
620,scCube,sim2,DLPFC_151676train_151673spatial,CellCharter,151676,151673,0.46357974634498256,0.6012608547890437,0.5541120143660415,0.7284408751038494,0.6181875967474177,0.58525191136157,0.6012608547890437
621,scCube,sim2,DLPFC_151676train_151673spatial,DeepST,151676,151673,0.6230778408963226,0.721882702074416,0.6879206472537368,0.8224868457490999,0.7411324691846279,0.7036161228053698,0.721882702074416
622,scCube,sim2,DLPFC_151676train_151673spatial,GraphST,151676,151673,0.5762885906991123,0.6813401390300069,0.6487590545124609,0.814732761008031,0.6990432545945969,0.6645115316980114,0.6813401390300069
623,scCube,sim2,DLPFC_151676train_151673spatial,PRECAST,151676,151673,0.20807487814063927,0.3387654766448504,0.3568806177996141,0.5126003877042371,0.3357841435281686,0.3418002248582475,0.3387654766448504
624,scCube,sim2,DLPFC_151676train_151673spatial,SEDR,151676,151673,0.5604854842217948,0.6719485952893101,0.6387257940344868,0.7854887842702853,0.673205553484197,0.6707955277829577,0.6719485952893101
625,scCube,sim2,DLPFC_151676train_151673spatial,STAGATE,151676,151673,0.5832763233856825,0.6903865320245001,0.6550050557504592,0.8254223206867903,0.7053409680280593,0.6760533662084874,0.6903865320245
626,scCube,sim2,DLPFC_151676train_151673spatial,SpaGCN,151676,151673,0.42425716193435636,0.5525251149563272,0.5206740087757761,0.7053447798393797,0.5692188387468684,0.5367826607981965,0.5525251149563271
627,scCube,sim2,DLPFC_151676train_151673spatial,SpaceFlow,151676,151673,0.3446300952490628,0.5011205462094745,0.45465682011127423,0.6152312378842426,0.514731499887864,0.4882240880334301,0.5011205462094745
628,scCube,sim2,DLPFC_151676train_151673spatial,SpatialMGCN,151676,151673,0.44484924391401826,0.5878814229260422,0.5454160500044808,0.7158681805594018,0.5869084698357112,0.5888576072173805,0.5878814229260421
629,scCube,sim2,DLPFC_151676train_151673spatial,stLearn,151676,151673,0.20869468306621813,0.34424312454102124,0.34453616757267513,0.5278316255884796,0.3503613205347445,0.33833906034728684,0.34424312454102124
630,scCube,sim2,DLPFC_151676train_151674spatial,BASS,151676,151674,0.4074413397708886,0.5929237193339478,0.5071066756183584,0.6822558459422283,0.5962838090405661,0.5896012859859122,0.5929237193339479
631,scCube,sim2,DLPFC_151676train_151674spatial,Banksy,151676,151674,0.7003860848166202,0.7665120783816565,0.7502239157872765,0.8660247592847318,0.7758610237962538,0.757385755663643,0.7665120783816565
632,scCube,sim2,DLPFC_151676train_151674spatial,BayesSpace,151676,151674,0.3808320209014202,0.5574752889977073,0.4872686923643602,0.6332874828060523,0.5569629676036836,0.5579885537753447,0.5574752889977073
633,scCube,sim2,DLPFC_151676train_151674spatial,CCST,151676,151674,0.48812753909450424,0.6360023632566794,0.5789148906466449,0.7394773039889959,0.6301335851915071,0.6420964407283386,0.6360023632566794
634,scCube,sim2,DLPFC_151676train_151674spatial,CellCharter,151676,151674,0.4677894154085962,0.6081259202192448,0.556226275236918,0.7034387895460797,0.6148421734026133,0.6017560807406237,0.6081259202192448
635,scCube,sim2,DLPFC_151676train_151674spatial,DeepST,151676,151674,0.6453360548628939,0.7298103727044266,0.7042334612705228,0.819477303988996,0.7394514629715718,0.7204632071868595,0.7298103727044265
636,scCube,sim2,DLPFC_151676train_151674spatial,GraphST,151676,151674,0.595059146047717,0.6853419776212903,0.6669998067171375,0.7854195323246217,0.677711126623809,0.6931466283531135,0.6853419776212903
637,scCube,sim2,DLPFC_151676train_151674spatial,PRECAST,151676,151674,0.3350530222068414,0.41174783042867064,0.4501838182675325,0.588445667125172,0.41119497338240973,0.4123021761235693,0.41174783042867064
638,scCube,sim2,DLPFC_151676train_151674spatial,SEDR,151676,151674,0.6722725624447261,0.7403579561244881,0.7272820712502226,0.8313067400275104,0.7432685126047873,0.7374999134486264,0.740357956124488
639,scCube,sim2,DLPFC_151676train_151674spatial,STAGATE,151676,151674,0.5780059914944617,0.6640932012347356,0.6499773451585715,0.7823383768913342,0.664855908752995,0.6634050235396171,0.6640932012347356
640,scCube,sim2,DLPFC_151676train_151674spatial,SpaGCN,151676,151674,0.4261757953561478,0.5449004317919494,0.5177993944851506,0.7048143053645117,0.5592851245019567,0.5312371275118475,0.5449004317919494
641,scCube,sim2,DLPFC_151676train_151674spatial,SpaceFlow,151676,151674,0.36277552216239084,0.49983534973202703,0.4659726052452366,0.6243191196698762,0.509302866667109,0.4907259630827599,0.49983534973202703
642,scCube,sim2,DLPFC_151676train_151674spatial,SpatialMGCN,151676,151674,0.5302622434970115,0.6478604751196657,0.6104601136916086,0.7653370013755159,0.6475748921486822,0.6481463100881169,0.6478604751196657
643,scCube,sim2,DLPFC_151676train_151674spatial,stLearn,151676,151674,0.17245344595540085,0.33053715976630044,0.31882689731490726,0.49931224209078395,0.3273502633119998,0.33387130447281754,0.3305371597663004
644,scCube,sim2,DLPFC_151676train_151675spatial,BASS,151676,151675,0.5864745209910082,0.6808950670146547,0.6539574210945401,0.7916432978126753,0.6836272437994888,0.678184642069337,0.6808950670146547
645,scCube,sim2,DLPFC_151676train_151675spatial,Banksy,151676,151675,0.7317711628967378,0.7786206442742768,0.7757972951151274,0.8726864834548513,0.7810772547960378,0.7761794381543489,0.7786206442742768
646,scCube,sim2,DLPFC_151676train_151675spatial,BayesSpace,151676,151675,0.3999301433930484,0.5687075693584239,0.4998953697977365,0.64385866517106,0.5665768382883418,0.5708543870480608,0.5687075693584238
647,scCube,sim2,DLPFC_151676train_151675spatial,CCST,151676,151675,0.5372569619923152,0.6548771263516219,0.6146625260998799,0.7531688166012339,0.6527472173526114,0.6570572506128277,0.6548771263516219
648,scCube,sim2,DLPFC_151676train_151675spatial,CellCharter,151676,151675,0.5373851213228178,0.6406955951134021,0.6104203773472137,0.7511497476163769,0.6515599411637417,0.6301900600976262,0.6406955951134021
649,scCube,sim2,DLPFC_151676train_151675spatial,DeepST,151676,151675,0.6751960841710817,0.7474612640098817,0.7281916114870345,0.806842400448682,0.7507482735235841,0.744219123597339,0.7474612640098818
650,scCube,sim2,DLPFC_151676train_151675spatial,GraphST,151676,151675,0.4908547452321722,0.6409270959187631,0.5827660955878049,0.7403252944475603,0.6262618221480047,0.656295677304131,0.6409270959187631
651,scCube,sim2,DLPFC_151676train_151675spatial,PRECAST,151676,151675,0.2271147686467196,0.36793114633262,0.3635521994670701,0.5311273135165452,0.361721892091152,0.3743572977199581,0.36793114633262
652,scCube,sim2,DLPFC_151676train_151675spatial,SEDR,151676,151675,0.6176064461392243,0.6925679405573264,0.6808330025858078,0.7748738081884465,0.6892393594788594,0.6960134009908813,0.6925679405573264
653,scCube,sim2,DLPFC_151676train_151675spatial,STAGATE,151676,151675,0.6334670235563222,0.6892378427207277,0.6939733575528839,0.811048794167134,0.6891273055575171,0.6893855665751605,0.6892378427207277
654,scCube,sim2,DLPFC_151676train_151675spatial,SpaGCN,151676,151675,0.4368591874880375,0.571024493936966,0.52619225293327,0.6828379136287156,0.5783240024478445,0.5639069549799162,0.571024493936966
655,scCube,sim2,DLPFC_151676train_151675spatial,SpaceFlow,151676,151675,0.4056586514228706,0.5708381721764775,0.5043535496962591,0.6473359506449803,0.5695519479615123,0.5721941695873196,0.5708381721764775
656,scCube,sim2,DLPFC_151676train_151675spatial,SpatialMGCN,151676,151675,0.42614782850496746,0.5533879739564147,0.5311860590827542,0.6360067302299495,0.5360073209361413,0.5719335770962996,0.5533879739564147
657,scCube,sim2,DLPFC_151676train_151675spatial,stLearn,151676,151675,0.18881327699845593,0.3378890019758011,0.32579669418067514,0.4956814357823892,0.3359991912234867,0.3398826197268134,0.337889001975801
658,scCube,sim2,DLPFC_151676train_151676spatial,BASS,151676,151676,0.3008115648855741,0.48655888622763455,0.41728659932916756,0.577091227047508,0.4895588736343733,0.48359544236991053,0.48655888622763455
659,scCube,sim2,DLPFC_151676train_151676spatial,Banksy,151676,151676,0.5193510188873067,0.6221786711788047,0.5964894159415776,0.721364033809385,0.6354748898594622,0.6094274503529428,0.6221786711788047
660,scCube,sim2,DLPFC_151676train_151676spatial,BayesSpace,151676,151676,0.3285191438865457,0.5152246880392912,0.44549383255515396,0.5945788399883416,0.5092965034657302,0.5212925054463828,0.5152246880392913
661,scCube,sim2,DLPFC_151676train_151676spatial,CCST,151676,151676,0.3876124346539141,0.5536658143150986,0.4908635877423957,0.6598076362576508,0.5537482350590779,0.55366985539522,0.5536658143150988
662,scCube,sim2,DLPFC_151676train_151676spatial,CellCharter,151676,151676,0.4108272475432315,0.535408134936793,0.5048843584759797,0.6665112212183038,0.5467329304138571,0.5245518193996273,0.535408134936793
663,scCube,sim2,DLPFC_151676train_151676spatial,DeepST,151676,151676,0.5109251448970781,0.6437836068268957,0.5914205388122925,0.7196152725153017,0.6495564624209091,0.6381456794275809,0.6437836068268957
664,scCube,sim2,DLPFC_151676train_151676spatial,GraphST,151676,151676,0.4143213359377021,0.5517326711541504,0.5166793187506387,0.6056543281842028,0.545064594276573,0.5585659171879478,0.5517326711541503
665,scCube,sim2,DLPFC_151676train_151676spatial,PRECAST,151676,151676,0.2984365325063758,0.3942846780297712,0.4215151993387016,0.5867094141649665,0.3902709649276394,0.3983818064867737,0.3942846780297711
666,scCube,sim2,DLPFC_151676train_151676spatial,SEDR,151676,151676,0.44358047999444405,0.5653358533652355,0.5383784021537219,0.6475663071990674,0.5613093069660214,0.5695396431252412,0.5653358533652355
667,scCube,sim2,DLPFC_151676train_151676spatial,STAGATE,151676,151676,0.41453221383866523,0.5635537567426961,0.5122284937040755,0.621334887787817,0.5658486731978295,0.5612816899884894,0.5635537567426961
668,scCube,sim2,DLPFC_151676train_151676spatial,SpaGCN,151676,151676,0.3826729556719984,0.5001300087108641,0.4825807543117381,0.5779656076945497,0.5073347832288926,0.4931270020650005,0.5001300087108641
669,scCube,sim2,DLPFC_151676train_151676spatial,SpaceFlow,151676,151676,0.27527444876126117,0.40829703903713455,0.3921845273639588,0.5562226756047799,0.4176407140397303,0.3996229199935871,0.40829703903713455
670,scCube,sim2,DLPFC_151676train_151676spatial,SpatialMGCN,151676,151676,0.2622968528935472,0.4308831135425379,0.3893043886788973,0.5214223258525211,0.42585757506545435,0.436028681080096,0.4308831135425379
671,scCube,sim2,DLPFC_151676train_151676spatial,stLearn,151676,151676,0.20910875111322266,0.36086264593114775,0.3401985699662219,0.5034683765665987,0.36357366968133,0.35819211368531495,0.3608626459311477
