,Technology,Dataset,Sample,Method,train_sample,test_sample,ARI,NMI,FMI,Purity,Homogeneity,Completeness,V_measure
0,scCube,sim2,MERFISH_Animal1_Bregma0.01train_Animal1_Bregma0.01spatial,BASS,Animal1_Bregma0.01,Animal1_Bregma0.01,0.6817277191845198,0.7620816908860795,0.7480949755448899,0.9091420007493444,0.7948526786869018,0.7319059349156836,0.7620816908860795
1,scCube,sim2,MERFISH_Animal1_Bregma0.01train_Animal1_Bregma0.01spatial,Banksy,Animal1_Bregma0.01,Animal1_Bregma0.01,0.5010431306372745,0.6922683236505425,0.6330683867806802,0.7479205695016861,0.6649043765294382,0.7245203874433885,0.6922683236505425
2,scCube,sim2,MERFISH_Animal1_Bregma0.01train_Animal1_Bregma0.01spatial,CCST,Animal1_Bregma0.01,Animal1_Bregma0.01,0.1258116990442427,0.16596632285490026,0.3403143863860764,0.4496440614462346,0.1517948032018684,0.18323038809365275,0.16596632285490023
3,scCube,sim2,MERFISH_Animal1_Bregma0.01train_Animal1_Bregma0.01spatial,CellCharter,Animal1_Bregma0.01,Animal1_Bregma0.01,0.27036113165770354,0.44563736481374827,0.40271517773637655,0.6561633570625702,0.48634236996153585,0.41127924860413667,0.44563736481374827
4,scCube,sim2,MERFISH_Animal1_Bregma0.01train_Animal1_Bregma0.01spatial,DeepST,Animal1_Bregma0.01,Animal1_Bregma0.01,0.34204605388403364,0.4563788143201669,0.569423071807987,0.6557886849007118,0.39528085424475207,0.5468169638518015,0.4563788143201669
5,scCube,sim2,MERFISH_Animal1_Bregma0.01train_Animal1_Bregma0.01spatial,GraphST,Animal1_Bregma0.01,Animal1_Bregma0.01,0.0794746395268908,0.2271067315843617,0.2642574009627844,0.49550393405769955,0.23613129452201892,0.21874658463953162,0.22710673158436162
6,scCube,sim2,MERFISH_Animal1_Bregma0.01train_Animal1_Bregma0.01spatial,PRECAST,Animal1_Bregma0.01,Animal1_Bregma0.01,0.7229612175123397,0.7272018520517688,0.7811149316221719,0.8692394155114276,0.7504582859876121,0.7053435089250696,0.7272018520517688
7,scCube,sim2,MERFISH_Animal1_Bregma0.01train_Animal1_Bregma0.01spatial,SEDR,Animal1_Bregma0.01,Animal1_Bregma0.01,0.4605024932161241,0.6006026751523694,0.5735738043517873,0.7849007118771075,0.6228056822709495,0.5802156751756711,0.6006026751523693
8,scCube,sim2,MERFISH_Animal1_Bregma0.01train_Animal1_Bregma0.01spatial,STAGATE,Animal1_Bregma0.01,Animal1_Bregma0.01,0.07042593152490172,0.23963930245492038,0.2605841185670436,0.50693143499438,0.24951779493391682,0.23052306209008017,0.23963930245492032
9,scCube,sim2,MERFISH_Animal1_Bregma0.01train_Animal1_Bregma0.01spatial,SpaGCN,Animal1_Bregma0.01,Animal1_Bregma0.01,0.7299735825534043,0.7378166736014004,0.787125483110609,0.8943424503559385,0.7531233765311502,0.7231197728145963,0.7378166736014004
10,scCube,sim2,MERFISH_Animal1_Bregma0.01train_Animal1_Bregma0.01spatial,SpaceFlow,Animal1_Bregma0.01,Animal1_Bregma0.01,0.09542217799045204,0.1851660144812959,0.25131901563006054,0.4903709254402398,0.20208509723285434,0.17086606453204026,0.18516601448129588
11,scCube,sim2,MERFISH_Animal1_Bregma0.01train_Animal1_Bregma0.01spatial,SpatialMGCN,Animal1_Bregma0.01,Animal1_Bregma0.01,0.7230082323446608,0.7414142564539462,0.7856388340173299,0.8840389659048332,0.7322631036799329,0.7507970292336541,0.7414142564539463
12,scCube,sim2,MERFISH_Animal1_Bregma0.01train_Animal1_Bregma0.01spatial,stLearn,Animal1_Bregma0.01,Animal1_Bregma0.01,0.5723523368274226,0.7079229416852073,0.6597999110844179,0.8827276133383289,0.7535317675056532,0.6675824541195746,0.7079229416852073
13,scCube,sim2,MERFISH_Animal1_Bregma0.01train_Animal1_Bregma0.06spatial,BASS,Animal1_Bregma0.01,Animal1_Bregma0.06,0.7161505050910051,0.773021985369001,0.7682697424980452,0.8981845405203069,0.7942400070560474,0.7529081393193101,0.773021985369001
14,scCube,sim2,MERFISH_Animal1_Bregma0.01train_Animal1_Bregma0.06spatial,Banksy,Animal1_Bregma0.01,Animal1_Bregma0.06,0.5482483501659082,0.6711941848024823,0.6581281065460778,0.7390978850832866,0.6464665666138665,0.6978888684729251,0.6711941848024823
15,scCube,sim2,MERFISH_Animal1_Bregma0.01train_Animal1_Bregma0.06spatial,CCST,Animal1_Bregma0.01,Animal1_Bregma0.06,0.11345911750410372,0.17778233109461866,0.35710735434938307,0.42451806101441136,0.14883366799443185,0.22144708292091259,0.17778233109461866
16,scCube,sim2,MERFISH_Animal1_Bregma0.01train_Animal1_Bregma0.06spatial,CellCharter,Animal1_Bregma0.01,Animal1_Bregma0.06,0.35569644314638393,0.4734120568995669,0.4655666523336174,0.6629983155530601,0.4984136214695599,0.4509215453222789,0.4734120568995669
17,scCube,sim2,MERFISH_Animal1_Bregma0.01train_Animal1_Bregma0.06spatial,DeepST,Animal1_Bregma0.01,Animal1_Bregma0.06,0.43603337294589534,0.5259140934013221,0.5965707140185141,0.7041362530413625,0.4777549371871225,0.5905332029523337,0.525914093401322
18,scCube,sim2,MERFISH_Animal1_Bregma0.01train_Animal1_Bregma0.06spatial,GraphST,Animal1_Bregma0.01,Animal1_Bregma0.06,0.214361077980169,0.2943609039454202,0.3851753505837719,0.5768294965375257,0.2859036309289742,0.303333775489905,0.2943609039454202
19,scCube,sim2,MERFISH_Animal1_Bregma0.01train_Animal1_Bregma0.06spatial,PRECAST,Animal1_Bregma0.01,Animal1_Bregma0.06,0.6225055193979587,0.7207620900518155,0.7084996169707333,0.785513756316676,0.6977700124845324,0.7453210108826525,0.7207620900518155
20,scCube,sim2,MERFISH_Animal1_Bregma0.01train_Animal1_Bregma0.06spatial,SEDR,Animal1_Bregma0.01,Animal1_Bregma0.06,0.5384122422295826,0.6365322435851246,0.622806802974283,0.7931124836234325,0.6522548238922027,0.6217325624071315,0.6365322435851246
21,scCube,sim2,MERFISH_Animal1_Bregma0.01train_Animal1_Bregma0.06spatial,STAGATE,Animal1_Bregma0.01,Animal1_Bregma0.06,0.19662530616692941,0.30455902060913653,0.34772394081319297,0.5559423544825005,0.306501624474575,0.3026409259703498,0.30455902060913653
22,scCube,sim2,MERFISH_Animal1_Bregma0.01train_Animal1_Bregma0.06spatial,SpaGCN,Animal1_Bregma0.01,Animal1_Bregma0.06,0.7622787040833187,0.7633106393765345,0.8067304512504254,0.8978102189781023,0.7687703347829687,0.7579279450492854,0.7633106393765346
23,scCube,sim2,MERFISH_Animal1_Bregma0.01train_Animal1_Bregma0.06spatial,SpaceFlow,Animal1_Bregma0.01,Animal1_Bregma0.06,0.14216045129666716,0.21990268844020472,0.28603398733534985,0.5083660864682763,0.2302462708908099,0.2104578608388703,0.21990268844020472
24,scCube,sim2,MERFISH_Animal1_Bregma0.01train_Animal1_Bregma0.06spatial,SpatialMGCN,Animal1_Bregma0.01,Animal1_Bregma0.06,0.5897326614738521,0.7329679651236769,0.7044808371951373,0.7716638592551002,0.6802049207280815,0.794604943373239,0.732967965123677
25,scCube,sim2,MERFISH_Animal1_Bregma0.01train_Animal1_Bregma0.06spatial,stLearn,Animal1_Bregma0.01,Animal1_Bregma0.06,0.6135894980720238,0.7221655305239829,0.68338585444356,0.8717574396406513,0.748753044202386,0.6975031073381198,0.7221655305239829
26,scCube,sim2,MERFISH_Animal1_Bregma0.01train_Animal1_Bregma0.11spatial,BASS,Animal1_Bregma0.01,Animal1_Bregma0.11,0.7081953812200894,0.7641927637883765,0.7646845760230067,0.9171597633136097,0.8036950101859184,0.7283917331105698,0.7641927637883766
27,scCube,sim2,MERFISH_Animal1_Bregma0.01train_Animal1_Bregma0.11spatial,Banksy,Animal1_Bregma0.01,Animal1_Bregma0.11,0.535218188060774,0.6750400543577137,0.6426532143299271,0.7676134122287969,0.672691857501272,0.678037873198757,0.6750400543577137
28,scCube,sim2,MERFISH_Animal1_Bregma0.01train_Animal1_Bregma0.11spatial,CCST,Animal1_Bregma0.01,Animal1_Bregma0.11,0.13116824092732504,0.1516837078759225,0.37992542364913945,0.47956607495069037,0.12459184360005929,0.1944681478850096,0.15168370787592247
29,scCube,sim2,MERFISH_Animal1_Bregma0.01train_Animal1_Bregma0.11spatial,CellCharter,Animal1_Bregma0.01,Animal1_Bregma0.11,0.39870286443308367,0.4905855119072897,0.5062075728454613,0.7281656804733727,0.533601617861236,0.454026527772079,0.4905855119072897
30,scCube,sim2,MERFISH_Animal1_Bregma0.01train_Animal1_Bregma0.11spatial,DeepST,Animal1_Bregma0.01,Animal1_Bregma0.11,0.5469206114454327,0.5595402131407953,0.6444916354715202,0.8025641025641026,0.5521813301036752,0.5671022270709967,0.5595402131407953
31,scCube,sim2,MERFISH_Animal1_Bregma0.01train_Animal1_Bregma0.11spatial,GraphST,Animal1_Bregma0.01,Animal1_Bregma0.11,0.1772065437176205,0.2535532020467473,0.3272370880537902,0.565483234714004,0.2696825544605707,0.2392443196905527,0.2535532020467473
32,scCube,sim2,MERFISH_Animal1_Bregma0.01train_Animal1_Bregma0.11spatial,PRECAST,Animal1_Bregma0.01,Animal1_Bregma0.11,0.5748101504869805,0.704462163306868,0.6832718601991971,0.755621301775148,0.6796265469883151,0.7311817636851614,0.7044621633068678
33,scCube,sim2,MERFISH_Animal1_Bregma0.01train_Animal1_Bregma0.11spatial,SEDR,Animal1_Bregma0.01,Animal1_Bregma0.11,0.559423416261415,0.663312048966251,0.6416486590097166,0.859447731755424,0.71285308238967,0.6204207264098247,0.663312048966251
34,scCube,sim2,MERFISH_Animal1_Bregma0.01train_Animal1_Bregma0.11spatial,STAGATE,Animal1_Bregma0.01,Animal1_Bregma0.11,0.2277832451652279,0.27659926118164024,0.364358530103366,0.5866666666666667,0.2966923764940047,0.2590583626536809,0.27659926118164024
35,scCube,sim2,MERFISH_Animal1_Bregma0.01train_Animal1_Bregma0.11spatial,SpaGCN,Animal1_Bregma0.01,Animal1_Bregma0.11,0.6191959526962252,0.7061120522955251,0.6922214009427485,0.903353057199211,0.757772153550548,0.6610461188558685,0.7061120522955251
36,scCube,sim2,MERFISH_Animal1_Bregma0.01train_Animal1_Bregma0.11spatial,SpaceFlow,Animal1_Bregma0.01,Animal1_Bregma0.11,0.1428149963790341,0.189728122553916,0.2807651254999858,0.5387376725838264,0.21071131465408727,0.17254719646826178,0.18972812255391602
37,scCube,sim2,MERFISH_Animal1_Bregma0.01train_Animal1_Bregma0.11spatial,SpatialMGCN,Animal1_Bregma0.01,Animal1_Bregma0.11,0.6494505729662148,0.7184152958238278,0.7254487770977318,0.8660749506903354,0.7151621594506588,0.7216981632326189,0.7184152958238277
38,scCube,sim2,MERFISH_Animal1_Bregma0.01train_Animal1_Bregma0.11spatial,stLearn,Animal1_Bregma0.01,Animal1_Bregma0.11,0.6418623970574281,0.7332054254474674,0.7112205871997934,0.9044575936883629,0.7841232104670877,0.6886656098761643,0.7332054254474675
39,scCube,sim2,MERFISH_Animal1_Bregma0.01train_Animal1_Bregma0.21spatial,BASS,Animal1_Bregma0.01,Animal1_Bregma0.21,0.7621509434530931,0.8092637737165079,0.8133919326693053,0.9360768748694379,0.855085114533132,0.7681035056711254,0.809263773716508
40,scCube,sim2,MERFISH_Animal1_Bregma0.01train_Animal1_Bregma0.21spatial,Banksy,Animal1_Bregma0.01,Animal1_Bregma0.21,0.6808155312345076,0.7449032735522134,0.7566159317192535,0.8685189053687068,0.7467589652311795,0.7434437465767404,0.7449032735522134
41,scCube,sim2,MERFISH_Animal1_Bregma0.01train_Animal1_Bregma0.21spatial,CCST,Animal1_Bregma0.01,Animal1_Bregma0.21,0.16337251198675826,0.19997356499554458,0.3930639626883955,0.5118445790683099,0.17040123439425145,0.2420780041807548,0.19997356499554458
42,scCube,sim2,MERFISH_Animal1_Bregma0.01train_Animal1_Bregma0.21spatial,CellCharter,Animal1_Bregma0.01,Animal1_Bregma0.21,0.42436144801900744,0.579556084254236,0.5350590288843613,0.7741382912053478,0.6387369347036822,0.5304324215059962,0.5795560842542359
43,scCube,sim2,MERFISH_Animal1_Bregma0.01train_Animal1_Bregma0.21spatial,DeepST,Animal1_Bregma0.01,Animal1_Bregma0.21,0.5323984539605273,0.5559868983499411,0.6668695957637378,0.7725924378525173,0.5131281904319973,0.6119832884634937,0.5559868983499411
44,scCube,sim2,MERFISH_Animal1_Bregma0.01train_Animal1_Bregma0.21spatial,GraphST,Animal1_Bregma0.01,Animal1_Bregma0.21,0.199453217598074,0.24260060526823804,0.3481424203509267,0.5909755588050971,0.2626223091257089,0.2254154633540065,0.24260060526823804
45,scCube,sim2,MERFISH_Animal1_Bregma0.01train_Animal1_Bregma0.21spatial,PRECAST,Animal1_Bregma0.01,Animal1_Bregma0.21,0.6695401479176568,0.7249700199716679,0.7421779798867902,0.8433256736996031,0.7396004912182728,0.7109071485706018,0.724970019971668
46,scCube,sim2,MERFISH_Animal1_Bregma0.01train_Animal1_Bregma0.21spatial,SEDR,Animal1_Bregma0.01,Animal1_Bregma0.21,0.5701040831864186,0.6750636762501079,0.6583882968029297,0.8612074368080217,0.7194721479954682,0.6361118377204553,0.6750636762501079
47,scCube,sim2,MERFISH_Animal1_Bregma0.01train_Animal1_Bregma0.21spatial,STAGATE,Animal1_Bregma0.01,Animal1_Bregma0.21,0.21599431470721422,0.2868166972110632,0.35723271023299186,0.5888865677877585,0.3152259097817109,0.2631425438383973,0.28681669721106323
48,scCube,sim2,MERFISH_Animal1_Bregma0.01train_Animal1_Bregma0.21spatial,SpaGCN,Animal1_Bregma0.01,Animal1_Bregma0.21,0.7368616713085786,0.7498650178871104,0.792045226566521,0.8677668686024649,0.7809478829905229,0.7211617289396618,0.7498650178871105
49,scCube,sim2,MERFISH_Animal1_Bregma0.01train_Animal1_Bregma0.21spatial,SpaceFlow,Animal1_Bregma0.01,Animal1_Bregma0.21,0.16863232812060686,0.19862137218476514,0.31607996802906324,0.5412993524127846,0.217965506030247,0.1824345856789343,0.19862137218476514
50,scCube,sim2,MERFISH_Animal1_Bregma0.01train_Animal1_Bregma0.21spatial,SpatialMGCN,Animal1_Bregma0.01,Animal1_Bregma0.21,0.7177875221746094,0.7709134279443224,0.7869434391332081,0.8775851263839567,0.763439199559655,0.778535451774748,0.7709134279443224
51,scCube,sim2,MERFISH_Animal1_Bregma0.01train_Animal1_Bregma0.21spatial,stLearn,Animal1_Bregma0.01,Animal1_Bregma0.21,0.650530372756961,0.7524388972381747,0.7260120989056702,0.9191978274493421,0.8194213843017151,0.6957593829531448,0.7524388972381747
52,scCube,sim2,MERFISH_Animal1_Bregma0.01train_Animal1_Bregma0.26spatial,BASS,Animal1_Bregma0.01,Animal1_Bregma0.26,0.7221720093962228,0.8039443259678392,0.7833870661540732,0.9377069536423839,0.858379477657197,0.7560015893738982,0.8039443259678393
53,scCube,sim2,MERFISH_Animal1_Bregma0.01train_Animal1_Bregma0.26spatial,Banksy,Animal1_Bregma0.01,Animal1_Bregma0.26,0.6739861910713285,0.7398644627960536,0.7473609981593612,0.8771523178807946,0.7557943139090497,0.725271938187966,0.7398644627960536
54,scCube,sim2,MERFISH_Animal1_Bregma0.01train_Animal1_Bregma0.26spatial,CCST,Animal1_Bregma0.01,Animal1_Bregma0.26,0.12373371168122416,0.17583711859810458,0.3884315758844911,0.4875,0.14609672929973488,0.22663361257200493,0.17583711859810458
55,scCube,sim2,MERFISH_Animal1_Bregma0.01train_Animal1_Bregma0.26spatial,CellCharter,Animal1_Bregma0.01,Animal1_Bregma0.26,0.4082664316552167,0.5528966616216955,0.5227347437464741,0.7846854304635762,0.6176427565412504,0.5004808579878417,0.5528966616216955
56,scCube,sim2,MERFISH_Animal1_Bregma0.01train_Animal1_Bregma0.26spatial,DeepST,Animal1_Bregma0.01,Animal1_Bregma0.26,0.5780060777531834,0.5642276686743272,0.6882473014687698,0.7962748344370861,0.5342530851371844,0.5994016645635607,0.564227668674327
57,scCube,sim2,MERFISH_Animal1_Bregma0.01train_Animal1_Bregma0.26spatial,GraphST,Animal1_Bregma0.01,Animal1_Bregma0.26,0.1633056401333006,0.2194618522541402,0.3622708274315507,0.5382864238410596,0.21931736786233272,0.2196065271415888,0.2194618522541402
58,scCube,sim2,MERFISH_Animal1_Bregma0.01train_Animal1_Bregma0.26spatial,PRECAST,Animal1_Bregma0.01,Animal1_Bregma0.26,0.7232384442035131,0.7292135486925769,0.7846745969532978,0.8569950331125827,0.7442740888179907,0.7147504259908484,0.7292135486925769
59,scCube,sim2,MERFISH_Animal1_Bregma0.01train_Animal1_Bregma0.26spatial,SEDR,Animal1_Bregma0.01,Animal1_Bregma0.26,0.6011956298074093,0.6855732757615167,0.684152828850347,0.8774834437086092,0.7369733116775705,0.6412880763520346,0.6855732757615167
60,scCube,sim2,MERFISH_Animal1_Bregma0.01train_Animal1_Bregma0.26spatial,STAGATE,Animal1_Bregma0.01,Animal1_Bregma0.26,0.19127009170087841,0.2607408133675092,0.3368674235985658,0.5645281456953641,0.2873559639563436,0.23864298099727846,0.2607408133675092
61,scCube,sim2,MERFISH_Animal1_Bregma0.01train_Animal1_Bregma0.26spatial,SpaGCN,Animal1_Bregma0.01,Animal1_Bregma0.26,0.6879565409442604,0.7427032704681107,0.7546541385837867,0.9151490066225165,0.7880182802181138,0.7023165412353095,0.7427032704681107
62,scCube,sim2,MERFISH_Animal1_Bregma0.01train_Animal1_Bregma0.26spatial,SpaceFlow,Animal1_Bregma0.01,Animal1_Bregma0.26,0.14739854591255028,0.17856724917843533,0.30045960620753587,0.5288079470198676,0.19591466521439851,0.16405109146797223,0.17856724917843533
63,scCube,sim2,MERFISH_Animal1_Bregma0.01train_Animal1_Bregma0.26spatial,SpatialMGCN,Animal1_Bregma0.01,Animal1_Bregma0.26,0.6977952790716068,0.7421220166343572,0.7707854781186291,0.8714817880794701,0.7452213589312842,0.739048347615365,0.7421220166343572
64,scCube,sim2,MERFISH_Animal1_Bregma0.01train_Animal1_Bregma0.26spatial,stLearn,Animal1_Bregma0.01,Animal1_Bregma0.26,0.6462520055900332,0.7582448842215023,0.7237342033943102,0.9217715231788078,0.8255837234719443,0.7012406501506121,0.7582448842215023
65,scCube,sim2,MERFISH_Animal1_Bregma0.06train_Animal1_Bregma0.01spatial,BASS,Animal1_Bregma0.06,Animal1_Bregma0.01,0.607750683916114,0.6910912631962491,0.6880894168895662,0.8529411764705882,0.7237530586244059,0.6612501233246969,0.6910912631962491
66,scCube,sim2,MERFISH_Animal1_Bregma0.06train_Animal1_Bregma0.01spatial,Banksy,Animal1_Bregma0.06,Animal1_Bregma0.01,0.5465340031366107,0.6906764480832777,0.6523432938584303,0.7961783439490445,0.697683554638757,0.6852041932828506,0.6906764480832777
67,scCube,sim2,MERFISH_Animal1_Bregma0.06train_Animal1_Bregma0.01spatial,CCST,Animal1_Bregma0.06,Animal1_Bregma0.01,0.10948638795709471,0.1629403242317829,0.3247268220951597,0.4464968152866241,0.15360478827181182,0.1735228646439753,0.1629403242317829
68,scCube,sim2,MERFISH_Animal1_Bregma0.06train_Animal1_Bregma0.01spatial,CellCharter,Animal1_Bregma0.06,Animal1_Bregma0.01,0.2659894088514581,0.39987623766790137,0.40268538165018164,0.6239040839265643,0.43116477365693096,0.37290026118457886,0.3998762376679013
69,scCube,sim2,MERFISH_Animal1_Bregma0.06train_Animal1_Bregma0.01spatial,DeepST,Animal1_Bregma0.06,Animal1_Bregma0.01,0.33909845638781383,0.44479799831328865,0.5714620278166093,0.6331584863244661,0.37806030254248063,0.5533870990082062,0.44479799831328865
70,scCube,sim2,MERFISH_Animal1_Bregma0.06train_Animal1_Bregma0.01spatial,GraphST,Animal1_Bregma0.06,Animal1_Bregma0.01,0.11910100944113419,0.23936135513697127,0.3185100715541243,0.491007868115399,0.2378802775875259,0.24086099104623454,0.23936135513697127
71,scCube,sim2,MERFISH_Animal1_Bregma0.06train_Animal1_Bregma0.01spatial,PRECAST,Animal1_Bregma0.06,Animal1_Bregma0.01,0.544705968276113,0.6702571133479522,0.6372983451769004,0.8716747845635069,0.7230625288297597,0.6246395496768817,0.6702571133479522
72,scCube,sim2,MERFISH_Animal1_Bregma0.06train_Animal1_Bregma0.01spatial,SEDR,Animal1_Bregma0.06,Animal1_Bregma0.01,0.44563512382134834,0.5898473519145441,0.5629603179735242,0.761970775571375,0.6057234892665024,0.5752478461391952,0.5898473519145441
73,scCube,sim2,MERFISH_Animal1_Bregma0.06train_Animal1_Bregma0.01spatial,STAGATE,Animal1_Bregma0.06,Animal1_Bregma0.01,0.23085658578197413,0.29249964292150155,0.3852494403549777,0.5683027351067815,0.3035633649572806,0.28232740324189176,0.29249964292150155
74,scCube,sim2,MERFISH_Animal1_Bregma0.06train_Animal1_Bregma0.01spatial,SpaGCN,Animal1_Bregma0.06,Animal1_Bregma0.01,0.4910724670805691,0.6464654442394004,0.5924719984508479,0.8111652304233795,0.6793659930899779,0.616604336527586,0.6464654442394004
75,scCube,sim2,MERFISH_Animal1_Bregma0.06train_Animal1_Bregma0.01spatial,SpaceFlow,Animal1_Bregma0.06,Animal1_Bregma0.01,0.12242446958168585,0.20411463046204553,0.2861739393825145,0.5045335331584864,0.21649362070044115,0.19311045497866922,0.20411463046204553
76,scCube,sim2,MERFISH_Animal1_Bregma0.06train_Animal1_Bregma0.01spatial,SpatialMGCN,Animal1_Bregma0.06,Animal1_Bregma0.01,0.6277346751869387,0.7027605681780916,0.7043293510367915,0.8664293742974897,0.7387817177991232,0.6700887175196236,0.7027605681780917
77,scCube,sim2,MERFISH_Animal1_Bregma0.06train_Animal1_Bregma0.01spatial,stLearn,Animal1_Bregma0.06,Animal1_Bregma0.01,0.5039070937104275,0.641700056656523,0.6024285181073397,0.8303484451105284,0.684910584341547,0.6039062568078281,0.641700056656523
78,scCube,sim2,MERFISH_Animal1_Bregma0.06train_Animal1_Bregma0.06spatial,BASS,Animal1_Bregma0.06,Animal1_Bregma0.06,0.6249251857204301,0.7103229661983164,0.6925831675301946,0.8523301516002245,0.7344349935541903,0.6877438427948247,0.7103229661983163
79,scCube,sim2,MERFISH_Animal1_Bregma0.06train_Animal1_Bregma0.06spatial,Banksy,Animal1_Bregma0.06,Animal1_Bregma0.06,0.5741444489960046,0.6898899737884487,0.663501180560667,0.7907916900617631,0.682823519415148,0.6974552819692781,0.6898899737884487
80,scCube,sim2,MERFISH_Animal1_Bregma0.06train_Animal1_Bregma0.06spatial,CCST,Animal1_Bregma0.06,Animal1_Bregma0.06,0.106354560381173,0.16844447835911908,0.3466295861464863,0.41864121280179667,0.13959497839104595,0.21237254037729794,0.16844447835911908
81,scCube,sim2,MERFISH_Animal1_Bregma0.06train_Animal1_Bregma0.06spatial,CellCharter,Animal1_Bregma0.06,Animal1_Bregma0.06,0.33693171496402297,0.4705899905080437,0.4503574804163614,0.6588807785888078,0.49428743026630667,0.44909459570177274,0.4705899905080437
82,scCube,sim2,MERFISH_Animal1_Bregma0.06train_Animal1_Bregma0.06spatial,DeepST,Animal1_Bregma0.06,Animal1_Bregma0.06,0.33635340675207054,0.4800779029003759,0.5487448529128012,0.6431967059704287,0.4110543069953218,0.5769760110483293,0.4800779029003759
83,scCube,sim2,MERFISH_Animal1_Bregma0.06train_Animal1_Bregma0.06spatial,GraphST,Animal1_Bregma0.06,Animal1_Bregma0.06,0.1259527875806302,0.2673707071232991,0.3445223089522861,0.5294778214486243,0.24881693396717122,0.2889144722270449,0.2673707071232991
84,scCube,sim2,MERFISH_Animal1_Bregma0.06train_Animal1_Bregma0.06spatial,PRECAST,Animal1_Bregma0.06,Animal1_Bregma0.06,0.730327060005384,0.718769849178576,0.7799279901819772,0.865992887890698,0.7378460849942063,0.7006551460404447,0.7187698491785759
85,scCube,sim2,MERFISH_Animal1_Bregma0.06train_Animal1_Bregma0.06spatial,SEDR,Animal1_Bregma0.06,Animal1_Bregma0.06,0.4504188268442905,0.5784485732583977,0.5571159949304421,0.7352049410443571,0.5843275157988156,0.5734132351387637,0.5784485732583977
86,scCube,sim2,MERFISH_Animal1_Bregma0.06train_Animal1_Bregma0.06spatial,STAGATE,Animal1_Bregma0.06,Animal1_Bregma0.06,0.18019685876348485,0.2907088742060051,0.3319829414540205,0.5412315178738536,0.29499343739117767,0.2866072483854653,0.2907088742060051
87,scCube,sim2,MERFISH_Animal1_Bregma0.06train_Animal1_Bregma0.06spatial,SpaGCN,Animal1_Bregma0.06,Animal1_Bregma0.06,0.4879282973051131,0.6433696783431897,0.5854653509470834,0.7435897435897436,0.6451292464828784,0.6416196824204515,0.6433696783431896
88,scCube,sim2,MERFISH_Animal1_Bregma0.06train_Animal1_Bregma0.06spatial,SpaceFlow,Animal1_Bregma0.06,Animal1_Bregma0.06,0.10900084549770198,0.1935876031958459,0.25022831378327326,0.4726558113419427,0.20683686094948328,0.18193447582474115,0.1935876031958459
89,scCube,sim2,MERFISH_Animal1_Bregma0.06train_Animal1_Bregma0.06spatial,SpatialMGCN,Animal1_Bregma0.06,Animal1_Bregma0.06,0.5883899755929581,0.7136497169510265,0.6995889028273449,0.7619314991577766,0.6703526846299318,0.762925909178938,0.7136497169510265
90,scCube,sim2,MERFISH_Animal1_Bregma0.06train_Animal1_Bregma0.06spatial,stLearn,Animal1_Bregma0.06,Animal1_Bregma0.06,0.5703378215890993,0.6849414762780048,0.6468402434054755,0.8351862249672468,0.7153260453608664,0.6571688641943847,0.6849414762780048
91,scCube,sim2,MERFISH_Animal1_Bregma0.06train_Animal1_Bregma0.11spatial,BASS,Animal1_Bregma0.06,Animal1_Bregma0.11,0.6883068719493941,0.7461599783931593,0.7486863097608507,0.9086785009861933,0.7931345493183156,0.7044385591370694,0.7461599783931592
92,scCube,sim2,MERFISH_Animal1_Bregma0.06train_Animal1_Bregma0.11spatial,Banksy,Animal1_Bregma0.06,Animal1_Bregma0.11,0.514834059094284,0.6737067065617931,0.6185642640840989,0.7774358974358975,0.686791311697065,0.6615166761763103,0.6737067065617931
93,scCube,sim2,MERFISH_Animal1_Bregma0.06train_Animal1_Bregma0.11spatial,CCST,Animal1_Bregma0.06,Animal1_Bregma0.11,0.10800346160335686,0.16089489977645144,0.3284418323924153,0.44946745562130175,0.1439102662612545,0.18246322397712872,0.16089489977645144
94,scCube,sim2,MERFISH_Animal1_Bregma0.06train_Animal1_Bregma0.11spatial,CellCharter,Animal1_Bregma0.06,Animal1_Bregma0.11,0.3420313373532653,0.477914480687773,0.4565879537088744,0.7294674556213018,0.5253455878522778,0.4383733958957102,0.477914480687773
95,scCube,sim2,MERFISH_Animal1_Bregma0.06train_Animal1_Bregma0.11spatial,DeepST,Animal1_Bregma0.06,Animal1_Bregma0.11,0.5326634858438871,0.5429446989858395,0.631129433299584,0.7895069033530572,0.5337453194255796,0.5524709097412078,0.5429446989858395
96,scCube,sim2,MERFISH_Animal1_Bregma0.06train_Animal1_Bregma0.11spatial,GraphST,Animal1_Bregma0.06,Animal1_Bregma0.11,0.1244250392580667,0.2271365908739103,0.322225249106478,0.5485207100591716,0.2282008213150843,0.2260822405817014,0.2271365908739103
97,scCube,sim2,MERFISH_Animal1_Bregma0.06train_Animal1_Bregma0.11spatial,PRECAST,Animal1_Bregma0.06,Animal1_Bregma0.11,0.5116770816384925,0.6644394179086106,0.6084344977675018,0.7735700197238659,0.6860046280948608,0.6441887303750129,0.6644394179086106
98,scCube,sim2,MERFISH_Animal1_Bregma0.06train_Animal1_Bregma0.11spatial,SEDR,Animal1_Bregma0.06,Animal1_Bregma0.11,0.46402313466788403,0.594309647594821,0.5686872329091213,0.7845759368836293,0.6197955310597647,0.5713961970971674,0.594309647594821
99,scCube,sim2,MERFISH_Animal1_Bregma0.06train_Animal1_Bregma0.11spatial,STAGATE,Animal1_Bregma0.06,Animal1_Bregma0.11,0.21644051851624244,0.2655176163481379,0.354265020690635,0.5891913214990139,0.28554236364608576,0.2481174450698648,0.265517616348138
100,scCube,sim2,MERFISH_Animal1_Bregma0.06train_Animal1_Bregma0.11spatial,SpaGCN,Animal1_Bregma0.06,Animal1_Bregma0.11,0.6120856194872644,0.6930239429602926,0.6858233265138747,0.8940828402366863,0.739383324868474,0.6521350344586673,0.6930239429602925
101,scCube,sim2,MERFISH_Animal1_Bregma0.06train_Animal1_Bregma0.11spatial,SpaceFlow,Animal1_Bregma0.06,Animal1_Bregma0.11,0.1603949043138279,0.1934362269866371,0.2993504914976309,0.5386193293885602,0.21290722567017176,0.17723959854192778,0.19343622698663712
102,scCube,sim2,MERFISH_Animal1_Bregma0.06train_Animal1_Bregma0.11spatial,SpatialMGCN,Animal1_Bregma0.06,Animal1_Bregma0.11,0.49287830804489674,0.6742332215555924,0.6035435182590623,0.7546351084812624,0.6828085201954073,0.6658706433895829,0.6742332215555924
103,scCube,sim2,MERFISH_Animal1_Bregma0.06train_Animal1_Bregma0.11spatial,stLearn,Animal1_Bregma0.06,Animal1_Bregma0.11,0.5655916824527855,0.6758195389755726,0.6477342083853719,0.8557001972386586,0.7308817476023834,0.6286984560600712,0.6758195389755726
104,scCube,sim2,MERFISH_Animal1_Bregma0.06train_Animal1_Bregma0.21spatial,BASS,Animal1_Bregma0.06,Animal1_Bregma0.21,0.7384369614772197,0.7701658995427234,0.7938010095155734,0.920827240442866,0.814624790290865,0.7303086396023388,0.7701658995427234
105,scCube,sim2,MERFISH_Animal1_Bregma0.06train_Animal1_Bregma0.21spatial,Banksy,Animal1_Bregma0.06,Animal1_Bregma0.21,0.6135534320383204,0.6937954585094196,0.6926227487662839,0.8665552538124086,0.7380729826452896,0.6546070879963983,0.6937954585094196
106,scCube,sim2,MERFISH_Animal1_Bregma0.06train_Animal1_Bregma0.21spatial,CCST,Animal1_Bregma0.06,Animal1_Bregma0.21,0.1541216875967643,0.18306025424524058,0.3786447146952147,0.5078337163150198,0.15955487095858506,0.21473951673865566,0.18306025424524058
107,scCube,sim2,MERFISH_Animal1_Bregma0.06train_Animal1_Bregma0.21spatial,CellCharter,Animal1_Bregma0.06,Animal1_Bregma0.21,0.35953221270824315,0.5032351161597421,0.47965905564042605,0.7405473156465427,0.5546217372476698,0.46065929919201176,0.5032351161597421
108,scCube,sim2,MERFISH_Animal1_Bregma0.06train_Animal1_Bregma0.21spatial,DeepST,Animal1_Bregma0.06,Animal1_Bregma0.21,0.44691910723453593,0.5011409937386553,0.6174571706966303,0.7268435345728014,0.4398912772474587,0.5848678101735441,0.5011409937386554
109,scCube,sim2,MERFISH_Animal1_Bregma0.06train_Animal1_Bregma0.21spatial,GraphST,Animal1_Bregma0.06,Animal1_Bregma0.21,0.173664134512549,0.2413181706008936,0.3840071021822156,0.5554627115103405,0.2333986737813591,0.24979397981006599,0.2413181706008935
110,scCube,sim2,MERFISH_Animal1_Bregma0.06train_Animal1_Bregma0.21spatial,PRECAST,Animal1_Bregma0.06,Animal1_Bregma0.21,0.6052331539541186,0.7159959838337924,0.6866128053440702,0.8529350323793607,0.7432139091684951,0.690701175967368,0.7159959838337923
111,scCube,sim2,MERFISH_Animal1_Bregma0.06train_Animal1_Bregma0.21spatial,SEDR,Animal1_Bregma0.06,Animal1_Bregma0.21,0.47713030096791814,0.6018668681125273,0.5795604639180298,0.8140797994568624,0.6575826608157687,0.5549379719377989,0.6018668681125273
112,scCube,sim2,MERFISH_Animal1_Bregma0.06train_Animal1_Bregma0.21spatial,STAGATE,Animal1_Bregma0.06,Animal1_Bregma0.21,0.17550463743829509,0.24934952168945151,0.3245151891590675,0.5542093168999374,0.2731295840987814,0.22940262651694363,0.24934952168945151
113,scCube,sim2,MERFISH_Animal1_Bregma0.06train_Animal1_Bregma0.21spatial,SpaGCN,Animal1_Bregma0.06,Animal1_Bregma0.21,0.6118396196939571,0.6836010862196292,0.6921939677338971,0.849383747649885,0.7035232401352987,0.6647761601525393,0.6836010862196292
114,scCube,sim2,MERFISH_Animal1_Bregma0.06train_Animal1_Bregma0.21spatial,SpaceFlow,Animal1_Bregma0.06,Animal1_Bregma0.21,0.16042264449809687,0.19866236632280482,0.30627397807361084,0.5417171506162524,0.22048230136415664,0.180782202614723,0.19866236632280482
115,scCube,sim2,MERFISH_Animal1_Bregma0.06train_Animal1_Bregma0.21spatial,SpatialMGCN,Animal1_Bregma0.06,Animal1_Bregma0.21,0.566436886550597,0.6844416693396718,0.6584595685478837,0.8410277835805307,0.7146260792264059,0.6567037840750471,0.6844416693396718
116,scCube,sim2,MERFISH_Animal1_Bregma0.06train_Animal1_Bregma0.21spatial,stLearn,Animal1_Bregma0.06,Animal1_Bregma0.21,0.6387554693500886,0.7196140809524119,0.7146683556679451,0.8868184666805933,0.7760054152441463,0.671020453764988,0.7196140809524119
117,scCube,sim2,MERFISH_Animal1_Bregma0.06train_Animal1_Bregma0.26spatial,BASS,Animal1_Bregma0.06,Animal1_Bregma0.26,0.7205508402827169,0.7660442023404137,0.7806739938739212,0.9161837748344371,0.8147010254491669,0.7228717480573819,0.7660442023404136
118,scCube,sim2,MERFISH_Animal1_Bregma0.06train_Animal1_Bregma0.26spatial,Banksy,Animal1_Bregma0.06,Animal1_Bregma0.26,0.6240605739395273,0.7096046257250458,0.7022990710799057,0.8735927152317882,0.7610151796520863,0.6647008558815811,0.7096046257250459
119,scCube,sim2,MERFISH_Animal1_Bregma0.06train_Animal1_Bregma0.26spatial,CCST,Animal1_Bregma0.06,Animal1_Bregma0.26,0.12426079778283747,0.16487103566985764,0.37679807279932326,0.48567880794701984,0.13873980997029273,0.20317021938672847,0.1648710356698576
120,scCube,sim2,MERFISH_Animal1_Bregma0.06train_Animal1_Bregma0.26spatial,CellCharter,Animal1_Bregma0.06,Animal1_Bregma0.26,0.40203125494343633,0.5565950741398418,0.5174481748705564,0.7905629139072847,0.620259893848278,0.5048253195121332,0.5565950741398418
121,scCube,sim2,MERFISH_Animal1_Bregma0.06train_Animal1_Bregma0.26spatial,DeepST,Animal1_Bregma0.06,Animal1_Bregma0.26,0.4857215381983583,0.5265664713183048,0.6345386600478917,0.7607615894039735,0.4851096783268788,0.580416607118789,0.5265664713183046
122,scCube,sim2,MERFISH_Animal1_Bregma0.06train_Animal1_Bregma0.26spatial,GraphST,Animal1_Bregma0.06,Animal1_Bregma0.26,0.1642018107605592,0.2190782308728833,0.3234605110165915,0.5457367549668874,0.2359815378803325,0.2044346226458404,0.2190782308728833
123,scCube,sim2,MERFISH_Animal1_Bregma0.06train_Animal1_Bregma0.26spatial,PRECAST,Animal1_Bregma0.06,Animal1_Bregma0.26,0.718727240886117,0.7133439608918869,0.7800872461136139,0.8543046357615894,0.7316047555050744,0.6959725433673052,0.7133439608918869
124,scCube,sim2,MERFISH_Animal1_Bregma0.06train_Animal1_Bregma0.26spatial,SEDR,Animal1_Bregma0.06,Animal1_Bregma0.26,0.44787360679621024,0.6048483312927367,0.5565186832797944,0.8170943708609272,0.6581151518099856,0.5595700037869819,0.6048483312927367
125,scCube,sim2,MERFISH_Animal1_Bregma0.06train_Animal1_Bregma0.26spatial,STAGATE,Animal1_Bregma0.06,Animal1_Bregma0.26,0.1804050661823855,0.24919383140793236,0.33253156657539684,0.5635761589403974,0.2707370971503672,0.2309746562077113,0.24919383140793236
126,scCube,sim2,MERFISH_Animal1_Bregma0.06train_Animal1_Bregma0.26spatial,SpaGCN,Animal1_Bregma0.06,Animal1_Bregma0.26,0.6287208585769414,0.700935191747462,0.7064591907915498,0.8739652317880795,0.7167376804129092,0.6858144913540103,0.7009351917474621
127,scCube,sim2,MERFISH_Animal1_Bregma0.06train_Animal1_Bregma0.26spatial,SpaceFlow,Animal1_Bregma0.06,Animal1_Bregma0.26,0.13976757651027513,0.16940777115627056,0.2937211203270248,0.5140314569536424,0.18477877519204114,0.15642163986423469,0.16940777115627056
128,scCube,sim2,MERFISH_Animal1_Bregma0.06train_Animal1_Bregma0.26spatial,SpatialMGCN,Animal1_Bregma0.06,Animal1_Bregma0.26,0.6903051252919923,0.7468443280160261,0.7654959491976988,0.8766556291390728,0.7494714114279791,0.744235597432328,0.746844328016026
129,scCube,sim2,MERFISH_Animal1_Bregma0.06train_Animal1_Bregma0.26spatial,stLearn,Animal1_Bregma0.06,Animal1_Bregma0.26,0.6162289083430518,0.7190518479279183,0.697775845490353,0.8803807947019868,0.7817091891620954,0.6658387769250094,0.7190518479279183
130,scCube,sim2,MERFISH_Animal1_Bregma0.11train_Animal1_Bregma0.01spatial,BASS,Animal1_Bregma0.11,Animal1_Bregma0.01,0.5029741571703429,0.6706867748522088,0.6023436117982864,0.8561258898463844,0.7262303035413843,0.623035768148434,0.670686774852209
131,scCube,sim2,MERFISH_Animal1_Bregma0.11train_Animal1_Bregma0.01spatial,Banksy,Animal1_Bregma0.11,Animal1_Bregma0.01,0.4829786620805672,0.6406224764059906,0.5873082700519324,0.8317721993255901,0.6726918559461227,0.6116143520274291,0.6406224764059906
132,scCube,sim2,MERFISH_Animal1_Bregma0.11train_Animal1_Bregma0.01spatial,CCST,Animal1_Bregma0.11,Animal1_Bregma0.01,0.10915546126335277,0.14109027346342695,0.34710177157485045,0.4418508804795803,0.12680810028904305,0.1594132361975627,0.1410902734634269
133,scCube,sim2,MERFISH_Animal1_Bregma0.11train_Animal1_Bregma0.01spatial,CellCharter,Animal1_Bregma0.11,Animal1_Bregma0.01,0.33917638797407895,0.4736010715765925,0.4638235281144105,0.691907081303859,0.5099989859962386,0.4421369401903973,0.4736010715765926
134,scCube,sim2,MERFISH_Animal1_Bregma0.11train_Animal1_Bregma0.01spatial,DeepST,Animal1_Bregma0.11,Animal1_Bregma0.01,0.31833311370956185,0.4317308250661431,0.5606713469257849,0.6291869614087673,0.3613386484956446,0.5361891496646193,0.4317308250661431
135,scCube,sim2,MERFISH_Animal1_Bregma0.11train_Animal1_Bregma0.01spatial,GraphST,Animal1_Bregma0.11,Animal1_Bregma0.01,0.1809877975567379,0.2640358367939939,0.3625151514895134,0.58523791682278,0.2676488534000807,0.2605190658489398,0.2640358367939939
136,scCube,sim2,MERFISH_Animal1_Bregma0.11train_Animal1_Bregma0.01spatial,PRECAST,Animal1_Bregma0.11,Animal1_Bregma0.01,0.47161768714197183,0.6608734546580561,0.5860251600173931,0.7639565380292245,0.6789204717230357,0.6437610430952933,0.6608734546580561
137,scCube,sim2,MERFISH_Animal1_Bregma0.11train_Animal1_Bregma0.01spatial,SEDR,Animal1_Bregma0.11,Animal1_Bregma0.01,0.4501538887811902,0.6164811851523548,0.5786313488858955,0.7511052828774822,0.6143521807834528,0.6193292061082764,0.6164811851523547
138,scCube,sim2,MERFISH_Animal1_Bregma0.11train_Animal1_Bregma0.01spatial,STAGATE,Animal1_Bregma0.11,Animal1_Bregma0.01,0.10951993012324661,0.18617520008484098,0.323140211983123,0.5156238291494942,0.18458196132627672,0.18782970452486994,0.18617520008484098
139,scCube,sim2,MERFISH_Animal1_Bregma0.11train_Animal1_Bregma0.01spatial,SpaGCN,Animal1_Bregma0.11,Animal1_Bregma0.01,0.5865035754772527,0.6886608586002391,0.6713362157984131,0.8862869988759835,0.7371178062628494,0.6461818927020471,0.6886608586002391
140,scCube,sim2,MERFISH_Animal1_Bregma0.11train_Animal1_Bregma0.01spatial,SpaceFlow,Animal1_Bregma0.11,Animal1_Bregma0.01,0.11962853364377897,0.1905277287334161,0.272115074099299,0.5120644436118396,0.20782428607053852,0.1758979093483294,0.19052772873341609
141,scCube,sim2,MERFISH_Animal1_Bregma0.11train_Animal1_Bregma0.01spatial,SpatialMGCN,Animal1_Bregma0.11,Animal1_Bregma0.01,0.4830001283339237,0.6325239949900339,0.5895995045861357,0.7959910078681154,0.6593048827287669,0.6078338544404925,0.6325239949900339
142,scCube,sim2,MERFISH_Animal1_Bregma0.11train_Animal1_Bregma0.01spatial,stLearn,Animal1_Bregma0.11,Animal1_Bregma0.01,0.4614255945018827,0.6461883004247995,0.5679158018562563,0.8423379542899962,0.7086246748299614,0.5938659448691604,0.6461883004247995
143,scCube,sim2,MERFISH_Animal1_Bregma0.11train_Animal1_Bregma0.06spatial,BASS,Animal1_Bregma0.11,Animal1_Bregma0.06,0.6352541354452916,0.7287927416102226,0.7013050971691213,0.867864495601722,0.7613655179298313,0.6988926812053192,0.7287927416102226
144,scCube,sim2,MERFISH_Animal1_Bregma0.11train_Animal1_Bregma0.06spatial,Banksy,Animal1_Bregma0.11,Animal1_Bregma0.06,0.5936349354040285,0.6894437777847044,0.6780926627449494,0.8528916339135317,0.6825360194052641,0.6965122748340258,0.6894437777847043
145,scCube,sim2,MERFISH_Animal1_Bregma0.11train_Animal1_Bregma0.06spatial,CCST,Animal1_Bregma0.11,Animal1_Bregma0.06,0.14099204763372747,0.20809254604394364,0.3640877774503525,0.44196144488115285,0.18077326150412681,0.24564718056439946,0.20809254604394364
146,scCube,sim2,MERFISH_Animal1_Bregma0.11train_Animal1_Bregma0.06spatial,CellCharter,Animal1_Bregma0.11,Animal1_Bregma0.06,0.3857888553956651,0.5019636295970386,0.49142151557876124,0.6939921392476137,0.5291016982085769,0.4775265289810493,0.5019636295970386
147,scCube,sim2,MERFISH_Animal1_Bregma0.11train_Animal1_Bregma0.06spatial,DeepST,Animal1_Bregma0.11,Animal1_Bregma0.06,0.39842460717408035,0.5051735336696089,0.5774207388578328,0.6788695489425416,0.44617256256734317,0.5865861867753172,0.5051735336696089
148,scCube,sim2,MERFISH_Animal1_Bregma0.11train_Animal1_Bregma0.06spatial,GraphST,Animal1_Bregma0.11,Animal1_Bregma0.06,0.1776826229109399,0.2850986299822068,0.3507354326868006,0.5751450495976044,0.2815372294905529,0.2887512871382092,0.2850986299822068
149,scCube,sim2,MERFISH_Animal1_Bregma0.11train_Animal1_Bregma0.06spatial,PRECAST,Animal1_Bregma0.11,Animal1_Bregma0.06,0.5228780315805545,0.6761157886807158,0.6152021751748693,0.7578139621935243,0.6826119056811785,0.6697421475031857,0.6761157886807159
150,scCube,sim2,MERFISH_Animal1_Bregma0.11train_Animal1_Bregma0.06spatial,SEDR,Animal1_Bregma0.11,Animal1_Bregma0.06,0.5661613272949039,0.6300604983422495,0.6553733821709639,0.7799737974920457,0.6276626031731973,0.6328683296349908,0.6300604983422495
151,scCube,sim2,MERFISH_Animal1_Bregma0.11train_Animal1_Bregma0.06spatial,STAGATE,Animal1_Bregma0.11,Animal1_Bregma0.06,0.16376935836550213,0.2600357586139047,0.3272193072100988,0.49361781770540897,0.26032325901410447,0.259748901270465,0.2600357586139047
152,scCube,sim2,MERFISH_Animal1_Bregma0.11train_Animal1_Bregma0.06spatial,SpaGCN,Animal1_Bregma0.11,Animal1_Bregma0.06,0.5289949192046681,0.6859000458018355,0.6191911228886067,0.7952461164139997,0.69008792825368,0.6817626860937192,0.6859000458018355
153,scCube,sim2,MERFISH_Animal1_Bregma0.11train_Animal1_Bregma0.06spatial,SpaceFlow,Animal1_Bregma0.11,Animal1_Bregma0.06,0.13018869712853884,0.22108205087768235,0.27282117347039153,0.5079917649260715,0.23386023786748766,0.20962911719612415,0.2210820508776823
154,scCube,sim2,MERFISH_Animal1_Bregma0.11train_Animal1_Bregma0.06spatial,SpatialMGCN,Animal1_Bregma0.11,Animal1_Bregma0.06,0.4618427121705039,0.5975949970085379,0.5584280837182481,0.7995508141493542,0.6133970123105613,0.5825867009484302,0.597594997008538
155,scCube,sim2,MERFISH_Animal1_Bregma0.11train_Animal1_Bregma0.06spatial,stLearn,Animal1_Bregma0.11,Animal1_Bregma0.06,0.5362164379258714,0.6727200388082626,0.618981963982878,0.8488863934119408,0.7180788316579709,0.6328242371881894,0.6727200388082626
156,scCube,sim2,MERFISH_Animal1_Bregma0.11train_Animal1_Bregma0.11spatial,BASS,Animal1_Bregma0.11,Animal1_Bregma0.11,0.6458838300570654,0.7314241215877048,0.7144308567658344,0.9102564102564102,0.7888568621780296,0.6817866314197543,0.7314241215877046
157,scCube,sim2,MERFISH_Animal1_Bregma0.11train_Animal1_Bregma0.11spatial,Banksy,Animal1_Bregma0.11,Animal1_Bregma0.11,0.5420134833764817,0.6675185626906333,0.6324223611979729,0.8362524654832347,0.6945355875288546,0.6426440275721889,0.6675185626906333
158,scCube,sim2,MERFISH_Animal1_Bregma0.11train_Animal1_Bregma0.11spatial,CCST,Animal1_Bregma0.11,Animal1_Bregma0.11,0.11932197847085213,0.1748596234520731,0.34897085178620896,0.4768836291913215,0.1539288614696384,0.20351692706458896,0.1748596234520731
159,scCube,sim2,MERFISH_Animal1_Bregma0.11train_Animal1_Bregma0.11spatial,CellCharter,Animal1_Bregma0.11,Animal1_Bregma0.11,0.3591739060583302,0.4853640900452591,0.47125934464725605,0.7212228796844181,0.5332453197333129,0.44542217636050846,0.4853640900452592
160,scCube,sim2,MERFISH_Animal1_Bregma0.11train_Animal1_Bregma0.11spatial,DeepST,Animal1_Bregma0.11,Animal1_Bregma0.11,0.3637832639027569,0.461928734246399,0.5466045245205098,0.6886785009861933,0.41825108212117695,0.5194903978400454,0.461928734246399
161,scCube,sim2,MERFISH_Animal1_Bregma0.11train_Animal1_Bregma0.11spatial,GraphST,Animal1_Bregma0.11,Animal1_Bregma0.11,0.1286068786010545,0.2168434102805957,0.3333458793272067,0.5461538461538461,0.215103512061821,0.2186116849011118,0.2168434102805957
162,scCube,sim2,MERFISH_Animal1_Bregma0.11train_Animal1_Bregma0.11spatial,PRECAST,Animal1_Bregma0.11,Animal1_Bregma0.11,0.523220283831861,0.6787416379616938,0.6161898251728029,0.7690335305719921,0.7049831034886626,0.6543836280574761,0.6787416379616938
163,scCube,sim2,MERFISH_Animal1_Bregma0.11train_Animal1_Bregma0.11spatial,SEDR,Animal1_Bregma0.11,Animal1_Bregma0.11,0.477934546627573,0.6164231009314208,0.5769234776393019,0.8185404339250493,0.6522131579950072,0.5845299144008604,0.6164231009314208
164,scCube,sim2,MERFISH_Animal1_Bregma0.11train_Animal1_Bregma0.11spatial,STAGATE,Animal1_Bregma0.11,Animal1_Bregma0.11,0.20373474750373227,0.24809407807737283,0.34720973359687585,0.5826824457593689,0.2653958418618742,0.23291013466404262,0.24809407807737283
165,scCube,sim2,MERFISH_Animal1_Bregma0.11train_Animal1_Bregma0.11spatial,SpaGCN,Animal1_Bregma0.11,Animal1_Bregma0.11,0.6044350064282008,0.6885727147312644,0.6797366416612229,0.8948717948717949,0.7401053687288257,0.6437492241437336,0.6885727147312644
166,scCube,sim2,MERFISH_Animal1_Bregma0.11train_Animal1_Bregma0.11spatial,SpaceFlow,Animal1_Bregma0.11,Animal1_Bregma0.11,0.14622320093767346,0.188156872247108,0.2929271388793958,0.5275739644970414,0.20303585896720627,0.1753735832486756,0.188156872247108
167,scCube,sim2,MERFISH_Animal1_Bregma0.11train_Animal1_Bregma0.11spatial,SpatialMGCN,Animal1_Bregma0.11,Animal1_Bregma0.11,0.45450856970763776,0.6455194356763817,0.570252656540262,0.7988165680473372,0.6575122799032532,0.6339562470487466,0.6455194356763817
168,scCube,sim2,MERFISH_Animal1_Bregma0.11train_Animal1_Bregma0.11spatial,stLearn,Animal1_Bregma0.11,Animal1_Bregma0.11,0.6359355034020862,0.724077530504271,0.7062628335676419,0.9043392504930965,0.7815548998077617,0.6745110861597496,0.724077530504271
169,scCube,sim2,MERFISH_Animal1_Bregma0.11train_Animal1_Bregma0.21spatial,BASS,Animal1_Bregma0.11,Animal1_Bregma0.21,0.7349967252720699,0.7558992583949018,0.7912940255181776,0.8907457697931898,0.7963422989985616,0.7193655585883615,0.7558992583949016
170,scCube,sim2,MERFISH_Animal1_Bregma0.11train_Animal1_Bregma0.21spatial,Banksy,Animal1_Bregma0.11,Animal1_Bregma0.21,0.5060228157453622,0.6572021320178794,0.6073650595411302,0.851054940463756,0.6943215180704516,0.6238878680737632,0.6572021320178794
171,scCube,sim2,MERFISH_Animal1_Bregma0.11train_Animal1_Bregma0.21spatial,CCST,Animal1_Bregma0.11,Animal1_Bregma0.21,0.12019764185389184,0.1813281106675096,0.33602690557535475,0.5110925423020681,0.16907030709554738,0.1955313884335246,0.1813281106675096
172,scCube,sim2,MERFISH_Animal1_Bregma0.11train_Animal1_Bregma0.21spatial,CellCharter,Animal1_Bregma0.11,Animal1_Bregma0.21,0.40404062127788254,0.5486350653655887,0.5181240228842245,0.7780655943179444,0.6063231226552015,0.501115904563941,0.5486350653655887
173,scCube,sim2,MERFISH_Animal1_Bregma0.11train_Animal1_Bregma0.21spatial,DeepST,Animal1_Bregma0.11,Animal1_Bregma0.21,0.46275236946648535,0.5424355668418052,0.5919850752894392,0.7812408606642991,0.531837354052623,0.5537830802955168,0.5424355668418052
174,scCube,sim2,MERFISH_Animal1_Bregma0.11train_Animal1_Bregma0.21spatial,GraphST,Animal1_Bregma0.11,Animal1_Bregma0.21,0.1744960142496205,0.228290818522546,0.3290550352902299,0.5571339043242114,0.2458243588668935,0.21309193408126886,0.228290818522546
175,scCube,sim2,MERFISH_Animal1_Bregma0.11train_Animal1_Bregma0.21spatial,PRECAST,Animal1_Bregma0.11,Animal1_Bregma0.21,0.7491384290422356,0.7630841349004759,0.8068678490475631,0.8746605389596824,0.764597189998929,0.7615770563197513,0.7630841349004758
176,scCube,sim2,MERFISH_Animal1_Bregma0.11train_Animal1_Bregma0.21spatial,SEDR,Animal1_Bregma0.11,Animal1_Bregma0.21,0.5794282438010974,0.6667106619292534,0.6647846409587135,0.8705243367453519,0.7220796733281922,0.6192417212041865,0.6667106619292534
177,scCube,sim2,MERFISH_Animal1_Bregma0.11train_Animal1_Bregma0.21spatial,STAGATE,Animal1_Bregma0.11,Animal1_Bregma0.21,0.18086965476619876,0.24734619565011565,0.33197878191085917,0.5911008982661375,0.2686677636955356,0.22924402082334291,0.24734619565011565
178,scCube,sim2,MERFISH_Animal1_Bregma0.11train_Animal1_Bregma0.21spatial,SpaGCN,Animal1_Bregma0.11,Animal1_Bregma0.21,0.5531817061049978,0.6904382139472613,0.6429697924828081,0.878420722790892,0.7390706283527827,0.6478108842056979,0.6904382139472615
179,scCube,sim2,MERFISH_Animal1_Bregma0.11train_Animal1_Bregma0.21spatial,SpaceFlow,Animal1_Bregma0.11,Animal1_Bregma0.21,0.16415940851154182,0.18611922843167233,0.3085426665498424,0.5261332776269062,0.20791591585419025,0.1684783517218431,0.18611922843167233
180,scCube,sim2,MERFISH_Animal1_Bregma0.11train_Animal1_Bregma0.21spatial,SpatialMGCN,Animal1_Bregma0.11,Animal1_Bregma0.21,0.4963597777960346,0.6641089317042764,0.6001925456883075,0.8520994359724254,0.6923309413853367,0.6380976737223358,0.6641089317042764
181,scCube,sim2,MERFISH_Animal1_Bregma0.11train_Animal1_Bregma0.21spatial,stLearn,Animal1_Bregma0.11,Animal1_Bregma0.21,0.6773907355018218,0.741050362804674,0.7458197994683957,0.9114685606851889,0.7979033207587041,0.6919360746646793,0.7410503628046738
182,scCube,sim2,MERFISH_Animal1_Bregma0.11train_Animal1_Bregma0.26spatial,BASS,Animal1_Bregma0.11,Animal1_Bregma0.26,0.7280348393814364,0.7666655068917075,0.7868528787481764,0.9126655629139073,0.8174915993872304,0.7217895216035183,0.7666655068917075
183,scCube,sim2,MERFISH_Animal1_Bregma0.11train_Animal1_Bregma0.26spatial,Banksy,Animal1_Bregma0.11,Animal1_Bregma0.26,0.5763161617183121,0.6791348071430929,0.6661041158281634,0.8674668874172186,0.7079769120687187,0.6529638861252908,0.6791348071430929
184,scCube,sim2,MERFISH_Animal1_Bregma0.11train_Animal1_Bregma0.26spatial,CCST,Animal1_Bregma0.11,Animal1_Bregma0.26,0.10400103740167513,0.15599708512399552,0.35308810758838927,0.48278145695364233,0.13353212811448384,0.1877879263272895,0.1559970851239955
185,scCube,sim2,MERFISH_Animal1_Bregma0.11train_Animal1_Bregma0.26spatial,CellCharter,Animal1_Bregma0.11,Animal1_Bregma0.26,0.36762034785558767,0.525000582296533,0.4880697227168371,0.7623344370860927,0.5821827921214913,0.4780886730769831,0.525000582296533
186,scCube,sim2,MERFISH_Animal1_Bregma0.11train_Animal1_Bregma0.26spatial,DeepST,Animal1_Bregma0.11,Animal1_Bregma0.26,0.47190923680806635,0.5422638881220563,0.5952490317381436,0.7947433774834437,0.5390925694047656,0.5458610923325513,0.5422638881220563
187,scCube,sim2,MERFISH_Animal1_Bregma0.11train_Animal1_Bregma0.26spatial,GraphST,Animal1_Bregma0.11,Animal1_Bregma0.26,0.1814767914807391,0.23428282555673546,0.3346635135541288,0.589817880794702,0.2552006201286665,0.21653435332230933,0.23428282555673546
188,scCube,sim2,MERFISH_Animal1_Bregma0.11train_Animal1_Bregma0.26spatial,PRECAST,Animal1_Bregma0.11,Animal1_Bregma0.26,0.7699492444049807,0.7617299196370675,0.8215739617447013,0.8754139072847682,0.7725604313031933,0.7511988752650248,0.7617299196370676
189,scCube,sim2,MERFISH_Animal1_Bregma0.11train_Animal1_Bregma0.26spatial,SEDR,Animal1_Bregma0.11,Animal1_Bregma0.26,0.48919257128901367,0.6145970629241543,0.5934164967210814,0.8322847682119205,0.6542077609899857,0.5799212318159639,0.6145970629241543
190,scCube,sim2,MERFISH_Animal1_Bregma0.11train_Animal1_Bregma0.26spatial,STAGATE,Animal1_Bregma0.11,Animal1_Bregma0.26,0.13022943134713402,0.22013207928582337,0.30160272954088996,0.550455298013245,0.2352827922595468,0.2069727917637274,0.22013207928582337
191,scCube,sim2,MERFISH_Animal1_Bregma0.11train_Animal1_Bregma0.26spatial,SpaGCN,Animal1_Bregma0.11,Animal1_Bregma0.26,0.5733522197302731,0.683525332675248,0.6606299634980792,0.8857615894039735,0.7288569884099894,0.64350235468254,0.683525332675248
192,scCube,sim2,MERFISH_Animal1_Bregma0.11train_Animal1_Bregma0.26spatial,SpaceFlow,Animal1_Bregma0.11,Animal1_Bregma0.26,0.12778814165300245,0.15575174237206996,0.27828460343720013,0.5124172185430463,0.17380345323169866,0.14111333443949076,0.15575174237206996
193,scCube,sim2,MERFISH_Animal1_Bregma0.11train_Animal1_Bregma0.26spatial,SpatialMGCN,Animal1_Bregma0.11,Animal1_Bregma0.26,0.5334194364156533,0.6633417988201651,0.6285278860237831,0.8590645695364237,0.6981158480535888,0.6318676572660936,0.663341798820165
194,scCube,sim2,MERFISH_Animal1_Bregma0.11train_Animal1_Bregma0.26spatial,stLearn,Animal1_Bregma0.11,Animal1_Bregma0.26,0.6151243381625997,0.7161713380113421,0.6972013806079905,0.8898178807947019,0.7802460343727246,0.6618615541254382,0.7161713380113421
195,scCube,sim2,MERFISH_Animal1_Bregma0.16train_Animal1_Bregma0.16spatial,BASS,Animal1_Bregma0.16,Animal1_Bregma0.16,0.7147804046373543,0.766150079916203,0.7725933641229319,0.9106210098665117,0.8014398187603838,0.7338370870381998,0.766150079916203
196,scCube,sim2,MERFISH_Animal1_Bregma0.16train_Animal1_Bregma0.16spatial,Banksy,Animal1_Bregma0.16,Animal1_Bregma0.16,0.5692129270784769,0.6845472666297268,0.6534192678863249,0.840975043528729,0.7217085798955042,0.6510882482229461,0.6845472666297268
197,scCube,sim2,MERFISH_Animal1_Bregma0.16train_Animal1_Bregma0.16spatial,CCST,Animal1_Bregma0.16,Animal1_Bregma0.16,0.11998124893690217,0.12388537352963538,0.3759262403685098,0.4508028632230605,0.10104462685446505,0.1621010238667781,0.12388537352963538
198,scCube,sim2,MERFISH_Animal1_Bregma0.16train_Animal1_Bregma0.16spatial,CellCharter,Animal1_Bregma0.16,Animal1_Bregma0.16,0.35956385102704247,0.472868347298902,0.4768982290496632,0.6981621203327529,0.5088299226405572,0.44168405520006104,0.472868347298902
199,scCube,sim2,MERFISH_Animal1_Bregma0.16train_Animal1_Bregma0.16spatial,DeepST,Animal1_Bregma0.16,Animal1_Bregma0.16,0.41854197511079916,0.49849161138657294,0.5757755106653677,0.7159605339524087,0.45964596652337353,0.5466871705288316,0.49849161138657294
200,scCube,sim2,MERFISH_Animal1_Bregma0.16train_Animal1_Bregma0.16spatial,GraphST,Animal1_Bregma0.16,Animal1_Bregma0.16,0.1511948183785935,0.2525662023479001,0.3897056329426309,0.555039659508609,0.2288019712637209,0.2818390649506258,0.2525662023479001
201,scCube,sim2,MERFISH_Animal1_Bregma0.16train_Animal1_Bregma0.16spatial,PRECAST,Animal1_Bregma0.16,Animal1_Bregma0.16,0.5227523950631046,0.6851002254935048,0.621406194694982,0.8024763010253434,0.6878576333002404,0.6823648366042849,0.6851002254935048
202,scCube,sim2,MERFISH_Animal1_Bregma0.16train_Animal1_Bregma0.16spatial,SEDR,Animal1_Bregma0.16,Animal1_Bregma0.16,0.5317538326051239,0.6263398243242569,0.6239938684830422,0.8257690075449797,0.6541009623671675,0.6011036429173499,0.6263398243242569
203,scCube,sim2,MERFISH_Animal1_Bregma0.16train_Animal1_Bregma0.16spatial,STAGATE,Animal1_Bregma0.16,Animal1_Bregma0.16,0.20819033246966517,0.2590890991804521,0.38166842025030995,0.5559295801895918,0.25331928752316557,0.26524522022602215,0.2590890991804521
204,scCube,sim2,MERFISH_Animal1_Bregma0.16train_Animal1_Bregma0.16spatial,SpaGCN,Animal1_Bregma0.16,Animal1_Bregma0.16,0.6683366622320941,0.7138543005103192,0.7346218084923871,0.8868253047011028,0.7446689387044838,0.6854885650532949,0.7138543005103192
205,scCube,sim2,MERFISH_Animal1_Bregma0.16train_Animal1_Bregma0.16spatial,SpaceFlow,Animal1_Bregma0.16,Animal1_Bregma0.16,0.1935413639571169,0.2067137487168959,0.34646821416780255,0.5292319597601083,0.21321533956543348,0.20059709523062508,0.2067137487168959
206,scCube,sim2,MERFISH_Animal1_Bregma0.16train_Animal1_Bregma0.16spatial,SpatialMGCN,Animal1_Bregma0.16,Animal1_Bregma0.16,0.4417819970328659,0.625320617723045,0.5510890577053627,0.7970593925324048,0.6492922797383383,0.6030559848359678,0.625320617723045
207,scCube,sim2,MERFISH_Animal1_Bregma0.16train_Animal1_Bregma0.16spatial,stLearn,Animal1_Bregma0.16,Animal1_Bregma0.16,0.6934176418156779,0.7514841043729421,0.7552053803845814,0.8994002708454246,0.7838870679187282,0.7216955441862323,0.7514841043729421
208,scCube,sim2,MERFISH_Animal1_Bregma0.21train_Animal1_Bregma0.01spatial,BASS,Animal1_Bregma0.21,Animal1_Bregma0.01,0.52785940109507,0.6983113540580337,0.6233143880463461,0.8252154364930686,0.7168251663834558,0.6807297954461919,0.6983113540580336
209,scCube,sim2,MERFISH_Animal1_Bregma0.21train_Animal1_Bregma0.01spatial,Banksy,Animal1_Bregma0.21,Animal1_Bregma0.01,0.5371283999832356,0.6896388367151174,0.6333848462407735,0.8268639940052454,0.7100233140452344,0.6706076710684672,0.6896388367151174
210,scCube,sim2,MERFISH_Animal1_Bregma0.21train_Animal1_Bregma0.01spatial,CCST,Animal1_Bregma0.21,Animal1_Bregma0.01,0.10725921325250413,0.1823573975409573,0.32673238996446075,0.4507680779318097,0.16878553699726234,0.198307362756671,0.18235739754095737
211,scCube,sim2,MERFISH_Animal1_Bregma0.21train_Animal1_Bregma0.01spatial,CellCharter,Animal1_Bregma0.21,Animal1_Bregma0.01,0.3181700589903541,0.49638032834420753,0.4487410370060137,0.6783064818284001,0.5311313369671817,0.4661290695611903,0.4963803283442075
212,scCube,sim2,MERFISH_Animal1_Bregma0.21train_Animal1_Bregma0.01spatial,DeepST,Animal1_Bregma0.21,Animal1_Bregma0.01,0.4935409873344875,0.5695054551326725,0.599470026844289,0.8101910828025478,0.5832667136535792,0.55797195961875,0.5695054551326726
213,scCube,sim2,MERFISH_Animal1_Bregma0.21train_Animal1_Bregma0.01spatial,GraphST,Animal1_Bregma0.21,Animal1_Bregma0.01,0.1850956414507534,0.2837826345832011,0.4077619632843062,0.5299737729486699,0.269085434816481,0.3001780864797071,0.2837826345832011
214,scCube,sim2,MERFISH_Animal1_Bregma0.21train_Animal1_Bregma0.01spatial,PRECAST,Animal1_Bregma0.21,Animal1_Bregma0.01,0.5452935577282264,0.7046996976769629,0.6390816261241415,0.8924690895466467,0.7661483343263648,0.652376118461298,0.704699697676963
215,scCube,sim2,MERFISH_Animal1_Bregma0.21train_Animal1_Bregma0.01spatial,SEDR,Animal1_Bregma0.21,Animal1_Bregma0.01,0.5556204241718868,0.6836290908777636,0.6458973392954878,0.8580367178718621,0.7173652675913204,0.6529800636227991,0.6836290908777636
216,scCube,sim2,MERFISH_Animal1_Bregma0.21train_Animal1_Bregma0.01spatial,STAGATE,Animal1_Bregma0.21,Animal1_Bregma0.01,0.1551201196832829,0.2625922961446547,0.3116657372470942,0.5671412514050206,0.27991326883677925,0.24731722242825924,0.2625922961446546
217,scCube,sim2,MERFISH_Animal1_Bregma0.21train_Animal1_Bregma0.01spatial,SpaGCN,Animal1_Bregma0.21,Animal1_Bregma0.01,0.6061704891870748,0.7235004389635218,0.6876524689395828,0.9027725739977519,0.7664580682509731,0.6851025381804968,0.7235004389635217
218,scCube,sim2,MERFISH_Animal1_Bregma0.21train_Animal1_Bregma0.01spatial,SpaceFlow,Animal1_Bregma0.21,Animal1_Bregma0.01,0.13047013229635268,0.20599347623617606,0.27646661177766463,0.5404271262645185,0.22852763071798118,0.18750858906693108,0.20599347623617606
219,scCube,sim2,MERFISH_Animal1_Bregma0.21train_Animal1_Bregma0.01spatial,SpatialMGCN,Animal1_Bregma0.21,Animal1_Bregma0.01,0.46086649711594296,0.6638235729930276,0.5697142868066345,0.8405769951292619,0.6922537375840496,0.6376364840589841,0.6638235729930276
220,scCube,sim2,MERFISH_Animal1_Bregma0.21train_Animal1_Bregma0.01spatial,stLearn,Animal1_Bregma0.21,Animal1_Bregma0.01,0.5686018686845049,0.7314492098090902,0.6573234918632342,0.8974896965155489,0.7851215156139107,0.6846563183000204,0.7314492098090902
221,scCube,sim2,MERFISH_Animal1_Bregma0.21train_Animal1_Bregma0.06spatial,BASS,Animal1_Bregma0.21,Animal1_Bregma0.06,0.6344410779933917,0.7606451304499623,0.7010169838205907,0.8929440389294404,0.7951826769067065,0.72898287154597,0.7606451304499622
222,scCube,sim2,MERFISH_Animal1_Bregma0.21train_Animal1_Bregma0.06spatial,Banksy,Animal1_Bregma0.21,Animal1_Bregma0.06,0.5248327838303554,0.6683547688002672,0.6145196941831662,0.8243683323975295,0.6779231194858195,0.6593717810996133,0.6683547688002672
223,scCube,sim2,MERFISH_Animal1_Bregma0.21train_Animal1_Bregma0.06spatial,CCST,Animal1_Bregma0.21,Animal1_Bregma0.06,0.109207361162541,0.18335824940795228,0.33618425239129185,0.42912221598352984,0.1563195820257947,0.22186364610807213,0.18335824940795228
224,scCube,sim2,MERFISH_Animal1_Bregma0.21train_Animal1_Bregma0.06spatial,CellCharter,Animal1_Bregma0.21,Animal1_Bregma0.06,0.3655328382408112,0.5211080967621722,0.4785014969220988,0.6695863746958637,0.5382380627940385,0.5050973185740139,0.5211080967621722
225,scCube,sim2,MERFISH_Animal1_Bregma0.21train_Animal1_Bregma0.06spatial,DeepST,Animal1_Bregma0.21,Animal1_Bregma0.06,0.5523683501108207,0.5898741339908473,0.6411719186397277,0.80078607523863,0.5822615604721612,0.5985888347737791,0.5898741339908472
226,scCube,sim2,MERFISH_Animal1_Bregma0.21train_Animal1_Bregma0.06spatial,GraphST,Animal1_Bregma0.21,Animal1_Bregma0.06,0.1772716131552886,0.2833310377879972,0.3570898764795038,0.5352798053527981,0.273113352532769,0.2943429627738079,0.2833310377879972
227,scCube,sim2,MERFISH_Animal1_Bregma0.21train_Animal1_Bregma0.06spatial,PRECAST,Animal1_Bregma0.21,Animal1_Bregma0.06,0.5504421996005016,0.7171859020826208,0.6349387781134087,0.769605090772974,0.725050207947812,0.7094903670783572,0.7171859020826208
228,scCube,sim2,MERFISH_Animal1_Bregma0.21train_Animal1_Bregma0.06spatial,SEDR,Animal1_Bregma0.21,Animal1_Bregma0.06,0.6059301211824784,0.6988769959833216,0.677096825758854,0.8524798802171064,0.7216887921645118,0.6775871242191973,0.6988769959833215
229,scCube,sim2,MERFISH_Animal1_Bregma0.21train_Animal1_Bregma0.06spatial,STAGATE,Animal1_Bregma0.21,Animal1_Bregma0.06,0.18627147633097815,0.2755937906819506,0.33192552036058176,0.5444506831368146,0.28350423519629897,0.26819516626862094,0.2755937906819506
230,scCube,sim2,MERFISH_Animal1_Bregma0.21train_Animal1_Bregma0.06spatial,SpaGCN,Animal1_Bregma0.21,Animal1_Bregma0.06,0.5138000037885201,0.6795757334971327,0.5998553597824949,0.809844656559985,0.7020787992693261,0.6584704061823285,0.6795757334971329
231,scCube,sim2,MERFISH_Animal1_Bregma0.21train_Animal1_Bregma0.06spatial,SpaceFlow,Animal1_Bregma0.21,Animal1_Bregma0.06,0.15124245645844717,0.2408293004199556,0.29306145316221166,0.5188845218042297,0.2521930104771422,0.23045778937406697,0.2408293004199556
232,scCube,sim2,MERFISH_Animal1_Bregma0.21train_Animal1_Bregma0.06spatial,SpatialMGCN,Animal1_Bregma0.21,Animal1_Bregma0.06,0.47565043955443553,0.6974748106401476,0.5886383728459101,0.7445255474452555,0.6866014168533904,0.708698140165563,0.6974748106401477
233,scCube,sim2,MERFISH_Animal1_Bregma0.21train_Animal1_Bregma0.06spatial,stLearn,Animal1_Bregma0.21,Animal1_Bregma0.06,0.621576980002005,0.7470121417606362,0.6904835162536094,0.8912970241437395,0.7828029466074516,0.714353676224893,0.7470121417606362
234,scCube,sim2,MERFISH_Animal1_Bregma0.21train_Animal1_Bregma0.11spatial,BASS,Animal1_Bregma0.21,Animal1_Bregma0.11,0.6508924530699842,0.7465937392326856,0.7182575332195775,0.9122287968441816,0.7965365019506436,0.7025442798761011,0.7465937392326855
235,scCube,sim2,MERFISH_Animal1_Bregma0.21train_Animal1_Bregma0.11spatial,Banksy,Animal1_Bregma0.21,Animal1_Bregma0.11,0.5298960686559422,0.6616553501616528,0.6175771471950381,0.852662721893491,0.707900970742786,0.6211349690280291,0.6616553501616528
236,scCube,sim2,MERFISH_Animal1_Bregma0.21train_Animal1_Bregma0.11spatial,CCST,Animal1_Bregma0.21,Animal1_Bregma0.11,0.14582477439463512,0.1832994745724495,0.3624963755543476,0.49771203155818533,0.1670279596954311,0.20404064816049267,0.18329947457244952
237,scCube,sim2,MERFISH_Animal1_Bregma0.21train_Animal1_Bregma0.11spatial,CellCharter,Animal1_Bregma0.21,Animal1_Bregma0.11,0.3730723284556459,0.5114897840805568,0.4831952672945062,0.7548717948717949,0.5611646761407225,0.47000881208607515,0.5114897840805568
238,scCube,sim2,MERFISH_Animal1_Bregma0.21train_Animal1_Bregma0.11spatial,DeepST,Animal1_Bregma0.21,Animal1_Bregma0.11,0.5645852239471731,0.5807838118852893,0.6537389313627292,0.8221696252465482,0.5805985370355651,0.5820640489983878,0.5807838118852893
239,scCube,sim2,MERFISH_Animal1_Bregma0.21train_Animal1_Bregma0.11spatial,GraphST,Animal1_Bregma0.21,Animal1_Bregma0.11,0.1335840512631979,0.21874105609801991,0.2926866042265046,0.5595660749506903,0.23367992679482036,0.2055974628295342,0.21874105609801991
240,scCube,sim2,MERFISH_Animal1_Bregma0.21train_Animal1_Bregma0.11spatial,PRECAST,Animal1_Bregma0.21,Animal1_Bregma0.11,0.5553979539950933,0.6987814807471137,0.6391342699189169,0.8398422090729782,0.7377005352633372,0.663763159162097,0.6987814807471138
241,scCube,sim2,MERFISH_Animal1_Bregma0.21train_Animal1_Bregma0.11spatial,SEDR,Animal1_Bregma0.21,Animal1_Bregma0.11,0.5488940318622493,0.6580727881898177,0.6335714062539324,0.8659566074950691,0.7175521004615033,0.6077994405167279,0.6580727881898177
242,scCube,sim2,MERFISH_Animal1_Bregma0.21train_Animal1_Bregma0.11spatial,STAGATE,Animal1_Bregma0.21,Animal1_Bregma0.11,0.15118656960044802,0.2366037498367894,0.3102800196648396,0.5639842209072978,0.2507201839617338,0.2240479602694745,0.23660374983678936
243,scCube,sim2,MERFISH_Animal1_Bregma0.21train_Animal1_Bregma0.11spatial,SpaGCN,Animal1_Bregma0.21,Animal1_Bregma0.11,0.6021970575542868,0.6924835225910702,0.6785532467861648,0.8952662721893491,0.7482993343657705,0.6444163643743133,0.6924835225910702
244,scCube,sim2,MERFISH_Animal1_Bregma0.21train_Animal1_Bregma0.11spatial,SpaceFlow,Animal1_Bregma0.21,Animal1_Bregma0.11,0.13906961499962572,0.18758902700277263,0.28587007648335433,0.531715976331361,0.20311535238626183,0.17429034147171282,0.18758902700277263
245,scCube,sim2,MERFISH_Animal1_Bregma0.21train_Animal1_Bregma0.11spatial,SpatialMGCN,Animal1_Bregma0.21,Animal1_Bregma0.11,0.45454209790636424,0.6462615853570282,0.5609102069007892,0.821499013806706,0.6731109125021938,0.621472050546671,0.6462615853570283
246,scCube,sim2,MERFISH_Animal1_Bregma0.21train_Animal1_Bregma0.11spatial,stLearn,Animal1_Bregma0.21,Animal1_Bregma0.11,0.6069233739132028,0.7254134865181566,0.6827049744587305,0.9063905325443787,0.7853434843685241,0.6740890574480376,0.7254134865181566
247,scCube,sim2,MERFISH_Animal1_Bregma0.21train_Animal1_Bregma0.21spatial,BASS,Animal1_Bregma0.21,Animal1_Bregma0.21,0.6370084789960252,0.7258039398313609,0.7115823002240605,0.8899101733862544,0.7604220166683537,0.6942005820096271,0.7258039398313609
248,scCube,sim2,MERFISH_Animal1_Bregma0.21train_Animal1_Bregma0.21spatial,Banksy,Animal1_Bregma0.21,Animal1_Bregma0.21,0.4865713250016951,0.6391875283816156,0.5880152505648654,0.8415291414246919,0.6950436028086857,0.5917732827026068,0.6391875283816156
249,scCube,sim2,MERFISH_Animal1_Bregma0.21train_Animal1_Bregma0.21spatial,CCST,Animal1_Bregma0.21,Animal1_Bregma0.21,0.14009424970885337,0.1744620739804804,0.36536058738189253,0.5044077710465845,0.15306956947863942,0.20301657189961592,0.1744620739804804
250,scCube,sim2,MERFISH_Animal1_Bregma0.21train_Animal1_Bregma0.21spatial,CellCharter,Animal1_Bregma0.21,Animal1_Bregma0.21,0.3997976170137216,0.544572201711617,0.5141467459936772,0.7845832462920409,0.6064323481394787,0.494195933340265,0.544572201711617
251,scCube,sim2,MERFISH_Animal1_Bregma0.21train_Animal1_Bregma0.21spatial,DeepST,Animal1_Bregma0.21,Animal1_Bregma0.21,0.5255345021346658,0.5612812255675975,0.630893064790506,0.8082724044286611,0.5657521229379923,0.5580776923580808,0.5612812255675975
252,scCube,sim2,MERFISH_Animal1_Bregma0.21train_Animal1_Bregma0.21spatial,GraphST,Animal1_Bregma0.21,Animal1_Bregma0.21,0.1924679464393844,0.2313647865732539,0.3474062264025838,0.5753081261750574,0.24858936970535211,0.2163724885481455,0.2313647865732539
253,scCube,sim2,MERFISH_Animal1_Bregma0.21train_Animal1_Bregma0.21spatial,PRECAST,Animal1_Bregma0.21,Animal1_Bregma0.21,0.5515839907621899,0.7117229799065926,0.6417140291917707,0.8637977856695216,0.7587932261350399,0.6701514519002496,0.7117229799065926
254,scCube,sim2,MERFISH_Animal1_Bregma0.21train_Animal1_Bregma0.21spatial,SEDR,Animal1_Bregma0.21,Animal1_Bregma0.21,0.46388786095887397,0.5973378790022246,0.5686898205465244,0.8080635053269271,0.6541514695883978,0.5496199086258061,0.5973378790022246
255,scCube,sim2,MERFISH_Animal1_Bregma0.21train_Animal1_Bregma0.21spatial,STAGATE,Animal1_Bregma0.21,Animal1_Bregma0.21,0.1720640402540295,0.26397026227400183,0.32552969593403425,0.5974514309588469,0.2853227488341156,0.2456127342927174,0.26397026227400183
256,scCube,sim2,MERFISH_Animal1_Bregma0.21train_Animal1_Bregma0.21spatial,SpaGCN,Animal1_Bregma0.21,Animal1_Bregma0.21,0.5807455511988815,0.6824660035108293,0.6656889936900545,0.8518905368706914,0.718912463351669,0.6495366648534285,0.6824660035108293
257,scCube,sim2,MERFISH_Animal1_Bregma0.21train_Animal1_Bregma0.21spatial,SpaceFlow,Animal1_Bregma0.21,Animal1_Bregma0.21,0.16478478942902933,0.18248028535286026,0.31462819949087645,0.5310632964278253,0.19904936062869819,0.1684758983328423,0.18248028535286034
258,scCube,sim2,MERFISH_Animal1_Bregma0.21train_Animal1_Bregma0.21spatial,SpatialMGCN,Animal1_Bregma0.21,Animal1_Bregma0.21,0.5116315829893391,0.6700302391709354,0.6091665828175056,0.8803008147064968,0.7194069996440209,0.6269961321234246,0.6700302391709355
259,scCube,sim2,MERFISH_Animal1_Bregma0.21train_Animal1_Bregma0.21spatial,stLearn,Animal1_Bregma0.21,Animal1_Bregma0.21,0.6421952992587969,0.7407862680652778,0.7172505332043783,0.9152287445163985,0.7996170210596645,0.6900348049368124,0.7407862680652779
260,scCube,sim2,MERFISH_Animal1_Bregma0.21train_Animal1_Bregma0.26spatial,BASS,Animal1_Bregma0.21,Animal1_Bregma0.26,0.6420718844903044,0.7507558074558999,0.7175473024569733,0.9151490066225165,0.8057199890667853,0.7028117648532077,0.7507558074558999
261,scCube,sim2,MERFISH_Animal1_Bregma0.21train_Animal1_Bregma0.26spatial,Banksy,Animal1_Bregma0.21,Animal1_Bregma0.26,0.4955281449255162,0.6464482042309855,0.5970382650745204,0.8444950331125828,0.6977371237758648,0.6022810077619948,0.6464482042309855
262,scCube,sim2,MERFISH_Animal1_Bregma0.21train_Animal1_Bregma0.26spatial,CCST,Animal1_Bregma0.21,Animal1_Bregma0.26,0.11320151139005522,0.156518488650975,0.35004206247302194,0.48468543046357615,0.13739521241746394,0.18192597021777862,0.156518488650975
263,scCube,sim2,MERFISH_Animal1_Bregma0.21train_Animal1_Bregma0.26spatial,CellCharter,Animal1_Bregma0.21,Animal1_Bregma0.26,0.37167569448627513,0.5381163062209559,0.49076738937628434,0.7778559602649007,0.6024064115757554,0.48624338807642087,0.538116306220956
264,scCube,sim2,MERFISH_Animal1_Bregma0.21train_Animal1_Bregma0.26spatial,DeepST,Animal1_Bregma0.21,Animal1_Bregma0.26,0.5050270520783172,0.5553989103086006,0.6181004351821004,0.8139900662251656,0.5745770397106218,0.5483200450866327,0.5553989103086004
265,scCube,sim2,MERFISH_Animal1_Bregma0.21train_Animal1_Bregma0.26spatial,GraphST,Animal1_Bregma0.21,Animal1_Bregma0.26,0.1465700296506609,0.23290909833212053,0.3242636596172702,0.527317880794702,0.2438400427254792,0.222916137864498,0.23290909833212053
266,scCube,sim2,MERFISH_Animal1_Bregma0.21train_Animal1_Bregma0.26spatial,PRECAST,Animal1_Bregma0.21,Animal1_Bregma0.26,0.532559981943832,0.7073661032894009,0.6280853688994786,0.8768625827814569,0.774789015722512,0.6507382151702247,0.7073661032894009
267,scCube,sim2,MERFISH_Animal1_Bregma0.21train_Animal1_Bregma0.26spatial,SEDR,Animal1_Bregma0.21,Animal1_Bregma0.26,0.47084585456530553,0.6101039972138227,0.5761811375340251,0.8480132450331126,0.6654535838995794,0.5633614962827959,0.6101039972138227
268,scCube,sim2,MERFISH_Animal1_Bregma0.21train_Animal1_Bregma0.26spatial,STAGATE,Animal1_Bregma0.21,Animal1_Bregma0.26,0.20642925185641428,0.252767774939119,0.3605383365486701,0.5956953642384105,0.2723262407358641,0.23585632499307346,0.25276777493911906
269,scCube,sim2,MERFISH_Animal1_Bregma0.21train_Animal1_Bregma0.26spatial,SpaGCN,Animal1_Bregma0.21,Animal1_Bregma0.26,0.5716663830945287,0.6819721577512469,0.6592463593750725,0.8661009933774835,0.7220919033646369,0.6460758951828647,0.6819721577512468
270,scCube,sim2,MERFISH_Animal1_Bregma0.21train_Animal1_Bregma0.26spatial,SpaceFlow,Animal1_Bregma0.21,Animal1_Bregma0.26,0.13388959709231063,0.17070863065674496,0.2839136951867766,0.5156870860927152,0.18955566815368702,0.15528054441367817,0.17070863065674496
271,scCube,sim2,MERFISH_Animal1_Bregma0.21train_Animal1_Bregma0.26spatial,SpatialMGCN,Animal1_Bregma0.21,Animal1_Bregma0.26,0.47363389813104917,0.648908624675345,0.590718059026092,0.8226407284768212,0.6677701768125213,0.6310833140458768,0.648908624675345
272,scCube,sim2,MERFISH_Animal1_Bregma0.21train_Animal1_Bregma0.26spatial,stLearn,Animal1_Bregma0.21,Animal1_Bregma0.26,0.6435646557362216,0.7482102003521159,0.7203386950373972,0.9209850993377483,0.8105004244487507,0.6948119053853019,0.7482102003521159
273,scCube,sim2,MERFISH_Animal1_Bregma0.26train_Animal1_Bregma0.01spatial,BASS,Animal1_Bregma0.26,Animal1_Bregma0.01,0.6063603748086053,0.7457970190857909,0.6870478195186168,0.8980891719745223,0.7855024881111824,0.7099124639449352,0.7457970190857909
274,scCube,sim2,MERFISH_Animal1_Bregma0.26train_Animal1_Bregma0.01spatial,Banksy,Animal1_Bregma0.26,Animal1_Bregma0.01,0.4814201408776486,0.6749684530916025,0.5894159590253365,0.8034844511052828,0.7039612846621524,0.6486096530086799,0.6749684530916025
275,scCube,sim2,MERFISH_Animal1_Bregma0.26train_Animal1_Bregma0.01spatial,CCST,Animal1_Bregma0.26,Animal1_Bregma0.01,0.09484038043535052,0.15438621544132305,0.3350848375897583,0.42851255151742224,0.13590962817865548,0.17874180321824995,0.15438621544132308
276,scCube,sim2,MERFISH_Animal1_Bregma0.26train_Animal1_Bregma0.01spatial,CellCharter,Animal1_Bregma0.26,Animal1_Bregma0.01,0.37459260583516757,0.5210789407954743,0.4933443276522955,0.7067815661296366,0.5633570053856489,0.4847409593672946,0.5210789407954745
277,scCube,sim2,MERFISH_Animal1_Bregma0.26train_Animal1_Bregma0.01spatial,DeepST,Animal1_Bregma0.26,Animal1_Bregma0.01,0.4710974781381144,0.560289403906074,0.5836454366925309,0.8009366804046459,0.5686344547080379,0.5535623216959967,0.560289403906074
278,scCube,sim2,MERFISH_Animal1_Bregma0.26train_Animal1_Bregma0.01spatial,GraphST,Animal1_Bregma0.26,Animal1_Bregma0.01,0.1397342488018324,0.2619134955690579,0.3244946303053645,0.5597602098164106,0.2663081815480596,0.2576614993593258,0.2619134955690579
279,scCube,sim2,MERFISH_Animal1_Bregma0.26train_Animal1_Bregma0.01spatial,PRECAST,Animal1_Bregma0.26,Animal1_Bregma0.01,0.5058563313097006,0.6888240340038965,0.6050236406749413,0.8842263019857624,0.7478620799334859,0.6384252006743948,0.6888240340038965
280,scCube,sim2,MERFISH_Animal1_Bregma0.26train_Animal1_Bregma0.01spatial,SEDR,Animal1_Bregma0.26,Animal1_Bregma0.01,0.5587499323484042,0.6836107652718979,0.6518149271402456,0.8449606594230049,0.7089137401218083,0.6605384246852528,0.6836107652718979
281,scCube,sim2,MERFISH_Animal1_Bregma0.26train_Animal1_Bregma0.01spatial,STAGATE,Animal1_Bregma0.26,Animal1_Bregma0.01,0.21531722903293843,0.3010220584282664,0.37094480874425245,0.5749344323716749,0.3129960582755989,0.28999147056605407,0.30102205842826635
282,scCube,sim2,MERFISH_Animal1_Bregma0.26train_Animal1_Bregma0.01spatial,SpaGCN,Animal1_Bregma0.26,Animal1_Bregma0.01,0.566752396387679,0.6948761866052594,0.6549250797272989,0.8832896215811166,0.7366957210273688,0.6575494953150993,0.6948761866052594
283,scCube,sim2,MERFISH_Animal1_Bregma0.26train_Animal1_Bregma0.01spatial,SpaceFlow,Animal1_Bregma0.26,Animal1_Bregma0.01,0.14460954582173005,0.20694109054031862,0.30217290059063007,0.5138254027725739,0.21985127149125555,0.19551118644303414,0.20694109054031862
284,scCube,sim2,MERFISH_Animal1_Bregma0.26train_Animal1_Bregma0.01spatial,SpatialMGCN,Animal1_Bregma0.26,Animal1_Bregma0.01,0.5852445139983591,0.7000525285226589,0.6713206720602399,0.8744848257774447,0.7219716512796457,0.6794251221283546,0.7000525285226588
285,scCube,sim2,MERFISH_Animal1_Bregma0.26train_Animal1_Bregma0.01spatial,stLearn,Animal1_Bregma0.26,Animal1_Bregma0.01,0.555383820861328,0.7153435795099623,0.6458064228868717,0.8887973023604345,0.7659822675412572,0.6711156179263338,0.7153435795099622
286,scCube,sim2,MERFISH_Animal1_Bregma0.26train_Animal1_Bregma0.06spatial,BASS,Animal1_Bregma0.26,Animal1_Bregma0.06,0.6332355990353394,0.7457679376205598,0.6997898736550734,0.884334643458731,0.7789461748350681,0.7153006038300331,0.7457679376205598
287,scCube,sim2,MERFISH_Animal1_Bregma0.26train_Animal1_Bregma0.06spatial,Banksy,Animal1_Bregma0.26,Animal1_Bregma0.06,0.48959976932787963,0.6779773763744059,0.5904767595582562,0.7617069062324537,0.6812002993763028,0.6749106726798646,0.6779773763744059
288,scCube,sim2,MERFISH_Animal1_Bregma0.26train_Animal1_Bregma0.06spatial,CCST,Animal1_Bregma0.26,Animal1_Bregma0.06,0.09566718398125273,0.17404041270933915,0.3052447346946129,0.4146734044544263,0.15513935425828274,0.1991297605772593,0.17404041270933918
289,scCube,sim2,MERFISH_Animal1_Bregma0.26train_Animal1_Bregma0.06spatial,CellCharter,Animal1_Bregma0.26,Animal1_Bregma0.06,0.35942139096305425,0.5002733069160954,0.4718822887926898,0.6683136814523676,0.5204543648532837,0.4817207146394278,0.5002733069160954
290,scCube,sim2,MERFISH_Animal1_Bregma0.26train_Animal1_Bregma0.06spatial,DeepST,Animal1_Bregma0.26,Animal1_Bregma0.06,0.5016930042237998,0.5840906081896936,0.5905164677209889,0.8086468276249299,0.5984534374981886,0.5704090588106283,0.5840906081896935
291,scCube,sim2,MERFISH_Animal1_Bregma0.26train_Animal1_Bregma0.06spatial,GraphST,Animal1_Bregma0.26,Animal1_Bregma0.06,0.166830350959016,0.274590937368704,0.329888022225587,0.5188096574957889,0.275685733349628,0.2735048022443999,0.2745909373687041
292,scCube,sim2,MERFISH_Animal1_Bregma0.26train_Animal1_Bregma0.06spatial,PRECAST,Animal1_Bregma0.26,Animal1_Bregma0.06,0.6079830442205427,0.7247719998169904,0.6786014311007422,0.8762867303013289,0.7562757789240928,0.6957879309204689,0.7247719998169903
293,scCube,sim2,MERFISH_Animal1_Bregma0.26train_Animal1_Bregma0.06spatial,SEDR,Animal1_Bregma0.26,Animal1_Bregma0.06,0.5710379644304718,0.6807938807681685,0.6476938540443796,0.8471645143177989,0.7115819431143204,0.6526919200497687,0.6807938807681685
294,scCube,sim2,MERFISH_Animal1_Bregma0.26train_Animal1_Bregma0.06spatial,STAGATE,Animal1_Bregma0.26,Animal1_Bregma0.06,0.21689411415683996,0.30594855845317614,0.36057485904598574,0.5563541081789257,0.31184098842546726,0.3002772655962137,0.30594855845317614
295,scCube,sim2,MERFISH_Animal1_Bregma0.26train_Animal1_Bregma0.06spatial,SpaGCN,Animal1_Bregma0.26,Animal1_Bregma0.06,0.6000918633585923,0.70383510138004,0.6720082853509788,0.8755380872169193,0.7322592155751978,0.6775352095417025,0.70383510138004
296,scCube,sim2,MERFISH_Animal1_Bregma0.26train_Animal1_Bregma0.06spatial,SpaceFlow,Animal1_Bregma0.26,Animal1_Bregma0.06,0.14488258900761777,0.23124567774021526,0.285990531834856,0.5175369642522927,0.24323015116686167,0.2203919262689485,0.23124567774021526
297,scCube,sim2,MERFISH_Animal1_Bregma0.26train_Animal1_Bregma0.06spatial,SpatialMGCN,Animal1_Bregma0.26,Animal1_Bregma0.06,0.6286949594611745,0.7376123949763782,0.6957625940948535,0.8777840164701478,0.7676517645804277,0.7098354642726463,0.7376123949763783
298,scCube,sim2,MERFISH_Animal1_Bregma0.26train_Animal1_Bregma0.06spatial,stLearn,Animal1_Bregma0.26,Animal1_Bregma0.06,0.5838712845300462,0.7159408841388266,0.658542863077,0.8717574396406513,0.7507261070063265,0.6842881624374386,0.7159408841388266
299,scCube,sim2,MERFISH_Animal1_Bregma0.26train_Animal1_Bregma0.11spatial,BASS,Animal1_Bregma0.26,Animal1_Bregma0.11,0.6207723537309171,0.733577571762314,0.6935822724677327,0.9114398422090728,0.7890929345639597,0.685360161198673,0.733577571762314
300,scCube,sim2,MERFISH_Animal1_Bregma0.26train_Animal1_Bregma0.11spatial,Banksy,Animal1_Bregma0.26,Animal1_Bregma0.11,0.5055313586648793,0.6617570040140429,0.5970396310668128,0.8188954635108481,0.7096384668123963,0.619973122754598,0.6617570040140429
301,scCube,sim2,MERFISH_Animal1_Bregma0.26train_Animal1_Bregma0.11spatial,CCST,Animal1_Bregma0.26,Animal1_Bregma0.11,0.11684459304642547,0.15609032944727283,0.32643629225906057,0.4720710059171598,0.14078414318113747,0.17516965370127927,0.1560903294472728
302,scCube,sim2,MERFISH_Animal1_Bregma0.26train_Animal1_Bregma0.11spatial,CellCharter,Animal1_Bregma0.26,Animal1_Bregma0.11,0.34595710724731416,0.47531542303942687,0.45992512142657216,0.7325049309664694,0.5233425833817987,0.43540563988662495,0.47531542303942687
303,scCube,sim2,MERFISH_Animal1_Bregma0.26train_Animal1_Bregma0.11spatial,DeepST,Animal1_Bregma0.26,Animal1_Bregma0.11,0.5082797902750346,0.5536819564117338,0.604590282871657,0.8080867850098619,0.5616717355410537,0.545962656100619,0.5536819564117338
304,scCube,sim2,MERFISH_Animal1_Bregma0.26train_Animal1_Bregma0.11spatial,GraphST,Animal1_Bregma0.26,Animal1_Bregma0.11,0.1819740822340687,0.23786110813335698,0.3454160926316401,0.5915187376725838,0.24811807473930497,0.2284185031887193,0.2378611081333569
305,scCube,sim2,MERFISH_Animal1_Bregma0.26train_Animal1_Bregma0.11spatial,PRECAST,Animal1_Bregma0.26,Animal1_Bregma0.11,0.5942578563345946,0.6920042318222486,0.6710301808391509,0.8644970414201183,0.7427256882614868,0.6477675580443378,0.6920042318222486
306,scCube,sim2,MERFISH_Animal1_Bregma0.26train_Animal1_Bregma0.11spatial,SEDR,Animal1_Bregma0.26,Animal1_Bregma0.11,0.47345871284965224,0.6181507100240056,0.5696995285803104,0.8333727810650888,0.6750078184772316,0.5702583559571912,0.6181507100240056
307,scCube,sim2,MERFISH_Animal1_Bregma0.26train_Animal1_Bregma0.11spatial,STAGATE,Animal1_Bregma0.26,Animal1_Bregma0.11,0.19901788140131527,0.27126044932897625,0.33436785307914213,0.6080078895463511,0.2972342057561687,0.24946148211975122,0.27126044932897625
308,scCube,sim2,MERFISH_Animal1_Bregma0.26train_Animal1_Bregma0.11spatial,SpaGCN,Animal1_Bregma0.26,Animal1_Bregma0.11,0.5517030211598221,0.6517455177314013,0.6369591227642706,0.868836291913215,0.7143878142796455,0.5992033634097108,0.6517455177314014
309,scCube,sim2,MERFISH_Animal1_Bregma0.26train_Animal1_Bregma0.11spatial,SpaceFlow,Animal1_Bregma0.26,Animal1_Bregma0.11,0.16117398407635056,0.19351180372344778,0.3048452650521794,0.5380276134122288,0.20955330149084772,0.17977310179801637,0.19351180372344778
310,scCube,sim2,MERFISH_Animal1_Bregma0.26train_Animal1_Bregma0.11spatial,SpatialMGCN,Animal1_Bregma0.26,Animal1_Bregma0.11,0.5456397326886371,0.666959049506651,0.6310131747672292,0.8664694280078894,0.7043397698809615,0.6333461049294511,0.6669590495066511
311,scCube,sim2,MERFISH_Animal1_Bregma0.26train_Animal1_Bregma0.11spatial,stLearn,Animal1_Bregma0.26,Animal1_Bregma0.11,0.6177697688832549,0.7195381827822983,0.690935523782362,0.8998422090729784,0.770263280107842,0.6752117933849026,0.7195381827822983
312,scCube,sim2,MERFISH_Animal1_Bregma0.26train_Animal1_Bregma0.21spatial,BASS,Animal1_Bregma0.26,Animal1_Bregma0.21,0.6998772531477169,0.7610053727061636,0.7630159872076575,0.9197827449341969,0.8073251383560194,0.7197123358045013,0.7610053727061638
313,scCube,sim2,MERFISH_Animal1_Bregma0.26train_Animal1_Bregma0.21spatial,Banksy,Animal1_Bregma0.26,Animal1_Bregma0.21,0.5341969571660886,0.6720640099765299,0.6285434755648321,0.8707750156674325,0.7318216989222271,0.6215735044285314,0.6720640099765299
314,scCube,sim2,MERFISH_Animal1_Bregma0.26train_Animal1_Bregma0.21spatial,CCST,Animal1_Bregma0.26,Animal1_Bregma0.21,0.14439772801667144,0.1763181642985329,0.37484705165178095,0.5045748903279715,0.15192300222173996,0.21004985891974498,0.1763181642985329
315,scCube,sim2,MERFISH_Animal1_Bregma0.26train_Animal1_Bregma0.21spatial,CellCharter,Animal1_Bregma0.26,Animal1_Bregma0.21,0.37254569885261246,0.5213440905103831,0.49058594512296994,0.7324838103196156,0.5800869859583859,0.47341568873235795,0.5213440905103831
316,scCube,sim2,MERFISH_Animal1_Bregma0.26train_Animal1_Bregma0.21spatial,DeepST,Animal1_Bregma0.26,Animal1_Bregma0.21,0.5194136799155604,0.5751483527953616,0.616423872301182,0.8353039481930228,0.6047495565456964,0.5485505728352524,0.5751483527953616
317,scCube,sim2,MERFISH_Animal1_Bregma0.26train_Animal1_Bregma0.21spatial,GraphST,Animal1_Bregma0.26,Animal1_Bregma0.21,0.12294061948473181,0.2241502295284318,0.3071165794541885,0.5383329851681637,0.23388272948753439,0.21519536203236597,0.2241502295284318
318,scCube,sim2,MERFISH_Animal1_Bregma0.26train_Animal1_Bregma0.21spatial,PRECAST,Animal1_Bregma0.26,Animal1_Bregma0.21,0.5611017579054439,0.710071683069836,0.6509204092938722,0.8535617296845623,0.7405273660353054,0.6820221454174064,0.7100716830698359
319,scCube,sim2,MERFISH_Animal1_Bregma0.26train_Animal1_Bregma0.21spatial,SEDR,Animal1_Bregma0.26,Animal1_Bregma0.21,0.4314237827686293,0.6062864427435896,0.544072802493861,0.8106120743680801,0.6546238297090692,0.5650066480815907,0.6062864427435896
320,scCube,sim2,MERFISH_Animal1_Bregma0.26train_Animal1_Bregma0.21spatial,STAGATE,Animal1_Bregma0.26,Animal1_Bregma0.21,0.1376945087809895,0.27356856832708704,0.3119259991727176,0.5692082724044287,0.28793289721635,0.260587392036404,0.27356856832708704
321,scCube,sim2,MERFISH_Animal1_Bregma0.26train_Animal1_Bregma0.21spatial,SpaGCN,Animal1_Bregma0.26,Animal1_Bregma0.21,0.5759491703315582,0.6927975287312875,0.6639818976672869,0.8972216419469398,0.757387734546077,0.6383581906766845,0.6927975287312874
322,scCube,sim2,MERFISH_Animal1_Bregma0.26train_Animal1_Bregma0.21spatial,SpaceFlow,Animal1_Bregma0.26,Animal1_Bregma0.21,0.17154046896806613,0.18654152239818284,0.3166231109916592,0.5274702318780029,0.20659813491752801,0.17003746695073327,0.1865415223981828
323,scCube,sim2,MERFISH_Animal1_Bregma0.26train_Animal1_Bregma0.21spatial,SpatialMGCN,Animal1_Bregma0.26,Animal1_Bregma0.21,0.4078171009859535,0.6285405189499932,0.5323938846680327,0.8178399832880718,0.6562083125821845,0.6031114548113968,0.6285405189499932
324,scCube,sim2,MERFISH_Animal1_Bregma0.26train_Animal1_Bregma0.21spatial,stLearn,Animal1_Bregma0.26,Animal1_Bregma0.21,0.635525527573731,0.732149921484745,0.7130061416658822,0.9130144140380196,0.7959087636250508,0.6779463388704796,0.732149921484745
325,scCube,sim2,MERFISH_Animal1_Bregma0.26train_Animal1_Bregma0.26spatial,BASS,Animal1_Bregma0.26,Animal1_Bregma0.26,0.6865958055034603,0.7609685239305749,0.7535303942223044,0.9186672185430463,0.8108825514604583,0.7168431117485272,0.7609685239305749
326,scCube,sim2,MERFISH_Animal1_Bregma0.26train_Animal1_Bregma0.26spatial,Banksy,Animal1_Bregma0.26,Animal1_Bregma0.26,0.5551075001989244,0.6797138859556107,0.6456825586575594,0.8682119205298013,0.7300354796689402,0.6359124981142811,0.6797138859556107
327,scCube,sim2,MERFISH_Animal1_Bregma0.26train_Animal1_Bregma0.26spatial,CCST,Animal1_Bregma0.26,Animal1_Bregma0.26,0.0990501876529199,0.14444176847465645,0.34322561727174594,0.4822847682119205,0.12587899501838581,0.16959356277117763,0.14444176847465645
328,scCube,sim2,MERFISH_Animal1_Bregma0.26train_Animal1_Bregma0.26spatial,CellCharter,Animal1_Bregma0.26,Animal1_Bregma0.26,0.3501145278872466,0.5024518818223721,0.4719243588541665,0.7372930463576159,0.5623213475457871,0.4541076994549827,0.502451881822372
329,scCube,sim2,MERFISH_Animal1_Bregma0.26train_Animal1_Bregma0.26spatial,DeepST,Animal1_Bregma0.26,Animal1_Bregma0.26,0.4891155309169175,0.5507841070235896,0.5976161936717277,0.80533940397351,0.5662318646379821,0.5369181928045743,0.5507841070235896
330,scCube,sim2,MERFISH_Animal1_Bregma0.26train_Animal1_Bregma0.26spatial,GraphST,Animal1_Bregma0.26,Animal1_Bregma0.26,0.1305523568879622,0.2052577243055898,0.3017848824037255,0.5254552980132451,0.2202216233537886,0.1921980094302752,0.2052577243055898
331,scCube,sim2,MERFISH_Animal1_Bregma0.26train_Animal1_Bregma0.26spatial,PRECAST,Animal1_Bregma0.26,Animal1_Bregma0.26,0.5635242064115502,0.708236809309602,0.6525708618714349,0.8588576158940399,0.757102877409449,0.6652962613550254,0.7082368093096019
332,scCube,sim2,MERFISH_Animal1_Bregma0.26train_Animal1_Bregma0.26spatial,SEDR,Animal1_Bregma0.26,Animal1_Bregma0.26,0.46475968568959825,0.5818144339283355,0.5712993573271025,0.8044288079470199,0.6269669474745628,0.5427702402929306,0.5818144339283355
333,scCube,sim2,MERFISH_Animal1_Bregma0.26train_Animal1_Bregma0.26spatial,STAGATE,Animal1_Bregma0.26,Animal1_Bregma0.26,0.16330294353188002,0.23458407571354734,0.3228439803699824,0.5604718543046359,0.2508997318779971,0.22026429248366503,0.23458407571354734
334,scCube,sim2,MERFISH_Animal1_Bregma0.26train_Animal1_Bregma0.26spatial,SpaGCN,Animal1_Bregma0.26,Animal1_Bregma0.26,0.5620869060568733,0.6590528753822903,0.651500041666023,0.8501655629139073,0.7052507015562145,0.6185353827626627,0.6590528753822903
335,scCube,sim2,MERFISH_Animal1_Bregma0.26train_Animal1_Bregma0.26spatial,SpaceFlow,Animal1_Bregma0.26,Animal1_Bregma0.26,0.11341693856981246,0.141917779293416,0.27057291957514,0.5005794701986754,0.15529449065927683,0.13067180900056136,0.14191777929341598
336,scCube,sim2,MERFISH_Animal1_Bregma0.26train_Animal1_Bregma0.26spatial,SpatialMGCN,Animal1_Bregma0.26,Animal1_Bregma0.26,0.5605452332905452,0.6646135383892362,0.6572523511733166,0.8307119205298014,0.6873132376602736,0.6433652953387646,0.6646135383892362
337,scCube,sim2,MERFISH_Animal1_Bregma0.26train_Animal1_Bregma0.26spatial,stLearn,Animal1_Bregma0.26,Animal1_Bregma0.26,0.6006298900768876,0.7144144758312898,0.6849192473861353,0.8983443708609272,0.7779985673844774,0.6605219718308413,0.7144144758312898
338,scCube,sim2,MERFISH_Animal2_Bregma0.01train_Animal2_Bregma0.01spatial,BASS,Animal2_Bregma0.01,Animal2_Bregma0.01,0.554512339393391,0.6739807148772502,0.6306710302106298,0.8245398773006135,0.700368195553567,0.6495094191285974,0.6739807148772501
339,scCube,sim2,MERFISH_Animal2_Bregma0.01train_Animal2_Bregma0.01spatial,Banksy,Animal2_Bregma0.01,Animal2_Bregma0.01,0.4547818866762923,0.6124478921844313,0.5539021542619592,0.7519836400817995,0.6177141791971534,0.6074417856549673,0.6124478921844313
340,scCube,sim2,MERFISH_Animal2_Bregma0.01train_Animal2_Bregma0.01spatial,CCST,Animal2_Bregma0.01,Animal2_Bregma0.01,0.07669756441913506,0.12304499698593548,0.3208583958775818,0.3662167689161554,0.10026622547299338,0.15936521116351549,0.12304499698593548
341,scCube,sim2,MERFISH_Animal2_Bregma0.01train_Animal2_Bregma0.01spatial,CellCharter,Animal2_Bregma0.01,Animal2_Bregma0.01,0.313954739320171,0.4377598187015989,0.4250842926225082,0.6277709611451943,0.46335366136096195,0.4148694755363522,0.4377598187015989
342,scCube,sim2,MERFISH_Animal2_Bregma0.01train_Animal2_Bregma0.01spatial,DeepST,Animal2_Bregma0.01,Animal2_Bregma0.01,0.527912498314463,0.5435921512159259,0.6210044479439103,0.769079754601227,0.5327662190526233,0.5548951366231683,0.5435921512159259
343,scCube,sim2,MERFISH_Animal2_Bregma0.01train_Animal2_Bregma0.01spatial,GraphST,Animal2_Bregma0.01,Animal2_Bregma0.01,0.133398201210468,0.2526424066281709,0.3102036606565869,0.5032719836400819,0.24595538889516616,0.2597031988466566,0.2526424066281709
344,scCube,sim2,MERFISH_Animal2_Bregma0.01train_Animal2_Bregma0.01spatial,PRECAST,Animal2_Bregma0.01,Animal2_Bregma0.01,0.5476261262585275,0.6474926594089911,0.6504860476897745,0.716359918200409,0.6268963640726848,0.6694882862098789,0.6474926594089911
345,scCube,sim2,MERFISH_Animal2_Bregma0.01train_Animal2_Bregma0.01spatial,SEDR,Animal2_Bregma0.01,Animal2_Bregma0.01,0.4128902450471819,0.5559699467353847,0.5128182197593781,0.7459304703476483,0.5768722820584378,0.5366001443190257,0.5559699467353847
346,scCube,sim2,MERFISH_Animal2_Bregma0.01train_Animal2_Bregma0.01spatial,STAGATE,Animal2_Bregma0.01,Animal2_Bregma0.01,0.18849314094382247,0.29655212070766707,0.3524882282300383,0.516278118609407,0.2882282924927543,0.30562798053177564,0.29655212070766707
347,scCube,sim2,MERFISH_Animal2_Bregma0.01train_Animal2_Bregma0.01spatial,SpaGCN,Animal2_Bregma0.01,Animal2_Bregma0.01,0.7334189618300504,0.7317541727000493,0.7810201712545581,0.8760736196319019,0.7394958078272684,0.7241729495409616,0.7317541727000492
348,scCube,sim2,MERFISH_Animal2_Bregma0.01train_Animal2_Bregma0.01spatial,SpaceFlow,Animal2_Bregma0.01,Animal2_Bregma0.01,0.12485225244647924,0.20298376952151648,0.27547957209953494,0.47038854805725966,0.20837350833453377,0.19791472808942767,0.20298376952151648
349,scCube,sim2,MERFISH_Animal2_Bregma0.01train_Animal2_Bregma0.01spatial,SpatialMGCN,Animal2_Bregma0.01,Animal2_Bregma0.01,0.7261135272538604,0.7218601136400689,0.7750231194683027,0.8519427402862986,0.7311341656118684,0.7128183876688,0.721860113640069
350,scCube,sim2,MERFISH_Animal2_Bregma0.01train_Animal2_Bregma0.01spatial,stLearn,Animal2_Bregma0.01,Animal2_Bregma0.01,0.5592529745527095,0.6687913288572129,0.635094915548828,0.8276482617586911,0.6935814082581045,0.6457842944123949,0.6687913288572129
351,scCube,sim2,MERFISH_Animal2_Bregma0.01train_Animal2_Bregma0.06spatial,BASS,Animal2_Bregma0.01,Animal2_Bregma0.06,0.6560073733340896,0.7317325301177778,0.7224950469957391,0.9026184808483013,0.787818508035058,0.6831015117872755,0.7317325301177778
352,scCube,sim2,MERFISH_Animal2_Bregma0.01train_Animal2_Bregma0.06spatial,Banksy,Animal2_Bregma0.01,Animal2_Bregma0.06,0.5121669847799037,0.6469803519072063,0.6040007291146826,0.8093919065137417,0.6804749920277443,0.6168723269404307,0.6469803519072064
353,scCube,sim2,MERFISH_Animal2_Bregma0.01train_Animal2_Bregma0.06spatial,CCST,Animal2_Bregma0.01,Animal2_Bregma0.06,0.1276118609879903,0.1443919510065999,0.35677837669367796,0.46041982254923175,0.12337163496334727,0.1741331498995374,0.1443919510065999
354,scCube,sim2,MERFISH_Animal2_Bregma0.01train_Animal2_Bregma0.06spatial,CellCharter,Animal2_Bregma0.01,Animal2_Bregma0.06,0.35782059041422054,0.4761243948603943,0.4695230038660766,0.7122267907379355,0.5182991443712248,0.44038200483812895,0.47612439486039426
355,scCube,sim2,MERFISH_Animal2_Bregma0.01train_Animal2_Bregma0.06spatial,DeepST,Animal2_Bregma0.01,Animal2_Bregma0.06,0.4570502644170385,0.4867286170154449,0.5950319825567325,0.7190651374161436,0.4652530402803408,0.5242284324157069,0.4867286170154448
356,scCube,sim2,MERFISH_Animal2_Bregma0.01train_Animal2_Bregma0.06spatial,GraphST,Animal2_Bregma0.01,Animal2_Bregma0.06,0.1377418765673708,0.2282654472180432,0.3271033309568931,0.5442544903700498,0.22941450593224316,0.22712784162247196,0.2282654472180433
357,scCube,sim2,MERFISH_Animal2_Bregma0.01train_Animal2_Bregma0.06spatial,PRECAST,Animal2_Bregma0.01,Animal2_Bregma0.06,0.7739610147710468,0.7662029263540755,0.8174557389576341,0.9123566327634712,0.7974858449096502,0.737281633951646,0.7662029263540754
358,scCube,sim2,MERFISH_Animal2_Bregma0.01train_Animal2_Bregma0.06spatial,SEDR,Animal2_Bregma0.01,Animal2_Bregma0.06,0.5300009917480867,0.6218249485699814,0.6184212754778724,0.8162735338671283,0.6615732317385085,0.5868529550993336,0.6218249485699813
359,scCube,sim2,MERFISH_Animal2_Bregma0.01train_Animal2_Bregma0.06spatial,STAGATE,Animal2_Bregma0.01,Animal2_Bregma0.06,0.18294778385180865,0.2620820770134707,0.3357574559441613,0.5706557022289548,0.2734241477677374,0.25165999530399513,0.2620820770134707
360,scCube,sim2,MERFISH_Animal2_Bregma0.01train_Animal2_Bregma0.06spatial,SpaGCN,Animal2_Bregma0.01,Animal2_Bregma0.06,0.6246970294503695,0.6916265877894888,0.6957582469804161,0.8961263795715213,0.7415741048577057,0.6479827632349636,0.6916265877894887
361,scCube,sim2,MERFISH_Animal2_Bregma0.01train_Animal2_Bregma0.06spatial,SpaceFlow,Animal2_Bregma0.01,Animal2_Bregma0.06,0.19027879419202634,0.21170602829777607,0.33529600647676566,0.539407054750054,0.22307317525603515,0.201499603104561,0.21170602829777602
362,scCube,sim2,MERFISH_Animal2_Bregma0.01train_Animal2_Bregma0.06spatial,SpatialMGCN,Animal2_Bregma0.01,Animal2_Bregma0.06,0.5733793360509699,0.6900193929261981,0.6761290057427396,0.7965808266608959,0.6825197907098598,0.6976856391462627,0.6900193929261982
363,scCube,sim2,MERFISH_Animal2_Bregma0.01train_Animal2_Bregma0.06spatial,stLearn,Animal2_Bregma0.01,Animal2_Bregma0.06,0.6233252532992888,0.7021869904548833,0.6943503119719839,0.882622808915819,0.7509499517338609,0.6593864375087337,0.7021869904548833
364,scCube,sim2,MERFISH_Animal2_Bregma0.01train_Animal2_Bregma0.11spatial,BASS,Animal2_Bregma0.01,Animal2_Bregma0.11,0.6940493741377044,0.7404198949286983,0.7522108615471915,0.9008824132977631,0.7907868944480974,0.6960846921085253,0.7404198949286982
365,scCube,sim2,MERFISH_Animal2_Bregma0.01train_Animal2_Bregma0.11spatial,Banksy,Animal2_Bregma0.01,Animal2_Bregma0.11,0.5627382226912728,0.6617171409958528,0.6430515418714523,0.8198235173404473,0.68708297676638,0.6385394508223418,0.6617171409958528
366,scCube,sim2,MERFISH_Animal2_Bregma0.01train_Animal2_Bregma0.11spatial,CCST,Animal2_Bregma0.01,Animal2_Bregma0.11,0.13661271170303987,0.16244879407154675,0.34722648856827115,0.4532731376975169,0.14242105445377473,0.18908416701500608,0.16244879407154675
367,scCube,sim2,MERFISH_Animal2_Bregma0.01train_Animal2_Bregma0.11spatial,CellCharter,Animal2_Bregma0.01,Animal2_Bregma0.11,0.42330830092797456,0.5277887584036398,0.5235018967049052,0.7530474040632054,0.5701895239140609,0.4912894653847286,0.5277887584036398
368,scCube,sim2,MERFISH_Animal2_Bregma0.01train_Animal2_Bregma0.11spatial,DeepST,Animal2_Bregma0.01,Animal2_Bregma0.11,0.5486848392511539,0.5475929179870782,0.6521612227451483,0.7743894931253847,0.5293504452419436,0.5701333562469085,0.5475929179870782
369,scCube,sim2,MERFISH_Animal2_Bregma0.01train_Animal2_Bregma0.11spatial,GraphST,Animal2_Bregma0.01,Animal2_Bregma0.11,0.1725381786111406,0.2605884386134032,0.3218136483624492,0.5713113072029551,0.2729686467904252,0.24928249130575736,0.2605884386134032
370,scCube,sim2,MERFISH_Animal2_Bregma0.01train_Animal2_Bregma0.11spatial,PRECAST,Animal2_Bregma0.01,Animal2_Bregma0.11,0.6667852715591408,0.7331632010152918,0.7284446948844111,0.8889800943977016,0.7701750547679971,0.699545548292735,0.7331632010152919
371,scCube,sim2,MERFISH_Animal2_Bregma0.01train_Animal2_Bregma0.11spatial,SEDR,Animal2_Bregma0.01,Animal2_Bregma0.11,0.5522790489707148,0.6583094460956567,0.6329256208089136,0.8483069977426636,0.7075693426804388,0.6155008172023372,0.6583094460956567
372,scCube,sim2,MERFISH_Animal2_Bregma0.01train_Animal2_Bregma0.11spatial,STAGATE,Animal2_Bregma0.01,Animal2_Bregma0.11,0.18306217839341166,0.291790609874076,0.32151824266947815,0.5985635132361995,0.31461751732018195,0.27205345609724035,0.291790609874076
373,scCube,sim2,MERFISH_Animal2_Bregma0.01train_Animal2_Bregma0.11spatial,SpaGCN,Animal2_Bregma0.01,Animal2_Bregma0.11,0.7948309944247508,0.757823077616307,0.8335494545335065,0.9064231479581368,0.7773383911677906,0.739263642065408,0.757823077616307
374,scCube,sim2,MERFISH_Animal2_Bregma0.01train_Animal2_Bregma0.11spatial,SpaceFlow,Animal2_Bregma0.01,Animal2_Bregma0.11,0.22508693522682374,0.23578778752199145,0.35430151529483334,0.5635953211573979,0.2533183306046586,0.2205277942949299,0.2357877875219915
375,scCube,sim2,MERFISH_Animal2_Bregma0.01train_Animal2_Bregma0.11spatial,SpatialMGCN,Animal2_Bregma0.01,Animal2_Bregma0.11,0.5550040156495938,0.6748635761199655,0.651709693741987,0.7908885696696081,0.6776567182870654,0.6720933647920622,0.6748635761199656
376,scCube,sim2,MERFISH_Animal2_Bregma0.01train_Animal2_Bregma0.11spatial,stLearn,Animal2_Bregma0.01,Animal2_Bregma0.11,0.6570693801681389,0.7077448436423011,0.7207859312435312,0.8716601682741638,0.7506011224672691,0.6696338801000861,0.7077448436423011
377,scCube,sim2,MERFISH_Animal2_Bregma0.01train_Animal2_Bregma0.16spatial,BASS,Animal2_Bregma0.01,Animal2_Bregma0.16,0.6489340753829301,0.7106813837633933,0.7153009855270257,0.8583643937732953,0.7573148046620929,0.6694579529003041,0.7106813837633933
378,scCube,sim2,MERFISH_Animal2_Bregma0.01train_Animal2_Bregma0.16spatial,Banksy,Animal2_Bregma0.01,Animal2_Bregma0.16,0.4948420254674831,0.6525297063726501,0.5854209754963435,0.8279324709493532,0.6895690840525338,0.6193032658839563,0.65252970637265
379,scCube,sim2,MERFISH_Animal2_Bregma0.01train_Animal2_Bregma0.16spatial,CCST,Animal2_Bregma0.01,Animal2_Bregma0.16,0.1399259648697422,0.17247348761116787,0.3549052051051099,0.4679237009427757,0.15084855964811908,0.20136799428968516,0.17247348761116785
380,scCube,sim2,MERFISH_Animal2_Bregma0.01train_Animal2_Bregma0.16spatial,CellCharter,Animal2_Bregma0.01,Animal2_Bregma0.16,0.4045672877477659,0.5052059057541081,0.5075761591506716,0.7311554483665862,0.5469045183473129,0.46943673437512823,0.5052059057541081
381,scCube,sim2,MERFISH_Animal2_Bregma0.01train_Animal2_Bregma0.16spatial,DeepST,Animal2_Bregma0.01,Animal2_Bregma0.16,0.5504009357827149,0.5380121947871743,0.6535368600668717,0.7630782723087043,0.5152293534703452,0.5638467096892689,0.5380121947871744
382,scCube,sim2,MERFISH_Animal2_Bregma0.01train_Animal2_Bregma0.16spatial,GraphST,Animal2_Bregma0.01,Animal2_Bregma0.16,0.2507351787164372,0.287964187834427,0.3906471128787724,0.577943433457575,0.2995726135101177,0.2772218531456462,0.287964187834427
383,scCube,sim2,MERFISH_Animal2_Bregma0.01train_Animal2_Bregma0.16spatial,PRECAST,Animal2_Bregma0.01,Animal2_Bregma0.16,0.6763299466168443,0.7180597385634204,0.7469677760987404,0.8068406051304539,0.7076018414785706,0.7288313946999462,0.7180597385634204
384,scCube,sim2,MERFISH_Animal2_Bregma0.01train_Animal2_Bregma0.16spatial,SEDR,Animal2_Bregma0.01,Animal2_Bregma0.16,0.5502478773122712,0.6443443721024604,0.6318953680598685,0.8296426222319667,0.6918933675183091,0.6030366971955545,0.6443443721024603
385,scCube,sim2,MERFISH_Animal2_Bregma0.01train_Animal2_Bregma0.16spatial,STAGATE,Animal2_Bregma0.01,Animal2_Bregma0.16,0.2217924463051665,0.295027163306224,0.3560914001313474,0.5970181977636483,0.313692624982879,0.278475018216109,0.2950271633062241
386,scCube,sim2,MERFISH_Animal2_Bregma0.01train_Animal2_Bregma0.16spatial,SpaGCN,Animal2_Bregma0.01,Animal2_Bregma0.16,0.6359399328386623,0.6914963971268695,0.7038841536219461,0.8713001534751152,0.7328003669432303,0.6546001481863075,0.6914963971268695
387,scCube,sim2,MERFISH_Animal2_Bregma0.01train_Animal2_Bregma0.16spatial,SpaceFlow,Animal2_Bregma0.01,Animal2_Bregma0.16,0.18910881050877767,0.22950781299203377,0.3204252158489579,0.543258057443543,0.25000866657917376,0.21212455310724038,0.22950781299203377
388,scCube,sim2,MERFISH_Animal2_Bregma0.01train_Animal2_Bregma0.16spatial,SpatialMGCN,Animal2_Bregma0.01,Animal2_Bregma0.16,0.5554901270513528,0.6889761888061811,0.6655509306798798,0.796316597237448,0.6660040445636758,0.7135896805800759,0.6889761888061811
389,scCube,sim2,MERFISH_Animal2_Bregma0.01train_Animal2_Bregma0.16spatial,stLearn,Animal2_Bregma0.01,Animal2_Bregma0.16,0.6386208825174788,0.7046679872835528,0.7060290766948285,0.8648103486077614,0.7455574829603882,0.6680847334352411,0.7046679872835528
390,scCube,sim2,MERFISH_Animal2_Bregma0.01train_Animal2_Bregma0.26spatial,BASS,Animal2_Bregma0.01,Animal2_Bregma0.26,0.6089788794133448,0.7132924697241293,0.6845544101292212,0.8605801664043176,0.7515966738232804,0.6787031926308285,0.7132924697241293
391,scCube,sim2,MERFISH_Animal2_Bregma0.01train_Animal2_Bregma0.26spatial,Banksy,Animal2_Bregma0.01,Animal2_Bregma0.26,0.4848200373754411,0.66016454056807,0.5810565573721244,0.8247807510681359,0.7136040690227489,0.6142021585525897,0.66016454056807
392,scCube,sim2,MERFISH_Animal2_Bregma0.01train_Animal2_Bregma0.26spatial,CCST,Animal2_Bregma0.01,Animal2_Bregma0.26,0.10143309454934353,0.11480525695952844,0.3692199347733697,0.4406116483022262,0.0899369191181234,0.1623051309338614,0.11480525695952841
393,scCube,sim2,MERFISH_Animal2_Bregma0.01train_Animal2_Bregma0.26spatial,CellCharter,Animal2_Bregma0.01,Animal2_Bregma0.26,0.44253704796492804,0.5618907038635046,0.5449863123330558,0.773330335057342,0.6174236623766598,0.5156331545631252,0.5618907038635046
394,scCube,sim2,MERFISH_Animal2_Bregma0.01train_Animal2_Bregma0.26spatial,DeepST,Animal2_Bregma0.01,Animal2_Bregma0.26,0.44319129067757695,0.5102112842490264,0.595944808402585,0.7416235664492916,0.4686790923663584,0.565296437395854,0.5102112842490264
395,scCube,sim2,MERFISH_Animal2_Bregma0.01train_Animal2_Bregma0.26spatial,GraphST,Animal2_Bregma0.01,Animal2_Bregma0.26,0.1497786368219689,0.2205804876730865,0.3108291747159208,0.5367663593433776,0.2344119363975961,0.2082903406330075,0.2205804876730865
396,scCube,sim2,MERFISH_Animal2_Bregma0.01train_Animal2_Bregma0.26spatial,PRECAST,Animal2_Bregma0.01,Animal2_Bregma0.26,0.7065546034440704,0.7354150006257081,0.7683917521452734,0.8659770631886665,0.7442038743820901,0.726831292993692,0.735415000625708
397,scCube,sim2,MERFISH_Animal2_Bregma0.01train_Animal2_Bregma0.26spatial,SEDR,Animal2_Bregma0.01,Animal2_Bregma0.26,0.5386809366502175,0.6531033141406747,0.6263379483081992,0.8525747695075332,0.708589207061004,0.6057309511486786,0.6531033141406747
398,scCube,sim2,MERFISH_Animal2_Bregma0.01train_Animal2_Bregma0.26spatial,STAGATE,Animal2_Bregma0.01,Animal2_Bregma0.26,0.18470964504719128,0.25928169251601674,0.3272123594090948,0.5610973690128176,0.2822188647772801,0.23979951249704676,0.25928169251601674
399,scCube,sim2,MERFISH_Animal2_Bregma0.01train_Animal2_Bregma0.26spatial,SpaGCN,Animal2_Bregma0.01,Animal2_Bregma0.26,0.6406047172457063,0.7138029434231282,0.7126100727644692,0.9051045648751967,0.7715650434476343,0.6640870293350243,0.7138029434231282
400,scCube,sim2,MERFISH_Animal2_Bregma0.01train_Animal2_Bregma0.26spatial,SpaceFlow,Animal2_Bregma0.01,Animal2_Bregma0.26,0.13599670177227438,0.1880863379381184,0.2829739994528976,0.5153136946255903,0.2048610885254464,0.17388552524292716,0.1880863379381184
401,scCube,sim2,MERFISH_Animal2_Bregma0.01train_Animal2_Bregma0.26spatial,SpatialMGCN,Animal2_Bregma0.01,Animal2_Bregma0.26,0.7232469491109781,0.7264559220771113,0.778218703810045,0.861479649201709,0.7541834359425319,0.7006949109837671,0.7264559220771114
402,scCube,sim2,MERFISH_Animal2_Bregma0.01train_Animal2_Bregma0.26spatial,stLearn,Animal2_Bregma0.01,Animal2_Bregma0.26,0.6013948914074073,0.6957624772795193,0.6790125351287933,0.8617045199010569,0.7435390987524679,0.6538808489719699,0.6957624772795193
403,scCube,sim2,MERFISH_Animal2_Bregma0.06train_Animal2_Bregma0.01spatial,BASS,Animal2_Bregma0.06,Animal2_Bregma0.01,0.68482739454475,0.758071441075875,0.7401382927277801,0.8844580777096114,0.7790795528970113,0.7381665602674173,0.758071441075875
404,scCube,sim2,MERFISH_Animal2_Bregma0.06train_Animal2_Bregma0.01spatial,Banksy,Animal2_Bregma0.06,Animal2_Bregma0.01,0.4173734557475891,0.6110790645871809,0.5284631494914452,0.7331288343558282,0.6166263333287706,0.606543927555512,0.6110790645871809
405,scCube,sim2,MERFISH_Animal2_Bregma0.06train_Animal2_Bregma0.01spatial,CCST,Animal2_Bregma0.06,Animal2_Bregma0.01,0.0914792438021,0.15240850204835532,0.3273440021326346,0.40552147239263797,0.1263865050752194,0.19193169213046418,0.15240850204835532
406,scCube,sim2,MERFISH_Animal2_Bregma0.06train_Animal2_Bregma0.01spatial,CellCharter,Animal2_Bregma0.06,Animal2_Bregma0.01,0.35909981338005553,0.48135793495204326,0.4632742619250855,0.663803680981595,0.5098682918218005,0.45590507250108575,0.48135793495204326
407,scCube,sim2,MERFISH_Animal2_Bregma0.06train_Animal2_Bregma0.01spatial,DeepST,Animal2_Bregma0.06,Animal2_Bregma0.01,0.41229032371431923,0.48669944178096475,0.5537156899030897,0.680081799591002,0.4534221628383091,0.5299382564739524,0.4866994417809648
408,scCube,sim2,MERFISH_Animal2_Bregma0.06train_Animal2_Bregma0.01spatial,GraphST,Animal2_Bregma0.06,Animal2_Bregma0.01,0.1649882761048072,0.2520950487033813,0.3165734816271323,0.5366053169734152,0.2547759439836857,0.2494699856901436,0.2520950487033813
409,scCube,sim2,MERFISH_Animal2_Bregma0.06train_Animal2_Bregma0.01spatial,PRECAST,Animal2_Bregma0.06,Animal2_Bregma0.01,0.5178675348292362,0.6673951957228247,0.6044431601749911,0.7789366053169734,0.6771058275373497,0.6579591536300609,0.6673951957228247
410,scCube,sim2,MERFISH_Animal2_Bregma0.06train_Animal2_Bregma0.01spatial,SEDR,Animal2_Bregma0.06,Animal2_Bregma0.01,0.42447186110720725,0.5974494092888984,0.5208596586913263,0.7566462167689162,0.6260412559627817,0.5713949762006149,0.5974494092888983
411,scCube,sim2,MERFISH_Animal2_Bregma0.06train_Animal2_Bregma0.01spatial,STAGATE,Animal2_Bregma0.06,Animal2_Bregma0.01,0.24023520688211217,0.2899874881529798,0.3695851030655512,0.5458077709611452,0.29997522326026704,0.28064887501531777,0.2899874881529798
412,scCube,sim2,MERFISH_Animal2_Bregma0.06train_Animal2_Bregma0.01spatial,SpaGCN,Animal2_Bregma0.06,Animal2_Bregma0.01,0.7626524438036499,0.7440824886088716,0.8056790950003119,0.8793456032719836,0.745499845241897,0.7426705111526013,0.7440824886088715
413,scCube,sim2,MERFISH_Animal2_Bregma0.06train_Animal2_Bregma0.01spatial,SpaceFlow,Animal2_Bregma0.06,Animal2_Bregma0.01,0.12196594064244834,0.20343080499654995,0.258346098950423,0.487361963190184,0.21562853435742646,0.1925397933288877,0.20343080499654995
414,scCube,sim2,MERFISH_Animal2_Bregma0.06train_Animal2_Bregma0.01spatial,SpatialMGCN,Animal2_Bregma0.06,Animal2_Bregma0.01,0.4272807645619535,0.6458406589030395,0.5577536270152406,0.7627811860940695,0.6165548278821088,0.6780473316614724,0.6458406589030395
415,scCube,sim2,MERFISH_Animal2_Bregma0.06train_Animal2_Bregma0.01spatial,stLearn,Animal2_Bregma0.06,Animal2_Bregma0.01,0.6169348310839788,0.722933470442749,0.6844617465051448,0.8476891615541924,0.7433397729206052,0.7038004586566513,0.722933470442749
416,scCube,sim2,MERFISH_Animal2_Bregma0.06train_Animal2_Bregma0.06spatial,BASS,Animal2_Bregma0.06,Animal2_Bregma0.06,0.701305249133789,0.759943329987578,0.7582660100387836,0.908677775373296,0.8037305163706989,0.7206806926141598,0.7599433299875781
417,scCube,sim2,MERFISH_Animal2_Bregma0.06train_Animal2_Bregma0.06spatial,Banksy,Animal2_Bregma0.06,Animal2_Bregma0.06,0.531179491384051,0.6670716854230108,0.6213500651384584,0.8471759359446007,0.6996859256059497,0.6373968541656948,0.6670716854230107
418,scCube,sim2,MERFISH_Animal2_Bregma0.06train_Animal2_Bregma0.06spatial,CCST,Animal2_Bregma0.06,Animal2_Bregma0.06,0.13823441230542793,0.18799097946139737,0.3460595096842066,0.4931400129842025,0.1715344979503604,0.20803589579775408,0.18799097946139737
419,scCube,sim2,MERFISH_Animal2_Bregma0.06train_Animal2_Bregma0.06spatial,CellCharter,Animal2_Bregma0.06,Animal2_Bregma0.06,0.34512919880765314,0.4586524982194852,0.45795107537529833,0.6911058212508114,0.5006008128335335,0.42324314959074927,0.45865249821948517
420,scCube,sim2,MERFISH_Animal2_Bregma0.06train_Animal2_Bregma0.06spatial,DeepST,Animal2_Bregma0.06,Animal2_Bregma0.06,0.49438036704575394,0.5388263896513321,0.5943783655475878,0.793897424799827,0.5498215320898773,0.5286435794280814,0.5388263896513321
421,scCube,sim2,MERFISH_Animal2_Bregma0.06train_Animal2_Bregma0.06spatial,GraphST,Animal2_Bregma0.06,Animal2_Bregma0.06,0.1233072382427652,0.2336062381682255,0.3011650453797307,0.555723869292361,0.2391290004308333,0.22833281727698979,0.23360623816822562
422,scCube,sim2,MERFISH_Animal2_Bregma0.06train_Animal2_Bregma0.06spatial,PRECAST,Animal2_Bregma0.06,Animal2_Bregma0.06,0.6685300649032321,0.7332676055628786,0.7421717168189363,0.831205366803722,0.7325004511993636,0.7340363685065144,0.7332676055628787
423,scCube,sim2,MERFISH_Animal2_Bregma0.06train_Animal2_Bregma0.06spatial,SEDR,Animal2_Bregma0.06,Animal2_Bregma0.06,0.4737039705351106,0.6165098272010866,0.5689408060087089,0.8148452715862368,0.6614905963675687,0.577316020807215,0.6165098272010865
424,scCube,sim2,MERFISH_Animal2_Bregma0.06train_Animal2_Bregma0.06spatial,STAGATE,Animal2_Bregma0.06,Animal2_Bregma0.06,0.17724663033532168,0.27966976276696115,0.33720770816309487,0.5851114477385847,0.2879760775643097,0.2718972590189404,0.2796697627669611
425,scCube,sim2,MERFISH_Animal2_Bregma0.06train_Animal2_Bregma0.06spatial,SpaGCN,Animal2_Bregma0.06,Animal2_Bregma0.06,0.6815820508112399,0.7277602157489097,0.7424370992519698,0.9130058428911492,0.7706489087021887,0.6893936001513608,0.7277602157489096
426,scCube,sim2,MERFISH_Animal2_Bregma0.06train_Animal2_Bregma0.06spatial,SpaceFlow,Animal2_Bregma0.06,Animal2_Bregma0.06,0.18317350854378173,0.21096164759833552,0.32295927501166327,0.5459857173771911,0.22727858853558452,0.1968374480590238,0.21096164759833552
427,scCube,sim2,MERFISH_Animal2_Bregma0.06train_Animal2_Bregma0.06spatial,SpatialMGCN,Animal2_Bregma0.06,Animal2_Bregma0.06,0.6095994149094812,0.7207902147423183,0.6984732119915833,0.8528457043929885,0.7183736282845594,0.7232231147210475,0.7207902147423183
428,scCube,sim2,MERFISH_Animal2_Bregma0.06train_Animal2_Bregma0.06spatial,stLearn,Animal2_Bregma0.06,Animal2_Bregma0.06,0.6647212184417303,0.7359540202141138,0.7289088422114133,0.9085912140229387,0.7866167770478596,0.6915823983044154,0.7359540202141138
429,scCube,sim2,MERFISH_Animal2_Bregma0.06train_Animal2_Bregma0.11spatial,BASS,Animal2_Bregma0.06,Animal2_Bregma0.11,0.7592842650692123,0.7848401581473501,0.8045818431890022,0.904986661194336,0.8125102492627999,0.7589926137056124,0.7848401581473501
430,scCube,sim2,MERFISH_Animal2_Bregma0.06train_Animal2_Bregma0.11spatial,Banksy,Animal2_Bregma0.06,Animal2_Bregma0.11,0.47769799993097034,0.6379277103049391,0.5764382093393933,0.7903960599220193,0.6567074618784984,0.6207140605529327,0.6379277103049391
431,scCube,sim2,MERFISH_Animal2_Bregma0.06train_Animal2_Bregma0.11spatial,CCST,Animal2_Bregma0.06,Animal2_Bregma0.11,0.12975558127809447,0.1603900128226351,0.35661126732207227,0.4453519392571311,0.1380513162753122,0.19242610814380842,0.16039001282263515
432,scCube,sim2,MERFISH_Animal2_Bregma0.06train_Animal2_Bregma0.11spatial,CellCharter,Animal2_Bregma0.06,Animal2_Bregma0.11,0.41474111725706225,0.5086475339452514,0.5165065138265601,0.7279704494151447,0.5475250638775634,0.4750820472263325,0.5086475339452515
433,scCube,sim2,MERFISH_Animal2_Bregma0.06train_Animal2_Bregma0.11spatial,DeepST,Animal2_Bregma0.06,Animal2_Bregma0.11,0.5918878680391041,0.5779287966808064,0.6793372768505606,0.8077980710034887,0.5635332468660504,0.5931659129455712,0.5779287966808064
434,scCube,sim2,MERFISH_Animal2_Bregma0.06train_Animal2_Bregma0.11spatial,GraphST,Animal2_Bregma0.06,Animal2_Bregma0.11,0.2000060467160762,0.2851757846847428,0.368897434780353,0.5737738559408988,0.2884686332373172,0.2819572629523071,0.2851757846847428
435,scCube,sim2,MERFISH_Animal2_Bregma0.06train_Animal2_Bregma0.11spatial,PRECAST,Animal2_Bregma0.06,Animal2_Bregma0.11,0.5452086186538736,0.7142816154274613,0.6308778118649894,0.8050482249127848,0.742527973784373,0.6881055303714534,0.7142816154274614
436,scCube,sim2,MERFISH_Animal2_Bregma0.06train_Animal2_Bregma0.11spatial,SEDR,Animal2_Bregma0.06,Animal2_Bregma0.11,0.5285063269566093,0.6529837724224014,0.6140753867476683,0.8361994664477734,0.7018918093242195,0.610665548473163,0.6529837724224012
437,scCube,sim2,MERFISH_Animal2_Bregma0.06train_Animal2_Bregma0.11spatial,STAGATE,Animal2_Bregma0.06,Animal2_Bregma0.11,0.17827665796919842,0.29992489314101045,0.3351669565545915,0.5784937410219577,0.309768868936416,0.29101990791698873,0.29992489314101045
438,scCube,sim2,MERFISH_Animal2_Bregma0.06train_Animal2_Bregma0.11spatial,SpaGCN,Animal2_Bregma0.06,Animal2_Bregma0.11,0.7205994384229172,0.756817949485322,0.7730046381505922,0.920172378411656,0.7938717269527998,0.7230688784381081,0.756817949485322
439,scCube,sim2,MERFISH_Animal2_Bregma0.06train_Animal2_Bregma0.11spatial,SpaceFlow,Animal2_Bregma0.06,Animal2_Bregma0.11,0.21927176090467673,0.23808038120763894,0.3499564473380374,0.5582597988918531,0.25511796061442216,0.22318532062512567,0.23808038120763894
440,scCube,sim2,MERFISH_Animal2_Bregma0.06train_Animal2_Bregma0.11spatial,SpatialMGCN,Animal2_Bregma0.06,Animal2_Bregma0.11,0.6850616824653859,0.7308146806334574,0.7447360255084308,0.8739995895752102,0.7601099195433626,0.7036937650443423,0.7308146806334574
441,scCube,sim2,MERFISH_Animal2_Bregma0.06train_Animal2_Bregma0.11spatial,stLearn,Animal2_Bregma0.06,Animal2_Bregma0.11,0.7404258489570641,0.7768989022653274,0.789359344197545,0.9231274368971885,0.817620901421839,0.740055828503048,0.7768989022653274
442,scCube,sim2,MERFISH_Animal2_Bregma0.06train_Animal2_Bregma0.16spatial,BASS,Animal2_Bregma0.06,Animal2_Bregma0.16,0.7470791867696556,0.7928186861033044,0.7954270512798347,0.9234816926112694,0.8323071523986127,0.7569075237928262,0.7928186861033044
443,scCube,sim2,MERFISH_Animal2_Bregma0.06train_Animal2_Bregma0.16spatial,Banksy,Animal2_Bregma0.06,Animal2_Bregma0.16,0.4110066680920307,0.6032407039860824,0.5263973079495844,0.7587809690857268,0.6106800384295183,0.5964253390906602,0.6032407039860824
444,scCube,sim2,MERFISH_Animal2_Bregma0.06train_Animal2_Bregma0.16spatial,CCST,Animal2_Bregma0.06,Animal2_Bregma0.16,0.15562258398301482,0.21130510511840145,0.3706916439285656,0.4762990572242929,0.18162078750154892,0.2526382597725124,0.21130510511840148
445,scCube,sim2,MERFISH_Animal2_Bregma0.06train_Animal2_Bregma0.16spatial,CellCharter,Animal2_Bregma0.06,Animal2_Bregma0.16,0.4616965954889573,0.5719696928385016,0.5563131973954741,0.7764963823722868,0.6171019063790476,0.5330081223824348,0.5719696928385016
446,scCube,sim2,MERFISH_Animal2_Bregma0.06train_Animal2_Bregma0.16spatial,DeepST,Animal2_Bregma0.06,Animal2_Bregma0.16,0.561388993431981,0.5727741173372902,0.6606558567960729,0.7862749397062048,0.5590739168412359,0.5892063034309997,0.5727741173372902
447,scCube,sim2,MERFISH_Animal2_Bregma0.06train_Animal2_Bregma0.16spatial,GraphST,Animal2_Bregma0.06,Animal2_Bregma0.16,0.1720476448599825,0.259098059417762,0.3101677218626231,0.5630344222758167,0.2787529256390447,0.2420323599455656,0.259098059417762
448,scCube,sim2,MERFISH_Animal2_Bregma0.06train_Animal2_Bregma0.16spatial,PRECAST,Animal2_Bregma0.06,Animal2_Bregma0.16,0.5708907511314933,0.7224067612821166,0.6533067307523076,0.8092523569392677,0.7407876260628019,0.704915965555036,0.7224067612821166
449,scCube,sim2,MERFISH_Animal2_Bregma0.06train_Animal2_Bregma0.16spatial,SEDR,Animal2_Bregma0.06,Animal2_Bregma0.16,0.519039588811434,0.6475835381919139,0.6054513000492403,0.8288533216399913,0.6983243941375201,0.6037213763500919,0.6475835381919139
450,scCube,sim2,MERFISH_Animal2_Bregma0.06train_Animal2_Bregma0.16spatial,STAGATE,Animal2_Bregma0.06,Animal2_Bregma0.16,0.2411563018699315,0.29588439616975304,0.36971502283225,0.5983775487831615,0.3179038195046372,0.276739009034554,0.2958843961697531
451,scCube,sim2,MERFISH_Animal2_Bregma0.06train_Animal2_Bregma0.16spatial,SpaGCN,Animal2_Bregma0.06,Animal2_Bregma0.16,0.6600394523889784,0.724650822180018,0.7238470887275515,0.8888401666301251,0.7672954881947385,0.6864967781700357,0.724650822180018
452,scCube,sim2,MERFISH_Animal2_Bregma0.06train_Animal2_Bregma0.16spatial,SpaceFlow,Animal2_Bregma0.06,Animal2_Bregma0.16,0.19375494758583542,0.23062420052235794,0.32473438403108973,0.5515895636921728,0.2508448602214882,0.21342249073696462,0.23062420052235794
453,scCube,sim2,MERFISH_Animal2_Bregma0.06train_Animal2_Bregma0.16spatial,SpatialMGCN,Animal2_Bregma0.06,Animal2_Bregma0.16,0.41694350613247966,0.6187046870084415,0.5213884476712901,0.7643060732295549,0.6498651365618402,0.5903957415282116,0.6187046870084414
454,scCube,sim2,MERFISH_Animal2_Bregma0.06train_Animal2_Bregma0.16spatial,stLearn,Animal2_Bregma0.06,Animal2_Bregma0.16,0.7189633893779834,0.775761879421996,0.7723671169337687,0.909230431922824,0.8173955726361927,0.7382006304183263,0.7757618794219959
455,scCube,sim2,MERFISH_Animal2_Bregma0.06train_Animal2_Bregma0.26spatial,BASS,Animal2_Bregma0.06,Animal2_Bregma0.26,0.7285840596280999,0.788642360863507,0.7833389184664551,0.9377108162806389,0.8387921409794459,0.7441509941624244,0.788642360863507
456,scCube,sim2,MERFISH_Animal2_Bregma0.06train_Animal2_Bregma0.26spatial,Banksy,Animal2_Bregma0.06,Animal2_Bregma0.26,0.4727219756703664,0.6428905208209157,0.5799830019723193,0.8141218799190465,0.6599510617732529,0.6268152467595373,0.6428905208209158
457,scCube,sim2,MERFISH_Animal2_Bregma0.06train_Animal2_Bregma0.26spatial,CCST,Animal2_Bregma0.06,Animal2_Bregma0.26,0.09909615835151549,0.16191025525562774,0.3509036701219584,0.46350348549583986,0.13737417940384997,0.19776956074470323,0.16191025525562774
458,scCube,sim2,MERFISH_Animal2_Bregma0.06train_Animal2_Bregma0.26spatial,CellCharter,Animal2_Bregma0.06,Animal2_Bregma0.26,0.41643405230742997,0.5525715358907408,0.5233242195633421,0.7751742747919945,0.6077949649480308,0.5066247203725306,0.5525715358907408
459,scCube,sim2,MERFISH_Animal2_Bregma0.06train_Animal2_Bregma0.26spatial,DeepST,Animal2_Bregma0.06,Animal2_Bregma0.26,0.45758023564865197,0.5346116333543944,0.5773157627490911,0.7746345851135598,0.5327146059025243,0.5435431162451259,0.5346116333543944
460,scCube,sim2,MERFISH_Animal2_Bregma0.06train_Animal2_Bregma0.26spatial,GraphST,Animal2_Bregma0.06,Animal2_Bregma0.26,0.11430162781423632,0.22295681242966864,0.3083544528939158,0.5172026085001125,0.2281354189431887,0.2180080932139171,0.22295681242966864
461,scCube,sim2,MERFISH_Animal2_Bregma0.06train_Animal2_Bregma0.26spatial,PRECAST,Animal2_Bregma0.06,Animal2_Bregma0.26,0.5346549072845614,0.6919030321258037,0.628885593332752,0.834495165279964,0.7104699353216887,0.6742818421670889,0.6919030321258037
462,scCube,sim2,MERFISH_Animal2_Bregma0.06train_Animal2_Bregma0.26spatial,SEDR,Animal2_Bregma0.06,Animal2_Bregma0.26,0.533985818779448,0.6610436932052906,0.6229585522367045,0.8507758039127502,0.7215075916103186,0.6100080912106934,0.6610436932052906
463,scCube,sim2,MERFISH_Animal2_Bregma0.06train_Animal2_Bregma0.26spatial,STAGATE,Animal2_Bregma0.06,Animal2_Bregma0.26,0.10698780271540904,0.16056906344948424,0.261837300113616,0.4793343827299303,0.17378396699868914,0.14922320429671865,0.16056906344948424
464,scCube,sim2,MERFISH_Animal2_Bregma0.06train_Animal2_Bregma0.26spatial,SpaGCN,Animal2_Bregma0.06,Animal2_Bregma0.26,0.6399848372082398,0.7266075036010508,0.7122088099281615,0.9183719361367213,0.7863986994719329,0.6752659172642599,0.7266075036010509
465,scCube,sim2,MERFISH_Animal2_Bregma0.06train_Animal2_Bregma0.26spatial,SpaceFlow,Animal2_Bregma0.06,Animal2_Bregma0.26,0.15080159338063323,0.18268751924698007,0.29310307804955255,0.5221947380256353,0.20129591328885915,0.16723996771306865,0.18268751924698007
466,scCube,sim2,MERFISH_Animal2_Bregma0.06train_Animal2_Bregma0.26spatial,SpatialMGCN,Animal2_Bregma0.06,Animal2_Bregma0.26,0.5169113183026748,0.6855038194601817,0.6224846652721242,0.8297728805936586,0.6903445895606205,0.6807304646320573,0.6855038194601817
467,scCube,sim2,MERFISH_Animal2_Bregma0.06train_Animal2_Bregma0.26spatial,stLearn,Animal2_Bregma0.06,Animal2_Bregma0.26,0.6875772705090767,0.7645351363509716,0.7498614690931974,0.9184618844164605,0.8158721959486511,0.7192769884064398,0.7645351363509715
468,scCube,sim2,MERFISH_Animal2_Bregma0.11train_Animal2_Bregma0.01spatial,BASS,Animal2_Bregma0.11,Animal2_Bregma0.01,0.6295817976388922,0.745048317626727,0.6939193536675856,0.8719836400817996,0.7642448959159224,0.7267924825331535,0.745048317626727
469,scCube,sim2,MERFISH_Animal2_Bregma0.11train_Animal2_Bregma0.01spatial,Banksy,Animal2_Bregma0.11,Animal2_Bregma0.01,0.5024290595241986,0.6500828825674986,0.5991504715909388,0.7411451942740286,0.6494270708706604,0.6509279306832134,0.6500828825674986
470,scCube,sim2,MERFISH_Animal2_Bregma0.11train_Animal2_Bregma0.01spatial,CCST,Animal2_Bregma0.11,Animal2_Bregma0.01,0.12867296913169363,0.1895902421713419,0.3502001899814086,0.4457668711656441,0.1645984231068586,0.22463324431243153,0.1895902421713419
471,scCube,sim2,MERFISH_Animal2_Bregma0.11train_Animal2_Bregma0.01spatial,CellCharter,Animal2_Bregma0.11,Animal2_Bregma0.01,0.34540831714546716,0.4966110901346149,0.45247560371103923,0.6627402862985685,0.5219348179436766,0.4736408606610274,0.4966110901346149
472,scCube,sim2,MERFISH_Animal2_Bregma0.11train_Animal2_Bregma0.01spatial,DeepST,Animal2_Bregma0.11,Animal2_Bregma0.01,0.45175551831186656,0.5072633537746587,0.599175556951361,0.6950920245398773,0.4574372108465874,0.576895612272122,0.5072633537746587
473,scCube,sim2,MERFISH_Animal2_Bregma0.11train_Animal2_Bregma0.01spatial,GraphST,Animal2_Bregma0.11,Animal2_Bregma0.01,0.20177050568077978,0.2624228631059642,0.3524659118698447,0.5468302658486708,0.2625554639696879,0.2622903961119622,0.2624228631059643
474,scCube,sim2,MERFISH_Animal2_Bregma0.11train_Animal2_Bregma0.01spatial,PRECAST,Animal2_Bregma0.11,Animal2_Bregma0.01,0.6592759577251909,0.6934269553757324,0.7237569878029807,0.8505112474437627,0.6968515880437524,0.6900358183728913,0.6934269553757324
475,scCube,sim2,MERFISH_Animal2_Bregma0.11train_Animal2_Bregma0.01spatial,SEDR,Animal2_Bregma0.11,Animal2_Bregma0.01,0.5173324071560086,0.6305019496850572,0.5998562802671392,0.7846625766871165,0.6550716238084812,0.607951389702157,0.6305019496850571
476,scCube,sim2,MERFISH_Animal2_Bregma0.11train_Animal2_Bregma0.01spatial,STAGATE,Animal2_Bregma0.11,Animal2_Bregma0.01,0.17261989918061574,0.27513089599095863,0.32892640459981515,0.5323926380368098,0.2743836946121073,0.27588822672429913,0.27513089599095863
477,scCube,sim2,MERFISH_Animal2_Bregma0.11train_Animal2_Bregma0.01spatial,SpaGCN,Animal2_Bregma0.11,Animal2_Bregma0.01,0.751550958690434,0.7400902251448792,0.7962294137405912,0.8627811860940696,0.7489759511673959,0.7314128646574559,0.7400902251448793
478,scCube,sim2,MERFISH_Animal2_Bregma0.11train_Animal2_Bregma0.01spatial,SpaceFlow,Animal2_Bregma0.11,Animal2_Bregma0.01,0.14180716277649483,0.2244536419504451,0.28626858093898583,0.49995910020449896,0.23161890795419665,0.21773772685254808,0.2244536419504451
479,scCube,sim2,MERFISH_Animal2_Bregma0.11train_Animal2_Bregma0.01spatial,SpatialMGCN,Animal2_Bregma0.11,Animal2_Bregma0.01,0.4944826429135024,0.6673556623145472,0.5960173730674996,0.6957055214723926,0.6506322314086675,0.6849614698053296,0.6673556623145471
480,scCube,sim2,MERFISH_Animal2_Bregma0.11train_Animal2_Bregma0.01spatial,stLearn,Animal2_Bregma0.11,Animal2_Bregma0.01,0.6138451005468328,0.7270929354832738,0.6807301307912945,0.856155419222904,0.7492362989021066,0.706299426613574,0.7270929354832739
481,scCube,sim2,MERFISH_Animal2_Bregma0.11train_Animal2_Bregma0.06spatial,BASS,Animal2_Bregma0.11,Animal2_Bregma0.06,0.6903246893478505,0.7780798435063996,0.7497434356931741,0.9255572386929236,0.82638334318168,0.7351113459520127,0.7780798435063996
482,scCube,sim2,MERFISH_Animal2_Bregma0.11train_Animal2_Bregma0.06spatial,Banksy,Animal2_Bregma0.11,Animal2_Bregma0.06,0.49427869893287146,0.6651520481083699,0.5880889630319134,0.8320709803072928,0.7081555978851825,0.6271885388540788,0.6651520481083699
483,scCube,sim2,MERFISH_Animal2_Bregma0.11train_Animal2_Bregma0.06spatial,CCST,Animal2_Bregma0.11,Animal2_Bregma0.06,0.1697259919666943,0.20741377119081866,0.3741261466023821,0.5080718459207963,0.1901055048016562,0.228417155827978,0.20741377119081866
484,scCube,sim2,MERFISH_Animal2_Bregma0.11train_Animal2_Bregma0.06spatial,CellCharter,Animal2_Bregma0.11,Animal2_Bregma0.06,0.3324131630540327,0.43465497878605924,0.4476650067574687,0.6743561999567194,0.47426693506626716,0.4011663141352207,0.43465497878605924
485,scCube,sim2,MERFISH_Animal2_Bregma0.11train_Animal2_Bregma0.06spatial,DeepST,Animal2_Bregma0.11,Animal2_Bregma0.06,0.558073338622324,0.5723409467596347,0.6503450815397317,0.8175719541224844,0.5712085928437776,0.5746609575705462,0.5723409467596347
486,scCube,sim2,MERFISH_Animal2_Bregma0.11train_Animal2_Bregma0.06spatial,GraphST,Animal2_Bregma0.11,Animal2_Bregma0.06,0.1686442879905931,0.2331646574305979,0.3155910307913298,0.5583207098030729,0.2484896536736107,0.21962011962628497,0.2331646574305979
487,scCube,sim2,MERFISH_Animal2_Bregma0.11train_Animal2_Bregma0.06spatial,PRECAST,Animal2_Bregma0.11,Animal2_Bregma0.06,0.771387024575141,0.7502120053337148,0.8153488390270283,0.9071629517420472,0.7801784720613184,0.7224623990347623,0.7502120053337149
488,scCube,sim2,MERFISH_Animal2_Bregma0.11train_Animal2_Bregma0.06spatial,SEDR,Animal2_Bregma0.11,Animal2_Bregma0.06,0.5432130507196783,0.6528505030534164,0.6273870038070068,0.8446223761090673,0.7108889461252581,0.6036441993492518,0.6528505030534164
489,scCube,sim2,MERFISH_Animal2_Bregma0.11train_Animal2_Bregma0.06spatial,STAGATE,Animal2_Bregma0.11,Animal2_Bregma0.06,0.2203861090400036,0.2774545105123988,0.3597839680250624,0.5938108634494699,0.2942362282945119,0.26248402574271723,0.2774545105123988
490,scCube,sim2,MERFISH_Animal2_Bregma0.11train_Animal2_Bregma0.06spatial,SpaGCN,Animal2_Bregma0.11,Animal2_Bregma0.06,0.6586566395901636,0.7207192588760655,0.7237409093396405,0.908677775373296,0.7690742988838803,0.6780851045348396,0.7207192588760657
491,scCube,sim2,MERFISH_Animal2_Bregma0.11train_Animal2_Bregma0.06spatial,SpaceFlow,Animal2_Bregma0.11,Animal2_Bregma0.06,0.18118493874601752,0.20809166589952088,0.31724451232159556,0.5387145639471976,0.22715128411013047,0.1919850623249018,0.20809166589952088
492,scCube,sim2,MERFISH_Animal2_Bregma0.11train_Animal2_Bregma0.06spatial,SpatialMGCN,Animal2_Bregma0.11,Animal2_Bregma0.06,0.5532234594921476,0.6785970108639285,0.6355098369184968,0.8567409651590566,0.7216576459973393,0.640385791113529,0.6785970108639285
493,scCube,sim2,MERFISH_Animal2_Bregma0.11train_Animal2_Bregma0.06spatial,stLearn,Animal2_Bregma0.11,Animal2_Bregma0.06,0.6408846443500107,0.7428938990513703,0.7089051669199341,0.9051720406838347,0.7937907986707171,0.6982427859332894,0.7428938990513703
494,scCube,sim2,MERFISH_Animal2_Bregma0.11train_Animal2_Bregma0.11spatial,BASS,Animal2_Bregma0.11,Animal2_Bregma0.11,0.7211319408024256,0.7811246954010469,0.7736943186913688,0.9257131130720296,0.8248203288188887,0.7418257765234174,0.7811246954010469
495,scCube,sim2,MERFISH_Animal2_Bregma0.11train_Animal2_Bregma0.11spatial,Banksy,Animal2_Bregma0.11,Animal2_Bregma0.11,0.5062908785237878,0.6730655898242871,0.5990798040460672,0.8042273753334701,0.6985497412890462,0.6494063511301658,0.6730655898242871
496,scCube,sim2,MERFISH_Animal2_Bregma0.11train_Animal2_Bregma0.11spatial,CCST,Animal2_Bregma0.11,Animal2_Bregma0.11,0.17023649413275865,0.2347636054804528,0.38509584793371776,0.486640673096655,0.2008813009416804,0.2824867579031286,0.2347636054804528
497,scCube,sim2,MERFISH_Animal2_Bregma0.11train_Animal2_Bregma0.11spatial,CellCharter,Animal2_Bregma0.11,Animal2_Bregma0.11,0.4024344775884995,0.5218147006867132,0.5046667891957607,0.7400779807100349,0.5712113834549214,0.4802987370520021,0.5218147006867132
498,scCube,sim2,MERFISH_Animal2_Bregma0.11train_Animal2_Bregma0.11spatial,DeepST,Animal2_Bregma0.11,Animal2_Bregma0.11,0.562834995701114,0.5761999305741698,0.6515063696679808,0.8047609275600246,0.5738016701893622,0.5792136377443489,0.5761999305741698
499,scCube,sim2,MERFISH_Animal2_Bregma0.11train_Animal2_Bregma0.11spatial,GraphST,Animal2_Bregma0.11,Animal2_Bregma0.11,0.18678501660617,0.266852219249312,0.3454297671269675,0.5709008824132977,0.2730792908149661,0.2609028099606879,0.2668522192493121
500,scCube,sim2,MERFISH_Animal2_Bregma0.11train_Animal2_Bregma0.11spatial,PRECAST,Animal2_Bregma0.11,Animal2_Bregma0.11,0.6305764782826254,0.7173057152777866,0.6996787346508241,0.8900061563718449,0.7731798271000397,0.6689628779006774,0.7173057152777866
501,scCube,sim2,MERFISH_Animal2_Bregma0.11train_Animal2_Bregma0.11spatial,SEDR,Animal2_Bregma0.11,Animal2_Bregma0.11,0.5465090160555571,0.6518584451276237,0.628009908702998,0.843997537451262,0.6960515231166371,0.6129636000334518,0.6518584451276237
502,scCube,sim2,MERFISH_Animal2_Bregma0.11train_Animal2_Bregma0.11spatial,STAGATE,Animal2_Bregma0.11,Animal2_Bregma0.11,0.23096160148005246,0.3127618317070954,0.3652670556596619,0.6070593063821055,0.3308406243648133,0.2968302050858006,0.3127618317070954
503,scCube,sim2,MERFISH_Animal2_Bregma0.11train_Animal2_Bregma0.11spatial,SpaGCN,Animal2_Bregma0.11,Animal2_Bregma0.11,0.7000973165694139,0.7404625800613097,0.7564155035017821,0.914426431356454,0.7844514558078993,0.7011451842409039,0.7404625800613097
504,scCube,sim2,MERFISH_Animal2_Bregma0.11train_Animal2_Bregma0.11spatial,SpaceFlow,Animal2_Bregma0.11,Animal2_Bregma0.11,0.21070385632686964,0.23166024695365892,0.3429108949930989,0.5503796429304331,0.2480985779447916,0.2172708607388411,0.23166024695365892
505,scCube,sim2,MERFISH_Animal2_Bregma0.11train_Animal2_Bregma0.11spatial,SpatialMGCN,Animal2_Bregma0.11,Animal2_Bregma0.11,0.5216699214403197,0.6692378420271821,0.6071402317297169,0.8510158013544018,0.7138812188462148,0.6298494855600161,0.6692378420271821
506,scCube,sim2,MERFISH_Animal2_Bregma0.11train_Animal2_Bregma0.11spatial,stLearn,Animal2_Bregma0.11,Animal2_Bregma0.11,0.691274356277631,0.7568954909405826,0.74897279605531,0.9127026472398934,0.8037434170412645,0.7152250021570754,0.7568954909405826
507,scCube,sim2,MERFISH_Animal2_Bregma0.11train_Animal2_Bregma0.16spatial,BASS,Animal2_Bregma0.11,Animal2_Bregma0.16,0.6966590064743713,0.7612968206130255,0.7542053765037865,0.9072571804428853,0.8048900389031308,0.7221830511860012,0.7612968206130255
508,scCube,sim2,MERFISH_Animal2_Bregma0.11train_Animal2_Bregma0.16spatial,Banksy,Animal2_Bregma0.11,Animal2_Bregma0.16,0.5108711464922765,0.6498526974956402,0.5990674489827713,0.8341591756193818,0.6890091307706382,0.6149152218442142,0.6498526974956402
509,scCube,sim2,MERFISH_Animal2_Bregma0.11train_Animal2_Bregma0.16spatial,CCST,Animal2_Bregma0.11,Animal2_Bregma0.16,0.1772103714604884,0.22739026434253512,0.37186930301504023,0.512826134619601,0.20483517321388636,0.25585797557324974,0.22739026434253512
510,scCube,sim2,MERFISH_Animal2_Bregma0.11train_Animal2_Bregma0.16spatial,CellCharter,Animal2_Bregma0.11,Animal2_Bregma0.16,0.3664464016346738,0.4986638550718312,0.4739080892439568,0.7106774830081123,0.5453226919751082,0.45936382228348815,0.4986638550718312
511,scCube,sim2,MERFISH_Animal2_Bregma0.11train_Animal2_Bregma0.16spatial,DeepST,Animal2_Bregma0.11,Animal2_Bregma0.16,0.5682797939648788,0.5834272061650458,0.6525777157082586,0.812365709274282,0.586162296135216,0.5813423722953704,0.5834272061650457
512,scCube,sim2,MERFISH_Animal2_Bregma0.11train_Animal2_Bregma0.16spatial,GraphST,Animal2_Bregma0.11,Animal2_Bregma0.16,0.2058922362014175,0.2757041093822669,0.3524883945187233,0.5801359351019513,0.2845641721152762,0.2673791129615099,0.2757041093822669
513,scCube,sim2,MERFISH_Animal2_Bregma0.11train_Animal2_Bregma0.16spatial,PRECAST,Animal2_Bregma0.11,Animal2_Bregma0.16,0.641619022308378,0.7195995873961416,0.7085197952384923,0.8813856610392458,0.7651627083387486,0.6791577982652295,0.7195995873961416
514,scCube,sim2,MERFISH_Animal2_Bregma0.11train_Animal2_Bregma0.16spatial,SEDR,Animal2_Bregma0.11,Animal2_Bregma0.16,0.5598842530898928,0.6755901427144207,0.6405845214331672,0.8592852444639334,0.7301525540663187,0.628633356317793,0.6755901427144207
515,scCube,sim2,MERFISH_Animal2_Bregma0.11train_Animal2_Bregma0.16spatial,STAGATE,Animal2_Bregma0.11,Animal2_Bregma0.16,0.24787353847873317,0.3102458510042383,0.37489075517457326,0.6154352115764088,0.33351393391268347,0.29004947197517006,0.3102458510042383
516,scCube,sim2,MERFISH_Animal2_Bregma0.11train_Animal2_Bregma0.16spatial,SpaGCN,Animal2_Bregma0.11,Animal2_Bregma0.16,0.6718603675085817,0.7299916360071278,0.7337863021258899,0.8973909230431921,0.7732791218698306,0.6912936261640651,0.7299916360071278
517,scCube,sim2,MERFISH_Animal2_Bregma0.11train_Animal2_Bregma0.16spatial,SpaceFlow,Animal2_Bregma0.11,Animal2_Bregma0.16,0.20723451687984645,0.2397132444874761,0.3363409537662581,0.5496601622451217,0.26041561777596256,0.22207008423112956,0.2397132444874761
518,scCube,sim2,MERFISH_Animal2_Bregma0.11train_Animal2_Bregma0.16spatial,SpatialMGCN,Animal2_Bregma0.11,Animal2_Bregma0.16,0.4952830293256779,0.6781477760685556,0.5893177567725415,0.7936855952641965,0.706747939405239,0.6517723260066737,0.6781477760685557
519,scCube,sim2,MERFISH_Animal2_Bregma0.11train_Animal2_Bregma0.16spatial,stLearn,Animal2_Bregma0.11,Animal2_Bregma0.16,0.680698137716352,0.7499828042207023,0.7408469263341789,0.8963823722867792,0.7929861055508336,0.7114207212100958,0.7499828042207023
520,scCube,sim2,MERFISH_Animal2_Bregma0.11train_Animal2_Bregma0.26spatial,BASS,Animal2_Bregma0.11,Animal2_Bregma0.26,0.6938887599161536,0.7775896559482798,0.7561415606723767,0.9363615920845515,0.8335531980373622,0.7286679555736352,0.7775896559482798
521,scCube,sim2,MERFISH_Animal2_Bregma0.11train_Animal2_Bregma0.26spatial,Banksy,Animal2_Bregma0.11,Animal2_Bregma0.26,0.4885297830181191,0.6496641869697397,0.5865947345552239,0.8381380706093996,0.6973898660039675,0.6082976839686758,0.6496641869697397
522,scCube,sim2,MERFISH_Animal2_Bregma0.11train_Animal2_Bregma0.26spatial,CCST,Animal2_Bregma0.11,Animal2_Bregma0.26,0.12070851541390323,0.19931603081286958,0.3921260978223554,0.4913874522149763,0.16283402136122616,0.2608581116200201,0.19931603081286958
523,scCube,sim2,MERFISH_Animal2_Bregma0.11train_Animal2_Bregma0.26spatial,CellCharter,Animal2_Bregma0.11,Animal2_Bregma0.26,0.37910317820250816,0.5229819305436025,0.49019527753570424,0.7359568248257252,0.5733365627387632,0.48080641337173324,0.5229819305436025
524,scCube,sim2,MERFISH_Animal2_Bregma0.11train_Animal2_Bregma0.26spatial,DeepST,Animal2_Bregma0.11,Animal2_Bregma0.26,0.5312349382396371,0.58259375556344,0.6293716510212176,0.8192939060040476,0.5904843149992981,0.5760489152084752,0.5825937555634401
525,scCube,sim2,MERFISH_Animal2_Bregma0.11train_Animal2_Bregma0.26spatial,GraphST,Animal2_Bregma0.11,Animal2_Bregma0.26,0.1651229088072063,0.22756242118952602,0.3168978098873362,0.5419383854283787,0.2415771612252938,0.21508460730283468,0.22756242118952602
526,scCube,sim2,MERFISH_Animal2_Bregma0.11train_Animal2_Bregma0.26spatial,PRECAST,Animal2_Bregma0.11,Animal2_Bregma0.26,0.5911261366157486,0.7167902043852136,0.6702101006208312,0.8934112885091071,0.772319496570394,0.6687103457982203,0.7167902043852136
527,scCube,sim2,MERFISH_Animal2_Bregma0.11train_Animal2_Bregma0.26spatial,SEDR,Animal2_Bregma0.11,Animal2_Bregma0.26,0.5689219361834612,0.6842480126587811,0.6528928765298094,0.8829323139194963,0.7486577114921891,0.6300682085834872,0.6842480126587811
528,scCube,sim2,MERFISH_Animal2_Bregma0.11train_Animal2_Bregma0.26spatial,STAGATE,Animal2_Bregma0.11,Animal2_Bregma0.26,0.16446983266487705,0.2748848973509194,0.32787197609662366,0.5575444119631212,0.28712038278138435,0.263779927959276,0.2748848973509194
529,scCube,sim2,MERFISH_Animal2_Bregma0.11train_Animal2_Bregma0.26spatial,SpaGCN,Animal2_Bregma0.11,Animal2_Bregma0.26,0.6709706621480249,0.7354518041699204,0.7371767144022797,0.9199460310321566,0.7895289471279411,0.6883076063977368,0.7354518041699203
530,scCube,sim2,MERFISH_Animal2_Bregma0.11train_Animal2_Bregma0.26spatial,SpaceFlow,Animal2_Bregma0.11,Animal2_Bregma0.26,0.1314101514980585,0.17781771439756544,0.27584473429963713,0.5114009444569373,0.1960039362497806,0.1627235717689117,0.17781771439756547
531,scCube,sim2,MERFISH_Animal2_Bregma0.11train_Animal2_Bregma0.26spatial,SpatialMGCN,Animal2_Bregma0.11,Animal2_Bregma0.26,0.5128377270758303,0.6797970861255151,0.6103371055702518,0.8452889588486621,0.7029896752561648,0.6580859327637142,0.6797970861255151
532,scCube,sim2,MERFISH_Animal2_Bregma0.11train_Animal2_Bregma0.26spatial,stLearn,Animal2_Bregma0.11,Animal2_Bregma0.26,0.6683078375406603,0.7592610268087348,0.7348852262196083,0.9225995052844613,0.8154906931452099,0.7103893234057572,0.7592610268087348
533,scCube,sim2,MERFISH_Animal2_Bregma0.16train_Animal2_Bregma0.01spatial,BASS,Animal2_Bregma0.16,Animal2_Bregma0.01,0.6746120304245751,0.7596930188306771,0.7333107150078286,0.8846625766871166,0.7982015769869469,0.7247290790290565,0.7596930188306771
534,scCube,sim2,MERFISH_Animal2_Bregma0.16train_Animal2_Bregma0.01spatial,Banksy,Animal2_Bregma0.16,Animal2_Bregma0.01,0.5522804935803889,0.6914875645335655,0.6307048198133642,0.8069120654396729,0.7162968300056942,0.6686305237748369,0.6914875645335655
535,scCube,sim2,MERFISH_Animal2_Bregma0.16train_Animal2_Bregma0.01spatial,CCST,Animal2_Bregma0.16,Animal2_Bregma0.01,0.1369412996322526,0.19076457020001997,0.32384471974835816,0.45149284253578725,0.17245854541271233,0.2134316133802474,0.19076457020001997
536,scCube,sim2,MERFISH_Animal2_Bregma0.16train_Animal2_Bregma0.01spatial,CellCharter,Animal2_Bregma0.16,Animal2_Bregma0.01,0.39444866963965985,0.5040129592247353,0.49703955322546917,0.681840490797546,0.5235124649494642,0.48608907461171286,0.5040129592247353
537,scCube,sim2,MERFISH_Animal2_Bregma0.16train_Animal2_Bregma0.01spatial,DeepST,Animal2_Bregma0.16,Animal2_Bregma0.01,0.5664066251435982,0.5762848328872907,0.6513664132298406,0.7834764826175868,0.565626915359573,0.5879542865599425,0.5762848328872907
538,scCube,sim2,MERFISH_Animal2_Bregma0.16train_Animal2_Bregma0.01spatial,GraphST,Animal2_Bregma0.16,Animal2_Bregma0.01,0.1785544913005075,0.2636043476663987,0.331625542416181,0.529038854805726,0.2643702530163789,0.2628428672957101,0.2636043476663987
539,scCube,sim2,MERFISH_Animal2_Bregma0.16train_Animal2_Bregma0.01spatial,PRECAST,Animal2_Bregma0.16,Animal2_Bregma0.01,0.6659556471051518,0.7240045496286245,0.7244323913544514,0.8384458077709611,0.742434093572998,0.7064678019048873,0.7240045496286245
540,scCube,sim2,MERFISH_Animal2_Bregma0.16train_Animal2_Bregma0.01spatial,SEDR,Animal2_Bregma0.16,Animal2_Bregma0.01,0.5879005462270884,0.6900625684497068,0.659124722080127,0.8430674846625766,0.7207943512783516,0.6618917767520224,0.6900625684497067
541,scCube,sim2,MERFISH_Animal2_Bregma0.16train_Animal2_Bregma0.01spatial,STAGATE,Animal2_Bregma0.16,Animal2_Bregma0.01,0.20720900166143635,0.30462321018755933,0.34157232576802876,0.5613496932515337,0.31413142657962534,0.29575568369365657,0.3046232101875594
542,scCube,sim2,MERFISH_Animal2_Bregma0.16train_Animal2_Bregma0.01spatial,SpaGCN,Animal2_Bregma0.16,Animal2_Bregma0.01,0.7905383944322143,0.7637860885463871,0.8285186462946342,0.8891615541922292,0.7669508535064403,0.7606473345826368,0.7637860885463871
543,scCube,sim2,MERFISH_Animal2_Bregma0.16train_Animal2_Bregma0.01spatial,SpaceFlow,Animal2_Bregma0.16,Animal2_Bregma0.01,0.16513495297850445,0.23268984183800678,0.30318138937283373,0.5045807770961145,0.24214055053822992,0.22394987833662877,0.23268984183800673
544,scCube,sim2,MERFISH_Animal2_Bregma0.16train_Animal2_Bregma0.01spatial,SpatialMGCN,Animal2_Bregma0.16,Animal2_Bregma0.01,0.8074457689775103,0.790941016762031,0.8423877680538132,0.8938650306748466,0.7964255055986547,0.7855315478603322,0.7909410167620311
545,scCube,sim2,MERFISH_Animal2_Bregma0.16train_Animal2_Bregma0.01spatial,stLearn,Animal2_Bregma0.16,Animal2_Bregma0.01,0.6878953911383363,0.7584730889010385,0.743639557030875,0.8829038854805725,0.7889466106454416,0.7305841915428944,0.7584730889010384
546,scCube,sim2,MERFISH_Animal2_Bregma0.16train_Animal2_Bregma0.06spatial,BASS,Animal2_Bregma0.16,Animal2_Bregma0.06,0.7085709262428319,0.7831187652406032,0.7655311826861222,0.9361610041116639,0.8348300070873513,0.7374400741331419,0.7831187652406031
547,scCube,sim2,MERFISH_Animal2_Bregma0.16train_Animal2_Bregma0.06spatial,Banksy,Animal2_Bregma0.16,Animal2_Bregma0.06,0.5223733071017749,0.6718781315844649,0.6110325402553638,0.8373512226790737,0.7160153498805235,0.6330445280710765,0.6718781315844649
548,scCube,sim2,MERFISH_Animal2_Bregma0.16train_Animal2_Bregma0.06spatial,CCST,Animal2_Bregma0.16,Animal2_Bregma0.06,0.17172287596683972,0.20194102274239095,0.3631250891706602,0.5085479333477603,0.18689507459407126,0.21971924630797682,0.20194102274239092
549,scCube,sim2,MERFISH_Animal2_Bregma0.16train_Animal2_Bregma0.06spatial,CellCharter,Animal2_Bregma0.16,Animal2_Bregma0.06,0.38865644166402663,0.49108319707954073,0.49489755043514333,0.7212724518502489,0.5407004235158251,0.44985693246239367,0.49108319707954073
550,scCube,sim2,MERFISH_Animal2_Bregma0.16train_Animal2_Bregma0.06spatial,DeepST,Animal2_Bregma0.16,Animal2_Bregma0.06,0.552665610418565,0.5860447416688925,0.6365126197907358,0.834364856091755,0.6028697930698343,0.5701526615072658,0.5860447416688925
551,scCube,sim2,MERFISH_Animal2_Bregma0.16train_Animal2_Bregma0.06spatial,GraphST,Animal2_Bregma0.16,Animal2_Bregma0.06,0.1682552980925642,0.23233728472258938,0.3198670590922676,0.556373079420039,0.2466956167492859,0.21955840935269116,0.2323372847225893
552,scCube,sim2,MERFISH_Animal2_Bregma0.16train_Animal2_Bregma0.06spatial,PRECAST,Animal2_Bregma0.16,Animal2_Bregma0.06,0.6282205148023209,0.7442744943886332,0.7004982251861038,0.9229603981822116,0.8093156943445511,0.6889097954571403,0.7442744943886332
553,scCube,sim2,MERFISH_Animal2_Bregma0.16train_Animal2_Bregma0.06spatial,SEDR,Animal2_Bregma0.16,Animal2_Bregma0.06,0.5426168547338125,0.666369809310654,0.6276454146332541,0.8490370049772776,0.7317364829645729,0.6117346905116273,0.666369809310654
554,scCube,sim2,MERFISH_Animal2_Bregma0.16train_Animal2_Bregma0.06spatial,STAGATE,Animal2_Bregma0.16,Animal2_Bregma0.06,0.21088599793779203,0.28022104307889095,0.34872983101699784,0.5927288465700065,0.3007184730704721,0.26238439218703796,0.28022104307889095
555,scCube,sim2,MERFISH_Animal2_Bregma0.16train_Animal2_Bregma0.06spatial,SpaGCN,Animal2_Bregma0.16,Animal2_Bregma0.06,0.6674870125971156,0.7246870094905067,0.7311343192938404,0.9121402293875784,0.7727020612497786,0.6822900815863424,0.7246870094905068
556,scCube,sim2,MERFISH_Animal2_Bregma0.16train_Animal2_Bregma0.06spatial,SpaceFlow,Animal2_Bregma0.16,Animal2_Bregma0.06,0.19050224948574296,0.21782365005829182,0.32884901676583167,0.5495780134170093,0.23449966306653844,0.2033627157429855,0.21782365005829182
557,scCube,sim2,MERFISH_Animal2_Bregma0.16train_Animal2_Bregma0.06spatial,SpatialMGCN,Animal2_Bregma0.16,Animal2_Bregma0.06,0.49181850672241534,0.6868584416021515,0.5920978853192451,0.7613070763903916,0.7124123535574238,0.6630742647871816,0.6868584416021515
558,scCube,sim2,MERFISH_Animal2_Bregma0.16train_Animal2_Bregma0.06spatial,stLearn,Animal2_Bregma0.16,Animal2_Bregma0.06,0.6987962016326312,0.7761573872624613,0.7574475562516488,0.9318762172689894,0.8273449724180718,0.730934678741317,0.7761573872624614
559,scCube,sim2,MERFISH_Animal2_Bregma0.16train_Animal2_Bregma0.11spatial,BASS,Animal2_Bregma0.16,Animal2_Bregma0.11,0.730728485089634,0.7872700835612,0.782464492047765,0.9328955468910325,0.8369514138574756,0.7431564126961435,0.7872700835612001
560,scCube,sim2,MERFISH_Animal2_Bregma0.16train_Animal2_Bregma0.11spatial,Banksy,Animal2_Bregma0.16,Animal2_Bregma0.11,0.5249028012055227,0.6766902565127106,0.6098430484303788,0.8315616663246461,0.7208314685945449,0.6377240089076903,0.6766902565127106
561,scCube,sim2,MERFISH_Animal2_Bregma0.16train_Animal2_Bregma0.11spatial,CCST,Animal2_Bregma0.16,Animal2_Bregma0.11,0.1910316344929326,0.2197461411717861,0.37364189950602017,0.5035091319515699,0.20204554028581828,0.24098885097670827,0.21974614117178604
562,scCube,sim2,MERFISH_Animal2_Bregma0.16train_Animal2_Bregma0.11spatial,CellCharter,Animal2_Bregma0.16,Animal2_Bregma0.11,0.4296943879297689,0.5327988776593798,0.5283761511955547,0.7447978657910939,0.5795686666472764,0.49305754937329016,0.5327988776593798
563,scCube,sim2,MERFISH_Animal2_Bregma0.16train_Animal2_Bregma0.11spatial,DeepST,Animal2_Bregma0.16,Animal2_Bregma0.11,0.5682815438442355,0.5912263442880201,0.6494223418349333,0.8301251795608454,0.6097762066720009,0.5742377068713573,0.5912263442880202
564,scCube,sim2,MERFISH_Animal2_Bregma0.16train_Animal2_Bregma0.11spatial,GraphST,Animal2_Bregma0.16,Animal2_Bregma0.11,0.2073478592294909,0.2776149849707203,0.3515933694744858,0.5522265544838908,0.2900554297310639,0.2661977916255926,0.2776149849707203
565,scCube,sim2,MERFISH_Animal2_Bregma0.16train_Animal2_Bregma0.11spatial,PRECAST,Animal2_Bregma0.16,Animal2_Bregma0.11,0.7231177252946076,0.7520609094190501,0.7751382528897248,0.902729324851221,0.7984329106622409,0.7107796988874058,0.7520609094190501
566,scCube,sim2,MERFISH_Animal2_Bregma0.16train_Animal2_Bregma0.11spatial,SEDR,Animal2_Bregma0.16,Animal2_Bregma0.11,0.5108358545070989,0.6564685248907974,0.5980110037067631,0.8332854504412067,0.709722431521657,0.6107817839414513,0.6564685248907974
567,scCube,sim2,MERFISH_Animal2_Bregma0.16train_Animal2_Bregma0.11spatial,STAGATE,Animal2_Bregma0.16,Animal2_Bregma0.11,0.24289046486428534,0.3037014889638788,0.36836508809544,0.5933511184075517,0.33023719930898177,0.28113191388971587,0.3037014889638788
568,scCube,sim2,MERFISH_Animal2_Bregma0.16train_Animal2_Bregma0.11spatial,SpaGCN,Animal2_Bregma0.16,Animal2_Bregma0.11,0.7493142158593897,0.760892182667567,0.7962949323684712,0.9197619536219988,0.7992133234141101,0.7260777867559078,0.760892182667567
569,scCube,sim2,MERFISH_Animal2_Bregma0.16train_Animal2_Bregma0.11spatial,SpaceFlow,Animal2_Bregma0.16,Animal2_Bregma0.11,0.22507097552957472,0.2451475427643192,0.3540472020814358,0.5647855530474041,0.26514632550823036,0.2279628291225048,0.2451475427643192
570,scCube,sim2,MERFISH_Animal2_Bregma0.16train_Animal2_Bregma0.11spatial,SpatialMGCN,Animal2_Bregma0.16,Animal2_Bregma0.11,0.473521756027478,0.6734457018583702,0.5686258996814063,0.7847321978247486,0.7148709669387197,0.6365584802438619,0.67344570185837
571,scCube,sim2,MERFISH_Animal2_Bregma0.16train_Animal2_Bregma0.11spatial,stLearn,Animal2_Bregma0.16,Animal2_Bregma0.11,0.7122588988371126,0.7722481484908561,0.7671594136227606,0.9214036527806279,0.8231079034484725,0.7273398257376087,0.7722481484908561
572,scCube,sim2,MERFISH_Animal2_Bregma0.16train_Animal2_Bregma0.16spatial,BASS,Animal2_Bregma0.16,Animal2_Bregma0.16,0.7096665022248173,0.7850142932545782,0.7658725990953584,0.9199736899802676,0.8330815845017788,0.7421912111335124,0.7850142932545782
573,scCube,sim2,MERFISH_Animal2_Bregma0.16train_Animal2_Bregma0.16spatial,Banksy,Animal2_Bregma0.16,Animal2_Bregma0.16,0.5045309398820372,0.6654274776864801,0.5932893137193106,0.8242490681868011,0.7068385223792056,0.6286201553522468,0.6654274776864801
574,scCube,sim2,MERFISH_Animal2_Bregma0.16train_Animal2_Bregma0.16spatial,CCST,Animal2_Bregma0.16,Animal2_Bregma0.16,0.18936825826592227,0.23741600832730905,0.3618067090776401,0.5285244463933348,0.22676875762547916,0.2492127014799701,0.23741600832730905
575,scCube,sim2,MERFISH_Animal2_Bregma0.16train_Animal2_Bregma0.16spatial,CellCharter,Animal2_Bregma0.16,Animal2_Bregma0.16,0.45589857640558085,0.5660358270046334,0.5515941816248231,0.7679456259592194,0.6133476803606499,0.5255254070375427,0.5660358270046334
576,scCube,sim2,MERFISH_Animal2_Bregma0.16train_Animal2_Bregma0.16spatial,DeepST,Animal2_Bregma0.16,Animal2_Bregma0.16,0.5639411585718428,0.5729184168442332,0.649429263124019,0.8073229554922167,0.5794762243796159,0.5681894946917646,0.5729184168442333
577,scCube,sim2,MERFISH_Animal2_Bregma0.16train_Animal2_Bregma0.16spatial,GraphST,Animal2_Bregma0.16,Animal2_Bregma0.16,0.20600914032944048,0.2793926967272842,0.3551519273266337,0.5696119272089454,0.2892758943572311,0.2701625134833869,0.2793926967272842
578,scCube,sim2,MERFISH_Animal2_Bregma0.16train_Animal2_Bregma0.16spatial,PRECAST,Animal2_Bregma0.16,Animal2_Bregma0.16,0.46775923535905867,0.6710814249436722,0.5698799769056805,0.7829423372067529,0.6859389198570998,0.6568539137186594,0.6710814249436721
579,scCube,sim2,MERFISH_Animal2_Bregma0.16train_Animal2_Bregma0.16spatial,SEDR,Animal2_Bregma0.16,Animal2_Bregma0.16,0.4865573874071588,0.6342754672220915,0.5785127751262878,0.8127165095373823,0.6879947942195688,0.5884045354663728,0.6342754672220915
580,scCube,sim2,MERFISH_Animal2_Bregma0.16train_Animal2_Bregma0.16spatial,STAGATE,Animal2_Bregma0.16,Animal2_Bregma0.16,0.191248785474318,0.2965930556036509,0.33073512446952413,0.5890813418110064,0.3152879223186638,0.2799914435897436,0.2965930556036509
581,scCube,sim2,MERFISH_Animal2_Bregma0.16train_Animal2_Bregma0.16spatial,SpaGCN,Animal2_Bregma0.16,Animal2_Bregma0.16,0.6666265724660517,0.7350061887476914,0.7298867880042236,0.8956369217276914,0.7814949624713113,0.6937378221114328,0.7350061887476913
582,scCube,sim2,MERFISH_Animal2_Bregma0.16train_Animal2_Bregma0.16spatial,SpaceFlow,Animal2_Bregma0.16,Animal2_Bregma0.16,0.19925056226328855,0.22919740517416884,0.33341022686402266,0.5536066652049989,0.24500227114647485,0.2153136878271927,0.22919740517416884
583,scCube,sim2,MERFISH_Animal2_Bregma0.16train_Animal2_Bregma0.16spatial,SpatialMGCN,Animal2_Bregma0.16,Animal2_Bregma0.16,0.4964849267825658,0.6934161402540147,0.5915298200662085,0.7921508441131331,0.7210407520939748,0.6678301406327328,0.6934161402540148
584,scCube,sim2,MERFISH_Animal2_Bregma0.16train_Animal2_Bregma0.16spatial,stLearn,Animal2_Bregma0.16,Animal2_Bregma0.16,0.7069603233474056,0.7790934781623216,0.7635472288358426,0.9170357377768033,0.825858655790728,0.737350853421095,0.7790934781623216
585,scCube,sim2,MERFISH_Animal2_Bregma0.16train_Animal2_Bregma0.26spatial,BASS,Animal2_Bregma0.16,Animal2_Bregma0.26,0.7014571409010001,0.7867961692639711,0.7630851064639456,0.9415336181695524,0.8469657686110941,0.7346085774836836,0.7867961692639711
586,scCube,sim2,MERFISH_Animal2_Bregma0.16train_Animal2_Bregma0.26spatial,Banksy,Animal2_Bregma0.16,Animal2_Bregma0.26,0.5229583160776483,0.6728730561498517,0.6132349879570517,0.8430402518551834,0.7287443515710326,0.625068547841576,0.6728730561498516
587,scCube,sim2,MERFISH_Animal2_Bregma0.16train_Animal2_Bregma0.26spatial,CCST,Animal2_Bregma0.16,Animal2_Bregma0.26,0.13078206281285096,0.20651211533913966,0.3588978793420924,0.4953002023836294,0.1834097707365284,0.23640469757932903,0.20651211533913966
588,scCube,sim2,MERFISH_Animal2_Bregma0.16train_Animal2_Bregma0.26spatial,CellCharter,Animal2_Bregma0.16,Animal2_Bregma0.26,0.468912446247847,0.5771654739064805,0.5672298190057985,0.7845738700247358,0.6332010113818876,0.5303684319865027,0.5771654739064805
589,scCube,sim2,MERFISH_Animal2_Bregma0.16train_Animal2_Bregma0.26spatial,DeepST,Animal2_Bregma0.16,Animal2_Bregma0.26,0.5635832976754958,0.6150057984758324,0.6470426422547264,0.8568023386552731,0.6541333281520139,0.5804270658070889,0.6150057984758324
590,scCube,sim2,MERFISH_Animal2_Bregma0.16train_Animal2_Bregma0.26spatial,GraphST,Animal2_Bregma0.16,Animal2_Bregma0.26,0.1578739348721834,0.233169409881233,0.3268047886892745,0.5444119631212053,0.2435904517153927,0.2236034326064896,0.233169409881233
591,scCube,sim2,MERFISH_Animal2_Bregma0.16train_Animal2_Bregma0.26spatial,PRECAST,Animal2_Bregma0.16,Animal2_Bregma0.26,0.5210735403455354,0.6904817049781331,0.6114934314878298,0.8443894760512706,0.7434773806068005,0.6445384754136515,0.6904817049781331
592,scCube,sim2,MERFISH_Animal2_Bregma0.16train_Animal2_Bregma0.26spatial,SEDR,Animal2_Bregma0.16,Animal2_Bregma0.26,0.583345745098796,0.6861854718417085,0.6643381622533727,0.8808635034854959,0.7470845902342372,0.6344852560564179,0.6861854718417085
593,scCube,sim2,MERFISH_Animal2_Bregma0.16train_Animal2_Bregma0.26spatial,STAGATE,Animal2_Bregma0.16,Animal2_Bregma0.26,0.20867016159620538,0.2668117359479333,0.352418495346963,0.5962221722509556,0.28615873256152413,0.2499402329218201,0.2668117359479333
594,scCube,sim2,MERFISH_Animal2_Bregma0.16train_Animal2_Bregma0.26spatial,SpaGCN,Animal2_Bregma0.16,Animal2_Bregma0.26,0.6592955668189726,0.7415659707116381,0.7283613406734954,0.9215201259275915,0.8009829837489228,0.6903553301789086,0.7415659707116381
595,scCube,sim2,MERFISH_Animal2_Bregma0.16train_Animal2_Bregma0.26spatial,SpaceFlow,Animal2_Bregma0.16,Animal2_Bregma0.26,0.14255662302473807,0.17979250502511965,0.2878397473581124,0.5132448841915899,0.1965741908305733,0.16565424568350803,0.17979250502511968
596,scCube,sim2,MERFISH_Animal2_Bregma0.16train_Animal2_Bregma0.26spatial,SpatialMGCN,Animal2_Bregma0.16,Animal2_Bregma0.26,0.5056404907990996,0.6861749379636078,0.600272296988514,0.8428153811558354,0.7300696545220116,0.6472591227958534,0.6861749379636078
597,scCube,sim2,MERFISH_Animal2_Bregma0.16train_Animal2_Bregma0.26spatial,stLearn,Animal2_Bregma0.16,Animal2_Bregma0.26,0.6907489041039786,0.7775003746318213,0.754545707232597,0.9345626264897684,0.8381470142355815,0.7250387393186799,0.7775003746318213
598,scCube,sim2,MERFISH_Animal2_Bregma0.21train_Animal2_Bregma0.21spatial,BASS,Animal2_Bregma0.21,Animal2_Bregma0.21,0.5769521322269837,0.7135224669612121,0.6570076457651345,0.8156167979002624,0.7387392247573576,0.6899704251651274,0.713522466961212
599,scCube,sim2,MERFISH_Animal2_Bregma0.21train_Animal2_Bregma0.21spatial,Banksy,Animal2_Bregma0.21,Animal2_Bregma0.21,0.5447999561892375,0.6448145748275561,0.6316175523009775,0.8006124234470692,0.6655079888447186,0.6253835768676879,0.6448145748275561
600,scCube,sim2,MERFISH_Animal2_Bregma0.21train_Animal2_Bregma0.21spatial,CCST,Animal2_Bregma0.21,Animal2_Bregma0.21,0.1553950186586031,0.24152105553870892,0.40365163792497627,0.5108923884514436,0.198979929601588,0.3077479907714859,0.24152105553870892
601,scCube,sim2,MERFISH_Animal2_Bregma0.21train_Animal2_Bregma0.21spatial,CellCharter,Animal2_Bregma0.21,Animal2_Bregma0.21,0.3533031952180078,0.4639566739727653,0.46937393277955025,0.6846456692913386,0.4904547687041384,0.4402360254089784,0.4639566739727653
602,scCube,sim2,MERFISH_Animal2_Bregma0.21train_Animal2_Bregma0.21spatial,DeepST,Animal2_Bregma0.21,Animal2_Bregma0.21,0.5781780592828142,0.5580427355666635,0.671078769129811,0.7926509186351706,0.5400032715487464,0.5774822174624534,0.5580427355666635
603,scCube,sim2,MERFISH_Animal2_Bregma0.21train_Animal2_Bregma0.21spatial,GraphST,Animal2_Bregma0.21,Animal2_Bregma0.21,0.2268712080404609,0.2998769778614696,0.431679170487478,0.576334208223972,0.2750270826825582,0.3296635125203004,0.2998769778614695
604,scCube,sim2,MERFISH_Animal2_Bregma0.21train_Animal2_Bregma0.21spatial,PRECAST,Animal2_Bregma0.21,Animal2_Bregma0.21,0.6253095942680073,0.7201111892264528,0.6964091815285154,0.859798775153106,0.7466397506217076,0.6954030970841756,0.7201111892264528
605,scCube,sim2,MERFISH_Animal2_Bregma0.21train_Animal2_Bregma0.21spatial,SEDR,Animal2_Bregma0.21,Animal2_Bregma0.21,0.45913073064635146,0.6040520716382118,0.5574246706017615,0.7900262467191601,0.6408809317597793,0.5712335388891593,0.6040520716382118
606,scCube,sim2,MERFISH_Animal2_Bregma0.21train_Animal2_Bregma0.21spatial,STAGATE,Animal2_Bregma0.21,Animal2_Bregma0.21,0.32207623761168064,0.3373540890349321,0.47319239077814973,0.6148293963254593,0.32391060978555153,0.3521086156497775,0.3373540890349321
607,scCube,sim2,MERFISH_Animal2_Bregma0.21train_Animal2_Bregma0.21spatial,SpaGCN,Animal2_Bregma0.21,Animal2_Bregma0.21,0.7303639195190216,0.7493376265052413,0.7825978495089266,0.8910761154855644,0.7629958558336922,0.7361597840876493,0.7493376265052412
608,scCube,sim2,MERFISH_Animal2_Bregma0.21train_Animal2_Bregma0.21spatial,SpaceFlow,Animal2_Bregma0.21,Animal2_Bregma0.21,0.16632607355461623,0.22770711093409618,0.3259320909917355,0.5312773403324584,0.2289245383654804,0.22673136217831388,0.22770711093409618
609,scCube,sim2,MERFISH_Animal2_Bregma0.21train_Animal2_Bregma0.21spatial,SpatialMGCN,Animal2_Bregma0.21,Animal2_Bregma0.21,0.4433475758199853,0.6317245821815832,0.5566767494339132,0.7449693788276466,0.6306007306950715,0.6328524466579456,0.6317245821815832
610,scCube,sim2,MERFISH_Animal2_Bregma0.21train_Animal2_Bregma0.21spatial,stLearn,Animal2_Bregma0.21,Animal2_Bregma0.21,0.6534847124361567,0.7440688011114135,0.720049776098142,0.8538057742782152,0.7683952210182278,0.7215573496971162,0.7440688011114135
611,scCube,sim2,MERFISH_Animal2_Bregma0.26train_Animal2_Bregma0.01spatial,BASS,Animal2_Bregma0.26,Animal2_Bregma0.01,0.6516784968909507,0.755258983254692,0.7134786407055304,0.8871165644171779,0.7890413638343933,0.7242505849412522,0.755258983254692
612,scCube,sim2,MERFISH_Animal2_Bregma0.26train_Animal2_Bregma0.01spatial,Banksy,Animal2_Bregma0.26,Animal2_Bregma0.01,0.5075117046850306,0.6676795702958129,0.5924984499028565,0.7600817995910021,0.6865788802367637,0.6498274311549246,0.6676795702958129
613,scCube,sim2,MERFISH_Animal2_Bregma0.26train_Animal2_Bregma0.01spatial,CCST,Animal2_Bregma0.26,Animal2_Bregma0.01,0.08965684535809074,0.14014319892911326,0.33391874583695424,0.38196319018404906,0.11459297941249458,0.18130070550254576,0.14014319892911326
614,scCube,sim2,MERFISH_Animal2_Bregma0.26train_Animal2_Bregma0.01spatial,CellCharter,Animal2_Bregma0.26,Animal2_Bregma0.01,0.36451731298698525,0.5023538034215032,0.4695298335418153,0.6791002044989775,0.5262336114494879,0.48061508071852244,0.5023538034215032
615,scCube,sim2,MERFISH_Animal2_Bregma0.26train_Animal2_Bregma0.01spatial,DeepST,Animal2_Bregma0.26,Animal2_Bregma0.01,0.5491480833464278,0.566545583658602,0.6428002458982769,0.7823721881390593,0.5448207368145713,0.5901539360597745,0.566545583658602
616,scCube,sim2,MERFISH_Animal2_Bregma0.26train_Animal2_Bregma0.01spatial,GraphST,Animal2_Bregma0.26,Animal2_Bregma0.01,0.1722220000550066,0.2642670714710072,0.3147612337443974,0.5468302658486708,0.2710435468475384,0.2578211742735513,0.2642670714710072
617,scCube,sim2,MERFISH_Animal2_Bregma0.26train_Animal2_Bregma0.01spatial,PRECAST,Animal2_Bregma0.26,Animal2_Bregma0.01,0.5673161170337917,0.7160167246956812,0.6416736788943992,0.8595092024539877,0.7391886970072581,0.6942533777826004,0.7160167246956811
618,scCube,sim2,MERFISH_Animal2_Bregma0.26train_Animal2_Bregma0.01spatial,SEDR,Animal2_Bregma0.26,Animal2_Bregma0.01,0.430218082644069,0.6103420908939168,0.5291042801264039,0.7819631901840491,0.6323166735627288,0.5901053855863312,0.6103420908939167
619,scCube,sim2,MERFISH_Animal2_Bregma0.26train_Animal2_Bregma0.01spatial,STAGATE,Animal2_Bregma0.26,Animal2_Bregma0.01,0.1683259776276375,0.283264612755225,0.32267218346897264,0.5303476482617586,0.2841978160239337,0.28238304522884394,0.283264612755225
620,scCube,sim2,MERFISH_Animal2_Bregma0.26train_Animal2_Bregma0.01spatial,SpaGCN,Animal2_Bregma0.26,Animal2_Bregma0.01,0.6777827096890973,0.734963154735376,0.7343736098267719,0.8660531697341514,0.7506060028896109,0.7199589990843482,0.7349631547353759
621,scCube,sim2,MERFISH_Animal2_Bregma0.26train_Animal2_Bregma0.01spatial,SpaceFlow,Animal2_Bregma0.26,Animal2_Bregma0.01,0.13221164649610107,0.2126055988077565,0.2700332275676809,0.48744376278118606,0.22375805427525103,0.20253403303194978,0.21260559880775648
622,scCube,sim2,MERFISH_Animal2_Bregma0.26train_Animal2_Bregma0.01spatial,SpatialMGCN,Animal2_Bregma0.26,Animal2_Bregma0.01,0.7154639687711604,0.7510329715911356,0.767208208454628,0.8652351738241307,0.7543804453370742,0.7477150746370708,0.7510329715911358
623,scCube,sim2,MERFISH_Animal2_Bregma0.26train_Animal2_Bregma0.01spatial,stLearn,Animal2_Bregma0.26,Animal2_Bregma0.01,0.6062249752863612,0.7286575597181618,0.674756478091593,0.8639672801635992,0.7592429183093368,0.7004946811587176,0.7286575597181618
624,scCube,sim2,MERFISH_Animal2_Bregma0.26train_Animal2_Bregma0.06spatial,BASS,Animal2_Bregma0.26,Animal2_Bregma0.06,0.6890287816413763,0.765959574156716,0.7494430692822917,0.9257736420688165,0.8172826721664841,0.7207015069808689,0.7659595741567161
625,scCube,sim2,MERFISH_Animal2_Bregma0.26train_Animal2_Bregma0.06spatial,Banksy,Animal2_Bregma0.26,Animal2_Bregma0.06,0.5124216729847159,0.6536176478353497,0.60167391733437,0.8043280675178532,0.7026459498127898,0.6110482656923926,0.6536176478353497
626,scCube,sim2,MERFISH_Animal2_Bregma0.26train_Animal2_Bregma0.06spatial,CCST,Animal2_Bregma0.26,Animal2_Bregma0.06,0.1494567594649204,0.1890514809542187,0.3515635693991528,0.4849166847002813,0.17278496883554195,0.20882837594293688,0.18905148095421867
627,scCube,sim2,MERFISH_Animal2_Bregma0.26train_Animal2_Bregma0.06spatial,CellCharter,Animal2_Bregma0.26,Animal2_Bregma0.06,0.34206303645156566,0.4650639056155973,0.455041924585785,0.7004544470893745,0.5117255916074293,0.4262799203234263,0.4650639056155974
628,scCube,sim2,MERFISH_Animal2_Bregma0.26train_Animal2_Bregma0.06spatial,DeepST,Animal2_Bregma0.26,Animal2_Bregma0.06,0.5426221172877808,0.5535320735907863,0.6413890516333982,0.8009954555291063,0.5470320521919803,0.5602183656167703,0.5535320735907863
629,scCube,sim2,MERFISH_Animal2_Bregma0.26train_Animal2_Bregma0.06spatial,GraphST,Animal2_Bregma0.26,Animal2_Bregma0.06,0.1774781091746934,0.24063028558038607,0.3494980056809628,0.5695736853494915,0.2445194255390694,0.2368629241085912,0.24063028558038607
630,scCube,sim2,MERFISH_Animal2_Bregma0.26train_Animal2_Bregma0.06spatial,PRECAST,Animal2_Bregma0.26,Animal2_Bregma0.06,0.5802982902523958,0.6959439189870046,0.6594343786289801,0.8870374377840294,0.758588505902898,0.6428565316145273,0.6959439189870047
631,scCube,sim2,MERFISH_Animal2_Bregma0.26train_Animal2_Bregma0.06spatial,SEDR,Animal2_Bregma0.26,Animal2_Bregma0.06,0.5242219229923504,0.6488921500744982,0.6117446690608367,0.8374377840294308,0.706550998119764,0.6000878097379008,0.6488921500744982
632,scCube,sim2,MERFISH_Animal2_Bregma0.26train_Animal2_Bregma0.06spatial,STAGATE,Animal2_Bregma0.26,Animal2_Bregma0.06,0.23088400281978666,0.28619110533953196,0.3670333652879761,0.6005193681021425,0.30424720508554487,0.27019471771363174,0.28619110533953196
633,scCube,sim2,MERFISH_Animal2_Bregma0.26train_Animal2_Bregma0.06spatial,SpaGCN,Animal2_Bregma0.26,Animal2_Bregma0.06,0.6255141701705765,0.6964344252547666,0.6965291675700958,0.9002380437134819,0.7469833192357757,0.6522932741595205,0.6964344252547666
634,scCube,sim2,MERFISH_Animal2_Bregma0.26train_Animal2_Bregma0.06spatial,SpaceFlow,Animal2_Bregma0.26,Animal2_Bregma0.06,0.187197519730152,0.21673084168402695,0.3293693560049678,0.5466782081800476,0.2302472186888636,0.2048114842882549,0.21673084168402695
635,scCube,sim2,MERFISH_Animal2_Bregma0.26train_Animal2_Bregma0.06spatial,SpatialMGCN,Animal2_Bregma0.26,Animal2_Bregma0.06,0.4204025573308973,0.6429944039686303,0.5655657019311564,0.736637091538628,0.6272774700672031,0.6595191794381566,0.6429944039686304
636,scCube,sim2,MERFISH_Animal2_Bregma0.26train_Animal2_Bregma0.06spatial,stLearn,Animal2_Bregma0.26,Animal2_Bregma0.06,0.6619793136965809,0.7423321089765454,0.726928383730832,0.9112746158840078,0.793488737146119,0.6974123485873431,0.7423321089765456
637,scCube,sim2,MERFISH_Animal2_Bregma0.26train_Animal2_Bregma0.11spatial,BASS,Animal2_Bregma0.26,Animal2_Bregma0.11,0.7216549909112603,0.7753249699625544,0.7747155518094941,0.9281756618099732,0.8216110325617632,0.7339758972504716,0.7753249699625545
638,scCube,sim2,MERFISH_Animal2_Bregma0.26train_Animal2_Bregma0.11spatial,Banksy,Animal2_Bregma0.26,Animal2_Bregma0.11,0.5091701370548489,0.6676003765657403,0.5965521017053342,0.7913400369382311,0.7148848348273722,0.6261888914667544,0.6676003765657403
639,scCube,sim2,MERFISH_Animal2_Bregma0.26train_Animal2_Bregma0.11spatial,CCST,Animal2_Bregma0.26,Animal2_Bregma0.11,0.1555379293835315,0.20642168177926848,0.3749082267622437,0.4549148368561461,0.17481811625792784,0.2519890324083862,0.20642168177926848
640,scCube,sim2,MERFISH_Animal2_Bregma0.26train_Animal2_Bregma0.11spatial,CellCharter,Animal2_Bregma0.26,Animal2_Bregma0.11,0.40106697966637234,0.4929454774288672,0.5039345495639163,0.7178329571106095,0.5347998689608204,0.45719328508425966,0.4929454774288672
641,scCube,sim2,MERFISH_Animal2_Bregma0.26train_Animal2_Bregma0.11spatial,DeepST,Animal2_Bregma0.26,Animal2_Bregma0.11,0.5814305399799052,0.5698735090029144,0.6686707159485663,0.8055817771393393,0.562554064953345,0.5774101568460781,0.5698735090029144
642,scCube,sim2,MERFISH_Animal2_Bregma0.26train_Animal2_Bregma0.11spatial,GraphST,Animal2_Bregma0.26,Animal2_Bregma0.11,0.1915315617075721,0.2692024723928326,0.3365982385628888,0.5612558998563513,0.2827326026766135,0.2569081669707669,0.2692024723928326
643,scCube,sim2,MERFISH_Animal2_Bregma0.26train_Animal2_Bregma0.11spatial,PRECAST,Animal2_Bregma0.26,Animal2_Bregma0.11,0.4803188279814055,0.6667081041096926,0.5769677863150745,0.7835009234557767,0.6926907857615898,0.642604160929256,0.6667081041096925
644,scCube,sim2,MERFISH_Animal2_Bregma0.26train_Animal2_Bregma0.11spatial,SEDR,Animal2_Bregma0.26,Animal2_Bregma0.11,0.5045564475807679,0.640340061571551,0.5928978682058627,0.8306176893084342,0.6995298495784534,0.5904253485733613,0.640340061571551
645,scCube,sim2,MERFISH_Animal2_Bregma0.26train_Animal2_Bregma0.11spatial,STAGATE,Animal2_Bregma0.26,Animal2_Bregma0.11,0.2071772272356116,0.3053562446650116,0.33974485257834885,0.6059922019289965,0.32959131559209404,0.284473814137508,0.30535624466501154
646,scCube,sim2,MERFISH_Animal2_Bregma0.26train_Animal2_Bregma0.11spatial,SpaGCN,Animal2_Bregma0.26,Animal2_Bregma0.11,0.7021878904490864,0.7470083633352076,0.7586035393553385,0.9179150420685408,0.7938677952652595,0.7053725194840916,0.7470083633352076
647,scCube,sim2,MERFISH_Animal2_Bregma0.26train_Animal2_Bregma0.11spatial,SpaceFlow,Animal2_Bregma0.26,Animal2_Bregma0.11,0.22459721640644004,0.2339585907502483,0.35575697918973415,0.564334085778781,0.2494563718240926,0.22027538572721234,0.2339585907502483
648,scCube,sim2,MERFISH_Animal2_Bregma0.26train_Animal2_Bregma0.11spatial,SpatialMGCN,Animal2_Bregma0.26,Animal2_Bregma0.11,0.5896551939383348,0.6673669268230181,0.6665727689340784,0.8426020931664272,0.6914845092040796,0.644874990277113,0.667366926823018
649,scCube,sim2,MERFISH_Animal2_Bregma0.26train_Animal2_Bregma0.11spatial,stLearn,Animal2_Bregma0.26,Animal2_Bregma0.11,0.6758729690304752,0.7380344387647301,0.7371213408803184,0.8939462343525548,0.7880979119300494,0.6941010828066783,0.7380344387647301
650,scCube,sim2,MERFISH_Animal2_Bregma0.26train_Animal2_Bregma0.16spatial,BASS,Animal2_Bregma0.26,Animal2_Bregma0.16,0.6953301099393516,0.7700077325255731,0.75351089171594,0.915588686691515,0.8134077328483077,0.7310044246113964,0.7700077325255731
651,scCube,sim2,MERFISH_Animal2_Bregma0.26train_Animal2_Bregma0.16spatial,Banksy,Animal2_Bregma0.26,Animal2_Bregma0.16,0.4910763299490598,0.6466226293509404,0.5816706981422752,0.7926770445077833,0.6907490983275869,0.6078004478196947,0.6466226293509404
652,scCube,sim2,MERFISH_Animal2_Bregma0.26train_Animal2_Bregma0.16spatial,CCST,Animal2_Bregma0.26,Animal2_Bregma0.16,0.1773373750087345,0.22996627438298542,0.3611256850186412,0.5093619820214865,0.21400812502262334,0.24866004576252024,0.22996627438298542
653,scCube,sim2,MERFISH_Animal2_Bregma0.26train_Animal2_Bregma0.16spatial,CellCharter,Animal2_Bregma0.26,Animal2_Bregma0.16,0.40563218007013163,0.5073248939429327,0.5084677552093764,0.7292260469195352,0.5488507291258258,0.47167649496253833,0.5073248939429327
654,scCube,sim2,MERFISH_Animal2_Bregma0.26train_Animal2_Bregma0.16spatial,DeepST,Animal2_Bregma0.26,Animal2_Bregma0.16,0.5636209715001284,0.5585965116669416,0.6573275210694104,0.7885989914492436,0.5478671312924758,0.5697920744977802,0.5585965116669415
655,scCube,sim2,MERFISH_Animal2_Bregma0.26train_Animal2_Bregma0.16spatial,GraphST,Animal2_Bregma0.26,Animal2_Bregma0.16,0.20440021599404917,0.2583527073229346,0.3458171983378227,0.5597456698092523,0.2726238820182371,0.245501330023355,0.2583527073229346
656,scCube,sim2,MERFISH_Animal2_Bregma0.26train_Animal2_Bregma0.16spatial,PRECAST,Animal2_Bregma0.26,Animal2_Bregma0.16,0.4664602801589036,0.6585797545025939,0.5666752647768634,0.7851348388511291,0.6792290777961111,0.6391489130248218,0.6585797545025941
657,scCube,sim2,MERFISH_Animal2_Bregma0.26train_Animal2_Bregma0.16spatial,SEDR,Animal2_Bregma0.26,Animal2_Bregma0.16,0.5157521949787672,0.6482124802480037,0.6029859902870827,0.8339837754878315,0.7029217081406711,0.6015144223333226,0.6482124802480037
658,scCube,sim2,MERFISH_Animal2_Bregma0.26train_Animal2_Bregma0.16spatial,STAGATE,Animal2_Bregma0.26,Animal2_Bregma0.16,0.1902778382323728,0.28738669822443474,0.32581083275413547,0.5917561938171454,0.308467119860003,0.2690032139795967,0.28738669822443474
659,scCube,sim2,MERFISH_Animal2_Bregma0.26train_Animal2_Bregma0.16spatial,SpaGCN,Animal2_Bregma0.26,Animal2_Bregma0.16,0.6661054752310328,0.7178043671485194,0.7292990013758839,0.8936636702477527,0.7624601798905881,0.6780899547252578,0.7178043671485193
660,scCube,sim2,MERFISH_Animal2_Bregma0.26train_Animal2_Bregma0.16spatial,SpaceFlow,Animal2_Bregma0.26,Animal2_Bregma0.16,0.1895329717620719,0.22130469474137526,0.32077447189644837,0.5475992106994081,0.24121001809187162,0.20443804047946715,0.2213046947413752
661,scCube,sim2,MERFISH_Animal2_Bregma0.26train_Animal2_Bregma0.16spatial,SpatialMGCN,Animal2_Bregma0.26,Animal2_Bregma0.16,0.7158760486146051,0.7395627349752721,0.7693123853852558,0.8864284148213111,0.7734448475987501,0.7085245693829055,0.7395627349752721
662,scCube,sim2,MERFISH_Animal2_Bregma0.26train_Animal2_Bregma0.16spatial,stLearn,Animal2_Bregma0.26,Animal2_Bregma0.16,0.6782119120539017,0.7531144329065521,0.739347247729153,0.9030914273185704,0.7973125436251227,0.7135843676082161,0.7531144329065521
663,scCube,sim2,MERFISH_Animal2_Bregma0.26train_Animal2_Bregma0.26spatial,BASS,Animal2_Bregma0.26,Animal2_Bregma0.26,0.6865885187085752,0.7702704786562075,0.750678787545476,0.9341128850910726,0.8273639807502973,0.7205479764000858,0.7702704786562076
664,scCube,sim2,MERFISH_Animal2_Bregma0.26train_Animal2_Bregma0.26spatial,Banksy,Animal2_Bregma0.26,Animal2_Bregma0.26,0.5577385283834827,0.6710562460505167,0.6424456031246608,0.8622442095794918,0.72725234498026,0.6229489506576442,0.6710562460505168
665,scCube,sim2,MERFISH_Animal2_Bregma0.26train_Animal2_Bregma0.26spatial,CCST,Animal2_Bregma0.26,Animal2_Bregma0.26,0.10517575309214125,0.19138947650408597,0.33098598527618195,0.4907128401169327,0.17121171710145827,0.2176377454772657,0.19138947650408597
666,scCube,sim2,MERFISH_Animal2_Bregma0.26train_Animal2_Bregma0.26spatial,CellCharter,Animal2_Bregma0.26,Animal2_Bregma0.26,0.39591514195799304,0.5379642545590075,0.5059427818427306,0.743602428603553,0.5845914241294301,0.4983572902075169,0.5379642545590076
667,scCube,sim2,MERFISH_Animal2_Bregma0.26train_Animal2_Bregma0.26spatial,DeepST,Animal2_Bregma0.26,Animal2_Bregma0.26,0.5107444977265102,0.5552064545874489,0.6108820387111852,0.7982909826849561,0.5663717823427336,0.545030023570094,0.5552064545874489
668,scCube,sim2,MERFISH_Animal2_Bregma0.26train_Animal2_Bregma0.26spatial,GraphST,Animal2_Bregma0.26,Animal2_Bregma0.26,0.1520438764662764,0.2175049210045871,0.3135479536279241,0.5192264447942433,0.2270527063155483,0.2087277190826758,0.2175049210045871
669,scCube,sim2,MERFISH_Animal2_Bregma0.26train_Animal2_Bregma0.26spatial,PRECAST,Animal2_Bregma0.26,Animal2_Bregma0.26,0.4985152585712244,0.6808646977079554,0.5951126463707532,0.839892062064313,0.7152175047367493,0.6496606689384764,0.6808646977079554
670,scCube,sim2,MERFISH_Animal2_Bregma0.26train_Animal2_Bregma0.26spatial,SEDR,Animal2_Bregma0.26,Animal2_Bregma0.26,0.4291752239700023,0.5935763583594775,0.5353834507964306,0.7988756465032607,0.6435260952242514,0.5509625976394225,0.5935763583594775
671,scCube,sim2,MERFISH_Animal2_Bregma0.26train_Animal2_Bregma0.26spatial,STAGATE,Animal2_Bregma0.26,Animal2_Bregma0.26,0.17986922299219443,0.24419648947889483,0.3234933880889163,0.5813357319541264,0.26391109725676726,0.22722578244748934,0.24419648947889488
672,scCube,sim2,MERFISH_Animal2_Bregma0.26train_Animal2_Bregma0.26spatial,SpaGCN,Animal2_Bregma0.26,Animal2_Bregma0.26,0.6054504292683155,0.7023807414348157,0.6826682899689039,0.8599055543062739,0.7297095956225554,0.6770250136355754,0.7023807414348158
673,scCube,sim2,MERFISH_Animal2_Bregma0.26train_Animal2_Bregma0.26spatial,SpaceFlow,Animal2_Bregma0.26,Animal2_Bregma0.26,0.12024454993174043,0.17134087048324406,0.2724459113275861,0.5020912975039352,0.18489445831833234,0.15965665431742454,0.17134087048324403
674,scCube,sim2,MERFISH_Animal2_Bregma0.26train_Animal2_Bregma0.26spatial,SpatialMGCN,Animal2_Bregma0.26,Animal2_Bregma0.26,0.5112849684334585,0.6855689398545717,0.6033383147747602,0.8448392174499663,0.7398615084648952,0.6386998249326374,0.6855689398545717
675,scCube,sim2,MERFISH_Animal2_Bregma0.26train_Animal2_Bregma0.26spatial,stLearn,Animal2_Bregma0.26,Animal2_Bregma0.26,0.6414344625879992,0.7408543149817854,0.7131353792978198,0.9060490218124577,0.7975997302868458,0.6916778291120159,0.7408543149817854
676,scCube,sim2,MERFISH_Animal3_Bregma0.01train_Animal3_Bregma0.01spatial,BASS,Animal3_Bregma0.01,Animal3_Bregma0.01,0.6304195896769088,0.7436413189054405,0.7005772130849176,0.8803096466851926,0.7803471009412235,0.7102335227477548,0.7436413189054405
677,scCube,sim2,MERFISH_Animal3_Bregma0.01train_Animal3_Bregma0.01spatial,Banksy,Animal3_Bregma0.01,Animal3_Bregma0.01,0.5271440395128628,0.7032134147377388,0.6373481441972684,0.7433108376339816,0.6849396163426448,0.7234901410293821,0.7032134147377388
678,scCube,sim2,MERFISH_Animal3_Bregma0.01train_Animal3_Bregma0.01spatial,CCST,Animal3_Bregma0.01,Animal3_Bregma0.01,0.06831114793997876,0.11135549532887916,0.3465739243155114,0.367129813418023,0.08676808116545977,0.1567968142315975,0.11135549532887912
679,scCube,sim2,MERFISH_Animal3_Bregma0.01train_Animal3_Bregma0.01spatial,CellCharter,Animal3_Bregma0.01,Animal3_Bregma0.01,0.2699446600157905,0.431606491646467,0.3949169472041537,0.5900357284636761,0.46025888136615245,0.40635623732342774,0.431606491646467
680,scCube,sim2,MERFISH_Animal3_Bregma0.01train_Animal3_Bregma0.01spatial,DeepST,Animal3_Bregma0.01,Animal3_Bregma0.01,0.4439620649145664,0.528001834535098,0.6036459710258819,0.7073441842000794,0.47990362609069165,0.5969089015669282,0.5280018345350979
681,scCube,sim2,MERFISH_Animal3_Bregma0.01train_Animal3_Bregma0.01spatial,GraphST,Animal3_Bregma0.01,Animal3_Bregma0.01,0.12496612730266402,0.2269366645015932,0.2977696647714735,0.4924573243350535,0.2289546104896444,0.2249539790316987,0.2269366645015932
682,scCube,sim2,MERFISH_Animal3_Bregma0.01train_Animal3_Bregma0.01spatial,PRECAST,Animal3_Bregma0.01,Animal3_Bregma0.01,0.6855994038808786,0.7176101797540716,0.7478788423948932,0.8374354902739182,0.722771804310276,0.7125217552104033,0.7176101797540716
683,scCube,sim2,MERFISH_Animal3_Bregma0.01train_Animal3_Bregma0.01spatial,SEDR,Animal3_Bregma0.01,Animal3_Bregma0.01,0.4166533528939992,0.6072524068521414,0.5369301976116772,0.7125843588725684,0.6040949657906516,0.6106366863978552,0.6072524068521415
684,scCube,sim2,MERFISH_Animal3_Bregma0.01train_Animal3_Bregma0.01spatial,STAGATE,Animal3_Bregma0.01,Animal3_Bregma0.01,0.15109928339016734,0.26761062716328976,0.31586673565080725,0.5060738388249305,0.2692930616502148,0.2659724162322145,0.26761062716328976
685,scCube,sim2,MERFISH_Animal3_Bregma0.01train_Animal3_Bregma0.01spatial,SpaGCN,Animal3_Bregma0.01,Animal3_Bregma0.01,0.727789604410854,0.7315702628478328,0.7804797929187662,0.8664152441445017,0.7435235771546451,0.7199952042481964,0.7315702628478327
686,scCube,sim2,MERFISH_Animal3_Bregma0.01train_Animal3_Bregma0.01spatial,SpaceFlow,Animal3_Bregma0.01,Animal3_Bregma0.01,0.07486462289722343,0.15815516961522977,0.22709816854486092,0.4298928146089717,0.16852544814107276,0.14902256500056016,0.15815516961522974
687,scCube,sim2,MERFISH_Animal3_Bregma0.01train_Animal3_Bregma0.01spatial,SpatialMGCN,Animal3_Bregma0.01,Animal3_Bregma0.01,0.530543281825296,0.7276700789584947,0.6837806434163886,0.7485113140134975,0.6520156497086518,0.8231856385618448,0.7276700789584946
688,scCube,sim2,MERFISH_Animal3_Bregma0.01train_Animal3_Bregma0.01spatial,stLearn,Animal3_Bregma0.01,Animal3_Bregma0.01,0.6029167496898784,0.7286238016040277,0.677410341808706,0.8642318380309646,0.7578765167071382,0.702029043662036,0.7286238016040276
689,scCube,sim2,MERFISH_Animal3_Bregma0.01train_Animal3_Bregma0.06spatial,BASS,Animal3_Bregma0.01,Animal3_Bregma0.06,0.657980216473994,0.7549976419995523,0.7200333150598097,0.8893387314439944,0.7831174884497194,0.7288272269435372,0.7549976419995523
690,scCube,sim2,MERFISH_Animal3_Bregma0.01train_Animal3_Bregma0.06spatial,Banksy,Animal3_Bregma0.01,Animal3_Bregma0.06,0.5828639870957932,0.7155443671523363,0.6739979707773753,0.7865432812801234,0.7123707558794271,0.7204116012815055,0.7155443671523363
691,scCube,sim2,MERFISH_Animal3_Bregma0.01train_Animal3_Bregma0.06spatial,CCST,Animal3_Bregma0.01,Animal3_Bregma0.06,0.0939376826042028,0.15713203608218365,0.34556876332094005,0.40744168112589163,0.12880329727982373,0.20167588047023663,0.15713203608218365
692,scCube,sim2,MERFISH_Animal3_Bregma0.01train_Animal3_Bregma0.06spatial,CellCharter,Animal3_Bregma0.01,Animal3_Bregma0.06,0.35467755391665845,0.4949765550693687,0.46373931211328223,0.6793907846539425,0.5266504386866828,0.46694848675822814,0.49497655506936883
693,scCube,sim2,MERFISH_Animal3_Bregma0.01train_Animal3_Bregma0.06spatial,DeepST,Animal3_Bregma0.01,Animal3_Bregma0.06,0.5075513899565711,0.5646218889822403,0.6303450266441454,0.7539232697127434,0.529642127289458,0.6110103030628928,0.5646218889822404
694,scCube,sim2,MERFISH_Animal3_Bregma0.01train_Animal3_Bregma0.06spatial,GraphST,Animal3_Bregma0.01,Animal3_Bregma0.06,0.1823756044846176,0.2668640860943695,0.335605930677351,0.5311355311355311,0.2714944637257015,0.2623890034151568,0.2668640860943696
695,scCube,sim2,MERFISH_Animal3_Bregma0.01train_Animal3_Bregma0.06spatial,PRECAST,Animal3_Bregma0.01,Animal3_Bregma0.06,0.734778011525192,0.7427910471361142,0.7835804150981374,0.8582995951417004,0.7607762834786249,0.7256365368068002,0.7427910471361143
696,scCube,sim2,MERFISH_Animal3_Bregma0.01train_Animal3_Bregma0.06spatial,SEDR,Animal3_Bregma0.01,Animal3_Bregma0.06,0.6343459544448553,0.702037030507054,0.7015354591498217,0.8492384808174283,0.7217505831974967,0.6837627554404843,0.702037030507054
697,scCube,sim2,MERFISH_Animal3_Bregma0.01train_Animal3_Bregma0.06spatial,STAGATE,Animal3_Bregma0.01,Animal3_Bregma0.06,0.16409056287269985,0.2896507524196631,0.3330349272380496,0.5165991902834008,0.2861832177110948,0.29320388196236385,0.2896507524196631
698,scCube,sim2,MERFISH_Animal3_Bregma0.01train_Animal3_Bregma0.06spatial,SpaGCN,Animal3_Bregma0.01,Animal3_Bregma0.06,0.7723299515000088,0.7706498798204172,0.8155090053438562,0.8943512627723154,0.7733813305771415,0.7679376551952959,0.7706498798204171
699,scCube,sim2,MERFISH_Animal3_Bregma0.01train_Animal3_Bregma0.06spatial,SpaceFlow,Animal3_Bregma0.01,Animal3_Bregma0.06,0.13402859165815756,0.21872020740511475,0.27919926741491236,0.5081935608251398,0.22909996451295672,0.20929625607156366,0.21872020740511475
700,scCube,sim2,MERFISH_Animal3_Bregma0.01train_Animal3_Bregma0.06spatial,SpatialMGCN,Animal3_Bregma0.01,Animal3_Bregma0.06,0.6631378774349054,0.7190745180210892,0.7245296270725246,0.8515519568151146,0.7403091379868368,0.6990240954973954,0.7190745180210891
701,scCube,sim2,MERFISH_Animal3_Bregma0.01train_Animal3_Bregma0.06spatial,stLearn,Animal3_Bregma0.01,Animal3_Bregma0.06,0.609667899229391,0.7319427367212941,0.67994979693116,0.8795835743204163,0.7670061901131044,0.6999953410111283,0.7319427367212941
702,scCube,sim2,MERFISH_Animal3_Bregma0.01train_Animal3_Bregma0.11spatial,BASS,Animal3_Bregma0.01,Animal3_Bregma0.11,0.7308476504823204,0.7899686236301838,0.7825579573256093,0.9255172413793102,0.8325130297922925,0.7515611493340669,0.7899686236301837
703,scCube,sim2,MERFISH_Animal3_Bregma0.01train_Animal3_Bregma0.11spatial,Banksy,Animal3_Bregma0.01,Animal3_Bregma0.11,0.5933461313889046,0.7220595512456366,0.683512859930327,0.8110738916256158,0.727171875107929,0.7183020900045077,0.7220595512456366
704,scCube,sim2,MERFISH_Animal3_Bregma0.01train_Animal3_Bregma0.11spatial,CCST,Animal3_Bregma0.01,Animal3_Bregma0.11,0.11930913568303947,0.1637962854299821,0.3549058070320495,0.4399605911330049,0.13703767090840466,0.20380165461062671,0.1637962854299821
705,scCube,sim2,MERFISH_Animal3_Bregma0.01train_Animal3_Bregma0.11spatial,CellCharter,Animal3_Bregma0.01,Animal3_Bregma0.11,0.3788088122143554,0.48863943495509216,0.4872364328220602,0.7207487684729064,0.5318063718352084,0.45198707958551926,0.48863943495509216
706,scCube,sim2,MERFISH_Animal3_Bregma0.01train_Animal3_Bregma0.11spatial,DeepST,Animal3_Bregma0.01,Animal3_Bregma0.11,0.5703005261312805,0.571282291174374,0.6646697644210366,0.797832512315271,0.5538955505241816,0.5901005201475658,0.571282291174374
707,scCube,sim2,MERFISH_Animal3_Bregma0.01train_Animal3_Bregma0.11spatial,GraphST,Animal3_Bregma0.01,Animal3_Bregma0.11,0.2376158116385565,0.299005301466099,0.3842394922948862,0.5986206896551725,0.308451080452406,0.2901208538551046,0.299005301466099
708,scCube,sim2,MERFISH_Animal3_Bregma0.01train_Animal3_Bregma0.11spatial,PRECAST,Animal3_Bregma0.01,Animal3_Bregma0.11,0.7356396302962863,0.7316920201221775,0.7860249573670531,0.8673891625615763,0.7662431002366744,0.7001224230563085,0.7316920201221776
709,scCube,sim2,MERFISH_Animal3_Bregma0.01train_Animal3_Bregma0.11spatial,SEDR,Animal3_Bregma0.01,Animal3_Bregma0.11,0.6612692443980493,0.7159393405145223,0.7254200500481564,0.8834679802955666,0.7532047374731257,0.6823559257967796,0.7159393405145223
710,scCube,sim2,MERFISH_Animal3_Bregma0.01train_Animal3_Bregma0.11spatial,STAGATE,Animal3_Bregma0.01,Animal3_Bregma0.11,0.2106643628772115,0.299455350998482,0.3580642906867575,0.5836453201970444,0.31353217483252666,0.2866280454874353,0.299455350998482
711,scCube,sim2,MERFISH_Animal3_Bregma0.01train_Animal3_Bregma0.11spatial,SpaGCN,Animal3_Bregma0.01,Animal3_Bregma0.11,0.7468662680601498,0.7572448623657995,0.79519333274426,0.9111330049261085,0.7892223045645995,0.7277578174512359,0.7572448623657995
712,scCube,sim2,MERFISH_Animal3_Bregma0.01train_Animal3_Bregma0.11spatial,SpaceFlow,Animal3_Bregma0.01,Animal3_Bregma0.11,0.22796178242313364,0.24443943545978702,0.3628403012471584,0.5672118226600985,0.26084390630533305,0.23002335668776808,0.24443943545978702
713,scCube,sim2,MERFISH_Animal3_Bregma0.01train_Animal3_Bregma0.11spatial,SpatialMGCN,Animal3_Bregma0.01,Animal3_Bregma0.11,0.5356392963970164,0.686666690325634,0.6416260714974068,0.7627586206896552,0.6842471604440973,0.6891033920687535,0.686666690325634
714,scCube,sim2,MERFISH_Animal3_Bregma0.01train_Animal3_Bregma0.11spatial,stLearn,Animal3_Bregma0.01,Animal3_Bregma0.11,0.6617535389940816,0.7474829709504645,0.7267192127577146,0.902896551724138,0.8021982667834286,0.6998636747416199,0.7474829709504645
715,scCube,sim2,MERFISH_Animal3_Bregma0.01train_Animal3_Bregma0.16spatial,BASS,Animal3_Bregma0.01,Animal3_Bregma0.16,0.7157894661238295,0.7671013405205084,0.7737881925101094,0.8929600658707286,0.7922659253119165,0.7434861383858447,0.7671013405205083
716,scCube,sim2,MERFISH_Animal3_Bregma0.01train_Animal3_Bregma0.16spatial,Banksy,Animal3_Bregma0.01,Animal3_Bregma0.16,0.6201607097124985,0.731205184100229,0.7029993928897504,0.8549608892548374,0.7488524248657501,0.7149956047601569,0.731205184100229
717,scCube,sim2,MERFISH_Animal3_Bregma0.01train_Animal3_Bregma0.16spatial,CCST,Animal3_Bregma0.01,Animal3_Bregma0.16,0.1716309152153389,0.1931180734059355,0.44749544078976233,0.5172910662824208,0.14944997562891071,0.2765334160395453,0.19311807340593554
718,scCube,sim2,MERFISH_Animal3_Bregma0.01train_Animal3_Bregma0.16spatial,CellCharter,Animal3_Bregma0.01,Animal3_Bregma0.16,0.3698754950276265,0.5033521614061093,0.4856899320704372,0.7281185673116509,0.5530290532844473,0.4618961332160466,0.5033521614061093
719,scCube,sim2,MERFISH_Animal3_Bregma0.01train_Animal3_Bregma0.16spatial,DeepST,Animal3_Bregma0.01,Animal3_Bregma0.16,0.5900793932920838,0.5985464818570159,0.6812879714332578,0.8255249073692879,0.598806493353559,0.600309163255759,0.5985464818570159
720,scCube,sim2,MERFISH_Animal3_Bregma0.01train_Animal3_Bregma0.16spatial,GraphST,Animal3_Bregma0.01,Animal3_Bregma0.16,0.2662054763703388,0.3001012529062211,0.4223591003109073,0.593865788390284,0.3079489768401393,0.2926435695952227,0.3001012529062209
721,scCube,sim2,MERFISH_Animal3_Bregma0.01train_Animal3_Bregma0.16spatial,PRECAST,Animal3_Bregma0.01,Animal3_Bregma0.16,0.7965509568634375,0.7726315467428889,0.8386714473000392,0.8913132976533553,0.8019694103173045,0.7453644222709515,0.7726315467428889
722,scCube,sim2,MERFISH_Animal3_Bregma0.01train_Animal3_Bregma0.16spatial,SEDR,Animal3_Bregma0.01,Animal3_Bregma0.16,0.6209785376971122,0.6732832094592229,0.6965637469423605,0.8402223137093454,0.7196364386147274,0.6325533247249823,0.673283209459223
723,scCube,sim2,MERFISH_Animal3_Bregma0.01train_Animal3_Bregma0.16spatial,STAGATE,Animal3_Bregma0.01,Animal3_Bregma0.16,0.2562872622877756,0.30819400783789297,0.39049701549339677,0.6263894606834088,0.3362532516336499,0.2844863182700175,0.30819400783789297
724,scCube,sim2,MERFISH_Animal3_Bregma0.01train_Animal3_Bregma0.16spatial,SpaGCN,Animal3_Bregma0.01,Animal3_Bregma0.16,0.7343391584878379,0.7442806436458215,0.7889042139231356,0.9063400576368876,0.785467312637173,0.7071980901376165,0.7442806436458215
725,scCube,sim2,MERFISH_Animal3_Bregma0.01train_Animal3_Bregma0.16spatial,SpaceFlow,Animal3_Bregma0.01,Animal3_Bregma0.16,0.22051740643404055,0.24201598551505726,0.36083722395875933,0.5567723342939481,0.26283457510034225,0.22426472437304676,0.2420159855150572
726,scCube,sim2,MERFISH_Animal3_Bregma0.01train_Animal3_Bregma0.16spatial,SpatialMGCN,Animal3_Bregma0.01,Animal3_Bregma0.16,0.5561259374315242,0.7043645515489847,0.6505119545949,0.8246191848497324,0.7262478499741488,0.6837614531288314,0.7043645515489847
727,scCube,sim2,MERFISH_Animal3_Bregma0.01train_Animal3_Bregma0.16spatial,stLearn,Animal3_Bregma0.01,Animal3_Bregma0.16,0.6863602220449426,0.7674865646632687,0.7516671362821962,0.9091395636064223,0.8227362836620697,0.719212320233949,0.7674865646632687
728,scCube,sim2,MERFISH_Animal3_Bregma0.01train_Animal3_Bregma0.21spatial,BASS,Animal3_Bregma0.01,Animal3_Bregma0.21,0.7205810784315834,0.7891883907193844,0.7808104855780776,0.934726962457338,0.8419177089214254,0.7426746657373685,0.7891883907193844
729,scCube,sim2,MERFISH_Animal3_Bregma0.01train_Animal3_Bregma0.21spatial,Banksy,Animal3_Bregma0.01,Animal3_Bregma0.21,0.6042590269906325,0.7194569200379359,0.692465318472174,0.8525597269624573,0.74311005927004,0.6977176388797441,0.7194569200379359
730,scCube,sim2,MERFISH_Animal3_Bregma0.01train_Animal3_Bregma0.21spatial,CCST,Animal3_Bregma0.01,Animal3_Bregma0.21,0.11920454204524525,0.16375695905586457,0.35665094118471563,0.4888225255972696,0.14319796237037924,0.19128859277805418,0.16375695905586457
731,scCube,sim2,MERFISH_Animal3_Bregma0.01train_Animal3_Bregma0.21spatial,CellCharter,Animal3_Bregma0.01,Animal3_Bregma0.21,0.38907554540823514,0.5557677319155891,0.5071526836971836,0.7801194539249147,0.6144971805321745,0.5073735411234267,0.5557677319155891
732,scCube,sim2,MERFISH_Animal3_Bregma0.01train_Animal3_Bregma0.21spatial,DeepST,Animal3_Bregma0.01,Animal3_Bregma0.21,0.5937158295480517,0.6163253864566116,0.683081694109747,0.8400597269624572,0.6270551937419244,0.6073941818983971,0.6163253864566116
733,scCube,sim2,MERFISH_Animal3_Bregma0.01train_Animal3_Bregma0.21spatial,GraphST,Animal3_Bregma0.01,Animal3_Bregma0.21,0.1986117634808527,0.2567380017363101,0.3596377091097393,0.5898037542662116,0.2718728359002926,0.2431993841829844,0.25673800173631
734,scCube,sim2,MERFISH_Animal3_Bregma0.01train_Animal3_Bregma0.21spatial,PRECAST,Animal3_Bregma0.01,Animal3_Bregma0.21,0.7946593898784511,0.7736281134429476,0.838707488615263,0.8982508532423207,0.8069676826919745,0.7429340690900659,0.7736281134429475
735,scCube,sim2,MERFISH_Animal3_Bregma0.01train_Animal3_Bregma0.21spatial,SEDR,Animal3_Bregma0.01,Animal3_Bregma0.21,0.6594332717274628,0.7091993331614914,0.7310830198134988,0.8908703071672356,0.7604848152512581,0.6646238084670459,0.7091993331614914
736,scCube,sim2,MERFISH_Animal3_Bregma0.01train_Animal3_Bregma0.21spatial,STAGATE,Animal3_Bregma0.01,Animal3_Bregma0.21,0.23077357834339907,0.27253439305575927,0.3757142012601541,0.5761945392491468,0.2955063197344336,0.25291628372884817,0.27253439305575927
737,scCube,sim2,MERFISH_Animal3_Bregma0.01train_Animal3_Bregma0.21spatial,SpaGCN,Animal3_Bregma0.01,Animal3_Bregma0.21,0.6679782944443653,0.7356798660131841,0.7391410985116932,0.914462457337884,0.7922564825597304,0.6866451644631787,0.735679866013184
738,scCube,sim2,MERFISH_Animal3_Bregma0.01train_Animal3_Bregma0.21spatial,SpaceFlow,Animal3_Bregma0.01,Animal3_Bregma0.21,0.16177886881468542,0.18650814841461788,0.3106874687050306,0.5264505119453925,0.20610693888631806,0.17033555007959184,0.18650814841461788
739,scCube,sim2,MERFISH_Animal3_Bregma0.01train_Animal3_Bregma0.21spatial,SpatialMGCN,Animal3_Bregma0.01,Animal3_Bregma0.21,0.5405447664336082,0.6717967187410452,0.6433865998844684,0.8037542662116041,0.6946739847971767,0.6503782176207441,0.6717967187410452
740,scCube,sim2,MERFISH_Animal3_Bregma0.01train_Animal3_Bregma0.21spatial,stLearn,Animal3_Bregma0.01,Animal3_Bregma0.21,0.6363968038127401,0.7463321662583869,0.7142727156322041,0.9078924914675769,0.8127728453217461,0.6900120522792503,0.7463321662583869
741,scCube,sim2,MERFISH_Animal3_Bregma0.06train_Animal3_Bregma0.01spatial,BASS,Animal3_Bregma0.06,Animal3_Bregma0.01,0.5926681560096805,0.7119854314218642,0.6688609520963489,0.8600635172687575,0.7397229413832587,0.6862528963292348,0.7119854314218643
742,scCube,sim2,MERFISH_Animal3_Bregma0.06train_Animal3_Bregma0.01spatial,Banksy,Animal3_Bregma0.06,Animal3_Bregma0.01,0.5290714589911658,0.6609750082473429,0.6198355519998361,0.8055577610162763,0.6718260000640938,0.6507774571980188,0.6609750082473429
743,scCube,sim2,MERFISH_Animal3_Bregma0.06train_Animal3_Bregma0.01spatial,CCST,Animal3_Bregma0.06,Animal3_Bregma0.01,0.08722557252057514,0.1442937919939667,0.3818308881592717,0.40170702659785623,0.11094037265512009,0.20657621634950804,0.14429379199396672
744,scCube,sim2,MERFISH_Animal3_Bregma0.06train_Animal3_Bregma0.01spatial,CellCharter,Animal3_Bregma0.06,Animal3_Bregma0.01,0.3319500850197464,0.4509664167200967,0.4529593212445362,0.6366018261214768,0.4711532483339932,0.4327747358300741,0.4509664167200967
745,scCube,sim2,MERFISH_Animal3_Bregma0.06train_Animal3_Bregma0.01spatial,DeepST,Animal3_Bregma0.06,Animal3_Bregma0.01,0.5279290196581001,0.5634555533761432,0.6322799091983574,0.7739182215164748,0.5473696107018539,0.5805296712494451,0.5634555533761432
746,scCube,sim2,MERFISH_Animal3_Bregma0.06train_Animal3_Bregma0.01spatial,GraphST,Animal3_Bregma0.06,Animal3_Bregma0.01,0.1844704520049121,0.2738383308219523,0.3694201990394137,0.5516077808654228,0.2685946087074176,0.2792908741177649,0.2738383308219523
747,scCube,sim2,MERFISH_Animal3_Bregma0.06train_Animal3_Bregma0.01spatial,PRECAST,Animal3_Bregma0.06,Animal3_Bregma0.01,0.44037515325825194,0.6446682978918687,0.5631347545944957,0.7512901945216356,0.6360673974168682,0.6535049894070009,0.6446682978918687
748,scCube,sim2,MERFISH_Animal3_Bregma0.06train_Animal3_Bregma0.01spatial,SEDR,Animal3_Bregma0.06,Animal3_Bregma0.01,0.4353090437455733,0.6044813475996567,0.5560376751214304,0.708098451766574,0.5971581565617894,0.6119920961344605,0.6044813475996568
749,scCube,sim2,MERFISH_Animal3_Bregma0.06train_Animal3_Bregma0.01spatial,STAGATE,Animal3_Bregma0.06,Animal3_Bregma0.01,0.18003762795528164,0.27256407497144797,0.33325794366351935,0.5118300913060738,0.27936502583576744,0.2660875725152566,0.27256407497144797
750,scCube,sim2,MERFISH_Animal3_Bregma0.06train_Animal3_Bregma0.01spatial,SpaGCN,Animal3_Bregma0.06,Animal3_Bregma0.01,0.6982175687045986,0.7067426442781565,0.7566146699635183,0.8576816196903533,0.7178956366198453,0.695930889086453,0.7067426442781565
751,scCube,sim2,MERFISH_Animal3_Bregma0.06train_Animal3_Bregma0.01spatial,SpaceFlow,Animal3_Bregma0.06,Animal3_Bregma0.01,0.09520593013668954,0.1800305601024453,0.24883372698187692,0.45696705041683205,0.18926292454447854,0.17166263576373436,0.1800305601024453
752,scCube,sim2,MERFISH_Animal3_Bregma0.06train_Animal3_Bregma0.01spatial,SpatialMGCN,Animal3_Bregma0.06,Animal3_Bregma0.01,0.443744805313585,0.6650305270697218,0.563016072840998,0.7669710202461294,0.6531606877342414,0.6773397710410296,0.6650305270697218
753,scCube,sim2,MERFISH_Animal3_Bregma0.06train_Animal3_Bregma0.01spatial,stLearn,Animal3_Bregma0.06,Animal3_Bregma0.01,0.56232594839603,0.6943179637011047,0.6435844562479378,0.849861055974593,0.7221812505341748,0.6685544166530933,0.6943179637011045
754,scCube,sim2,MERFISH_Animal3_Bregma0.06train_Animal3_Bregma0.06spatial,BASS,Animal3_Bregma0.06,Animal3_Bregma0.06,0.6151998040159563,0.7202907367889126,0.6843928073254073,0.8698669751301329,0.7508259181273382,0.6921421531452228,0.7202907367889128
755,scCube,sim2,MERFISH_Animal3_Bregma0.06train_Animal3_Bregma0.06spatial,Banksy,Animal3_Bregma0.06,Animal3_Bregma0.06,0.48487583330166106,0.6249040277467066,0.5886295181146943,0.7799113167534221,0.6236806310943647,0.6265783913751473,0.6249040277467067
756,scCube,sim2,MERFISH_Animal3_Bregma0.06train_Animal3_Bregma0.06spatial,CCST,Animal3_Bregma0.06,Animal3_Bregma0.06,0.11660570760256009,0.1695580370780851,0.3219218701442274,0.4490071332176595,0.15206951369243074,0.1916326370021348,0.16955803707808506
757,scCube,sim2,MERFISH_Animal3_Bregma0.06train_Animal3_Bregma0.06spatial,CellCharter,Animal3_Bregma0.06,Animal3_Bregma0.06,0.34366189926317964,0.4768090577554725,0.45332173952695304,0.6652785810680548,0.5104475979366635,0.44740281556865097,0.4768090577554724
758,scCube,sim2,MERFISH_Animal3_Bregma0.06train_Animal3_Bregma0.06spatial,DeepST,Animal3_Bregma0.06,Animal3_Bregma0.06,0.3895759591053041,0.4977252752001788,0.5523031455424918,0.6989782147676884,0.45697638447240496,0.5466827541480894,0.4977252752001789
759,scCube,sim2,MERFISH_Animal3_Bregma0.06train_Animal3_Bregma0.06spatial,GraphST,Animal3_Bregma0.06,Animal3_Bregma0.06,0.1493160006226806,0.2622353182587293,0.3772062249986469,0.5170618854829381,0.2405600238319318,0.2882034511102556,0.2622353182587292
760,scCube,sim2,MERFISH_Animal3_Bregma0.06train_Animal3_Bregma0.06spatial,PRECAST,Animal3_Bregma0.06,Animal3_Bregma0.06,0.5093345074260689,0.6961101785244321,0.6072516498119698,0.7736649315596684,0.6967250088131083,0.6954964324023636,0.696110178524432
761,scCube,sim2,MERFISH_Animal3_Bregma0.06train_Animal3_Bregma0.06spatial,SEDR,Animal3_Bregma0.06,Animal3_Bregma0.06,0.5002741746680021,0.5943186969505668,0.6012801424190494,0.7525737420474263,0.5943932454530576,0.5945430235622514,0.5943186969505667
762,scCube,sim2,MERFISH_Animal3_Bregma0.06train_Animal3_Bregma0.06spatial,STAGATE,Animal3_Bregma0.06,Animal3_Bregma0.06,0.13967313120585553,0.2831064192240408,0.32806404933739025,0.5039907460960092,0.2736855888498374,0.2932862931145502,0.2831064192240408
763,scCube,sim2,MERFISH_Animal3_Bregma0.06train_Animal3_Bregma0.06spatial,SpaGCN,Animal3_Bregma0.06,Animal3_Bregma0.06,0.7137210415833166,0.7343534264943651,0.7667194020640035,0.8773857721226144,0.7429125142195113,0.7259893108280357,0.7343534264943651
764,scCube,sim2,MERFISH_Animal3_Bregma0.06train_Animal3_Bregma0.06spatial,SpaceFlow,Animal3_Bregma0.06,Animal3_Bregma0.06,0.1119372901709768,0.19173245762984986,0.26747003805316194,0.4827067669172932,0.1984819260713171,0.18548695277432722,0.19173245762984986
765,scCube,sim2,MERFISH_Animal3_Bregma0.06train_Animal3_Bregma0.06spatial,SpatialMGCN,Animal3_Bregma0.06,Animal3_Bregma0.06,0.48567210104261244,0.6661830669335728,0.6264285525683044,0.7671100828995566,0.6208006776353587,0.7187239400692276,0.6661830669335728
766,scCube,sim2,MERFISH_Animal3_Bregma0.06train_Animal3_Bregma0.06spatial,stLearn,Animal3_Bregma0.06,Animal3_Bregma0.06,0.6006928301404331,0.7116351435341481,0.6723190562917921,0.8690572585309427,0.740922599742731,0.6845970617834375,0.7116351435341481
767,scCube,sim2,MERFISH_Animal3_Bregma0.06train_Animal3_Bregma0.11spatial,BASS,Animal3_Bregma0.06,Animal3_Bregma0.11,0.6955346840627276,0.7616660093521176,0.7532586728758641,0.9119211822660098,0.8037370103333968,0.7237802823334617,0.7616660093521176
768,scCube,sim2,MERFISH_Animal3_Bregma0.06train_Animal3_Bregma0.11spatial,Banksy,Animal3_Bregma0.06,Animal3_Bregma0.11,0.5718919266038137,0.6767138722311961,0.6533218375786609,0.8459507389162562,0.7082864064590348,0.6481083813381525,0.6767138722311961
769,scCube,sim2,MERFISH_Animal3_Bregma0.06train_Animal3_Bregma0.11spatial,CCST,Animal3_Bregma0.06,Animal3_Bregma0.11,0.17639581846979335,0.20536306949651242,0.3815493725534546,0.47877832512315266,0.18374037810848548,0.23305777310224376,0.20536306949651242
770,scCube,sim2,MERFISH_Animal3_Bregma0.06train_Animal3_Bregma0.11spatial,CellCharter,Animal3_Bregma0.06,Animal3_Bregma0.11,0.3844026616493815,0.5017984066608033,0.4915045057378589,0.7420689655172413,0.551223205457201,0.46056620093439127,0.5017984066608033
771,scCube,sim2,MERFISH_Animal3_Bregma0.06train_Animal3_Bregma0.11spatial,DeepST,Animal3_Bregma0.06,Animal3_Bregma0.11,0.47647118602404903,0.5282904889532505,0.6073498964721139,0.7511724137931035,0.5013238845382696,0.5593993772495729,0.5282904889532505
772,scCube,sim2,MERFISH_Animal3_Bregma0.06train_Animal3_Bregma0.11spatial,GraphST,Animal3_Bregma0.06,Animal3_Bregma0.11,0.1609116024164144,0.2645122753531668,0.3493870625021656,0.5678817733990148,0.2649886665938259,0.2640375939316156,0.2645122753531668
773,scCube,sim2,MERFISH_Animal3_Bregma0.06train_Animal3_Bregma0.11spatial,PRECAST,Animal3_Bregma0.06,Animal3_Bregma0.11,0.600447397946411,0.7298161184181226,0.6927767687989469,0.8216748768472908,0.7244168576834311,0.7352964676174214,0.7298161184181226
774,scCube,sim2,MERFISH_Animal3_Bregma0.06train_Animal3_Bregma0.11spatial,SEDR,Animal3_Bregma0.06,Animal3_Bregma0.11,0.4916244621052209,0.6311281685093189,0.5916351771973356,0.7918817733990148,0.653330243540666,0.6104703797206724,0.631128168509319
775,scCube,sim2,MERFISH_Animal3_Bregma0.06train_Animal3_Bregma0.11spatial,STAGATE,Animal3_Bregma0.06,Animal3_Bregma0.11,0.2093445702870503,0.30218007525292834,0.3526885186049371,0.5873103448275863,0.3208387844815599,0.2855830629067314,0.30218007525292834
776,scCube,sim2,MERFISH_Animal3_Bregma0.06train_Animal3_Bregma0.11spatial,SpaGCN,Animal3_Bregma0.06,Animal3_Bregma0.11,0.7020591360727083,0.7183164191114649,0.7585130325116093,0.8941871921182265,0.7602588104102486,0.6807598706264603,0.7183164191114647
777,scCube,sim2,MERFISH_Animal3_Bregma0.06train_Animal3_Bregma0.11spatial,SpaceFlow,Animal3_Bregma0.06,Animal3_Bregma0.11,0.21249794107790465,0.23887688638744414,0.34516180944407066,0.5666600985221675,0.25939667271573014,0.2213719916141713,0.23887688638744414
778,scCube,sim2,MERFISH_Animal3_Bregma0.06train_Animal3_Bregma0.11spatial,SpatialMGCN,Animal3_Bregma0.06,Animal3_Bregma0.11,0.46866253775779165,0.6634578225422388,0.6157214411387477,0.7576354679802956,0.6296700632964902,0.7010772534690831,0.6634578225422387
779,scCube,sim2,MERFISH_Animal3_Bregma0.06train_Animal3_Bregma0.11spatial,stLearn,Animal3_Bregma0.06,Animal3_Bregma0.11,0.6908277745239343,0.7549617110344222,0.7496779864568578,0.9120394088669951,0.7994782969683688,0.7151548513257837,0.7549617110344223
780,scCube,sim2,MERFISH_Animal3_Bregma0.06train_Animal3_Bregma0.16spatial,BASS,Animal3_Bregma0.06,Animal3_Bregma0.16,0.7429376265589297,0.7952454270090277,0.796681424182652,0.9289831206257719,0.8423935285867771,0.7530952781003954,0.7952454270090278
781,scCube,sim2,MERFISH_Animal3_Bregma0.06train_Animal3_Bregma0.16spatial,Banksy,Animal3_Bregma0.06,Animal3_Bregma0.16,0.5416625521698981,0.6403963516600415,0.6354132373492425,0.8070811033347056,0.6626570596575961,0.6196250544528722,0.6403963516600415
782,scCube,sim2,MERFISH_Animal3_Bregma0.06train_Animal3_Bregma0.16spatial,CCST,Animal3_Bregma0.06,Animal3_Bregma0.16,0.1738887751003508,0.21484368883152535,0.4019964015622645,0.5103334705640181,0.1776703277772414,0.27177485883380675,0.21484368883152535
783,scCube,sim2,MERFISH_Animal3_Bregma0.06train_Animal3_Bregma0.16spatial,CellCharter,Animal3_Bregma0.06,Animal3_Bregma0.16,0.3496316349336207,0.49102459627880385,0.4690954515011011,0.7065047344586249,0.5378475232761114,0.45171054050197357,0.49102459627880385
784,scCube,sim2,MERFISH_Animal3_Bregma0.06train_Animal3_Bregma0.16spatial,DeepST,Animal3_Bregma0.06,Animal3_Bregma0.16,0.4668663331804043,0.5465574061856088,0.6024815420272328,0.7749279538904899,0.529216839330857,0.5671873941835422,0.5465574061856087
785,scCube,sim2,MERFISH_Animal3_Bregma0.06train_Animal3_Bregma0.16spatial,GraphST,Animal3_Bregma0.06,Animal3_Bregma0.16,0.1914393751191813,0.2790903282308816,0.3434718208000397,0.5858377933305887,0.2991408533803093,0.261558815722833,0.2790903282308816
786,scCube,sim2,MERFISH_Animal3_Bregma0.06train_Animal3_Bregma0.16spatial,PRECAST,Animal3_Bregma0.06,Animal3_Bregma0.16,0.6304599557591578,0.7479233446979817,0.7159415521350366,0.8587896253602306,0.7542647466787747,0.7416876830642865,0.7479233446979817
787,scCube,sim2,MERFISH_Animal3_Bregma0.06train_Animal3_Bregma0.16spatial,SEDR,Animal3_Bregma0.06,Animal3_Bregma0.16,0.5175970137970168,0.6585892351078784,0.6113032001629441,0.8251132153149443,0.7098672533539959,0.6144988027813005,0.6585892351078784
788,scCube,sim2,MERFISH_Animal3_Bregma0.06train_Animal3_Bregma0.16spatial,STAGATE,Animal3_Bregma0.06,Animal3_Bregma0.16,0.20108997808317,0.28912423135421317,0.3429600579162439,0.5914779744750926,0.3171326687414986,0.2657345086946594,0.28912423135421317
789,scCube,sim2,MERFISH_Animal3_Bregma0.06train_Animal3_Bregma0.16spatial,SpaGCN,Animal3_Bregma0.06,Animal3_Bregma0.16,0.5708247665345808,0.6946223913619679,0.6582011352128669,0.899752984767394,0.760854564324227,0.6389978138006326,0.694622391361968
790,scCube,sim2,MERFISH_Animal3_Bregma0.06train_Animal3_Bregma0.16spatial,SpaceFlow,Animal3_Bregma0.06,Animal3_Bregma0.16,0.2273461317198829,0.23094562866431828,0.36587984451187083,0.5581309180732812,0.2502868134355003,0.21440718317020382,0.23094562866431828
791,scCube,sim2,MERFISH_Animal3_Bregma0.06train_Animal3_Bregma0.16spatial,SpatialMGCN,Animal3_Bregma0.06,Animal3_Bregma0.16,0.526121982661913,0.6823712847911362,0.6499868725769672,0.8205022643062989,0.6649042146049587,0.700780835783424,0.6823712847911361
792,scCube,sim2,MERFISH_Animal3_Bregma0.06train_Animal3_Bregma0.16spatial,stLearn,Animal3_Bregma0.06,Animal3_Bregma0.16,0.6890464423574756,0.7602455565288418,0.7533483764239752,0.9075751337999177,0.8125456271865132,0.714316224986867,0.7602455565288418
793,scCube,sim2,MERFISH_Animal3_Bregma0.06train_Animal3_Bregma0.21spatial,BASS,Animal3_Bregma0.06,Animal3_Bregma0.21,0.7287642781580075,0.7911289581120933,0.7871928135424253,0.9349402730375427,0.8413885383093719,0.7465353471445536,0.7911289581120932
794,scCube,sim2,MERFISH_Animal3_Bregma0.06train_Animal3_Bregma0.21spatial,Banksy,Animal3_Bregma0.06,Animal3_Bregma0.21,0.5411188701708329,0.6663349039279234,0.6352935538538208,0.823037542662116,0.7057664557621489,0.6311232227068306,0.6663349039279234
795,scCube,sim2,MERFISH_Animal3_Bregma0.06train_Animal3_Bregma0.21spatial,CCST,Animal3_Bregma0.06,Animal3_Bregma0.21,0.134336788072882,0.17275613004189613,0.3753744103597306,0.49547781569965865,0.1482824723097295,0.2070133584552901,0.17275613004189616
796,scCube,sim2,MERFISH_Animal3_Bregma0.06train_Animal3_Bregma0.21spatial,CellCharter,Animal3_Bregma0.06,Animal3_Bregma0.21,0.3731408602976281,0.5192568318967974,0.49233256342513176,0.7520051194539249,0.5775149305924838,0.47172894258692166,0.5192568318967974
797,scCube,sim2,MERFISH_Animal3_Bregma0.06train_Animal3_Bregma0.21spatial,DeepST,Animal3_Bregma0.06,Animal3_Bregma0.21,0.5432357349327425,0.5720349577362429,0.6573429631345207,0.795179180887372,0.5568780019074557,0.5903056584997921,0.5720349577362429
798,scCube,sim2,MERFISH_Animal3_Bregma0.06train_Animal3_Bregma0.21spatial,GraphST,Animal3_Bregma0.06,Animal3_Bregma0.21,0.0936939083536166,0.2196812626331786,0.2925502109514928,0.5266638225255973,0.2280966864556145,0.21186470335114999,0.2196812626331786
799,scCube,sim2,MERFISH_Animal3_Bregma0.06train_Animal3_Bregma0.21spatial,PRECAST,Animal3_Bregma0.06,Animal3_Bregma0.21,0.44955461204749014,0.6639425726545942,0.5683967865510761,0.8193259385665529,0.6916317469205819,0.6383851044156396,0.6639425726545941
800,scCube,sim2,MERFISH_Animal3_Bregma0.06train_Animal3_Bregma0.21spatial,SEDR,Animal3_Bregma0.06,Animal3_Bregma0.21,0.5871308774613186,0.6689906941857257,0.6720107105675804,0.8705631399317406,0.7298762383948304,0.617486681441644,0.6689906941857258
801,scCube,sim2,MERFISH_Animal3_Bregma0.06train_Animal3_Bregma0.21spatial,STAGATE,Animal3_Bregma0.06,Animal3_Bregma0.21,0.18301320795381115,0.2606802280089219,0.3353839462913363,0.5540955631399317,0.2848386885139351,0.24051244761447022,0.2606802280089218
802,scCube,sim2,MERFISH_Animal3_Bregma0.06train_Animal3_Bregma0.21spatial,SpaGCN,Animal3_Bregma0.06,Animal3_Bregma0.21,0.5820106400696501,0.6806938062291759,0.6697170784474484,0.8882252559726961,0.7454222138309249,0.6263085783765183,0.680693806229176
803,scCube,sim2,MERFISH_Animal3_Bregma0.06train_Animal3_Bregma0.21spatial,SpaceFlow,Animal3_Bregma0.06,Animal3_Bregma0.21,0.15676220272611946,0.17693277431481938,0.3050460557152582,0.5199232081911263,0.19630195480282556,0.16104630431585126,0.17693277431481932
804,scCube,sim2,MERFISH_Animal3_Bregma0.06train_Animal3_Bregma0.21spatial,SpatialMGCN,Animal3_Bregma0.06,Animal3_Bregma0.21,0.5345843407116534,0.6798199410897535,0.6625059119114947,0.8216723549488055,0.6629391006042552,0.6975829397120256,0.6798199410897535
805,scCube,sim2,MERFISH_Animal3_Bregma0.06train_Animal3_Bregma0.21spatial,stLearn,Animal3_Bregma0.06,Animal3_Bregma0.21,0.6401327137814494,0.7406086164610916,0.7165682685568319,0.9087883959044369,0.8018266506168565,0.6880820002976563,0.7406086164610916
806,scCube,sim2,MERFISH_Animal3_Bregma0.11train_Animal3_Bregma0.01spatial,BASS,Animal3_Bregma0.11,Animal3_Bregma0.01,0.5835345503768161,0.7164020903644626,0.6613138544125675,0.870980547836443,0.7450955722647471,0.6898366197073723,0.7164020903644625
807,scCube,sim2,MERFISH_Animal3_Bregma0.11train_Animal3_Bregma0.01spatial,Banksy,Animal3_Bregma0.11,Animal3_Bregma0.01,0.5304528062413743,0.6818314899793152,0.6187145333261874,0.7680031758634378,0.6967165501754394,0.6675783494338784,0.6818314899793152
808,scCube,sim2,MERFISH_Animal3_Bregma0.11train_Animal3_Bregma0.01spatial,CCST,Animal3_Bregma0.11,Animal3_Bregma0.01,0.07948392351762235,0.14833147962441134,0.314625983871749,0.4053989678443827,0.12977965051977997,0.17366049663431798,0.14833147962441134
809,scCube,sim2,MERFISH_Animal3_Bregma0.11train_Animal3_Bregma0.01spatial,CellCharter,Animal3_Bregma0.11,Animal3_Bregma0.01,0.34874843674991435,0.5003522100468228,0.4680554211540354,0.675426756649464,0.5183979881862981,0.4836209085352598,0.500352210046823
810,scCube,sim2,MERFISH_Animal3_Bregma0.11train_Animal3_Bregma0.01spatial,DeepST,Animal3_Bregma0.11,Animal3_Bregma0.01,0.3599156048647287,0.5008874230330849,0.5655014943480782,0.6571258435887256,0.43239814306341307,0.5951606328443799,0.5008874230330849
811,scCube,sim2,MERFISH_Animal3_Bregma0.11train_Animal3_Bregma0.01spatial,GraphST,Animal3_Bregma0.11,Animal3_Bregma0.01,0.1019108332222978,0.2318055210664466,0.3067251784491708,0.5113140134974196,0.22437093735524058,0.2397496831312155,0.2318055210664466
812,scCube,sim2,MERFISH_Animal3_Bregma0.11train_Animal3_Bregma0.01spatial,PRECAST,Animal3_Bregma0.11,Animal3_Bregma0.01,0.5319262836052664,0.6894743719475929,0.6710352207135872,0.7794759825327511,0.6244509585100348,0.7696133953772327,0.6894743719475929
813,scCube,sim2,MERFISH_Animal3_Bregma0.11train_Animal3_Bregma0.01spatial,SEDR,Animal3_Bregma0.11,Animal3_Bregma0.01,0.4948220642781892,0.6201895073938101,0.5969731587607287,0.7826518459706232,0.6244454482248727,0.6163968457981066,0.6201895073938101
814,scCube,sim2,MERFISH_Animal3_Bregma0.11train_Animal3_Bregma0.01spatial,STAGATE,Animal3_Bregma0.11,Animal3_Bregma0.01,0.16770563245891584,0.26213185870237526,0.318731213107046,0.5141325922985311,0.27229132547229024,0.2527151557608172,0.2621318587023752
815,scCube,sim2,MERFISH_Animal3_Bregma0.11train_Animal3_Bregma0.01spatial,SpaGCN,Animal3_Bregma0.11,Animal3_Bregma0.01,0.6417061078620491,0.6850247433107297,0.7094553317185853,0.8586740770146883,0.7106924069231985,0.6611465003409192,0.6850247433107298
816,scCube,sim2,MERFISH_Animal3_Bregma0.11train_Animal3_Bregma0.01spatial,SpaceFlow,Animal3_Bregma0.11,Animal3_Bregma0.01,0.10636140977369908,0.18271304569580277,0.25929688569081283,0.4648273124255657,0.19206400572779797,0.1742435618782998,0.18271304569580282
817,scCube,sim2,MERFISH_Animal3_Bregma0.11train_Animal3_Bregma0.01spatial,SpatialMGCN,Animal3_Bregma0.11,Animal3_Bregma0.01,0.5602779627013558,0.6701862369646903,0.6758173137139613,0.8201667328304882,0.6254025401768377,0.7218783540383193,0.6701862369646902
818,scCube,sim2,MERFISH_Animal3_Bregma0.11train_Animal3_Bregma0.01spatial,stLearn,Animal3_Bregma0.11,Animal3_Bregma0.01,0.5814237159497507,0.710031406883405,0.6596082496864071,0.8733624454148472,0.7423619231502587,0.680420679289235,0.710031406883405
819,scCube,sim2,MERFISH_Animal3_Bregma0.11train_Animal3_Bregma0.06spatial,BASS,Animal3_Bregma0.11,Animal3_Bregma0.06,0.602618355237542,0.7163772881642348,0.6740856036672594,0.8692886061307113,0.7569963809972617,0.6798953033906967,0.7163772881642348
820,scCube,sim2,MERFISH_Animal3_Bregma0.11train_Animal3_Bregma0.06spatial,Banksy,Animal3_Bregma0.11,Animal3_Bregma0.06,0.5229391383731828,0.6548612450888794,0.6089537326541288,0.8161943319838058,0.6777035273869869,0.6335605747735858,0.6548612450888794
821,scCube,sim2,MERFISH_Animal3_Bregma0.11train_Animal3_Bregma0.06spatial,CCST,Animal3_Bregma0.11,Animal3_Bregma0.06,0.10888244464620822,0.17620100894153468,0.35155828149213103,0.4337381916329285,0.15064438795202922,0.21223747926654024,0.17620100894153468
822,scCube,sim2,MERFISH_Animal3_Bregma0.11train_Animal3_Bregma0.06spatial,CellCharter,Animal3_Bregma0.11,Animal3_Bregma0.06,0.34823346541759487,0.4842380182523951,0.461766335996741,0.6904954694428379,0.5076298362244376,0.46299143983263535,0.4842380182523951
823,scCube,sim2,MERFISH_Animal3_Bregma0.11train_Animal3_Bregma0.06spatial,DeepST,Animal3_Bregma0.11,Animal3_Bregma0.06,0.35322303586129133,0.4883944462809029,0.5495335437208864,0.6539425486793908,0.4226493252139548,0.5783741188346119,0.4883944462809029
824,scCube,sim2,MERFISH_Animal3_Bregma0.11train_Animal3_Bregma0.06spatial,GraphST,Animal3_Bregma0.11,Animal3_Bregma0.06,0.2071801832902394,0.2771367926717272,0.3901819676757731,0.5386543281280124,0.2663255516148179,0.2888629173837664,0.2771367926717272
825,scCube,sim2,MERFISH_Animal3_Bregma0.11train_Animal3_Bregma0.06spatial,PRECAST,Animal3_Bregma0.11,Animal3_Bregma0.06,0.5870949694225879,0.6955574653350556,0.6621351298183306,0.8671679197994987,0.7414799489454312,0.6549915171219611,0.6955574653350557
826,scCube,sim2,MERFISH_Animal3_Bregma0.11train_Animal3_Bregma0.06spatial,SEDR,Animal3_Bregma0.11,Animal3_Bregma0.06,0.5324806004093452,0.6417261025974378,0.61784988767352,0.8080971659919027,0.6620025151577806,0.6227366736878832,0.6417261025974377
827,scCube,sim2,MERFISH_Animal3_Bregma0.11train_Animal3_Bregma0.06spatial,STAGATE,Animal3_Bregma0.11,Animal3_Bregma0.06,0.2540888629628591,0.30704295232671974,0.408875965260453,0.5806824754193175,0.3045826791200835,0.3095432972127748,0.30704295232671974
828,scCube,sim2,MERFISH_Animal3_Bregma0.11train_Animal3_Bregma0.06spatial,SpaGCN,Animal3_Bregma0.11,Animal3_Bregma0.06,0.5391751954224371,0.6880446462289816,0.62342286301364,0.7991131675342201,0.7009518365690254,0.6756042022805763,0.6880446462289816
829,scCube,sim2,MERFISH_Animal3_Bregma0.11train_Animal3_Bregma0.06spatial,SpaceFlow,Animal3_Bregma0.11,Animal3_Bregma0.06,0.13049956718066577,0.22028979602552132,0.2749857037039031,0.49196067090803935,0.23241359335509806,0.20937588625067222,0.22028979602552132
830,scCube,sim2,MERFISH_Animal3_Bregma0.11train_Animal3_Bregma0.06spatial,SpatialMGCN,Animal3_Bregma0.11,Animal3_Bregma0.06,0.5839995115471087,0.6932344901916826,0.6874155968641055,0.7526508579140158,0.6570976519095113,0.7335772978438164,0.6932344901916826
831,scCube,sim2,MERFISH_Animal3_Bregma0.11train_Animal3_Bregma0.06spatial,stLearn,Animal3_Bregma0.11,Animal3_Bregma0.06,0.6089484498596047,0.7172274999050595,0.6793845736624166,0.8787738577212261,0.7539168660571754,0.6839564107833537,0.7172274999050595
832,scCube,sim2,MERFISH_Animal3_Bregma0.11train_Animal3_Bregma0.11spatial,BASS,Animal3_Bregma0.11,Animal3_Bregma0.11,0.6803507480676088,0.747223623385086,0.7413280926127621,0.904630541871921,0.8000992871565644,0.7009034529870825,0.7472236233850859
833,scCube,sim2,MERFISH_Animal3_Bregma0.11train_Animal3_Bregma0.11spatial,Banksy,Animal3_Bregma0.11,Animal3_Bregma0.11,0.5129247374740344,0.6638450470202719,0.6037914525659301,0.8220295566502462,0.7020379769095852,0.6297523836837656,0.6638450470202718
834,scCube,sim2,MERFISH_Animal3_Bregma0.11train_Animal3_Bregma0.11spatial,CCST,Animal3_Bregma0.11,Animal3_Bregma0.11,0.18389234450004077,0.23604508571673993,0.41797133153455607,0.5313891625615763,0.20143291333304006,0.28640177082708246,0.23604508571673993
835,scCube,sim2,MERFISH_Animal3_Bregma0.11train_Animal3_Bregma0.11spatial,CellCharter,Animal3_Bregma0.11,Animal3_Bregma0.11,0.335911691561008,0.44991507200162106,0.4495604221412113,0.690128078817734,0.4929899306138726,0.4137898442928467,0.4499150720016211
836,scCube,sim2,MERFISH_Animal3_Bregma0.11train_Animal3_Bregma0.11spatial,DeepST,Animal3_Bregma0.11,Animal3_Bregma0.11,0.5199290107926912,0.5233669132551524,0.6276508544162607,0.7733990147783251,0.5119545371687013,0.5354297255641429,0.5233669132551524
837,scCube,sim2,MERFISH_Animal3_Bregma0.11train_Animal3_Bregma0.11spatial,GraphST,Animal3_Bregma0.11,Animal3_Bregma0.11,0.1889242999775195,0.2542124568907785,0.3388003757115794,0.5641379310344827,0.266126178735535,0.2433197163361029,0.2542124568907785
838,scCube,sim2,MERFISH_Animal3_Bregma0.11train_Animal3_Bregma0.11spatial,PRECAST,Animal3_Bregma0.11,Animal3_Bregma0.11,0.6045464608164967,0.7004980737457355,0.691088070929844,0.8191133004926108,0.7072938635036519,0.6938316312153635,0.7004980737457354
839,scCube,sim2,MERFISH_Animal3_Bregma0.11train_Animal3_Bregma0.11spatial,SEDR,Animal3_Bregma0.11,Animal3_Bregma0.11,0.4927067238260735,0.6054610074935661,0.585719109178929,0.8257733990147784,0.646848553670394,0.5692871172257371,0.6054610074935661
840,scCube,sim2,MERFISH_Animal3_Bregma0.11train_Animal3_Bregma0.11spatial,STAGATE,Animal3_Bregma0.11,Animal3_Bregma0.11,0.1747276210446646,0.21819731137410173,0.32856255311705107,0.5377339901477832,0.22945446929885405,0.20799306316242885,0.21819731137410175
841,scCube,sim2,MERFISH_Animal3_Bregma0.11train_Animal3_Bregma0.11spatial,SpaGCN,Animal3_Bregma0.11,Animal3_Bregma0.11,0.6383644630702462,0.6854681507687242,0.706326996026457,0.8847290640394089,0.7305827501700884,0.6456012864028607,0.6854681507687242
842,scCube,sim2,MERFISH_Animal3_Bregma0.11train_Animal3_Bregma0.11spatial,SpaceFlow,Animal3_Bregma0.11,Animal3_Bregma0.11,0.22201465121368424,0.23424720498839274,0.35714390095132725,0.5556256157635467,0.25180172327345124,0.21899050679614868,0.23424720498839274
843,scCube,sim2,MERFISH_Animal3_Bregma0.11train_Animal3_Bregma0.11spatial,SpatialMGCN,Animal3_Bregma0.11,Animal3_Bregma0.11,0.5600111553249685,0.6747038060216578,0.6561906797629771,0.8518226600985221,0.6813754498455469,0.6681615452929737,0.6747038060216578
844,scCube,sim2,MERFISH_Animal3_Bregma0.11train_Animal3_Bregma0.11spatial,stLearn,Animal3_Bregma0.11,Animal3_Bregma0.11,0.6554317066267596,0.7257633781594143,0.7213788940655828,0.9039999999999999,0.7814498220212711,0.6776081806415724,0.7257633781594143
845,scCube,sim2,MERFISH_Animal3_Bregma0.11train_Animal3_Bregma0.16spatial,BASS,Animal3_Bregma0.11,Animal3_Bregma0.16,0.7329684503250976,0.7694013902595433,0.7883016192299894,0.9203375874845616,0.81638927821907,0.7275279799614293,0.7694013902595435
846,scCube,sim2,MERFISH_Animal3_Bregma0.11train_Animal3_Bregma0.16spatial,Banksy,Animal3_Bregma0.11,Animal3_Bregma0.16,0.6104552279274513,0.6838661015401291,0.6877316268369609,0.8528200905722519,0.7247695432740946,0.6474418463394913,0.6838661015401291
847,scCube,sim2,MERFISH_Animal3_Bregma0.11train_Animal3_Bregma0.16spatial,CCST,Animal3_Bregma0.11,Animal3_Bregma0.16,0.18087259720087073,0.2342440331986427,0.4050351556638871,0.5172087278715521,0.19934914457149583,0.28427038801237675,0.2342440331986427
848,scCube,sim2,MERFISH_Animal3_Bregma0.11train_Animal3_Bregma0.16spatial,CellCharter,Animal3_Bregma0.11,Animal3_Bregma0.16,0.34495012452711843,0.4748675862613346,0.46689930322520634,0.708974886784685,0.5190611173950676,0.4377199479690222,0.4748675862613346
849,scCube,sim2,MERFISH_Animal3_Bregma0.11train_Animal3_Bregma0.16spatial,DeepST,Animal3_Bregma0.11,Animal3_Bregma0.16,0.4809714905431285,0.5334234658226731,0.6207047577543092,0.7601070399341292,0.5005481242291343,0.5722541800755151,0.5334234658226731
850,scCube,sim2,MERFISH_Animal3_Bregma0.11train_Animal3_Bregma0.16spatial,GraphST,Animal3_Bregma0.11,Animal3_Bregma0.16,0.221681914148683,0.2706636680297815,0.3694815378238139,0.5893371757925072,0.288303502983732,0.2550579599131737,0.2706636680297816
851,scCube,sim2,MERFISH_Animal3_Bregma0.11train_Animal3_Bregma0.16spatial,PRECAST,Animal3_Bregma0.11,Animal3_Bregma0.16,0.6703038904041864,0.7204309347155102,0.7415558449282402,0.8657883902840675,0.7359922233436621,0.7055140545024912,0.7204309347155102
852,scCube,sim2,MERFISH_Animal3_Bregma0.11train_Animal3_Bregma0.16spatial,SEDR,Animal3_Bregma0.11,Animal3_Bregma0.16,0.5575003995578294,0.634870302927368,0.6453205692313195,0.8317414573898724,0.6805672144482898,0.595214634216744,0.6348703029273679
853,scCube,sim2,MERFISH_Animal3_Bregma0.11train_Animal3_Bregma0.16spatial,STAGATE,Animal3_Bregma0.11,Animal3_Bregma0.16,0.2407717589813288,0.28896370933811255,0.3827203188086973,0.6128036228900783,0.31051146835037324,0.27022252999872964,0.28896370933811255
854,scCube,sim2,MERFISH_Animal3_Bregma0.11train_Animal3_Bregma0.16spatial,SpaGCN,Animal3_Bregma0.11,Animal3_Bregma0.16,0.6277323551704448,0.6847473464380278,0.7035963049842386,0.8746397694524497,0.7395096182749237,0.6375364092362173,0.6847473464380278
855,scCube,sim2,MERFISH_Animal3_Bregma0.11train_Animal3_Bregma0.16spatial,SpaceFlow,Animal3_Bregma0.11,Animal3_Bregma0.16,0.20221764801577596,0.22361186365033245,0.34238975980852504,0.5483326471799094,0.24668762811527775,0.20453361652369012,0.22361186365033245
856,scCube,sim2,MERFISH_Animal3_Bregma0.11train_Animal3_Bregma0.16spatial,SpatialMGCN,Animal3_Bregma0.11,Animal3_Bregma0.16,0.5655604649274649,0.6794575425357647,0.6709835510313129,0.8466447097571017,0.675515895100257,0.6834454591203942,0.6794575425357645
857,scCube,sim2,MERFISH_Animal3_Bregma0.11train_Animal3_Bregma0.16spatial,stLearn,Animal3_Bregma0.11,Animal3_Bregma0.16,0.6828490272378434,0.7419294319916798,0.7478862228880567,0.9149855907780979,0.7927541912697612,0.69734069499467,0.7419294319916798
858,scCube,sim2,MERFISH_Animal3_Bregma0.11train_Animal3_Bregma0.21spatial,BASS,Animal3_Bregma0.11,Animal3_Bregma0.21,0.7007745512796263,0.7548744814156131,0.7645856607385995,0.91339590443686,0.8087361445982711,0.7077391946151655,0.7548744814156131
859,scCube,sim2,MERFISH_Animal3_Bregma0.11train_Animal3_Bregma0.21spatial,Banksy,Animal3_Bregma0.11,Animal3_Bregma0.21,0.5447497688637719,0.682312183908423,0.6381169974761681,0.8800767918088738,0.7492715957716435,0.626352604862445,0.682312183908423
860,scCube,sim2,MERFISH_Animal3_Bregma0.11train_Animal3_Bregma0.21spatial,CCST,Animal3_Bregma0.11,Animal3_Bregma0.21,0.11829608715699387,0.1750632971834619,0.36639014269912235,0.49432593856655294,0.1479607675415174,0.21434088274140511,0.1750632971834619
861,scCube,sim2,MERFISH_Animal3_Bregma0.11train_Animal3_Bregma0.21spatial,CellCharter,Animal3_Bregma0.11,Animal3_Bregma0.21,0.37854177654140464,0.5427533256929855,0.49789677690254164,0.7838737201365188,0.6032434934649925,0.49343908272507536,0.5427533256929855
862,scCube,sim2,MERFISH_Animal3_Bregma0.11train_Animal3_Bregma0.21spatial,DeepST,Animal3_Bregma0.11,Animal3_Bregma0.21,0.570441265909063,0.5850194548358268,0.6717377532920737,0.8214590443686006,0.5822842276393,0.587985932890191,0.5850194548358268
863,scCube,sim2,MERFISH_Animal3_Bregma0.11train_Animal3_Bregma0.21spatial,GraphST,Animal3_Bregma0.11,Animal3_Bregma0.21,0.1512835344577222,0.2271654368980099,0.3200264371339772,0.5539675767918089,0.2408939276479619,0.21491734570955287,0.2271654368980099
864,scCube,sim2,MERFISH_Animal3_Bregma0.11train_Animal3_Bregma0.21spatial,PRECAST,Animal3_Bregma0.11,Animal3_Bregma0.21,0.6651670033742197,0.7023708863306091,0.7385648307078042,0.8434300341296929,0.7275068228063184,0.6789138746694123,0.7023708863306091
865,scCube,sim2,MERFISH_Animal3_Bregma0.11train_Animal3_Bregma0.21spatial,SEDR,Animal3_Bregma0.11,Animal3_Bregma0.21,0.5086592499900794,0.6334750578873756,0.6096855516290607,0.8311006825938566,0.673120567139217,0.598404365976494,0.6334750578873756
866,scCube,sim2,MERFISH_Animal3_Bregma0.11train_Animal3_Bregma0.21spatial,STAGATE,Animal3_Bregma0.11,Animal3_Bregma0.21,0.13105716211186802,0.22685416496966132,0.2900182466357607,0.5688566552901024,0.2499623796171882,0.20783427319523887,0.22685416496966132
867,scCube,sim2,MERFISH_Animal3_Bregma0.11train_Animal3_Bregma0.21spatial,SpaGCN,Animal3_Bregma0.11,Animal3_Bregma0.21,0.5323198437737493,0.6701881418659965,0.6268478869417908,0.865401023890785,0.7204487380254498,0.6264828770467954,0.6701881418659964
868,scCube,sim2,MERFISH_Animal3_Bregma0.11train_Animal3_Bregma0.21spatial,SpaceFlow,Animal3_Bregma0.11,Animal3_Bregma0.21,0.15768520131282865,0.18150276246743252,0.307179889978639,0.524146757679181,0.20027261742856806,0.1659745060006714,0.18150276246743252
869,scCube,sim2,MERFISH_Animal3_Bregma0.11train_Animal3_Bregma0.21spatial,SpatialMGCN,Animal3_Bregma0.11,Animal3_Bregma0.21,0.6074298850654621,0.6929441157807648,0.709642742010902,0.8517491467576793,0.6806185734726341,0.705724305933793,0.6929441157807646
870,scCube,sim2,MERFISH_Animal3_Bregma0.11train_Animal3_Bregma0.21spatial,stLearn,Animal3_Bregma0.11,Animal3_Bregma0.21,0.6685730994465877,0.736941742157103,0.7389740193892924,0.9090870307167236,0.792304372392761,0.6888247860488335,0.736941742157103
871,scCube,sim2,MERFISH_Animal3_Bregma0.16train_Animal3_Bregma0.01spatial,BASS,Animal3_Bregma0.16,Animal3_Bregma0.01,0.6528205247665333,0.7800836214880854,0.7196533733149711,0.9128622469233821,0.8132494438262257,0.7495169294240238,0.7800836214880853
872,scCube,sim2,MERFISH_Animal3_Bregma0.16train_Animal3_Bregma0.01spatial,Banksy,Animal3_Bregma0.16,Animal3_Bregma0.01,0.6265978168321734,0.736340501167838,0.7003457786323263,0.8272727272727274,0.7469187613139183,0.7265638141901334,0.736340501167838
873,scCube,sim2,MERFISH_Animal3_Bregma0.16train_Animal3_Bregma0.01spatial,CCST,Animal3_Bregma0.16,Animal3_Bregma0.01,0.10452897548032376,0.1656016191824674,0.3461807089276423,0.4190948789202064,0.14244081374189332,0.19865253711460729,0.1656016191824674
874,scCube,sim2,MERFISH_Animal3_Bregma0.16train_Animal3_Bregma0.01spatial,CellCharter,Animal3_Bregma0.16,Animal3_Bregma0.01,0.37597518521948664,0.5202310024652281,0.491716826579065,0.6711790393013101,0.5412061006041535,0.5013447290897843,0.5202310024652281
875,scCube,sim2,MERFISH_Animal3_Bregma0.16train_Animal3_Bregma0.01spatial,DeepST,Animal3_Bregma0.16,Animal3_Bregma0.01,0.5222895983833755,0.6047850794384925,0.6145311219677809,0.8175863437872172,0.6165237168355675,0.5949045964611324,0.6047850794384924
876,scCube,sim2,MERFISH_Animal3_Bregma0.16train_Animal3_Bregma0.01spatial,GraphST,Animal3_Bregma0.16,Animal3_Bregma0.01,0.1881444637074806,0.272494238099598,0.3334556657894807,0.556173084557364,0.2839101187786591,0.2619609233437394,0.272494238099598
877,scCube,sim2,MERFISH_Animal3_Bregma0.16train_Animal3_Bregma0.01spatial,PRECAST,Animal3_Bregma0.16,Animal3_Bregma0.01,0.7895314835169134,0.779348246430987,0.8304206068760596,0.8886462882096071,0.7935773586310054,0.7656204118050203,0.7793482464309869
878,scCube,sim2,MERFISH_Animal3_Bregma0.16train_Animal3_Bregma0.01spatial,SEDR,Animal3_Bregma0.16,Animal3_Bregma0.01,0.5794537937168023,0.6960053633072285,0.6579817868646203,0.8534736006351726,0.7248404267249449,0.6694415134564025,0.6960053633072285
879,scCube,sim2,MERFISH_Animal3_Bregma0.16train_Animal3_Bregma0.01spatial,STAGATE,Animal3_Bregma0.16,Animal3_Bregma0.01,0.21666105534547647,0.3130081448659035,0.36520208158939277,0.5386264390631202,0.31750275508414194,0.308642224882605,0.3130081448659035
880,scCube,sim2,MERFISH_Animal3_Bregma0.16train_Animal3_Bregma0.01spatial,SpaGCN,Animal3_Bregma0.16,Animal3_Bregma0.01,0.6164562917404468,0.7303957854529627,0.6891018117218939,0.8918221516474791,0.7614767552666525,0.7017525603081841,0.7303957854529627
881,scCube,sim2,MERFISH_Animal3_Bregma0.16train_Animal3_Bregma0.01spatial,SpaceFlow,Animal3_Bregma0.16,Animal3_Bregma0.01,0.10841257520297225,0.20291656226648813,0.25456598181153856,0.4674077014688368,0.21700186993972329,0.19055074638877134,0.20291656226648813
882,scCube,sim2,MERFISH_Animal3_Bregma0.16train_Animal3_Bregma0.01spatial,SpatialMGCN,Animal3_Bregma0.16,Animal3_Bregma0.01,0.5041330764784522,0.6918503247322386,0.5972442635606329,0.8423977768955935,0.7090866552163333,0.6754320630533613,0.6918503247322386
883,scCube,sim2,MERFISH_Animal3_Bregma0.16train_Animal3_Bregma0.01spatial,stLearn,Animal3_Bregma0.16,Animal3_Bregma0.01,0.612946703712511,0.7430120943296966,0.686187764579485,0.885589519650655,0.7759533051735801,0.7127850086382757,0.7430120943296966
884,scCube,sim2,MERFISH_Animal3_Bregma0.16train_Animal3_Bregma0.06spatial,BASS,Animal3_Bregma0.16,Animal3_Bregma0.06,0.6877185000973075,0.7858509700277286,0.7455196047015364,0.9194139194139194,0.8176798917990158,0.7564071447850225,0.7858509700277286
885,scCube,sim2,MERFISH_Animal3_Bregma0.16train_Animal3_Bregma0.06spatial,Banksy,Animal3_Bregma0.16,Animal3_Bregma0.06,0.7411550862721682,0.7683722306622517,0.7907936109273164,0.8823983034509351,0.7766558385226444,0.7602650559083097,0.7683722306622516
886,scCube,sim2,MERFISH_Animal3_Bregma0.16train_Animal3_Bregma0.06spatial,CCST,Animal3_Bregma0.16,Animal3_Bregma0.06,0.11507911074295356,0.18247158252331913,0.3498401948170497,0.42386736070946596,0.15493621847896893,0.22318325708840314,0.18247158252331913
887,scCube,sim2,MERFISH_Animal3_Bregma0.16train_Animal3_Bregma0.06spatial,CellCharter,Animal3_Bregma0.16,Animal3_Bregma0.06,0.47172000813558423,0.5927267977008658,0.5632709105788569,0.77682668208984,0.6331645323403856,0.5571820832256315,0.5927267977008658
888,scCube,sim2,MERFISH_Animal3_Bregma0.16train_Animal3_Bregma0.06spatial,DeepST,Animal3_Bregma0.16,Animal3_Bregma0.06,0.5311727324059404,0.5989452486182533,0.6141799173594333,0.8211683053788317,0.6204232094070602,0.5789302208416696,0.5989452486182533
889,scCube,sim2,MERFISH_Animal3_Bregma0.16train_Animal3_Bregma0.06spatial,GraphST,Animal3_Bregma0.16,Animal3_Bregma0.06,0.172717131768332,0.2639628625224073,0.3302039340974544,0.5189897821476769,0.268037789405986,0.2600099808657694,0.2639628625224073
890,scCube,sim2,MERFISH_Animal3_Bregma0.16train_Animal3_Bregma0.06spatial,PRECAST,Animal3_Bregma0.16,Animal3_Bregma0.06,0.56636410100669,0.7260730109851845,0.6492634052021158,0.7746288798920378,0.7274755039800226,0.7246759152903302,0.7260730109851845
891,scCube,sim2,MERFISH_Animal3_Bregma0.16train_Animal3_Bregma0.06spatial,SEDR,Animal3_Bregma0.16,Animal3_Bregma0.06,0.5744273948184884,0.6845916967875694,0.6505532070313855,0.8491999228841334,0.72384715024285,0.6493951093194206,0.6845916967875694
892,scCube,sim2,MERFISH_Animal3_Bregma0.16train_Animal3_Bregma0.06spatial,STAGATE,Animal3_Bregma0.16,Animal3_Bregma0.06,0.17554809244756625,0.29934113626784753,0.33979007857372323,0.5287834972045499,0.29669115703569715,0.30227851722881477,0.29934113626784753
893,scCube,sim2,MERFISH_Animal3_Bregma0.16train_Animal3_Bregma0.06spatial,SpaGCN,Animal3_Bregma0.16,Animal3_Bregma0.06,0.6663743530598993,0.7511719926101986,0.7276251012290247,0.9068825910931174,0.7821130619726768,0.7225858704434786,0.7511719926101986
894,scCube,sim2,MERFISH_Animal3_Bregma0.16train_Animal3_Bregma0.06spatial,SpaceFlow,Animal3_Bregma0.16,Animal3_Bregma0.06,0.13848912074309933,0.2176173421702126,0.2822932386759889,0.5022941970310392,0.22919869252964148,0.20715784316968042,0.2176173421702126
895,scCube,sim2,MERFISH_Animal3_Bregma0.16train_Animal3_Bregma0.06spatial,SpatialMGCN,Animal3_Bregma0.16,Animal3_Bregma0.06,0.5320113195705188,0.6822266721637221,0.6153240485463063,0.8438403701561598,0.7066422779799565,0.6594419134270055,0.6822266721637221
896,scCube,sim2,MERFISH_Animal3_Bregma0.16train_Animal3_Bregma0.06spatial,stLearn,Animal3_Bregma0.16,Animal3_Bregma0.06,0.6494194499846583,0.7541773204020112,0.713327164816679,0.8973587815693078,0.7853126669659968,0.7254315470521436,0.7541773204020112
897,scCube,sim2,MERFISH_Animal3_Bregma0.16train_Animal3_Bregma0.11spatial,BASS,Animal3_Bregma0.16,Animal3_Bregma0.11,0.7257445399569786,0.7945232647462277,0.7792400704855303,0.9308374384236451,0.8419287952661885,0.7521715913837366,0.7945232647462277
898,scCube,sim2,MERFISH_Animal3_Bregma0.16train_Animal3_Bregma0.11spatial,Banksy,Animal3_Bregma0.16,Animal3_Bregma0.11,0.5939952115448558,0.7163227792639508,0.6702626480793218,0.8219901477832512,0.7447113997877229,0.6900546664964139,0.7163227792639508
899,scCube,sim2,MERFISH_Animal3_Bregma0.16train_Animal3_Bregma0.11spatial,CCST,Animal3_Bregma0.16,Animal3_Bregma0.11,0.17269474946626334,0.20053721692530552,0.36465979549933475,0.5092413793103449,0.1840687778687231,0.22025383038588045,0.20053721692530552
900,scCube,sim2,MERFISH_Animal3_Bregma0.16train_Animal3_Bregma0.11spatial,CellCharter,Animal3_Bregma0.16,Animal3_Bregma0.11,0.38340785190191085,0.5032619236044321,0.49051538837860126,0.7368669950738915,0.5507137443482376,0.4633413660588553,0.5032619236044321
901,scCube,sim2,MERFISH_Animal3_Bregma0.16train_Animal3_Bregma0.11spatial,DeepST,Animal3_Bregma0.16,Animal3_Bregma0.11,0.5515924427194108,0.5899194303071663,0.6345955846366195,0.8363743842364532,0.6128781586838381,0.5688131203943012,0.5899194303071663
902,scCube,sim2,MERFISH_Animal3_Bregma0.16train_Animal3_Bregma0.11spatial,GraphST,Animal3_Bregma0.16,Animal3_Bregma0.11,0.1645717000049091,0.258240052296702,0.3234453865719747,0.5761576354679803,0.2712525461513733,0.24641887620881803,0.258240052296702
903,scCube,sim2,MERFISH_Animal3_Bregma0.16train_Animal3_Bregma0.11spatial,PRECAST,Animal3_Bregma0.16,Animal3_Bregma0.11,0.5140343822187494,0.6875067467875599,0.6031855606496588,0.7846305418719212,0.7326888901185261,0.6475733554686777,0.6875067467875599
904,scCube,sim2,MERFISH_Animal3_Bregma0.16train_Animal3_Bregma0.11spatial,SEDR,Animal3_Bregma0.16,Animal3_Bregma0.11,0.563623138025168,0.6801999007486684,0.6454164021699664,0.869832512315271,0.7431755153915794,0.6271445951203474,0.6801999007486684
905,scCube,sim2,MERFISH_Animal3_Bregma0.16train_Animal3_Bregma0.11spatial,STAGATE,Animal3_Bregma0.16,Animal3_Bregma0.11,0.2163801092587299,0.3057093979430025,0.36240608159629173,0.5891625615763546,0.3207961854817838,0.2919899632413346,0.30570939794300256
906,scCube,sim2,MERFISH_Animal3_Bregma0.16train_Animal3_Bregma0.11spatial,SpaGCN,Animal3_Bregma0.16,Animal3_Bregma0.11,0.6812939117985347,0.7379211653488171,0.7424408844121817,0.9138916256157635,0.7838565164261703,0.6970715630266258,0.7379211653488172
907,scCube,sim2,MERFISH_Animal3_Bregma0.16train_Animal3_Bregma0.11spatial,SpaceFlow,Animal3_Bregma0.16,Animal3_Bregma0.11,0.21329266880054815,0.23147081371400016,0.3475700980703736,0.563704433497537,0.2498549488503043,0.21562252179175276,0.2314708137140001
908,scCube,sim2,MERFISH_Animal3_Bregma0.16train_Animal3_Bregma0.11spatial,SpatialMGCN,Animal3_Bregma0.16,Animal3_Bregma0.11,0.5031612975986093,0.6690645166563561,0.5985757895888114,0.8543842364532018,0.699739649920994,0.640965902439428,0.669064516656356
909,scCube,sim2,MERFISH_Animal3_Bregma0.16train_Animal3_Bregma0.11spatial,stLearn,Animal3_Bregma0.16,Animal3_Bregma0.11,0.7187102339729164,0.7871569419513679,0.7735292826015019,0.9312315270935961,0.8352229264135742,0.7443505267872979,0.7871569419513679
910,scCube,sim2,MERFISH_Animal3_Bregma0.16train_Animal3_Bregma0.16spatial,BASS,Animal3_Bregma0.16,Animal3_Bregma0.16,0.72954200440697,0.7947668937836566,0.7865495425675479,0.9337175792507203,0.8458475355025747,0.7495044034500578,0.7947668937836567
911,scCube,sim2,MERFISH_Animal3_Bregma0.16train_Animal3_Bregma0.16spatial,Banksy,Animal3_Bregma0.16,Animal3_Bregma0.16,0.6072713601256329,0.7077845839052564,0.685555909403671,0.8429806504734458,0.7436241076815207,0.6753260276170417,0.7077845839052564
912,scCube,sim2,MERFISH_Animal3_Bregma0.16train_Animal3_Bregma0.16spatial,CCST,Animal3_Bregma0.16,Animal3_Bregma0.16,0.18559690171013132,0.228967112130898,0.4046980180215172,0.5212021407986825,0.1995482378158439,0.2685692341565087,0.22896711213089804
913,scCube,sim2,MERFISH_Animal3_Bregma0.16train_Animal3_Bregma0.16spatial,CellCharter,Animal3_Bregma0.16,Animal3_Bregma0.16,0.3668097881640353,0.51826636175012,0.48303897972433524,0.7364347468093866,0.5747665043394736,0.4719362792926819,0.51826636175012
914,scCube,sim2,MERFISH_Animal3_Bregma0.16train_Animal3_Bregma0.16spatial,DeepST,Animal3_Bregma0.16,Animal3_Bregma0.16,0.5206236475195211,0.5671406472416155,0.6183282790168517,0.8039110745162619,0.5797402685482058,0.5554704035504067,0.5671406472416155
915,scCube,sim2,MERFISH_Animal3_Bregma0.16train_Animal3_Bregma0.16spatial,GraphST,Animal3_Bregma0.16,Animal3_Bregma0.16,0.1452340127185259,0.2654760427543008,0.3340123195171802,0.5718402634829148,0.2724344475665055,0.2588642423531845,0.2654760427543008
916,scCube,sim2,MERFISH_Animal3_Bregma0.16train_Animal3_Bregma0.16spatial,PRECAST,Animal3_Bregma0.16,Animal3_Bregma0.16,0.7351097790826067,0.7728097462135388,0.7897259174215339,0.9236311239193083,0.8203890776766993,0.7304467169997303,0.7728097462135388
917,scCube,sim2,MERFISH_Animal3_Bregma0.16train_Animal3_Bregma0.16spatial,SEDR,Animal3_Bregma0.16,Animal3_Bregma0.16,0.5455604898673414,0.6472194566269376,0.6347976968882444,0.8415808974886785,0.6953918528473738,0.6054299701192822,0.6472194566269377
918,scCube,sim2,MERFISH_Animal3_Bregma0.16train_Animal3_Bregma0.16spatial,STAGATE,Animal3_Bregma0.16,Animal3_Bregma0.16,0.22175017556188234,0.30452151124746274,0.3633203144806577,0.606875257307534,0.3284408088826277,0.28387836811212047,0.30452151124746274
919,scCube,sim2,MERFISH_Animal3_Bregma0.16train_Animal3_Bregma0.16spatial,SpaGCN,Animal3_Bregma0.16,Animal3_Bregma0.16,0.6907232560757172,0.7370697551734219,0.7546541256629554,0.9104569781803212,0.7849304092663559,0.6947102220962766,0.7370697551734218
920,scCube,sim2,MERFISH_Animal3_Bregma0.16train_Animal3_Bregma0.16spatial,SpaceFlow,Animal3_Bregma0.16,Animal3_Bregma0.16,0.22240704728235922,0.21909389886218888,0.3603017772469242,0.5508439687114038,0.24046415880642336,0.20122337853038452,0.21909389886218888
921,scCube,sim2,MERFISH_Animal3_Bregma0.16train_Animal3_Bregma0.16spatial,SpatialMGCN,Animal3_Bregma0.16,Animal3_Bregma0.16,0.47446774609677006,0.6607344488734558,0.5762242123245689,0.8104158089748867,0.7101649745966135,0.6177372863606887,0.6607344488734557
922,scCube,sim2,MERFISH_Animal3_Bregma0.16train_Animal3_Bregma0.16spatial,stLearn,Animal3_Bregma0.16,Animal3_Bregma0.16,0.7150126319887925,0.784010255852904,0.7750323485611951,0.931576780568135,0.8374541968104741,0.7370042497583027,0.784010255852904
923,scCube,sim2,MERFISH_Animal3_Bregma0.16train_Animal3_Bregma0.21spatial,BASS,Animal3_Bregma0.16,Animal3_Bregma0.21,0.7019083586667498,0.7848654878004966,0.7664166473563307,0.9362201365187712,0.8395405087461325,0.7368764565657218,0.7848654878004966
924,scCube,sim2,MERFISH_Animal3_Bregma0.16train_Animal3_Bregma0.21spatial,Banksy,Animal3_Bregma0.16,Animal3_Bregma0.21,0.5431688379825299,0.6907654402132641,0.635849715863251,0.8238054607508533,0.7372660091556338,0.6497932069965684,0.6907654402132641
925,scCube,sim2,MERFISH_Animal3_Bregma0.16train_Animal3_Bregma0.21spatial,CCST,Animal3_Bregma0.16,Animal3_Bregma0.21,0.12025777864005524,0.16116307154693316,0.3542656881123457,0.4935153583617747,0.14153792841368118,0.18717715044204306,0.16116307154693316
926,scCube,sim2,MERFISH_Animal3_Bregma0.16train_Animal3_Bregma0.21spatial,CellCharter,Animal3_Bregma0.16,Animal3_Bregma0.21,0.34031471284444476,0.5063567398175141,0.46359225506678214,0.7377133105802047,0.5688568922011922,0.45627556096554195,0.5063567398175141
927,scCube,sim2,MERFISH_Animal3_Bregma0.16train_Animal3_Bregma0.21spatial,DeepST,Animal3_Bregma0.16,Animal3_Bregma0.21,0.5325261920915763,0.57778606776654,0.6465163479223419,0.8174488054607508,0.5820382996067719,0.5857748265302899,0.5777860677665398
928,scCube,sim2,MERFISH_Animal3_Bregma0.16train_Animal3_Bregma0.21spatial,GraphST,Animal3_Bregma0.16,Animal3_Bregma0.21,0.0703104789351227,0.2140802867244609,0.3077226628417622,0.5200511945392492,0.2113041284837379,0.2169303636300859,0.2140802867244609
929,scCube,sim2,MERFISH_Animal3_Bregma0.16train_Animal3_Bregma0.21spatial,PRECAST,Animal3_Bregma0.16,Animal3_Bregma0.21,0.7519555891717393,0.7640691665066156,0.8049944145590933,0.925981228668942,0.8137031130832801,0.7201422114814212,0.7640691665066155
930,scCube,sim2,MERFISH_Animal3_Bregma0.16train_Animal3_Bregma0.21spatial,SEDR,Animal3_Bregma0.16,Animal3_Bregma0.21,0.5109174707644468,0.6573101216174815,0.6101814696308535,0.8645051194539249,0.7264358270239504,0.6002527807448034,0.6573101216174815
931,scCube,sim2,MERFISH_Animal3_Bregma0.16train_Animal3_Bregma0.21spatial,STAGATE,Animal3_Bregma0.16,Animal3_Bregma0.21,0.13182478188601846,0.26778326462740837,0.3131672988661969,0.5555887372013653,0.28024156110577936,0.256657075091972,0.26778326462740837
932,scCube,sim2,MERFISH_Animal3_Bregma0.16train_Animal3_Bregma0.21spatial,SpaGCN,Animal3_Bregma0.16,Animal3_Bregma0.21,0.6082475461659662,0.7073206935295931,0.6918523214321,0.9148890784982935,0.7734135262877844,0.6516346015779072,0.707320693529593
933,scCube,sim2,MERFISH_Animal3_Bregma0.16train_Animal3_Bregma0.21spatial,SpaceFlow,Animal3_Bregma0.16,Animal3_Bregma0.21,0.15281495979706144,0.17776992117829932,0.3044121507227948,0.5142491467576792,0.19633634730911356,0.1624119520967061,0.17776992117829932
934,scCube,sim2,MERFISH_Animal3_Bregma0.16train_Animal3_Bregma0.21spatial,SpatialMGCN,Animal3_Bregma0.16,Animal3_Bregma0.21,0.4725168351891469,0.6724727510678453,0.5795236642359911,0.8312713310580204,0.7176871023242077,0.6326177749966762,0.6724727510678454
935,scCube,sim2,MERFISH_Animal3_Bregma0.16train_Animal3_Bregma0.21spatial,stLearn,Animal3_Bregma0.16,Animal3_Bregma0.21,0.6777010287077924,0.7696090701435552,0.7475826330831918,0.9305887372013653,0.8304738684287877,0.717110972570747,0.7696090701435552
936,scCube,sim2,MERFISH_Animal3_Bregma0.21train_Animal3_Bregma0.01spatial,BASS,Animal3_Bregma0.21,Animal3_Bregma0.01,0.6062750356939559,0.7413147277605145,0.6810986224384599,0.8916236601826121,0.7788933704392875,0.7071952468481957,0.7413147277605147
937,scCube,sim2,MERFISH_Animal3_Bregma0.21train_Animal3_Bregma0.01spatial,Banksy,Animal3_Bregma0.21,Animal3_Bregma0.01,0.5829452905688024,0.7135726681419174,0.6630280076022423,0.8226280269948394,0.7247833279350023,0.7029669107751616,0.7135726681419174
938,scCube,sim2,MERFISH_Animal3_Bregma0.21train_Animal3_Bregma0.01spatial,CCST,Animal3_Bregma0.21,Animal3_Bregma0.01,0.07952495505465183,0.14004049567376253,0.317556596897849,0.40119094878920203,0.12125830779557904,0.1665096737565092,0.14004049567376253
939,scCube,sim2,MERFISH_Animal3_Bregma0.21train_Animal3_Bregma0.01spatial,CellCharter,Animal3_Bregma0.21,Animal3_Bregma0.01,0.39800996249836684,0.5590599485655036,0.512356810714708,0.667129813418023,0.5742215135247,0.5448987295690481,0.5590599485655036
940,scCube,sim2,MERFISH_Animal3_Bregma0.21train_Animal3_Bregma0.01spatial,DeepST,Animal3_Bregma0.21,Animal3_Bregma0.01,0.45694103785596435,0.5441300933901227,0.6054956118039796,0.72111949186185,0.5040753915584665,0.5994624461522087,0.5441300933901227
941,scCube,sim2,MERFISH_Animal3_Bregma0.21train_Animal3_Bregma0.01spatial,GraphST,Animal3_Bregma0.21,Animal3_Bregma0.01,0.1702167612517776,0.2704103691630014,0.3707733346539479,0.5121079793568877,0.2566936716600137,0.2856757548990302,0.2704103691630014
942,scCube,sim2,MERFISH_Animal3_Bregma0.21train_Animal3_Bregma0.01spatial,PRECAST,Animal3_Bregma0.21,Animal3_Bregma0.01,0.4848532286958379,0.6820444261331673,0.588882208148496,0.741167129813418,0.6844726942675216,0.6796333263722906,0.6820444261331673
943,scCube,sim2,MERFISH_Animal3_Bregma0.21train_Animal3_Bregma0.01spatial,SEDR,Animal3_Bregma0.21,Animal3_Bregma0.01,0.5051289767029559,0.649069744012795,0.6006113619496907,0.7875347360063517,0.6698941401861065,0.6302489224144131,0.649069744012795
944,scCube,sim2,MERFISH_Animal3_Bregma0.21train_Animal3_Bregma0.01spatial,STAGATE,Animal3_Bregma0.21,Animal3_Bregma0.01,0.16741197224663365,0.29201048003522195,0.33903140685381994,0.5104803493449781,0.28658434965661206,0.2979399456607821,0.29201048003522195
945,scCube,sim2,MERFISH_Animal3_Bregma0.21train_Animal3_Bregma0.01spatial,SpaGCN,Animal3_Bregma0.21,Animal3_Bregma0.01,0.6126036186498417,0.720692131602819,0.6859277531967739,0.887455339420405,0.752779098055879,0.6912287297621594,0.720692131602819
946,scCube,sim2,MERFISH_Animal3_Bregma0.21train_Animal3_Bregma0.01spatial,SpaceFlow,Animal3_Bregma0.21,Animal3_Bregma0.01,0.11311687836034194,0.18696564460210202,0.2589977253926534,0.47665740373163956,0.20017980975070712,0.17539332560439216,0.18696564460210202
947,scCube,sim2,MERFISH_Animal3_Bregma0.21train_Animal3_Bregma0.01spatial,SpatialMGCN,Animal3_Bregma0.21,Animal3_Bregma0.01,0.4996590203329065,0.7031500403419111,0.6124221096715257,0.7379912663755459,0.6892154034451681,0.7176597687118988,0.7031500403419111
948,scCube,sim2,MERFISH_Animal3_Bregma0.21train_Animal3_Bregma0.01spatial,stLearn,Animal3_Bregma0.21,Animal3_Bregma0.01,0.5972631801937033,0.7297102711743013,0.6733278541438973,0.8828503374354902,0.7659982643926062,0.696743561576531,0.7297102711743013
949,scCube,sim2,MERFISH_Animal3_Bregma0.21train_Animal3_Bregma0.06spatial,BASS,Animal3_Bregma0.21,Animal3_Bregma0.06,0.6763347137137715,0.7754290258364971,0.7359302088828662,0.9144013880855987,0.8073306933637884,0.7459527089950188,0.775429025836497
950,scCube,sim2,MERFISH_Animal3_Bregma0.21train_Animal3_Bregma0.06spatial,Banksy,Animal3_Bregma0.21,Animal3_Bregma0.06,0.4998827884560038,0.6576321889402984,0.5940773401118686,0.7824561403508772,0.6666650967050675,0.649011697511783,0.6576321889402984
951,scCube,sim2,MERFISH_Animal3_Bregma0.21train_Animal3_Bregma0.06spatial,CCST,Animal3_Bregma0.21,Animal3_Bregma0.06,0.09518451567734514,0.16053836591488224,0.3051628542934795,0.40023134759976864,0.14407545970314378,0.1813298366169647,0.16053836591488224
952,scCube,sim2,MERFISH_Animal3_Bregma0.21train_Animal3_Bregma0.06spatial,CellCharter,Animal3_Bregma0.21,Animal3_Bregma0.06,0.4006768943268925,0.5353976407431509,0.5075045402446128,0.7101600154231733,0.5570812834783591,0.5153905729993247,0.5353976407431509
953,scCube,sim2,MERFISH_Animal3_Bregma0.21train_Animal3_Bregma0.06spatial,DeepST,Animal3_Bregma0.21,Animal3_Bregma0.06,0.5532970141449168,0.5899466522408173,0.6427764814550843,0.8026219394640448,0.5805048522499537,0.6005652417891885,0.5899466522408172
954,scCube,sim2,MERFISH_Animal3_Bregma0.21train_Animal3_Bregma0.06spatial,GraphST,Animal3_Bregma0.21,Animal3_Bregma0.06,0.1590816483466579,0.2646403434574473,0.3479965896824666,0.4723346828609986,0.2573151075993946,0.2723948693503508,0.2646403434574472
955,scCube,sim2,MERFISH_Animal3_Bregma0.21train_Animal3_Bregma0.06spatial,PRECAST,Animal3_Bregma0.21,Animal3_Bregma0.06,0.5018819757032741,0.6824347289242068,0.5981648657647448,0.7516869095816464,0.6872250063315891,0.6777107701608742,0.6824347289242068
956,scCube,sim2,MERFISH_Animal3_Bregma0.21train_Animal3_Bregma0.06spatial,SEDR,Animal3_Bregma0.21,Animal3_Bregma0.06,0.5516493002951297,0.6492189265748148,0.6345816614546276,0.7994987468671679,0.667028092338577,0.6328795190116544,0.649218926574815
957,scCube,sim2,MERFISH_Animal3_Bregma0.21train_Animal3_Bregma0.06spatial,STAGATE,Animal3_Bregma0.21,Animal3_Bregma0.06,0.16769202059117863,0.29517257733526964,0.32534918119674555,0.5260844418739156,0.2976866278042086,0.2927535008165346,0.2951725773352696
958,scCube,sim2,MERFISH_Animal3_Bregma0.21train_Animal3_Bregma0.06spatial,SpaGCN,Animal3_Bregma0.21,Animal3_Bregma0.06,0.660924526137851,0.7358877443324594,0.7226923136398885,0.8976286871023713,0.7640553529364553,0.7097231429953198,0.7358877443324595
959,scCube,sim2,MERFISH_Animal3_Bregma0.21train_Animal3_Bregma0.06spatial,SpaceFlow,Animal3_Bregma0.21,Animal3_Bregma0.06,0.1350721504302395,0.2128567085764983,0.2753400097620828,0.5073838442259495,0.22607956889029518,0.2010978052964058,0.21285670857649824
960,scCube,sim2,MERFISH_Animal3_Bregma0.21train_Animal3_Bregma0.06spatial,SpatialMGCN,Animal3_Bregma0.21,Animal3_Bregma0.06,0.46735329736693354,0.6888083466940199,0.6008242275544915,0.7374204742625795,0.6538763312022456,0.7276833524527517,0.6888083466940199
961,scCube,sim2,MERFISH_Animal3_Bregma0.21train_Animal3_Bregma0.06spatial,stLearn,Animal3_Bregma0.21,Animal3_Bregma0.06,0.6382360595284897,0.7450008374640302,0.7039699542713087,0.896471949103528,0.7769329084377182,0.7155960553857748,0.7450008374640302
962,scCube,sim2,MERFISH_Animal3_Bregma0.21train_Animal3_Bregma0.11spatial,BASS,Animal3_Bregma0.21,Animal3_Bregma0.11,0.7052227614176155,0.7697039710354606,0.7620373218836318,0.9257142857142856,0.8163779001834094,0.7280783033894789,0.7697039710354607
963,scCube,sim2,MERFISH_Animal3_Bregma0.21train_Animal3_Bregma0.11spatial,Banksy,Animal3_Bregma0.21,Animal3_Bregma0.11,0.5591013152895684,0.6787504915702085,0.6402735180670168,0.8293990147783251,0.721179742131894,0.6410510830308818,0.6787504915702085
964,scCube,sim2,MERFISH_Animal3_Bregma0.21train_Animal3_Bregma0.11spatial,CCST,Animal3_Bregma0.21,Animal3_Bregma0.11,0.17196875152638008,0.20306053961743262,0.36462445013080824,0.49974384236453206,0.18410493407531323,0.22647768578521066,0.20306053961743262
965,scCube,sim2,MERFISH_Animal3_Bregma0.21train_Animal3_Bregma0.11spatial,CellCharter,Animal3_Bregma0.21,Animal3_Bregma0.11,0.3917357244839568,0.5164108921608432,0.49801081332090336,0.726344827586207,0.5639156483930952,0.4764070091892381,0.5164108921608431
966,scCube,sim2,MERFISH_Animal3_Bregma0.21train_Animal3_Bregma0.11spatial,DeepST,Animal3_Bregma0.21,Animal3_Bregma0.11,0.5281114377368398,0.5584704436982532,0.6374979214194116,0.7842364532019704,0.5479730244976191,0.577163505936393,0.5584704436982532
967,scCube,sim2,MERFISH_Animal3_Bregma0.21train_Animal3_Bregma0.11spatial,GraphST,Animal3_Bregma0.21,Animal3_Bregma0.11,0.1683793398689931,0.2579571265549349,0.3341149682659506,0.56,0.2643833473433432,0.2518358899213058,0.2579571265549349
968,scCube,sim2,MERFISH_Animal3_Bregma0.21train_Animal3_Bregma0.11spatial,PRECAST,Animal3_Bregma0.21,Animal3_Bregma0.11,0.5543965150643438,0.6929258070598594,0.6379222401803107,0.8295566502463053,0.7197035474534236,0.6680692062641899,0.6929258070598594
969,scCube,sim2,MERFISH_Animal3_Bregma0.21train_Animal3_Bregma0.11spatial,SEDR,Animal3_Bregma0.21,Animal3_Bregma0.11,0.5557573226179214,0.6705985419317544,0.6386464966362648,0.8501674876847292,0.7281808067775043,0.6215608079718428,0.6705985419317544
970,scCube,sim2,MERFISH_Animal3_Bregma0.21train_Animal3_Bregma0.11spatial,STAGATE,Animal3_Bregma0.21,Animal3_Bregma0.11,0.19249332787759288,0.28129666830956684,0.34440713424972447,0.5922758620689655,0.2954700065757737,0.2685948385677882,0.2812966683095669
971,scCube,sim2,MERFISH_Animal3_Bregma0.21train_Animal3_Bregma0.11spatial,SpaGCN,Animal3_Bregma0.21,Animal3_Bregma0.11,0.6251246303035995,0.7173294819888677,0.6967310696466412,0.9113300492610836,0.7747175937239278,0.667857180341179,0.7173294819888679
972,scCube,sim2,MERFISH_Animal3_Bregma0.21train_Animal3_Bregma0.11spatial,SpaceFlow,Animal3_Bregma0.21,Animal3_Bregma0.11,0.2083722883162073,0.2325880148939695,0.3391053874568017,0.5617733990147784,0.25549702649675005,0.213455966577253,0.2325880148939695
973,scCube,sim2,MERFISH_Animal3_Bregma0.21train_Animal3_Bregma0.11spatial,SpatialMGCN,Animal3_Bregma0.21,Animal3_Bregma0.11,0.4391644973822483,0.6499622690232141,0.5635457133991383,0.7560591133004926,0.6452286538178974,0.6547658523362011,0.6499622690232141
974,scCube,sim2,MERFISH_Animal3_Bregma0.21train_Animal3_Bregma0.11spatial,stLearn,Animal3_Bregma0.21,Animal3_Bregma0.11,0.639523443043464,0.7182166085554187,0.7075871869470842,0.8978522167487684,0.7684585702738241,0.6741804066088567,0.7182166085554187
975,scCube,sim2,MERFISH_Animal3_Bregma0.21train_Animal3_Bregma0.16spatial,BASS,Animal3_Bregma0.21,Animal3_Bregma0.16,0.7111607421196771,0.7742978147817832,0.7712818402402706,0.9312474269246603,0.8242948581304888,0.730019008876163,0.7742978147817832
976,scCube,sim2,MERFISH_Animal3_Bregma0.21train_Animal3_Bregma0.16spatial,Banksy,Animal3_Bregma0.21,Animal3_Bregma0.16,0.4221088074977238,0.6151895622265637,0.5376820114631276,0.7882667764512145,0.6460333442598511,0.5873812796669109,0.6151895622265637
977,scCube,sim2,MERFISH_Animal3_Bregma0.21train_Animal3_Bregma0.16spatial,CCST,Animal3_Bregma0.21,Animal3_Bregma0.16,0.1934820780101374,0.2290059485261809,0.3929436434736814,0.5198023878139152,0.206787967547824,0.2576153824784667,0.2290059485261809
978,scCube,sim2,MERFISH_Animal3_Bregma0.21train_Animal3_Bregma0.16spatial,CellCharter,Animal3_Bregma0.21,Animal3_Bregma0.16,0.36449511789540806,0.5154584461274474,0.48085358780760235,0.7495677233429394,0.5767305232853049,0.46596853653685805,0.5154584461274474
979,scCube,sim2,MERFISH_Animal3_Bregma0.21train_Animal3_Bregma0.16spatial,DeepST,Animal3_Bregma0.21,Animal3_Bregma0.16,0.5054701341981753,0.5549953218973132,0.6131126706101983,0.792754219843557,0.557673582665505,0.5534754996242007,0.5549953218973132
980,scCube,sim2,MERFISH_Animal3_Bregma0.21train_Animal3_Bregma0.16spatial,GraphST,Animal3_Bregma0.21,Animal3_Bregma0.16,0.22339409337207966,0.2872948715460413,0.4012685171529878,0.5720461095100865,0.2868004750183871,0.287790975532565,0.2872948715460413
981,scCube,sim2,MERFISH_Animal3_Bregma0.21train_Animal3_Bregma0.16spatial,PRECAST,Animal3_Bregma0.21,Animal3_Bregma0.16,0.6007927090533329,0.7161399247658172,0.6802907512881371,0.8342939481268011,0.7606993689751604,0.6765119238036293,0.7161399247658172
982,scCube,sim2,MERFISH_Animal3_Bregma0.21train_Animal3_Bregma0.16spatial,SEDR,Animal3_Bregma0.21,Animal3_Bregma0.16,0.4566870809468625,0.6151012711260855,0.5631694861318104,0.7859201317414575,0.654549888241611,0.5801512289992414,0.6151012711260855
983,scCube,sim2,MERFISH_Animal3_Bregma0.21train_Animal3_Bregma0.16spatial,STAGATE,Animal3_Bregma0.21,Animal3_Bregma0.16,0.20726021109621362,0.27583260318657926,0.3593350629571421,0.5743104158089749,0.2931529655841458,0.26044967948548303,0.2758326031865793
984,scCube,sim2,MERFISH_Animal3_Bregma0.21train_Animal3_Bregma0.16spatial,SpaGCN,Animal3_Bregma0.21,Animal3_Bregma0.16,0.49275360183143346,0.6640889195464869,0.590802628494842,0.8417044051049813,0.715200474768439,0.6197954514090855,0.6640889195464869
985,scCube,sim2,MERFISH_Animal3_Bregma0.21train_Animal3_Bregma0.16spatial,SpaceFlow,Animal3_Bregma0.21,Animal3_Bregma0.16,0.19847520726616247,0.21379757185197917,0.3404580573919584,0.5468917249897076,0.23390666151321876,0.19687480864621232,0.2137975718519792
986,scCube,sim2,MERFISH_Animal3_Bregma0.21train_Animal3_Bregma0.16spatial,SpatialMGCN,Animal3_Bregma0.21,Animal3_Bregma0.16,0.4816796730190093,0.677041972670574,0.5916566543818669,0.8328530259365994,0.6977015546345394,0.6575707020034776,0.6770419726705741
987,scCube,sim2,MERFISH_Animal3_Bregma0.21train_Animal3_Bregma0.16spatial,stLearn,Animal3_Bregma0.21,Animal3_Bregma0.16,0.6826789581420784,0.7500066367925057,0.7483780995383412,0.9171675586661177,0.8024067114324026,0.7040354645468851,0.7500066367925057
988,scCube,sim2,MERFISH_Animal3_Bregma0.21train_Animal3_Bregma0.21spatial,BASS,Animal3_Bregma0.21,Animal3_Bregma0.21,0.632669370410216,0.7226251484179882,0.7091024565884612,0.8455631399317406,0.7451040703183559,0.7014628318487061,0.7226251484179883
989,scCube,sim2,MERFISH_Animal3_Bregma0.21train_Animal3_Bregma0.21spatial,Banksy,Animal3_Bregma0.21,Animal3_Bregma0.21,0.5519968782632315,0.6624215387303377,0.6435011146622329,0.8301621160409557,0.709391656507349,0.6214082073110879,0.6624215387303376
990,scCube,sim2,MERFISH_Animal3_Bregma0.21train_Animal3_Bregma0.21spatial,CCST,Animal3_Bregma0.21,Animal3_Bregma0.21,0.11973605611845514,0.16642627852230724,0.33563306512311,0.4959044368600683,0.15297746728658818,0.1828541308153079,0.16642627852230724
991,scCube,sim2,MERFISH_Animal3_Bregma0.21train_Animal3_Bregma0.21spatial,CellCharter,Animal3_Bregma0.21,Animal3_Bregma0.21,0.30355601072534844,0.4627253295393533,0.43165189564907047,0.731783276450512,0.5188743711367272,0.4176292802647822,0.4627253295393533
992,scCube,sim2,MERFISH_Animal3_Bregma0.21train_Animal3_Bregma0.21spatial,DeepST,Animal3_Bregma0.21,Animal3_Bregma0.21,0.5156022705702499,0.5471696951921186,0.6338420121634403,0.791339590443686,0.5393819450049264,0.5566263616380469,0.5471696951921186
993,scCube,sim2,MERFISH_Animal3_Bregma0.21train_Animal3_Bregma0.21spatial,GraphST,Animal3_Bregma0.21,Animal3_Bregma0.21,0.107760586302176,0.1986481576872894,0.3163521772073613,0.5181313993174061,0.1960387820641966,0.20132793461355183,0.1986481576872894
994,scCube,sim2,MERFISH_Animal3_Bregma0.21train_Animal3_Bregma0.21spatial,PRECAST,Animal3_Bregma0.21,Animal3_Bregma0.21,0.502735921460769,0.6477701223496454,0.6035877394670403,0.8110068259385665,0.7179291788631613,0.5901027970659809,0.6477701223496454
995,scCube,sim2,MERFISH_Animal3_Bregma0.21train_Animal3_Bregma0.21spatial,SEDR,Animal3_Bregma0.21,Animal3_Bregma0.21,0.47380697098654034,0.6093816723428473,0.5823179550182538,0.8040529010238908,0.6466414930518374,0.5767326464891895,0.6093816723428475
996,scCube,sim2,MERFISH_Animal3_Bregma0.21train_Animal3_Bregma0.21spatial,STAGATE,Animal3_Bregma0.21,Animal3_Bregma0.21,0.1659496388998155,0.25974396545170253,0.33097311714844785,0.5638651877133106,0.2764668445719699,0.2449550185233992,0.25974396545170253
997,scCube,sim2,MERFISH_Animal3_Bregma0.21train_Animal3_Bregma0.21spatial,SpaGCN,Animal3_Bregma0.21,Animal3_Bregma0.21,0.49266141566488547,0.6609520382102604,0.5942046568156936,0.8410836177474403,0.7247737219169484,0.6074606386571691,0.6609520382102604
998,scCube,sim2,MERFISH_Animal3_Bregma0.21train_Animal3_Bregma0.21spatial,SpaceFlow,Animal3_Bregma0.21,Animal3_Bregma0.21,0.1531280975376061,0.16336028046130818,0.3027430272898136,0.5216723549488055,0.18100514567703455,0.14885278615247124,0.16336028046130818
999,scCube,sim2,MERFISH_Animal3_Bregma0.21train_Animal3_Bregma0.21spatial,SpatialMGCN,Animal3_Bregma0.21,Animal3_Bregma0.21,0.41082303482205795,0.6301379673509939,0.5367451417832155,0.8125,0.6586233855230544,0.6040143848709622,0.6301379673509939
1000,scCube,sim2,MERFISH_Animal3_Bregma0.21train_Animal3_Bregma0.21spatial,stLearn,Animal3_Bregma0.21,Animal3_Bregma0.21,0.6447630910361063,0.73287358859008,0.7202437539927682,0.9129692832764504,0.7913997685055231,0.6824196543583654,0.73287358859008
1001,scCube,sim2,MERFISH_Animal3_Bregma0.26train_Animal3_Bregma0.26spatial,BASS,Animal3_Bregma0.26,Animal3_Bregma0.26,0.5489113697321566,0.713336450665675,0.6466189202146074,0.8667684256432621,0.7442784383466936,0.6848644871726364,0.713336450665675
1002,scCube,sim2,MERFISH_Animal3_Bregma0.26train_Animal3_Bregma0.26spatial,Banksy,Animal3_Bregma0.26,Animal3_Bregma0.26,0.5513000202632456,0.6679265863134625,0.6531959735885595,0.8471743399519965,0.6910732832425921,0.6464611294763902,0.6679265863134625
1003,scCube,sim2,MERFISH_Animal3_Bregma0.26train_Animal3_Bregma0.26spatial,CCST,Animal3_Bregma0.26,Animal3_Bregma0.26,0.08527796124850791,0.1507680557412112,0.3515121432451149,0.49463584823375484,0.1305256038056194,0.1786907287580199,0.15076805574121124
1004,scCube,sim2,MERFISH_Animal3_Bregma0.26train_Animal3_Bregma0.26spatial,CellCharter,Animal3_Bregma0.26,Animal3_Bregma0.26,0.35247088003382565,0.5182860451588411,0.48290416069559267,0.7542084605320541,0.5659934919428995,0.4780416620851075,0.518286045158841
1005,scCube,sim2,MERFISH_Animal3_Bregma0.26train_Animal3_Bregma0.26spatial,DeepST,Animal3_Bregma0.26,Animal3_Bregma0.26,0.3869305154749426,0.4703265774807647,0.5508117329282176,0.740165721761884,0.4495566170309508,0.4978034811582244,0.4703265774807647
1006,scCube,sim2,MERFISH_Animal3_Bregma0.26train_Animal3_Bregma0.26spatial,GraphST,Animal3_Bregma0.26,Animal3_Bregma0.26,0.10200991222895502,0.2057822148061666,0.3510764092736045,0.5124291321412996,0.1955034515796996,0.2172017867920392,0.2057822148061666
1007,scCube,sim2,MERFISH_Animal3_Bregma0.26train_Animal3_Bregma0.26spatial,PRECAST,Animal3_Bregma0.26,Animal3_Bregma0.26,0.5096149674348761,0.6699250414593441,0.614019857413753,0.8262102049716529,0.719575508227726,0.6266840536488996,0.6699250414593442
1008,scCube,sim2,MERFISH_Animal3_Bregma0.26train_Animal3_Bregma0.26spatial,SEDR,Animal3_Bregma0.26,Animal3_Bregma0.26,0.3978887375834563,0.569547284517325,0.5212901215795732,0.7839947666812036,0.6186867213158281,0.5277375531005847,0.569547284517325
1009,scCube,sim2,MERFISH_Animal3_Bregma0.26train_Animal3_Bregma0.26spatial,STAGATE,Animal3_Bregma0.26,Animal3_Bregma0.26,0.16377093309505966,0.2429006775008514,0.3471891639127971,0.5509812472743131,0.24749732258085694,0.2385384725612134,0.2429006775008514
1010,scCube,sim2,MERFISH_Animal3_Bregma0.26train_Animal3_Bregma0.26spatial,SpaGCN,Animal3_Bregma0.26,Animal3_Bregma0.26,0.5371536386767084,0.6801697274229256,0.6371740369444396,0.8582642825992151,0.7109202222803253,0.6519691321695557,0.6801697274229255
1011,scCube,sim2,MERFISH_Animal3_Bregma0.26train_Animal3_Bregma0.26spatial,SpaceFlow,Animal3_Bregma0.26,Animal3_Bregma0.26,0.08486510775552612,0.15475393050560787,0.2653251279353345,0.5107283035324902,0.16470465777642002,0.14599787722297403,0.15475393050560787
1012,scCube,sim2,MERFISH_Animal3_Bregma0.26train_Animal3_Bregma0.26spatial,SpatialMGCN,Animal3_Bregma0.26,Animal3_Bregma0.26,0.4840410929868299,0.677048232912782,0.6017069927601768,0.8462712603576101,0.6922300274506865,0.6625180726230677,0.677048232912782
1013,scCube,sim2,MERFISH_Animal3_Bregma0.26train_Animal3_Bregma0.26spatial,stLearn,Animal3_Bregma0.26,Animal3_Bregma0.26,0.5552361987139676,0.7070274415660278,0.6517896426786219,0.8799825556040123,0.7538589238609348,0.6658431624359029,0.7070274415660278
