,Technology,Dataset,Sample,Method,ARI,NMI,FMI,Purity,Homogeneity,Completeness,V_measure,Time,Memory,PAS,CHAOS,ASW,Rep
0,SRTsim,sim4,SRTsim_4_1,CCST,1.0,1.0,1.0,1.0,1.0,1.0,1.0,113.34919142723083,558.7268571853638,0.0,0.0629940788348703,0.3531642450835382,1
1,SRTsim,sim4,SRTsim_4_1,DeepST,1.0,1.0,1.0,1.0,1.0,1.0,1.0,186.22407054901123,859.21435546875,0.0,0.0629940788348703,0.3531642450835382,1
2,SRTsim,sim4,SRTsim_4_1,GraphST,0.9986776859504132,0.9960304311109875,0.9993388352388972,0.9996694214876032,0.9960389139237844,0.996021948442678,0.9960304311109875,20.79704689979553,581.8765802383423,0.0003305785123966,0.0629940788348703,0.3531507869833472,1
3,SRTsim,sim4,SRTsim_4_1,SEDR,1.0,1.0,1.0,1.0,1.0,1.0,1.0,24.965809106826782,386.6728792190552,0.0,0.0629940788348703,0.3531642450835382,1
4,SRTsim,sim4,SRTsim_4_1,SpaceFlow,1.0,1.0,1.0,1.0,1.0,1.0,1.0,28.04249668121338,477.92333602905273,0.0,0.0629940788348703,0.3531642450835382,1
5,SRTsim,sim4,SRTsim_4_1,SpaGCN,1.0,1.0,1.0,1.0,1.0,1.0,1.0,37.12801480293274,464.3245611190796,0.0,0.0629940788348703,0.3531642450835382,1
6,SRTsim,sim4,SRTsim_4_1,SpatialMGCN,1.0,1.0,1.0,1.0,1.0,1.0,1.0,52.10614633560181,593.9310417175293,0.0,0.0629940788348703,0.3531642450835382,1
7,SRTsim,sim4,SRTsim_4_1,STAGATE,1.0,1.0,1.0,1.0,1.0,1.0,1.0,74.70590281486511,477.9795942306519,0.0,0.0629940788348703,0.3531642450835382,1
8,SRTsim,sim4,SRTsim_4_1,stLearn,1.0,1.0,1.0,1.0,1.0,1.0,1.0,6.483883380889893,348.6758279800415,0.0,0.0629940788348703,0.3531642450835382,1
9,SRTsim,sim4,SRTsim_4_2,CCST,0.9955252496896098,0.9922038552738432,0.9966439416774564,0.9983471074380166,0.9922024720251162,0.9922052385264272,0.9922038552738432,273.2400941848755,845.464822769165,0.0006611570247933,0.0629940788348703,0.1629628529014339,1
10,SRTsim,sim4,SRTsim_4_2,DeepST,0.999102715727924,0.9981759656718702,0.999327036894128,0.9996694214876032,0.9981758110528236,0.9981761202909648,0.9981759656718702,169.8724513053894,858.7990674972534,0.0003305785123966,0.0629940788348703,0.163037624655144,1
11,SRTsim,sim4,SRTsim_4_2,GraphST,0.9946256275591382,0.9898435570277112,0.995969223020942,0.99801652892562,0.9898429437138202,0.9898441703423622,0.9898435570277112,17.705474853515625,581.4760618209839,0.0019834710743801,0.06301133040631,0.1626694362355285,1
12,SRTsim,sim4,SRTsim_4_2,SEDR,0.996413198171384,0.9930348679892976,0.997309900198473,0.9986776859504132,0.9930342526980483,0.9930354832813096,0.9930348679892976,25.930444478988647,386.4156732559204,0.00099173553719,0.0629940788348703,0.1630204203188873,1
13,SRTsim,sim4,SRTsim_4_2,SpaceFlow,0.6761262918954978,0.8246113598799183,0.7874034509092032,0.7451239669421488,0.7433728623654775,0.9257844622985724,0.8246113598799183,15.84830093383789,477.6861963272095,0.0241322314049586,0.0630149033237413,0.1853048156252278,1
14,SRTsim,sim4,SRTsim_4_2,SpaGCN,0.9973116516376276,0.9953141095033792,0.9979837413809092,0.99900826446281,0.9953127219185924,0.9953154970920348,0.9953141095033792,30.03540134429932,579.6958703994751,0.00099173553719,0.063515490817193,0.1626798718419037,1
15,SRTsim,sim4,SRTsim_4_2,SpatialMGCN,0.9919466389767398,0.9861668740642116,0.9939599959939336,0.9970247933884298,0.9861639746078252,0.9861697735376472,0.9861668740642116,55.11100220680237,593.6683578491211,0.0016528925619834,0.0629940788348703,0.1628013966289342,1
16,SRTsim,sim4,SRTsim_4_2,STAGATE,0.9937434973855443,0.989344493005427,0.9953076237232036,0.9976859504132232,0.9893443397543894,0.989344646256512,0.989344493005427,63.43576765060425,477.68009662628174,0.0023140495867768,0.0629940788348703,0.1627559313962425,1
17,SRTsim,sim4,SRTsim_4_2,stLearn,0.96843241251486,0.959270638056608,0.9763243231912732,0.988099173553719,0.9592700436859084,0.959271232428044,0.959270638056608,5.0728278160095215,352.60286140441895,0.0119008264462809,0.0646677913551401,0.1560551760645154,1
18,SRTsim,sim4,SRTsim_4_3,CCST,0.9507328531046924,0.9429743939594872,0.9589479305770572,0.9785123966942147,0.9428510204376528,0.9430977997727814,0.9429743939594872,272.78876304626465,845.5059432983398,0.0109090909090909,0.0632561727800661,0.0887724509722705,1
19,SRTsim,sim4,SRTsim_4_3,DeepST,0.9754011910190302,0.967463509907007,0.9795010275094648,0.9894214876033058,0.9674606063126984,0.9674664135187446,0.967463509907007,141.5316002368927,858.7876815795898,0.0095867768595041,0.0631962472196204,0.0917262113718419,1
20,SRTsim,sim4,SRTsim_4_3,GraphST,0.5567016411344193,0.7073981071256737,0.6407790729776258,0.692892561983471,0.6838733014618156,0.7325990473913182,0.7073981071256737,19.431918144226078,581.4245052337646,0.1071074380165289,0.0636582929901718,0.024145644769698,1
21,SRTsim,sim4,SRTsim_4_3,SEDR,0.7592955824457747,0.865946113678517,0.8075281747943893,0.8274380165289256,0.8406412685851141,0.8928216850801078,0.865946113678517,19.60040616989136,386.4135246276856,0.0363636363636363,0.0630285819777498,0.0876007639854175,1
22,SRTsim,sim4,SRTsim_4_3,SpaceFlow,0.535855808982473,0.7454033398192814,0.6565628990597498,0.6690909090909091,0.6790644798150633,0.8261070124063904,0.7454033398192815,18.999815940856934,477.6587152481079,0.0750413223140495,0.0630357278126124,0.0825555485615851,1
23,SRTsim,sim4,SRTsim_4_3,SpaGCN,0.7856106294715783,0.8818747958915054,0.830725637667493,0.8333884297520661,0.8466603032589907,0.9201457107154368,0.8818747958915054,57.409024238586426,579.6957836151123,0.0479338842975206,0.0640499880891721,0.0963787052260846,1
24,SRTsim,sim4,SRTsim_4_3,SpatialMGCN,0.7382125521000403,0.7976613352370964,0.7826122390642111,0.8647933884297521,0.7938345088822724,0.8015252361679628,0.7976613352370965,49.37447667121887,593.5901117324829,0.0783471074380165,0.0640162048816465,0.0755508698932121,1
25,SRTsim,sim4,SRTsim_4_3,STAGATE,0.9536494636575172,0.9502084923570304,0.9613756518476833,0.979504132231405,0.95017054223299,0.950246445512673,0.9502084923570304,54.757944107055664,477.6790761947632,0.0142148760330578,0.0639498566342696,0.0880338117330021,1
26,SRTsim,sim4,SRTsim_4_3,stLearn,0.6893099870092836,0.8073071021480448,0.7465120986142539,0.8204958677685951,0.7902533017435585,0.825113184745503,0.8073071021480448,4.933365106582642,352.6024169921875,0.1477685950413223,0.0654183553696081,0.0760063448833734,1
27,SRTsim,sim4,SRTsim_4_4,CCST,0.747069967773119,0.8447538326816786,0.7825211101631403,0.844297520661157,0.8289132861841602,0.86121160049555,0.8447538326816787,279.4266662597656,845.4390077590942,0.0436363636363636,0.0630942979203728,0.0574054662755203,1
28,SRTsim,sim4,SRTsim_4_4,DeepST,0.8734086145565078,0.8978898140389785,0.8893418809710603,0.9414876033057852,0.8966062795025587,0.8991770287251888,0.8978898140389784,150.26130270957947,858.7872314453125,0.0287603305785124,0.0629940788348703,0.056132356948834,1
29,SRTsim,sim4,SRTsim_4_4,GraphST,0.650637061899504,0.7957562817472728,0.7036859773885836,0.7646280991735537,0.7751889271123431,0.8174447707152435,0.7957562817472726,21.602831840515137,581.4242811203003,0.0829752066115702,0.0640237298503738,0.0539117811801908,1
30,SRTsim,sim4,SRTsim_4_4,SEDR,0.900730269671647,0.9105491647494944,0.9131486839319132,0.9550413223140496,0.9103854771172568,0.9107129112545066,0.9105491647494944,20.88358163833618,386.4131813049317,0.0241322314049586,0.0633321866517771,0.0548236064517679,1
31,SRTsim,sim4,SRTsim_4_4,SpaceFlow,0.5629319247971942,0.7485482448766595,0.6506088599190117,0.6456198347107438,0.69185749291983,0.8153586745501089,0.7485482448766593,18.61042284965515,477.6586847305298,0.0952066115702479,0.0630910554443629,0.0814314036701294,1
32,SRTsim,sim4,SRTsim_4_4,SpaGCN,0.7344034881801261,0.8429262419071639,0.7758462701942289,0.8165289256198347,0.8185564309836684,0.8687916400627934,0.8429262419071638,74.70938515663147,579.6950340270996,0.1110743801652892,0.0655603555604402,0.0488752003791981,1
33,SRTsim,sim4,SRTsim_4_4,SpatialMGCN,0.7692667152134545,0.8696316546978035,0.8028149993876001,0.8512396694214877,0.8523261403895139,0.8876544706298383,0.8696316546978036,51.010406255722046,593.5901956558228,0.0357024793388429,0.0630700940821736,0.0585268500569153,1
34,SRTsim,sim4,SRTsim_4_4,STAGATE,0.8690399516556739,0.8979357580051514,0.8855347251765212,0.9345454545454546,0.8965027664126284,0.8993733379883493,0.8979357580051511,46.464659214019775,477.6797037124634,0.0558677685950413,0.0637854850659519,0.049514353403805,1
35,SRTsim,sim4,SRTsim_4_4,stLearn,0.5806792616104736,0.7173795083523239,0.63859638139487,0.715702479338843,0.7030828356896419,0.7322696739165636,0.7173795083523238,4.890432119369507,352.6026420593262,0.2948760330578512,0.0686463390908506,0.0367913172733696,1
36,SRTsim,sim4,SRTsim_4_5,CCST,0.6819620242838325,0.7952553257001092,0.7158642492022179,0.8105785123966942,0.7861534418954552,0.8045704367685933,0.795255325700109,284.6043105125427,845.4357595443726,0.0938842975206611,0.0632351533474998,0.0764061558064455,1
37,SRTsim,sim4,SRTsim_4_5,DeepST,0.7371438948202552,0.8247431078050435,0.7640143539484059,0.8489256198347107,0.8211983742052481,0.8283185760231894,0.8247431078050435,111.25148677825928,858.7904510498047,0.0677685950413223,0.0633259579672162,0.115214955291511,1
38,SRTsim,sim4,SRTsim_4_5,GraphST,0.5268359491870194,0.6681208785959153,0.5771035372007732,0.6466115702479339,0.6588842166061265,0.6776201935399326,0.6681208785959154,18.943490266799927,581.4234161376953,0.1897520661157024,0.0651396063566173,0.0419646843917846,1
39,SRTsim,sim4,SRTsim_4_5,SEDR,0.777225463234685,0.8285747583557119,0.799458159645945,0.8876033057851239,0.8284614614090018,0.8286880862946997,0.828574758355712,24.51510977745056,386.41259574890137,0.0839669421487603,0.0633992760598874,0.1529329713418389,1
40,SRTsim,sim4,SRTsim_4_5,SpaceFlow,0.5471961880133313,0.70759960888647,0.6088595453735759,0.6472727272727272,0.6737337448484436,0.7450502652900376,0.70759960888647,15.52055048942566,477.65784645080566,0.108099173553719,0.0637129507234533,0.0364096831563448,1
41,SRTsim,sim4,SRTsim_4_5,SpaGCN,0.4888428081012657,0.6519058190738126,0.5458723805845832,0.5775206611570248,0.6381434683332916,0.6662748579173796,0.6519058190738125,54.205583810806274,579.7069520950317,0.3418181818181818,0.0706418996730619,0.0330503626359869,1
42,SRTsim,sim4,SRTsim_4_5,SpatialMGCN,0.6273115720743943,0.7701582859664287,0.6734829104851081,0.7371900826446282,0.7462773119830398,0.7956181741507797,0.7701582859664287,48.65606188774109,593.589653968811,0.1140495867768595,0.0636269837187539,0.0769423093202038,1
43,SRTsim,sim4,SRTsim_4_5,STAGATE,0.7183292317426083,0.8221063467046789,0.7486224408167056,0.8294214876033058,0.8119653670258717,0.8325038400801726,0.8221063467046789,68.7158784866333,477.6791591644287,0.1163636363636363,0.0645213463177771,0.0714122104538733,1
44,SRTsim,sim4,SRTsim_4_5,stLearn,0.425379698775891,0.6311357313601252,0.4860467029795884,0.5857851239669422,0.6237306724840153,0.6387187315573419,0.6311357313601252,5.423886299133301,352.60221672058105,0.5024793388429752,0.0698180057015309,0.0063700298946213,1
45,SRTsim,sim4,SRTsim_4_6,CCST,0.5411936139952185,0.7408364074037879,0.5915117673053493,0.6661157024793388,0.713990844568004,0.7697795884962327,0.7408364074037879,272.45586466789246,845.435375213623,0.0862809917355371,0.0633236977393756,0.0031242080078123,1
46,SRTsim,sim4,SRTsim_4_6,DeepST,0.7464937865376313,0.8280134737089282,0.7677681312827713,0.8684297520661157,0.8267424206268518,0.8292884411022721,0.8280134737089281,97.39614725112916,858.7856817245483,0.0942148760330578,0.0632591313061885,0.0891969627890418,1
47,SRTsim,sim4,SRTsim_4_6,GraphST,0.4045163413150878,0.5796709848342027,0.4584588040042632,0.5289256198347108,0.571197458217602,0.5883997010714683,0.5796709848342027,22.077847242355347,581.4236993789673,0.2452892561983471,0.0662363913664707,-0.0065315479435879,1
48,SRTsim,sim4,SRTsim_4_6,SEDR,0.649623111042042,0.7807420213830123,0.681155759316197,0.7844628099173554,0.7727625823519224,0.7888879689147325,0.7807420213830123,24.36633849143982,386.41264152526855,0.1104132231404958,0.0634551784644382,0.0496185835834106,1
49,SRTsim,sim4,SRTsim_4_6,SpaceFlow,0.5227251716729495,0.6863753849622709,0.5695578019722005,0.6343801652892562,0.6703117482840362,0.7032278368277499,0.6863753849622708,14.21734881401062,477.6578960418701,0.1586776859504132,0.0632195752950204,0.0221710233539873,1
50,SRTsim,sim4,SRTsim_4_6,SpaGCN,0.4331894981709366,0.6321813147286939,0.4863327458320911,0.548099173553719,0.6150478133912769,0.6502967523140353,0.6321813147286939,152.94227194786072,579.6949424743652,0.4330578512396694,0.069675082347122,-0.079999333001946,1
51,SRTsim,sim4,SRTsim_4_6,SpatialMGCN,0.6001362653998604,0.7613111423757898,0.63712496220713,0.7008264462809918,0.7490737817199284,0.7739549785845435,0.7613111423757898,53.35877203941345,593.5894250869751,0.1378512396694214,0.0639882277530703,0.0347201484927129,1
52,SRTsim,sim4,SRTsim_4_6,STAGATE,0.5943759136962076,0.7557532827968698,0.632092935305799,0.72,0.7430152885414377,0.7689356466059524,0.7557532827968698,66.05632019042969,477.6789846420288,0.1874380165289256,0.0656753395450651,0.0148114811483645,1
53,SRTsim,sim4,SRTsim_4_6,stLearn,0.365563362616626,0.6237362832764364,0.4320479513497525,0.5368595041322314,0.6036253107941278,0.6452335154875264,0.6237362832764364,5.028346538543701,352.6022291183472,0.5190082644628099,0.0708444448180071,-0.0320964647167104,1
54,SRTsim,sim4,SRTsim_4_7,CCST,0.5074369530442264,0.7279237475805086,0.5599888256816619,0.6224793388429752,0.6939728335296201,0.7653674685545402,0.7279237475805085,275.88735461235046,845.497724533081,0.088595041322314,0.0635319269949324,-0.025482378746744,1
55,SRTsim,sim4,SRTsim_4_7,DeepST,0.5610793608971802,0.7472635924484521,0.5932707975818906,0.7001652892561984,0.7444475960632562,0.7501009736712003,0.7472635924484521,86.54593634605408,858.7859086990356,0.1484297520661157,0.0642279107093358,0.0105920821771847,1
56,SRTsim,sim4,SRTsim_4_7,GraphST,0.3246983354227023,0.5758778958058761,0.3829214375402819,0.4892561983471074,0.5616106322289234,0.5908889513848242,0.5758778958058761,22.42614817619324,581.4241256713867,0.2753719008264463,0.0662679907549775,-0.0704070289135264,1
57,SRTsim,sim4,SRTsim_4_7,SEDR,0.6760105660890952,0.7925237435727688,0.6992288790190316,0.8241322314049587,0.7924258971881398,0.7926216141239408,0.7925237435727689,22.63093495368957,386.4124193191528,0.1540495867768595,0.0637000074903573,0.0426148197923156,1
58,SRTsim,sim4,SRTsim_4_7,SpaceFlow,0.5007221081343226,0.6970793264954627,0.5438493405597603,0.6320661157024794,0.6795317306145974,0.7155572108984902,0.6970793264954627,21.290730237960812,477.6578578948975,0.1414876033057851,0.0630580322523407,-0.006657276579601,1
59,SRTsim,sim4,SRTsim_4_7,SpaGCN,0.4390682584746447,0.6638796312649281,0.5082711250253161,0.511404958677686,0.6192648001749504,0.7154220992130675,0.6638796312649282,44.15705466270447,579.6949577331543,0.3153719008264463,0.0721355377846922,-0.0433988021726542,1
60,SRTsim,sim4,SRTsim_4_7,SpatialMGCN,0.6045126793075997,0.7772591405388607,0.6391535046922874,0.6942148760330579,0.7576554654231368,0.79790421703885,0.7772591405388607,61.80133295059204,593.5895090103149,0.1256198347107438,0.0637707906312399,0.0116993004306641,1
61,SRTsim,sim4,SRTsim_4_7,STAGATE,0.5574474748662561,0.7534470026154193,0.5969314680547221,0.6856198347107438,0.7309746259672133,0.7773449434384865,0.7534470026154194,68.45602679252625,477.67909812927246,0.1943801652892562,0.0648395481438479,-0.0686700740658918,1
62,SRTsim,sim4,SRTsim_4_7,stLearn,0.360013756914095,0.5961903250993668,0.4152158665372149,0.5064462809917355,0.5793814234511954,0.6140036809775897,0.5961903250993668,4.907550811767578,352.6015672683716,0.5758677685950413,0.0746034585148471,-0.026211289828047,1
63,SRTsim,sim4,SRTsim_4_8,CCST,0.5026357313437326,0.7343657250848393,0.5541093858701992,0.5976859504132231,0.694931918414992,0.7785440919009697,0.7343657250848393,271.5857675075531,845.4404973983765,0.0866115702479338,0.0637218722740424,-0.0323313674075203,1
64,SRTsim,sim4,SRTsim_4_8,DeepST,0.6079743922831193,0.7773311058753344,0.6333723158712399,0.7424793388429752,0.7727312806156605,0.7819860216856477,0.7773311058753345,60.92594814300537,858.7872772216797,0.1408264462809917,0.0645143428139945,-0.0214232144116563,1
65,SRTsim,sim4,SRTsim_4_8,GraphST,0.3626506761260163,0.6002057870103098,0.4110565500812158,0.5153719008264462,0.5844292015148886,0.6168577774291678,0.6002057870103098,28.636050939559937,581.4240064620972,0.2542148760330578,0.0666676790955902,-0.0765478120664407,1
66,SRTsim,sim4,SRTsim_4_8,SEDR,0.5865973284007965,0.7644298572533542,0.613576876063526,0.7375206611570247,0.7595852997209117,0.76933660763262,0.7644298572533541,27.599724769592285,386.4121475219727,0.1580165289256198,0.0634537008713072,-0.009607593547105,1
67,SRTsim,sim4,SRTsim_4_8,SpaceFlow,0.4630519344022984,0.6773078885144782,0.5034737345096348,0.5963636363636363,0.6610043450974394,0.6944360176223009,0.6773078885144783,25.4469997882843,477.6578960418701,0.1666115702479338,0.0631205057189538,-0.0437891914335068,1
68,SRTsim,sim4,SRTsim_4_8,SpaGCN,0.4006841160380022,0.6424914054527344,0.4627583746081242,0.4813223140495867,0.6011284296435359,0.6899672835715446,0.6424914054527344,54.15265583992005,579.696852684021,0.3709090909090909,0.071857736292717,-0.0152707523581816,1
69,SRTsim,sim4,SRTsim_4_8,SpatialMGCN,0.5149597887229552,0.7226416972737094,0.5507981963663793,0.6198347107438017,0.7075433570108465,0.7383984576946486,0.7226416972737094,55.85420274734497,593.5999956130981,0.1920661157024793,0.063792574526426,-0.0324355926453426,1
70,SRTsim,sim4,SRTsim_4_8,STAGATE,0.4751805130897495,0.6903970621315794,0.5192867174994226,0.5669421487603306,0.666753293420286,0.7157793459087974,0.6903970621315795,65.95830345153809,477.679144859314,0.2390082644628099,0.0672232188400356,-0.1010440021003118,1
71,SRTsim,sim4,SRTsim_4_8,stLearn,0.3165089331005974,0.573329626590006,0.3732023096104074,0.4535537190082644,0.5526852320513096,0.5955761200497621,0.573329626590006,4.9424684047698975,352.6021614074707,0.607603305785124,0.077847796398187,-0.0317375290111882,1
72,SRTsim,sim4,SRTsim_4_1,CCST,1.0,1.0,1.0,1.0,1.0,1.0,1.0,265.8887622356415,845.4392137527466,0.0,0.0629940788348703,0.3531642450835382,2
73,SRTsim,sim4,SRTsim_4_1,DeepST,1.0,1.0,1.0,1.0,1.0,1.0,1.0,178.40131878852844,858.7989177703857,0.0,0.0629940788348703,0.3531642450835382,2
74,SRTsim,sim4,SRTsim_4_1,GraphST,0.9986776859504132,0.9960304311109875,0.9993388352388972,0.9996694214876032,0.9960389139237844,0.996021948442678,0.9960304311109875,20.174147367477417,581.4232244491577,0.0003305785123966,0.0629940788348703,0.3531507869833472,2
75,SRTsim,sim4,SRTsim_4_1,SEDR,1.0,1.0,1.0,1.0,1.0,1.0,1.0,19.563045978546143,386.4289388656616,0.0,0.0629940788348703,0.3531642450835382,2
76,SRTsim,sim4,SRTsim_4_1,SpaceFlow,0.9973562464471556,0.9927222254795952,0.9986780928559508,0.9993388429752066,0.9927388215580952,0.9927056299559748,0.9927222254795952,16.771891117095947,477.68634700775146,0.0,0.0629940788348703,0.3531414234677834,2
77,SRTsim,sim4,SRTsim_4_1,SpaGCN,1.0,1.0,1.0,1.0,1.0,1.0,1.0,25.88014793395996,579.6954593658447,0.0,0.0629940788348703,0.3531642450835382,2
78,SRTsim,sim4,SRTsim_4_1,SpatialMGCN,1.0,1.0,1.0,1.0,1.0,1.0,1.0,49.45438575744629,593.5906400680542,0.0,0.0629940788348703,0.3531642450835382,2
79,SRTsim,sim4,SRTsim_4_1,STAGATE,1.0,1.0,1.0,1.0,1.0,1.0,1.0,59.02815318107605,477.6791887283325,0.0,0.0629940788348703,0.3531642450835382,2
80,SRTsim,sim4,SRTsim_4_1,stLearn,1.0,1.0,1.0,1.0,1.0,1.0,1.0,5.696155309677124,352.60229682922363,0.0,0.0629940788348703,0.3531642450835382,2
81,SRTsim,sim4,SRTsim_4_2,CCST,0.9937376999384032,0.9894836336160908,0.9953032879951396,0.9976859504132232,0.9894807244080084,0.98948654284128,0.9894836336160906,269.1228470802307,845.427487373352,0.0013223140495867,0.0629940788348703,0.162921321885542,2
82,SRTsim,sim4,SRTsim_4_2,DeepST,0.998206599085692,0.9966826285374576,0.9986549501000014,0.9993388429752066,0.996682010986031,0.9966832460896496,0.9966826285374578,160.18548274040222,858.7864456176758,0.0006611570247933,0.0629940788348703,0.1630698118109005,2
83,SRTsim,sim4,SRTsim_4_2,GraphST,0.9946256275591382,0.9898435570277112,0.995969223020942,0.99801652892562,0.9898429437138202,0.9898441703423622,0.9898435570277112,20.732478380203247,581.4244575500488,0.0019834710743801,0.06301133040631,0.1626694362355285,2
84,SRTsim,sim4,SRTsim_4_2,SEDR,0.996414944126709,0.9930353359314044,0.9973112084870388,0.9986776859504132,0.9930351821086494,0.9930354897542072,0.9930353359314044,22.030853509902958,386.4131498336792,0.0013223140495867,0.0629940788348703,0.1629745897108717,2
85,SRTsim,sim4,SRTsim_4_2,SpaceFlow,0.6521106196318007,0.7905680695655202,0.7679008795938432,0.7279338842975207,0.7226243748100593,0.8726143514223393,0.7905680695655202,14.848453044891356,477.6582546234131,0.0426446280991735,0.0630149033237413,0.176789992236688,2
86,SRTsim,sim4,SRTsim_4_2,SpaGCN,0.9973116516376276,0.9953141095033792,0.9979837413809092,0.99900826446281,0.9953127219185924,0.9953154970920348,0.9953141095033792,29.487395763397217,579.69775390625,0.00099173553719,0.063515490817193,0.1626798718419037,2
87,SRTsim,sim4,SRTsim_4_2,SpatialMGCN,0.9919466389767398,0.9861668740642116,0.9939599959939336,0.9970247933884298,0.9861639746078252,0.9861697735376472,0.9861668740642116,43.88419151306152,593.5893125534058,0.0016528925619834,0.0629940788348703,0.1628013966289342,2
88,SRTsim,sim4,SRTsim_4_2,STAGATE,0.9937434973855443,0.9893444930054268,0.9953076237232036,0.9976859504132232,0.9893443397543894,0.989344646256512,0.9893444930054268,61.97846174240112,477.67943477630615,0.0023140495867768,0.0629940788348703,0.1627559313962425,2
89,SRTsim,sim4,SRTsim_4_2,stLearn,0.972726596946398,0.9638929630360556,0.979545022304558,0.9897520661157024,0.9638892302969956,0.9638966958040264,0.9638929630360556,4.651195287704468,352.6028537750244,0.0102479338842975,0.0644326597807859,0.1570594422999568,2
90,SRTsim,sim4,SRTsim_4_3,CCST,0.9582016838197918,0.9507350860375056,0.9651704581670144,0.9818181818181818,0.9506447456277136,0.9508254436191488,0.9507350860375056,281.2366092205048,845.3453245162964,0.0095867768595041,0.0630565523014834,0.0905428079265317,2
91,SRTsim,sim4,SRTsim_4_3,DeepST,0.9830119476757914,0.9768500865389343,0.9858434019151012,0.9927272727272728,0.9768391602590988,0.9768610130632012,0.9768500865389343,133.39281678199768,858.7844161987305,0.0052892561983471,0.0629940788348703,0.0922844721974274,2
92,SRTsim,sim4,SRTsim_4_3,GraphST,0.5567016411344193,0.7073981071256737,0.6407790729776258,0.692892561983471,0.6838733014618156,0.7325990473913182,0.7073981071256737,20.961971521377563,581.4239721298218,0.1071074380165289,0.0636582929901718,0.024145644769698,2
93,SRTsim,sim4,SRTsim_4_3,SEDR,0.9670342901301442,0.9593223062040728,0.972529925531615,0.9857851239669422,0.9592567213797998,0.959387899997088,0.9593223062040728,18.55500721931457,386.4124145507813,0.0059504132231404,0.0629940788348703,0.0916419362348747,2
94,SRTsim,sim4,SRTsim_4_3,SpaceFlow,0.6197619046559513,0.7611359040386081,0.7066588964015252,0.6664462809917355,0.7092957729995754,0.8211511848965098,0.7611359040386081,24.29454040527344,477.6581859588623,0.0760330578512396,0.0630357278126124,0.1119785188074991,2
95,SRTsim,sim4,SRTsim_4_3,SpaGCN,0.7856106294715783,0.8818747958915054,0.830725637667493,0.8333884297520661,0.8466603032589907,0.9201457107154368,0.8818747958915054,50.16494059562683,579.6955680847168,0.0479338842975206,0.0640499880891721,0.0963787052260846,2
96,SRTsim,sim4,SRTsim_4_3,SpatialMGCN,0.7382125521000403,0.7976613352370964,0.7826122390642111,0.8647933884297521,0.7938345088822724,0.8015252361679628,0.7976613352370965,48.4751660823822,593.5890312194824,0.0783471074380165,0.0640162048816465,0.0755508698932121,2
97,SRTsim,sim4,SRTsim_4_3,STAGATE,0.9536786335027692,0.9509784230625364,0.9614008096361912,0.979504132231405,0.9509116203754416,0.951045235136229,0.9509784230625364,61.73003697395325,477.6795501708984,0.0148760330578512,0.0637864220480871,0.0876234979517508,2
98,SRTsim,sim4,SRTsim_4_3,stLearn,0.691724309741276,0.8099005937075984,0.7486891745843678,0.8211570247933885,0.7924353308243614,0.8281530751433944,0.8099005937075984,5.270193338394165,352.60250186920166,0.1451239669421487,0.0652057646845314,0.078530946392533,2
99,SRTsim,sim4,SRTsim_4_4,CCST,0.7460542852588055,0.842400447447112,0.7819150444892577,0.8433057851239669,0.8257331860036654,0.859754420802632,0.842400447447112,276.348952293396,845.4401903152466,0.0436363636363636,0.0631545982418783,0.0467593778146926,2
100,SRTsim,sim4,SRTsim_4_4,DeepST,0.8902650759365255,0.9041250996966764,0.9040023830364688,0.9494214876033058,0.9038231437747208,0.9044272574453964,0.9041250996966764,130.19747924804688,858.786750793457,0.0327272727272727,0.063061605169772,0.0514937645224313,2
101,SRTsim,sim4,SRTsim_4_4,GraphST,0.650637061899504,0.7957562817472728,0.7036859773885836,0.7646280991735537,0.7751889271123431,0.8174447707152435,0.7957562817472726,23.88225293159485,581.4236059188843,0.0829752066115702,0.0640237298503738,0.0539117811801908,2
102,SRTsim,sim4,SRTsim_4_4,SEDR,0.8560514874104924,0.8874424542314813,0.8741852545596144,0.9322314049586776,0.8860206628583663,0.8888688160167318,0.8874424542314814,20.69636821746826,386.4135160446167,0.0228099173553719,0.0630027046205902,0.055311202211638,2
103,SRTsim,sim4,SRTsim_4_4,SpaceFlow,0.547256673851286,0.7446462621516581,0.6396335180831154,0.6502479338842975,0.6853948654013761,0.8151114723253158,0.744646262151658,25.159502744674683,477.6586971282959,0.0932231404958677,0.0630529793840521,0.07950115475104,2
104,SRTsim,sim4,SRTsim_4_4,SpaGCN,0.7344034881801261,0.8429262419071639,0.7758462701942289,0.8165289256198347,0.8185564309836684,0.8687916400627934,0.8429262419071638,90.59065175056458,579.6958141326904,0.1110743801652892,0.0655603555604402,0.0488752003791981,2
105,SRTsim,sim4,SRTsim_4_4,SpatialMGCN,0.7692667152134545,0.8696316546978035,0.8028149993876001,0.8512396694214877,0.8523261403895139,0.8876544706298383,0.8696316546978036,50.50876212120056,593.590012550354,0.0357024793388429,0.0630700940821736,0.0585268500569153,2
106,SRTsim,sim4,SRTsim_4_4,STAGATE,0.8656303301741881,0.8976667461511677,0.8826122090821444,0.931900826446281,0.8956864107307694,0.8996558578985612,0.8976667461511676,66.30419945716858,477.6796350479126,0.0595041322314049,0.0636376206772807,0.0491241449406101,2
107,SRTsim,sim4,SRTsim_4_4,stLearn,0.5277656674757724,0.6818269179528318,0.5891215667722064,0.6730578512396694,0.6760158844085892,0.6877387210179419,0.6818269179528318,5.1689064502716064,352.6030035018921,0.3431404958677685,0.0692287076312309,0.0182354684058382,2
108,SRTsim,sim4,SRTsim_4_5,CCST,0.5807442854347451,0.74735406126795,0.6307978727879087,0.7338842975206612,0.7271426482151065,0.7687211771594122,0.7473540612679499,273.94783997535706,845.4388437271118,0.0909090909090909,0.0632802628257942,0.0281029802084356,2
109,SRTsim,sim4,SRTsim_4_5,DeepST,0.7889548558966298,0.844604805452239,0.8101472774903562,0.8912396694214876,0.8434614938176945,0.8457512208105813,0.844604805452239,136.2979986667633,858.7865085601807,0.0833057851239669,0.0633836369228743,0.1456761154626443,2
110,SRTsim,sim4,SRTsim_4_5,GraphST,0.5268359491870194,0.6681208785959153,0.5771035372007732,0.6466115702479339,0.6588842166061265,0.6776201935399326,0.6681208785959154,23.84200358390808,581.4237642288208,0.1897520661157024,0.0651396063566173,0.0419646843917846,2
111,SRTsim,sim4,SRTsim_4_5,SEDR,0.7695849314408063,0.8281422871502844,0.7925912223362426,0.8826446280991735,0.8279424370156007,0.8283422337885841,0.8281422871502845,17.14864182472229,386.4120864868164,0.0829752066115702,0.0638443661280965,0.1427132476117387,2
112,SRTsim,sim4,SRTsim_4_5,SpaceFlow,0.5535983805318309,0.708270943996263,0.6155797239810178,0.6366942148760331,0.6708267688460837,0.7501423524383962,0.7082709439962631,14.477753162384031,477.6579875946045,0.088595041322314,0.06362203628795,0.0306411286120949,2
113,SRTsim,sim4,SRTsim_4_5,SpaGCN,0.4888428081012657,0.6519058190738126,0.5458723805845832,0.5775206611570248,0.6381434683332916,0.6662748579173796,0.6519058190738125,64.23136878013611,579.6948871612549,0.3418181818181818,0.0706418996730619,0.0330503626359869,2
114,SRTsim,sim4,SRTsim_4_5,SpatialMGCN,0.6273115720743943,0.7701582859664287,0.6734829104851081,0.7371900826446282,0.7462773119830398,0.7956181741507797,0.7701582859664287,50.747185707092285,593.5903835296631,0.1140495867768595,0.0636269837187539,0.0769423093202038,2
115,SRTsim,sim4,SRTsim_4_5,STAGATE,0.7387990990936014,0.8296410888862576,0.7676337473244641,0.819504132231405,0.8122017871472543,0.8478457242959558,0.8296410888862578,64.83106398582458,477.6793813705444,0.1057851239669421,0.0645516537220887,0.0725541166412324,2
116,SRTsim,sim4,SRTsim_4_5,stLearn,0.4417768151182952,0.6364949126362304,0.501954145766347,0.6049586776859505,0.6273034608897338,0.6459597219100308,0.6364949126362301,5.396072864532471,352.60205078125,0.4707438016528925,0.0718349166383484,0.0140097126131414,2
117,SRTsim,sim4,SRTsim_4_6,CCST,0.5577763691241057,0.7499851837072138,0.6082017824986454,0.6809917355371901,0.7211877958268949,0.7811780107479017,0.7499851837072138,274.7254204750061,845.4359827041626,0.096198347107438,0.0635001074236844,0.013540239273966,2
118,SRTsim,sim4,SRTsim_4_6,DeepST,0.6866351117142084,0.803361715545295,0.7134772636287433,0.819504132231405,0.7997278982648867,0.8070287063622057,0.8033617155452951,103.72421741485596,858.7850723266602,0.1074380165289256,0.0635688149134506,0.0600012746841344,2
119,SRTsim,sim4,SRTsim_4_6,GraphST,0.4045163413150878,0.5796709848342027,0.4584588040042632,0.5289256198347108,0.571197458217602,0.5883997010714683,0.5796709848342027,20.83228087425232,581.4238901138306,0.2452892561983471,0.0662363913664707,-0.0065315479435879,2
120,SRTsim,sim4,SRTsim_4_6,SEDR,0.6532626434835567,0.7802817329569495,0.6839987405142683,0.7841322314049587,0.7735911958628345,0.7870890082129004,0.7802817329569494,23.363566875457764,386.4126892089844,0.1249586776859504,0.0635061911446905,0.0560387740961955,2
121,SRTsim,sim4,SRTsim_4_6,SpaceFlow,0.4878285018622007,0.6759841103300468,0.5467965590827736,0.5884297520661157,0.6456557694814647,0.7093021058432075,0.6759841103300468,24.095086097717285,477.65778160095215,0.140495867768595,0.0630529793840522,0.0088194799173439,2
122,SRTsim,sim4,SRTsim_4_6,SpaGCN,0.4331894981709366,0.6321813147286939,0.4863327458320911,0.548099173553719,0.6150478133912769,0.6502967523140353,0.6321813147286939,143.33942914009094,579.6952314376831,0.4330578512396694,0.069675082347122,-0.079999333001946,2
123,SRTsim,sim4,SRTsim_4_6,SpatialMGCN,0.6001362653998604,0.7613111423757898,0.63712496220713,0.7008264462809918,0.7490737817199284,0.7739549785845435,0.7613111423757898,52.14610552787781,593.5894174575806,0.1378512396694214,0.0639882277530703,0.0347201484927129,2
124,SRTsim,sim4,SRTsim_4_6,STAGATE,0.5958932842328521,0.7601449421372162,0.6364782086202376,0.7014876033057851,0.7410211498843768,0.7802819516466739,0.7601449421372162,67.43408560752869,477.6793813705444,0.1692561983471074,0.0653152060635785,0.0216926173731911,2
125,SRTsim,sim4,SRTsim_4_6,stLearn,0.3898116022581678,0.6153280581550297,0.4449960005558162,0.5464462809917355,0.6061525878870324,0.6247855802878444,0.6153280581550297,5.370458126068115,352.6022415161133,0.5646280991735537,0.072568487380968,-0.0125558463721817,2
126,SRTsim,sim4,SRTsim_4_7,CCST,0.5263596406018082,0.7392159594668066,0.5807003530174327,0.6284297520661157,0.7010351297461626,0.7817952693907195,0.7392159594668067,277.259533405304,845.4403228759766,0.0922314049586776,0.0630858090079712,-0.0190912038158552,2
127,SRTsim,sim4,SRTsim_4_7,DeepST,0.5884342137040109,0.7629652883363023,0.6188260223604557,0.739504132231405,0.7594212462591182,0.7665425639444761,0.7629652883363022,64.4543046951294,858.7874326705933,0.1312396694214876,0.0637291052243525,-0.0106128384324342,2
128,SRTsim,sim4,SRTsim_4_7,GraphST,0.3246983354227023,0.5758778958058761,0.3829214375402819,0.4892561983471074,0.5616106322289234,0.5908889513848242,0.5758778958058761,22.97345852851868,581.4240474700928,0.2753719008264463,0.0662679907549775,-0.0704070289135264,2
129,SRTsim,sim4,SRTsim_4_7,SEDR,0.6573805109929566,0.7879523917643141,0.6824457645231052,0.795702479338843,0.7853122508081927,0.7906103443791889,0.7879523917643142,21.9729106426239,386.4135332107544,0.1398347107438016,0.0636768853582068,0.0303857743837817,2
130,SRTsim,sim4,SRTsim_4_7,SpaceFlow,0.4515473223476235,0.6843837018181437,0.5078527050181093,0.5996694214876033,0.656316646671694,0.7149585487569645,0.6843837018181437,22.71776843070984,477.6578578948975,0.1438016528925619,0.0637343791188468,-0.0280302833362725,2
131,SRTsim,sim4,SRTsim_4_7,SpaGCN,0.4390682584746447,0.6638796312649281,0.5082711250253161,0.511404958677686,0.6192648001749504,0.7154220992130675,0.6638796312649282,40.73977851867676,579.6948537826538,0.3153719008264463,0.0721355377846922,-0.0433988021726542,2
132,SRTsim,sim4,SRTsim_4_7,SpatialMGCN,0.6045126793075997,0.7772591405388607,0.6391535046922874,0.6942148760330579,0.7576554654231368,0.79790421703885,0.7772591405388607,59.27698564529419,593.5889835357666,0.1256198347107438,0.0637707906312399,0.0116993004306641,2
133,SRTsim,sim4,SRTsim_4_7,STAGATE,0.5372897598504836,0.7303059785480319,0.5774969616386297,0.6628099173553719,0.7127457791678461,0.7487533096847944,0.730305978548032,70.58559203147888,477.6793584823608,0.211900826446281,0.0660775659773401,-0.0654307669490988,2
134,SRTsim,sim4,SRTsim_4_7,stLearn,0.3336656708408778,0.5888878147000886,0.3962881337604489,0.4829752066115702,0.5680336702430864,0.61133154838892,0.5888878147000884,6.088593006134033,352.60200023651123,0.5705785123966942,0.074590088234223,-0.0434472508896405,2
135,SRTsim,sim4,SRTsim_4_8,CCST,0.4234979454705276,0.6945548959014873,0.4984156043012401,0.5252892561983471,0.6349165856763758,0.766558449864394,0.6945548959014873,279.734991312027,845.4967384338379,0.0866115702479338,0.0632053902885108,-0.0442278670164605,2
136,SRTsim,sim4,SRTsim_4_8,DeepST,0.5732723295561366,0.7645596535808572,0.6005567097843919,0.703801652892562,0.7612937292189921,0.7678537200817549,0.7645596535808573,59.906957387924194,858.7852554321289,0.1619834710743801,0.0641009929144563,-0.0271292254791247,2
137,SRTsim,sim4,SRTsim_4_8,GraphST,0.3626506761260163,0.6002057870103098,0.4110565500812158,0.5153719008264462,0.5844292015148886,0.6168577774291678,0.6002057870103098,25.954790592193604,581.4233331680298,0.2542148760330578,0.0666676790955902,-0.0765478120664407,2
138,SRTsim,sim4,SRTsim_4_8,SEDR,0.6037723697909454,0.7652170257843256,0.6286270546746409,0.7669421487603306,0.764453480043393,0.7659820983284078,0.7652170257843256,21.830745697021484,386.4122009277344,0.1811570247933884,0.0640460088643368,-0.0075141060529214,2
139,SRTsim,sim4,SRTsim_4_8,SpaceFlow,0.4645942702755353,0.6819786628308014,0.5057398195440794,0.5980165289256199,0.664304904809162,0.7006185411024763,0.6819786628308016,14.631969928741457,477.6578960418701,0.1692561983471074,0.0632122925868395,-0.0424328288547617,2
140,SRTsim,sim4,SRTsim_4_8,SpaGCN,0.4006841160380022,0.6424914054527344,0.4627583746081242,0.4813223140495867,0.6011284296435359,0.6899672835715446,0.6424914054527344,48.53013777732849,579.6950092315674,0.3709090909090909,0.071857736292717,-0.0152707523581816,2
141,SRTsim,sim4,SRTsim_4_8,SpatialMGCN,0.5149597887229552,0.7226416972737094,0.5507981963663793,0.6198347107438017,0.7075433570108465,0.7383984576946486,0.7226416972737094,55.429585218429565,593.5887403488159,0.1920661157024793,0.063792574526426,-0.0324355926453426,2
142,SRTsim,sim4,SRTsim_4_8,STAGATE,0.4553192942439464,0.6706589073331766,0.494289505845971,0.5715702479338843,0.6577593728032565,0.6840745167718214,0.6706589073331766,70.46677041053772,477.6788854598999,0.2813223140495868,0.0673831730293098,-0.0308833212498242,2
143,SRTsim,sim4,SRTsim_4_8,stLearn,0.2899547737264314,0.5626209241668946,0.3385747532227107,0.4350413223140495,0.5543806832548701,0.5711098248192487,0.5626209241668946,5.894704341888428,352.601676940918,0.7259504132231405,0.0771977392376789,-0.0526976009052804,2
144,SRTsim,sim4,SRTsim_4_1,CCST,1.0,1.0,1.0,1.0,1.0,1.0,1.0,265.6636140346527,845.4401960372925,0.0,0.0629940788348703,0.3531642450835382,3
145,SRTsim,sim4,SRTsim_4_1,DeepST,1.0,1.0,1.0,1.0,1.0,1.0,1.0,177.80989980697632,858.7886457443237,0.0,0.0629940788348703,0.3531642450835382,3
146,SRTsim,sim4,SRTsim_4_1,GraphST,0.9986776859504132,0.9960304311109875,0.9993388352388972,0.9996694214876032,0.9960389139237844,0.996021948442678,0.9960304311109875,18.51841354370117,581.4255819320679,0.0003305785123966,0.0629940788348703,0.3531507869833472,3
147,SRTsim,sim4,SRTsim_4_1,SEDR,1.0,1.0,1.0,1.0,1.0,1.0,1.0,18.30659770965576,386.41682147979736,0.0,0.0629940788348703,0.3531642450835382,3
148,SRTsim,sim4,SRTsim_4_1,SpaceFlow,0.8634719489264944,0.8086729797745589,0.931983860694428,0.9646280991735536,0.8065949168344776,0.8107617779666416,0.8086729797745589,16.518088817596436,477.6579284667969,0.0333884297520661,0.0630407806809009,0.3045175439784497,3
149,SRTsim,sim4,SRTsim_4_1,SpaGCN,1.0,1.0,1.0,1.0,1.0,1.0,1.0,26.22795343399048,579.6952514648438,0.0,0.0629940788348703,0.3531642450835382,3
150,SRTsim,sim4,SRTsim_4_1,SpatialMGCN,1.0,1.0,1.0,1.0,1.0,1.0,1.0,47.71991562843323,593.5896444320679,0.0,0.0629940788348703,0.3531642450835382,3
151,SRTsim,sim4,SRTsim_4_1,STAGATE,1.0,1.0,1.0,1.0,1.0,1.0,1.0,59.2568039894104,477.6790590286255,0.0,0.0629940788348703,0.3531642450835382,3
152,SRTsim,sim4,SRTsim_4_1,stLearn,1.0,1.0,1.0,1.0,1.0,1.0,1.0,6.737353801727295,352.61087799072266,0.0,0.0629940788348703,0.3531642450835382,3
153,SRTsim,sim4,SRTsim_4_2,CCST,0.9884018578715984,0.9813805603308324,0.9913014277053872,0.9957024793388428,0.9813764611613168,0.9813846595345924,0.9813805603308328,261.9473543167114,845.4300880432129,0.0016528925619834,0.0629940788348703,0.1626289895318955,3
154,SRTsim,sim4,SRTsim_4_2,DeepST,0.998206599085692,0.9966826285374576,0.9986549501000014,0.9993388429752066,0.996682010986031,0.9966832460896496,0.9966826285374578,157.95389771461487,858.7856521606445,0.0006611570247933,0.0629940788348703,0.1630776149950349,3
155,SRTsim,sim4,SRTsim_4_2,GraphST,0.9946256275591382,0.9898435570277112,0.995969223020942,0.99801652892562,0.9898429437138202,0.9898441703423622,0.9898435570277112,20.78381085395813,581.4239416122437,0.0019834710743801,0.06301133040631,0.1626694362355285,3
156,SRTsim,sim4,SRTsim_4_2,SEDR,0.9946244614987256,0.9900491248269274,0.9959683484761426,0.99801652892562,0.9900485113856652,0.9900497382689496,0.9900491248269274,18.32643222808838,386.4129867553711,0.0013223140495867,0.0629940788348703,0.1629653281392259,3
157,SRTsim,sim4,SRTsim_4_2,SpaceFlow,0.6761262918954978,0.8246113598799183,0.7874034509092032,0.7451239669421488,0.7433728623654775,0.9257844622985724,0.8246113598799183,17.523269653320312,477.6583309173584,0.0241322314049586,0.0630149033237413,0.1853048156252278,3
158,SRTsim,sim4,SRTsim_4_2,SpaGCN,0.9973116516376276,0.9953141095033792,0.9979837413809092,0.99900826446281,0.9953127219185924,0.9953154970920348,0.9953141095033792,26.646148681640625,579.6945667266846,0.00099173553719,0.063515490817193,0.1626798718419037,3
159,SRTsim,sim4,SRTsim_4_2,SpatialMGCN,0.9919466389767398,0.9861668740642116,0.9939599959939336,0.9970247933884298,0.9861639746078252,0.9861697735376472,0.9861668740642116,55.48722767829895,593.5897607803345,0.0016528925619834,0.0629940788348703,0.1628013966289342,3
160,SRTsim,sim4,SRTsim_4_2,STAGATE,0.9937434973855443,0.9893444930054268,0.9953076237232036,0.9976859504132232,0.9893443397543894,0.989344646256512,0.9893444930054268,63.28433179855347,477.6790075302124,0.0023140495867768,0.0629940788348703,0.1627559313962425,3
161,SRTsim,sim4,SRTsim_4_2,stLearn,0.9735888240496786,0.9647916703926672,0.9801916642565192,0.9900826446280993,0.9647892792183244,0.964794061578863,0.9647916703926674,5.181477069854736,352.6026859283447,0.0099173553719008,0.0643910108030438,0.157175722357847,3
162,SRTsim,sim4,SRTsim_4_3,CCST,0.9485884510345588,0.9403520995846252,0.9571578049434192,0.9775206611570249,0.9403289537922332,0.9403752465164928,0.9403520995846252,270.3154940605164,845.4346256256104,0.0145454545454545,0.0633462982926845,0.0908798247225143,3
163,SRTsim,sim4,SRTsim_4_3,DeepST,0.9822576625311866,0.9763047232465932,0.9852149446111276,0.992396694214876,0.9762837681416616,0.9763256792511114,0.9763047232465932,129.8918490409851,858.7845306396484,0.0052892561983471,0.0629940788348703,0.0921334028363387,3
164,SRTsim,sim4,SRTsim_4_3,GraphST,0.5567016411344193,0.7073981071256737,0.6407790729776258,0.692892561983471,0.6838733014618156,0.7325990473913182,0.7073981071256737,21.93684434890747,581.4238805770874,0.1071074380165289,0.0636582929901718,0.024145644769698,3
165,SRTsim,sim4,SRTsim_4_3,SEDR,0.9725522619202503,0.966657632423126,0.9771281755203216,0.988099173553719,0.9665817726879354,0.966733504066572,0.9666576324231262,18.47519564628601,386.4131422042847,0.0066115702479338,0.0629940788348703,0.0918603799072026,3
166,SRTsim,sim4,SRTsim_4_3,SpaceFlow,0.4783010735538163,0.639548076459318,0.6021809596975165,0.6390082644628099,0.5888833908867432,0.6997513021785772,0.639548076459318,23.17627239227295,477.6581478118897,0.1295867768595041,0.0630702309554919,0.079878142164874,3
167,SRTsim,sim4,SRTsim_4_3,SpaGCN,0.7856106294715783,0.8818747958915054,0.830725637667493,0.8333884297520661,0.8466603032589907,0.9201457107154368,0.8818747958915054,53.53250098228455,579.6947431564331,0.0479338842975206,0.0640499880891721,0.0963787052260846,3
168,SRTsim,sim4,SRTsim_4_3,SpatialMGCN,0.7382125521000403,0.7976613352370964,0.7826122390642111,0.8647933884297521,0.7938345088822724,0.8015252361679628,0.7976613352370965,48.44019317626953,593.5890169143677,0.0783471074380165,0.0640162048816465,0.0755508698932121,3
169,SRTsim,sim4,SRTsim_4_3,STAGATE,0.9522803139080972,0.94953010404141,0.9602357840228384,0.9788429752066116,0.949457290601334,0.9496029286504004,0.9495301040414098,61.86717510223389,477.6790075302124,0.0148760330578512,0.0638697200035712,0.0874851876028853,3
170,SRTsim,sim4,SRTsim_4_3,stLearn,0.6892947318762678,0.8079840832704765,0.7466380310860052,0.8198347107438017,0.7907218414831596,0.8260168500901054,0.8079840832704765,5.23444128036499,352.601676940918,0.1537190082644628,0.0655286880466557,0.077279395763724,3
171,SRTsim,sim4,SRTsim_4_4,CCST,0.7597613134415371,0.8523120064734963,0.7940023248457155,0.8495867768595041,0.8352919582673969,0.8700400883720054,0.8523120064734963,262.9579448699951,845.4352712631226,0.04099173553719,0.0632538046912632,0.0578676087057367,3
172,SRTsim,sim4,SRTsim_4_4,DeepST,0.907815556199804,0.9147260625468296,0.9193475740656388,0.9583471074380164,0.9145637628544032,0.9148884198533151,0.9147260625468296,121.52962040901184,858.7871932983398,0.0224793388429752,0.0629940788348703,0.0556582832876278,3
173,SRTsim,sim4,SRTsim_4_4,GraphST,0.650637061899504,0.7957562817472728,0.7036859773885836,0.7646280991735537,0.7751889271123431,0.8174447707152435,0.7957562817472726,23.759238481521606,581.4245347976685,0.0829752066115702,0.0640237298503738,0.0539117811801908,3
174,SRTsim,sim4,SRTsim_4_4,SEDR,0.7708149321167806,0.8599869002403476,0.8021843417096836,0.8482644628099174,0.8493229043163043,0.8709220929714124,0.8599869002403476,17.493993520736694,386.4121398925781,0.0370247933884297,0.0630971919735248,0.0572349013093894,3
175,SRTsim,sim4,SRTsim_4_4,SpaceFlow,0.6923041750566377,0.8237962752627558,0.7459102790220873,0.7457851239669422,0.7841853905020378,0.8676217072029121,0.8237962752627558,15.654335975646973,477.65807151794434,0.0628099173553719,0.0630357278126124,0.0801658432739451,3
176,SRTsim,sim4,SRTsim_4_4,SpaGCN,0.7344034881801261,0.8429262419071639,0.7758462701942289,0.8165289256198347,0.8185564309836684,0.8687916400627934,0.8429262419071638,78.35071539878845,579.6947269439697,0.1110743801652892,0.0655603555604402,0.0488752003791981,3
177,SRTsim,sim4,SRTsim_4_4,SpatialMGCN,0.7692667152134545,0.8696316546978035,0.8028149993876001,0.8512396694214877,0.8523261403895139,0.8876544706298383,0.8696316546978036,51.5961799621582,593.5896654129028,0.0357024793388429,0.0630700940821736,0.0585268500569153,3
178,SRTsim,sim4,SRTsim_4_4,STAGATE,0.868529958377962,0.9006580938570795,0.8851676865111129,0.9332231404958676,0.8984737383852845,0.9028530963563148,0.9006580938570795,60.3097186088562,477.67925930023193,0.0568595041322314,0.0636579745209951,0.0502181510425774,3
179,SRTsim,sim4,SRTsim_4_4,stLearn,0.5686048483112603,0.7060409808079837,0.6276521701414522,0.7064462809917356,0.6923473766220537,0.7202871931225854,0.7060409808079837,4.8793652057647705,352.6017637252808,0.304793388429752,0.0685838038678307,0.0345070712510035,3
180,SRTsim,sim4,SRTsim_4_5,CCST,0.6819080033230409,0.7969867907148911,0.7157709546190234,0.8115702479338843,0.78823629570854,0.8059337515524019,0.796986790714891,275.7356352806092,845.4434146881104,0.0793388429752066,0.0635405684138058,0.084884119369979,3
181,SRTsim,sim4,SRTsim_4_5,DeepST,0.7862205985771442,0.8416071281596628,0.8076148973298961,0.8902479338842976,0.8410302031839206,0.8421848451899695,0.8416071281596628,109.6303210258484,858.7863540649414,0.0750413223140495,0.0635859377008881,0.14847803678872,3
182,SRTsim,sim4,SRTsim_4_5,GraphST,0.5268359491870194,0.6681208785959153,0.5771035372007732,0.6466115702479339,0.6588842166061265,0.6776201935399326,0.6681208785959154,21.613516807556152,581.4237632751465,0.1897520661157024,0.0651396063566173,0.0419646843917846,3
183,SRTsim,sim4,SRTsim_4_5,SEDR,0.7865864169828491,0.8331803241846732,0.8078815521239203,0.8925619834710744,0.8330945700244268,0.8332660960008575,0.8331803241846731,18.29841113090515,386.412727355957,0.0813223140495867,0.0632282010807403,0.1539931294613184,3
184,SRTsim,sim4,SRTsim_4_5,SpaceFlow,0.5069844094856678,0.6893942870960261,0.5771929866493335,0.644297520661157,0.6530056724349477,0.7300777270794299,0.6893942870960261,20.32535076141357,477.65853691101074,0.112396694214876,0.0636392878593897,0.0404908085628527,3
185,SRTsim,sim4,SRTsim_4_5,SpaGCN,0.4888428081012657,0.6519058190738126,0.5458723805845832,0.5775206611570248,0.6381434683332916,0.6662748579173796,0.6519058190738125,62.76474666595459,579.6950092315674,0.3418181818181818,0.0706418996730619,0.0330503626359869,3
186,SRTsim,sim4,SRTsim_4_5,SpatialMGCN,0.6273115720743943,0.7701582859664287,0.6734829104851081,0.7371900826446282,0.7462773119830398,0.7956181741507797,0.7701582859664287,49.5599057674408,593.5899000167847,0.1140495867768595,0.0636269837187539,0.0769423093202038,3
187,SRTsim,sim4,SRTsim_4_5,STAGATE,0.7074417077888909,0.8093107558651906,0.7378148643854754,0.8125619834710743,0.8034917503118344,0.8152146604597951,0.8093107558651905,65.76818776130676,477.6791677474976,0.1279338842975206,0.0653582268990752,0.0995097165142677,3
188,SRTsim,sim4,SRTsim_4_5,stLearn,0.420046310825022,0.6461717586956243,0.4882820291794559,0.595702479338843,0.627998567431265,0.6654280957051045,0.6461717586956244,5.990214109420776,352.6023759841919,0.4343801652892562,0.0702809087885152,-0.022282014375269,3
189,SRTsim,sim4,SRTsim_4_6,CCST,0.5610129333024058,0.750235810742016,0.6113545774947422,0.6766942148760331,0.7208604773674766,0.7821069611803392,0.750235810742016,273.8762860298157,845.4997882843018,0.0849586776859504,0.0631164654867828,0.0106351192913336,3
190,SRTsim,sim4,SRTsim_4_6,DeepST,0.6192203456603637,0.7737406985809118,0.6528143717600584,0.7229752066115702,0.7664038052223788,0.7812194239790534,0.7737406985809119,92.07676458358765,858.7855987548828,0.1061157024793388,0.0636511786465161,0.0253083330850818,3
191,SRTsim,sim4,SRTsim_4_6,GraphST,0.4045163413150878,0.5796709848342027,0.4584588040042632,0.5289256198347108,0.571197458217602,0.5883997010714683,0.5796709848342027,22.415157794952396,581.4237327575684,0.2452892561983471,0.0662363913664707,-0.0065315479435879,3
192,SRTsim,sim4,SRTsim_4_6,SEDR,0.6580067152206378,0.7836553170817984,0.6887433025850336,0.7880991735537191,0.7758294328776505,0.7916406913395599,0.7836553170817984,22.32953715324402,386.4129943847656,0.1107438016528925,0.0636773269139769,0.0360421083108689,3
193,SRTsim,sim4,SRTsim_4_6,SpaceFlow,0.4539132068658367,0.6431480691282644,0.5159149663583305,0.5646280991735537,0.6149904052782385,0.6740078795271058,0.6431480691282645,18.86510968208313,477.6578960418701,0.1540495867768595,0.0637616652311957,0.0026460328496377,3
194,SRTsim,sim4,SRTsim_4_6,SpaGCN,0.4331894981709366,0.6321813147286939,0.4863327458320911,0.548099173553719,0.6150478133912769,0.6502967523140353,0.6321813147286939,160.84942054748535,579.6953144073486,0.4330578512396694,0.069675082347122,-0.079999333001946,3
195,SRTsim,sim4,SRTsim_4_6,SpatialMGCN,0.6001362653998604,0.7613111423757898,0.63712496220713,0.7008264462809918,0.7490737817199284,0.7739549785845435,0.7613111423757898,53.824031829833984,593.5888948440552,0.1378512396694214,0.0639882277530703,0.0347201484927129,3
196,SRTsim,sim4,SRTsim_4_6,STAGATE,0.5620516119276907,0.7581605818563938,0.6103557930405592,0.6733884297520661,0.7321058756070272,0.7861382300884452,0.7581605818563938,66.54391026496887,477.6788854598999,0.1583471074380165,0.0652482083674279,0.0163583271356633,3
197,SRTsim,sim4,SRTsim_4_6,stLearn,0.3698429513425515,0.6174895099603407,0.4351177290019082,0.5332231404958677,0.5972672567493593,0.639129120647503,0.6174895099603407,5.4366068840026855,352.6015043258667,0.5001652892561983,0.0724752926647573,-0.0319050604131893,3
198,SRTsim,sim4,SRTsim_4_7,CCST,0.557905426097815,0.7551381821180442,0.5982502146813649,0.6849586776859504,0.7325236689706381,0.7791934886421779,0.7551381821180442,275.37333130836487,845.4409294128418,0.0965289256198347,0.0633253046224524,-0.0218908468818403,3
199,SRTsim,sim4,SRTsim_4_7,DeepST,0.571618599683245,0.7531002374961376,0.604217279280211,0.715702479338843,0.7467236533455097,0.7595866642520027,0.7531002374961376,94.71760058403017,858.7852935791016,0.1467768595041322,0.0634620297527608,-0.0097189862552621,3
200,SRTsim,sim4,SRTsim_4_7,GraphST,0.3246983354227023,0.5758778958058761,0.3829214375402819,0.4892561983471074,0.5616106322289234,0.5908889513848242,0.5758778958058761,20.585349798202515,581.4235591888428,0.2753719008264463,0.0662679907549775,-0.0704070289135264,3
201,SRTsim,sim4,SRTsim_4_7,SEDR,0.6210794436560171,0.7816550857561771,0.6490915533938333,0.7603305785123967,0.7779152310172801,0.7854310731696506,0.7816550857561771,19.07763433456421,386.4126129150391,0.1576859504132231,0.0638187556115444,0.0124016022537721,3
202,SRTsim,sim4,SRTsim_4_7,SpaceFlow,0.4559203273537943,0.6817555519642481,0.5073725231808971,0.6009917355371901,0.6570547039664202,0.708386116642232,0.6817555519642481,24.982734203338623,477.6578960418701,0.1408264462809917,0.0636752850015619,-0.0207042987192823,3
203,SRTsim,sim4,SRTsim_4_7,SpaGCN,0.4390682584746447,0.6638796312649281,0.5082711250253161,0.511404958677686,0.6192648001749504,0.7154220992130675,0.6638796312649282,44.4823522567749,579.6948871612549,0.3153719008264463,0.0721355377846922,-0.0433988021726542,3
204,SRTsim,sim4,SRTsim_4_7,SpatialMGCN,0.6045126793075997,0.7772591405388607,0.6391535046922874,0.6942148760330579,0.7576554654231368,0.79790421703885,0.7772591405388607,61.88715696334839,593.5900688171387,0.1256198347107438,0.0637707906312399,0.0116993004306641,3
205,SRTsim,sim4,SRTsim_4_7,STAGATE,0.5156522694997637,0.7265659504626676,0.5556874412911468,0.6783471074380165,0.7146022780819604,0.738937028458926,0.7265659504626676,69.2550835609436,477.679461479187,0.2195041322314049,0.0667846915792521,-0.036274875459475,3
206,SRTsim,sim4,SRTsim_4_7,stLearn,0.3437083432661,0.5820540009593902,0.3951522374539933,0.5054545454545455,0.573737854954511,0.5906147724651293,0.5820540009593901,5.238790512084961,352.60205078125,0.6489256198347108,0.0774716283347842,-0.0433529380412139,3
207,SRTsim,sim4,SRTsim_4_8,CCST,0.4470705121046731,0.7054498695605492,0.5093890683580916,0.5345454545454545,0.6587308510494162,0.7593016478472282,0.7054498695605492,273.83680963516235,845.4387378692627,0.0988429752066115,0.0631779263172784,-0.0313531873391533,3
208,SRTsim,sim4,SRTsim_4_8,DeepST,0.5766651577672322,0.7625456074621421,0.6042619973839093,0.7226446280991735,0.756615573664908,0.7685693297586711,0.762545607462142,61.69702434539795,858.7868194580078,0.1537190082644628,0.0638535289353752,-0.0417555826976725,3
209,SRTsim,sim4,SRTsim_4_8,GraphST,0.3626506761260163,0.6002057870103098,0.4110565500812158,0.5153719008264462,0.5844292015148886,0.6168577774291678,0.6002057870103098,28.827256202697757,581.4235858917236,0.2542148760330578,0.0666676790955902,-0.0765478120664407,3
210,SRTsim,sim4,SRTsim_4_8,SEDR,0.5644185716863664,0.754869929355853,0.5927285135916257,0.71900826446281,0.7503266140282764,0.7594686004796822,0.754869929355853,23.747225999832157,386.4135980606079,0.1735537190082644,0.0639762917239396,-0.0315490313455697,3
211,SRTsim,sim4,SRTsim_4_8,SpaceFlow,0.4707670852186386,0.6839349780905791,0.5157695583391803,0.5738842975206612,0.6582960491158723,0.7116519827180927,0.6839349780905792,14.231832027435305,477.6578197479248,0.164297520661157,0.0630529793840522,-0.035443181528752,3
212,SRTsim,sim4,SRTsim_4_8,SpaGCN,0.4006841160380022,0.6424914054527344,0.4627583746081242,0.4813223140495867,0.6011284296435359,0.6899672835715446,0.6424914054527344,46.05530548095703,579.6948566436768,0.3709090909090909,0.071857736292717,-0.0152707523581816,3
213,SRTsim,sim4,SRTsim_4_8,SpatialMGCN,0.5149597887229552,0.7226416972737094,0.5507981963663793,0.6198347107438017,0.7075433570108465,0.7383984576946486,0.7226416972737094,57.29118490219116,593.5888948440552,0.1920661157024793,0.063792574526426,-0.0324355926453426,3
214,SRTsim,sim4,SRTsim_4_8,STAGATE,0.4841213584551967,0.7061548399689279,0.5238762066479586,0.6072727272727273,0.688446349380302,0.7247983922506344,0.706154839968928,68.37363505363464,477.6789541244507,0.2327272727272727,0.0662973172094557,-0.0585793800498592,3
215,SRTsim,sim4,SRTsim_4_8,stLearn,0.3022002088719758,0.5666877979435347,0.3551116648040471,0.4509090909090909,0.5514911436977342,0.5827456890836484,0.5666877979435349,5.609388113021851,352.6042652130127,0.6505785123966942,0.0773944393224791,-0.0426881378572413,3
216,SRTsim,sim4,SRTsim_4_1,CCST,1.0,1.0,1.0,1.0,1.0,1.0,1.0,265.13740968704224,845.4387912750244,0.0,0.0629940788348703,0.3531642450835382,4
217,SRTsim,sim4,SRTsim_4_1,DeepST,1.0,1.0,1.0,1.0,1.0,1.0,1.0,179.96429300308228,858.7861194610596,0.0,0.0629940788348703,0.3531642450835382,4
218,SRTsim,sim4,SRTsim_4_1,GraphST,0.9986776859504132,0.9960304311109875,0.9993388352388972,0.9996694214876032,0.9960389139237844,0.996021948442678,0.9960304311109875,16.472442150115967,581.4232397079468,0.0003305785123966,0.0629940788348703,0.3531507869833472,4
219,SRTsim,sim4,SRTsim_4_1,SEDR,1.0,1.0,1.0,1.0,1.0,1.0,1.0,27.289950132369995,386.5646238327026,0.0,0.0629940788348703,0.3531642450835382,4
220,SRTsim,sim4,SRTsim_4_1,SpaceFlow,0.8019213782850146,0.7532778402599897,0.9017081514414758,0.9477685950413224,0.749269752346085,0.7573290399277717,0.7532778402599897,23.35158133506775,477.6580114364624,0.0327272727272727,0.0630149033237413,0.3049071957469809,4
221,SRTsim,sim4,SRTsim_4_1,SpaGCN,1.0,1.0,1.0,1.0,1.0,1.0,1.0,26.67353320121765,579.6944961547852,0.0,0.0629940788348703,0.3531642450835382,4
222,SRTsim,sim4,SRTsim_4_1,SpatialMGCN,1.0,1.0,1.0,1.0,1.0,1.0,1.0,39.29038906097412,593.5895156860352,0.0,0.0629940788348703,0.3531642450835382,4
223,SRTsim,sim4,SRTsim_4_1,STAGATE,1.0,1.0,1.0,1.0,1.0,1.0,1.0,61.26763081550598,477.678936958313,0.0,0.0629940788348703,0.3531642450835382,4
224,SRTsim,sim4,SRTsim_4_1,stLearn,1.0,1.0,1.0,1.0,1.0,1.0,1.0,4.595975160598755,352.6020212173462,0.0,0.0629940788348703,0.3531642450835382,4
225,SRTsim,sim4,SRTsim_4_2,CCST,0.9857697618955304,0.976982721635307,0.9893272454214792,0.9947107438016528,0.9769904427300938,0.976975000662558,0.9769827216353072,268.70670461654663,845.4251365661621,0.0033057851239669,0.0629940788348703,0.163196334370635,4
226,SRTsim,sim4,SRTsim_4_2,DeepST,0.9991347962894188,0.9981847947491792,0.9993511028131642,0.9996694214876032,0.9981758110528232,0.998193778607245,0.998184794749179,153.2032196521759,858.7845506668091,0.0003305785123966,0.0629940788348703,0.1631179363577805,4
227,SRTsim,sim4,SRTsim_4_2,GraphST,0.9946256275591382,0.9898435570277112,0.995969223020942,0.99801652892562,0.9898429437138202,0.9898441703423622,0.9898435570277112,17.11429524421692,581.4233913421631,0.0019834710743801,0.06301133040631,0.1626694362355285,4
228,SRTsim,sim4,SRTsim_4_2,SEDR,0.996413198171384,0.9930348679892976,0.997309900198473,0.9986776859504132,0.9930342526980483,0.9930354832813096,0.9930348679892976,21.67797327041626,386.4152879714966,0.00099173553719,0.0629940788348703,0.1630204203188873,4
229,SRTsim,sim4,SRTsim_4_2,SpaceFlow,0.6599473501705053,0.8141792040078031,0.7739475221680429,0.7451239669421488,0.7433728623654777,0.8998942211856847,0.8141792040078032,17.570103406906128,477.6582546234131,0.0416528925619834,0.0630149033237413,0.1806344068551359,4
230,SRTsim,sim4,SRTsim_4_2,SpaGCN,0.9973116516376276,0.9953141095033792,0.9979837413809092,0.99900826446281,0.9953127219185924,0.9953154970920348,0.9953141095033792,31.835989475250244,579.6945667266846,0.00099173553719,0.063515490817193,0.1626798718419037,4
231,SRTsim,sim4,SRTsim_4_2,SpatialMGCN,0.9919466389767398,0.9861668740642116,0.9939599959939336,0.9970247933884298,0.9861639746078252,0.9861697735376472,0.9861668740642116,44.21927404403687,593.5891389846802,0.0016528925619834,0.0629940788348703,0.1628013966289342,4
232,SRTsim,sim4,SRTsim_4_2,STAGATE,0.9937434973855443,0.9893444930054268,0.9953076237232036,0.9976859504132232,0.9893443397543894,0.989344646256512,0.9893444930054268,58.97487163543701,477.6787834167481,0.0023140495867768,0.0629940788348703,0.1627559313962425,4
233,SRTsim,sim4,SRTsim_4_2,stLearn,0.972726596946398,0.9638929630360556,0.979545022304558,0.9897520661157024,0.9638892302969956,0.9638966958040266,0.9638929630360556,4.8446574211120605,352.60146141052246,0.0102479338842975,0.064493437968937,0.1566415006466466,4
234,SRTsim,sim4,SRTsim_4_3,CCST,0.9545421648835746,0.9479592972482622,0.9621239128476416,0.9801652892561984,0.947771470938048,0.9481471980188642,0.9479592972482624,268.3399555683136,845.4351387023926,0.0072727272727272,0.0629940788348703,0.0906639941104748,4
235,SRTsim,sim4,SRTsim_4_3,DeepST,0.9876215712767772,0.982566701618884,0.9896846766928616,0.9947107438016528,0.9825621105128254,0.9825712927678476,0.982566701618884,121.09735536575316,858.7851486206055,0.0046280991735537,0.0629940788348703,0.0924431810155598,4
236,SRTsim,sim4,SRTsim_4_3,GraphST,0.5567016411344193,0.7073981071256737,0.6407790729776258,0.692892561983471,0.6838733014618156,0.7325990473913182,0.7073981071256737,17.76878070831299,581.4235143661499,0.1071074380165289,0.0636582929901718,0.024145644769698,4
237,SRTsim,sim4,SRTsim_4_3,SEDR,0.7587586385749893,0.8638074278791382,0.8074941990596061,0.8264462809917356,0.8373619967676214,0.8919777240539507,0.8638074278791381,21.292834997177124,386.4135761260986,0.0413223140495867,0.0630788567412117,0.0845777545930371,4
238,SRTsim,sim4,SRTsim_4_3,SpaceFlow,0.6122471939581927,0.7203708827675032,0.6942978119814862,0.6647933884297521,0.6819996504547631,0.763317274994557,0.7203708827675032,22.773316383361816,477.6581859588623,0.1094214876033057,0.0630529793840521,0.0913929312121307,4
239,SRTsim,sim4,SRTsim_4_3,SpaGCN,0.7856106294715783,0.8818747958915054,0.830725637667493,0.8333884297520661,0.8466603032589907,0.9201457107154368,0.8818747958915054,48.80469989776611,579.6954898834229,0.0479338842975206,0.0640499880891721,0.0963787052260846,4
240,SRTsim,sim4,SRTsim_4_3,SpatialMGCN,0.7382125521000403,0.7976613352370964,0.7826122390642111,0.8647933884297521,0.7938345088822724,0.8015252361679628,0.7976613352370965,39.2601010799408,593.5890169143677,0.0783471074380165,0.0640162048816465,0.0755508698932121,4
241,SRTsim,sim4,SRTsim_4_3,STAGATE,0.952244426444172,0.9490479952096532,0.960205777119014,0.9788429752066116,0.948978501547088,0.9491174990510008,0.9490479952096532,65.04111075401306,477.6788854598999,0.0148760330578512,0.0638697200035712,0.0875047008358893,4
242,SRTsim,sim4,SRTsim_4_3,stLearn,0.6918224070377543,0.8094295200596132,0.7487601990631642,0.8211570247933885,0.7920629446552537,0.8275747177816865,0.8094295200596132,5.89713191986084,352.60204887390137,0.1414876033057851,0.0655883306299045,0.078578406009225,4
243,SRTsim,sim4,SRTsim_4_4,CCST,0.7370846341057595,0.8373012159653682,0.7740364665008697,0.8396694214876033,0.8210999006193411,0.854154744208135,0.8373012159653682,268.36990427970886,845.4995536804199,0.0393388429752066,0.0630980077111224,0.0530493500410301,4
244,SRTsim,sim4,SRTsim_4_4,DeepST,0.8801881401642732,0.9036825137038036,0.8952532636323387,0.9434710743801652,0.9025729956848928,0.90479476290432,0.9036825137038036,117.5886082649231,858.7853164672852,0.0330578512396694,0.0630885518578339,0.051463942862025,4
245,SRTsim,sim4,SRTsim_4_4,GraphST,0.650637061899504,0.7957562817472728,0.7036859773885836,0.7646280991735537,0.7751889271123431,0.8174447707152435,0.7957562817472726,19.033232927322388,581.4236831665039,0.0829752066115702,0.0640237298503738,0.0539117811801908,4
246,SRTsim,sim4,SRTsim_4_4,SEDR,0.9302567392619752,0.9320403942317756,0.938976349010957,0.9689256198347108,0.9319979769456462,0.9320828153790898,0.9320403942317758,23.942013263702396,386.5719738006592,0.0185123966942148,0.0631901250204295,0.0557064837857478,4
247,SRTsim,sim4,SRTsim_4_4,SpaceFlow,0.4685347696610372,0.7396971302032855,0.5954943925976915,0.6495867768595042,0.6650079920582255,0.833286113135185,0.7396971302032855,30.2412006855011,477.6586351394653,0.0879338842975206,0.0630529793840521,0.0383719368365462,4
248,SRTsim,sim4,SRTsim_4_4,SpaGCN,0.7344034881801261,0.8429262419071639,0.7758462701942289,0.8165289256198347,0.8185564309836684,0.8687916400627934,0.8429262419071638,75.65024614334106,579.6952590942383,0.1110743801652892,0.0655603555604402,0.0488752003791981,4
249,SRTsim,sim4,SRTsim_4_4,SpatialMGCN,0.7692667152134545,0.8696316546978035,0.8028149993876001,0.8512396694214877,0.8523261403895139,0.8876544706298383,0.8696316546978036,40.380024671554565,593.5894975662231,0.0357024793388429,0.0630700940821736,0.0585268500569153,4
250,SRTsim,sim4,SRTsim_4_4,STAGATE,0.8680800381960162,0.900728928848654,0.8847741078472408,0.932892561983471,0.8985790976333162,0.9028890715842144,0.900728928848654,67.54544568061829,477.6788854598999,0.0555371900826446,0.0636668438432488,0.0499611991498911,4
251,SRTsim,sim4,SRTsim_4_4,stLearn,0.5095030353491027,0.6705583316782034,0.5748732112334313,0.6849586776859504,0.6609058109084578,0.6804969812356917,0.6705583316782036,5.1180853843688965,352.60131072998047,0.3576859504132231,0.0686134501839383,0.0112764932241435,4
252,SRTsim,sim4,SRTsim_4_5,CCST,0.608834670579407,0.763949661618244,0.6575453846748122,0.739504132231405,0.738717621547274,0.7909663371819894,0.7639496616182441,269.184041261673,845.4399309158325,0.0770247933884297,0.0631901250204295,0.0597953933892766,4
253,SRTsim,sim4,SRTsim_4_5,DeepST,0.6929884798186158,0.805070667772075,0.7255817711164448,0.8046280991735537,0.7970791672707092,0.8132240364230845,0.805070667772075,134.99725699424744,858.7866516113281,0.0892561983471074,0.0636069586961568,0.0883163076184863,4
254,SRTsim,sim4,SRTsim_4_5,GraphST,0.5268359491870194,0.6681208785959153,0.5771035372007732,0.6466115702479339,0.6588842166061265,0.6776201935399326,0.6681208785959154,19.618507385253903,581.4240274429321,0.1897520661157024,0.0651396063566173,0.0419646843917846,4
255,SRTsim,sim4,SRTsim_4_5,SEDR,0.6634844967958818,0.7873646933821032,0.7005566942453872,0.7725619834710744,0.7778787271901676,0.7970848719694749,0.7873646933821032,19.62131690979004,386.4153127670288,0.1034710743801652,0.0633900778952582,0.0660300852494739,4
256,SRTsim,sim4,SRTsim_4_5,SpaceFlow,0.5240924487418197,0.6950496560355043,0.5891445594272218,0.6439669421487604,0.6609791489313147,0.7328234123115462,0.6950496560355043,18.592565774917603,477.6579875946045,0.1163636363636363,0.063764234792616,0.0331139272775506,4
257,SRTsim,sim4,SRTsim_4_5,SpaGCN,0.4888428081012657,0.6519058190738126,0.5458723805845832,0.5775206611570248,0.6381434683332916,0.6662748579173796,0.6519058190738125,52.17773246765137,579.6952610015869,0.3418181818181818,0.0706418996730619,0.0330503626359869,4
258,SRTsim,sim4,SRTsim_4_5,SpatialMGCN,0.6273115720743943,0.7701582859664287,0.6734829104851081,0.7371900826446282,0.7462773119830398,0.7956181741507797,0.7701582859664287,40.00357866287232,593.589337348938,0.1140495867768595,0.0636269837187539,0.0769423093202038,4
259,SRTsim,sim4,SRTsim_4_5,STAGATE,0.7124521482170578,0.8144158072539665,0.7427688395000904,0.8214876033057851,0.8068801398667016,0.8220935567720941,0.8144158072539667,70.02000021934509,477.679518699646,0.1269421487603305,0.0654890276010153,0.0745573277203228,4
260,SRTsim,sim4,SRTsim_4_5,stLearn,0.4407867323523821,0.6369307672585797,0.5002814741115548,0.6029752066115702,0.6285900777374968,0.6454957765549296,0.6369307672585797,6.296107292175293,352.60214042663574,0.4823140495867768,0.0708353171215465,0.0039627641190513,4
261,SRTsim,sim4,SRTsim_4_6,CCST,0.5763813032613173,0.7605552660662253,0.6230173362493119,0.6915702479338843,0.7339366305323546,0.7891773901659047,0.7605552660662255,268.5562741756439,845.4397926330566,0.0849586776859504,0.0633899621479624,0.0137685843488972,4
262,SRTsim,sim4,SRTsim_4_6,DeepST,0.6889579274095949,0.8045141421801385,0.7153810923321059,0.8214876033057851,0.8016791946250008,0.807369211123569,0.8045141421801385,87.77389454841614,858.7847137451172,0.0995041322314049,0.0636565436815501,0.0687176827414073,4
263,SRTsim,sim4,SRTsim_4_6,GraphST,0.4045163413150878,0.5796709848342027,0.4584588040042632,0.5289256198347108,0.571197458217602,0.5883997010714683,0.5796709848342027,20.137536764144897,581.4229440689087,0.2452892561983471,0.0662363913664707,-0.0065315479435879,4
264,SRTsim,sim4,SRTsim_4_6,SEDR,0.6717298857248295,0.7906346440546015,0.7010087302425814,0.7943801652892561,0.7838500473601936,0.797537714044319,0.7906346440546015,27.006967782974243,386.5639247894287,0.1041322314049586,0.0636986319561715,0.0502157228375902,4
265,SRTsim,sim4,SRTsim_4_6,SpaceFlow,0.5456303441945645,0.7005945775053691,0.5875611598797579,0.68,0.6897753503610988,0.7117586153730326,0.7005945775053691,14.674315929412842,477.6590023040772,0.1391735537190082,0.063061605169772,0.0207983724701589,4
266,SRTsim,sim4,SRTsim_4_6,SpaGCN,0.4331894981709366,0.6321813147286939,0.4863327458320911,0.548099173553719,0.6150478133912769,0.6502967523140353,0.6321813147286939,182.00149178504944,579.6946201324463,0.4330578512396694,0.069675082347122,-0.079999333001946,4
267,SRTsim,sim4,SRTsim_4_6,SpatialMGCN,0.6001362653998604,0.7613111423757898,0.63712496220713,0.7008264462809918,0.7490737817199284,0.7739549785845435,0.7613111423757898,43.47110342979431,593.5888948440552,0.1378512396694214,0.0639882277530703,0.0347201484927129,4
268,SRTsim,sim4,SRTsim_4_6,STAGATE,0.5899812408450249,0.76071096444945,0.6267441996344915,0.7008264462809918,0.7516476051256072,0.7699955632695452,0.76071096444945,67.15197539329529,477.6789770126343,0.1818181818181818,0.0651469378711072,0.0135390255827925,4
269,SRTsim,sim4,SRTsim_4_6,stLearn,0.3796651983877399,0.6202681325537438,0.4436186420037035,0.5371900826446281,0.5998081128001909,0.6421732676475904,0.6202681325537439,5.15938925743103,352.60205841064453,0.4995041322314049,0.0721384052662336,-0.0032189385686917,4
270,SRTsim,sim4,SRTsim_4_7,CCST,0.4914162259448624,0.7208621280796216,0.5557187333615101,0.5685950413223141,0.6705533365281737,0.7793321345191813,0.7208621280796217,275.64035511016846,845.4399223327637,0.0727272727272727,0.0637421713969082,-0.0198241675363819,4
271,SRTsim,sim4,SRTsim_4_7,DeepST,0.6416698736714082,0.7852134661259937,0.6689329526909175,0.7666115702479339,0.7790776233557178,0.7914467252022507,0.7852134661259937,87.60363149642944,858.7848815917969,0.116694214876033,0.0634408379548964,0.0061442185521225,4
272,SRTsim,sim4,SRTsim_4_7,GraphST,0.3246983354227023,0.5758778958058761,0.3829214375402819,0.4892561983471074,0.5616106322289234,0.5908889513848242,0.5758778958058761,21.04786252975464,581.4233160018921,0.2753719008264463,0.0662679907549775,-0.0704070289135264,4
273,SRTsim,sim4,SRTsim_4_7,SEDR,0.684152395417637,0.8023791167928886,0.7068249753815077,0.8297520661157025,0.8020378500750508,0.802720674051999,0.8023791167928888,20.50659203529358,386.4152822494507,0.1292561983471074,0.0639504498227736,0.0407613467395517,4
274,SRTsim,sim4,SRTsim_4_7,SpaceFlow,0.5140465384698032,0.7022995473419393,0.5543014453217685,0.6452892561983471,0.6884517944996296,0.7167158122207635,0.7022995473419394,24.70252585411072,477.6578578948975,0.1408264462809917,0.063153528910976,-0.0103436799324798,4
275,SRTsim,sim4,SRTsim_4_7,SpaGCN,0.4390682584746447,0.6638796312649281,0.5082711250253161,0.511404958677686,0.6192648001749504,0.7154220992130675,0.6638796312649282,53.49534130096436,579.6948080062866,0.3153719008264463,0.0721355377846922,-0.0433988021726542,4
276,SRTsim,sim4,SRTsim_4_7,SpatialMGCN,0.6045126793075997,0.7772591405388607,0.6391535046922874,0.6942148760330579,0.7576554654231368,0.79790421703885,0.7772591405388607,50.99149441719055,593.5893621444702,0.1256198347107438,0.0637707906312399,0.0116993004306641,4
277,SRTsim,sim4,SRTsim_4_7,STAGATE,0.525285562760377,0.7385997531476808,0.5670488141947739,0.6720661157024793,0.7206521900388988,0.7574641026534754,0.7385997531476807,73.07828617095947,477.6788854598999,0.2062809917355371,0.0663742761227135,-0.0534774293394827,4
278,SRTsim,sim4,SRTsim_4_7,stLearn,0.3328912562934589,0.5843017329024391,0.3888619308134725,0.5001652892561983,0.5709601204817609,0.5982817696917865,0.5843017329024391,4.935413122177124,352.60182666778564,0.6267768595041322,0.0742061443300219,-0.053529080068142,4
279,SRTsim,sim4,SRTsim_4_8,CCST,0.4571849746847782,0.7093640917315039,0.5195249803606163,0.543801652892562,0.6598270812760324,0.7669429023806642,0.7093640917315039,273.0118000507355,845.4342308044434,0.0968595041322314,0.0634657593707232,-0.0336148970339195,4
280,SRTsim,sim4,SRTsim_4_8,DeepST,0.5866746771639941,0.7644114494550913,0.6150061290110687,0.7100826446280992,0.7534325443881252,0.7757150518501752,0.7644114494550913,70.86376523971558,858.7845001220703,0.1497520661157025,0.0638944289967728,-0.0631172318693773,4
281,SRTsim,sim4,SRTsim_4_8,GraphST,0.3626506761260163,0.6002057870103098,0.4110565500812158,0.5153719008264462,0.5844292015148886,0.6168577774291678,0.6002057870103098,27.50580859184265,581.4237680435181,0.2542148760330578,0.0666676790955902,-0.0765478120664407,4
282,SRTsim,sim4,SRTsim_4_8,SEDR,0.5584293392832956,0.7497576639098869,0.5876574679708322,0.704793388429752,0.7437859785365393,0.7558260159554003,0.7497576639098869,19.382139921188354,386.4129219055176,0.1669421487603306,0.0638283212843443,-0.033722986768819,4
283,SRTsim,sim4,SRTsim_4_8,SpaceFlow,0.4687750208748,0.6800670636227539,0.5088690726906903,0.6029752066115702,0.6634000607716223,0.6975931194653404,0.6800670636227539,21.812170267105103,477.6578960418701,0.1629752066115702,0.0630529793840522,-0.029046885354896,4
284,SRTsim,sim4,SRTsim_4_8,SpaGCN,0.4006841160380022,0.6424914054527344,0.4627583746081242,0.4813223140495867,0.6011284296435359,0.6899672835715446,0.6424914054527344,59.61438274383545,579.6946048736572,0.3709090909090909,0.071857736292717,-0.0152707523581816,4
285,SRTsim,sim4,SRTsim_4_8,SpatialMGCN,0.5149597887229552,0.7226416972737094,0.5507981963663793,0.6198347107438017,0.7075433570108465,0.7383984576946486,0.7226416972737094,46.13185501098633,593.5891771316528,0.1920661157024793,0.063792574526426,-0.0324355926453426,4
286,SRTsim,sim4,SRTsim_4_8,STAGATE,0.4797397603975376,0.7062607750990003,0.515683530704904,0.6135537190082645,0.6963655812854777,0.7164412393696151,0.7062607750990003,69.42163324356079,477.6789541244507,0.2525619834710744,0.0661249277656335,-0.0353993475029983,4
287,SRTsim,sim4,SRTsim_4_8,stLearn,0.3021489669515358,0.56722906472572,0.3487529355262037,0.4667768595041322,0.5607389255026564,0.5738712003380494,0.5672290647257199,4.979970216751099,352.60185050964355,0.7183471074380166,0.0769952818514391,-0.0584001704029314,4
288,SRTsim,sim4,SRTsim_4_1,CCST,1.0,1.0,1.0,1.0,1.0,1.0,1.0,266.44367003440857,845.3494815826416,0.0,0.0629940788348703,0.3531642450835382,5
289,SRTsim,sim4,SRTsim_4_1,DeepST,1.0,1.0,1.0,1.0,1.0,1.0,1.0,186.1610493659973,858.7869157791138,0.0,0.0629940788348703,0.3531642450835382,5
290,SRTsim,sim4,SRTsim_4_1,GraphST,0.9986776859504132,0.9960304311109875,0.9993388352388972,0.9996694214876032,0.9960389139237844,0.996021948442678,0.9960304311109875,19.85176372528076,581.4248647689819,0.0003305785123966,0.0629940788348703,0.3531507869833472,5
291,SRTsim,sim4,SRTsim_4_1,SEDR,1.0,1.0,1.0,1.0,1.0,1.0,1.0,17.779714107513428,386.4182939529419,0.0,0.0629940788348703,0.3531642450835382,5
292,SRTsim,sim4,SRTsim_4_1,SpaceFlow,0.8659320477502296,0.8158876634229978,0.933217594260533,0.9652892561983472,0.8137232120872947,0.8180636600707871,0.8158876634229978,23.85724425315857,477.66779613494873,0.0327272727272727,0.0630149033237413,0.3054582533902308,5
293,SRTsim,sim4,SRTsim_4_1,SpaGCN,1.0,1.0,1.0,1.0,1.0,1.0,1.0,26.767651081085205,579.6946716308594,0.0,0.0629940788348703,0.3531642450835382,5
294,SRTsim,sim4,SRTsim_4_1,SpatialMGCN,1.0,1.0,1.0,1.0,1.0,1.0,1.0,38.30358099937439,593.590106010437,0.0,0.0629940788348703,0.3531642450835382,5
295,SRTsim,sim4,SRTsim_4_1,STAGATE,1.0,1.0,1.0,1.0,1.0,1.0,1.0,63.06493139266968,477.678936958313,0.0,0.0629940788348703,0.3531642450835382,5
296,SRTsim,sim4,SRTsim_4_1,stLearn,1.0,1.0,1.0,1.0,1.0,1.0,1.0,4.80532693862915,352.60155296325684,0.0,0.0629940788348703,0.3531642450835382,5
297,SRTsim,sim4,SRTsim_4_2,CCST,0.9937377364491315,0.9894836049793024,0.9953033291797372,0.9976859504132232,0.98947762031742,0.989489589713579,0.9894836049793024,263.9563238620758,845.4400177001953,0.0013223140495867,0.0629940788348703,0.1630241555892117,5
298,SRTsim,sim4,SRTsim_4_2,DeepST,0.9973116516376276,0.9953141095033796,0.9979837413809092,0.99900826446281,0.9953127219185928,0.9953154970920352,0.9953141095033796,160.49779653549194,858.7855377197266,0.0006611570247933,0.0629940788348703,0.1630781888506742,5
299,SRTsim,sim4,SRTsim_4_2,GraphST,0.9946256275591382,0.9898435570277112,0.995969223020942,0.99801652892562,0.9898429437138202,0.9898441703423622,0.9898435570277112,20.64210605621338,581.4252729415894,0.0019834710743801,0.06301133040631,0.1626694362355285,5
300,SRTsim,sim4,SRTsim_4_2,SEDR,0.9964126245531448,0.9934896053867776,0.997309473529098,0.9986776859504132,0.9934876059686216,0.9934916048129816,0.9934896053867776,17.71472978591919,386.4136934280396,0.0003305785123966,0.0629940788348703,0.1630106678450651,5
301,SRTsim,sim4,SRTsim_4_2,SpaceFlow,0.6462450147112899,0.7436195445420931,0.7551403815574232,0.7272727272727273,0.697363886783597,0.7964473381738364,0.7436195445420932,22.72584056854248,477.6583309173584,0.0694214876033057,0.0630357278126124,0.1728591049006555,5
302,SRTsim,sim4,SRTsim_4_2,SpaGCN,0.9973116516376276,0.9953141095033792,0.9979837413809092,0.99900826446281,0.9953127219185924,0.9953154970920348,0.9953141095033792,28.713838577270508,579.6944942474365,0.00099173553719,0.063515490817193,0.1626798718419037,5
303,SRTsim,sim4,SRTsim_4_2,SpatialMGCN,0.9919466389767398,0.9861668740642116,0.9939599959939336,0.9970247933884298,0.9861639746078252,0.9861697735376472,0.9861668740642116,43.37899351119995,593.5893068313599,0.0016528925619834,0.0629940788348703,0.1628013966289342,5
304,SRTsim,sim4,SRTsim_4_2,STAGATE,0.9937434973855443,0.989344493005427,0.9953076237232036,0.9976859504132232,0.9893443397543894,0.989344646256512,0.989344493005427,62.18045926094055,477.680064201355,0.0023140495867768,0.0629940788348703,0.1627559313962425,5
305,SRTsim,sim4,SRTsim_4_2,stLearn,0.9710053670767405,0.9619919907372748,0.978254053841812,0.9890909090909092,0.961990649607436,0.9619933318708532,0.9619919907372748,4.666260242462158,352.6017150878906,0.0109090909090909,0.0646096817667203,0.1566499215793685,5
306,SRTsim,sim4,SRTsim_4_3,CCST,0.934928551682462,0.9275157585736664,0.9457780812195288,0.9712396694214877,0.927413282506642,0.9276182572897194,0.9275157585736664,263.8283350467682,845.4353799819946,0.0168595041322314,0.0630853976505941,0.0904567093639382,5
307,SRTsim,sim4,SRTsim_4_3,DeepST,0.9777098170412086,0.9703138807082936,0.9814250660622128,0.9904132231404958,0.9702977192596024,0.9703300426953696,0.9703138807082936,123.12805104255676,858.784782409668,0.0069421487603305,0.0629940788348703,0.0920896759604544,5
308,SRTsim,sim4,SRTsim_4_3,GraphST,0.5567016411344193,0.7073981071256737,0.6407790729776258,0.692892561983471,0.6838733014618156,0.7325990473913182,0.7073981071256737,20.221996307373047,581.4237375259399,0.1071074380165289,0.0636582929901718,0.024145644769698,5
309,SRTsim,sim4,SRTsim_4_3,SEDR,0.9610448268554054,0.9534500834542988,0.9675396166806725,0.9831404958677686,0.953357934486564,0.9535422502374896,0.9534500834542988,16.67940044403076,386.41329860687256,0.0076033057851239,0.0629940788348703,0.0920908496528328,5
310,SRTsim,sim4,SRTsim_4_3,SpaceFlow,0.556911121674714,0.7820853359617435,0.6788303848912348,0.6932231404958678,0.7014186677660811,0.8837172571482691,0.7820853359617433,23.7549409866333,477.6581859588623,0.048595041322314,0.0630357278126124,0.0689110387195198,5
311,SRTsim,sim4,SRTsim_4_3,SpaGCN,0.7856106294715783,0.8818747958915054,0.830725637667493,0.8333884297520661,0.8466603032589907,0.9201457107154368,0.8818747958915054,55.40458559989929,579.6944217681885,0.0479338842975206,0.0640499880891721,0.0963787052260846,5
312,SRTsim,sim4,SRTsim_4_3,SpatialMGCN,0.7382125521000403,0.7976613352370964,0.7826122390642111,0.8647933884297521,0.7938345088822724,0.8015252361679628,0.7976613352370965,38.87209868431091,593.5898122787476,0.0783471074380165,0.0640162048816465,0.0755508698932121,5
313,SRTsim,sim4,SRTsim_4_3,STAGATE,0.9543589286229536,0.9510885510739412,0.9619677764257152,0.9798347107438016,0.9510188594992308,0.951158252863531,0.9510885510739412,65.28704619407654,477.6789894104004,0.0158677685950413,0.06392397927711,0.0877776538445714,5
314,SRTsim,sim4,SRTsim_4_3,stLearn,0.7228402968826085,0.781829371751616,0.7700205207455147,0.815206611570248,0.7777835401207481,0.7859175142415923,0.781829371751616,4.845352649688721,352.6016845703125,0.2314049586776859,0.0668803193191689,0.0759720843103987,5
315,SRTsim,sim4,SRTsim_4_4,CCST,0.7541670812986957,0.8510027646877302,0.7887773391058172,0.8472727272727273,0.8350913471616748,0.86753229600913,0.8510027646877303,266.0085847377777,845.4357471466064,0.0343801652892562,0.0629940788348703,0.0559385238382741,5
316,SRTsim,sim4,SRTsim_4_4,DeepST,0.8670077005815606,0.8968903142478688,0.8837718756765497,0.9365289256198348,0.8953557100349654,0.8984301879941828,0.8968903142478687,123.72587537765504,858.7852172851562,0.0370247933884297,0.0632633633868662,0.0549492615144546,5
317,SRTsim,sim4,SRTsim_4_4,GraphST,0.650637061899504,0.7957562817472728,0.7036859773885836,0.7646280991735537,0.7751889271123431,0.8174447707152435,0.7957562817472726,18.887733697891235,581.4236097335815,0.0829752066115702,0.0640237298503738,0.0539117811801908,5
318,SRTsim,sim4,SRTsim_4_4,SEDR,0.9423324288262896,0.942452960060792,0.9495410963052556,0.974214876033058,0.9424461380581216,0.9424597821622268,0.942452960060792,18.589072465896606,386.4127349853516,0.0168595041322314,0.0632923803777212,0.0563210559638322,5
319,SRTsim,sim4,SRTsim_4_4,SpaceFlow,0.5369366619530562,0.7176465996231419,0.6250867484356587,0.644297520661157,0.6657193360071039,0.7783600331098508,0.7176465996231418,20.53907346725464,477.6581478118897,0.0998347107438016,0.0630529793840521,0.0809397266501675,5
320,SRTsim,sim4,SRTsim_4_4,SpaGCN,0.7344034881801261,0.8429262419071639,0.7758462701942289,0.8165289256198347,0.8185564309836684,0.8687916400627934,0.8429262419071638,79.29779624938965,579.7054691314697,0.1110743801652892,0.0655603555604402,0.0488752003791981,5
321,SRTsim,sim4,SRTsim_4_4,SpatialMGCN,0.7692667152134545,0.8696316546978035,0.8028149993876001,0.8512396694214877,0.8523261403895139,0.8876544706298383,0.8696316546978036,40.766541719436646,593.5898942947388,0.0357024793388429,0.0630700940821736,0.0585268500569153,5
322,SRTsim,sim4,SRTsim_4_4,STAGATE,0.7711580412477163,0.8707381263036462,0.8034978505463793,0.856198347107438,0.8535138254768564,0.8886719338986714,0.8707381263036462,67.27825117111206,477.67925930023193,0.0614876033057851,0.0635795714344587,0.0514396553283677,5
323,SRTsim,sim4,SRTsim_4_4,stLearn,0.535621889910141,0.6859997815817744,0.5981253685247719,0.6942148760330579,0.6741414732588379,0.698282740518608,0.6859997815817744,5.397859334945679,352.6029500961304,0.3186776859504132,0.0682763772665768,0.0188686035220734,5
324,SRTsim,sim4,SRTsim_4_5,CCST,0.5925885985109157,0.7589447324153179,0.640144966247861,0.7365289256198347,0.7408771611679946,0.7779155488196763,0.758944732415318,272.78361558914185,845.4352836608887,0.0872727272727272,0.0632735041271378,0.0348692117937311,5
325,SRTsim,sim4,SRTsim_4_5,DeepST,0.7366145059827014,0.8292270117212516,0.7653679167840578,0.8284297520661157,0.8197286083713805,0.8389481163864714,0.8292270117212516,127.7575662136078,858.786693572998,0.0952066115702479,0.0634589007159465,0.1070403090357916,5
326,SRTsim,sim4,SRTsim_4_5,GraphST,0.5268359491870194,0.6681208785959153,0.5771035372007732,0.6466115702479339,0.6588842166061265,0.6776201935399326,0.6681208785959154,21.642081260681152,581.4261884689331,0.1897520661157024,0.0651396063566173,0.0419646843917846,5
327,SRTsim,sim4,SRTsim_4_5,SEDR,0.7625285935801297,0.8228979525176834,0.7862563459766791,0.8776859504132232,0.822576066144906,0.8232200909070257,0.8228979525176834,16.67701292037964,386.4123315811157,0.0717355371900826,0.0633897441234199,0.1356555341552685,5
328,SRTsim,sim4,SRTsim_4_5,SpaceFlow,0.5997893667461537,0.73166066207203,0.6469452523741052,0.7140495867768595,0.7130029720506385,0.7513210503357627,0.7316606620720298,15.98988962173462,477.6578731536865,0.1077685950413223,0.0631693005315585,0.0654604327550363,5
329,SRTsim,sim4,SRTsim_4_5,SpaGCN,0.4888428081012657,0.6519058190738126,0.5458723805845832,0.5775206611570248,0.6381434683332916,0.6662748579173796,0.6519058190738125,63.068448305130005,579.6946201324463,0.3418181818181818,0.0706418996730619,0.0330503626359869,5
330,SRTsim,sim4,SRTsim_4_5,SpatialMGCN,0.6273115720743943,0.7701582859664287,0.6734829104851081,0.7371900826446282,0.7462773119830398,0.7956181741507797,0.7701582859664287,39.19969201087952,593.5894060134888,0.1140495867768595,0.0636269837187539,0.0769423093202038,5
331,SRTsim,sim4,SRTsim_4_5,STAGATE,0.7315322070748577,0.8269092982278303,0.7608028353337841,0.8310743801652892,0.8142140893939536,0.840006664343949,0.8269092982278304,69.334881067276,477.6789541244507,0.1077685950413223,0.0644670535070833,0.0937635784464402,5
332,SRTsim,sim4,SRTsim_4_5,stLearn,0.4557757374344016,0.6556634622332276,0.5178857644658024,0.6089256198347107,0.6412346969542171,0.6707565137193592,0.6556634622332276,5.8618223667144775,352.60148429870605,0.4158677685950413,0.0704648086056956,0.0069440169688797,5
333,SRTsim,sim4,SRTsim_4_6,CCST,0.5692892722401727,0.7589189960453079,0.6177460946658658,0.687603305785124,0.7308054116242898,0.7892821402260956,0.7589189960453079,268.9849691390991,845.4392051696777,0.0829752066115702,0.0631620989746017,0.0118567174712551,5
334,SRTsim,sim4,SRTsim_4_6,DeepST,0.6901841677208483,0.8053902826762217,0.7167114340475218,0.8062809917355372,0.8014727477387751,0.8093463029241266,0.8053902826762217,108.7550733089447,858.7846221923828,0.0952066115702479,0.0634911829524284,0.0460270075478986,5
335,SRTsim,sim4,SRTsim_4_6,GraphST,0.4045163413150878,0.5796709848342027,0.4584588040042632,0.5289256198347108,0.571197458217602,0.5883997010714683,0.5796709848342027,22.307567358016968,581.4233179092407,0.2452892561983471,0.0662363913664707,-0.0065315479435879,5
336,SRTsim,sim4,SRTsim_4_6,SEDR,0.7125291759287021,0.8012971845274117,0.736601105550396,0.8456198347107438,0.8002732105317512,0.8023237822922192,0.8012971845274117,18.879459142684937,386.4129972457886,0.1114049586776859,0.0633719233260669,0.0824916706114733,5
337,SRTsim,sim4,SRTsim_4_6,SpaceFlow,0.445567367455862,0.6485343844851194,0.516673189448893,0.5328925619834711,0.6089397064909365,0.6936362275444027,0.6485343844851192,23.63530158996582,477.6578578948975,0.1424793388429752,0.0637217397408448,-0.0105806688539678,5
338,SRTsim,sim4,SRTsim_4_6,SpaGCN,0.4331894981709366,0.6321813147286939,0.4863327458320911,0.548099173553719,0.6150478133912769,0.6502967523140353,0.6321813147286939,153.50474953651428,579.6949939727783,0.4330578512396694,0.069675082347122,-0.079999333001946,5
339,SRTsim,sim4,SRTsim_4_6,SpatialMGCN,0.6001362653998604,0.7613111423757898,0.63712496220713,0.7008264462809918,0.7490737817199284,0.7739549785845435,0.7613111423757898,42.8576283454895,593.5891008377075,0.1378512396694214,0.0639882277530703,0.0347201484927129,5
340,SRTsim,sim4,SRTsim_4_6,STAGATE,0.6514678772173047,0.782697995730762,0.6817965237940583,0.7712396694214876,0.7769571675504878,0.7885242917791634,0.7826979957307619,67.48342728614807,477.6788854598999,0.1705785123966942,0.0657064556301283,0.0402940409526424,5
341,SRTsim,sim4,SRTsim_4_6,stLearn,0.3976829999024703,0.6179519238027831,0.4539641049805523,0.552396694214876,0.6067753861278645,0.6295479216385913,0.6179519238027831,5.35315465927124,352.60193157196045,0.5342148760330578,0.0740962893200171,-0.0133560389118031,5
342,SRTsim,sim4,SRTsim_4_7,CCST,0.5361604084101086,0.7389945998263596,0.5888698854693598,0.6261157024793389,0.7016778108739116,0.7805035153237818,0.7389945998263596,268.8442277908325,845.4357423782349,0.0816528925619834,0.0634319218166957,-0.0192912148882398,5
343,SRTsim,sim4,SRTsim_4_7,DeepST,0.6375070663792551,0.7889886869508873,0.6642245632432998,0.7530578512396694,0.7854360679135846,0.7925735898331604,0.7889886869508873,65.87062573432922,858.7852096557617,0.1289256198347107,0.0636795613129141,0.0079961209428004,5
344,SRTsim,sim4,SRTsim_4_7,GraphST,0.3246983354227023,0.5758778958058761,0.3829214375402819,0.4892561983471074,0.5616106322289234,0.5908889513848242,0.5758778958058761,21.083365201950077,581.4232339859009,0.2753719008264463,0.0662679907549775,-0.0704070289135264,5
345,SRTsim,sim4,SRTsim_4_7,SEDR,0.6177657012471105,0.7745520396017912,0.6460220375469181,0.7543801652892562,0.7713504333443976,0.777780334131733,0.7745520396017913,21.61257481575012,386.4129009246826,0.1471074380165289,0.0636304592136374,0.0051094100889238,5
346,SRTsim,sim4,SRTsim_4_7,SpaceFlow,0.5244095272653214,0.7195211749117412,0.5667461352518424,0.6522314049586777,0.6979005783674816,0.742524187637149,0.7195211749117412,16.86200761795044,477.6584453582764,0.1236363636363636,0.0637602564760064,-0.0231979931516417,5
347,SRTsim,sim4,SRTsim_4_7,SpaGCN,0.4390682584746447,0.6638796312649281,0.5082711250253161,0.511404958677686,0.6192648001749504,0.7154220992130675,0.6638796312649282,51.20145750045776,579.6944599151611,0.3153719008264463,0.0721355377846922,-0.0433988021726542,5
348,SRTsim,sim4,SRTsim_4_7,SpatialMGCN,0.6045126793075997,0.7772591405388607,0.6391535046922874,0.6942148760330579,0.7576554654231368,0.79790421703885,0.7772591405388607,51.997824907302856,593.5889310836792,0.1256198347107438,0.0637707906312399,0.0116993004306641,5
349,SRTsim,sim4,SRTsim_4_7,STAGATE,0.4888357188627726,0.7098970118243331,0.5366745393282539,0.6304132231404959,0.6854283840272736,0.7361772892434083,0.7098970118243331,70.86311197280884,477.6791982650757,0.2132231404958677,0.0672621541401924,-0.0884670923760294,5
350,SRTsim,sim4,SRTsim_4_7,stLearn,0.3174642866994962,0.5799069266344534,0.372283202358667,0.4919008264462809,0.5685195075379961,0.5917598486748935,0.5799069266344535,5.917436838150024,352.6018753051758,0.6340495867768595,0.0754635051750085,-0.0740255530317712,5
351,SRTsim,sim4,SRTsim_4_8,CCST,0.4718096494861327,0.7225725658420256,0.5265132312670878,0.5824793388429752,0.6844975286887227,0.7651329310066788,0.7225725658420256,272.4854714870453,845.349422454834,0.0981818181818181,0.0636530673536835,-0.0275318940745832,5
352,SRTsim,sim4,SRTsim_4_8,DeepST,0.5629111771444785,0.7596165989930289,0.592891063021034,0.6839669421487603,0.7504269960794522,0.7690340608961489,0.7596165989930289,61.25443696975708,858.7871322631836,0.1576859504132231,0.063947526788631,-0.031883141010537,5
353,SRTsim,sim4,SRTsim_4_8,GraphST,0.3626506761260163,0.6002057870103098,0.4110565500812158,0.5153719008264462,0.5844292015148886,0.6168577774291678,0.6002057870103098,28.008647680282596,581.4238748550415,0.2542148760330578,0.0666676790955902,-0.0765478120664407,5
354,SRTsim,sim4,SRTsim_4_8,SEDR,0.5637213219166616,0.7513673671756209,0.593046273864317,0.7021487603305785,0.7438344248410115,0.7590544453406334,0.7513673671756209,17.491129875183105,386.4129819869995,0.1533884297520661,0.0634044611725156,-0.0123133620875825,5
355,SRTsim,sim4,SRTsim_4_8,SpaceFlow,0.4482661941640669,0.6739704873758146,0.4951864719212765,0.572892561983471,0.6483934858956586,0.701648213615463,0.6739704873758146,20.387728929519653,477.6578960418701,0.1606611570247934,0.0633028732505046,-0.0394560286221531,5
356,SRTsim,sim4,SRTsim_4_8,SpaGCN,0.4006841160380022,0.6424914054527344,0.4627583746081242,0.4813223140495867,0.6011284296435359,0.6899672835715446,0.6424914054527344,50.95952486991882,579.6944217681885,0.3709090909090909,0.071857736292717,-0.0152707523581816,5
357,SRTsim,sim4,SRTsim_4_8,SpatialMGCN,0.5149597887229552,0.7226416972737094,0.5507981963663793,0.6198347107438017,0.7075433570108465,0.7383984576946486,0.7226416972737094,45.72385549545288,593.5892381668091,0.1920661157024793,0.063792574526426,-0.0324355926453426,5
358,SRTsim,sim4,SRTsim_4_8,STAGATE,0.5204797749480774,0.7265233123456538,0.5579219888496263,0.64,0.7057938964979378,0.7485072339910713,0.7265233123456539,72.33519124984741,477.6791944503784,0.2072727272727272,0.066626496603967,-0.051146590666608,5
359,SRTsim,sim4,SRTsim_4_8,stLearn,0.3047483951755607,0.5675815160881119,0.354300310240746,0.463801652892562,0.5562394836823061,0.5793957169681617,0.5675815160881118,5.700166702270508,352.60375595092773,0.6803305785123966,0.0779360370191164,-0.0493273088590953,5
360,SRTsim,sim4,SRTsim_4_1,BASS,1.0,1.0,1.0,1.0,1.0,1.0,1.0,729.3203601837158,959.7,0.0,0.06299407883487045,0.3531642450835382,1
361,SRTsim,sim4,SRTsim_4_2,BASS,0.9955252392539422,0.9919986042123252,0.9966439299297248,0.9983471074380166,0.9919984505501616,0.9919987578745364,0.9919986042123252,688.3828599452972,958.2,0.001652892561983471,0.06299407883487045,0.1628813918101798,1
362,SRTsim,sim4,SRTsim_4_3,BASS,0.9899347875821451,0.9853748314363155,0.9916123472948681,0.9957024793388429,0.9853707939967058,0.9853788689090112,0.9853748314363153,729.3923001289368,956.7,0.003966942148760331,0.06338974412342005,0.09209377026598801,1
363,SRTsim,sim4,SRTsim_4_4,BASS,0.8536167026910618,0.9354037116081431,0.8794911679100383,0.8684297520661157,0.8962411697895134,0.9781451658664095,0.9354037116081431,562.8266100883484,955.2,0.0036363636363636364,0.06311902576809664,0.07616275571593394,1
364,SRTsim,sim4,SRTsim_4_5,BASS,0.8777263777554871,0.9446444812299365,0.8937547571121869,0.8995041322314049,0.9180819487248941,0.9727898578553529,0.9446444812299365,626.2339601516724,953.6,0.008925619834710744,0.06299407883487046,0.1497325825194618,1
365,SRTsim,sim4,SRTsim_4_6,BASS,0.8162058824695345,0.9236153903089769,0.8418593699892047,0.827107438016529,0.881328641766196,0.9701645460492117,0.9236153903089769,416.6901500225067,952.1,0.00859504132231405,0.06300270462059032,0.09579635263074544,1
366,SRTsim,sim4,SRTsim_4_7,BASS,0.8019275293561987,0.9220127542182316,0.8264567014355343,0.8376859504132231,0.8847894755164437,0.9625055650993782,0.9220127542182317,539.3152499198914,950.7,0.010247933884297521,0.06299407883487046,0.07812241712076301,1
367,SRTsim,sim4,SRTsim_4_8,BASS,0.7420477929559035,0.9013196841861972,0.7782390141026057,0.7414876033057851,0.8438901335598185,0.9671365675199467,0.9013196841861971,654.1818900108337,949.2,0.011239669421487603,0.06299407883487046,0.0037663134926645635,1
368,SRTsim,sim4,SRTsim_4_1,BASS,1.0,1.0,1.0,1.0,1.0,1.0,1.0,721.4323098659515,959.9,0.0,0.06299407883487045,0.3531642450835382,2
369,SRTsim,sim4,SRTsim_4_2,BASS,0.9955252392539422,0.9919986042123252,0.9966439299297248,0.9983471074380166,0.9919984505501616,0.9919987578745364,0.9919986042123252,683.0840799808502,958.4,0.001652892561983471,0.06299407883487045,0.1628813918101798,2
370,SRTsim,sim4,SRTsim_4_3,BASS,0.9899347875821451,0.9853748314363155,0.9916123472948681,0.9957024793388429,0.9853707939967058,0.9853788689090112,0.9853748314363153,679.4548900127411,956.9,0.003966942148760331,0.06338974412342005,0.09209377026598801,2
371,SRTsim,sim4,SRTsim_4_4,BASS,0.8536167026910618,0.9354037116081431,0.8794911679100383,0.8684297520661157,0.8962411697895134,0.9781451658664095,0.9354037116081431,571.5747499465942,955.4,0.0036363636363636364,0.06311902576809664,0.07616275571593394,2
372,SRTsim,sim4,SRTsim_4_5,BASS,0.8777263777554871,0.9446444812299365,0.8937547571121869,0.8995041322314049,0.9180819487248941,0.9727898578553529,0.9446444812299365,597.8940300941467,953.8,0.008925619834710744,0.06299407883487046,0.1497325825194618,2
373,SRTsim,sim4,SRTsim_4_6,BASS,0.8162058824695345,0.9236153903089769,0.8418593699892047,0.827107438016529,0.881328641766196,0.9701645460492117,0.9236153903089769,578.8675799369812,952.4,0.00859504132231405,0.06300270462059032,0.09579635263074544,2
374,SRTsim,sim4,SRTsim_4_7,BASS,0.8019275293561987,0.9220127542182316,0.8264567014355343,0.8376859504132231,0.8847894755164437,0.9625055650993782,0.9220127542182317,555.766429901123,950.9,0.010247933884297521,0.06299407883487046,0.07812241712076301,2
375,SRTsim,sim4,SRTsim_4_8,BASS,0.7420477929559035,0.9013196841861972,0.7782390141026057,0.7414876033057851,0.8438901335598185,0.9671365675199467,0.9013196841861971,565.7981300354004,949.4,0.011239669421487603,0.06299407883487046,0.0037663134926645635,2
376,SRTsim,sim4,SRTsim_4_1,BASS,1.0,1.0,1.0,1.0,1.0,1.0,1.0,734.6465799808502,960.1,0.0,0.06299407883487045,0.3531642450835382,3
377,SRTsim,sim4,SRTsim_4_2,BASS,0.9955252392539422,0.9919986042123252,0.9966439299297248,0.9983471074380166,0.9919984505501616,0.9919987578745364,0.9919986042123252,665.8706600666046,958.6,0.001652892561983471,0.06299407883487045,0.1628813918101798,3
378,SRTsim,sim4,SRTsim_4_3,BASS,0.9899347875821451,0.9853748314363155,0.9916123472948681,0.9957024793388429,0.9853707939967058,0.9853788689090112,0.9853748314363153,759.3665299415588,957.1,0.003966942148760331,0.06338974412342005,0.09209377026598801,3
379,SRTsim,sim4,SRTsim_4_4,BASS,0.8536167026910618,0.9354037116081431,0.8794911679100383,0.8684297520661157,0.8962411697895134,0.9781451658664095,0.9354037116081431,587.7108099460602,955.6,0.0036363636363636364,0.06311902576809664,0.07616275571593394,3
380,SRTsim,sim4,SRTsim_4_5,BASS,0.8777263777554871,0.9446444812299365,0.8937547571121869,0.8995041322314049,0.9180819487248941,0.9727898578553529,0.9446444812299365,568.5979800224304,954.0,0.008925619834710744,0.06299407883487046,0.1497325825194618,3
381,SRTsim,sim4,SRTsim_4_6,BASS,0.8162058824695345,0.9236153903089769,0.8418593699892047,0.827107438016529,0.881328641766196,0.9701645460492117,0.9236153903089769,560.8845200538635,952.6,0.00859504132231405,0.06300270462059032,0.09579635263074544,3
382,SRTsim,sim4,SRTsim_4_7,BASS,0.8019275293561987,0.9220127542182316,0.8264567014355343,0.8376859504132231,0.8847894755164437,0.9625055650993782,0.9220127542182317,533.434180021286,951.1,0.010247933884297521,0.06299407883487046,0.07812241712076301,3
383,SRTsim,sim4,SRTsim_4_8,BASS,0.7420477929559035,0.9013196841861972,0.7782390141026057,0.7414876033057851,0.8438901335598185,0.9671365675199467,0.9013196841861971,673.3161599636078,949.6,0.011239669421487603,0.06299407883487046,0.0037663134926645635,3
384,SRTsim,sim4,SRTsim_4_1,BASS,1.0,1.0,1.0,1.0,1.0,1.0,1.0,728.7379400730133,960.2,0.0,0.06299407883487045,0.3531642450835382,4
385,SRTsim,sim4,SRTsim_4_2,BASS,0.9955252392539422,0.9919986042123252,0.9966439299297248,0.9983471074380166,0.9919984505501616,0.9919987578745364,0.9919986042123252,760.1068298816681,958.8,0.001652892561983471,0.06299407883487045,0.1628813918101798,4
386,SRTsim,sim4,SRTsim_4_3,BASS,0.9899347875821451,0.9853748314363155,0.9916123472948681,0.9957024793388429,0.9853707939967058,0.9853788689090112,0.9853748314363153,750.4599199295044,957.3,0.003966942148760331,0.06338974412342005,0.09209377026598801,4
387,SRTsim,sim4,SRTsim_4_4,BASS,0.8536167026910618,0.9354037116081431,0.8794911679100383,0.8684297520661157,0.8962411697895134,0.9781451658664095,0.9354037116081431,597.9447898864746,955.8,0.0036363636363636364,0.06311902576809664,0.07616275571593394,4
388,SRTsim,sim4,SRTsim_4_5,BASS,0.8777263777554871,0.9446444812299365,0.8937547571121869,0.8995041322314049,0.9180819487248941,0.9727898578553529,0.9446444812299365,596.8832199573517,954.3,0.008925619834710744,0.06299407883487046,0.1497325825194618,4
389,SRTsim,sim4,SRTsim_4_6,BASS,0.8162058824695345,0.9236153903089769,0.8418593699892047,0.827107438016529,0.881328641766196,0.9701645460492117,0.9236153903089769,545.3416697978973,952.8,0.00859504132231405,0.06300270462059032,0.09579635263074544,4
390,SRTsim,sim4,SRTsim_4_7,BASS,0.8019275293561987,0.9220127542182316,0.8264567014355343,0.8376859504132231,0.8847894755164437,0.9625055650993782,0.9220127542182317,551.4016001224518,951.3,0.010247933884297521,0.06299407883487046,0.07812241712076301,4
391,SRTsim,sim4,SRTsim_4_8,BASS,0.7420477929559035,0.9013196841861972,0.7782390141026057,0.7414876033057851,0.8438901335598185,0.9671365675199467,0.9013196841861971,656.8797099590302,949.9,0.011239669421487603,0.06299407883487046,0.0037663134926645635,4
392,SRTsim,sim4,SRTsim_4_1,BASS,1.0,1.0,1.0,1.0,1.0,1.0,1.0,705.5994398593903,960.5,0.0,0.06299407883487045,0.3531642450835382,5
393,SRTsim,sim4,SRTsim_4_2,BASS,0.9955252392539422,0.9919986042123252,0.9966439299297248,0.9983471074380166,0.9919984505501616,0.9919987578745364,0.9919986042123252,775.2074000835419,959.0,0.001652892561983471,0.06299407883487045,0.1628813918101798,5
394,SRTsim,sim4,SRTsim_4_3,BASS,0.9899347875821451,0.9853748314363155,0.9916123472948681,0.9957024793388429,0.9853707939967058,0.9853788689090112,0.9853748314363153,706.5425400733948,903.0,0.003966942148760331,0.06338974412342005,0.09209377026598801,5
395,SRTsim,sim4,SRTsim_4_4,BASS,0.8536167026910618,0.9354037116081431,0.8794911679100383,0.8684297520661157,0.8962411697895134,0.9781451658664095,0.9354037116081431,598.6392300128937,901.5,0.0036363636363636364,0.06311902576809664,0.07616275571593394,5
396,SRTsim,sim4,SRTsim_4_5,BASS,0.8777263777554871,0.9446444812299365,0.8937547571121869,0.8995041322314049,0.9180819487248941,0.9727898578553529,0.9446444812299365,584.0917501449585,900.0,0.008925619834710744,0.06299407883487046,0.1497325825194618,5
397,SRTsim,sim4,SRTsim_4_6,BASS,0.8162058824695345,0.9236153903089769,0.8418593699892047,0.827107438016529,0.881328641766196,0.9701645460492117,0.9236153903089769,593.8106100559235,898.5,0.00859504132231405,0.06300270462059032,0.09579635263074544,5
398,SRTsim,sim4,SRTsim_4_7,BASS,0.8019275293561987,0.9220127542182316,0.8264567014355343,0.8376859504132231,0.8847894755164437,0.9625055650993782,0.9220127542182317,590.0396599769592,897.0,0.010247933884297521,0.06299407883487046,0.07812241712076301,5
399,SRTsim,sim4,SRTsim_4_8,BASS,0.7420477929559035,0.9013196841861972,0.7782390141026057,0.7414876033057851,0.8438901335598185,0.9671365675199467,0.9013196841861971,587.1716599464417,895.4,0.011239669421487603,0.06299407883487046,0.0037663134926645635,5
400,SRTsim,sim4,SRTsim_4_1,BayesSpace,1.0,1.0,1.0,1.0,1.0,1.0,1.0,1468.2918498516083,5966.9,0.0,0.06299407883487045,0.3531642450835382,1
401,SRTsim,sim4,SRTsim_4_2,BayesSpace,0.9839580501407861,0.9743390543293619,0.987968592059655,0.9940495867768595,0.974334378503302,0.9743437302003006,0.9743390543293619,1465.3385400772095,5989.3,0.0059504132231404955,0.06351594007797971,0.16103070903487926,1
402,SRTsim,sim4,SRTsim_4_3,BayesSpace,0.9680349687299462,0.9598355451233054,0.9733627089934466,0.9861157024793389,0.9598235315792683,0.9598475589680792,0.9598355451233054,1498.4606499671936,6012.1,0.013223140495867768,0.06488219109048968,0.08999566015888119,1
403,SRTsim,sim4,SRTsim_4_4,BayesSpace,0.8910374341053869,0.8982961596118961,0.9046764268760926,0.9500826446280992,0.8980120284988785,0.8985804705800559,0.898296159611896,1506.0046999454498,6035.0,0.049586776859504134,0.06612236831629063,0.04947583866975958,1
404,SRTsim,sim4,SRTsim_4_5,BayesSpace,0.80179470249382,0.8421613067189027,0.8216613971902951,0.8932231404958678,0.8413022593515551,0.8430221102129435,0.8421613067189027,1512.4779200553894,6057.9,0.1028099173553719,0.06721140799583908,0.1461038801058747,1
405,SRTsim,sim4,SRTsim_4_6,BayesSpace,0.6842008296668318,0.7810181718064283,0.713549281098597,0.7844628099173554,0.7707137352915798,0.7916018826859101,0.7810181718064284,1527.309010028839,6080.8,0.16859504132231404,0.0702045837615915,0.05598624524380895,1
406,SRTsim,sim4,SRTsim_4_7,BayesSpace,0.6336387523244743,0.7597568206777492,0.6624950079364176,0.7421487603305785,0.7491935699334705,0.7706222043385564,0.7597568206777493,1536.1183700561523,7391.5,0.20165289256198346,0.07049871271681643,0.03584521226520669,1
407,SRTsim,sim4,SRTsim_4_8,BayesSpace,0.5376706519049987,0.7029868941232345,0.5774678879196322,0.616198347107438,0.6798775505166247,0.7277225093925391,0.7029868941232345,1547.3346500396729,6126.6,0.28165289256198345,0.07256923111846832,-0.012753970288686701,1
408,SRTsim,sim4,SRTsim_4_1,BayesSpace,1.0,1.0,1.0,1.0,1.0,1.0,1.0,1480.049329996109,5966.4,0.0,0.06299407883487045,0.3531642450835382,2
409,SRTsim,sim4,SRTsim_4_2,BayesSpace,0.9839580501407861,0.9743390543293619,0.987968592059655,0.9940495867768595,0.974334378503302,0.9743437302003006,0.9743390543293619,1476.726079940796,5989.3,0.0059504132231404955,0.06351594007797971,0.16103070903487926,2
410,SRTsim,sim4,SRTsim_4_3,BayesSpace,0.9680349687299462,0.9598355451233054,0.9733627089934466,0.9861157024793389,0.9598235315792683,0.9598475589680792,0.9598355451233054,1499.4909999370575,6012.1,0.013223140495867768,0.06488219109048968,0.08999566015888119,2
411,SRTsim,sim4,SRTsim_4_4,BayesSpace,0.8910374341053869,0.8982961596118961,0.9046764268760926,0.9500826446280992,0.8980120284988785,0.8985804705800559,0.898296159611896,1509.6343998908997,7309.3,0.049586776859504134,0.06612236831629063,0.04947583866975958,2
412,SRTsim,sim4,SRTsim_4_5,BayesSpace,0.80179470249382,0.8421613067189027,0.8216613971902951,0.8932231404958678,0.8413022593515551,0.8430221102129435,0.8421613067189027,1526.0063400268555,6057.9,0.1028099173553719,0.06721140799583908,0.1461038801058747,2
413,SRTsim,sim4,SRTsim_4_6,BayesSpace,0.6842008296668318,0.7810181718064283,0.713549281098597,0.7844628099173554,0.7707137352915798,0.7916018826859101,0.7810181718064284,1523.1439499855042,6080.8,0.16859504132231404,0.0702045837615915,0.05598624524380895,2
414,SRTsim,sim4,SRTsim_4_7,BayesSpace,0.6336387523244743,0.7597568206777492,0.6624950079364176,0.7421487603305785,0.7491935699334705,0.7706222043385564,0.7597568206777493,1529.0888900756836,6103.7,0.20165289256198346,0.07049871271681643,0.03584521226520669,2
415,SRTsim,sim4,SRTsim_4_8,BayesSpace,0.5376706519049987,0.7029868941232345,0.5774678879196322,0.616198347107438,0.6798775505166247,0.7277225093925391,0.7029868941232345,1546.263829946518,6126.6,0.28165289256198345,0.07256923111846832,-0.012753970288686701,2
416,SRTsim,sim4,SRTsim_4_1,BayesSpace,1.0,1.0,1.0,1.0,1.0,1.0,1.0,1483.4476099014282,7226.8,0.0,0.06299407883487045,0.3531642450835382,3
417,SRTsim,sim4,SRTsim_4_2,BayesSpace,0.9839580501407861,0.9743390543293619,0.987968592059655,0.9940495867768595,0.974334378503302,0.9743437302003006,0.9743390543293619,1484.2218000888824,5989.3,0.0059504132231404955,0.06351594007797971,0.16103070903487926,3
418,SRTsim,sim4,SRTsim_4_3,BayesSpace,0.9680349687299462,0.9598355451233054,0.9733627089934466,0.9861157024793389,0.9598235315792683,0.9598475589680792,0.9598355451233054,1505.0023798942566,6012.1,0.013223140495867768,0.06488219109048968,0.08999566015888119,3
419,SRTsim,sim4,SRTsim_4_4,BayesSpace,0.8910374341053869,0.8982961596118961,0.9046764268760926,0.9500826446280992,0.8980120284988785,0.8985804705800559,0.898296159611896,1501.2659800052643,6035.0,0.049586776859504134,0.06612236831629063,0.04947583866975958,3
420,SRTsim,sim4,SRTsim_4_5,BayesSpace,0.80179470249382,0.8421613067189027,0.8216613971902951,0.8932231404958678,0.8413022593515551,0.8430221102129435,0.8421613067189027,1522.5438899993896,6057.9,0.1028099173553719,0.06721140799583908,0.1461038801058747,3
421,SRTsim,sim4,SRTsim_4_6,BayesSpace,0.6842008296668318,0.7810181718064283,0.713549281098597,0.7844628099173554,0.7707137352915798,0.7916018826859101,0.7810181718064284,1525.7415199279785,7286.1,0.16859504132231404,0.0702045837615915,0.05598624524380895,3
422,SRTsim,sim4,SRTsim_4_7,BayesSpace,0.6336387523244743,0.7597568206777492,0.6624950079364176,0.7421487603305785,0.7491935699334705,0.7706222043385564,0.7597568206777493,1550.9438300132751,6103.7,0.20165289256198346,0.07049871271681643,0.03584521226520669,3
423,SRTsim,sim4,SRTsim_4_8,BayesSpace,0.5376706519049987,0.7029868941232345,0.5774678879196322,0.616198347107438,0.6798775505166247,0.7277225093925391,0.7029868941232345,1545.6578199863434,6126.6,0.28165289256198345,0.07256923111846832,-0.012753970288686701,3
424,SRTsim,sim4,SRTsim_4_1,BayesSpace,1.0,1.0,1.0,1.0,1.0,1.0,1.0,1472.3424699306488,7226.8,0.0,0.06299407883487045,0.3531642450835382,4
425,SRTsim,sim4,SRTsim_4_2,BayesSpace,0.9839580501407861,0.9743390543293619,0.987968592059655,0.9940495867768595,0.974334378503302,0.9743437302003006,0.9743390543293619,1478.5902500152588,5989.3,0.0059504132231404955,0.06351594007797971,0.16103070903487926,4
426,SRTsim,sim4,SRTsim_4_3,BayesSpace,0.9680349687299462,0.9598355451233054,0.9733627089934466,0.9861157024793389,0.9598235315792683,0.9598475589680792,0.9598355451233054,1493.7763500213623,6012.1,0.013223140495867768,0.06488219109048968,0.08999566015888119,4
427,SRTsim,sim4,SRTsim_4_4,BayesSpace,0.8910374341053869,0.8982961596118961,0.9046764268760926,0.9500826446280992,0.8980120284988785,0.8985804705800559,0.898296159611896,1495.1511099338531,6035.0,0.049586776859504134,0.06612236831629063,0.04947583866975958,4
428,SRTsim,sim4,SRTsim_4_5,BayesSpace,0.80179470249382,0.8421613067189027,0.8216613971902951,0.8932231404958678,0.8413022593515551,0.8430221102129435,0.8421613067189027,1517.589910030365,6057.9,0.1028099173553719,0.06721140799583908,0.1461038801058747,4
429,SRTsim,sim4,SRTsim_4_6,BayesSpace,0.6842008296668318,0.7810181718064283,0.713549281098597,0.7844628099173554,0.7707137352915798,0.7916018826859101,0.7810181718064284,1524.1778800487518,7364.0,0.16859504132231404,0.0702045837615915,0.05598624524380895,4
430,SRTsim,sim4,SRTsim_4_7,BayesSpace,0.6336387523244743,0.7597568206777492,0.6624950079364176,0.7421487603305785,0.7491935699334705,0.7706222043385564,0.7597568206777493,1539.39159989357,6103.7,0.20165289256198346,0.07049871271681643,0.03584521226520669,4
431,SRTsim,sim4,SRTsim_4_8,BayesSpace,0.5376706519049987,0.7029868941232345,0.5774678879196322,0.616198347107438,0.6798775505166247,0.7277225093925391,0.7029868941232345,1540.5727200508118,6126.6,0.28165289256198345,0.07256923111846832,-0.012753970288686701,4
432,SRTsim,sim4,SRTsim_4_1,BayesSpace,1.0,1.0,1.0,1.0,1.0,1.0,1.0,1472.1495201587677,5966.4,0.0,0.06299407883487045,0.3531642450835382,5
433,SRTsim,sim4,SRTsim_4_2,BayesSpace,0.9839580501407861,0.9743390543293619,0.987968592059655,0.9940495867768595,0.974334378503302,0.9743437302003006,0.9743390543293619,1476.786770105362,5989.3,0.0059504132231404955,0.06351594007797971,0.16103070903487926,5
434,SRTsim,sim4,SRTsim_4_3,BayesSpace,0.9680349687299462,0.9598355451233054,0.9733627089934466,0.9861157024793389,0.9598235315792683,0.9598475589680792,0.9598355451233054,1494.98389005661,7281.7,0.013223140495867768,0.06488219109048968,0.08999566015888119,5
435,SRTsim,sim4,SRTsim_4_4,BayesSpace,0.8910374341053869,0.8982961596118961,0.9046764268760926,0.9500826446280992,0.8980120284988785,0.8985804705800559,0.898296159611896,1505.9963102340698,6035.0,0.049586776859504134,0.06612236831629063,0.04947583866975958,5
436,SRTsim,sim4,SRTsim_4_5,BayesSpace,0.80179470249382,0.8421613067189027,0.8216613971902951,0.8932231404958678,0.8413022593515551,0.8430221102129435,0.8421613067189027,1520.0660300254822,6057.9,0.1028099173553719,0.06721140799583908,0.1461038801058747,5
437,SRTsim,sim4,SRTsim_4_6,BayesSpace,0.6842008296668318,0.7810181718064283,0.713549281098597,0.7844628099173554,0.7707137352915798,0.7916018826859101,0.7810181718064284,1514.089499950409,6080.8,0.16859504132231404,0.0702045837615915,0.05598624524380895,5
438,SRTsim,sim4,SRTsim_4_7,BayesSpace,0.6336387523244743,0.7597568206777492,0.6624950079364176,0.7421487603305785,0.7491935699334705,0.7706222043385564,0.7597568206777493,1542.3725700378418,6103.7,0.20165289256198346,0.07049871271681643,0.03584521226520669,5
439,SRTsim,sim4,SRTsim_4_8,BayesSpace,0.5376706519049987,0.7029868941232345,0.5774678879196322,0.616198347107438,0.6798775505166247,0.7277225093925391,0.7029868941232345,1545.2701199054718,7238.7,0.28165289256198345,0.07256923111846832,-0.012753970288686701,5
440,SRTsim,sim4,SRTsim_4_1,PRECAST,1.0,1.0,1.0,1.0,1.0,1.0,1.0,31.05110001564026,361.8,0.0,0.06299407883487045,0.3531642450835382,1
441,SRTsim,sim4,SRTsim_4_2,PRECAST,0.998206599085692,0.9966826285374577,0.9986549501000014,0.9993388429752066,0.996682010986031,0.9966832460896496,0.9966826285374578,33.21163988113403,410.3,0.0006611570247933885,0.06299407883487045,0.16293221462760496,1
442,SRTsim,sim4,SRTsim_4_3,PRECAST,0.34094390683218845,0.5063124270915534,0.5214981942424448,0.48958677685950414,0.4198286910140855,0.6376712182442617,0.5063124270915533,36.69297003746033,591.2,0.055206611570247935,0.06425405656568808,-0.07549285742027287,1
443,SRTsim,sim4,SRTsim_4_4,PRECAST,0.6208113084561255,0.8221340730232166,0.6984836932449094,0.7391735537190083,0.7615634337022519,0.8931721590202588,0.8221340730232166,37.67325019836426,590.6,0.03404958677685951,0.06371585663280131,0.009399929071961197,1
444,SRTsim,sim4,SRTsim_4_5,PRECAST,0.6199954494636332,0.7957449856793986,0.6780937881913403,0.6826446280991736,0.7439718338863789,0.8552629058920196,0.7957449856793987,36.333850145339966,590.1,0.06677685950413223,0.06605803924663935,0.026428460864768334,1
445,SRTsim,sim4,SRTsim_4_6,PRECAST,0.5229370473467918,0.7347333925844761,0.5909405878752145,0.59900826446281,0.6832430844240839,0.7946170214679913,0.7347333925844762,55.101890087127686,582.6,0.09289256198347108,0.06458233710257509,-0.0038099008991279854,1
446,SRTsim,sim4,SRTsim_4_7,PRECAST,0.5381909012442067,0.7550511393929946,0.591747309989894,0.6532231404958677,0.7178383120549938,0.7963331488277064,0.7550511393929947,52.34772992134094,589.4,0.10975206611570248,0.06651952430247499,-0.011722404968520799,1
447,SRTsim,sim4,SRTsim_4_8,PRECAST,0.44052844159466104,0.7028022399074012,0.501417034918044,0.5699173553719008,0.6607075653434162,0.7506257366574717,0.7028022399074013,52.88820004463196,589.3,0.14479338842975206,0.06645411911439635,-0.11572608635511114,1
448,SRTsim,sim4,SRTsim_4_1,PRECAST,1.0,1.0,1.0,1.0,1.0,1.0,1.0,26.407320022583008,591.0,0.0,0.06299407883487045,0.3531642450835382,2
449,SRTsim,sim4,SRTsim_4_2,PRECAST,0.998206599085692,0.9966826285374577,0.9986549501000014,0.9993388429752066,0.996682010986031,0.9966832460896496,0.9966826285374578,32.39093017578125,591.9,0.0006611570247933885,0.06299407883487045,0.16293221462760496,2
450,SRTsim,sim4,SRTsim_4_3,PRECAST,0.34094390683218845,0.5063124270915534,0.5214981942424448,0.48958677685950414,0.4198286910140855,0.6376712182442617,0.5063124270915533,37.11770987510681,591.2,0.055206611570247935,0.06425405656568808,-0.07549285742027287,2
451,SRTsim,sim4,SRTsim_4_4,PRECAST,0.6208113084561255,0.8221340730232166,0.6984836932449094,0.7391735537190083,0.7615634337022519,0.8931721590202588,0.8221340730232166,36.27792000770569,590.7,0.03404958677685951,0.06371585663280131,0.009399929071961197,2
452,SRTsim,sim4,SRTsim_4_5,PRECAST,0.6199954494636332,0.7957449856793986,0.6780937881913403,0.6826446280991736,0.7439718338863789,0.8552629058920196,0.7957449856793987,36.30024981498718,597.5,0.06677685950413223,0.06605803924663935,0.026428460864768334,2
453,SRTsim,sim4,SRTsim_4_6,PRECAST,0.5229370473467918,0.7347333925844761,0.5909405878752145,0.59900826446281,0.6832430844240839,0.7946170214679913,0.7347333925844762,54.46353006362915,590.0,0.09289256198347108,0.06458233710257509,-0.0038099008991279854,2
454,SRTsim,sim4,SRTsim_4_7,PRECAST,0.5381909012442067,0.7550511393929946,0.591747309989894,0.6532231404958677,0.7178383120549938,0.7963331488277064,0.7550511393929947,52.56452989578247,589.4,0.10975206611570248,0.06651952430247499,-0.011722404968520799,2
455,SRTsim,sim4,SRTsim_4_8,PRECAST,0.44052844159466104,0.7028022399074012,0.501417034918044,0.5699173553719008,0.6607075653434162,0.7506257366574717,0.7028022399074013,52.29969000816345,589.3,0.14479338842975206,0.06645411911439635,-0.11572608635511114,2
456,SRTsim,sim4,SRTsim_4_1,PRECAST,1.0,1.0,1.0,1.0,1.0,1.0,1.0,26.968649864196777,591.0,0.0,0.06299407883487045,0.3531642450835382,3
457,SRTsim,sim4,SRTsim_4_2,PRECAST,0.998206599085692,0.9966826285374577,0.9986549501000014,0.9993388429752066,0.996682010986031,0.9966832460896496,0.9966826285374578,34.3123300075531,591.9,0.0006611570247933885,0.06299407883487045,0.16293221462760496,3
458,SRTsim,sim4,SRTsim_4_3,PRECAST,0.34094390683218845,0.5063124270915534,0.5214981942424448,0.48958677685950414,0.4198286910140855,0.6376712182442617,0.5063124270915533,38.77869009971619,591.2,0.055206611570247935,0.06425405656568808,-0.07549285742027287,3
459,SRTsim,sim4,SRTsim_4_4,PRECAST,0.6208113084561255,0.8221340730232166,0.6984836932449094,0.7391735537190083,0.7615634337022519,0.8931721590202588,0.8221340730232166,39.602789878845215,596.8,0.03404958677685951,0.06371585663280131,0.009399929071961197,3
460,SRTsim,sim4,SRTsim_4_5,PRECAST,0.6199954494636332,0.7957449856793986,0.6780937881913403,0.6826446280991736,0.7439718338863789,0.8552629058920196,0.7957449856793987,40.383299827575684,590.1,0.06677685950413223,0.06605803924663935,0.026428460864768334,3
461,SRTsim,sim4,SRTsim_4_6,PRECAST,0.5229370473467918,0.7347333925844761,0.5909405878752145,0.59900826446281,0.6832430844240839,0.7946170214679913,0.7347333925844762,57.438780069351196,590.0,0.09289256198347108,0.06458233710257509,-0.0038099008991279854,3
462,SRTsim,sim4,SRTsim_4_7,PRECAST,0.5381909012442067,0.7550511393929946,0.591747309989894,0.6532231404958677,0.7178383120549938,0.7963331488277064,0.7550511393929947,55.90429997444153,589.4,0.10975206611570248,0.06651952430247499,-0.011722404968520799,3
463,SRTsim,sim4,SRTsim_4_8,PRECAST,0.44052844159466104,0.7028022399074012,0.501417034918044,0.5699173553719008,0.6607075653434162,0.7506257366574717,0.7028022399074013,53.36691999435425,589.3,0.14479338842975206,0.06645411911439635,-0.11572608635511114,3
464,SRTsim,sim4,SRTsim_4_1,PRECAST,1.0,1.0,1.0,1.0,1.0,1.0,1.0,26.737410068511963,591.0,0.0,0.06299407883487045,0.3531642450835382,4
465,SRTsim,sim4,SRTsim_4_2,PRECAST,0.998206599085692,0.9966826285374577,0.9986549501000014,0.9993388429752066,0.996682010986031,0.9966832460896496,0.9966826285374578,31.946029901504517,591.9,0.0006611570247933885,0.06299407883487045,0.16293221462760496,4
466,SRTsim,sim4,SRTsim_4_3,PRECAST,0.34094390683218845,0.5063124270915534,0.5214981942424448,0.48958677685950414,0.4198286910140855,0.6376712182442617,0.5063124270915533,36.453229904174805,591.3,0.055206611570247935,0.06425405656568808,-0.07549285742027287,4
467,SRTsim,sim4,SRTsim_4_4,PRECAST,0.6208113084561255,0.8221340730232166,0.6984836932449094,0.7391735537190083,0.7615634337022519,0.8931721590202588,0.8221340730232166,37.876970052719116,590.8,0.03404958677685951,0.06371585663280131,0.009399929071961197,4
468,SRTsim,sim4,SRTsim_4_5,PRECAST,0.6199954494636332,0.7957449856793986,0.6780937881913403,0.6826446280991736,0.7439718338863789,0.8552629058920196,0.7957449856793987,37.013919830322266,590.1,0.06677685950413223,0.06605803924663935,0.026428460864768334,4
469,SRTsim,sim4,SRTsim_4_6,PRECAST,0.5229370473467918,0.7347333925844761,0.5909405878752145,0.59900826446281,0.6832430844240839,0.7946170214679913,0.7347333925844762,54.83145999908447,590.0,0.09289256198347108,0.06458233710257509,-0.0038099008991279854,4
470,SRTsim,sim4,SRTsim_4_7,PRECAST,0.5381909012442067,0.7550511393929946,0.591747309989894,0.6532231404958677,0.7178383120549938,0.7963331488277064,0.7550511393929947,52.53003001213074,589.5,0.10975206611570248,0.06651952430247499,-0.011722404968520799,4
471,SRTsim,sim4,SRTsim_4_8,PRECAST,0.44052844159466104,0.7028022399074012,0.501417034918044,0.5699173553719008,0.6607075653434162,0.7506257366574717,0.7028022399074013,52.7777099609375,589.4,0.14479338842975206,0.06645411911439635,-0.11572608635511114,4
472,SRTsim,sim4,SRTsim_4_1,PRECAST,1.0,1.0,1.0,1.0,1.0,1.0,1.0,26.24627995491028,591.0,0.0,0.06299407883487045,0.3531642450835382,5
473,SRTsim,sim4,SRTsim_4_2,PRECAST,0.998206599085692,0.9966826285374577,0.9986549501000014,0.9993388429752066,0.996682010986031,0.9966832460896496,0.9966826285374578,31.229549884796143,591.9,0.0006611570247933885,0.06299407883487045,0.16293221462760496,5
474,SRTsim,sim4,SRTsim_4_3,PRECAST,0.34094390683218845,0.5063124270915534,0.5214981942424448,0.48958677685950414,0.4198286910140855,0.6376712182442617,0.5063124270915533,36.742769956588745,591.2,0.055206611570247935,0.06425405656568808,-0.07549285742027287,5
475,SRTsim,sim4,SRTsim_4_4,PRECAST,0.6208113084561255,0.8221340730232166,0.6984836932449094,0.7391735537190083,0.7615634337022519,0.8931721590202588,0.8221340730232166,37.7504198551178,590.8,0.03404958677685951,0.06371585663280131,0.009399929071961197,5
476,SRTsim,sim4,SRTsim_4_5,PRECAST,0.6199954494636332,0.7957449856793986,0.6780937881913403,0.6826446280991736,0.7439718338863789,0.8552629058920196,0.7957449856793987,38.463500022888184,590.2,0.06677685950413223,0.06605803924663935,0.026428460864768334,5
477,SRTsim,sim4,SRTsim_4_6,PRECAST,0.5229370473467918,0.7347333925844761,0.5909405878752145,0.59900826446281,0.6832430844240839,0.7946170214679913,0.7347333925844762,54.51809000968933,590.1,0.09289256198347108,0.06458233710257509,-0.0038099008991279854,5
478,SRTsim,sim4,SRTsim_4_7,PRECAST,0.5381909012442067,0.7550511393929946,0.591747309989894,0.6532231404958677,0.7178383120549938,0.7963331488277064,0.7550511393929947,52.49413013458252,589.4,0.10975206611570248,0.06651952430247499,-0.011722404968520799,5
479,SRTsim,sim4,SRTsim_4_8,PRECAST,0.44052844159466104,0.7028022399074012,0.501417034918044,0.5699173553719008,0.6607075653434162,0.7506257366574717,0.7028022399074013,52.95812010765076,589.3,0.14479338842975206,0.06645411911439635,-0.11572608635511114,5
480,SRTsim,sim4,SRTsim_4_1,Banksy,1.0,1.0,1.0,1.0,1.0,1.0,1.0,12.844055891036987,767.5681848526001,0.0,0.06299407883487045,0.3531642450835382,1
481,SRTsim,sim4,SRTsim_4_2,Banksy,0.9964178749439564,0.9940266461635376,0.9973134124978007,0.9986776859504132,0.9940241825321802,0.994029109807107,0.9940266461635375,12.086256504058838,767.0542125701904,0.0006611570247933885,0.06299407883487045,0.16301081183015567,1
482,SRTsim,sim4,SRTsim_4_3,Banksy,0.7416038545940273,0.8489110450938033,0.7916182160424473,0.8314049586776859,0.8258733067079573,0.8732709406208529,0.8489110450938032,12.30414628982544,882.6585655212402,0.06148760330578512,0.06355900636225345,0.08096369239572479,1
483,SRTsim,sim4,SRTsim_4_4,Banksy,0.7810257584489239,0.874073826687126,0.8128303818640386,0.8575206611570247,0.8551876064766745,0.8938130630941189,0.8740738266871259,12.828442096710203,882.660327911377,0.055206611570247935,0.0639183502606768,0.03880462432181151,1
484,SRTsim,sim4,SRTsim_4_5,Banksy,0.7206757727449106,0.822422688311506,0.7501294326283053,0.823801652892562,0.8147560785464988,0.8302349495998261,0.8224226883115061,13.465351819992064,882.6584911346436,0.10809917355371901,0.06520143022316602,0.1017641332150222,1
485,SRTsim,sim4,SRTsim_4_6,Banksy,0.6120756631361898,0.7814725952121547,0.6466924885347693,0.7100826446280992,0.771831493921079,0.7913576010053172,0.7814725952121548,13.911710500717165,882.658504486084,0.18512396694214875,0.06503327970763352,0.010186704143161899,1
486,SRTsim,sim4,SRTsim_4_7,Banksy,0.6052239040932772,0.7783744348891724,0.6387564961815985,0.7054545454545454,0.7577185544609913,0.8001880605438991,0.7783744348891722,14.594483852386476,882.6577062606812,0.1712396694214876,0.06587513733253778,-0.006074597647231965,1
487,SRTsim,sim4,SRTsim_4_8,Banksy,0.6366137963410364,0.7897436290848406,0.6618777223280664,0.752396694214876,0.7761212529554219,0.8038527446365752,0.7897436290848406,16.745437145233154,882.6578359603882,0.20132231404958678,0.0659779060101921,-0.005030340169335235,1
488,SRTsim,sim4,SRTsim_4_1,Banksy,1.0,1.0,1.0,1.0,1.0,1.0,1.0,11.546646118164062,882.6583566665649,0.0,0.06299407883487045,0.3531642450835382,2
489,SRTsim,sim4,SRTsim_4_2,Banksy,0.9964178749439564,0.9940266461635376,0.9973134124978007,0.9986776859504132,0.9940241825321802,0.994029109807107,0.9940266461635375,11.831955194473268,882.657169342041,0.0006611570247933885,0.06299407883487045,0.16301081183015567,2
490,SRTsim,sim4,SRTsim_4_3,Banksy,0.7416038545940273,0.8489110450938033,0.7916182160424473,0.8314049586776859,0.8258733067079573,0.8732709406208529,0.8489110450938032,12.153968572616575,882.6579303741455,0.06148760330578512,0.06355900636225345,0.08096369239572479,2
491,SRTsim,sim4,SRTsim_4_4,Banksy,0.7810257584489239,0.874073826687126,0.8128303818640386,0.8575206611570247,0.8551876064766745,0.8938130630941189,0.8740738266871259,12.687815189361572,882.6582469940186,0.055206611570247935,0.0639183502606768,0.03880462432181151,2
492,SRTsim,sim4,SRTsim_4_5,Banksy,0.7206757727449106,0.822422688311506,0.7501294326283053,0.823801652892562,0.8147560785464988,0.8302349495998261,0.8224226883115061,13.488141775131226,882.6578969955444,0.10809917355371901,0.06520143022316602,0.1017641332150222,2
493,SRTsim,sim4,SRTsim_4_6,Banksy,0.6120756631361898,0.7814725952121547,0.6466924885347693,0.7100826446280992,0.771831493921079,0.7913576010053172,0.7814725952121548,13.91952633857727,882.656985282898,0.18512396694214875,0.06503327970763352,0.010186704143161899,2
494,SRTsim,sim4,SRTsim_4_7,Banksy,0.6052239040932772,0.7783744348891724,0.6387564961815985,0.7054545454545454,0.7577185544609913,0.8001880605438991,0.7783744348891722,14.625775337219238,882.6582841873169,0.1712396694214876,0.06587513733253778,-0.006074597647231965,2
495,SRTsim,sim4,SRTsim_4_8,Banksy,0.6366137963410364,0.7897436290848406,0.6618777223280664,0.752396694214876,0.7761212529554219,0.8038527446365752,0.7897436290848406,16.987977027893066,882.6585636138916,0.20132231404958678,0.0659779060101921,-0.005030340169335235,2
496,SRTsim,sim4,SRTsim_4_1,Banksy,1.0,1.0,1.0,1.0,1.0,1.0,1.0,11.61827039718628,882.6609573364258,0.0,0.06299407883487045,0.3531642450835382,3
497,SRTsim,sim4,SRTsim_4_2,Banksy,0.9964178749439564,0.9940266461635376,0.9973134124978007,0.9986776859504132,0.9940241825321802,0.994029109807107,0.9940266461635375,11.845226526260376,882.6575593948364,0.0006611570247933885,0.06299407883487045,0.16301081183015567,3
498,SRTsim,sim4,SRTsim_4_3,Banksy,0.7416038545940273,0.8489110450938033,0.7916182160424473,0.8314049586776859,0.8258733067079573,0.8732709406208529,0.8489110450938032,12.252681493759155,882.6564865112305,0.06148760330578512,0.06355900636225345,0.08096369239572479,3
499,SRTsim,sim4,SRTsim_4_4,Banksy,0.7810257584489239,0.874073826687126,0.8128303818640386,0.8575206611570247,0.8551876064766745,0.8938130630941189,0.8740738266871259,12.700357913970947,882.6573839187622,0.055206611570247935,0.0639183502606768,0.03880462432181151,3
500,SRTsim,sim4,SRTsim_4_5,Banksy,0.7206757727449106,0.822422688311506,0.7501294326283053,0.823801652892562,0.8147560785464988,0.8302349495998261,0.8224226883115061,13.41637682914734,882.6579008102417,0.10809917355371901,0.06520143022316602,0.1017641332150222,3
501,SRTsim,sim4,SRTsim_4_6,Banksy,0.6120756631361898,0.7814725952121547,0.6466924885347693,0.7100826446280992,0.771831493921079,0.7913576010053172,0.7814725952121548,13.913618326187134,882.6585626602173,0.18512396694214875,0.06503327970763352,0.010186704143161899,3
502,SRTsim,sim4,SRTsim_4_7,Banksy,0.6052239040932772,0.7783744348891724,0.6387564961815985,0.7054545454545454,0.7577185544609913,0.8001880605438991,0.7783744348891722,14.550373077392578,882.6578617095947,0.1712396694214876,0.06587513733253778,-0.006074597647231965,3
503,SRTsim,sim4,SRTsim_4_8,Banksy,0.6366137963410364,0.7897436290848406,0.6618777223280664,0.752396694214876,0.7761212529554219,0.8038527446365752,0.7897436290848406,16.740402698516846,882.6590824127197,0.20132231404958678,0.0659779060101921,-0.005030340169335235,3
504,SRTsim,sim4,SRTsim_4_1,Banksy,1.0,1.0,1.0,1.0,1.0,1.0,1.0,11.667019367218018,882.6571464538574,0.0,0.06299407883487045,0.3531642450835382,4
505,SRTsim,sim4,SRTsim_4_2,Banksy,0.9964178749439564,0.9940266461635376,0.9973134124978007,0.9986776859504132,0.9940241825321802,0.994029109807107,0.9940266461635375,11.859859228134155,882.6569910049438,0.0006611570247933885,0.06299407883487045,0.16301081183015567,4
506,SRTsim,sim4,SRTsim_4_3,Banksy,0.7416038545940273,0.8489110450938033,0.7916182160424473,0.8314049586776859,0.8258733067079573,0.8732709406208529,0.8489110450938032,12.126939296722412,882.6585130691528,0.06148760330578512,0.06355900636225345,0.08096369239572479,4
507,SRTsim,sim4,SRTsim_4_4,Banksy,0.7810257584489239,0.874073826687126,0.8128303818640386,0.8575206611570247,0.8551876064766745,0.8938130630941189,0.8740738266871259,12.739012479782104,882.657473564148,0.055206611570247935,0.0639183502606768,0.03880462432181151,4
508,SRTsim,sim4,SRTsim_4_5,Banksy,0.7206757727449106,0.822422688311506,0.7501294326283053,0.823801652892562,0.8147560785464988,0.8302349495998261,0.8224226883115061,13.266597986221312,882.6572723388672,0.10809917355371901,0.06520143022316602,0.1017641332150222,4
509,SRTsim,sim4,SRTsim_4_6,Banksy,0.6120756631361898,0.7814725952121547,0.6466924885347693,0.7100826446280992,0.771831493921079,0.7913576010053172,0.7814725952121548,13.86350417137146,882.6573038101196,0.18512396694214875,0.06503327970763352,0.010186704143161899,4
510,SRTsim,sim4,SRTsim_4_7,Banksy,0.6052239040932772,0.7783744348891724,0.6387564961815985,0.7054545454545454,0.7577185544609913,0.8001880605438991,0.7783744348891722,14.66468334197998,882.6584424972534,0.1712396694214876,0.06587513733253778,-0.006074597647231965,4
511,SRTsim,sim4,SRTsim_4_8,Banksy,0.6366137963410364,0.7897436290848406,0.6618777223280664,0.752396694214876,0.7761212529554219,0.8038527446365752,0.7897436290848406,16.908986806869507,882.6567058563232,0.20132231404958678,0.0659779060101921,-0.005030340169335235,4
512,SRTsim,sim4,SRTsim_4_1,Banksy,1.0,1.0,1.0,1.0,1.0,1.0,1.0,12.010528564453123,882.6570854187012,0.0,0.06299407883487045,0.3531642450835382,5
513,SRTsim,sim4,SRTsim_4_2,Banksy,0.9964178749439564,0.9940266461635376,0.9973134124978007,0.9986776859504132,0.9940241825321802,0.994029109807107,0.9940266461635375,12.193386554718018,882.6580600738525,0.0006611570247933885,0.06299407883487045,0.16301081183015567,5
514,SRTsim,sim4,SRTsim_4_3,Banksy,0.7416038545940273,0.8489110450938033,0.7916182160424473,0.8314049586776859,0.8258733067079573,0.8732709406208529,0.8489110450938032,12.387253522872925,882.6575708389282,0.06148760330578512,0.06355900636225345,0.08096369239572479,5
515,SRTsim,sim4,SRTsim_4_4,Banksy,0.7810257584489239,0.874073826687126,0.8128303818640386,0.8575206611570247,0.8551876064766745,0.8938130630941189,0.8740738266871259,12.840601682662964,882.6575021743774,0.055206611570247935,0.0639183502606768,0.03880462432181151,5
516,SRTsim,sim4,SRTsim_4_5,Banksy,0.7206757727449106,0.822422688311506,0.7501294326283053,0.823801652892562,0.8147560785464988,0.8302349495998261,0.8224226883115061,13.463661670684814,882.6572999954224,0.10809917355371901,0.06520143022316602,0.1017641332150222,5
517,SRTsim,sim4,SRTsim_4_6,Banksy,0.6120756631361898,0.7814725952121547,0.6466924885347693,0.7100826446280992,0.771831493921079,0.7913576010053172,0.7814725952121548,14.044214963912964,882.6572332382202,0.18512396694214875,0.06503327970763352,0.010186704143161899,5
518,SRTsim,sim4,SRTsim_4_7,Banksy,0.6052239040932772,0.7783744348891724,0.6387564961815985,0.7054545454545454,0.7577185544609913,0.8001880605438991,0.7783744348891722,14.828112602233888,882.6569471359253,0.1712396694214876,0.06587513733253778,-0.006074597647231965,5
519,SRTsim,sim4,SRTsim_4_8,Banksy,0.6366137963410364,0.7897436290848406,0.6618777223280664,0.752396694214876,0.7761212529554219,0.8038527446365752,0.7897436290848406,16.911922216415405,882.6582956314087,0.20132231404958678,0.0659779060101921,-0.005030340169335235,5
520,SRTsim,sim4,SRTsim_4_1,CellCharter,1.0,1.0,1.0,1.0,1.0,1.0,1.0,194.55974221229556,811.4233989715576,0.0,0.06299407883487045,0.3531642450835382,1
521,SRTsim,sim4,SRTsim_4_2,CellCharter,0.9299555100342477,0.932219490218291,0.9475190159835887,0.9728925619834711,0.9312980558847564,0.9331427497078135,0.932219490218291,180.61434292793277,811.1687412261963,0.005619834710743801,0.06324134440388914,0.16153693328523186,1
522,SRTsim,sim4,SRTsim_4_3,CellCharter,0.7223946339294408,0.8356499580051356,0.7778327489314821,0.8069421487603305,0.8105227545688272,0.862384953468326,0.8356499580051356,191.36541366577148,811.1651973724365,0.033388429752066115,0.06333871947092311,0.0926809262262741,1
523,SRTsim,sim4,SRTsim_4_4,CellCharter,0.6039905430916074,0.7307873460719306,0.6578865968516793,0.7510743801652893,0.719052520142161,0.7429115476407623,0.7307873460719305,174.31503748893738,811.1676435470581,0.1322314049586777,0.06487066904370298,0.04349564010240463,1
524,SRTsim,sim4,SRTsim_4_5,CellCharter,0.49591673101142403,0.6535099578284262,0.5494729568329056,0.6208264462809917,0.6453172458730599,0.6619133680872182,0.6535099578284262,190.420994758606,811.162576675415,0.2056198347107438,0.06881007193234065,0.04825650536906359,1
525,SRTsim,sim4,SRTsim_4_6,CellCharter,0.38729281020691075,0.5852101489794623,0.44309848463596346,0.5256198347107438,0.5761603489825801,0.594548777601134,0.5852101489794622,177.56401681900024,811.1669836044312,0.3140495867768595,0.07097305498284585,0.00047029869550989,1
526,SRTsim,sim4,SRTsim_4_7,CellCharter,0.3660278310985426,0.593792931601459,0.41896697262342625,0.49355371900826445,0.581202088012409,0.6069413770453391,0.593792931601459,179.89790177345276,811.1670141220093,0.3375206611570248,0.06973940750617218,-0.027445891255228064,1
527,SRTsim,sim4,SRTsim_4_8,CellCharter,0.284831767112145,0.5332856041420295,0.3388273346383233,0.4069421487603306,0.5204089779108434,0.5468156173052956,0.5332856041420295,191.25935316085813,811.1651105880737,0.4783471074380165,0.07597697542157897,-0.04180266628996298,1
528,SRTsim,sim4,SRTsim_4_1,CellCharter,1.0,1.0,1.0,1.0,1.0,1.0,1.0,194.50686979293823,811.1703042984009,0.0,0.06299407883487045,0.3531642450835382,2
529,SRTsim,sim4,SRTsim_4_2,CellCharter,0.9875162736788221,0.9802869465874327,0.9906372545102686,0.9953719008264463,0.9802814800053155,0.9802924132305194,0.9802869465874327,156.5563132762909,811.1652021408081,0.0023140495867768596,0.06299407883487045,0.16266642952133342,2
530,SRTsim,sim4,SRTsim_4_3,CellCharter,0.7576237683994733,0.862269103040051,0.8058444007918971,0.8297520661157025,0.8369153914980925,0.8892069472605942,0.862269103040051,152.24710297584534,811.1649112701416,0.062479338842975206,0.06368511380446965,0.09535196173858997,2
531,SRTsim,sim4,SRTsim_4_4,CellCharter,0.6520502943345745,0.7717849622900119,0.6979427183919116,0.7801652892561983,0.7636445206138691,0.7801008280109222,0.7717849622900121,164.5800235271454,811.163685798645,0.13487603305785123,0.06552164856181769,0.046735464471538694,2
532,SRTsim,sim4,SRTsim_4_5,CellCharter,0.4851285620314483,0.6479921851972439,0.5422609001142016,0.6221487603305785,0.6364525478305838,0.6599580042872266,0.6479921851972439,174.41989707946777,811.1656999588013,0.22743801652892562,0.0674726645083972,0.041616129479702536,2
533,SRTsim,sim4,SRTsim_4_6,CellCharter,0.4170953791916,0.6026444865684513,0.47409107603353073,0.5147107438016529,0.5886970238885434,0.617268876133865,0.6026444865684512,189.81678915023804,811.1657209396362,0.35702479338842974,0.0719414858605411,0.04302413570183035,2
534,SRTsim,sim4,SRTsim_4_7,CellCharter,0.3275744547788279,0.5485346973872323,0.3825754593904081,0.4406611570247934,0.5370411911665046,0.5605309198753127,0.5485346973872323,196.0881369113922,811.1652145385742,0.4684297520661157,0.0735667590520229,-0.007267158883459712,2
535,SRTsim,sim4,SRTsim_4_8,CellCharter,0.29728252611242195,0.5561500802091289,0.3503960732634313,0.44330578512396696,0.5421182225621924,0.5709276228125609,0.5561500802091288,178.23460841178894,811.1650133132935,0.40859504132231406,0.07239903009554197,-0.04353647936197397,2
536,SRTsim,sim4,SRTsim_4_1,CellCharter,1.0,1.0,1.0,1.0,1.0,1.0,1.0,207.66377592086792,811.1641855239868,0.0,0.06299407883487045,0.3531642450835382,3
537,SRTsim,sim4,SRTsim_4_2,CellCharter,0.6827913402017792,0.7855682605132019,0.7720035855633122,0.815206611570248,0.7581929698189612,0.8149944226135415,0.7855682605132019,161.56319975852966,811.1666316986084,0.0456198347107438,0.06365718917596663,0.11268891714017537,3
538,SRTsim,sim4,SRTsim_4_3,CellCharter,0.736900346428271,0.8249635896450587,0.7827820078969914,0.8211570247933885,0.8161145645674874,0.8340066159303934,0.8249635896450586,187.8329124450684,811.1623239517212,0.04727272727272727,0.06427489900042158,0.08195780584516033,3
539,SRTsim,sim4,SRTsim_4_4,CellCharter,0.6708303949975823,0.7711338063668715,0.7134816360502382,0.7884297520661157,0.7658244726117938,0.7765172715191628,0.7711338063668715,164.6249041557312,811.1655082702637,0.13090909090909092,0.0650612636216616,0.05256614648393125,3
540,SRTsim,sim4,SRTsim_4_5,CellCharter,0.42739808447313515,0.5882425111500063,0.4930615719160131,0.5507438016528926,0.5755324379755485,0.6015266409725404,0.5882425111500064,170.84389400482178,811.1662826538086,0.32826446280991733,0.06928395841923819,0.05589114248969155,3
541,SRTsim,sim4,SRTsim_4_6,CellCharter,0.42415493151646677,0.6158158141826504,0.47420383558718426,0.5659504132231405,0.6103021864504151,0.6214299732173764,0.6158158141826504,186.643846988678,811.1637163162231,0.32661157024793386,0.06944781684904384,0.012976823008881847,3
542,SRTsim,sim4,SRTsim_4_7,CellCharter,0.3424090176247708,0.5616169500515867,0.39970135255619293,0.456198347107438,0.5463271175974064,0.5777872441344222,0.5616169500515866,174.3252398967743,811.1655759811401,0.4009917355371901,0.07431091638605461,-0.004066857049008688,3
543,SRTsim,sim4,SRTsim_4_8,CellCharter,0.3153685997787356,0.5588376239028989,0.3726279252017498,0.4300826446280992,0.5381398971534619,0.5811911719869592,0.5588376239028989,180.3929281234741,811.1649923324585,0.40396694214876033,0.0736850860024358,-0.018081221084938023,3
544,SRTsim,sim4,SRTsim_4_1,CellCharter,1.0,1.0,1.0,1.0,1.0,1.0,1.0,178.6495623588562,811.1665182113647,0.0,0.06299407883487045,0.3531642450835382,4
545,SRTsim,sim4,SRTsim_4_2,CellCharter,0.5408964324513718,0.6638443774344942,0.6744743457538318,0.7014876033057851,0.6307984172271607,0.7005441427352241,0.6638443774344942,159.86736249923706,811.1658668518066,0.020495867768595043,0.06371767850941072,0.15499618667319728,4
546,SRTsim,sim4,SRTsim_4_3,CellCharter,0.7192566543441236,0.8220887853324143,0.7728940550561363,0.8039669421487603,0.8014514967274077,0.8438169805232281,0.8220887853324143,172.90597677230835,811.1667766571045,0.03272727272727273,0.06370679390280798,0.09755223561240535,4
547,SRTsim,sim4,SRTsim_4_4,CellCharter,0.6282390565475051,0.7524540724757313,0.6808217064470743,0.7520661157024794,0.7370795067689517,0.7684836905653423,0.7524540724757312,174.9924464225769,811.1653108596802,0.13950413223140495,0.06706613992984953,0.04312878367942248,4
548,SRTsim,sim4,SRTsim_4_5,CellCharter,0.44482731766820754,0.6033278774317994,0.5044072502023256,0.5890909090909091,0.595309737463978,0.6115649565733385,0.6033278774317994,185.38197231292725,811.1640129089355,0.34049586776859503,0.06912881573224902,0.04609298465465554,4
549,SRTsim,sim4,SRTsim_4_6,CellCharter,0.37285861149475885,0.576337278087442,0.4446170492028891,0.4793388429752066,0.5513026967825982,0.6037536501285147,0.576337278087442,157.73493480682373,811.1661958694458,0.35140495867768595,0.07146664349610493,0.04227236397310485,4
550,SRTsim,sim4,SRTsim_4_7,CellCharter,0.3756651095854603,0.5819454650911396,0.427961232870727,0.4889256198347107,0.5689373408713326,0.5955623405355618,0.5819454650911396,173.78532361984253,811.164960861206,0.4274380165289256,0.07348683789685076,-0.012874961692020312,4
551,SRTsim,sim4,SRTsim_4_8,CellCharter,0.331111915886335,0.5602554347923185,0.3788930490654317,0.43074380165289256,0.548846705781571,0.5721485326168322,0.5602554347923185,193.7051148414612,811.1650514602661,0.43768595041322317,0.07391686250551853,-0.03891433132708835,4
552,SRTsim,sim4,SRTsim_4_1,CellCharter,1.0,1.0,1.0,1.0,1.0,1.0,1.0,193.13193464279172,811.1657590866089,0.0,0.06299407883487045,0.3531642450835382,5
553,SRTsim,sim4,SRTsim_4_2,CellCharter,0.9848702462265254,0.9780334008455251,0.988652866065688,0.9943801652892562,0.9780169282822998,0.9780498739636486,0.978033400845525,165.80554723739624,811.1664838790894,0.0036363636363636364,0.06299407883487045,0.16292927217889822,5
554,SRTsim,sim4,SRTsim_4_3,CellCharter,0.747223157692169,0.8187486126789711,0.7929177240066533,0.8267768595041323,0.8053133904539109,0.8326397262354985,0.8187486126789713,167.04117393493652,811.1659917831421,0.08694214876033057,0.06506606551152141,0.08550559841590828,5
555,SRTsim,sim4,SRTsim_4_4,CellCharter,0.5280942503893553,0.6879910034399795,0.5912546174777609,0.6657851239669421,0.6793057773137879,0.6969011947949566,0.6879910034399795,160.94359707832336,811.1662244796753,0.1543801652892562,0.06587112589165725,0.029817851828179465,5
556,SRTsim,sim4,SRTsim_4_5,CellCharter,0.49151531425679434,0.6599954078503306,0.5475264698474968,0.6185123966942149,0.6491424814244311,0.671217401922986,0.6599954078503307,169.32415580749512,811.1654005050659,0.23801652892561984,0.06686211818852228,0.058840843507245714,5
557,SRTsim,sim4,SRTsim_4_6,CellCharter,0.38996130574374327,0.5933172981630818,0.44962585817111766,0.508099173553719,0.5802345801631842,0.6070035847014373,0.5933172981630817,186.43981981277463,811.1620264053345,0.36363636363636365,0.06981775174388442,0.031494751330438865,5
558,SRTsim,sim4,SRTsim_4_7,CellCharter,0.3669923847271823,0.5810236380343257,0.4211594533680411,0.4664462809917355,0.5683342895546586,0.5942925636969575,0.5810236380343257,155.74214816093445,811.1689395904541,0.4069421487603306,0.07245201864242776,0.013807822157800912,5
559,SRTsim,sim4,SRTsim_4_8,CellCharter,0.333242101886979,0.5501679456557931,0.38636814874718794,0.4290909090909091,0.5343039892301555,0.5670027573300624,0.5501679456557932,212.46144676208496,811.1656646728516,0.46545454545454545,0.07795059156433683,-0.011253136275307577,5
