,Technology,Dataset,Sample,Method,ARI,NMI,FMI,Purity,Homogeneity,Completeness,V_measure,Time,Memory,PAS,CHAOS,ASW,Rep
0,SRTsim,sim3,SRTsim_3_1,CCST,0.9866387551893104,0.9790229763657544,0.9899790941778592,0.9950413223140496,0.9790200979133384,0.979025854835096,0.979022976365754,123.7547037601471,349.90120697021484,0.0033057851239669,0.0629940788348703,0.1623965336855136,1
1,SRTsim,sim3,SRTsim_3_1,DeepST,0.9946338087539348,0.9909769745203588,0.9959753659757268,0.99801652892562,0.9909745184474172,0.990979430605475,0.9909769745203588,183.47785329818728,252.99307823181152,0.00099173553719,0.0629940788348703,0.1630245038871736,1
2,SRTsim,sim3,SRTsim_3_1,GraphST,0.998206599085692,0.9966826285374576,0.9986549501000014,0.9993388429752066,0.996682010986031,0.9966832460896496,0.9966826285374578,22.71379375457764,315.62447929382324,0.0006611570247933,0.0630149033237413,0.1630262105283573,1
3,SRTsim,sim3,SRTsim_3_1,SEDR,0.9883878381596848,0.9809675677652993,0.9912909027727872,0.9957024793388428,0.9809646835955366,0.9809704519520214,0.980967567765299,26.96432638168335,230.42452144622803,0.0029752066115702,0.0629940788348703,0.1626602633115027,1
4,SRTsim,sim3,SRTsim_3_1,SpaceFlow,0.6815464755514209,0.829451738067357,0.7919156622153634,0.7451239669421488,0.7433728623654774,0.9380763025856226,0.829451738067357,34.98149108886719,200.85383319854736,0.0181818181818181,0.0629940788348703,0.1395654381782033,1
5,SRTsim,sim3,SRTsim_3_1,SpaGCN,0.99641785823604,0.9933665003996344,0.99731339367703,0.9986776859504132,0.9933665003996344,0.9933665003996344,0.9933665003996344,33.5075626373291,219.5767526626587,0.0013223140495867,0.0638422169945773,0.1622416032046547,1
6,SRTsim,sim3,SRTsim_3_1,SpatialMGCN,0.7034211728530749,0.8458527881151222,0.8091367143273439,0.7484297520661157,0.7438726136349816,0.9802370083593572,0.8458527881151221,58.17938661575317,136.73025035858154,0.0019834710743801,0.0629940788348703,-0.0506098504564266,1
7,SRTsim,sim3,SRTsim_3_1,STAGATE,0.999102715727924,0.9981759656718702,0.999327036894128,0.9996694214876032,0.9981758110528236,0.9981761202909648,0.9981759656718702,41.80089163780213,127.56200313568117,0.0003305785123966,0.0629940788348703,0.1630578689198639,1
8,SRTsim,sim3,SRTsim_3_1,stLearn,0.9692573902858576,0.9597345441983988,0.9769434913173848,0.9884297520661156,0.959714783842306,0.9597543053682328,0.9597345441983988,2.7246809005737305,36.39815711975098,0.0122314049586776,0.0644598050128076,0.1566524914614845,1
9,SRTsim,sim3,SRTsim_3_10,CCST,0.984017472162632,0.9760471817870096,0.9880131408541276,0.9940495867768596,0.9760440047890808,0.9760503588056204,0.9760471817870096,122.56214261054993,744.0517597198486,0.0036363636363636,0.0629940788348703,0.1626042293138959,1
10,SRTsim,sim3,SRTsim_3_10,DeepST,0.99820484947176,0.9963517755135356,0.9986536376934068,0.9993388429752066,0.996351312704282,0.996352238323219,0.9963517755135356,263.1145718097687,1477.9287405014038,0.0006611570247933,0.0629940788348703,0.1631147699449382,1
11,SRTsim,sim3,SRTsim_3_10,GraphST,0.6230623887785293,0.7777184552444532,0.742588656673466,0.7447933884297521,0.7255569294791394,0.83796089381422,0.7777184552444532,22.045071363449097,963.4705009460448,0.0452892561983471,0.0632418487989335,0.1391633177377136,1
12,SRTsim,sim3,SRTsim_3_10,SEDR,0.9946570270821794,0.989852323412436,0.995992741344825,0.99801652892562,0.9898603003429476,0.98984434661049,0.989852323412436,16.90418529510498,525.3298501968384,0.0016528925619834,0.0629940788348703,0.1628189136199902,1
13,SRTsim,sim3,SRTsim_3_10,SpaceFlow,0.6889560743285487,0.7985762662002953,0.7893255886159026,0.7590082644628099,0.734269131149031,0.8752286018527533,0.7985762662002953,17.194678783416748,859.1463680267334,0.0350413223140495,0.0630149033237413,0.1495722988084372,1
14,SRTsim,sim3,SRTsim_3_10,SpaGCN,0.9928543817926664,0.988118237647888,0.9946407894706027,0.9973553719008263,0.9881176254030168,0.9881188498935178,0.988118237647888,34.223400831222534,1042.0263576507568,0.0026446280991735,0.0634681222552766,0.1624186279899573,1
15,SRTsim,sim3,SRTsim_3_10,SpatialMGCN,0.9768909834959332,0.9673172954380092,0.98266889814418,0.991404958677686,0.9672785981881324,0.9673559957842788,0.9673172954380094,66.51774907112122,1067.6909275054932,0.0076033057851239,0.063375368446504,0.1596641459239697,1
16,SRTsim,sim3,SRTsim_3_10,STAGATE,0.9910652001351444,0.98572934658416,0.9932989560825028,0.996694214876033,0.9857206486102112,0.9857380447116112,0.98572934658416,49.04800081253052,859.1398782730103,0.0029752066115702,0.0633640666469126,0.1621801420686711,1
17,SRTsim,sim3,SRTsim_3_10,stLearn,0.6572835206640757,0.7410830088993478,0.7430207673584662,0.7765289256198347,0.7409045518433774,0.7412615519437045,0.7410830088993478,7.30895471572876,632.7738628387451,0.2013223140495867,0.0648905055109864,0.0872098828753029,1
18,SRTsim,sim3,SRTsim_3_2,CCST,0.9901884907013956,0.985429780945234,0.9926414882455176,0.9963636363636365,0.985412825961754,0.9854467365121778,0.985429780945234,108.75934386253356,372.7008810043335,0.0019834710743801,0.0629940788348703,0.1627093660535075,1
19,SRTsim,sim3,SRTsim_3_2,DeepST,0.999102715727924,0.9981759656718702,0.999327036894128,0.9996694214876032,0.9981758110528236,0.9981761202909648,0.9981759656718702,172.99654412269592,268.5002136230469,0.0003305785123966,0.0629940788348703,0.1630608826217386,1
20,SRTsim,sim3,SRTsim_3_2,GraphST,0.999102715727924,0.9981759656718702,0.999327036894128,0.9996694214876032,0.9981758110528236,0.9981761202909648,0.9981759656718702,13.70416522026062,349.9066915512085,0.0003305785123966,0.0629940788348703,0.1629826524801913,1
21,SRTsim,sim3,SRTsim_3_2,SEDR,0.9982065969944758,0.9963522417120176,0.998654947745857,0.9993388429752066,0.9963522417120176,0.9963522417120176,0.9963522417120176,14.599515438079834,247.5323867797852,0.0006611570247933,0.0629940788348703,0.1630396096962669,1
22,SRTsim,sim3,SRTsim_3_2,SpaceFlow,0.9919788621621276,0.9861581341606588,0.9939842227312488,0.9970247933884298,0.9861446789166182,0.9861715897718794,0.9861581341606592,22.37516450881958,170.14142322540283,0.0019834710743801,0.0632647971901937,0.1628539357426757,1
23,SRTsim,sim3,SRTsim_3_2,SpaGCN,0.99641785823604,0.9933665003996344,0.99731339367703,0.9986776859504132,0.9933665003996344,0.9933665003996344,0.9933665003996344,21.298839330673218,225.6851711273193,0.0013223140495867,0.0636188135010013,0.1623362435487455,1
24,SRTsim,sim3,SRTsim_3_2,SpatialMGCN,1.0,1.0,1.0,1.0,1.0,1.0,1.0,56.797765493392944,164.9251194000244,0.0,0.0629940788348703,0.1630675108301148,1
25,SRTsim,sim3,SRTsim_3_2,STAGATE,0.999102715727924,0.9981759656718702,0.999327036894128,0.9996694214876032,0.9981758110528236,0.9981761202909648,0.9981759656718702,31.05906653404236,143.22466373443604,0.0003305785123966,0.0629940788348703,0.1630760814155991,1
26,SRTsim,sim3,SRTsim_3_2,stLearn,0.9787870289771844,0.9705140967195268,0.9840902810102402,0.9920661157024794,0.9705134953823028,0.970514698057496,0.9705140967195268,3.263767719268799,73.65330505371094,0.0079338842975206,0.0642767768476502,0.1583437695246698,1
27,SRTsim,sim3,SRTsim_3_3,CCST,0.9964178749439564,0.9940266461635378,0.9973134124978008,0.9986776859504132,0.9940241825321802,0.9940291098071072,0.9940266461635376,107.04118156433104,419.18934631347656,0.0006611570247933,0.0629940788348703,0.1629998822761658,1
28,SRTsim,sim3,SRTsim_3_3,DeepST,1.0,1.0000000000000002,1.0,1.0,1.0000000000000002,1.0,1.0000000000000002,190.50625324249268,397.6222276687622,0.0,0.0629940788348703,0.1630675108301148,1
29,SRTsim,sim3,SRTsim_3_3,GraphST,0.6174151596358647,0.7909742358012807,0.7383205903304376,0.7454545454545455,0.7406031125430836,0.8486972352335195,0.7909742358012807,13.618935346603394,419.3696184158325,0.04,0.0633141284965175,0.1466261835008165,1
30,SRTsim,sim3,SRTsim_3_3,SEDR,0.9982065969944758,0.9963522417120174,0.998654947745857,0.9993388429752066,0.9963522417120174,0.9963522417120174,0.9963522417120174,21.058051824569706,282.261981010437,0.0006611570247933,0.0629940788348703,0.1630096442536356,1
31,SRTsim,sim3,SRTsim_3_3,SpaceFlow,0.6334492808842829,0.7760983599114105,0.7527668326642699,0.7269421487603306,0.7165163637750113,0.8464881762456131,0.7760983599114104,18.743957996368408,213.78263473510745,0.0231404958677685,0.0630149033237413,0.1737474439211245,1
32,SRTsim,sim3,SRTsim_3_3,SpaGCN,0.9982065969944758,0.9963522417120172,0.998654947745857,0.9993388429752066,0.9963522417120174,0.9963522417120172,0.9963522417120172,23.28652572631836,272.4424858093262,0.0006611570247933,0.0632647971901937,0.1629483541544494,1
33,SRTsim,sim3,SRTsim_3_3,SpatialMGCN,0.9919547872921904,0.9860283472444994,0.9939661019184928,0.9970247933884298,0.986026362842278,0.9860303316547082,0.9860283472444996,39.01068425178528,238.13585090637207,0.0029752066115702,0.0637399423438756,0.162377404098001,1
34,SRTsim,sim3,SRTsim_3_3,STAGATE,0.999102715727924,0.9981759656718704,0.999327036894128,0.9996694214876032,0.9981758110528236,0.998176120290965,0.9981759656718704,34.60687017440796,191.6168222427368,0.0003305785123966,0.0629940788348703,0.1630134597692,1
35,SRTsim,sim3,SRTsim_3_3,stLearn,0.9840273044706174,0.9766534167087092,0.9880204853388932,0.9940495867768596,0.9766528115675202,0.976654021850648,0.976653416708709,3.4784438610076904,143.28914546966553,0.0059504132231404,0.0641220004499581,0.159254998704096,1
36,SRTsim,sim3,SRTsim_3_4,CCST,0.9901590819185446,0.9833704839600717,0.9926193340721896,0.9963636363636365,0.983367287081641,0.983373680859288,0.9833704839600717,102.69095063209534,465.46102809906006,0.0019834710743801,0.0632647971901937,0.1628755163357153,1
37,SRTsim,sim3,SRTsim_3_4,DeepST,1.0,1.0000000000000002,1.0,1.0,1.0000000000000002,1.0,1.0000000000000002,213.5864245891571,549.3008136749268,0.0,0.0629940788348703,0.1630675108301148,1
38,SRTsim,sim3,SRTsim_3_4,GraphST,1.0,1.0,1.0,1.0,1.0,1.0,1.0,18.378315925598145,488.7705326080322,0.0,0.0629940788348703,0.1630675108301148,1
39,SRTsim,sim3,SRTsim_3_4,SEDR,0.9982065969944758,0.9963522417120176,0.998654947745857,0.9993388429752066,0.9963522417120176,0.9963522417120176,0.9963522417120176,23.71011471748352,316.9560575485229,0.0006611570247933,0.0629940788348703,0.16303406604307,1
40,SRTsim,sim3,SRTsim_3_4,SpaceFlow,0.6761262918954978,0.8246113598799183,0.7874034509092032,0.7451239669421488,0.7433728623654775,0.9257844622985724,0.8246113598799183,24.39113974571228,286.9290704727173,0.0241322314049586,0.0630149033237413,0.1853048156252278,1
41,SRTsim,sim3,SRTsim_3_4,SpaGCN,0.999102715727924,0.9981759656718704,0.999327036894128,0.9996694214876032,0.9981758110528236,0.998176120290965,0.9981759656718704,22.93540954589844,348.5302848815918,0.0003305785123966,0.0632647971901937,0.1629388214726512,1
42,SRTsim,sim3,SRTsim_3_4,SpatialMGCN,1.0,1.0,1.0,1.0,1.0,1.0,1.0,48.61539077758789,356.57855319976807,0.0,0.0629940788348703,0.1630675108301148,1
43,SRTsim,sim3,SRTsim_3_4,STAGATE,1.0,1.0,1.0,1.0,1.0,1.0,1.0,42.86318278312683,286.94947814941406,0.0,0.0629940788348703,0.1630675108301148,1
44,SRTsim,sim3,SRTsim_3_4,stLearn,0.9831509953354628,0.9755814259701612,0.987363248343595,0.9937190082644628,0.9755812748510444,0.9755815770893244,0.9755814259701612,3.51746153831482,212.8672142028809,0.0062809917355371,0.0642547343324999,0.15910411519982,1
45,SRTsim,sim3,SRTsim_3_5,CCST,0.9831295537742194,0.9729931919718572,0.987346998279127,0.9937190082644628,0.9730075031314072,0.9729788812332828,0.9729931919718572,104.6403067111969,511.9809455871582,0.0029752066115702,0.0629940788348703,0.1625634191692024,1
46,SRTsim,sim3,SRTsim_3_5,DeepST,0.9946338400401588,0.991620291051294,0.9959754012714864,0.99801652892562,0.9916147612686432,0.9916258208956192,0.991620291051294,208.6990396976471,704.0674028396606,0.0013223140495867,0.0629940788348703,0.1631674145644595,1
47,SRTsim,sim3,SRTsim_3_5,GraphST,0.999102715727924,0.9981759656718702,0.999327036894128,0.9996694214876032,0.9981758110528236,0.9981761202909648,0.9981759656718702,17.51953935623169,535.1598691940308,0.0003305785123966,0.0629940788348703,0.1630522341784672,1
48,SRTsim,sim3,SRTsim_3_5,SEDR,0.99820484947176,0.9963517755135356,0.9986536376934068,0.9993388429752066,0.996351312704282,0.996352238323219,0.9963517755135356,21.630719423294067,351.71618270874023,0.0006611570247933,0.0629940788348703,0.1630173951516395,1
49,SRTsim,sim3,SRTsim_3_5,SpaceFlow,0.6296413596171605,0.7371098916716463,0.7491348441842948,0.7358677685950413,0.6703431316842016,0.8186479397620012,0.7371098916716462,15.515096664428713,382.3248605728149,0.0571900826446281,0.0630357278126124,0.154619260647462,1
50,SRTsim,sim3,SRTsim_3_5,SpaGCN,0.998206599085692,0.9966826285374576,0.9986549501000014,0.9993388429752066,0.996682010986031,0.9966832460896496,0.9966826285374578,24.40675973892212,464.2065601348877,0.0006611570247933,0.0635355155455171,0.1626261338675774,1
51,SRTsim,sim3,SRTsim_3_5,SpatialMGCN,0.9937435849299164,0.9904810680327004,0.9953077224382668,0.9976859504132232,0.9904735500036084,0.9904885861759222,0.9904810680327004,49.49462485313416,475.1468524932861,0.0016528925619834,0.0629940788348703,0.1628277212290168,1
52,SRTsim,sim3,SRTsim_3_5,STAGATE,0.9982065969944758,0.9963522417120176,0.998654947745857,0.9993388429752066,0.9963522417120176,0.9963522417120176,0.9963522417120176,45.578325510025024,382.3460779190064,0.0006611570247933,0.0629940788348703,0.1630096442536356,1
53,SRTsim,sim3,SRTsim_3_5,stLearn,0.9701466257536367,0.9611071790842006,0.9776100215551062,0.9887603305785124,0.9611047970416332,0.9611095611385756,0.9611071790842006,4.439376592636108,282.7945966720581,0.0112396694214876,0.0643560618392689,0.1569984040017396,1
54,SRTsim,sim3,SRTsim_3_6,CCST,0.9937365010169512,0.9888069845276598,0.9953023764475234,0.9976859504132232,0.988806831359883,0.988807137695484,0.9888069845276596,104.41109538078308,558.3136148452759,0.0013223140495867,0.0629940788348703,0.1627628980488445,1
55,SRTsim,sim3,SRTsim_3_6,DeepST,0.998206599085692,0.9966826285374576,0.9986549501000014,0.9993388429752066,0.996682010986031,0.9966832460896496,0.9966826285374578,250.98723196983337,858.7858753204346,0.0006611570247933,0.0629940788348703,0.1631140668336351,1
56,SRTsim,sim3,SRTsim_3_6,GraphST,0.9946256275591382,0.9898435570277112,0.995969223020942,0.99801652892562,0.9898429437138202,0.9898441703423622,0.9898435570277112,19.051215648651123,581.4242486953735,0.0019834710743801,0.06301133040631,0.1626694362355285,1
57,SRTsim,sim3,SRTsim_3_6,SEDR,0.9964126245531448,0.9934896053867776,0.997309473529098,0.9986776859504132,0.9934876059686216,0.9934916048129816,0.9934896053867776,24.193289041519165,386.4122791290283,0.0006611570247933,0.0629940788348703,0.1629942116614123,1
58,SRTsim,sim3,SRTsim_3_6,SpaceFlow,0.6757977254745093,0.8243799250508286,0.7871299968047526,0.7451239669421488,0.7433728623654777,0.925201248098286,0.8243799250508287,18.82512378692627,477.65815830230713,0.0244628099173553,0.0630149033237413,0.1857070207802938,1
59,SRTsim,sim3,SRTsim_3_6,SpaGCN,0.9973116516376276,0.9953141095033792,0.9979837413809092,0.99900826446281,0.9953127219185924,0.9953154970920348,0.9953141095033792,26.20339870452881,579.6957855224609,0.00099173553719,0.063515490817193,0.1626798718419037,1
60,SRTsim,sim3,SRTsim_3_6,SpatialMGCN,0.9919466389767398,0.9861668740642116,0.9939599959939336,0.9970247933884298,0.9861639746078252,0.9861697735376472,0.9861668740642116,62.38910412788391,593.5897998809814,0.0016528925619834,0.0629940788348703,0.1628013966289342,1
61,SRTsim,sim3,SRTsim_3_6,STAGATE,0.9937434973855443,0.9893444930054268,0.9953076237232036,0.9976859504132232,0.9893443397543894,0.989344646256512,0.9893444930054268,47.12606430053711,477.690936088562,0.0023140495867768,0.0629940788348703,0.1627559313962425,1
62,SRTsim,sim3,SRTsim_3_6,stLearn,0.972726596946398,0.9638929630360556,0.979545022304558,0.9897520661157024,0.9638892302969956,0.9638966958040264,0.9638929630360556,5.203459978103638,352.6017665863037,0.0102479338842975,0.064493437968937,0.1566415006466466,1
63,SRTsim,sim3,SRTsim_3_7,CCST,0.9919617555171468,0.9862354858822656,0.993971317516682,0.9970247933884298,0.986235333112818,0.9862356386517602,0.9862354858822656,125.62051320075987,604.717848777771,0.0029752066115702,0.0629940788348703,0.1627810932180793,1
64,SRTsim,sim3,SRTsim_3_7,DeepST,0.999102715727924,0.9981759656718702,0.999327036894128,0.9996694214876032,0.9981758110528236,0.9981761202909648,0.9981759656718702,255.7405390739441,1013.504994392395,0.0003305785123966,0.0629940788348703,0.1630522341784672,1
65,SRTsim,sim3,SRTsim_3_7,GraphST,0.99820484947176,0.9963517755135356,0.9986536376934068,0.9993388429752066,0.996351312704282,0.996352238323219,0.9963517755135356,18.6371705532074,642.598237991333,0.0006611570247933,0.0629940788348703,0.1630247552168272,1
66,SRTsim,sim3,SRTsim_3_7,SEDR,0.9973116516376276,0.9953141095033792,0.9979837413809092,0.99900826446281,0.9953127219185924,0.9953154970920348,0.9953141095033792,21.70627784729004,421.1103639602661,0.0006611570247933,0.0629940788348703,0.1629051303592526,1
67,SRTsim,sim3,SRTsim_3_7,SpaceFlow,0.6753161136167142,0.8227148893136131,0.7867382446730363,0.7447933884297521,0.7420965638563706,0.9229840937332816,0.8227148893136133,15.399112224578856,572.9975519180298,0.024793388429752,0.0630149033237413,0.1860562144945091,1
68,SRTsim,sim3,SRTsim_3_7,SpaGCN,0.9964178624130338,0.9934910073696288,0.9973133983776706,0.9986776859504132,0.9934903917957526,0.9934916229442678,0.9934910073696288,25.38387393951416,695.184061050415,0.0013223140495867,0.063515490817193,0.1626899195145323,1
69,SRTsim,sim3,SRTsim_3_7,SpatialMGCN,0.9822324600565588,0.9736027720484988,0.9866744677794008,0.993388429752066,0.973593286553385,0.9736122577284446,0.9736027720484988,51.8909707069397,712.0324382781982,0.0039669421487603,0.0630841354890108,0.1615751972218115,1
70,SRTsim,sim3,SRTsim_3_7,STAGATE,0.995519416783734,0.9916666591251664,0.9966395660211268,0.9983471074380166,0.9916655844466256,0.9916677338060362,0.9916666591251664,45.37307286262512,573.0126428604126,0.0016528925619834,0.0632231482124517,0.1626740802154711,1
71,SRTsim,sim3,SRTsim_3_7,stLearn,0.9531843825894202,0.9431659303232344,0.9648882920599584,0.9821487603305784,0.9431657842253296,0.9431660764211844,0.9431659303232344,5.471402168273926,422.4168739318848,0.0178512396694214,0.0650242538622806,0.1526412317421553,1
72,SRTsim,sim3,SRTsim_3_8,CCST,0.9919844166051076,0.9861599323072636,0.993988284510755,0.9970247933884298,0.9861651316102176,0.9861547330591331,0.9861599323072636,120.7184567451477,651.361325263977,0.0023140495867768,0.0632647971901937,0.1629013563661026,1
73,SRTsim,sim3,SRTsim_3_8,DeepST,0.997310484010848,0.9948589013776846,0.9979828650708978,0.99900826446281,0.9948578220388542,0.9948599807188572,0.9948589013776846,236.17061495780945,1168.4908647537231,0.00099173553719,0.0629940788348703,0.1630540655787818,1
74,SRTsim,sim3,SRTsim_3_8,GraphST,0.6351828494849141,0.7885931612607843,0.7533112927934492,0.7444628099173554,0.7307095493220406,0.8564362956998217,0.7885931612607844,19.848064661026,749.7228469848633,0.029090909090909,0.0631652036046026,0.1647581867254017,1
75,SRTsim,sim3,SRTsim_3_8,SEDR,0.9866319303244244,0.979929531397302,0.9899740401830046,0.9950413223140496,0.9799199523253465,0.9799391106565374,0.979929531397302,24.05337500572205,455.9328508377075,0.0013223140495867,0.0629940788348703,0.1627977034182016,1
76,SRTsim,sim3,SRTsim_3_8,SpaceFlow,0.6721434119927299,0.8176812052358116,0.7847228737512529,0.743801652892562,0.7369033977120271,0.91834866280808,0.8176812052358116,25.146243572235107,668.4549493789673,0.0251239669421487,0.0630149033237413,0.1852451710665648,1
77,SRTsim,sim3,SRTsim_3_8,SpaGCN,0.9955252392539422,0.9919986042123252,0.9966439299297248,0.9983471074380166,0.9919984505501618,0.9919987578745366,0.9919986042123254,29.90844774246216,811.0490245819092,0.0016528925619834,0.0635355155455171,0.162500147340764,1
78,SRTsim,sim3,SRTsim_3_8,SpatialMGCN,0.9830826415612454,0.9739166609496208,0.9873121502391076,0.9937190082644628,0.9739029234120316,0.9739303988747696,0.9739166609496208,53.14732122421265,830.7283821105957,0.0033057851239669,0.0629940788348703,0.1623339949689441,1
79,SRTsim,sim3,SRTsim_3_8,STAGATE,0.9955252392539422,0.9919986042123252,0.9966439299297248,0.9983471074380166,0.9919984505501616,0.9919987578745364,0.9919986042123252,49.39257907867432,668.4719591140747,0.0016528925619834,0.0629940788348703,0.1629245928001353,1
80,SRTsim,sim3,SRTsim_3_8,stLearn,0.9565358965546292,0.94644174035951,0.9674020222356936,0.9834710743801652,0.9464386597262118,0.9464448210128632,0.94644174035951,6.100238561630249,492.7042140960693,0.0168595041322314,0.0645643269222924,0.1533835857218257,1
81,SRTsim,sim3,SRTsim_3_9,CCST,0.9848666687460884,0.9764139476627468,0.988650152882066,0.9943801652892562,0.9764001925794904,0.9764277031335594,0.9764139476627468,110.6082248687744,697.6945009231567,0.0036363636363636,0.0629940788348703,0.1629548408253982,1
82,SRTsim,sim3,SRTsim_3_9,DeepST,0.9813817019270932,0.9750460541998948,0.9860370233614169,0.9930578512396694,0.9749915246174654,0.9751005898821548,0.9750460541998948,223.7694046497345,1323.1963548660278,0.0046280991735537,0.0629940788348703,0.1625799316842294,1
83,SRTsim,sim3,SRTsim_3_9,GraphST,0.9928752504157076,0.9869929850435556,0.9946563960293576,0.9973553719008263,0.987001550479152,0.9869844197566237,0.9869929850435556,21.78884696960449,856.5961780548096,0.0026446280991735,0.0630853976505941,0.1621682066721244,1
84,SRTsim,sim3,SRTsim_3_9,SEDR,0.9902287489574426,0.9831834781625682,0.9926714737100536,0.9963636363636365,0.983196725177564,0.9831702315045326,0.9831834781625682,25.25016522407532,490.6308975219727,0.0026446280991735,0.0629940788348703,0.1626442385591105,1
85,SRTsim,sim3,SRTsim_3_9,SpaceFlow,0.669070441513257,0.811334218651386,0.7825251572321472,0.7431404958677686,0.7311834228008426,0.9112202775580032,0.8113342186513859,16.838056564331055,763.7866983413696,0.0254545454545454,0.0630149033237413,0.1852462398742777,1
86,SRTsim,sim3,SRTsim_3_9,SpaGCN,0.9964178749439564,0.9940266461635376,0.9973134124978008,0.9986776859504132,0.9940241825321802,0.994029109807107,0.9940266461635376,30.46502184867859,926.537576675415,0.0013223140495867,0.0637021114564854,0.1622587026666535,1
87,SRTsim,sim3,SRTsim_3_9,SpatialMGCN,0.9543753565017318,0.943046117125354,0.9657843336060004,0.982809917355372,0.942964010359333,0.943128238191196,0.9430461171253542,48.35013914108277,949.1796913146972,0.0099173553719008,0.0638096132501687,0.159195391685264,1
88,SRTsim,sim3,SRTsim_3_9,STAGATE,0.9928404558554051,0.9879725124214296,0.9946303701904324,0.9973553719008263,0.9879670029806608,0.9879780219236458,0.9879725124214296,51.640151262283325,763.8058481216431,0.0013223140495867,0.0633897441234199,0.162264213347636,1
89,SRTsim,sim3,SRTsim_3_9,stLearn,0.6773366710365913,0.7468312100249457,0.7582717904579227,0.8165289256198347,0.7459516585284546,0.7477128381280571,0.7468312100249457,7.081555366516113,562.7398357391357,0.168595041322314,0.0654605115174415,0.0904853842031146,1
90,SRTsim,sim3,SRTsim_3_1,CCST,0.9848860947465726,0.9769480717669052,0.9886645727122496,0.9943801652892562,0.9769479204360928,0.976948223097764,0.976948071766905,101.80424857139587,349.48840713500977,0.0036363636363636,0.0629940788348703,0.1624783057756099,2
91,SRTsim,sim3,SRTsim_3_1,DeepST,0.987544142674488,0.9810113376122788,0.9906581124539838,0.9953719008264464,0.981010729770892,0.9810119454544188,0.9810113376122788,177.06612372398376,233.4018878936768,0.0016528925619834,0.0629940788348703,0.1624077763701168,2
92,SRTsim,sim3,SRTsim_3_1,GraphST,0.998206599085692,0.9966826285374576,0.9986549501000014,0.9993388429752066,0.996682010986031,0.9966832460896496,0.9966826285374578,16.034657955169678,315.1852207183838,0.0006611570247933,0.0630149033237413,0.1630262105283573,2
93,SRTsim,sim3,SRTsim_3_1,SEDR,0.991960659763449,0.9868361101311688,0.9939705221577916,0.9970247933884298,0.9868313743320852,0.986840845975707,0.986836110131169,20.273674964904785,230.17823028564453,0.0023140495867768,0.0629940788348703,0.1628869048799398,2
94,SRTsim,sim3,SRTsim_3_1,SpaceFlow,0.6815464755514209,0.829451738067357,0.7919156622153634,0.7451239669421488,0.7433728623654774,0.9380763025856226,0.829451738067357,28.10360217094421,161.05167484283447,0.0181818181818181,0.0629940788348703,0.1395654381782033,2
95,SRTsim,sim3,SRTsim_3_1,SpaGCN,0.99641785823604,0.9933665003996344,0.99731339367703,0.9986776859504132,0.9933665003996344,0.9933665003996344,0.9933665003996344,20.16613912582397,202.3151569366455,0.0013223140495867,0.0638422169945773,0.1622416032046547,2
96,SRTsim,sim3,SRTsim_3_1,SpatialMGCN,0.7034211728530749,0.8458527881151222,0.8091367143273439,0.7484297520661157,0.7438726136349816,0.9802370083593572,0.8458527881151221,46.839062213897705,135.93432426452637,0.0019834710743801,0.0629940788348703,-0.0506098504564266,2
97,SRTsim,sim3,SRTsim_3_1,STAGATE,0.999102715727924,0.9981759656718702,0.999327036894128,0.9996694214876032,0.9981758110528236,0.9981761202909648,0.9981759656718702,39.70054626464844,127.46693229675292,0.0003305785123966,0.0629940788348703,0.1630578689198639,2
98,SRTsim,sim3,SRTsim_3_1,stLearn,0.9692573902858576,0.9597345441983988,0.9769434913173848,0.9884297520661156,0.959714783842306,0.9597543053682328,0.9597345441983988,2.105252265930176,38.83098030090332,0.0122314049586776,0.0644598050128076,0.1566524914614845,2
99,SRTsim,sim3,SRTsim_3_10,CCST,0.9893738067397178,0.982281029905967,0.9920301863328334,0.9960330578512396,0.9823042861904188,0.9822577747226854,0.9822810299059672,111.89723181724548,744.0165281295776,0.0029752066115702,0.0629940788348703,0.1627228270302774,2
100,SRTsim,sim3,SRTsim_3_10,DeepST,0.998206599085692,0.9966826285374576,0.9986549501000014,0.9993388429752066,0.996682010986031,0.9966832460896496,0.9966826285374578,272.1125509738922,1477.9153833389282,0.0006611570247933,0.0629940788348703,0.1630061216633286,2
101,SRTsim,sim3,SRTsim_3_10,GraphST,0.6230623887785293,0.7777184552444532,0.742588656673466,0.7447933884297521,0.7255569294791394,0.83796089381422,0.7777184552444532,23.5188581943512,963.4681186676024,0.0452892561983471,0.0632418487989335,0.1391633177377136,2
102,SRTsim,sim3,SRTsim_3_10,SEDR,0.9946338400401588,0.9916202910512943,0.9959754012714864,0.99801652892562,0.9916147612686436,0.9916258208956196,0.9916202910512943,21.3579318523407,525.3270606994629,0.0003305785123966,0.0629940788348703,0.1628446083616365,2
103,SRTsim,sim3,SRTsim_3_10,SpaceFlow,0.6401841150876751,0.7308284584596546,0.750634167601302,0.724297520661157,0.6855392311679924,0.7825249144784003,0.7308284584596547,18.0433452129364,859.1182222366333,0.0704132231404958,0.0630357278126124,0.1727356770472134,2
104,SRTsim,sim3,SRTsim_3_10,SpaGCN,0.9928543817926664,0.988118237647888,0.9946407894706027,0.9973553719008263,0.9881176254030168,0.9881188498935178,0.988118237647888,33.06980895996094,1042.025686264038,0.0026446280991735,0.0634681222552766,0.1624186279899573,2
105,SRTsim,sim3,SRTsim_3_10,SpatialMGCN,0.9768909834959332,0.9673172954380092,0.98266889814418,0.991404958677686,0.9672785981881324,0.9673559957842788,0.9673172954380094,62.09025144577026,1067.6121349334717,0.0076033057851239,0.063375368446504,0.1596641459239697,2
106,SRTsim,sim3,SRTsim_3_10,STAGATE,0.9910652001351444,0.98572934658416,0.9932989560825028,0.996694214876033,0.9857206486102114,0.9857380447116112,0.98572934658416,44.19069266319275,859.1396808624268,0.0029752066115702,0.0633640666469126,0.1621801420686711,2
107,SRTsim,sim3,SRTsim_3_10,stLearn,0.6641114390426598,0.7423333692179959,0.7483060268886992,0.7943801652892561,0.7416373767953172,0.7430306691812241,0.7423333692179959,8.372002124786377,632.7732515335083,0.1904132231404958,0.0648702587319629,0.0895727541284318,2
108,SRTsim,sim3,SRTsim_3_2,CCST,0.9937435849299164,0.9904810680327004,0.9953077224382668,0.9976859504132232,0.9904735500036084,0.9904885861759222,0.9904810680327004,102.46845984458923,372.764533996582,0.0003305785123966,0.0629940788348703,0.1628840863905022,2
109,SRTsim,sim3,SRTsim_3_2,DeepST,0.999102715727924,0.9981759656718702,0.999327036894128,0.9996694214876032,0.9981758110528236,0.9981761202909648,0.9981759656718702,200.2340805530548,268.4877510070801,0.0003305785123966,0.0629940788348703,0.1631059649955206,2
110,SRTsim,sim3,SRTsim_3_2,GraphST,0.999102715727924,0.9981759656718702,0.999327036894128,0.9996694214876032,0.9981758110528236,0.9981761202909648,0.9981759656718702,16.746359825134277,349.9067668914795,0.0003305785123966,0.0629940788348703,0.1629826524801913,2
111,SRTsim,sim3,SRTsim_3_2,SEDR,0.9955217489025194,0.9915427696046728,0.9966413151084312,0.9983471074380166,0.9915416938635682,0.9915438453481114,0.9915427696046728,18.27738928794861,247.53147506713867,0.0013223140495867,0.0629940788348703,0.1629975979782435,2
112,SRTsim,sim3,SRTsim_3_2,SpaceFlow,0.9902007368103772,0.9839141542733464,0.9926506737709676,0.9963636363636365,0.98389676946622,0.98393153969484,0.9839141542733464,24.68776059150696,170.13763236999512,0.0026446280991735,0.0632647971901937,0.1627496863708438,2
113,SRTsim,sim3,SRTsim_3_2,SpaGCN,0.99641785823604,0.9933665003996344,0.99731339367703,0.9986776859504132,0.9933665003996344,0.9933665003996344,0.9933665003996344,21.13489580154419,225.68574142456052,0.0013223140495867,0.0636188135010013,0.1623362435487455,2
114,SRTsim,sim3,SRTsim_3_2,SpatialMGCN,1.0,1.0,1.0,1.0,1.0,1.0,1.0,53.24920034408569,164.92408275604248,0.0,0.0629940788348703,0.1630675108301148,2
115,SRTsim,sim3,SRTsim_3_2,STAGATE,0.999102715727924,0.9981759656718702,0.999327036894128,0.9996694214876032,0.9981758110528236,0.9981761202909648,0.9981759656718702,28.293084383010864,143.2248945236206,0.0003305785123966,0.0629940788348703,0.1630760814155991,2
116,SRTsim,sim3,SRTsim_3_2,stLearn,0.9787870289771844,0.9705140967195268,0.9840902810102402,0.9920661157024794,0.9705134953823028,0.9705146980574962,0.970514096719527,2.9226267337799072,73.64745330810547,0.0079338842975206,0.0642767768476502,0.1583437695246698,2
117,SRTsim,sim3,SRTsim_3_3,CCST,0.9937434973855443,0.989344493005427,0.9953076237232036,0.9976859504132232,0.9893443397543896,0.989344646256512,0.989344493005427,102.48878693580627,419.1282377243042,0.0013223140495867,0.0629940788348703,0.1630027986679627,2
118,SRTsim,sim3,SRTsim_3_3,DeepST,1.0,1.0000000000000002,1.0,1.0,1.0000000000000002,1.0,1.0000000000000002,188.01003193855288,397.62144947052,0.0,0.0629940788348703,0.1630675108301148,2
119,SRTsim,sim3,SRTsim_3_3,GraphST,0.6174151596358647,0.7909742358012807,0.7383205903304376,0.7454545454545455,0.7406031125430836,0.8486972352335195,0.7909742358012807,14.41260290145874,419.38386821746826,0.04,0.0633141284965175,0.1466261835008165,2
120,SRTsim,sim3,SRTsim_3_3,SEDR,0.9964161164566836,0.9934905402457146,0.9973120900896644,0.9986776859504132,0.9934894635906169,0.993491616903146,0.9934905402457146,18.318787336349487,282.26054096221924,0.0006611570247933,0.0629940788348703,0.1629732300445426,2
121,SRTsim,sim3,SRTsim_3_3,SpaceFlow,0.9982060144865642,0.9963520862453572,0.998654511061134,0.9993388429752066,0.9963519319088324,0.99635224058193,0.9963520862453572,17.298278331756592,213.7830982208252,0.0003305785123966,0.0629940788348703,0.1629849961955003,2
122,SRTsim,sim3,SRTsim_3_3,SpaGCN,0.9982065969944758,0.9963522417120172,0.998654947745857,0.9993388429752066,0.9963522417120174,0.9963522417120172,0.9963522417120172,22.929638862609863,272.4433832168579,0.0006611570247933,0.0632647971901937,0.1629483541544494,2
123,SRTsim,sim3,SRTsim_3_3,SpatialMGCN,0.9919547872921904,0.9860283472444994,0.9939661019184928,0.9970247933884298,0.986026362842278,0.9860303316547082,0.9860283472444996,41.2011878490448,238.1357288360596,0.0029752066115702,0.0637399423438756,0.162377404098001,2
124,SRTsim,sim3,SRTsim_3_3,STAGATE,0.999102715727924,0.9981759656718702,0.999327036894128,0.9996694214876032,0.9981758110528236,0.9981761202909648,0.9981759656718702,39.74692130088806,191.616662979126,0.0003305785123966,0.0629940788348703,0.1630134597692,2
125,SRTsim,sim3,SRTsim_3_3,stLearn,0.9857833914517278,0.9788016863875632,0.9893375498068396,0.9947107438016528,0.9788010799152914,0.9788022928605864,0.9788016863875632,3.4506771564483643,143.2968044281006,0.0052892561983471,0.0641361673117796,0.1597063886634319,2
126,SRTsim,sim3,SRTsim_3_4,CCST,0.9937330064865044,0.9886815403849312,0.995299756921023,0.9976859504132232,0.9886810807407428,0.9886820000295466,0.9886815403849312,128.37850832939148,465.45874786376953,0.0013223140495867,0.0629940788348703,0.1630349411797118,2
127,SRTsim,sim3,SRTsim_3_4,DeepST,1.0,1.0000000000000002,1.0,1.0,1.0000000000000002,1.0,1.0000000000000002,203.5434331893921,549.3002548217773,0.0,0.0629940788348703,0.1630675108301148,2
128,SRTsim,sim3,SRTsim_3_4,GraphST,1.0,1.0,1.0,1.0,1.0,1.0,1.0,16.231110334396362,488.7704925537109,0.0,0.0629940788348703,0.1630675108301148,2
129,SRTsim,sim3,SRTsim_3_4,SEDR,0.9910639351043576,0.9851145614099528,0.9932979699230268,0.996694214876033,0.9851116650475004,0.9851174577894368,0.9851145614099528,21.02074193954468,316.9572467803955,0.0023140495867768,0.0629940788348703,0.1629086738793719,2
130,SRTsim,sim3,SRTsim_3_4,SpaceFlow,0.6605951047921527,0.814393915750475,0.7743065401087826,0.7454545454545455,0.7437035607478121,0.8999342803747761,0.814393915750475,15.295667171478271,286.9286050796509,0.0419834710743801,0.0630149033237413,0.1808557015501689,2
131,SRTsim,sim3,SRTsim_3_4,SpaGCN,0.999102715727924,0.9981759656718704,0.999327036894128,0.9996694214876032,0.9981758110528236,0.998176120290965,0.9981759656718704,23.69499349594116,348.5298833847046,0.0003305785123966,0.0632647971901937,0.1629388214726512,2
132,SRTsim,sim3,SRTsim_3_4,SpatialMGCN,1.0,1.0,1.0,1.0,1.0,1.0,1.0,57.48633003234863,356.578387260437,0.0,0.0629940788348703,0.1630675108301148,2
133,SRTsim,sim3,SRTsim_3_4,STAGATE,1.0,1.0,1.0,1.0,1.0,1.0,1.0,44.89319372177124,286.94937229156494,0.0,0.0629940788348703,0.1630675108301148,2
134,SRTsim,sim3,SRTsim_3_4,stLearn,0.98227586106374,0.9745359921793436,0.9867068957978048,0.993388429752066,0.9745359921793436,0.9745359921793436,0.9745359921793436,3.776067018508911,212.8671913146973,0.0066115702479338,0.0642360485006752,0.1588717976954664,2
135,SRTsim,sim3,SRTsim_3_5,CCST,0.9937434973855443,0.989344493005427,0.9953076237232036,0.9976859504132232,0.9893443397543896,0.989344646256512,0.989344493005427,113.53338265419006,511.97702407836914,0.0023140495867768,0.0629940788348703,0.1628216150312891,2
136,SRTsim,sim3,SRTsim_3_5,DeepST,1.0,1.0000000000000002,1.0,1.0,1.0000000000000002,1.0,1.0000000000000002,245.4539086818695,704.065167427063,0.0,0.0629940788348703,0.1630675108301148,2
137,SRTsim,sim3,SRTsim_3_5,GraphST,0.999102715727924,0.9981759656718702,0.999327036894128,0.9996694214876032,0.9981758110528236,0.9981761202909648,0.9981759656718702,18.68638849258423,535.1594572067261,0.0003305785123966,0.0629940788348703,0.1630522341784672,2
138,SRTsim,sim3,SRTsim_3_5,SEDR,0.99820484947176,0.9963517755135356,0.9986536376934068,0.9993388429752066,0.996351312704282,0.996352238323219,0.9963517755135356,19.723090887069706,351.71666431427,0.0003305785123966,0.0629940788348703,0.1630345482060616,2
139,SRTsim,sim3,SRTsim_3_5,SpaceFlow,0.6749009338455788,0.8209179468776736,0.7863831996755489,0.7451239669421488,0.7403868109476293,0.92110569591182,0.8209179468776737,28.209778547286987,382.3248224258423,0.0244628099173553,0.0630149033237413,0.1859582401419741,2
140,SRTsim,sim3,SRTsim_3_5,SpaGCN,0.998206599085692,0.9966826285374576,0.9986549501000014,0.9993388429752066,0.996682010986031,0.9966832460896496,0.9966826285374578,24.32547426223755,464.2071132659912,0.0006611570247933,0.0635355155455171,0.1626261338675774,2
141,SRTsim,sim3,SRTsim_3_5,SpatialMGCN,0.9937435849299164,0.9904810680327004,0.9953077224382668,0.9976859504132232,0.9904735500036084,0.9904885861759222,0.9904810680327004,57.30399250984192,475.14661026000977,0.0016528925619834,0.0629940788348703,0.1628277212290168,2
142,SRTsim,sim3,SRTsim_3_5,STAGATE,0.999102715727924,0.9981759656718702,0.999327036894128,0.9996694214876032,0.9981758110528236,0.9981761202909648,0.9981759656718702,50.27663612365723,382.3455982208252,0.0003305785123966,0.0629940788348703,0.1630331633192764,2
143,SRTsim,sim3,SRTsim_3_5,stLearn,0.9709704191655518,0.961110552090656,0.9782278556447688,0.9890909090909092,0.9611086178360072,0.9611124863530904,0.961110552090656,4.427705526351929,282.7943124771118,0.0109090909090909,0.0645059102877931,0.1574625916577046,2
144,SRTsim,sim3,SRTsim_3_6,CCST,0.9892863118874946,0.982689583378772,0.9919647667832272,0.9960330578512396,0.9826853259259758,0.9826938408684586,0.982689583378772,103.57540130615234,558.312481880188,0.004297520661157,0.0630149033237413,0.1628319640993236,2
145,SRTsim,sim3,SRTsim_3_6,DeepST,1.0,1.0000000000000002,1.0,1.0,1.0000000000000002,1.0,1.0000000000000002,189.14362049102783,858.7844667434692,0.0,0.0629940788348703,0.1630675108301148,2
146,SRTsim,sim3,SRTsim_3_6,GraphST,0.9946256275591382,0.9898435570277112,0.995969223020942,0.99801652892562,0.9898429437138202,0.9898441703423622,0.9898435570277112,17.1775119304657,581.4251356124878,0.0019834710743801,0.06301133040631,0.1626694362355285,2
147,SRTsim,sim3,SRTsim_3_6,SEDR,0.9973116453680688,0.9948592153579172,0.9979837343200332,0.99900826446281,0.9948590612526405,0.9948593694632418,0.9948592153579172,19.296476364135746,386.4128541946411,0.00099173553719,0.0629940788348703,0.1629769738054136,2
148,SRTsim,sim3,SRTsim_3_6,SpaceFlow,0.6753161136167142,0.8227148893136131,0.7867382446730363,0.7447933884297521,0.7420965638563706,0.9229840937332816,0.8227148893136133,14.547728300094604,477.6581964492798,0.024793388429752,0.0630149033237413,0.1860562144945091,2
149,SRTsim,sim3,SRTsim_3_6,SpaGCN,0.9973116516376276,0.9953141095033792,0.9979837413809092,0.99900826446281,0.9953127219185924,0.9953154970920348,0.9953141095033792,26.073286533355716,579.6982574462891,0.00099173553719,0.063515490817193,0.1626798718419037,2
150,SRTsim,sim3,SRTsim_3_6,SpatialMGCN,0.9919466389767398,0.9861668740642116,0.9939599959939336,0.9970247933884298,0.9861639746078252,0.9861697735376472,0.9861668740642116,58.52200102806091,593.5898418426514,0.0016528925619834,0.0629940788348703,0.1628013966289342,2
151,SRTsim,sim3,SRTsim_3_6,STAGATE,0.9937434973855443,0.989344493005427,0.9953076237232036,0.9976859504132232,0.9893443397543894,0.989344646256512,0.989344493005427,48.468507528305054,477.67905044555664,0.0023140495867768,0.0629940788348703,0.1627559313962425,2
152,SRTsim,sim3,SRTsim_3_6,stLearn,0.972726596946398,0.9638929630360556,0.979545022304558,0.9897520661157024,0.9638892302969956,0.9638966958040264,0.9638929630360556,5.837982416152954,352.6025724411011,0.0102479338842975,0.064493437968937,0.1566415006466466,2
153,SRTsim,sim3,SRTsim_3_7,CCST,0.9901557042840032,0.9839704627287704,0.9926168463859442,0.9963636363636365,0.9839608762246186,0.9839800494197224,0.9839704627287704,112.40228843688963,604.7064323425293,0.0023140495867768,0.0632439727013227,0.162620448459506,2
154,SRTsim,sim3,SRTsim_3_7,DeepST,0.9937435849299164,0.9904810680327004,0.9953077224382668,0.9976859504132232,0.9904735500036084,0.9904885861759222,0.9904810680327004,236.54425692558289,1013.504994392395,0.00099173553719,0.0629940788348703,0.1632146705136778,2
155,SRTsim,sim3,SRTsim_3_7,GraphST,0.99820484947176,0.9963517755135356,0.9986536376934068,0.9993388429752066,0.996351312704282,0.996352238323219,0.9963517755135356,19.948539972305294,642.597635269165,0.0006611570247933,0.0629940788348703,0.1630247552168272,2
156,SRTsim,sim3,SRTsim_3_7,SEDR,0.9955194089467811,0.9912117667109894,0.9966395571999916,0.9983471074380166,0.9912116131707082,0.9912119202513182,0.9912117667109894,19.80361270904541,421.1101350784302,0.0016528925619834,0.0629940788348703,0.1629822559592747,2
157,SRTsim,sim3,SRTsim_3_7,SpaceFlow,0.6753161136167142,0.8227148893136131,0.7867382446730363,0.7447933884297521,0.7420965638563706,0.9229840937332816,0.8227148893136133,18.46486091613769,572.9915151596069,0.024793388429752,0.0630149033237413,0.1860562144945091,2
158,SRTsim,sim3,SRTsim_3_7,SpaGCN,0.9964178624130338,0.9934910073696288,0.9973133983776706,0.9986776859504132,0.9934903917957526,0.9934916229442678,0.9934910073696288,28.03326964378357,695.1944570541382,0.0013223140495867,0.063515490817193,0.1626899195145323,2
159,SRTsim,sim3,SRTsim_3_7,SpatialMGCN,0.9822324600565588,0.9736027720484988,0.9866744677794008,0.993388429752066,0.973593286553385,0.9736122577284446,0.9736027720484988,55.81667375564575,712.0325374603271,0.0039669421487603,0.0630841354890108,0.1615751972218115,2
160,SRTsim,sim3,SRTsim_3_7,STAGATE,0.9946273750835556,0.9901744121414646,0.9959705330755,0.99801652892562,0.9901739522016204,0.9901748720817364,0.9901744121414648,46.32266044616699,573.0129795074463,0.0019834710743801,0.063431393101162,0.1624288657035033,2
161,SRTsim,sim3,SRTsim_3_7,stLearn,0.9548874547641438,0.9457860062716807,0.9661656108010568,0.982809917355372,0.945785420256152,0.9457865922879358,0.9457860062716807,5.758914947509766,422.4118881225586,0.0171900826446281,0.0652352148545676,0.1532339605662867,2
162,SRTsim,sim3,SRTsim_3_8,CCST,0.9867013756292944,0.9775770128554184,0.9900261486262536,0.9950413223140496,0.9775645862234348,0.9775894398033363,0.9775770128554184,104.28940534591676,651.357234954834,0.0026446280991735,0.0629940788348703,0.1627750750941631,2
163,SRTsim,sim3,SRTsim_3_8,DeepST,0.999102715727924,0.9981759656718702,0.999327036894128,0.9996694214876032,0.9981758110528236,0.9981761202909648,0.9981759656718702,246.804621219635,1168.479397773743,0.0003305785123966,0.0629940788348703,0.1631059649955206,2
164,SRTsim,sim3,SRTsim_3_8,GraphST,0.6351828494849141,0.7885931612607843,0.7533112927934492,0.7444628099173554,0.7307095493220406,0.8564362956998217,0.7885931612607844,19.02806663513184,749.7224369049072,0.029090909090909,0.0631652036046026,0.1647581867254017,2
165,SRTsim,sim3,SRTsim_3_8,SEDR,0.99647722263813,0.9933830243545932,0.9973578786883608,0.9986776859504132,0.9933993310698076,0.9933667181747216,0.9933830243545934,25.659643411636356,455.9332885742188,0.0013223140495867,0.0629940788348703,0.1629769246293408,2
166,SRTsim,sim3,SRTsim_3_8,SpaceFlow,0.6710513616548973,0.8162112839485333,0.7839952725047084,0.7434710743801652,0.7355104807944269,0.9168037284515788,0.8162112839485333,19.28988075256348,668.450927734375,0.0251239669421487,0.0630149033237413,0.1851761314961432,2
167,SRTsim,sim3,SRTsim_3_8,SpaGCN,0.9955252392539422,0.9919986042123252,0.9966439299297248,0.9983471074380166,0.9919984505501618,0.9919987578745366,0.9919986042123254,30.644275903701782,811.0492858886719,0.0016528925619834,0.0635355155455171,0.162500147340764,2
168,SRTsim,sim3,SRTsim_3_8,SpatialMGCN,0.9830826415612454,0.9739166609496208,0.9873121502391076,0.9937190082644628,0.9739029234120316,0.9739303988747696,0.9739166609496208,52.1137638092041,830.7371349334717,0.0033057851239669,0.0629940788348703,0.1623339949689441,2
169,SRTsim,sim3,SRTsim_3_8,STAGATE,0.9955252392539422,0.9919986042123252,0.9966439299297248,0.9983471074380166,0.9919984505501616,0.9919987578745364,0.9919986042123252,50.474920988082886,668.4722099304199,0.0016528925619834,0.0629940788348703,0.1629245928001353,2
170,SRTsim,sim3,SRTsim_3_8,stLearn,0.9556964663691876,0.9456538738222386,0.96677250000246,0.9831404958677686,0.9456493299482744,0.94565841773987,0.9456538738222386,6.369181871414185,492.6994419097901,0.0175206611570247,0.0645729527080123,0.1532957838196173,2
171,SRTsim,sim3,SRTsim_3_9,CCST,0.9822094785221168,0.971753845375882,0.9866571400327884,0.993388429752066,0.9717514369462344,0.971756253817468,0.971753845375882,116.5359697341919,697.6886653900146,0.0049586776859504,0.0629940788348703,0.162565001757273,2
172,SRTsim,sim3,SRTsim_3_9,DeepST,0.9946309170905506,0.990976182032208,0.9959732061042772,0.99801652892562,0.9909714203842124,0.9909809437259636,0.990976182032208,248.38090872764587,1323.1967058181765,0.0019834710743801,0.0629940788348703,0.1629218266238756,2
173,SRTsim,sim3,SRTsim_3_9,GraphST,0.9928752504157076,0.9869929850435556,0.9946563960293576,0.9973553719008263,0.987001550479152,0.9869844197566237,0.9869929850435556,21.140445470809937,856.5963668823242,0.0026446280991735,0.0630853976505941,0.1621682066721244,2
174,SRTsim,sim3,SRTsim_3_9,SEDR,0.9982374703997934,0.996360796143426,0.9986780928559508,0.9993388429752066,0.9963692885379596,0.996352303893658,0.996360796143426,28.833516597747803,490.6294088363648,0.0003305785123966,0.0629940788348703,0.1629609045267441,2
175,SRTsim,sim3,SRTsim_3_9,SpaceFlow,0.669070441513257,0.811334218651386,0.7825251572321472,0.7431404958677686,0.7311834228008426,0.9112202775580032,0.8113342186513859,16.2516086101532,763.7842569351196,0.0261157024793388,0.0630149033237413,0.1851294637380394,2
176,SRTsim,sim3,SRTsim_3_9,SpaGCN,0.9964178749439564,0.9940266461635376,0.9973134124978008,0.9986776859504132,0.9940241825321802,0.994029109807107,0.9940266461635376,31.60764479637146,926.5380144119264,0.0013223140495867,0.0637021114564854,0.1622587026666535,2
177,SRTsim,sim3,SRTsim_3_9,SpatialMGCN,0.9543753565017318,0.943046117125354,0.9657843336060004,0.982809917355372,0.942964010359333,0.943128238191196,0.9430461171253542,61.34484839439392,949.1693477630616,0.0099173553719008,0.0638096132501687,0.159195391685264,2
178,SRTsim,sim3,SRTsim_3_9,STAGATE,0.9919502075414552,0.9868332820569992,0.9939626990028052,0.9970247933884298,0.9868257917156256,0.986840772512082,0.9868332820569992,47.439849615097046,763.8056735992432,0.0016528925619834,0.0633835946499971,0.1622301117097869,2
179,SRTsim,sim3,SRTsim_3_9,stLearn,0.6914258864460601,0.7582532435780249,0.7685819715583824,0.8314049586776859,0.758209357909362,0.7582971343272461,0.7582532435780248,6.608707666397095,562.73619556427,0.1576859504132231,0.0648432817875367,0.093915152858563,2
180,SRTsim,sim3,SRTsim_3_1,CCST,0.971785040259409,0.963784035868285,0.9788404249201867,0.9894214876033058,0.963705888649764,0.9638621957617994,0.963784035868285,123.64581894874571,349.48401165008545,0.004297520661157,0.063501557402967,0.1609180121315901,3
181,SRTsim,sim3,SRTsim_3_1,DeepST,0.998206599085692,0.9966826285374576,0.9986549501000014,0.9993388429752066,0.996682010986031,0.9966832460896496,0.9966826285374578,171.76592230796814,233.3957681655884,0.0006611570247933,0.0629940788348703,0.1630774736924495,3
182,SRTsim,sim3,SRTsim_3_1,GraphST,0.998206599085692,0.9966826285374576,0.9986549501000014,0.9993388429752066,0.996682010986031,0.9966832460896496,0.9966826285374578,14.254754781723022,315.1744909286499,0.0006611570247933,0.0630149033237413,0.1630262105283573,3
183,SRTsim,sim3,SRTsim_3_1,SEDR,0.9884053087093116,0.9809722476623512,0.9913039980255602,0.9957024793388428,0.9809702734356336,0.9809742218970152,0.9809722476623512,20.78911542892456,230.1737365722656,0.0016528925619834,0.0629940788348703,0.1627790830243853,3
184,SRTsim,sim3,SRTsim_3_1,SpaceFlow,0.6826119969627942,0.8315865412623871,0.7926209258968001,0.7454545454545455,0.7453623230530091,0.9403693575900824,0.8315865412623871,31.97233557701111,169.52333641052246,0.0181818181818181,0.0629940788348703,0.1396866553451585,3
185,SRTsim,sim3,SRTsim_3_1,SpaGCN,0.99641785823604,0.9933665003996344,0.99731339367703,0.9986776859504132,0.9933665003996344,0.9933665003996344,0.9933665003996344,20.53031349182129,202.3080015182495,0.0013223140495867,0.0638422169945773,0.1622416032046547,3
186,SRTsim,sim3,SRTsim_3_1,SpatialMGCN,0.7034211728530749,0.8458527881151222,0.8091367143273439,0.7484297520661157,0.7438726136349816,0.9802370083593572,0.8458527881151221,34.26948428153992,135.9179286956787,0.0019834710743801,0.0629940788348703,-0.0506098504564266,3
187,SRTsim,sim3,SRTsim_3_1,STAGATE,0.999102715727924,0.9981759656718702,0.999327036894128,0.9996694214876032,0.9981758110528236,0.9981761202909648,0.9981759656718702,26.658613681793213,125.80142784118652,0.0003305785123966,0.0629940788348703,0.1630578689198639,3
188,SRTsim,sim3,SRTsim_3_1,stLearn,0.9692573902858576,0.9597345441983988,0.9769434913173848,0.9884297520661156,0.959714783842306,0.9597543053682328,0.9597345441983988,2.355713129043579,38.82798671722412,0.0122314049586776,0.0644598050128076,0.1566524914614845,3
189,SRTsim,sim3,SRTsim_3_10,CCST,0.9813121164568872,0.9703284996299956,0.9859840893856864,0.9930578512396694,0.9703283493245656,0.970328649935472,0.9703284996299956,117.97330045700072,744.0217895507812,0.0049586776859504,0.0629940788348703,0.1622706499497068,3
190,SRTsim,sim3,SRTsim_3_10,DeepST,1.0,1.0000000000000002,1.0,1.0,1.0000000000000002,1.0,1.0000000000000002,258.68359208106995,1477.9158868789673,0.0,0.0629940788348703,0.1630675108301148,3
191,SRTsim,sim3,SRTsim_3_10,GraphST,0.6230623887785293,0.7777184552444532,0.742588656673466,0.7447933884297521,0.7255569294791394,0.83796089381422,0.7777184552444532,21.82179450988769,963.4685459136964,0.0452892561983471,0.0632418487989335,0.1391633177377136,3
192,SRTsim,sim3,SRTsim_3_10,SEDR,0.9973093132452044,0.994528206818844,0.99798198522814,0.99900826446281,0.9945280527648408,0.9945283608728948,0.994528206818844,25.54627633094788,525.3267393112183,0.00099173553719,0.0629940788348703,0.1629888967712592,3
193,SRTsim,sim3,SRTsim_3_10,SpaceFlow,0.641126643809204,0.7330669211326137,0.751402532175484,0.7249586776859505,0.6875249524648038,0.7850703411550148,0.7330669211326136,19.430125951766968,859.1176347732544,0.0710743801652892,0.0630357278126124,0.1725266368045614,3
194,SRTsim,sim3,SRTsim_3_10,SpaGCN,0.9928543817926664,0.988118237647888,0.9946407894706027,0.9973553719008263,0.9881176254030168,0.9881188498935178,0.988118237647888,31.62376070022583,1042.0258884429932,0.0026446280991735,0.0634681222552766,0.1624186279899573,3
195,SRTsim,sim3,SRTsim_3_10,SpatialMGCN,0.9768909834959332,0.9673172954380092,0.98266889814418,0.991404958677686,0.9672785981881324,0.9673559957842788,0.9673172954380094,62.4965500831604,1067.6121616363523,0.0076033057851239,0.063375368446504,0.1596641459239697,3
196,SRTsim,sim3,SRTsim_3_10,STAGATE,0.9910652001351444,0.9857293465841596,0.9932989560825028,0.996694214876033,0.9857206486102112,0.9857380447116112,0.9857293465841598,48.20406699180603,859.1391983032227,0.0029752066115702,0.0633640666469126,0.1621801420686711,3
197,SRTsim,sim3,SRTsim_3_10,stLearn,0.6976275241476967,0.7646656304458606,0.7732342717964551,0.836694214876033,0.7646167023869529,0.7647145647670123,0.7646656304458607,8.10229778289795,632.7722253799438,0.1629752066115702,0.0647239120531721,0.0952870278954493,3
198,SRTsim,sim3,SRTsim_3_2,CCST,0.9937388550424548,0.9891535618261532,0.9953041501958212,0.9976859504132232,0.9891515711343736,0.9891555525259456,0.9891535618261532,107.86540150642396,372.7656145095825,0.0019834710743801,0.0629940788348703,0.1629110038406309,3
199,SRTsim,sim3,SRTsim_3_2,DeepST,0.998206599085692,0.9966826285374576,0.9986549501000014,0.9993388429752066,0.996682010986031,0.9966832460896496,0.9966826285374578,159.55082726478577,268.48847103118896,0.0006611570247933,0.0629940788348703,0.1630252044651859,3
200,SRTsim,sim3,SRTsim_3_2,GraphST,0.999102715727924,0.9981759656718702,0.999327036894128,0.9996694214876032,0.9981758110528236,0.9981761202909648,0.9981759656718702,15.954174280166626,349.9063558578491,0.0003305785123966,0.0629940788348703,0.1629826524801913,3
201,SRTsim,sim3,SRTsim_3_2,SEDR,0.9982065969944758,0.9963522417120176,0.998654947745857,0.9993388429752066,0.9963522417120176,0.9963522417120176,0.9963522417120176,21.59619379043579,247.5329551696777,0.0006611570247933,0.0629940788348703,0.163013643099818,3
202,SRTsim,sim3,SRTsim_3_2,SpaceFlow,0.9893167351326896,0.982014878259899,0.9919876241204194,0.9960330578512396,0.9820051279901836,0.982024628723236,0.9820148782598992,22.532176733016968,170.13607788085938,0.0019834710743801,0.0632647971901937,0.1626816894691976,3
203,SRTsim,sim3,SRTsim_3_2,SpaGCN,0.99641785823604,0.9933665003996344,0.99731339367703,0.9986776859504132,0.9933665003996344,0.9933665003996344,0.9933665003996344,21.04620671272278,225.6850414276123,0.0013223140495867,0.0636188135010013,0.1623362435487455,3
204,SRTsim,sim3,SRTsim_3_2,SpatialMGCN,1.0,1.0,1.0,1.0,1.0,1.0,1.0,31.09125542640686,164.9248971939087,0.0,0.0629940788348703,0.1630675108301148,3
205,SRTsim,sim3,SRTsim_3_2,STAGATE,0.999102715727924,0.9981759656718704,0.999327036894128,0.9996694214876032,0.9981758110528236,0.998176120290965,0.9981759656718704,28.41176438331604,143.16851711273193,0.0003305785123966,0.0629940788348703,0.1630760814155991,3
206,SRTsim,sim3,SRTsim_3_2,stLearn,0.9787870042415496,0.970494517783946,0.9840902531811624,0.9920661157024794,0.970494517783946,0.970494517783946,0.970494517783946,3.400893211364746,73.64812469482422,0.0079338842975206,0.064533304645969,0.1584277628359982,3
207,SRTsim,sim3,SRTsim_3_3,CCST,0.9892868668064572,0.9824844992925188,0.99196517239058,0.9960330578512396,0.9824816106627842,0.9824873879392396,0.9824844992925188,111.43270587921144,419.126543045044,0.0019834710743801,0.0629940788348703,0.1626382174847102,3
208,SRTsim,sim3,SRTsim_3_3,DeepST,1.0,1.0000000000000002,1.0,1.0,1.0000000000000002,1.0,1.0000000000000002,190.73403668403623,397.6206331253052,0.0,0.0629940788348703,0.1630675108301148,3
209,SRTsim,sim3,SRTsim_3_3,GraphST,0.6174151596358647,0.7909742358012807,0.7383205903304376,0.7454545454545455,0.7406031125430836,0.8486972352335195,0.7909742358012807,13.689458847045898,419.3691596984863,0.04,0.0633141284965175,0.1466261835008165,3
210,SRTsim,sim3,SRTsim_3_3,SEDR,0.9973116453680688,0.9948592153579175,0.9979837343200332,0.99900826446281,0.9948590612526406,0.9948593694632422,0.9948592153579174,19.61615014076233,282.25954818725586,0.00099173553719,0.0629940788348703,0.1629738064749818,3
211,SRTsim,sim3,SRTsim_3_3,SpaceFlow,0.6599473501705053,0.8141792040078031,0.7739475221680429,0.7451239669421488,0.7433728623654777,0.8998942211856847,0.8141792040078032,28.767208337783813,226.5189743041992,0.0416528925619834,0.0630149033237413,0.1806344068551359,3
212,SRTsim,sim3,SRTsim_3_3,SpaGCN,0.9982065969944758,0.9963522417120172,0.998654947745857,0.9993388429752066,0.9963522417120174,0.9963522417120172,0.9963522417120172,22.542606592178345,272.4412956237793,0.0006611570247933,0.0632647971901937,0.1629483541544494,3
213,SRTsim,sim3,SRTsim_3_3,SpatialMGCN,0.9919547872921904,0.9860283472444994,0.9939661019184928,0.9970247933884298,0.986026362842278,0.9860303316547082,0.9860283472444996,40.66981244087219,238.13579845428467,0.0029752066115702,0.0637399423438756,0.162377404098001,3
214,SRTsim,sim3,SRTsim_3_3,STAGATE,0.999102715727924,0.9981759656718702,0.999327036894128,0.9996694214876032,0.9981758110528236,0.9981761202909648,0.9981759656718702,33.81364846229553,191.61654090881348,0.0003305785123966,0.0629940788348703,0.1630134597692,3
215,SRTsim,sim3,SRTsim_3_3,stLearn,0.9849047517294878,0.977699484900215,0.9886785654473964,0.9943801652892562,0.9776993334530076,0.9776996363474691,0.9776994849002149,3.1014208793640137,143.29068279266355,0.0056198347107438,0.0641428249388291,0.1592804467371051,3
216,SRTsim,sim3,SRTsim_3_4,CCST,0.9982065969944758,0.9963522417120176,0.998654947745857,0.9993388429752066,0.9963522417120176,0.9963522417120176,0.9963522417120176,109.26261949539185,465.4589195251465,0.0006611570247933,0.0629940788348703,0.1630309035596844,3
217,SRTsim,sim3,SRTsim_3_4,DeepST,0.999102715727924,0.9981759656718702,0.999327036894128,0.9996694214876032,0.9981758110528236,0.9981761202909648,0.9981759656718702,181.29074144363403,549.2966966629028,0.0003305785123966,0.0629940788348703,0.1631059649955206,3
218,SRTsim,sim3,SRTsim_3_4,GraphST,1.0,1.0,1.0,1.0,1.0,1.0,1.0,16.085483074188232,488.7696943283081,0.0,0.0629940788348703,0.1630675108301148,3
219,SRTsim,sim3,SRTsim_3_4,SEDR,0.9964178624130338,0.9934910073696288,0.9973133983776706,0.9986776859504132,0.9934903917957526,0.9934916229442678,0.9934910073696288,21.19935131072998,316.9632539749145,0.0013223140495867,0.0629940788348703,0.1629694746176577,3
220,SRTsim,sim3,SRTsim_3_4,SpaceFlow,0.6610508715038508,0.8162841431587636,0.774685317820255,0.7454545454545455,0.7453623230530093,0.9021217476669456,0.8162841431587639,14.638641357421877,286.9286813735962,0.0416528925619834,0.0630149033237413,0.1807620304966236,3
221,SRTsim,sim3,SRTsim_3_4,SpaGCN,0.999102715727924,0.9981759656718704,0.999327036894128,0.9996694214876032,0.9981758110528236,0.998176120290965,0.9981759656718704,23.44749140739441,348.5307846069336,0.0003305785123966,0.0632647971901937,0.1629388214726512,3
222,SRTsim,sim3,SRTsim_3_4,SpatialMGCN,1.0,1.0,1.0,1.0,1.0,1.0,1.0,57.89449191093445,356.57780742645264,0.0,0.0629940788348703,0.1630675108301148,3
223,SRTsim,sim3,SRTsim_3_4,STAGATE,1.0,1.0,1.0,1.0,1.0,1.0,1.0,46.59033203125,286.952091217041,0.0,0.0629940788348703,0.1630675108301148,3
224,SRTsim,sim3,SRTsim_3_4,stLearn,0.9831509953354628,0.9755814259701612,0.987363248343595,0.9937190082644628,0.9755812748510444,0.9755815770893244,0.975581425970161,3.800204038619995,212.86661911010745,0.0062809917355371,0.0641943995229331,0.1591049892290433,3
225,SRTsim,sim3,SRTsim_3_5,CCST,0.996414944126709,0.9930353359314044,0.9973112084870388,0.9986776859504132,0.9930351821086494,0.993035489754207,0.9930353359314044,107.74682521820068,511.9762372970581,0.0013223140495867,0.0629940788348703,0.1630219087918311,3
226,SRTsim,sim3,SRTsim_3_5,DeepST,1.0,1.0000000000000002,1.0,1.0,1.0000000000000002,1.0,1.0000000000000002,247.44114661216736,704.0665502548218,0.0,0.0629940788348703,0.1630675108301148,3
227,SRTsim,sim3,SRTsim_3_5,GraphST,0.999102715727924,0.9981759656718702,0.999327036894128,0.9996694214876032,0.9981758110528236,0.9981761202909648,0.9981759656718702,17.718034744262695,535.15966796875,0.0003305785123966,0.0629940788348703,0.1630522341784672,3
228,SRTsim,sim3,SRTsim_3_5,SEDR,0.9973093132452044,0.994528206818844,0.99798198522814,0.99900826446281,0.9945280527648408,0.9945283608728948,0.994528206818844,22.901987314224243,351.7153797149658,0.00099173553719,0.0629940788348703,0.1630255049237157,3
229,SRTsim,sim3,SRTsim_3_5,SpaceFlow,0.646724399801962,0.7454501159896945,0.755530563237025,0.727603305785124,0.699022161003269,0.7984841823523706,0.7454501159896946,31.82705330848694,382.3247842788696,0.0697520661157024,0.0630357278126124,0.1726713572132695,3
230,SRTsim,sim3,SRTsim_3_5,SpaGCN,0.998206599085692,0.9966826285374576,0.9986549501000014,0.9993388429752066,0.996682010986031,0.9966832460896496,0.9966826285374578,24.46887683868408,464.2065563201904,0.0006611570247933,0.0635355155455171,0.1626261338675774,3
231,SRTsim,sim3,SRTsim_3_5,SpatialMGCN,0.9937435849299164,0.9904810680327004,0.9953077224382668,0.9976859504132232,0.9904735500036084,0.9904885861759222,0.9904810680327004,38.78512763977051,475.1462688446045,0.0016528925619834,0.0629940788348703,0.1628277212290168,3
232,SRTsim,sim3,SRTsim_3_5,STAGATE,0.999102715727924,0.9981759656718702,0.999327036894128,0.9996694214876032,0.9981758110528236,0.9981761202909648,0.9981759656718702,43.96142959594727,382.3457202911377,0.0003305785123966,0.0629940788348703,0.1630331633192764,3
233,SRTsim,sim3,SRTsim_3_5,stLearn,0.9692529780219749,0.9593531596060768,0.976939837802392,0.9884297520661156,0.9593485556969094,0.9593577635594328,0.9593531596060768,5.26172661781311,282.79469203948975,0.0115702479338842,0.0646032740334918,0.1569691344463169,3
234,SRTsim,sim3,SRTsim_3_6,CCST,0.9919797336100818,0.9858457594261254,0.9939847652885268,0.9970247933884298,0.9858521779633176,0.9858393409725104,0.9858457594261252,111.56651091575624,558.3121528625488,0.00099173553719,0.0629940788348703,0.1626731492186982,3
235,SRTsim,sim3,SRTsim_3_6,DeepST,1.0,1.0000000000000002,1.0,1.0,1.0000000000000002,1.0,1.0000000000000002,233.82059407234192,858.7856569290161,0.0,0.0629940788348703,0.1630675108301148,3
236,SRTsim,sim3,SRTsim_3_6,GraphST,0.9946256275591382,0.9898435570277112,0.995969223020942,0.99801652892562,0.9898429437138202,0.9898441703423622,0.9898435570277112,19.942994117736816,581.4236993789673,0.0019834710743801,0.06301133040631,0.1626694362355285,3
237,SRTsim,sim3,SRTsim_3_6,SEDR,0.9973104808747087,0.9948589041638992,0.99798286153893,0.99900826446281,0.9948584420480904,0.9948593662801376,0.9948589041638992,23.29546093940735,386.41376399993896,0.0006611570247933,0.0629940788348703,0.1630016391448512,3
238,SRTsim,sim3,SRTsim_3_6,SpaceFlow,0.621645303391758,0.7204400860442811,0.7358490187301415,0.7107438016528925,0.6804164446124091,0.7654665690618524,0.7204400860442811,14.581860780715942,477.6581964492798,0.0839669421487603,0.0630357278126124,0.1659061117460855,3
239,SRTsim,sim3,SRTsim_3_6,SpaGCN,0.9973116516376276,0.9953141095033792,0.9979837413809092,0.99900826446281,0.9953127219185924,0.9953154970920348,0.9953141095033792,26.052733182907104,579.695219039917,0.00099173553719,0.063515490817193,0.1626798718419037,3
240,SRTsim,sim3,SRTsim_3_6,SpatialMGCN,0.9919466389767398,0.9861668740642116,0.9939599959939336,0.9970247933884298,0.9861639746078252,0.9861697735376472,0.9861668740642116,66.09732365608215,593.589506149292,0.0016528925619834,0.0629940788348703,0.1628013966289342,3
241,SRTsim,sim3,SRTsim_3_6,STAGATE,0.9937434973855443,0.9893444930054268,0.9953076237232036,0.9976859504132232,0.9893443397543894,0.989344646256512,0.9893444930054268,50.843305826187134,477.6790256500244,0.0023140495867768,0.0629940788348703,0.1627559313962425,3
242,SRTsim,sim3,SRTsim_3_6,stLearn,0.9735887316585984,0.9647447590512852,0.9801915602943668,0.9900826446280993,0.9647441612887824,0.9647453568145284,0.9647447590512852,5.329580783843994,352.6017904281616,0.0099173553719008,0.0645050547195016,0.1573106910128182,3
243,SRTsim,sim3,SRTsim_3_7,CCST,0.9928504110445204,0.9886580960116916,0.9946378531413242,0.9973553719008263,0.9886493610564312,0.9886668311213048,0.988658096011692,117.91499590873718,604.6454277038574,0.0016528925619834,0.0629940788348703,0.162835404684685,3
244,SRTsim,sim3,SRTsim_3_7,DeepST,0.999102715727924,0.9981759656718702,0.999327036894128,0.9996694214876032,0.9981758110528236,0.9981761202909648,0.9981759656718702,210.59037828445437,1013.5053300857544,0.0003305785123966,0.0629940788348703,0.1629826524801913,3
245,SRTsim,sim3,SRTsim_3_7,GraphST,0.99820484947176,0.9963517755135356,0.9986536376934068,0.9993388429752066,0.996351312704282,0.996352238323219,0.9963517755135356,18.13039374351501,642.5977039337158,0.0006611570247933,0.0629940788348703,0.1630247552168272,3
246,SRTsim,sim3,SRTsim_3_7,SEDR,0.99462504922957,0.9901737856322402,0.9959687910398936,0.99801652892562,0.990172711376369,0.9901748598904424,0.99017378563224,23.479655265808105,421.11037158966064,0.0016528925619834,0.0629940788348703,0.1629176854742224,3
247,SRTsim,sim3,SRTsim_3_7,SpaceFlow,0.6362487677507025,0.7419040990620305,0.7524292007479221,0.7355371900826446,0.6806531982841024,0.8152688485008774,0.7419040990620306,21.610488653182983,572.9915704727173,0.0591735537190082,0.0630357278126124,0.135695043456526,3
248,SRTsim,sim3,SRTsim_3_7,SpaGCN,0.9964178624130338,0.9934910073696288,0.9973133983776706,0.9986776859504132,0.9934903917957526,0.9934916229442678,0.9934910073696288,24.877889156341556,695.1830501556396,0.0013223140495867,0.063515490817193,0.1626899195145323,3
249,SRTsim,sim3,SRTsim_3_7,SpatialMGCN,0.9822324600565588,0.9736027720484988,0.9866744677794008,0.993388429752066,0.973593286553385,0.9736122577284446,0.9736027720484988,52.15338206291199,712.0323162078857,0.0039669421487603,0.0630841354890108,0.1615751972218115,3
250,SRTsim,sim3,SRTsim_3_7,STAGATE,0.995519416783734,0.9916666591251664,0.9966395660211268,0.9983471074380166,0.9916655844466256,0.9916677338060362,0.9916666591251664,45.06696438789368,573.012773513794,0.0016528925619834,0.0632231482124517,0.1626740802154711,3
251,SRTsim,sim3,SRTsim_3_7,stLearn,0.956535719168588,0.9464040269744824,0.9674018226409572,0.9834710743801652,0.9464030002051445,0.9464050537460484,0.9464040269744826,5.578389883041382,422.411211013794,0.0165289256198347,0.0651546722370524,0.1534932347809834,3
252,SRTsim,sim3,SRTsim_3_8,CCST,0.9911198746952576,0.9840318666862302,0.9933399128213968,0.996694214876033,0.9840308002815862,0.9840329330931856,0.98403186668623,106.65581917762756,651.4210939407349,0.0026446280991735,0.0629940788348703,0.1623385007196973,3
253,SRTsim,sim3,SRTsim_3_8,DeepST,0.998206599085692,0.9966826285374576,0.9986549501000014,0.9993388429752066,0.996682010986031,0.9966832460896496,0.9966826285374578,241.7903196811676,1168.4778032302856,0.0006611570247933,0.0629940788348703,0.1630061216633286,3
254,SRTsim,sim3,SRTsim_3_8,GraphST,0.6351828494849141,0.7885931612607843,0.7533112927934492,0.7444628099173554,0.7307095493220406,0.8564362956998217,0.7885931612607844,18.337637901306152,749.7229709625244,0.029090909090909,0.0631652036046026,0.1647581867254017,3
255,SRTsim,sim3,SRTsim_3_8,SEDR,0.9919502075414552,0.9868332820569992,0.9939626990028052,0.9970247933884298,0.9868257917156256,0.986840772512082,0.9868332820569992,24.420997858047485,455.93249320983887,0.0023140495867768,0.0629940788348703,0.1629275407624368,3
256,SRTsim,sim3,SRTsim_3_8,SpaceFlow,0.693088443213251,0.822900553458606,0.7952934129155677,0.7689256198347107,0.7483304757285856,0.9139770821738123,0.8229005534586061,18.9786434173584,668.4509210586548,0.0261157024793388,0.0630149033237413,0.128038985010875,3
257,SRTsim,sim3,SRTsim_3_8,SpaGCN,0.9955252392539422,0.9919986042123252,0.9966439299297248,0.9983471074380166,0.9919984505501618,0.9919987578745366,0.9919986042123254,30.607208490371704,811.0490779876709,0.0016528925619834,0.0635355155455171,0.162500147340764,3
258,SRTsim,sim3,SRTsim_3_8,SpatialMGCN,0.9830826415612454,0.9739166609496208,0.9873121502391076,0.9937190082644628,0.9739029234120316,0.9739303988747696,0.9739166609496208,51.98945355415344,830.7265377044678,0.0033057851239669,0.0629940788348703,0.1623339949689441,3
259,SRTsim,sim3,SRTsim_3_8,STAGATE,0.9955252392539422,0.9919986042123252,0.9966439299297248,0.9983471074380166,0.9919984505501616,0.9919987578745364,0.9919986042123252,47.94812035560608,668.4721240997314,0.0016528925619834,0.0629940788348703,0.1629245928001353,3
260,SRTsim,sim3,SRTsim_3_8,stLearn,0.9565358965546292,0.94644174035951,0.9674020222356936,0.9834710743801652,0.9464386597262118,0.9464448210128632,0.94644174035951,6.882974147796631,492.7000045776367,0.0168595041322314,0.0645643269222924,0.1533835857218257,3
261,SRTsim,sim3,SRTsim_3_9,CCST,0.979550316860771,0.9686957090378752,0.9846627846326738,0.992396694214876,0.9686925559687216,0.9686988621275552,0.9686957090378752,113.5251076221466,697.6892280578613,0.0056198347107438,0.0630565523014834,0.1623532119283495,3
262,SRTsim,sim3,SRTsim_3_9,DeepST,0.9973104808747087,0.9948589037594874,0.99798286153893,0.99900826446281,0.9948584412434044,0.9948593662760004,0.9948589037594872,220.2647635936737,1323.1987581253052,0.00099173553719,0.0629940788348703,0.1629966958452782,3
263,SRTsim,sim3,SRTsim_3_9,GraphST,0.9928752504157076,0.9869929850435556,0.9946563960293576,0.9973553719008263,0.987001550479152,0.9869844197566237,0.9869929850435556,21.964152574539185,856.5957431793213,0.0026446280991735,0.0630853976505941,0.1621682066721244,3
264,SRTsim,sim3,SRTsim_3_9,SEDR,0.9946576116789752,0.9897279687327754,0.995993180370236,0.99801652892562,0.9897357905532544,0.989720147035926,0.9897279687327754,22.630687713623047,490.63120460510254,0.0013223140495867,0.0629940788348703,0.162826251179246,3
265,SRTsim,sim3,SRTsim_3_9,SpaceFlow,0.6900905144961111,0.8040962995134997,0.7905244384121144,0.7606611570247934,0.7388099663899625,0.8820393682946895,0.8040962995134997,19.767600297927856,763.7847509384155,0.0353719008264462,0.0630149033237413,0.1485049705510112,3
266,SRTsim,sim3,SRTsim_3_9,SpaGCN,0.9964178749439564,0.9940266461635376,0.9973134124978008,0.9986776859504132,0.9940241825321802,0.994029109807107,0.9940266461635376,32.72352409362793,926.5370769500732,0.0013223140495867,0.0637021114564854,0.1622587026666535,3
267,SRTsim,sim3,SRTsim_3_9,SpatialMGCN,0.9543753565017318,0.943046117125354,0.9657843336060004,0.982809917355372,0.942964010359333,0.943128238191196,0.9430461171253542,62.83897876739502,949.1697750091552,0.0099173553719008,0.0638096132501687,0.159195391685264,3
268,SRTsim,sim3,SRTsim_3_9,STAGATE,0.9928404558554051,0.9879725124214296,0.9946303701904324,0.9973553719008263,0.9879670029806608,0.9879780219236458,0.9879725124214296,44.709989070892334,763.8051242828369,0.0013223140495867,0.0633897441234199,0.162264213347636,3
269,SRTsim,sim3,SRTsim_3_9,stLearn,0.6545351616298967,0.7388892683021802,0.7409711574544102,0.768595041322314,0.7386772833599177,0.7391013749498656,0.73888926830218,6.4864606857299805,562.7352390289307,0.2013223140495867,0.0645518439576895,0.0866404929934444,3
270,SRTsim,sim3,SRTsim_3_1,CCST,0.967497801719628,0.9595934254077616,0.97562603445435,0.9877685950413224,0.9594835384409122,0.9597033375475876,0.9595934254077616,98.4398798942566,349.4881181716919,0.0062809917355371,0.0629940788348703,0.1609182971157747,4
271,SRTsim,sim3,SRTsim_3_1,DeepST,0.9964178749439564,0.9940266461635376,0.9973134124978008,0.9986776859504132,0.9940241825321802,0.994029109807107,0.9940266461635376,162.65125942230225,233.39548587799072,0.0003305785123966,0.0629940788348703,0.1629662315409046,4
272,SRTsim,sim3,SRTsim_3_1,GraphST,0.998206599085692,0.9966826285374576,0.9986549501000014,0.9993388429752066,0.996682010986031,0.9966832460896496,0.9966826285374578,14.853258609771729,315.1745090484619,0.0006611570247933,0.0630149033237413,0.1630262105283573,4
273,SRTsim,sim3,SRTsim_3_1,SEDR,0.9937388550424548,0.989153561826153,0.9953041501958212,0.9976859504132232,0.9891515711343732,0.9891555525259454,0.989153561826153,14.550589561462402,230.1511383056641,0.0013223140495867,0.0629940788348703,0.1627934838052347,4
274,SRTsim,sim3,SRTsim_3_1,SpaceFlow,0.6815464755514209,0.829451738067357,0.7919156622153634,0.7451239669421488,0.7433728623654774,0.9380763025856226,0.829451738067357,28.485708236694336,161.03954029083252,0.0181818181818181,0.0629940788348703,0.1395654381782033,4
275,SRTsim,sim3,SRTsim_3_1,SpaGCN,0.99641785823604,0.9933665003996344,0.99731339367703,0.9986776859504132,0.9933665003996344,0.9933665003996344,0.9933665003996344,20.2551543712616,202.30669498443604,0.0013223140495867,0.0638422169945773,0.1622416032046547,4
276,SRTsim,sim3,SRTsim_3_1,SpatialMGCN,0.7034211728530749,0.8458527881151222,0.8091367143273439,0.7484297520661157,0.7438726136349816,0.9802370083593572,0.8458527881151221,56.560558557510376,135.9167423248291,0.0019834710743801,0.0629940788348703,-0.0506098504564266,4
277,SRTsim,sim3,SRTsim_3_1,STAGATE,0.999102715727924,0.9981759656718702,0.999327036894128,0.9996694214876032,0.9981758110528236,0.9981761202909648,0.9981759656718702,41.23091292381287,127.46430778503418,0.0003305785123966,0.0629940788348703,0.1630578689198639,4
278,SRTsim,sim3,SRTsim_3_1,stLearn,0.9692573902858576,0.9597345441983984,0.9769434913173848,0.9884297520661156,0.959714783842306,0.9597543053682326,0.9597345441983988,2.0990920066833496,38.8271427154541,0.0122314049586776,0.0644598050128076,0.1566524914614845,4
279,SRTsim,sim3,SRTsim_3_10,CCST,0.9866852266184692,0.97848793420645,0.9900138836339044,0.9950413223140496,0.9784923252990424,0.978483543153268,0.97848793420645,110.01961946487428,744.0212650299072,0.0036363636363636,0.0629940788348703,0.1622996182202412,4
280,SRTsim,sim3,SRTsim_3_10,DeepST,0.9964178749439564,0.9940266461635376,0.9973134124978008,0.9986776859504132,0.9940241825321802,0.994029109807107,0.9940266461635376,251.8720028400421,1477.915177345276,0.0013223140495867,0.0629940788348703,0.163047547017881,4
281,SRTsim,sim3,SRTsim_3_10,GraphST,0.6230623887785293,0.7777184552444532,0.742588656673466,0.7447933884297521,0.7255569294791394,0.83796089381422,0.7777184552444532,20.38141965866089,963.4685649871826,0.0452892561983471,0.0632418487989335,0.1391633177377136,4
282,SRTsim,sim3,SRTsim_3_10,SEDR,0.999102715727924,0.9981759656718704,0.999327036894128,0.9996694214876032,0.9981758110528236,0.998176120290965,0.9981759656718704,17.869227409362793,525.3257684707642,0.0003305785123966,0.0629940788348703,0.1630578689198639,4
283,SRTsim,sim3,SRTsim_3_10,SpaceFlow,0.638872071477058,0.731289173009414,0.7499987203553132,0.7246280991735538,0.6855701571128335,0.7835416723364642,0.731289173009414,20.56586456298828,859.117672920227,0.0704132231404958,0.0630357278126124,0.1721432113920722,4
284,SRTsim,sim3,SRTsim_3_10,SpaGCN,0.9928543817926664,0.988118237647888,0.9946407894706027,0.9973553719008263,0.9881176254030168,0.9881188498935178,0.988118237647888,30.957443952560425,1042.025712966919,0.0026446280991735,0.0634681222552766,0.1624186279899573,4
285,SRTsim,sim3,SRTsim_3_10,SpatialMGCN,0.9768909834959332,0.9673172954380092,0.98266889814418,0.991404958677686,0.9672785981881324,0.9673559957842788,0.9673172954380094,67.77054047584534,1067.6125402450562,0.0076033057851239,0.063375368446504,0.1596641459239697,4
286,SRTsim,sim3,SRTsim_3_10,STAGATE,0.9919536916032652,0.9868342280145808,0.9939653067006096,0.9970247933884298,0.98682765903177,0.986840797084847,0.9868342280145808,51.02185416221619,859.1393623352051,0.0026446280991735,0.0633640666469126,0.1621495643264761,4
287,SRTsim,sim3,SRTsim_3_10,stLearn,0.6573421458956344,0.7396769162953029,0.7430655165819365,0.7788429752066116,0.7394961684757847,0.7398577524932677,0.7396769162953029,8.06853699684143,632.772403717041,0.2003305785123967,0.0647504935352513,0.08663581007206,4
288,SRTsim,sim3,SRTsim_3_2,CCST,0.9919582620214304,0.9862945146026928,0.9939686991542518,0.9970247933884298,0.986294056465076,0.9862949727407354,0.9862945146026928,107.30456614494324,372.6955137252808,0.0029752066115702,0.0629940788348703,0.1627894564558495,4
289,SRTsim,sim3,SRTsim_3_2,DeepST,0.9973116453680688,0.9948592153579174,0.9979837343200332,0.99900826446281,0.9948590612526406,0.994859369463242,0.9948592153579174,183.7156856060028,268.48539447784424,0.00099173553719,0.0629940788348703,0.1629884261649116,4
290,SRTsim,sim3,SRTsim_3_2,GraphST,0.999102715727924,0.9981759656718702,0.999327036894128,0.9996694214876032,0.9981758110528236,0.9981761202909648,0.9981759656718702,13.225538969039915,349.920862197876,0.0003305785123966,0.0629940788348703,0.1629826524801913,4
291,SRTsim,sim3,SRTsim_3_2,SEDR,1.0,1.0,1.0,1.0,1.0,1.0,1.0,16.522438526153564,247.5325584411621,0.0,0.0629940788348703,0.1630675108301148,4
292,SRTsim,sim3,SRTsim_3_2,SpaceFlow,0.9831528798326598,0.97594127554419,0.9873651563868188,0.9937190082644628,0.9759007640552472,0.9759817903966898,0.97594127554419,22.36923146247864,170.1377716064453,0.0023140495867768,0.0632647971901937,0.1625746719328293,4
293,SRTsim,sim3,SRTsim_3_2,SpaGCN,0.99641785823604,0.9933665003996344,0.99731339367703,0.9986776859504132,0.9933665003996344,0.9933665003996344,0.9933665003996344,21.523355722427368,225.68510627746585,0.0013223140495867,0.0636188135010013,0.1623362435487455,4
294,SRTsim,sim3,SRTsim_3_2,SpatialMGCN,1.0,1.0,1.0,1.0,1.0,1.0,1.0,48.07687997817993,164.92427253723145,0.0,0.0629940788348703,0.1630675108301148,4
295,SRTsim,sim3,SRTsim_3_2,STAGATE,0.999102715727924,0.9981759656718702,0.999327036894128,0.9996694214876032,0.9981758110528236,0.9981761202909648,0.9981759656718702,31.963409900665283,143.22537994384766,0.0003305785123966,0.0629940788348703,0.1630760814155991,4
296,SRTsim,sim3,SRTsim_3_2,stLearn,0.9787870289771844,0.9705140967195268,0.9840902810102402,0.9920661157024794,0.9705134953823028,0.9705146980574962,0.970514096719527,3.537917375564575,73.65773010253906,0.0079338842975206,0.0642767768476502,0.1583437695246698,4
297,SRTsim,sim3,SRTsim_3_3,CCST,0.9955217489025194,0.9919976679716832,0.9966413151084312,0.9983471074380166,0.9919965929344248,0.9919987430112712,0.9919976679716832,103.5603802204132,419.1267318725586,0.0013223140495867,0.0629940788348703,0.1629102583276064,4
298,SRTsim,sim3,SRTsim_3_3,DeepST,1.0,1.0000000000000002,1.0,1.0,1.0000000000000002,1.0,1.0000000000000002,192.73890495300293,397.6229753494263,0.0,0.0629940788348703,0.1630675108301148,4
299,SRTsim,sim3,SRTsim_3_3,GraphST,0.6174151596358647,0.7909742358012807,0.7383205903304376,0.7454545454545455,0.7406031125430836,0.8486972352335195,0.7909742358012807,15.583438396453856,419.370701789856,0.04,0.0633141284965175,0.1466261835008165,4
300,SRTsim,sim3,SRTsim_3_3,SEDR,0.9973116453680688,0.9948592153579175,0.9979837343200332,0.99900826446281,0.9948590612526406,0.9948593694632422,0.9948592153579174,20.549495697021484,282.2595567703247,0.00099173553719,0.0629940788348703,0.1629697635817935,4
301,SRTsim,sim3,SRTsim_3_3,SpaceFlow,0.6589608541213461,0.7966826880779908,0.7734801859950787,0.7269421487603306,0.7251844568692637,0.8838214418044166,0.7966826880779907,15.785500049591064,234.98906707763672,0.0006611570247933,0.0629940788348703,0.1442680021630573,4
302,SRTsim,sim3,SRTsim_3_3,SpaGCN,0.9982065969944758,0.9963522417120172,0.998654947745857,0.9993388429752066,0.9963522417120174,0.9963522417120172,0.9963522417120172,21.77072525024414,272.44213581085205,0.0006611570247933,0.0632647971901937,0.1629483541544494,4
303,SRTsim,sim3,SRTsim_3_3,SpatialMGCN,0.9919547872921904,0.9860283472444994,0.9939661019184928,0.9970247933884298,0.986026362842278,0.9860303316547082,0.9860283472444996,40.1421160697937,238.13520622253415,0.0029752066115702,0.0637399423438756,0.162377404098001,4
304,SRTsim,sim3,SRTsim_3_3,STAGATE,0.999102715727924,0.9981759656718702,0.999327036894128,0.9996694214876032,0.9981758110528236,0.9981761202909648,0.9981759656718702,39.40421295166016,191.61684036254883,0.0003305785123966,0.0629940788348703,0.1630134597692,4
305,SRTsim,sim3,SRTsim_3_3,stLearn,0.9849047517294878,0.977699484900215,0.9886785654473964,0.9943801652892562,0.9776993334530076,0.9776996363474691,0.9776994849002149,3.5865986347198486,143.28839206695557,0.0056198347107438,0.0641428249388291,0.1592804467371051,4
306,SRTsim,sim3,SRTsim_3_4,CCST,0.9964161227252044,0.9934905347898044,0.9973120971531712,0.9986776859504132,0.9934885329714156,0.99349253661626,0.9934905347898044,110.55994868278503,465.4535074234009,0.0013223140495867,0.0629940788348703,0.1630154072865768,4
307,SRTsim,sim3,SRTsim_3_4,DeepST,1.0,1.0000000000000002,1.0,1.0,1.0000000000000002,1.0,1.0000000000000002,211.99832153320312,549.296124458313,0.0,0.0629940788348703,0.1630675108301148,4
308,SRTsim,sim3,SRTsim_3_4,GraphST,1.0,1.0,1.0,1.0,1.0,1.0,1.0,18.98369836807251,488.7697629928589,0.0,0.0629940788348703,0.1630675108301148,4
309,SRTsim,sim3,SRTsim_3_4,SEDR,0.994624480303268,0.9903788788347976,0.9959683696540428,0.99801652892562,0.9903764242441976,0.9903813334375644,0.9903788788347976,23.569180488586422,316.9573736190796,0.0023140495867768,0.0629940788348703,0.1629844950092134,4
310,SRTsim,sim3,SRTsim_3_4,SpaceFlow,0.6588454455391385,0.8124361506017048,0.7732110961561995,0.7447933884297521,0.7417139451586555,0.8980665286694982,0.8124361506017048,15.343634128570557,286.92871952056885,0.0416528925619834,0.0630149033237413,0.1806372921922793,4
311,SRTsim,sim3,SRTsim_3_4,SpaGCN,0.999102715727924,0.9981759656718704,0.999327036894128,0.9996694214876032,0.9981758110528236,0.998176120290965,0.9981759656718704,23.982829332351685,348.53004264831543,0.0003305785123966,0.0632647971901937,0.1629388214726512,4
312,SRTsim,sim3,SRTsim_3_4,SpatialMGCN,1.0,1.0,1.0,1.0,1.0,1.0,1.0,56.26551604270935,356.578369140625,0.0,0.0629940788348703,0.1630675108301148,4
313,SRTsim,sim3,SRTsim_3_4,STAGATE,1.0,1.0,1.0,1.0,1.0,1.0,1.0,44.40529131889343,286.9494276046753,0.0,0.0629940788348703,0.1630675108301148,4
314,SRTsim,sim3,SRTsim_3_4,stLearn,0.9822758817311568,0.9745595654454358,0.9867069190501444,0.993388429752066,0.9745589616016116,0.9745601692900084,0.9745595654454358,3.881826162338257,212.8662805557251,0.0066115702479338,0.0643088129429169,0.1587880447779489,4
315,SRTsim,sim3,SRTsim_3_5,CCST,0.9928456467675832,0.9875202907288814,0.994634242122277,0.9973553719008263,0.9875189140095936,0.987521667452008,0.9875202907288816,128.90143609046936,512.0444526672363,0.0026446280991735,0.0629940788348703,0.1628093420654926,4
316,SRTsim,sim3,SRTsim_3_5,DeepST,0.999102715727924,0.9981759656718702,0.999327036894128,0.9996694214876032,0.9981758110528236,0.9981761202909648,0.9981759656718702,253.36123943328855,704.0656023025513,0.0003305785123966,0.0629940788348703,0.1631059649955206,4
317,SRTsim,sim3,SRTsim_3_5,GraphST,0.999102715727924,0.9981759656718702,0.999327036894128,0.9996694214876032,0.9981758110528236,0.9981761202909648,0.9981759656718702,18.230708360672,535.1601305007935,0.0003305785123966,0.0629940788348703,0.1630522341784672,4
318,SRTsim,sim3,SRTsim_3_5,SEDR,0.998206599085692,0.9966826285374576,0.9986549501000014,0.9993388429752066,0.996682010986031,0.9966832460896496,0.9966826285374578,23.718462705612183,351.71551990509033,0.0006611570247933,0.0629940788348703,0.1630671853675903,4
319,SRTsim,sim3,SRTsim_3_5,SpaceFlow,0.6749009338455788,0.8209179468776736,0.7863831996755489,0.7451239669421488,0.7403868109476293,0.92110569591182,0.8209179468776737,18.225927352905277,382.3248224258423,0.0244628099173553,0.0630149033237413,0.1859582401419741,4
320,SRTsim,sim3,SRTsim_3_5,SpaGCN,0.998206599085692,0.9966826285374576,0.9986549501000014,0.9993388429752066,0.996682010986031,0.9966832460896496,0.9966826285374578,23.36605477333069,464.2066173553467,0.0006611570247933,0.0635355155455171,0.1626261338675774,4
321,SRTsim,sim3,SRTsim_3_5,SpatialMGCN,0.9937435849299164,0.9904810680327004,0.9953077224382668,0.9976859504132232,0.9904735500036084,0.9904885861759222,0.9904810680327004,39.07595467567444,475.1466045379639,0.0016528925619834,0.0629940788348703,0.1628277212290168,4
322,SRTsim,sim3,SRTsim_3_5,STAGATE,0.999102715727924,0.9981759656718702,0.999327036894128,0.9996694214876032,0.9981758110528236,0.9981761202909648,0.9981759656718702,43.8156304359436,382.34570693969727,0.0003305785123966,0.0629940788348703,0.1630331633192764,4
323,SRTsim,sim3,SRTsim_3_5,stLearn,0.9701111046006394,0.9602255787038024,0.9775833971065272,0.9887603305785124,0.96022245706807,0.9602287003598317,0.9602255787038024,5.423751831054688,282.7948303222656,0.0112396694214876,0.0645892082432772,0.1572119950192643,4
324,SRTsim,sim3,SRTsim_3_6,CCST,0.981427617789982,0.9740005574290536,0.9860709583232112,0.9930578512396694,0.9739833565733086,0.9740177588923544,0.9740005574290536,114.54415249824524,558.314022064209,0.0036363636363636,0.0629940788348703,0.1616274868142452,4
325,SRTsim,sim3,SRTsim_3_6,DeepST,0.984906018966146,0.9804804696667692,0.9886799989208384,0.9943801652892562,0.9804365733745743,0.9805243698898062,0.9804804696667692,210.80346369743347,858.7859010696411,0.00099173553719,0.0629940788348703,0.1631974171011548,4
326,SRTsim,sim3,SRTsim_3_6,GraphST,0.9946256275591382,0.9898435570277112,0.995969223020942,0.99801652892562,0.9898429437138202,0.9898441703423622,0.9898435570277112,16.39843726158142,581.4271440505981,0.0019834710743801,0.06301133040631,0.1626694362355285,4
327,SRTsim,sim3,SRTsim_3_6,SEDR,0.9973081518920626,0.9948582817742364,0.9979811159835932,0.99900826446281,0.994857203636904,0.9948593599139056,0.9948582817742364,23.34530806541443,386.41278553009033,0.0006611570247933,0.0629940788348703,0.1630066058869311,4
328,SRTsim,sim3,SRTsim_3_6,SpaceFlow,0.6398071590787069,0.772258809520472,0.7621521857300662,0.7272727272727273,0.6948431266933245,0.8690879084732963,0.772258809520472,14.309305429458618,477.6581964492798,0.0251239669421487,0.0630149033237413,0.1893695919527356,4
329,SRTsim,sim3,SRTsim_3_6,SpaGCN,0.9973116516376276,0.9953141095033792,0.9979837413809092,0.99900826446281,0.9953127219185924,0.9953154970920348,0.9953141095033792,24.8188214302063,579.6950407028198,0.00099173553719,0.063515490817193,0.1626798718419037,4
330,SRTsim,sim3,SRTsim_3_6,SpatialMGCN,0.9919466389767398,0.9861668740642116,0.9939599959939336,0.9970247933884298,0.9861639746078252,0.9861697735376472,0.9861668740642116,64.39591383934021,593.5896816253662,0.0016528925619834,0.0629940788348703,0.1628013966289342,4
331,SRTsim,sim3,SRTsim_3_6,STAGATE,0.9937434973855443,0.9893444930054268,0.9953076237232036,0.9976859504132232,0.9893443397543894,0.989344646256512,0.9893444930054268,46.04280948638916,477.6791744232178,0.0023140495867768,0.0629940788348703,0.1627559313962425,4
332,SRTsim,sim3,SRTsim_3_6,stLearn,0.9701465213211232,0.9610659409182092,0.97760990404644,0.9887603305785124,0.9610653454351276,0.9610665364020284,0.9610659409182092,6.16137957572937,352.6015462875366,0.0112396694214876,0.0646884779980022,0.1564598941484318,4
333,SRTsim,sim3,SRTsim_3_7,CCST,0.988478799183021,0.9803499862284284,0.991358910123924,0.9957024793388428,0.980373954898924,0.9803260187299,0.9803499862284284,109.52373790740968,604.6454811096191,0.0013223140495867,0.0629940788348703,0.1628462411441827,4
334,SRTsim,sim3,SRTsim_3_7,DeepST,0.9973116453680688,0.9948592153579174,0.9979837343200332,0.99900826446281,0.9948590612526406,0.994859369463242,0.9948592153579174,201.7398965358734,1013.5045671463012,0.00099173553719,0.0629940788348703,0.1630052293895419,4
335,SRTsim,sim3,SRTsim_3_7,GraphST,0.99820484947176,0.9963517755135356,0.9986536376934068,0.9993388429752066,0.996351312704282,0.996352238323219,0.9963517755135356,19.84971833229065,642.5980358123779,0.0006611570247933,0.0629940788348703,0.1630247552168272,4
336,SRTsim,sim3,SRTsim_3_7,SEDR,0.9955182533373328,0.9916663461299864,0.9966386944201322,0.9983471074380166,0.9916649636306102,0.9916677286332172,0.9916663461299864,22.232733964920044,421.11005115509033,0.00099173553719,0.0629940788348703,0.1629743136307253,4
337,SRTsim,sim3,SRTsim_3_7,SpaceFlow,0.6759653854266988,0.8229307209269628,0.7870972647128622,0.7451239669421488,0.7424275720418908,0.9230154315543992,0.8229307209269627,15.334049463272097,572.9916534423828,0.0251239669421487,0.0630149033237413,0.1863542816533265,4
338,SRTsim,sim3,SRTsim_3_7,SpaGCN,0.9964178624130338,0.9934910073696288,0.9973133983776706,0.9986776859504132,0.9934903917957526,0.9934916229442678,0.9934910073696288,27.028000831604004,695.1826610565186,0.0013223140495867,0.063515490817193,0.1626899195145323,4
339,SRTsim,sim3,SRTsim_3_7,SpatialMGCN,0.9822324600565588,0.9736027720484988,0.9866744677794008,0.993388429752066,0.973593286553385,0.9736122577284446,0.9736027720484988,52.15346837043762,712.0319423675537,0.0039669421487603,0.0630841354890108,0.1615751972218115,4
340,SRTsim,sim3,SRTsim_3_7,STAGATE,0.995519416783734,0.9916666591251662,0.9966395660211268,0.9983471074380166,0.9916655844466252,0.991667733806036,0.991666659125166,49.32529973983765,573.0126075744629,0.0016528925619834,0.0632231482124517,0.1626740802154711,4
341,SRTsim,sim3,SRTsim_3_7,stLearn,0.9599319722735123,0.950706674941642,0.969949049311076,0.984793388429752,0.9507043186760578,0.9507090312189058,0.950706674941642,5.471447706222534,422.41166400909424,0.0152066115702479,0.0651167731394618,0.1543948108242495,4
342,SRTsim,sim3,SRTsim_3_8,CCST,0.9901778876832392,0.9846543560559434,0.9926334946483822,0.9963636363636365,0.9846432286714952,0.984665483691894,0.9846543560559434,116.2397210597992,651.3559761047363,0.0023140495867768,0.0629940788348703,0.1627956413640411,4
343,SRTsim,sim3,SRTsim_3_8,DeepST,0.9964178749439564,0.9940266461635376,0.9973134124978008,0.9986776859504132,0.9940241825321802,0.994029109807107,0.9940266461635376,230.83393096923828,1168.4909181594849,0.0006611570247933,0.0629940788348703,0.1630647148745168,4
344,SRTsim,sim3,SRTsim_3_8,GraphST,0.6351828494849141,0.7885931612607843,0.7533112927934492,0.7444628099173554,0.7307095493220406,0.8564362956998217,0.7885931612607844,18.120281457901,749.7227954864502,0.029090909090909,0.0631652036046026,0.1647581867254017,4
345,SRTsim,sim3,SRTsim_3_8,SEDR,0.9919489992511036,0.9864804153796544,0.9939617768130468,0.9970247933884298,0.9864756753338516,0.9864851554710098,0.9864804153796544,25.894288301467896,455.9320116043091,0.0016528925619834,0.0629940788348703,0.1629402506031074,4
346,SRTsim,sim3,SRTsim_3_8,SpaceFlow,0.6362487677507025,0.7419040990620305,0.7524292007479221,0.7355371900826446,0.6806531982841024,0.8152688485008774,0.7419040990620306,23.870481252670288,668.4514770507812,0.0591735537190082,0.0630357278126124,0.1357035121653657,4
347,SRTsim,sim3,SRTsim_3_8,SpaGCN,0.9955252392539422,0.9919986042123252,0.9966439299297248,0.9983471074380166,0.9919984505501618,0.9919987578745366,0.9919986042123254,30.6771457195282,811.0490770339966,0.0016528925619834,0.0635355155455171,0.162500147340764,4
348,SRTsim,sim3,SRTsim_3_8,SpatialMGCN,0.9830826415612454,0.9739166609496208,0.9873121502391076,0.9937190082644628,0.9739029234120316,0.9739303988747696,0.9739166609496208,50.37554979324341,830.7271327972412,0.0033057851239669,0.0629940788348703,0.1623339949689441,4
349,SRTsim,sim3,SRTsim_3_8,STAGATE,0.9955252392539422,0.9919986042123252,0.9966439299297248,0.9983471074380166,0.9919984505501616,0.9919987578745364,0.9919986042123252,44.16321539878845,668.4822444915771,0.0016528925619834,0.0629940788348703,0.1629245928001353,4
350,SRTsim,sim3,SRTsim_3_8,stLearn,0.9540206094806876,0.9439967318699732,0.9655155224687932,0.9824793388429752,0.9439948297783572,0.9439986339692544,0.9439967318699732,6.460556507110596,492.6990909576416,0.0181818181818181,0.0646328960917047,0.152822748617727,4
351,SRTsim,sim3,SRTsim_3_9,CCST,0.9902263540942412,0.9823988712645226,0.992669654425914,0.9963636363636365,0.9824154541971462,0.9823822888917216,0.9823988712645229,110.60342526435852,697.6844902038574,0.0029752066115702,0.0629940788348703,0.1628532639907431,4
352,SRTsim,sim3,SRTsim_3_9,DeepST,0.999102715727924,0.9981759656718702,0.999327036894128,0.9996694214876032,0.9981758110528236,0.9981761202909648,0.9981759656718702,246.7953269481659,1323.1963472366333,0.0003305785123966,0.0629940788348703,0.1630293878171788,4
353,SRTsim,sim3,SRTsim_3_9,GraphST,0.9928752504157076,0.9869929850435556,0.9946563960293576,0.9973553719008263,0.987001550479152,0.9869844197566237,0.9869929850435556,19.135730266571045,856.5962800979614,0.0026446280991735,0.0630853976505941,0.1621682066721244,4
354,SRTsim,sim3,SRTsim_3_9,SEDR,0.9973116516376276,0.9953141095033794,0.9979837413809092,0.99900826446281,0.9953127219185928,0.9953154970920352,0.9953141095033794,23.140101194381717,490.6306467056274,0.00099173553719,0.0629940788348703,0.1629485875901017,4
355,SRTsim,sim3,SRTsim_3_9,SpaceFlow,0.6694952488867485,0.8128898842182996,0.7828651020437676,0.7431404958677686,0.7325523748842159,0.9130187713541144,0.8128898842182994,16.666532278060913,763.7842950820923,0.0254545454545454,0.0630235291094612,0.1848248238532337,4
356,SRTsim,sim3,SRTsim_3_9,SpaGCN,0.9964178749439564,0.9940266461635376,0.9973134124978008,0.9986776859504132,0.9940241825321802,0.994029109807107,0.9940266461635376,31.647220373153687,926.5371990203856,0.0013223140495867,0.0637021114564854,0.1622587026666535,4
357,SRTsim,sim3,SRTsim_3_9,SpatialMGCN,0.9543753565017318,0.943046117125354,0.9657843336060004,0.982809917355372,0.942964010359333,0.943128238191196,0.9430461171253542,66.6398606300354,949.1694927215576,0.0099173553719008,0.0638096132501687,0.159195391685264,4
358,SRTsim,sim3,SRTsim_3_9,STAGATE,0.9928404558554051,0.9879725124214298,0.9946303701904324,0.9973553719008263,0.987967002980661,0.987978021923646,0.9879725124214296,45.0215539932251,763.8057289123535,0.0013223140495867,0.0633897441234199,0.162264213347636,4
359,SRTsim,sim3,SRTsim_3_9,stLearn,0.6902682985431061,0.7562644796119304,0.7678144519599569,0.8307438016528925,0.7558733438000748,0.7566560204292826,0.7562644796119306,7.092848300933838,562.7366237640381,0.1705785123966942,0.0656008246365522,0.0933205869743411,4
360,SRTsim,sim3,SRTsim_3_1,CCST,0.9875208505691236,0.9800965501150256,0.9906406543107864,0.9953719008264464,0.9800947298645446,0.9800983703722678,0.9800965501150256,100.24471187591551,349.4868898391724,0.0046280991735537,0.0629940788348703,0.1623333388289641,5
361,SRTsim,sim3,SRTsim_3_1,DeepST,0.9982065969944758,0.9963522417120172,0.998654947745857,0.9993388429752066,0.9963522417120174,0.9963522417120172,0.9963522417120172,181.85043048858645,233.39556980133057,0.0006611570247933,0.0629940788348703,0.1630363692328215,5
362,SRTsim,sim3,SRTsim_3_1,GraphST,0.998206599085692,0.9966826285374576,0.9986549501000014,0.9993388429752066,0.996682010986031,0.9966832460896496,0.9966826285374578,16.456263542175293,315.1742057800293,0.0006611570247933,0.0630149033237413,0.1630262105283573,5
363,SRTsim,sim3,SRTsim_3_1,SEDR,0.9883878381596848,0.9809675677652993,0.9912909027727872,0.9957024793388428,0.9809646835955366,0.9809704519520214,0.980967567765299,17.275453567504883,230.33447551727292,0.0029752066115702,0.0629940788348703,0.1626602633115027,5
364,SRTsim,sim3,SRTsim_3_1,SpaceFlow,0.6815464755514209,0.829451738067357,0.7919156622153634,0.7451239669421488,0.7433728623654774,0.9380763025856226,0.829451738067357,21.112526178359985,161.03980541229248,0.0181818181818181,0.0629940788348703,0.1395654381782033,5
365,SRTsim,sim3,SRTsim_3_1,SpaGCN,0.99641785823604,0.9933665003996344,0.99731339367703,0.9986776859504132,0.9933665003996344,0.9933665003996344,0.9933665003996344,20.087809562683105,202.30874347686768,0.0013223140495867,0.0638422169945773,0.1622416032046547,5
366,SRTsim,sim3,SRTsim_3_1,SpatialMGCN,0.7034211728530749,0.8458527881151222,0.8091367143273439,0.7484297520661157,0.7438726136349816,0.9802370083593572,0.8458527881151221,58.724039793014526,135.9167022705078,0.0019834710743801,0.0629940788348703,-0.0506098504564266,5
367,SRTsim,sim3,SRTsim_3_1,STAGATE,0.999102715727924,0.9981759656718702,0.999327036894128,0.9996694214876032,0.9981758110528236,0.9981761202909648,0.9981759656718702,40.20487666130066,127.4683713912964,0.0003305785123966,0.0629940788348703,0.1630578689198639,5
368,SRTsim,sim3,SRTsim_3_1,stLearn,0.9692573902858576,0.9597345441983984,0.9769434913173848,0.9884297520661156,0.959714783842306,0.9597543053682326,0.9597345441983988,2.0417592525482178,38.82722282409668,0.0122314049586776,0.0644598050128076,0.1566524914614845,5
369,SRTsim,sim3,SRTsim_3_10,CCST,0.9866425570778384,0.9792607652142672,0.9899820603334664,0.9950413223140496,0.9792460249731584,0.979275505899142,0.9792607652142672,129.36374354362488,744.0250797271729,0.0033057851239669,0.0629940788348703,0.1629212514413245,5
370,SRTsim,sim3,SRTsim_3_10,DeepST,0.998206599085692,0.9966826285374576,0.9986549501000014,0.9993388429752066,0.996682010986031,0.9966832460896496,0.9966826285374578,240.64985728263852,1477.9159326553345,0.0006611570247933,0.0629940788348703,0.1629799558240493,5
371,SRTsim,sim3,SRTsim_3_10,GraphST,0.6230623887785293,0.7777184552444532,0.742588656673466,0.7447933884297521,0.7255569294791394,0.83796089381422,0.7777184552444532,22.02313804626465,963.468828201294,0.0452892561983471,0.0632418487989335,0.1391633177377136,5
372,SRTsim,sim3,SRTsim_3_10,SEDR,0.9973413373073344,0.994537088291456,0.9980059875637836,0.99900826446281,0.9945457191971536,0.9945284575355592,0.994537088291456,18.858648777008057,525.3293495178223,0.00099173553719,0.0629940788348703,0.1629332483816971,5
373,SRTsim,sim3,SRTsim_3_10,SpaceFlow,0.6438640400409734,0.7372050022023853,0.7532027192493191,0.7256198347107438,0.6916345728956859,0.7892040935786454,0.7372050022023853,26.894201040267944,859.117672920227,0.0700826446280991,0.0630357278126124,0.172841481116376,5
374,SRTsim,sim3,SRTsim_3_10,SpaGCN,0.9928543817926664,0.988118237647888,0.9946407894706027,0.9973553719008263,0.9881176254030168,0.9881188498935178,0.988118237647888,32.78053998947144,1042.025104522705,0.0026446280991735,0.0634681222552766,0.1624186279899573,5
375,SRTsim,sim3,SRTsim_3_10,SpatialMGCN,0.9768909834959332,0.9673172954380092,0.98266889814418,0.991404958677686,0.9672785981881324,0.9673559957842788,0.9673172954380094,60.160083532333374,1067.6121616363523,0.0076033057851239,0.063375368446504,0.1596641459239697,5
376,SRTsim,sim3,SRTsim_3_10,STAGATE,0.9910662984665553,0.985343232310698,0.9932997542158898,0.996694214876033,0.9853385036758934,0.9853479609908884,0.985343232310698,46.64440298080444,859.1393575668335,0.0029752066115702,0.0633640666469126,0.1620668433405065,5
377,SRTsim,sim3,SRTsim_3_10,stLearn,0.6677106171569122,0.747047745035571,0.7510012881621755,0.7983471074380165,0.7463546823656797,0.7477420960535592,0.7470477450355709,7.242489576339722,632.7722187042236,0.1950413223140495,0.0648384374644898,0.0896694073965754,5
378,SRTsim,sim3,SRTsim_3_2,CCST,0.9955252392539422,0.9919986042123252,0.9966439299297248,0.9983471074380166,0.9919984505501618,0.9919987578745366,0.9919986042123254,124.29979729652403,372.7616939544678,0.0016528925619834,0.0629940788348703,0.162905515865973,5
379,SRTsim,sim3,SRTsim_3_2,DeepST,1.0,1.0000000000000002,1.0,1.0,1.0000000000000002,1.0,1.0000000000000002,161.1506474018097,268.4842138290405,0.0,0.0629940788348703,0.1630675108301148,5
380,SRTsim,sim3,SRTsim_3_2,GraphST,0.999102715727924,0.9981759656718702,0.999327036894128,0.9996694214876032,0.9981758110528236,0.9981761202909648,0.9981759656718702,15.554556131362917,349.9058952331543,0.0003305785123966,0.0629940788348703,0.1629826524801913,5
381,SRTsim,sim3,SRTsim_3_2,SEDR,0.9982065969944758,0.9963522417120176,0.998654947745857,0.9993388429752066,0.9963522417120176,0.9963522417120176,0.9963522417120176,16.992562532424927,247.53328227996823,0.0006611570247933,0.0629940788348703,0.1630396096962669,5
382,SRTsim,sim3,SRTsim_3_2,SpaceFlow,0.9910925995348656,0.9844190705213016,0.993319504477151,0.996694214876033,0.9844102107169218,0.9844279304851616,0.9844190705213018,22.743194580078125,170.1367130279541,0.0013223140495867,0.0632647971901937,0.1627968221018011,5
383,SRTsim,sim3,SRTsim_3_2,SpaGCN,0.99641785823604,0.9933665003996344,0.99731339367703,0.9986776859504132,0.9933665003996344,0.9933665003996344,0.9933665003996344,21.830363273620605,225.68444156646729,0.0013223140495867,0.0636188135010013,0.1623362435487455,5
384,SRTsim,sim3,SRTsim_3_2,SpatialMGCN,1.0,1.0,1.0,1.0,1.0,1.0,1.0,45.12884569168091,164.9236183166504,0.0,0.0629940788348703,0.1630675108301148,5
385,SRTsim,sim3,SRTsim_3_2,STAGATE,0.999102715727924,0.9981759656718702,0.999327036894128,0.9996694214876032,0.9981758110528236,0.9981761202909648,0.9981759656718702,28.972331047058105,143.2250938415527,0.0003305785123966,0.0629940788348703,0.1630760814155991,5
386,SRTsim,sim3,SRTsim_3_2,stLearn,0.9787870042415496,0.970494517783946,0.9840902531811624,0.9920661157024794,0.970494517783946,0.970494517783946,0.970494517783946,2.377970933914185,73.64737319946289,0.0079338842975206,0.064533304645969,0.1584277628359982,5
387,SRTsim,sim3,SRTsim_3_3,CCST,0.9946285380125824,0.990174724785812,0.9959714040967308,0.99801652892562,0.9901745714061704,0.9901748781655014,0.990174724785812,111.60603880882265,419.1225929260254,0.0016528925619834,0.0629940788348703,0.1629035490697645,5
388,SRTsim,sim3,SRTsim_3_3,DeepST,1.0,1.0000000000000002,1.0,1.0,1.0000000000000002,1.0,1.0000000000000002,168.5020673274994,397.6204957962036,0.0,0.0629940788348703,0.1630675108301148,5
389,SRTsim,sim3,SRTsim_3_3,GraphST,0.6174151596358647,0.7909742358012807,0.7383205903304376,0.7454545454545455,0.7406031125430836,0.8486972352335195,0.7909742358012807,14.077636003494264,419.369875907898,0.04,0.0633141284965175,0.1466261835008165,5
390,SRTsim,sim3,SRTsim_3_3,SEDR,0.9973116453680688,0.9948592153579175,0.9979837343200332,0.99900826446281,0.9948590612526406,0.9948593694632422,0.9948592153579174,21.312906980514526,282.26099014282227,0.00099173553719,0.0629940788348703,0.1629731051032147,5
391,SRTsim,sim3,SRTsim_3_3,SpaceFlow,0.6804825597485334,0.8276855805384731,0.7912117576711716,0.7447933884297521,0.7417139451586555,0.9361999799878322,0.8276855805384731,12.96960973739624,222.2639284133911,0.0185123966942148,0.0629940788348703,0.1395227823360584,5
392,SRTsim,sim3,SRTsim_3_3,SpaGCN,0.9982065969944758,0.9963522417120172,0.998654947745857,0.9993388429752066,0.9963522417120174,0.9963522417120172,0.9963522417120172,21.709512948989868,272.4408950805664,0.0006611570247933,0.0632647971901937,0.1629483541544494,5
393,SRTsim,sim3,SRTsim_3_3,SpatialMGCN,0.9919547872921904,0.9860283472444994,0.9939661019184928,0.9970247933884298,0.986026362842278,0.9860303316547082,0.9860283472444996,40.29396963119507,238.1351528167725,0.0029752066115702,0.0637399423438756,0.162377404098001,5
394,SRTsim,sim3,SRTsim_3_3,STAGATE,0.999102715727924,0.9981759656718704,0.999327036894128,0.9996694214876032,0.9981758110528236,0.998176120290965,0.9981759656718704,36.9456090927124,191.6167669296265,0.0003305785123966,0.0629940788348703,0.1630134597692,5
395,SRTsim,sim3,SRTsim_3_3,stLearn,0.9840273044706174,0.9766534167087092,0.9880204853388932,0.9940495867768596,0.9766528115675204,0.9766540218506484,0.9766534167087092,3.0283358097076416,143.28813648223877,0.0059504132231404,0.0641220004499581,0.159254998704096,5
396,SRTsim,sim3,SRTsim_3_4,CCST,0.99823805395333,0.9963609506807056,0.9986785307070803,0.9993388429752066,0.9963692885379588,0.9963526129629976,0.9963609506807056,110.13642930984496,465.4590244293213,0.00099173553719,0.0629940788348703,0.1630545503219421,5
397,SRTsim,sim3,SRTsim_3_4,DeepST,0.998206599085692,0.9966826285374576,0.9986549501000014,0.9993388429752066,0.996682010986031,0.9966832460896496,0.9966826285374578,219.0407326221466,549.2954273223877,0.0006611570247933,0.0629940788348703,0.163170312247317,5
398,SRTsim,sim3,SRTsim_3_4,GraphST,1.0,1.0,1.0,1.0,1.0,1.0,1.0,18.177274465560917,488.7700595855713,0.0,0.0629940788348703,0.1630675108301148,5
399,SRTsim,sim3,SRTsim_3_4,SEDR,0.9982065969944758,0.9963522417120176,0.998654947745857,0.9993388429752066,0.9963522417120176,0.9963522417120176,0.9963522417120176,18.564192295074463,316.956995010376,0.0006611570247933,0.0629940788348703,0.16303406604307,5
400,SRTsim,sim3,SRTsim_3_4,SpaceFlow,0.6047700275804938,0.7036614665889981,0.7295523612990036,0.71900826446281,0.6416426942933183,0.7789520448646907,0.7036614665889982,28.58695268630981,286.92864322662354,0.0571900826446281,0.0630357278126124,0.1562277607022505,5
401,SRTsim,sim3,SRTsim_3_4,SpaGCN,0.999102715727924,0.9981759656718704,0.999327036894128,0.9996694214876032,0.9981758110528236,0.998176120290965,0.9981759656718704,22.658315896987915,348.540418624878,0.0003305785123966,0.0632647971901937,0.1629388214726512,5
402,SRTsim,sim3,SRTsim_3_4,SpatialMGCN,1.0,1.0,1.0,1.0,1.0,1.0,1.0,50.00301337242127,356.5777416229248,0.0,0.0629940788348703,0.1630675108301148,5
403,SRTsim,sim3,SRTsim_3_4,STAGATE,1.0,1.0,1.0,1.0,1.0,1.0,1.0,46.54350137710571,286.9494228363037,0.0,0.0629940788348703,0.1630675108301148,5
404,SRTsim,sim3,SRTsim_3_4,stLearn,0.9831509953354628,0.9755814259701612,0.987363248343595,0.9937190082644628,0.9755812748510446,0.9755815770893246,0.9755814259701612,3.4467556476593018,212.8661365509033,0.0062809917355371,0.0642547343324999,0.15910411519982,5
405,SRTsim,sim3,SRTsim_3_5,CCST,0.9866383708117372,0.9779271738145646,0.9899788808163426,0.9950413223140496,0.9779162506922344,0.9779380971809156,0.9779271738145646,115.34607529640198,511.9813423156738,0.0039669421487603,0.0629940788348703,0.162737823949413,5
406,SRTsim,sim3,SRTsim_3_5,DeepST,1.0,1.0000000000000002,1.0,1.0,1.0000000000000002,1.0,1.0000000000000002,207.63543701171875,704.0658311843872,0.0,0.0629940788348703,0.1630675108301148,5
407,SRTsim,sim3,SRTsim_3_5,GraphST,0.999102715727924,0.9981759656718702,0.999327036894128,0.9996694214876032,0.9981758110528236,0.9981761202909648,0.9981759656718702,17.34688138961792,535.1597013473511,0.0003305785123966,0.0629940788348703,0.1630522341784672,5
408,SRTsim,sim3,SRTsim_3_5,SEDR,0.99820484947176,0.9963517755135356,0.9986536376934068,0.9993388429752066,0.996351312704282,0.996352238323219,0.9963517755135356,23.620315313339237,351.71604919433594,0.0006611570247933,0.0629940788348703,0.1630173951516395,5
409,SRTsim,sim3,SRTsim_3_5,SpaceFlow,0.6508209679212553,0.7878748376636384,0.7668407029505512,0.7272727272727273,0.7205553387160037,0.8690696161432948,0.7878748376636384,19.279480457305908,382.3248987197876,0.0429752066115702,0.0630149033237413,0.1772827497761807,5
410,SRTsim,sim3,SRTsim_3_5,SpaGCN,0.998206599085692,0.9966826285374576,0.9986549501000014,0.9993388429752066,0.996682010986031,0.9966832460896496,0.9966826285374578,24.09496378898621,464.2071056365967,0.0006611570247933,0.0635355155455171,0.1626261338675774,5
411,SRTsim,sim3,SRTsim_3_5,SpatialMGCN,0.9937435849299164,0.9904810680327004,0.9953077224382668,0.9976859504132232,0.9904735500036084,0.9904885861759222,0.9904810680327004,49.27533197402954,475.14674949646,0.0016528925619834,0.0629940788348703,0.1628277212290168,5
412,SRTsim,sim3,SRTsim_3_5,STAGATE,0.999102715727924,0.9981759656718702,0.999327036894128,0.9996694214876032,0.9981758110528236,0.9981761202909648,0.9981759656718702,42.68253612518311,382.3457021713257,0.0003305785123966,0.0629940788348703,0.1630331633192764,5
413,SRTsim,sim3,SRTsim_3_5,stLearn,0.9709704191655518,0.9611105520906555,0.9782278556447688,0.9890909090909092,0.9611086178360068,0.96111248635309,0.9611105520906558,4.161656856536865,282.7940263748169,0.0109090909090909,0.0645059102877931,0.1574625916577046,5
414,SRTsim,sim3,SRTsim_3_6,CCST,0.994629138265874,0.9907105118871378,0.9959718607586808,0.99801652892562,0.9907086687353774,0.9907123550457564,0.990710511887138,130.22156620025635,558.3079690933228,0.00099173553719,0.0629940788348703,0.1630498191523549,5
415,SRTsim,sim3,SRTsim_3_6,DeepST,0.995522922792719,0.99220323204844,0.9966421984731494,0.9983471074380166,0.9922012352191364,0.9922052288857808,0.99220323204844,231.71343183517456,858.785756111145,0.0016528925619834,0.0629940788348703,0.1630859778019714,5
416,SRTsim,sim3,SRTsim_3_6,GraphST,0.9946256275591382,0.9898435570277112,0.995969223020942,0.99801652892562,0.9898429437138202,0.9898441703423622,0.9898435570277112,18.88063383102417,581.425518989563,0.0019834710743801,0.06301133040631,0.1626694362355285,5
417,SRTsim,sim3,SRTsim_3_6,SEDR,0.9964126245531448,0.9934896053867776,0.997309473529098,0.9986776859504132,0.9934876059686216,0.9934916048129816,0.9934896053867776,27.3325879573822,386.4128503799439,0.0006611570247933,0.0629940788348703,0.1629942116614123,5
418,SRTsim,sim3,SRTsim_3_6,SpaceFlow,0.657507156895662,0.8092687856242466,0.772293247813701,0.7441322314049587,0.7387809222362068,0.8946259905959755,0.8092687856242466,18.79338526725769,477.6581964492798,0.0416528925619834,0.0630149033237413,0.1804534527712997,5
419,SRTsim,sim3,SRTsim_3_6,SpaGCN,0.9973116516376276,0.9953141095033792,0.9979837413809092,0.99900826446281,0.9953127219185924,0.9953154970920348,0.9953141095033792,24.474366664886475,579.6947231292725,0.00099173553719,0.063515490817193,0.1626798718419037,5
420,SRTsim,sim3,SRTsim_3_6,SpatialMGCN,0.9919466389767398,0.9861668740642116,0.9939599959939336,0.9970247933884298,0.9861639746078252,0.9861697735376472,0.9861668740642116,64.6703450679779,593.58913230896,0.0016528925619834,0.0629940788348703,0.1628013966289342,5
421,SRTsim,sim3,SRTsim_3_6,STAGATE,0.9937434973855443,0.989344493005427,0.9953076237232036,0.9976859504132232,0.9893443397543894,0.989344646256512,0.989344493005427,42.67001509666443,477.6791696548462,0.0023140495867768,0.0629940788348703,0.1627559313962425,5
422,SRTsim,sim3,SRTsim_3_6,stLearn,0.9718655568207192,0.9630075086987256,0.978899278457014,0.9894214876033058,0.9630021384756046,0.9630128789817414,0.9630075086987256,4.95178747177124,352.6017141342163,0.0105785123966942,0.0645299567286675,0.1565580266132256,5
423,SRTsim,sim3,SRTsim_3_7,CCST,0.9928503193393818,0.9876622408047352,0.9946377496812304,0.9973553719008263,0.9876602507299772,0.9876642308875128,0.987662240804735,129.916410446167,604.6460151672363,0.0019834710743801,0.0629940788348703,0.1628927625500561,5
424,SRTsim,sim3,SRTsim_3_7,DeepST,0.9973116516376276,0.9953141095033796,0.9979837413809092,0.99900826446281,0.9953127219185928,0.9953154970920352,0.9953141095033796,218.89043831825256,1013.5053377151488,0.0003305785123966,0.0629940788348703,0.1629731820539666,5
425,SRTsim,sim3,SRTsim_3_7,GraphST,0.99820484947176,0.9963517755135356,0.9986536376934068,0.9993388429752066,0.996351312704282,0.996352238323219,0.9963517755135356,20.5199933052063,642.598611831665,0.0006611570247933,0.0629940788348703,0.1630247552168272,5
426,SRTsim,sim3,SRTsim_3_7,SEDR,0.9964178749439564,0.9940266461635378,0.9973134124978008,0.9986776859504132,0.9940241825321802,0.9940291098071072,0.9940266461635376,22.02068257331848,421.1105365753174,0.00099173553719,0.0629940788348703,0.1628791817587732,5
427,SRTsim,sim3,SRTsim_3_7,SpaceFlow,0.6753161136167142,0.8227148893136131,0.7867382446730363,0.7447933884297521,0.7420965638563706,0.9229840937332816,0.8227148893136133,17.697609663009644,572.9921197891235,0.024793388429752,0.0630149033237413,0.1860562144945091,5
428,SRTsim,sim3,SRTsim_3_7,SpaGCN,0.9964178624130338,0.9934910073696288,0.9973133983776706,0.9986776859504132,0.9934903917957526,0.9934916229442678,0.9934910073696288,26.464651584625244,695.1824550628662,0.0013223140495867,0.063515490817193,0.1626899195145323,5
429,SRTsim,sim3,SRTsim_3_7,SpatialMGCN,0.9822324600565588,0.9736027720484988,0.9866744677794008,0.993388429752066,0.973593286553385,0.9736122577284446,0.9736027720484988,60.14322781562805,712.0323696136475,0.0039669421487603,0.0630841354890108,0.1615751972218115,5
430,SRTsim,sim3,SRTsim_3_7,STAGATE,0.995519416783734,0.9916666591251662,0.9966395660211268,0.9983471074380166,0.9916655844466254,0.991667733806036,0.9916666591251662,44.08834719657898,573.0129613876343,0.0016528925619834,0.0632231482124517,0.1626740802154711,5
431,SRTsim,sim3,SRTsim_3_7,stLearn,0.9565358965546292,0.9464417403595105,0.9674020222356936,0.9834710743801652,0.946438659726212,0.9464448210128632,0.9464417403595102,5.63853120803833,422.41149711608887,0.0165289256198347,0.0649510258068722,0.1532964040431448,5
432,SRTsim,sim3,SRTsim_3_8,CCST,0.9866166079412402,0.9786042705755263,0.989962486721426,0.9950413223140496,0.9786010852543668,0.9786074559174222,0.9786042705755262,125.74663615226746,651.350456237793,0.0033057851239669,0.0629940788348703,0.1628602964859677,5
433,SRTsim,sim3,SRTsim_3_8,DeepST,0.9973116453680688,0.9948592153579174,0.9979837343200332,0.99900826446281,0.9948590612526406,0.994859369463242,0.9948592153579174,250.8756468296051,1168.4770784378052,0.00099173553719,0.0629940788348703,0.1629108950599273,5
434,SRTsim,sim3,SRTsim_3_8,GraphST,0.6351828494849141,0.7885931612607843,0.7533112927934492,0.7444628099173554,0.7307095493220406,0.8564362956998217,0.7885931612607844,20.095645904541016,749.7227954864502,0.029090909090909,0.0631652036046026,0.1647581867254017,5
435,SRTsim,sim3,SRTsim_3_8,SEDR,0.9892940004600028,0.9836191633249228,0.9919705744521348,0.9960330578512396,0.9836095481858328,0.9836287786519972,0.9836191633249228,24.20127820968628,455.9327774047852,0.0026446280991735,0.0629940788348703,0.1629510806892514,5
436,SRTsim,sim3,SRTsim_3_8,SpaceFlow,0.6710513616548973,0.8162112839485333,0.7839952725047084,0.7434710743801652,0.7355104807944269,0.9168037284515788,0.8162112839485333,20.30178046226501,668.4509210586548,0.0251239669421487,0.0630149033237413,0.1851761314961432,5
437,SRTsim,sim3,SRTsim_3_8,SpaGCN,0.9955252392539422,0.9919986042123252,0.9966439299297248,0.9983471074380166,0.9919984505501618,0.9919987578745366,0.9919986042123254,33.50790739059448,811.0484142303467,0.0016528925619834,0.0635355155455171,0.162500147340764,5
438,SRTsim,sim3,SRTsim_3_8,SpatialMGCN,0.9830826415612454,0.9739166609496208,0.9873121502391076,0.9937190082644628,0.9739029234120316,0.9739303988747696,0.9739166609496208,51.594281911849976,830.7267827987671,0.0033057851239669,0.0629940788348703,0.1623339949689441,5
439,SRTsim,sim3,SRTsim_3_8,STAGATE,0.9955252392539422,0.9919986042123252,0.9966439299297248,0.9983471074380166,0.9919984505501616,0.9919987578745364,0.9919986042123252,44.58661651611328,668.482720375061,0.0016528925619834,0.0629940788348703,0.1629245928001353,5
440,SRTsim,sim3,SRTsim_3_8,stLearn,0.8207366537923914,0.8436924704024721,0.8656666101670452,0.9219834710743802,0.842945726179032,0.8444405388425099,0.8436924704024721,6.796298027038574,492.6995611190796,0.0816528925619834,0.0651135126697178,0.1235921684926223,5
441,SRTsim,sim3,SRTsim_3_9,CCST,0.9822201388876742,0.973297917004644,0.986665197676996,0.993388429752066,0.9732906927016064,0.9733051414149276,0.973297917004644,138.67336630821228,697.6836204528809,0.004297520661157,0.0629940788348703,0.1621804574802082,5
442,SRTsim,sim3,SRTsim_3_9,DeepST,0.9937435849299164,0.9904810680327004,0.9953077224382668,0.9976859504132232,0.9904735500036084,0.9904885861759222,0.9904810680327004,245.15751314163208,1323.1953630447388,0.0013223140495867,0.0629940788348703,0.1626830736085478,5
443,SRTsim,sim3,SRTsim_3_9,GraphST,0.9928752504157076,0.9869929850435556,0.9946563960293576,0.9973553719008263,0.987001550479152,0.9869844197566237,0.9869929850435556,21.15092706680298,856.595682144165,0.0026446280991735,0.0630853976505941,0.1621682066721244,5
444,SRTsim,sim3,SRTsim_3_9,SEDR,0.992845069995528,0.9876608453871536,0.9946338118962664,0.9973553719008263,0.9876590110881464,0.9876626796929744,0.9876608453871536,20.580722093582157,490.6304483413696,0.0023140495867768,0.0629940788348703,0.1627470768710454,5
445,SRTsim,sim3,SRTsim_3_9,SpaceFlow,0.6338423677543202,0.7375316221880454,0.7508289827551331,0.7348760330578512,0.6763666521941595,0.8108589566961917,0.7375316221880455,20.224027395248413,763.7842950820923,0.0595041322314049,0.0630357278126124,0.1347709859907538,5
446,SRTsim,sim3,SRTsim_3_9,SpaGCN,0.9964178749439564,0.9940266461635376,0.9973134124978008,0.9986776859504132,0.9940241825321802,0.994029109807107,0.9940266461635376,30.12774682044983,926.5370922088624,0.0013223140495867,0.0637021114564854,0.1622587026666535,5
447,SRTsim,sim3,SRTsim_3_9,SpatialMGCN,0.9543753565017318,0.943046117125354,0.9657843336060004,0.982809917355372,0.942964010359333,0.943128238191196,0.9430461171253542,70.45321989059448,949.1694622039796,0.0099173553719008,0.0638096132501687,0.159195391685264,5
448,SRTsim,sim3,SRTsim_3_9,STAGATE,0.9928404558554051,0.9879725124214296,0.9946303701904324,0.9973553719008263,0.9879670029806608,0.9879780219236458,0.9879725124214296,45.55554223060608,763.8056707382202,0.0013223140495867,0.0633897441234199,0.162264213347636,5
449,SRTsim,sim3,SRTsim_3_9,stLearn,0.6553106901767748,0.7378253569087077,0.7414853163666616,0.7745454545454545,0.737818398440714,0.737832315507955,0.7378253569087077,7.172209978103638,562.7357387542725,0.2039669421487603,0.0644772515585779,0.0859424436250934,5
450,SRTsim,sim3,SRTsim_3_1,BASS,1.0,1.0,1.0,1.0,1.0,1.0,1.0,565.8686299324036,900.8,0.0,0.06299407883487043,0.1630675108301148,1
451,SRTsim,sim3,SRTsim_3_10,BASS,0.9955194089467813,0.9912117667109894,0.9966395571999915,0.9983471074380166,0.9912116131707082,0.9912119202513182,0.9912117667109894,560.6729898452759,992.0,0.0019834710743801653,0.06324715773271812,0.1629610244460527,1
452,SRTsim,sim3,SRTsim_3_2,BASS,1.0,1.0,1.0,1.0,1.0,1.0,1.0,647.9881799221039,1084.5,0.0,0.06299407883487043,0.1630675108301148,1
453,SRTsim,sim3,SRTsim_3_3,BASS,1.0,1.0000000000000002,1.0,1.0,1.0000000000000002,1.0,1.0000000000000002,555.7272601127625,959.9,0.0,0.06299407883487043,0.1630675108301148,1
454,SRTsim,sim3,SRTsim_3_4,BASS,1.0,1.0,1.0,1.0,1.0,1.0,1.0,584.0435900688171,895.0,0.0,0.06299407883487043,0.1630675108301148,1
455,SRTsim,sim3,SRTsim_3_5,BASS,0.9964178624130338,0.9934910073696285,0.9973133983776706,0.9986776859504132,0.9934903917957523,0.9934916229442677,0.9934910073696285,343.64575004577637,883.6,0.0009917355371900827,0.06299407883487045,0.1629245432520794,1
456,SRTsim,sim3,SRTsim_3_6,BASS,0.9955252392539422,0.9919986042123252,0.9966439299297248,0.9983471074380166,0.9919984505501616,0.9919987578745364,0.9919986042123252,414.31145000457764,872.0,0.001652892561983471,0.06299407883487045,0.1628813918101798,1
457,SRTsim,sim3,SRTsim_3_7,BASS,0.9982065969944758,0.9963522417120174,0.998654947745857,0.9993388429752066,0.9963522417120174,0.9963522417120174,0.9963522417120174,669.6654098033905,1057.4,0.0006611570247933885,0.06326479719019386,0.1627566060720324,1
458,SRTsim,sim3,SRTsim_3_8,BASS,0.9982060144865642,0.9963520862453572,0.998654511061134,0.9993388429752066,0.9963519319088323,0.99635224058193,0.9963520862453572,641.6416399478912,987.8,0.0006611570247933885,0.06299407883487045,0.16299136206506132,1
459,SRTsim,sim3,SRTsim_3_9,BASS,0.9946273750835556,0.9897195148668916,0.9959705330754999,0.9980165289256199,0.9897190547401425,0.9897199749940686,0.9897195148668917,633.6747801303864,976.3,0.0019834710743801653,0.06299407883487045,0.16289886361798034,1
460,SRTsim,sim3,SRTsim_3_1,BASS,1.0,1.0,1.0,1.0,1.0,1.0,1.0,325.0970001220703,1063.0,0.0,0.06299407883487043,0.1630675108301148,2
461,SRTsim,sim3,SRTsim_3_10,BASS,0.9955194089467813,0.9912117667109894,0.9966395571999915,0.9983471074380166,0.9912116131707082,0.9912119202513182,0.9912117667109894,735.601350069046,908.1,0.0019834710743801653,0.06324715773271812,0.1629610244460527,2
462,SRTsim,sim3,SRTsim_3_2,BASS,1.0,1.0,1.0,1.0,1.0,1.0,1.0,451.5102300643921,1000.6,0.0,0.06299407883487043,0.1630675108301148,2
463,SRTsim,sim3,SRTsim_3_3,BASS,1.0,1.0000000000000002,1.0,1.0,1.0000000000000002,1.0,1.0000000000000002,628.1926701068878,882.6,0.0,0.06299407883487043,0.1630675108301148,2
464,SRTsim,sim3,SRTsim_3_4,BASS,1.0,1.0,1.0,1.0,1.0,1.0,1.0,612.9153499603271,871.0,0.0,0.06299407883487043,0.1630675108301148,2
465,SRTsim,sim3,SRTsim_3_5,BASS,0.9964178624130338,0.9934910073696285,0.9973133983776706,0.9986776859504132,0.9934903917957523,0.9934916229442677,0.9934910073696285,682.761500120163,859.5,0.0009917355371900827,0.06299407883487045,0.1629245432520794,2
466,SRTsim,sim3,SRTsim_3_6,BASS,0.9955252392539422,0.9919986042123252,0.9966439299297248,0.9983471074380166,0.9919984505501616,0.9919987578745364,0.9919986042123252,514.8023200035095,847.9,0.001652892561983471,0.06299407883487045,0.1628813918101798,2
467,SRTsim,sim3,SRTsim_3_7,BASS,0.9982065969944758,0.9963522417120174,0.998654947745857,0.9993388429752066,0.9963522417120174,0.9963522417120174,0.9963522417120174,600.3785898685455,836.4,0.0006611570247933885,0.06326479719019386,0.1627566060720324,2
468,SRTsim,sim3,SRTsim_3_8,BASS,0.9982060144865642,0.9963520862453572,0.998654511061134,0.9993388429752066,0.9963519319088323,0.99635224058193,0.9963520862453572,720.1154100894928,808.1,0.0006611570247933885,0.06299407883487045,0.16299136206506132,2
469,SRTsim,sim3,SRTsim_3_9,BASS,0.9946273750835556,0.9897195148668916,0.9959705330754999,0.9980165289256199,0.9897190547401425,0.9897199749940686,0.9897195148668917,619.9937899112701,949.7,0.0019834710743801653,0.06299407883487045,0.16289886361798034,2
470,SRTsim,sim3,SRTsim_3_1,BASS,1.0,1.0,1.0,1.0,1.0,1.0,1.0,564.0465800762177,1036.4,0.0,0.06299407883487043,0.1630675108301148,3
471,SRTsim,sim3,SRTsim_3_10,BASS,0.9955194089467813,0.9912117667109894,0.9966395571999915,0.9983471074380166,0.9912116131707082,0.9912119202513182,0.9912117667109894,584.2142701148987,882.7,0.0019834710743801653,0.06324715773271812,0.1629610244460527,3
472,SRTsim,sim3,SRTsim_3_2,BASS,1.0,1.0,1.0,1.0,1.0,1.0,1.0,429.9826798439026,975.2,0.0,0.06299407883487043,0.1630675108301148,3
473,SRTsim,sim3,SRTsim_3_3,BASS,1.0,1.0000000000000002,1.0,1.0,1.0000000000000002,1.0,1.0000000000000002,669.7560501098633,910.3,0.0,0.06299407883487043,0.1630675108301148,3
474,SRTsim,sim3,SRTsim_3_4,BASS,1.0,1.0,1.0,1.0,1.0,1.0,1.0,399.11598014831543,898.7,0.0,0.06299407883487043,0.1630675108301148,3
475,SRTsim,sim3,SRTsim_3_5,BASS,0.9964178624130338,0.9934910073696285,0.9973133983776706,0.9986776859504132,0.9934903917957523,0.9934916229442677,0.9934910073696285,517.1461901664734,887.2,0.0009917355371900827,0.06299407883487045,0.1629245432520794,3
476,SRTsim,sim3,SRTsim_3_6,BASS,0.9955252392539422,0.9919986042123252,0.9966439299297248,0.9983471074380166,0.9919984505501616,0.9919987578745364,0.9919986042123252,456.0459599494934,875.7,0.001652892561983471,0.06299407883487045,0.1628813918101798,3
477,SRTsim,sim3,SRTsim_3_7,BASS,0.9982065969944758,0.9963522417120174,0.998654947745857,0.9993388429752066,0.9963522417120174,0.9963522417120174,0.9963522417120174,550.5538699626923,864.1,0.0006611570247933885,0.06326479719019386,0.1627566060720324,3
478,SRTsim,sim3,SRTsim_3_8,BASS,0.9982060144865642,0.9963520862453572,0.998654511061134,0.9993388429752066,0.9963519319088323,0.99635224058193,0.9963520862453572,771.8708600997925,1112.7,0.0006611570247933885,0.06299407883487045,0.16299136206506132,3
479,SRTsim,sim3,SRTsim_3_9,BASS,0.9946273750835556,0.9897195148668916,0.9959705330754999,0.9980165289256199,0.9897190547401425,0.9897199749940686,0.9897195148668917,768.247750043869,980.4,0.0019834710743801653,0.06299407883487045,0.16289886361798034,3
480,SRTsim,sim3,SRTsim_3_1,BASS,1.0,1.0,1.0,1.0,1.0,1.0,1.0,436.97819995880127,1067.1,0.0,0.06299407883487043,0.1630675108301148,4
481,SRTsim,sim3,SRTsim_3_10,BASS,0.9955194089467813,0.9912117667109894,0.9966395571999915,0.9983471074380166,0.9912116131707082,0.9912119202513182,0.9912117667109894,754.2684900760651,912.2,0.0019834710743801653,0.06324715773271812,0.1629610244460527,4
482,SRTsim,sim3,SRTsim_3_2,BASS,1.0,1.0,1.0,1.0,1.0,1.0,1.0,728.595400094986,1004.7,0.0,0.06299407883487043,0.1630675108301148,4
483,SRTsim,sim3,SRTsim_3_3,BASS,1.0,1.0000000000000002,1.0,1.0,1.0000000000000002,1.0,1.0000000000000002,572.7522101402283,938.5,0.0,0.06299407883487043,0.1630675108301148,4
484,SRTsim,sim3,SRTsim_3_4,BASS,1.0,1.0,1.0,1.0,1.0,1.0,1.0,645.8511497974396,927.0,0.0,0.06299407883487043,0.1630675108301148,4
485,SRTsim,sim3,SRTsim_3_5,BASS,0.9964178624130338,0.9934910073696285,0.9973133983776706,0.9986776859504132,0.9934903917957523,0.9934916229442677,0.9934910073696285,631.3034901618958,915.5,0.0009917355371900827,0.06299407883487045,0.1629245432520794,4
486,SRTsim,sim3,SRTsim_3_6,BASS,0.9955252392539422,0.9919986042123252,0.9966439299297248,0.9983471074380166,0.9919984505501616,0.9919987578745364,0.9919986042123252,763.3956098556519,904.0,0.001652892561983471,0.06299407883487045,0.1628813918101798,4
487,SRTsim,sim3,SRTsim_3_7,BASS,0.9982065969944758,0.9963522417120174,0.998654947745857,0.9993388429752066,0.9963522417120174,0.9963522417120174,0.9963522417120174,658.788740158081,892.4,0.0006611570247933885,0.06326479719019386,0.1627566060720324,4
488,SRTsim,sim3,SRTsim_3_8,BASS,0.9982060144865642,0.9963520862453572,0.998654511061134,0.9993388429752066,0.9963519319088323,0.99635224058193,0.9963520862453572,739.1421301364899,1018.1,0.0006611570247933885,0.06299407883487045,0.16299136206506132,4
489,SRTsim,sim3,SRTsim_3_9,BASS,0.9946273750835556,0.9897195148668916,0.9959705330754999,0.9980165289256199,0.9897190547401425,0.9897199749940686,0.9897195148668917,655.4462900161743,898.3,0.0019834710743801653,0.06299407883487045,0.16289886361798034,4
490,SRTsim,sim3,SRTsim_3_1,BASS,1.0,1.0,1.0,1.0,1.0,1.0,1.0,660.860209941864,985.0,0.0,0.06299407883487043,0.1630675108301148,5
491,SRTsim,sim3,SRTsim_3_10,BASS,0.9955194089467813,0.9912117667109894,0.9966395571999915,0.9983471074380166,0.9912116131707082,0.9912119202513182,0.9912117667109894,579.8340001106262,1032.5,0.0019834710743801653,0.06324715773271812,0.1629610244460527,5
492,SRTsim,sim3,SRTsim_3_2,BASS,1.0,1.0,1.0,1.0,1.0,1.0,1.0,613.7976400852203,1125.0,0.0,0.06299407883487043,0.1630675108301148,5
493,SRTsim,sim3,SRTsim_3_3,BASS,1.0,1.0000000000000002,1.0,1.0,1.0000000000000002,1.0,1.0000000000000002,706.4249999523163,1054.1,0.0,0.06299407883487043,0.1630675108301148,5
494,SRTsim,sim3,SRTsim_3_4,BASS,1.0,1.0,1.0,1.0,1.0,1.0,1.0,541.3116900920868,985.5,0.0,0.06299407883487043,0.1630675108301148,5
495,SRTsim,sim3,SRTsim_3_5,BASS,0.9964178624130338,0.9934910073696285,0.9973133983776706,0.9986776859504132,0.9934903917957523,0.9934916229442677,0.9934910073696285,662.6229200363159,866.8,0.0009917355371900827,0.06299407883487045,0.1629245432520794,5
496,SRTsim,sim3,SRTsim_3_6,BASS,0.9955252392539422,0.9919986042123252,0.9966439299297248,0.9983471074380166,0.9919984505501616,0.9919987578745364,0.9919986042123252,453.31022000312805,1111.3,0.001652892561983471,0.06299407883487045,0.1628813918101798,5
497,SRTsim,sim3,SRTsim_3_7,BASS,0.9982065969944758,0.9963522417120174,0.998654947745857,0.9993388429752066,0.9963522417120174,0.9963522417120174,0.9963522417120174,700.1289801597595,805.8,0.0006611570247933885,0.06326479719019386,0.1627566060720324,5
498,SRTsim,sim3,SRTsim_3_8,BASS,0.9982060144865642,0.9963520862453572,0.998654511061134,0.9993388429752066,0.9963519319088323,0.99635224058193,0.9963520862453572,606.4262099266052,1027.6,0.0006611570247933885,0.06299407883487045,0.16299136206506132,5
499,SRTsim,sim3,SRTsim_3_9,BASS,0.9946273750835556,0.9897195148668916,0.9959705330754999,0.9980165289256199,0.9897190547401425,0.9897199749940686,0.9897195148668917,645.0289599895477,1016.0,0.0019834710743801653,0.06299407883487045,0.16289886361798034,5
500,SRTsim,sim3,SRTsim_3_1,BayesSpace,0.9982060144865642,0.9963520862453572,0.998654511061134,0.9993388429752066,0.9963519319088323,0.99635224058193,0.9963520862453572,1485.6472098827362,5989.8,0.0006611570247933885,0.06311902576809664,0.16283572119092501,1
501,SRTsim,sim3,SRTsim_3_10,BayesSpace,0.6991320402945116,0.8329383985062284,0.8047391372259837,0.751404958677686,0.73729096331951,0.957101454771273,0.8329383985062284,1477.693729877472,7289.1,0.009917355371900827,0.06417921834070642,0.03190730397433625,1
502,SRTsim,sim3,SRTsim_3_2,BayesSpace,0.9928380569468923,0.9868581244754979,0.9946285458434108,0.9973553719008265,0.9868575130114017,0.9868587359403519,0.986858124475498,1466.2968502044678,5989.3,0.0029752066115702478,0.06334809514567799,0.16259644191775258,1
503,SRTsim,sim3,SRTsim_3_3,BayesSpace,0.9946198348986613,0.990708016897518,0.9959648927166562,0.9980165289256199,0.9907037247052652,0.9907123091269623,0.990708016897518,1486.4166798591614,5989.3,0.0019834710743801653,0.06345221759003315,0.16230910596432727,1
504,SRTsim,sim3,SRTsim_3_4,BayesSpace,0.9937260759639795,0.9894805070010843,0.9952945838655844,0.9976859504132232,0.9894745362922217,0.9894864777820044,0.9894805070010843,1481.7502701282501,5989.3,0.0023140495867768596,0.06328562167906489,0.1622104011745026,1
505,SRTsim,sim3,SRTsim_3_5,BayesSpace,0.7007157385525788,0.8440015505848042,0.807708442765489,0.7454545454545455,0.7411717908121934,0.9799607581478808,0.8440015505848043,1488.5013499259949,5989.3,0.0036363636363636364,0.06353723903290841,0.1786234295526804,1
506,SRTsim,sim3,SRTsim_3_6,BayesSpace,0.9839580501407861,0.9743390543293619,0.987968592059655,0.9940495867768595,0.974334378503302,0.9743437302003006,0.9743390543293619,1473.421730041504,7261.2,0.0059504132231404955,0.06351594007797971,0.16103070903487926,1
507,SRTsim,sim3,SRTsim_3_7,BayesSpace,0.9875109063119744,0.9792897207682184,0.9906331838306869,0.9953719008264463,0.9792892658843554,0.9792901756525041,0.9792897207682185,1480.169750213623,5989.3,0.004628099173553719,0.06386970635113008,0.16155529249327866,1
508,SRTsim,sim3,SRTsim_3_8,BayesSpace,0.9892792405681746,0.9814865988153149,0.9919594351155404,0.9960330578512396,0.981485990679453,0.9814872069519306,0.981486598815315,1477.2533898353577,5989.3,0.003966942148760331,0.06432351511669937,0.16155584687949276,1
509,SRTsim,sim3,SRTsim_3_9,BayesSpace,0.9839580501407861,0.9743390543293619,0.987968592059655,0.9940495867768595,0.974334378503302,0.9743437302003006,0.9743390543293619,1474.2845199108124,5989.3,0.0059504132231404955,0.06359898799580667,0.1611069560083453,1
510,SRTsim,sim3,SRTsim_3_1,BayesSpace,0.9982060144865642,0.9963520862453572,0.998654511061134,0.9993388429752066,0.9963519319088323,0.99635224058193,0.9963520862453572,1463.6071999073029,5989.2,0.0006611570247933885,0.06311902576809664,0.16283572119092501,2
511,SRTsim,sim3,SRTsim_3_10,BayesSpace,0.6991320402945116,0.8329383985062284,0.8047391372259837,0.751404958677686,0.73729096331951,0.957101454771273,0.8329383985062284,1464.8084599971771,7289.1,0.009917355371900827,0.06417921834070642,0.03190730397433625,2
512,SRTsim,sim3,SRTsim_3_2,BayesSpace,0.9928380569468923,0.9868581244754979,0.9946285458434108,0.9973553719008265,0.9868575130114017,0.9868587359403519,0.986858124475498,1460.9610497951508,5989.3,0.0029752066115702478,0.06334809514567799,0.16259644191775258,2
513,SRTsim,sim3,SRTsim_3_3,BayesSpace,0.9946198348986613,0.990708016897518,0.9959648927166562,0.9980165289256199,0.9907037247052652,0.9907123091269623,0.990708016897518,1464.3375301361084,5989.3,0.0019834710743801653,0.06345221759003315,0.16230910596432727,2
514,SRTsim,sim3,SRTsim_3_4,BayesSpace,0.9937260759639795,0.9894805070010843,0.9952945838655844,0.9976859504132232,0.9894745362922217,0.9894864777820044,0.9894805070010843,1466.9255599975586,5989.3,0.0023140495867768596,0.06328562167906489,0.1622104011745026,2
515,SRTsim,sim3,SRTsim_3_5,BayesSpace,0.7007157385525788,0.8440015505848042,0.807708442765489,0.7454545454545455,0.7411717908121934,0.9799607581478808,0.8440015505848043,1480.1228799819946,5989.3,0.0036363636363636364,0.06353723903290841,0.1786234295526804,2
516,SRTsim,sim3,SRTsim_3_6,BayesSpace,0.9839580501407861,0.9743390543293619,0.987968592059655,0.9940495867768595,0.974334378503302,0.9743437302003006,0.9743390543293619,1477.4589200019836,7261.2,0.0059504132231404955,0.06351594007797971,0.16103070903487926,2
517,SRTsim,sim3,SRTsim_3_7,BayesSpace,0.9875109063119744,0.9792897207682184,0.9906331838306869,0.9953719008264463,0.9792892658843554,0.9792901756525041,0.9792897207682185,1474.9573500156403,5989.3,0.004628099173553719,0.06386970635113008,0.16155529249327866,2
518,SRTsim,sim3,SRTsim_3_8,BayesSpace,0.9892792405681746,0.9814865988153149,0.9919594351155404,0.9960330578512396,0.981485990679453,0.9814872069519306,0.981486598815315,1470.4415500164032,5989.3,0.003966942148760331,0.06432351511669937,0.16155584687949276,2
519,SRTsim,sim3,SRTsim_3_9,BayesSpace,0.9839580501407861,0.9743390543293619,0.987968592059655,0.9940495867768595,0.974334378503302,0.9743437302003006,0.9743390543293619,1474.0862801074982,7282.1,0.0059504132231404955,0.06359898799580667,0.1611069560083453,2
520,SRTsim,sim3,SRTsim_3_1,BayesSpace,0.9982060144865642,0.9963520862453572,0.998654511061134,0.9993388429752066,0.9963519319088323,0.99635224058193,0.9963520862453572,1465.3579499721527,5989.2,0.0006611570247933885,0.06311902576809664,0.16283572119092501,3
521,SRTsim,sim3,SRTsim_3_10,BayesSpace,0.6991320402945116,0.8329383985062284,0.8047391372259837,0.751404958677686,0.73729096331951,0.957101454771273,0.8329383985062284,1466.2320499420166,5989.3,0.009917355371900827,0.06417921834070642,0.03190730397433625,3
522,SRTsim,sim3,SRTsim_3_2,BayesSpace,0.9928380569468923,0.9868581244754979,0.9946285458434108,0.9973553719008265,0.9868575130114017,0.9868587359403519,0.986858124475498,1467.9256999492645,5989.3,0.0029752066115702478,0.06334809514567799,0.16259644191775258,3
523,SRTsim,sim3,SRTsim_3_3,BayesSpace,0.9946198348986613,0.990708016897518,0.9959648927166562,0.9980165289256199,0.9907037247052652,0.9907123091269623,0.990708016897518,1470.2412400245667,5989.3,0.0019834710743801653,0.06345221759003315,0.16230910596432727,3
524,SRTsim,sim3,SRTsim_3_4,BayesSpace,0.9937260759639795,0.9894805070010843,0.9952945838655844,0.9976859504132232,0.9894745362922217,0.9894864777820044,0.9894805070010843,1473.051440000534,7247.5,0.0023140495867768596,0.06328562167906489,0.1622104011745026,3
525,SRTsim,sim3,SRTsim_3_5,BayesSpace,0.7007157385525788,0.8440015505848042,0.807708442765489,0.7454545454545455,0.7411717908121934,0.9799607581478808,0.8440015505848043,1475.8173501491547,5989.3,0.0036363636363636364,0.06353723903290841,0.1786234295526804,3
526,SRTsim,sim3,SRTsim_3_6,BayesSpace,0.9839580501407861,0.9743390543293619,0.987968592059655,0.9940495867768595,0.974334378503302,0.9743437302003006,0.9743390543293619,1472.3632898330688,5989.2,0.0059504132231404955,0.06351594007797971,0.16103070903487926,3
527,SRTsim,sim3,SRTsim_3_7,BayesSpace,0.9875109063119744,0.9792897207682184,0.9906331838306869,0.9953719008264463,0.9792892658843554,0.9792901756525041,0.9792897207682185,1475.2706701755524,5989.3,0.004628099173553719,0.06386970635113008,0.16155529249327866,3
528,SRTsim,sim3,SRTsim_3_8,BayesSpace,0.9892792405681746,0.9814865988153149,0.9919594351155404,0.9960330578512396,0.981485990679453,0.9814872069519306,0.981486598815315,1473.552269935608,5989.3,0.003966942148760331,0.06432351511669937,0.16155584687949276,3
529,SRTsim,sim3,SRTsim_3_9,BayesSpace,0.9839580501407861,0.9743390543293619,0.987968592059655,0.9940495867768595,0.974334378503302,0.9743437302003006,0.9743390543293619,1472.8447999954224,7282.1,0.0059504132231404955,0.06359898799580667,0.1611069560083453,3
530,SRTsim,sim3,SRTsim_3_1,BayesSpace,0.9982060144865642,0.9963520862453572,0.998654511061134,0.9993388429752066,0.9963519319088323,0.99635224058193,0.9963520862453572,1467.7396700382233,5989.2,0.0006611570247933885,0.06311902576809664,0.16283572119092501,4
531,SRTsim,sim3,SRTsim_3_10,BayesSpace,0.6991320402945116,0.8329383985062284,0.8047391372259837,0.751404958677686,0.73729096331951,0.957101454771273,0.8329383985062284,1473.8558099269867,5989.3,0.009917355371900827,0.06417921834070642,0.03190730397433625,4
532,SRTsim,sim3,SRTsim_3_2,BayesSpace,0.9928380569468923,0.9868581244754979,0.9946285458434108,0.9973553719008265,0.9868575130114017,0.9868587359403519,0.986858124475498,1469.0789699554443,5989.3,0.0029752066115702478,0.06334809514567799,0.16259644191775258,4
533,SRTsim,sim3,SRTsim_3_3,BayesSpace,0.9946198348986613,0.990708016897518,0.9959648927166562,0.9980165289256199,0.9907037247052652,0.9907123091269623,0.990708016897518,1473.8303501605988,5989.3,0.0019834710743801653,0.06345221759003315,0.16230910596432727,4
534,SRTsim,sim3,SRTsim_3_4,BayesSpace,0.9937260759639795,0.9894805070010843,0.9952945838655844,0.9976859504132232,0.9894745362922217,0.9894864777820044,0.9894805070010843,1469.7347798347473,5989.3,0.0023140495867768596,0.06328562167906489,0.1622104011745026,4
535,SRTsim,sim3,SRTsim_3_5,BayesSpace,0.7007157385525788,0.8440015505848042,0.807708442765489,0.7454545454545455,0.7411717908121934,0.9799607581478808,0.8440015505848043,1487.86683011055,5989.3,0.0036363636363636364,0.06353723903290841,0.1786234295526804,4
536,SRTsim,sim3,SRTsim_3_6,BayesSpace,0.9839580501407861,0.9743390543293619,0.987968592059655,0.9940495867768595,0.974334378503302,0.9743437302003006,0.9743390543293619,1488.8874299526215,5989.2,0.0059504132231404955,0.06351594007797971,0.16103070903487926,4
537,SRTsim,sim3,SRTsim_3_7,BayesSpace,0.9875109063119744,0.9792897207682184,0.9906331838306869,0.9953719008264463,0.9792892658843554,0.9792901756525041,0.9792897207682185,1493.11234998703,7268.0,0.004628099173553719,0.06386970635113008,0.16155529249327866,4
538,SRTsim,sim3,SRTsim_3_8,BayesSpace,0.9892792405681746,0.9814865988153149,0.9919594351155404,0.9960330578512396,0.981485990679453,0.9814872069519306,0.981486598815315,1490.7508099079132,5989.3,0.003966942148760331,0.06432351511669937,0.16155584687949276,4
539,SRTsim,sim3,SRTsim_3_9,BayesSpace,0.9839580501407861,0.9743390543293619,0.987968592059655,0.9940495867768595,0.974334378503302,0.9743437302003006,0.9743390543293619,1492.4503400325775,5989.3,0.0059504132231404955,0.06359898799580667,0.1611069560083453,4
540,SRTsim,sim3,SRTsim_3_1,BayesSpace,0.9982060144865642,0.9963520862453572,0.998654511061134,0.9993388429752066,0.9963519319088323,0.99635224058193,0.9963520862453572,1479.3170099258423,5989.2,0.0006611570247933885,0.06311902576809664,0.16283572119092501,5
541,SRTsim,sim3,SRTsim_3_10,BayesSpace,0.6991320402945116,0.8329383985062284,0.8047391372259837,0.751404958677686,0.73729096331951,0.957101454771273,0.8329383985062284,1480.551719903946,5989.3,0.009917355371900827,0.06417921834070642,0.03190730397433625,5
542,SRTsim,sim3,SRTsim_3_2,BayesSpace,0.9928380569468923,0.9868581244754979,0.9946285458434108,0.9973553719008265,0.9868575130114017,0.9868587359403519,0.986858124475498,1476.2368800640106,7233.6,0.0029752066115702478,0.06334809514567799,0.16259644191775258,5
543,SRTsim,sim3,SRTsim_3_3,BayesSpace,0.9946198348986613,0.990708016897518,0.9959648927166562,0.9980165289256199,0.9907037247052652,0.9907123091269623,0.990708016897518,1472.504420042038,5989.3,0.0019834710743801653,0.06345221759003315,0.16230910596432727,5
544,SRTsim,sim3,SRTsim_3_4,BayesSpace,0.9937260759639795,0.9894805070010843,0.9952945838655844,0.9976859504132232,0.9894745362922217,0.9894864777820044,0.9894805070010843,1470.1288101673126,5989.3,0.0023140495867768596,0.06328562167906489,0.1622104011745026,5
545,SRTsim,sim3,SRTsim_3_5,BayesSpace,0.7007157385525788,0.8440015505848042,0.807708442765489,0.7454545454545455,0.7411717908121934,0.9799607581478808,0.8440015505848043,1470.9155900478363,5989.3,0.0036363636363636364,0.06353723903290841,0.1786234295526804,5
546,SRTsim,sim3,SRTsim_3_6,BayesSpace,0.9839580501407861,0.9743390543293619,0.987968592059655,0.9940495867768595,0.974334378503302,0.9743437302003006,0.9743390543293619,1467.155620098114,5989.2,0.0059504132231404955,0.06351594007797971,0.16103070903487926,5
547,SRTsim,sim3,SRTsim_3_7,BayesSpace,0.9875109063119744,0.9792897207682184,0.9906331838306869,0.9953719008264463,0.9792892658843554,0.9792901756525041,0.9792897207682185,1479.5363900661469,6067.6,0.004628099173553719,0.06386970635113008,0.16155529249327866,5
548,SRTsim,sim3,SRTsim_3_8,BayesSpace,0.9892792405681746,0.9814865988153149,0.9919594351155404,0.9960330578512396,0.981485990679453,0.9814872069519306,0.981486598815315,1478.9054698944092,5989.3,0.003966942148760331,0.06432351511669937,0.16155584687949276,5
549,SRTsim,sim3,SRTsim_3_9,BayesSpace,0.9839580501407861,0.9743390543293619,0.987968592059655,0.9940495867768595,0.974334378503302,0.9743437302003006,0.9743390543293619,1476.470400094986,5989.3,0.0059504132231404955,0.06359898799580667,0.1611069560083453,5
550,SRTsim,sim3,SRTsim_3_1,PRECAST,1.0,1.0,1.0,1.0,1.0,1.0,1.0,12.950119972229004,497.3,0.0,0.06299407883487043,0.1630675108301148,1
551,SRTsim,sim3,SRTsim_3_10,PRECAST,0.6919807687885778,0.8064983249052711,0.7918009818531325,0.752396694214876,0.7410000977495751,0.8846982719148813,0.8064983249052712,17.914899826049805,375.1,0.021487603305785124,0.0638607191903851,0.11719492938314663,1
552,SRTsim,sim3,SRTsim_3_2,PRECAST,1.0,1.0000000000000002,1.0,1.0,1.0000000000000002,1.0,1.0000000000000002,14.882130146026611,826.7,0.0,0.06299407883487043,0.1630675108301148,1
553,SRTsim,sim3,SRTsim_3_3,PRECAST,1.0,1.0,1.0,1.0,1.0,1.0,1.0,18.07811999320984,532.6,0.0,0.06299407883487043,0.1630675108301148,1
554,SRTsim,sim3,SRTsim_3_4,PRECAST,1.0,1.0000000000000002,1.0,1.0,1.0000000000000002,1.0,1.0000000000000002,16.56710982322693,412.5,0.0,0.06299407883487043,0.1630675108301148,1
555,SRTsim,sim3,SRTsim_3_5,PRECAST,1.0,1.0,1.0,1.0,1.0,1.0,1.0,18.974220037460327,375.7,0.0,0.06299407883487043,0.1630675108301148,1
556,SRTsim,sim3,SRTsim_3_6,PRECAST,0.998206599085692,0.9966826285374577,0.9986549501000014,0.9993388429752066,0.996682010986031,0.9966832460896496,0.9966826285374578,17.631150007247925,507.8,0.0006611570247933885,0.06299407883487045,0.16293221462760496,1
557,SRTsim,sim3,SRTsim_3_7,PRECAST,0.9928544067892464,0.9883066570757266,0.9946408176144951,0.9973553719008265,0.9883042076209957,0.9883091065425993,0.9883066570757266,18.44700002670288,458.3,0.001322314049586777,0.06299407883487045,0.162690251415889,1
558,SRTsim,sim3,SRTsim_3_8,PRECAST,1.0,1.0,1.0,1.0,1.0,1.0,1.0,17.249109983444214,640.4,0.0,0.06299407883487043,0.1630675108301148,1
559,SRTsim,sim3,SRTsim_3_9,PRECAST,0.998206599085692,0.9966826285374577,0.9986549501000014,0.9993388429752066,0.996682010986031,0.9966832460896496,0.9966826285374578,15.488049983978271,591.4,0.0006611570247933885,0.06299407883487045,0.16294977048531584,1
560,SRTsim,sim3,SRTsim_3_1,PRECAST,1.0,1.0,1.0,1.0,1.0,1.0,1.0,11.956250190734863,683.6,0.0,0.06299407883487043,0.1630675108301148,2
561,SRTsim,sim3,SRTsim_3_10,PRECAST,0.6919807687885778,0.8064983249052711,0.7918009818531325,0.752396694214876,0.7410000977495751,0.8846982719148813,0.8064983249052712,17.439239978790283,375.4,0.021487603305785124,0.0638607191903851,0.11719492938314663,2
562,SRTsim,sim3,SRTsim_3_2,PRECAST,1.0,1.0000000000000002,1.0,1.0,1.0000000000000002,1.0,1.0000000000000002,14.710430145263672,868.9,0.0,0.06299407883487043,0.1630675108301148,2
563,SRTsim,sim3,SRTsim_3_3,PRECAST,1.0,1.0,1.0,1.0,1.0,1.0,1.0,17.567140102386475,616.4,0.0,0.06299407883487043,0.1630675108301148,2
564,SRTsim,sim3,SRTsim_3_4,PRECAST,1.0,1.0000000000000002,1.0,1.0,1.0000000000000002,1.0,1.0000000000000002,16.461770057678223,475.4,0.0,0.06299407883487043,0.1630675108301148,2
565,SRTsim,sim3,SRTsim_3_5,PRECAST,1.0,1.0,1.0,1.0,1.0,1.0,1.0,17.433579921722412,410.5,0.0,0.06299407883487043,0.1630675108301148,2
566,SRTsim,sim3,SRTsim_3_6,PRECAST,0.998206599085692,0.9966826285374577,0.9986549501000014,0.9993388429752066,0.996682010986031,0.9966832460896496,0.9966826285374578,16.99793004989624,579.0,0.0006611570247933885,0.06299407883487045,0.16293221462760496,2
567,SRTsim,sim3,SRTsim_3_7,PRECAST,0.9928544067892464,0.9883066570757266,0.9946408176144951,0.9973553719008265,0.9883042076209957,0.9883091065425993,0.9883066570757266,16.650579929351807,528.4,0.001322314049586777,0.06299407883487045,0.162690251415889,2
568,SRTsim,sim3,SRTsim_3_8,PRECAST,1.0,1.0,1.0,1.0,1.0,1.0,1.0,18.548619985580444,728.6,0.0,0.06299407883487043,0.1630675108301148,2
569,SRTsim,sim3,SRTsim_3_9,PRECAST,0.998206599085692,0.9966826285374577,0.9986549501000014,0.9993388429752066,0.996682010986031,0.9966832460896496,0.9966826285374578,15.748619794845581,677.0,0.0006611570247933885,0.06299407883487045,0.16294977048531584,2
570,SRTsim,sim3,SRTsim_3_1,PRECAST,1.0,1.0,1.0,1.0,1.0,1.0,1.0,11.87935996055603,684.2,0.0,0.06299407883487043,0.1630675108301148,3
571,SRTsim,sim3,SRTsim_3_10,PRECAST,0.6919807687885778,0.8064983249052711,0.7918009818531325,0.752396694214876,0.7410000977495751,0.8846982719148813,0.8064983249052712,16.948660135269165,320.3,0.021487603305785124,0.0638607191903851,0.11719492938314663,3
572,SRTsim,sim3,SRTsim_3_2,PRECAST,1.0,1.0000000000000002,1.0,1.0,1.0000000000000002,1.0,1.0000000000000002,14.805360078811646,869.6,0.0,0.06299407883487043,0.1630675108301148,3
573,SRTsim,sim3,SRTsim_3_3,PRECAST,1.0,1.0,1.0,1.0,1.0,1.0,1.0,17.85255002975464,439.7,0.0,0.06299407883487043,0.1630675108301148,3
574,SRTsim,sim3,SRTsim_3_4,PRECAST,1.0,1.0000000000000002,1.0,1.0,1.0000000000000002,1.0,1.0000000000000002,18.407619953155518,376.4,0.0,0.06299407883487043,0.1630675108301148,3
575,SRTsim,sim3,SRTsim_3_5,PRECAST,1.0,1.0,1.0,1.0,1.0,1.0,1.0,18.878610134124756,410.5,0.0,0.06299407883487043,0.1630675108301148,3
576,SRTsim,sim3,SRTsim_3_6,PRECAST,0.998206599085692,0.9966826285374577,0.9986549501000014,0.9993388429752066,0.996682010986031,0.9966832460896496,0.9966826285374578,16.946969985961914,563.1,0.0006611570247933885,0.06299407883487045,0.16293221462760496,3
577,SRTsim,sim3,SRTsim_3_7,PRECAST,0.9928544067892464,0.9883066570757266,0.9946408176144951,0.9973553719008265,0.9883042076209957,0.9883091065425993,0.9883066570757266,18.079740047454834,510.2,0.001322314049586777,0.06299407883487045,0.162690251415889,3
578,SRTsim,sim3,SRTsim_3_8,PRECAST,1.0,1.0,1.0,1.0,1.0,1.0,1.0,17.006099939346313,706.8,0.0,0.06299407883487043,0.1630675108301148,3
579,SRTsim,sim3,SRTsim_3_9,PRECAST,0.998206599085692,0.9966826285374577,0.9986549501000014,0.9993388429752066,0.996682010986031,0.9966832460896496,0.9966826285374578,17.018370151519775,642.8,0.0006611570247933885,0.06299407883487045,0.16294977048531584,3
580,SRTsim,sim3,SRTsim_3_1,PRECAST,1.0,1.0,1.0,1.0,1.0,1.0,1.0,11.90650987625122,684.9,0.0,0.06299407883487043,0.1630675108301148,4
581,SRTsim,sim3,SRTsim_3_10,PRECAST,0.6919807687885778,0.8064983249052711,0.7918009818531325,0.752396694214876,0.7410000977495751,0.8846982719148813,0.8064983249052712,16.393980026245117,346.6,0.021487603305785124,0.0638607191903851,0.11719492938314663,4
582,SRTsim,sim3,SRTsim_3_2,PRECAST,1.0,1.0000000000000002,1.0,1.0,1.0000000000000002,1.0,1.0000000000000002,14.670759916305542,870.1,0.0,0.06299407883487043,0.1630675108301148,4
583,SRTsim,sim3,SRTsim_3_3,PRECAST,1.0,1.0,1.0,1.0,1.0,1.0,1.0,19.56158995628357,440.4,0.0,0.06299407883487043,0.1630675108301148,4
584,SRTsim,sim3,SRTsim_3_4,PRECAST,1.0,1.0000000000000002,1.0,1.0,1.0000000000000002,1.0,1.0000000000000002,18.228359937667847,376.8,0.0,0.06299407883487043,0.1630675108301148,4
585,SRTsim,sim3,SRTsim_3_5,PRECAST,1.0,1.0,1.0,1.0,1.0,1.0,1.0,17.456290006637573,432.7,0.0,0.06299407883487043,0.1630675108301148,4
586,SRTsim,sim3,SRTsim_3_6,PRECAST,0.998206599085692,0.9966826285374577,0.9986549501000014,0.9993388429752066,0.996682010986031,0.9966832460896496,0.9966826285374578,18.426899909973145,579.0,0.0006611570247933885,0.06299407883487045,0.16293221462760496,4
587,SRTsim,sim3,SRTsim_3_7,PRECAST,0.9928544067892464,0.9883066570757266,0.9946408176144951,0.9973553719008265,0.9883042076209957,0.9883091065425993,0.9883066570757266,16.689280033111572,532.8,0.001322314049586777,0.06299407883487045,0.162690251415889,4
588,SRTsim,sim3,SRTsim_3_8,PRECAST,1.0,1.0,1.0,1.0,1.0,1.0,1.0,17.12948989868164,738.3,0.0,0.06299407883487043,0.1630675108301148,4
589,SRTsim,sim3,SRTsim_3_9,PRECAST,0.998206599085692,0.9966826285374577,0.9986549501000014,0.9993388429752066,0.996682010986031,0.9966832460896496,0.9966826285374578,15.677220106124878,689.3,0.0006611570247933885,0.06299407883487045,0.16294977048531584,4
590,SRTsim,sim3,SRTsim_3_1,PRECAST,1.0,1.0,1.0,1.0,1.0,1.0,1.0,11.850510120391846,685.4,0.0,0.06299407883487043,0.1630675108301148,5
591,SRTsim,sim3,SRTsim_3_10,PRECAST,0.6919807687885778,0.8064983249052711,0.7918009818531325,0.752396694214876,0.7410000977495751,0.8846982719148813,0.8064983249052712,17.496920108795166,426.2,0.021487603305785124,0.0638607191903851,0.11719492938314663,5
592,SRTsim,sim3,SRTsim_3_2,PRECAST,1.0,1.0000000000000002,1.0,1.0,1.0000000000000002,1.0,1.0000000000000002,14.835110187530518,823.6,0.0,0.06299407883487043,0.1630675108301148,5
593,SRTsim,sim3,SRTsim_3_3,PRECAST,1.0,1.0,1.0,1.0,1.0,1.0,1.0,17.877429962158203,532.9,0.0,0.06299407883487043,0.1630675108301148,5
594,SRTsim,sim3,SRTsim_3_4,PRECAST,1.0,1.0000000000000002,1.0,1.0,1.0000000000000002,1.0,1.0000000000000002,17.986740112304688,411.7,0.0,0.06299407883487043,0.1630675108301148,5
595,SRTsim,sim3,SRTsim_3_5,PRECAST,1.0,1.0,1.0,1.0,1.0,1.0,1.0,18.80460000038147,377.2,0.0,0.06299407883487043,0.1630675108301148,5
596,SRTsim,sim3,SRTsim_3_6,PRECAST,0.998206599085692,0.9966826285374577,0.9986549501000014,0.9993388429752066,0.996682010986031,0.9966832460896496,0.9966826285374578,17.10548996925354,504.7,0.0006611570247933885,0.06299407883487045,0.16293221462760496,5
597,SRTsim,sim3,SRTsim_3_7,PRECAST,0.9928544067892464,0.9883066570757266,0.9946408176144951,0.9973553719008265,0.9883042076209957,0.9883091065425993,0.9883066570757266,18.174870014190674,450.7,0.001322314049586777,0.06299407883487045,0.162690251415889,5
598,SRTsim,sim3,SRTsim_3_8,PRECAST,1.0,1.0,1.0,1.0,1.0,1.0,1.0,17.063719987869263,636.8,0.0,0.06299407883487043,0.1630675108301148,5
599,SRTsim,sim3,SRTsim_3_9,PRECAST,0.998206599085692,0.9966826285374577,0.9986549501000014,0.9993388429752066,0.996682010986031,0.9966832460896496,0.9966826285374578,16.819390058517456,576.3,0.0006611570247933885,0.06299407883487045,0.16294977048531584,5
600,SRTsim,sim3,SRTsim_3_1,Banksy,0.9991027157279241,0.9981759656718704,0.999327036894128,0.9996694214876033,0.9981758110528235,0.998176120290965,0.9981759656718703,9.052205562591553,154.44624519348145,0.00033057851239669424,0.06299407883487045,0.16309116164595644,1
601,SRTsim,sim3,SRTsim_3_10,Banksy,0.9804779531585149,0.9713121070452846,0.9853585246972792,0.9927272727272727,0.9713078988848278,0.9713163152422049,0.9713121070452846,14.21738576889038,1379.5226182937622,0.007603305785123967,0.06369060927800152,0.15954276759171748,1
602,SRTsim,sim3,SRTsim_3_2,Banksy,1.0,1.0,1.0,1.0,1.0,1.0,1.0,8.690829515457153,304.0991668701172,0.0,0.06299407883487043,0.1630675108301148,1
603,SRTsim,sim3,SRTsim_3_3,Banksy,1.0,1.0,1.0,1.0,1.0,1.0,1.0,10.510574340820312,604.7785215377808,0.0,0.06299407883487045,0.1630675108301148,1
604,SRTsim,sim3,SRTsim_3_4,Banksy,0.9982065969944758,0.9963522417120174,0.998654947745857,0.9993388429752066,0.9963522417120174,0.9963522417120174,0.9963522417120174,11.598752498626707,627.9234294891357,0.0006611570247933885,0.06299407883487045,0.16309997290532716,1
605,SRTsim,sim3,SRTsim_3_5,Banksy,0.998206599085692,0.9966826285374577,0.9986549501000014,0.9993388429752066,0.996682010986031,0.9966832460896499,0.9966826285374578,12.41292691230774,706.5097217559814,0.0006611570247933885,0.06299407883487045,0.1630818035738208,1
606,SRTsim,sim3,SRTsim_3_6,Banksy,0.9964178749439564,0.9940266461635376,0.9973134124978007,0.9986776859504132,0.9940241825321802,0.994029109807107,0.9940266461635375,12.96433401107788,882.6580467224121,0.0006611570247933885,0.06299407883487045,0.16301081183015567,1
607,SRTsim,sim3,SRTsim_3_7,Banksy,0.9875261669184852,0.9805139563394039,0.9906446675514657,0.9953719008264463,0.9805092508801605,0.9805186618438104,0.9805139563394039,13.034586668014526,1058.8054523468018,0.003966942148760331,0.06353713334238349,0.1611234421197574,1
608,SRTsim,sim3,SRTsim_3_8,Banksy,0.9910674176464707,0.9851155028267683,0.9933005759452598,0.996694214876033,0.985113520261665,0.9851174853998517,0.9851155028267683,13.711636543273926,1235.2066287994385,0.0036363636363636364,0.06348672073291264,0.1617710761078536,1
609,SRTsim,sim3,SRTsim_3_9,Banksy,0.9839734891228271,0.9754086381570115,0.9879802770490554,0.9940495867768595,0.9753948972359001,0.97542237946528,0.9754086381570115,13.705981254577637,1411.3528871536255,0.00628099173553719,0.06366046247874348,0.16076514462711608,1
610,SRTsim,sim3,SRTsim_3_1,Banksy,0.9991027157279241,0.9981759656718702,0.999327036894128,0.9996694214876033,0.9981758110528235,0.9981761202909648,0.9981759656718702,8.535983562469482,153.76459121704102,0.00033057851239669424,0.06299407883487043,0.16309116164595644,2
611,SRTsim,sim3,SRTsim_3_10,Banksy,0.9804779531585149,0.9713121070452846,0.9853585246972792,0.9927272727272727,0.9713078988848278,0.9713163152422049,0.9713121070452846,14.23232078552246,1587.5027418136597,0.007603305785123967,0.06369060927800152,0.15954276759171748,2
612,SRTsim,sim3,SRTsim_3_2,Banksy,1.0,1.0,1.0,1.0,1.0,1.0,1.0,8.556249856948853,304.1026134490967,0.0,0.06299407883487043,0.1630675108301148,2
613,SRTsim,sim3,SRTsim_3_3,Banksy,1.0,1.0,1.0,1.0,1.0,1.0,1.0,10.58717393875122,604.779727935791,0.0,0.06299407883487045,0.1630675108301148,2
614,SRTsim,sim3,SRTsim_3_4,Banksy,0.9982065969944758,0.9963522417120174,0.998654947745857,0.9993388429752066,0.9963522417120174,0.9963522417120174,0.9963522417120174,11.042433500289915,627.9217205047607,0.0006611570247933885,0.06299407883487045,0.16309997290532716,2
615,SRTsim,sim3,SRTsim_3_5,Banksy,0.998206599085692,0.9966826285374577,0.9986549501000014,0.9993388429752066,0.996682010986031,0.9966832460896499,0.9966826285374578,11.387914657592772,706.5095596313477,0.0006611570247933885,0.06299407883487045,0.1630818035738208,2
616,SRTsim,sim3,SRTsim_3_6,Banksy,0.9964178749439564,0.9940266461635376,0.9973134124978007,0.9986776859504132,0.9940241825321802,0.994029109807107,0.9940266461635375,11.817726373672484,882.657374382019,0.0006611570247933885,0.06299407883487045,0.16301081183015567,2
617,SRTsim,sim3,SRTsim_3_7,Banksy,0.9875261669184852,0.9805139563394039,0.9906446675514657,0.9953719008264463,0.9805092508801605,0.9805186618438104,0.9805139563394039,12.395339012145996,1058.805006980896,0.003966942148760331,0.06353713334238349,0.1611234421197574,2
618,SRTsim,sim3,SRTsim_3_8,Banksy,0.9910674176464707,0.9851155028267683,0.9933005759452598,0.996694214876033,0.985113520261665,0.9851174853998517,0.9851155028267683,13.209269285202026,1235.2049388885498,0.0036363636363636364,0.06348672073291264,0.1617710761078536,2
619,SRTsim,sim3,SRTsim_3_9,Banksy,0.9839734891228271,0.9754086381570115,0.9879802770490554,0.9940495867768595,0.9753948972359001,0.97542237946528,0.9754086381570115,13.469314098358154,1411.3534927368164,0.00628099173553719,0.06366046247874348,0.16076514462711608,2
620,SRTsim,sim3,SRTsim_3_1,Banksy,0.9991027157279241,0.9981759656718702,0.999327036894128,0.9996694214876033,0.9981758110528235,0.9981761202909648,0.9981759656718702,8.078853368759155,153.76082229614258,0.00033057851239669424,0.06299407883487045,0.16309116164595644,3
621,SRTsim,sim3,SRTsim_3_10,Banksy,0.9804779531585149,0.9713121070452846,0.9853585246972792,0.9927272727272727,0.9713078988848278,0.9713163152422049,0.9713121070452846,14.154317140579224,1587.5017652511597,0.007603305785123967,0.06369060927800152,0.15954276759171748,3
622,SRTsim,sim3,SRTsim_3_2,Banksy,1.0,1.0,1.0,1.0,1.0,1.0,1.0,9.56835961341858,304.1031074523926,0.0,0.06299407883487043,0.1630675108301148,3
623,SRTsim,sim3,SRTsim_3_3,Banksy,1.0,1.0,1.0,1.0,1.0,1.0,1.0,10.56305980682373,604.7773885726929,0.0,0.06299407883487045,0.1630675108301148,3
624,SRTsim,sim3,SRTsim_3_4,Banksy,0.9982065969944758,0.9963522417120174,0.998654947745857,0.9993388429752066,0.9963522417120174,0.9963522417120174,0.9963522417120174,10.947448015213013,627.9198474884033,0.0006611570247933885,0.06299407883487045,0.16309997290532716,3
625,SRTsim,sim3,SRTsim_3_5,Banksy,0.998206599085692,0.9966826285374577,0.9986549501000014,0.9993388429752066,0.996682010986031,0.9966832460896499,0.9966826285374578,12.281498908996582,706.508825302124,0.0006611570247933885,0.06299407883487045,0.1630818035738208,3
626,SRTsim,sim3,SRTsim_3_6,Banksy,0.9964178749439564,0.9940266461635376,0.9973134124978007,0.9986776859504132,0.9940241825321802,0.994029109807107,0.9940266461635375,12.885442733764648,882.6577053070068,0.0006611570247933885,0.06299407883487045,0.16301081183015567,3
627,SRTsim,sim3,SRTsim_3_7,Banksy,0.9875261669184852,0.9805139563394039,0.9906446675514657,0.9953719008264463,0.9805092508801605,0.9805186618438104,0.9805139563394039,13.2649884223938,1058.8048992156982,0.003966942148760331,0.06353713334238349,0.1611234421197574,3
628,SRTsim,sim3,SRTsim_3_8,Banksy,0.9910674176464707,0.9851155028267683,0.9933005759452598,0.996694214876033,0.985113520261665,0.9851174853998517,0.9851155028267683,13.560719966888428,1235.206069946289,0.0036363636363636364,0.06348672073291264,0.1617710761078536,3
629,SRTsim,sim3,SRTsim_3_9,Banksy,0.9839734891228271,0.9754086381570115,0.9879802770490554,0.9940495867768595,0.9753948972359001,0.97542237946528,0.9754086381570115,13.594109058380129,1411.3522081375122,0.00628099173553719,0.06366046247874348,0.16076514462711608,3
630,SRTsim,sim3,SRTsim_3_1,Banksy,0.9991027157279241,0.9981759656718704,0.999327036894128,0.9996694214876033,0.9981758110528235,0.998176120290965,0.9981759656718703,8.099934101104736,153.76085758209229,0.00033057851239669424,0.06299407883487045,0.16309116164595644,4
631,SRTsim,sim3,SRTsim_3_10,Banksy,0.9804779531585149,0.9713121070452846,0.9853585246972792,0.9927272727272727,0.9713078988848278,0.9713163152422049,0.9713121070452846,14.21543002128601,1587.5018901824951,0.007603305785123967,0.06369060927800152,0.15954276759171748,4
632,SRTsim,sim3,SRTsim_3_2,Banksy,1.0,1.0,1.0,1.0,1.0,1.0,1.0,8.752568006515503,304.1001281738281,0.0,0.06299407883487043,0.1630675108301148,4
633,SRTsim,sim3,SRTsim_3_3,Banksy,1.0,1.0,1.0,1.0,1.0,1.0,1.0,11.274017095565796,604.77907371521,0.0,0.06299407883487045,0.1630675108301148,4
634,SRTsim,sim3,SRTsim_3_4,Banksy,0.9982065969944758,0.9963522417120174,0.998654947745857,0.9993388429752066,0.9963522417120174,0.9963522417120174,0.9963522417120174,11.026659965515137,627.9226636886597,0.0006611570247933885,0.06299407883487045,0.16309997290532716,4
635,SRTsim,sim3,SRTsim_3_5,Banksy,0.998206599085692,0.9966826285374577,0.9986549501000014,0.9993388429752066,0.996682010986031,0.9966832460896499,0.9966826285374578,11.66295313835144,706.5088567733765,0.0006611570247933885,0.06299407883487045,0.1630818035738208,4
636,SRTsim,sim3,SRTsim_3_6,Banksy,0.9964178749439564,0.9940266461635376,0.9973134124978007,0.9986776859504132,0.9940241825321802,0.994029109807107,0.9940266461635375,12.504816055297852,882.657172203064,0.0006611570247933885,0.06299407883487045,0.16301081183015567,4
637,SRTsim,sim3,SRTsim_3_7,Banksy,0.9875261669184852,0.9805139563394039,0.9906446675514657,0.9953719008264463,0.9805092508801605,0.9805186618438104,0.9805139563394039,13.217336893081663,1058.8057279586792,0.003966942148760331,0.06353713334238349,0.1611234421197574,4
638,SRTsim,sim3,SRTsim_3_8,Banksy,0.9910674176464707,0.9851155028267683,0.9933005759452598,0.996694214876033,0.985113520261665,0.9851174853998517,0.9851155028267683,14.213457107543944,1235.2049007415771,0.0036363636363636364,0.06348672073291264,0.1617710761078536,4
639,SRTsim,sim3,SRTsim_3_9,Banksy,0.9839734891228271,0.9754086381570115,0.9879802770490554,0.9940495867768595,0.9753948972359001,0.97542237946528,0.9754086381570115,14.26613450050354,1411.352783203125,0.00628099173553719,0.06366046247874348,0.16076514462711608,4
640,SRTsim,sim3,SRTsim_3_1,Banksy,0.7009201499134635,0.8479207419324688,0.8078789575208025,0.7454545454545455,0.745362323053009,0.9832052510387079,0.8479207419324689,9.22296404838562,153.76177215576172,0.003305785123966942,0.06360669158669813,0.10525197731263305,5
641,SRTsim,sim3,SRTsim_3_10,Banksy,0.9804779531585149,0.9713121070452846,0.9853585246972792,0.9927272727272727,0.9713078988848278,0.9713163152422049,0.9713121070452846,15.30249524116516,1587.5020627975464,0.007603305785123967,0.06369060927800152,0.15954276759171748,5
642,SRTsim,sim3,SRTsim_3_2,Banksy,1.0,1.0,1.0,1.0,1.0,1.0,1.0,9.496541738510132,304.09936141967773,0.0,0.06299407883487043,0.1630675108301148,5
643,SRTsim,sim3,SRTsim_3_3,Banksy,1.0,1.0,1.0,1.0,1.0,1.0,1.0,11.415092706680298,604.7784042358398,0.0,0.06299407883487045,0.1630675108301148,5
644,SRTsim,sim3,SRTsim_3_4,Banksy,0.9982065969944758,0.9963522417120174,0.998654947745857,0.9993388429752066,0.9963522417120174,0.9963522417120174,0.9963522417120174,11.237919330596924,627.9217882156372,0.0006611570247933885,0.06299407883487045,0.16309997290532716,5
645,SRTsim,sim3,SRTsim_3_5,Banksy,0.998206599085692,0.9966826285374577,0.9986549501000014,0.9993388429752066,0.996682010986031,0.9966832460896499,0.9966826285374578,11.892277717590332,706.5087194442749,0.0006611570247933885,0.06299407883487045,0.1630818035738208,5
646,SRTsim,sim3,SRTsim_3_6,Banksy,0.9964178749439564,0.9940266461635376,0.9973134124978007,0.9986776859504132,0.9940241825321802,0.994029109807107,0.9940266461635375,12.74317717552185,882.6566734313965,0.0006611570247933885,0.06299407883487045,0.16301081183015567,5
647,SRTsim,sim3,SRTsim_3_7,Banksy,0.9875261669184852,0.9805139563394039,0.9906446675514657,0.9953719008264463,0.9805092508801605,0.9805186618438104,0.9805139563394039,12.988561630249023,1058.8060493469238,0.003966942148760331,0.06353713334238349,0.1611234421197574,5
648,SRTsim,sim3,SRTsim_3_8,Banksy,0.9910674176464707,0.9851155028267683,0.9933005759452598,0.996694214876033,0.985113520261665,0.9851174853998517,0.9851155028267683,13.291573524475098,1235.2051486968994,0.0036363636363636364,0.06348672073291264,0.1617710761078536,5
649,SRTsim,sim3,SRTsim_3_9,Banksy,0.9839734891228271,0.9754086381570115,0.9879802770490554,0.9940495867768595,0.9753948972359001,0.97542237946528,0.9754086381570115,13.665467977523804,1411.3538942337036,0.00628099173553719,0.06366046247874348,0.16076514462711608,5
650,SRTsim,sim3,SRTsim_3_1,CellCharter,0.9892886689719466,0.9832461586458858,0.9919665440051982,0.9960330578512396,0.9832406755616865,0.9832516417912387,0.9832461586458858,159.9193148612976,82.67300987243652,0.003305785123966942,0.06299407883487046,0.16297326151375574,1
651,SRTsim,sim3,SRTsim_3_10,CellCharter,0.6524389580727609,0.7624184140311704,0.7514032897787298,0.7844628099173554,0.7331614666555155,0.7941074212851098,0.7624184140311704,192.1360960006714,1227.8556661605835,0.04528925619834711,0.06389791235642062,0.11297802841616097,1
652,SRTsim,sim3,SRTsim_3_2,CellCharter,0.5833327708180386,0.723662588843194,0.7026312549520238,0.7447933884297521,0.6950570134728241,0.7547237938228263,0.723662588843194,182.8338413238525,163.44052982330322,0.05024793388429752,0.06407432475935328,0.14602627212818367,1
653,SRTsim,sim3,SRTsim_3_3,CellCharter,0.9804950022050167,0.9751184640252362,0.9853722588736338,0.9927272727272727,0.97504856532422,0.975188372748684,0.9751184640252362,162.05663967132568,325.3874235153198,0.0049586776859504135,0.06305655230148355,0.16280042353335306,1
654,SRTsim,sim3,SRTsim_3_4,CellCharter,0.8806319138788739,0.8819229283476827,0.9107142390977753,0.9540495867768595,0.8796519221507787,0.8842056910554764,0.8819229283476827,152.86524081230164,487.2706680297852,0.006611570247933884,0.06301490332374149,0.1601193101511914,1
655,SRTsim,sim3,SRTsim_3_5,CellCharter,0.942294404927975,0.9403827406521968,0.956748033925347,0.9778512396694214,0.9397867130486128,0.9409795247558395,0.940382740652197,192.75352597236636,649.2830905914307,0.002644628099173554,0.06299407883487045,0.1625970750689225,1
656,SRTsim,sim3,SRTsim_3_6,CellCharter,0.9778458384939998,0.9700780317812513,0.9833849827386513,0.9917355371900827,0.970040778087887,0.9701152883361261,0.9700780317812513,167.27885246276855,811.1631145477295,0.0059504132231404955,0.06299407883487045,0.16280597790323065,1
657,SRTsim,sim3,SRTsim_3_7,CellCharter,0.6329990187110368,0.7495680732955289,0.7365763969909086,0.7689256198347107,0.7229912935572754,0.7781733151270903,0.7495680732955289,160.41709303855896,915.2764844894408,0.059173553719008266,0.06465901029627999,0.12988220496788422,1
658,SRTsim,sim3,SRTsim_3_8,CellCharter,0.9638964337417804,0.951492303577102,0.9729247789678207,0.9864462809917356,0.9514006768156775,0.9515839479888651,0.951492303577102,181.33450865745544,1019.6366205215454,0.00859504132231405,0.06316067474583871,0.1618986937298253,1
659,SRTsim,sim3,SRTsim_3_9,CellCharter,0.90497757018689,0.9132824848004405,0.9288527380156985,0.9623140495867769,0.9117705126432056,0.914799479837885,0.9132824848004405,166.21990776062012,1123.7434329986572,0.012231404958677685,0.06342040060223159,0.15792579637562168,1
660,SRTsim,sim3,SRTsim_3_1,CellCharter,0.9884090298910136,0.9825710339696628,0.9913068731075372,0.9957024793388429,0.982558989006215,0.982583079228427,0.9825710339696627,262.86154890060425,82.47021865844727,0.003305785123966942,0.06299407883487045,0.16282111835761243,2
661,SRTsim,sim3,SRTsim_3_10,CellCharter,0.8997579186052488,0.910934570211344,0.9249818708696734,0.9603305785123967,0.9090249005869406,0.9128522803535338,0.9109345702113442,164.97334957122803,1227.851933479309,0.01090909090909091,0.06355469321993164,0.15768675683743857,2
662,SRTsim,sim3,SRTsim_3_2,CellCharter,0.9875305861522343,0.9819109285871376,0.9906481100898533,0.9953719008264463,0.9818920438824046,0.9819298140183024,0.9819109285871375,174.3158085346222,163.43889331817627,0.003966942148760331,0.06303572781261252,0.16293096585871988,2
663,SRTsim,sim3,SRTsim_3_3,CellCharter,0.9744257480773261,0.9686678086689595,0.9808212520039128,0.9904132231404958,0.9685657749127226,0.9687698639249946,0.9686678086689596,180.73912954330444,325.3858919143677,0.004628099173553719,0.06324693260303739,0.1619916717189727,2
664,SRTsim,sim3,SRTsim_3_4,CellCharter,0.9840019308919095,0.9776501070659204,0.9880017820537699,0.9940495867768595,0.9776214303658988,0.9776787854483465,0.9776501070659205,157.89197182655334,487.2708940505981,0.004628099173553719,0.0634230939282065,0.16193116764199708,2
665,SRTsim,sim3,SRTsim_3_5,CellCharter,0.6029048469061309,0.7350202512717459,0.7159379993692229,0.7451239669421488,0.7075472472756561,0.7647129127714911,0.7350202512717459,151.3684651851654,649.2824773788452,0.037024793388429754,0.06400367348839597,0.13171500618411194,2
666,SRTsim,sim3,SRTsim_3_6,CellCharter,0.9717860599784495,0.9631102824195817,0.9788415855205277,0.9894214876033058,0.9630125741832123,0.9632080104851174,0.9631102824195817,163.89333128929138,811.1665630340576,0.0059504132231404955,0.06351629057774001,0.16215148087655462,2
667,SRTsim,sim3,SRTsim_3_7,CellCharter,0.8983792534688703,0.9120545812594711,0.9239551454281293,0.9593388429752067,0.9100766318837916,0.9140411470637572,0.912054581259471,165.8924126625061,915.2742967605592,0.005619834710743801,0.06319560334712504,0.16008790992873828,2
668,SRTsim,sim3,SRTsim_3_8,CellCharter,0.5922555250488932,0.7150263380526553,0.7053082208587492,0.7418181818181818,0.693346319767193,0.7381059298817688,0.7150263380526553,212.61081457138064,1019.6342077255248,0.09818181818181818,0.06459516376989187,0.1386659444025456,2
669,SRTsim,sim3,SRTsim_3_9,CellCharter,0.9314743911578733,0.9295499191906765,0.9486494148593839,0.9735537190082645,0.928758196201082,0.9303429931456568,0.9295499191906765,193.4828999042511,1123.7437162399292,0.00628099173553719,0.06315267341715781,0.16086079549716653,2
670,SRTsim,sim3,SRTsim_3_1,CellCharter,0.998206599085692,0.9966826285374577,0.9986549501000014,0.9993388429752066,0.996682010986031,0.9966832460896496,0.9966826285374578,175.74607753753662,82.46311092376709,0.0006611570247933885,0.06299407883487045,0.16313206332651484,3
671,SRTsim,sim3,SRTsim_3_10,CellCharter,0.8338151882367825,0.8386405260940084,0.8756722888223276,0.9345454545454546,0.836527430572265,0.8407643241468481,0.8386405260940084,185.53661036491397,1227.8536443710327,0.015867768595041323,0.06400575897730033,0.15891972139708235,3
672,SRTsim,sim3,SRTsim_3_2,CellCharter,0.9866378773820175,0.9802610294759129,0.9899785446968842,0.9950413223140496,0.9802468772480083,0.9802751821124668,0.9802610294759131,201.24256014823916,163.43981742858887,0.0036363636363636364,0.06299407883487045,0.1628797548296596,3
673,SRTsim,sim3,SRTsim_3_3,CellCharter,0.9849057373763873,0.9795782855680858,0.9886796790477572,0.9943801652892562,0.9795441423147682,0.9796124312016992,0.9795782855680858,148.58027124404907,325.3853302001953,0.0036363636363636364,0.06299407883487045,0.1622649562861626,3
674,SRTsim,sim3,SRTsim_3_4,CellCharter,0.9884090298910136,0.9825710339696628,0.9913068731075372,0.9957024793388429,0.982558989006215,0.982583079228427,0.9825710339696627,167.61652874946594,487.2689599990845,0.003305785123966942,0.06299407883487045,0.16280948732177583,3
675,SRTsim,sim3,SRTsim_3_5,CellCharter,0.9857612136345576,0.9795616202249038,0.989321128401795,0.9947107438016529,0.979540489719535,0.9795827516419406,0.9795616202249038,142.14209079742432,649.2804822921753,0.004628099173553719,0.06299407883487045,0.16338652206844223,3
676,SRTsim,sim3,SRTsim_3_6,CellCharter,0.9599021269727132,0.9561508604931332,0.9699350243137955,0.9847933884297521,0.9558760631643056,0.9564258158660627,0.9561508604931331,177.52116894721985,811.1658916473389,0.007603305785123967,0.06322754431517426,0.16138755206980962,3
677,SRTsim,sim3,SRTsim_3_7,CellCharter,0.5683383004332443,0.682703109533637,0.6870284213232584,0.7414876033057851,0.6630270610785309,0.7035826903535374,0.6827031095336371,197.34743118286133,915.2747287750244,0.05388429752066116,0.06413993947996592,0.1283453771418726,3
678,SRTsim,sim3,SRTsim_3_8,CellCharter,0.9422050037966686,0.9387556360924811,0.9566729763826175,0.9778512396694214,0.9383326601317769,0.939178993558284,0.938755636092481,152.66783118247986,1019.6342277526855,0.0029752066115702478,0.06324397270132283,0.16172202178570885,3
679,SRTsim,sim3,SRTsim_3_9,CellCharter,0.5857708916701362,0.6934619349119248,0.7005713923958464,0.739504132231405,0.6725547070506143,0.7157107230210814,0.6934619349119248,172.06506323814392,1123.7438192367554,0.05090909090909091,0.06478472742494423,0.1571983358054271,3
680,SRTsim,sim3,SRTsim_3_1,CellCharter,0.9884197064961406,0.9834024216179498,0.9913149499083094,0.9957024793388429,0.9833821478377799,0.9834226962340809,0.9834024216179498,191.05189561843872,82.4641637802124,0.0023140495867768596,0.06299407883487045,0.1627862689575529,4
681,SRTsim,sim3,SRTsim_3_10,CellCharter,0.9478863485321776,0.9456042399689784,0.9609350100204291,0.9801652892561984,0.9451105500931634,0.9460984458840548,0.9456042399689782,172.1550331115723,1227.855351448059,0.003966942148760331,0.06315797759120663,0.16164310568744306,4
682,SRTsim,sim3,SRTsim_3_2,CellCharter,0.9866378773820175,0.9802610294759131,0.9899785446968842,0.9950413223140496,0.9802468772480083,0.9802751821124669,0.9802610294759131,169.55170702934265,163.4365472793579,0.003966942148760331,0.06299407883487045,0.16271825159241549,4
683,SRTsim,sim3,SRTsim_3_3,CellCharter,0.985755704976583,0.9784410645226483,0.9893168976190885,0.9947107438016529,0.978429521940198,0.9784526073774386,0.9784410645226483,151.15369749069214,325.38615131378174,0.003305785123966942,0.06301490332374149,0.162656827809156,4
684,SRTsim,sim3,SRTsim_3_4,CellCharter,0.974397904217884,0.9676358607157993,0.9807999693750815,0.9904132231404958,0.9675545543258652,0.9677171807717013,0.9676358607157994,155.73383259773254,487.2717170715332,0.006942148760330578,0.06328821465063807,0.16212537291905485,4
685,SRTsim,sim3,SRTsim_3_5,CellCharter,0.9271282197487621,0.9319046261233223,0.9454064352614564,0.9715702479338842,0.9308868782625,0.9329246018475598,0.9319046261233224,178.35040616989136,649.2786684036255,0.003966942148760331,0.06313985025696767,0.16201955126023845,4
686,SRTsim,sim3,SRTsim_3_6,CellCharter,0.6428368670497636,0.7532722546843398,0.7398919608612732,0.7953719008264463,0.7347642778055382,0.7727367193670267,0.7532722546843398,161.44845175743103,811.1648645401001,0.04462809917355372,0.06408635346472441,0.1260397380423554,4
687,SRTsim,sim3,SRTsim_3_7,CellCharter,0.6122511233580085,0.7455261658430602,0.735872672567224,0.7107438016528925,0.6924705828656904,0.8073863432874359,0.7455261658430603,165.7378647327423,915.2727651596068,0.03404958677685951,0.06450959938174447,0.15064458184787144,4
688,SRTsim,sim3,SRTsim_3_8,CellCharter,0.7291908650252713,0.807103399547853,0.8014562631661906,0.8624793388429752,0.7913378522462848,0.8235098992922388,0.807103399547853,159.43600153923035,1019.6361331939696,0.05619834710743802,0.06411780713428099,0.12344247318095779,4
689,SRTsim,sim3,SRTsim_3_9,CellCharter,0.9187746358133506,0.9143280936664718,0.9391394323639263,0.968595041322314,0.9134378810117372,0.9152200431698075,0.9143280936664717,173.7423837184906,1123.7441444396973,0.010247933884297521,0.0631274206242927,0.1597090351723918,4
690,SRTsim,sim3,SRTsim_3_1,CellCharter,0.5939919879446995,0.7299848695802773,0.7158328972407718,0.7454545454545455,0.6865715145655046,0.7792590517202324,0.7299848695802772,155.870628118515,82.4666051864624,0.02115702479338843,0.06337838214530668,0.15424032056567197,5
691,SRTsim,sim3,SRTsim_3_10,CellCharter,0.9580730943865315,0.9509383766071023,0.9685615697261458,0.9841322314049586,0.9507261736249898,0.9511506743381761,0.9509383766071023,190.94111132621765,1227.8546695709229,0.005289256198347108,0.06380703366138757,0.16170316545160532,5
692,SRTsim,sim3,SRTsim_3_2,CellCharter,0.9822204705955058,0.9746154840456792,0.9866655718054274,0.9933884297520661,0.9745985372872022,0.9746324313935223,0.9746154840456792,144.02420687675476,163.43778324127197,0.0049586776859504135,0.06299407883487045,0.1630229402689751,5
693,SRTsim,sim3,SRTsim_3_3,CellCharter,0.9365552765376894,0.9375135469492185,0.9524542102803946,0.9755371900826446,0.9367704385637902,0.9382578352362473,0.9375135469492185,155.3167963027954,325.38629055023193,0.0059504132231404955,0.06325504504287402,0.16078709270332592,5
694,SRTsim,sim3,SRTsim_3_4,CellCharter,0.6406832247245634,0.7541860236310958,0.7418886674788987,0.7775206611570248,0.7278086103258296,0.7825472891962337,0.754186023631096,171.40228724479675,487.2686109542847,0.03471074380165289,0.06368106766271177,0.13170591092434297,5
695,SRTsim,sim3,SRTsim_3_5,CellCharter,0.9901943494056648,0.986227610379947,0.9926458931410551,0.9963636363636363,0.9862091248008222,0.986246096652075,0.9862276103799471,172.26340889930725,649.2824554443359,0.002644628099173554,0.06307023095549198,0.1624861994467811,5
696,SRTsim,sim3,SRTsim_3_6,CellCharter,0.9708563281865088,0.9620926128227818,0.9781432393876586,0.9890909090909091,0.962046382492446,0.9621388475964505,0.9620926128227819,196.7107145786285,811.1655282974243,0.007603305785123967,0.06320908242223715,0.162525294833487,5
697,SRTsim,sim3,SRTsim_3_7,CellCharter,0.6316535965249584,0.743747478275069,0.7345584627791083,0.7722314049586777,0.7195140632797044,0.769670163362408,0.7437474782750692,191.581636428833,915.2727975845336,0.05619834710743802,0.06404012584225373,0.12090293771994982,5
698,SRTsim,sim3,SRTsim_3_8,CellCharter,0.6667920393687189,0.7527420327405598,0.755141765167009,0.8231404958677686,0.7394023308176839,0.7665719062830991,0.7527420327405598,171.4429111480713,1019.6355094909668,0.06743801652892562,0.06442716574733283,0.13093795655455945,5
699,SRTsim,sim3,SRTsim_3_9,CellCharter,0.922328690824003,0.927811451059459,0.9418180120574868,0.9695867768595041,0.9266855272416107,0.9289401142026601,0.927811451059459,153.43400931358337,1123.7426404953003,0.007603305785123967,0.06345064137019837,0.158618336167579,5
