,Rep,Technology,Dataset,Sample,Method,ARI,NMI,FMI,Purity,Homogeneity,Completeness,V_measure,Time,Memory,PAS,CHAOS,ASW
0,1,SRTsim,sim6,SRTsim_6_1,BASS,0.9991027157279241,0.9981759656718702,0.999327036894128,0.9996694214876033,0.9981758110528235,0.9981761202909648,0.9981759656718702,678.4027500152588,998.4,0.00033057851239669424,0.06299407883487033,0.1631059649955207
1,1,SRTsim,sim6,SRTsim_6_10,BASS,0.34243746647508044,0.4623799655643088,0.5759131877952735,0.548099173553719,0.3883546413706291,0.5712715801262813,0.4623799655643087,796.6235699653625,998.9,0.04528925619834711,0.06326742665048692,-0.05248477631821088
2,1,SRTsim,sim6,SRTsim_6_2,BASS,0.9991347962894188,0.9981847947491789,0.9993511028131642,0.9996694214876033,0.9981758110528232,0.9981937786072448,0.9981847947491789,777.6752700805664,998.5,0.00033057851239669424,0.06299407883487035,0.1628539129813086
3,1,SRTsim,sim6,SRTsim_6_3,BASS,0.9954642907440269,0.9916439604967273,0.9966011668455769,0.9983471074380166,0.9916595363821253,0.9916283851006189,0.9916439604967273,685.6027398109436,998.6,0.001322314049586777,0.06299407883487035,0.16303464414853952
4,1,SRTsim,sim6,SRTsim_6_4,BASS,0.9931005791886811,0.9877317870203164,0.9948252823272403,0.9973553719008265,0.9877646282835844,0.9876989479407928,0.9877317870203165,665.7519099712372,998.6,0.001652892561983471,0.06299407883487036,0.16278016318083482
5,1,SRTsim,sim6,SRTsim_6_5,BASS,0.9846754352451689,0.9752638131108662,0.9885177058241338,0.9943801652892562,0.9751767039120157,0.9753509378734403,0.9752638131108662,803.8094301223755,998.6,0.003305785123966942,0.06328562167906479,0.1624117661354814
6,1,SRTsim,sim6,SRTsim_6_6,BASS,0.9919582620214304,0.9860292936408791,0.9939686991542518,0.9970247933884298,0.9860288356264584,0.9860297516557253,0.986029293640879,720.6361601352692,998.7,0.001652892561983471,0.06299407883487036,0.16310897429060142
7,1,SRTsim,sim6,SRTsim_6_7,BASS,0.9737990298830763,0.9569885066301693,0.9803485677681609,0.9900826446280991,0.9570266585180304,0.9569503577840388,0.9569885066301694,717.8769400119781,998.8,0.00628099173553719,0.06391035634519576,0.16167745589896654
8,1,SRTsim,sim6,SRTsim_6_8,BASS,0.9638969505703666,0.9501988574594737,0.972919276494778,0.9861157024793389,0.9503342019587201,0.9500635515056675,0.9501988574594737,710.1954400539398,998.8,0.007603305785123967,0.06378700893306331,0.16129315475917413
9,1,SRTsim,sim6,SRTsim_6_9,BASS,0.9033919251520951,0.8865056933895211,0.9276189763246565,0.9619834710743802,0.8863540006378496,0.8866574380722034,0.8865056933895211,801.4974699020386,998.9,0.015206611570247934,0.06431329244274353,0.15764744641425757
10,2,SRTsim,sim6,SRTsim_6_1,BASS,0.9991027157279241,0.9981759656718702,0.999327036894128,0.9996694214876033,0.9981758110528235,0.9981761202909648,0.9981759656718702,678.9509501457214,998.9,0.00033057851239669424,0.06299407883487033,0.1631059649955207
11,2,SRTsim,sim6,SRTsim_6_10,BASS,0.34243746647508044,0.4623799655643088,0.5759131877952735,0.548099173553719,0.3883546413706291,0.5712715801262813,0.4623799655643087,870.2314898967743,943.2,0.04528925619834711,0.06326742665048692,-0.05248477631821088
12,2,SRTsim,sim6,SRTsim_6_2,BASS,0.9991347962894188,0.9981847947491789,0.9993511028131642,0.9996694214876033,0.9981758110528232,0.9981937786072448,0.9981847947491789,778.4536700248718,999.0,0.00033057851239669424,0.06299407883487035,0.1628539129813086
13,2,SRTsim,sim6,SRTsim_6_3,BASS,0.9954642907440269,0.9916439604967273,0.9966011668455769,0.9983471074380166,0.9916595363821253,0.9916283851006189,0.9916439604967273,684.3653998374939,999.0,0.001322314049586777,0.06299407883487035,0.16303464414853952
14,2,SRTsim,sim6,SRTsim_6_4,BASS,0.9931005791886811,0.9877317870203164,0.9948252823272403,0.9973553719008265,0.9877646282835844,0.9876989479407928,0.9877317870203165,683.727420091629,999.1,0.001652892561983471,0.06299407883487036,0.16278016318083482
15,2,SRTsim,sim6,SRTsim_6_5,BASS,0.9846754352451689,0.9752638131108662,0.9885177058241338,0.9943801652892562,0.9751767039120157,0.9753509378734403,0.9752638131108662,785.8863201141357,999.1,0.003305785123966942,0.06328562167906479,0.1624117661354814
16,2,SRTsim,sim6,SRTsim_6_6,BASS,0.9919582620214304,0.9860292936408791,0.9939686991542518,0.9970247933884298,0.9860288356264584,0.9860297516557253,0.986029293640879,707.3374600410461,943.1,0.001652892561983471,0.06299407883487036,0.16310897429060142
17,2,SRTsim,sim6,SRTsim_6_7,BASS,0.9737990298830763,0.9569885066301693,0.9803485677681609,0.9900826446280991,0.9570266585180304,0.9569503577840388,0.9569885066301694,754.0178401470184,943.1,0.00628099173553719,0.06391035634519576,0.16167745589896654
18,2,SRTsim,sim6,SRTsim_6_8,BASS,0.9638969505703666,0.9501988574594737,0.972919276494778,0.9861157024793389,0.9503342019587201,0.9500635515056675,0.9501988574594737,748.4525902271271,943.1,0.007603305785123967,0.06378700893306331,0.16129315475917413
19,2,SRTsim,sim6,SRTsim_6_9,BASS,0.9033919251520951,0.8865056933895211,0.9276189763246565,0.9619834710743802,0.8863540006378496,0.8866574380722034,0.8865056933895211,804.9918599128723,943.1,0.015206611570247934,0.06431329244274353,0.15764744641425757
20,3,SRTsim,sim6,SRTsim_6_1,BASS,0.9991027157279241,0.9981759656718702,0.999327036894128,0.9996694214876033,0.9981758110528235,0.9981761202909648,0.9981759656718702,662.4838900566101,943.2,0.00033057851239669424,0.06299407883487033,0.1631059649955207
21,3,SRTsim,sim6,SRTsim_6_10,BASS,0.34243746647508044,0.4623799655643088,0.5759131877952735,0.548099173553719,0.3883546413706291,0.5712715801262813,0.4623799655643087,821.5018100738525,943.7,0.04528925619834711,0.06326742665048692,-0.05248477631821088
22,3,SRTsim,sim6,SRTsim_6_2,BASS,0.9991347962894188,0.9981847947491789,0.9993511028131642,0.9996694214876033,0.9981758110528232,0.9981937786072448,0.9981847947491789,774.3235700130463,943.2,0.00033057851239669424,0.06299407883487035,0.1628539129813086
23,3,SRTsim,sim6,SRTsim_6_3,BASS,0.9954642907440269,0.9916439604967273,0.9966011668455769,0.9983471074380166,0.9916595363821253,0.9916283851006189,0.9916439604967273,679.3972699642181,943.2,0.001322314049586777,0.06299407883487035,0.16303464414853952
24,3,SRTsim,sim6,SRTsim_6_4,BASS,0.9931005791886811,0.9877317870203164,0.9948252823272403,0.9973553719008265,0.9877646282835844,0.9876989479407928,0.9877317870203165,697.1602900028229,943.3,0.001652892561983471,0.06299407883487036,0.16278016318083482
25,3,SRTsim,sim6,SRTsim_6_5,BASS,0.9846754352451689,0.9752638131108662,0.9885177058241338,0.9943801652892562,0.9751767039120157,0.9753509378734403,0.9752638131108662,842.051609992981,943.4,0.003305785123966942,0.06328562167906479,0.1624117661354814
26,3,SRTsim,sim6,SRTsim_6_6,BASS,0.9919582620214304,0.9860292936408791,0.9939686991542518,0.9970247933884298,0.9860288356264584,0.9860297516557253,0.986029293640879,669.8989200592041,943.4,0.001652892561983471,0.06299407883487036,0.16310897429060142
27,3,SRTsim,sim6,SRTsim_6_7,BASS,0.9737990298830763,0.9569885066301693,0.9803485677681609,0.9900826446280991,0.9570266585180304,0.9569503577840388,0.9569885066301694,728.7548501491547,943.5,0.00628099173553719,0.06391035634519576,0.16167745589896654
28,3,SRTsim,sim6,SRTsim_6_8,BASS,0.9638969505703666,0.9501988574594737,0.972919276494778,0.9861157024793389,0.9503342019587201,0.9500635515056675,0.9501988574594737,730.5037400722504,943.5,0.007603305785123967,0.06378700893306331,0.16129315475917413
29,3,SRTsim,sim6,SRTsim_6_9,BASS,0.9033919251520951,0.8865056933895211,0.9276189763246565,0.9619834710743802,0.8863540006378496,0.8866574380722034,0.8865056933895211,771.4043297767639,943.6,0.015206611570247934,0.06431329244274353,0.15764744641425757
30,4,SRTsim,sim6,SRTsim_6_1,BASS,0.9991027157279241,0.9981759656718702,0.999327036894128,0.9996694214876033,0.9981758110528235,0.9981761202909648,0.9981759656718702,670.7970898151398,943.7,0.00033057851239669424,0.06299407883487033,0.1631059649955207
31,4,SRTsim,sim6,SRTsim_6_10,BASS,0.34243746647508044,0.4623799655643088,0.5759131877952735,0.548099173553719,0.3883546413706291,0.5712715801262813,0.4623799655643087,807.5376000404358,943.9,0.04528925619834711,0.06326742665048692,-0.05248477631821088
32,4,SRTsim,sim6,SRTsim_6_2,BASS,0.9991347962894188,0.9981847947491789,0.9993511028131642,0.9996694214876033,0.9981758110528232,0.9981937786072448,0.9981847947491789,809.8975098133087,943.7,0.00033057851239669424,0.06299407883487035,0.1628539129813086
33,4,SRTsim,sim6,SRTsim_6_3,BASS,0.9954642907440269,0.9916439604967273,0.9966011668455769,0.9983471074380166,0.9916595363821253,0.9916283851006189,0.9916439604967273,709.2679500579834,943.7,0.001322314049586777,0.06299407883487035,0.16303464414853952
34,4,SRTsim,sim6,SRTsim_6_4,BASS,0.9931005791886811,0.9877317870203164,0.9948252823272403,0.9973553719008265,0.9877646282835844,0.9876989479407928,0.9877317870203165,698.9195702075958,943.8,0.001652892561983471,0.06299407883487036,0.16278016318083482
35,4,SRTsim,sim6,SRTsim_6_5,BASS,0.9846754352451689,0.9752638131108662,0.9885177058241338,0.9943801652892562,0.9751767039120157,0.9753509378734403,0.9752638131108662,759.478189945221,943.8,0.003305785123966942,0.06328562167906479,0.1624117661354814
36,4,SRTsim,sim6,SRTsim_6_6,BASS,0.9919582620214304,0.9860292936408791,0.9939686991542518,0.9970247933884298,0.9860288356264584,0.9860297516557253,0.986029293640879,733.0686500072479,943.8,0.001652892561983471,0.06299407883487036,0.16310897429060142
37,4,SRTsim,sim6,SRTsim_6_7,BASS,0.9737990298830763,0.9569885066301693,0.9803485677681609,0.9900826446280991,0.9570266585180304,0.9569503577840388,0.9569885066301694,738.4298198223114,943.9,0.00628099173553719,0.06391035634519576,0.16167745589896654
38,4,SRTsim,sim6,SRTsim_6_8,BASS,0.9638969505703666,0.9501988574594737,0.972919276494778,0.9861157024793389,0.9503342019587201,0.9500635515056675,0.9501988574594737,681.5766000747681,943.9,0.007603305785123967,0.06378700893306331,0.16129315475917413
39,4,SRTsim,sim6,SRTsim_6_9,BASS,0.9033919251520951,0.8865056933895211,0.9276189763246565,0.9619834710743802,0.8863540006378496,0.8866574380722034,0.8865056933895211,753.3434998989105,943.9,0.015206611570247934,0.06431329244274353,0.15764744641425757
40,5,SRTsim,sim6,SRTsim_6_1,BASS,0.9991027157279241,0.9981759656718702,0.999327036894128,0.9996694214876033,0.9981758110528235,0.9981761202909648,0.9981759656718702,669.5859999656677,944.0,0.00033057851239669424,0.06299407883487033,0.1631059649955207
41,5,SRTsim,sim6,SRTsim_6_10,BASS,0.34243746647508044,0.4623799655643088,0.5759131877952735,0.548099173553719,0.3883546413706291,0.5712715801262813,0.4623799655643087,828.9502499103546,890.2,0.04528925619834711,0.06326742665048692,-0.05248477631821088
42,5,SRTsim,sim6,SRTsim_6_2,BASS,0.9991347962894188,0.9981847947491789,0.9993511028131642,0.9996694214876033,0.9981758110528232,0.9981937786072448,0.9981847947491789,766.1517498493195,944.0,0.00033057851239669424,0.06299407883487035,0.1628539129813086
43,5,SRTsim,sim6,SRTsim_6_3,BASS,0.9954642907440269,0.9916439604967273,0.9966011668455769,0.9983471074380166,0.9916595363821253,0.9916283851006189,0.9916439604967273,690.6417100429535,944.0,0.001322314049586777,0.06299407883487035,0.16303464414853952
44,5,SRTsim,sim6,SRTsim_6_4,BASS,0.9931005791886811,0.9877317870203164,0.9948252823272403,0.9973553719008265,0.9877646282835844,0.9876989479407928,0.9877317870203165,691.9710199832916,944.0,0.001652892561983471,0.06299407883487036,0.16278016318083482
45,5,SRTsim,sim6,SRTsim_6_5,BASS,0.9846754352451689,0.9752638131108662,0.9885177058241338,0.9943801652892562,0.9751767039120157,0.9753509378734403,0.9752638131108662,804.1525399684906,944.0,0.003305785123966942,0.06328562167906479,0.1624117661354814
46,5,SRTsim,sim6,SRTsim_6_6,BASS,0.9919582620214304,0.9860292936408791,0.9939686991542518,0.9970247933884298,0.9860288356264584,0.9860297516557253,0.986029293640879,689.9111099243164,944.0,0.001652892561983471,0.06299407883487036,0.16310897429060142
47,5,SRTsim,sim6,SRTsim_6_7,BASS,0.9737990298830763,0.9569885066301693,0.9803485677681609,0.9900826446280991,0.9570266585180304,0.9569503577840388,0.9569885066301694,717.6245000362396,944.1,0.00628099173553719,0.06391035634519576,0.16167745589896654
48,5,SRTsim,sim6,SRTsim_6_8,BASS,0.9638969505703666,0.9501988574594737,0.972919276494778,0.9861157024793389,0.9503342019587201,0.9500635515056675,0.9501988574594737,664.8375601768494,944.1,0.007603305785123967,0.06378700893306331,0.16129315475917413
49,5,SRTsim,sim6,SRTsim_6_9,BASS,0.9033919251520951,0.8865056933895211,0.9276189763246565,0.9619834710743802,0.8863540006378496,0.8866574380722034,0.8865056933895211,745.9987800121307,890.1,0.015206611570247934,0.06431329244274353,0.15764744641425757
50,1,SRTsim,sim6,SRTsim_6_1,BayesSpace,0.9910703093616577,0.9847433880737152,0.99330273592747,0.996694214876033,0.9847427779199242,0.9847439982282622,0.984743388073715,1796.277960062027,5989.8,0.003305785123966942,0.06427009792430366,0.1614855585994237
51,1,SRTsim,sim6,SRTsim_6_10,BayesSpace,0.27919995725853264,0.3089506482934995,0.5194532803502231,0.46479338842975204,0.2675067013161651,0.3655903823529085,0.30895064829349944,1733.025099992752,5989.3,0.1652892561983471,0.07124320222540109,0.0845504429526011
52,1,SRTsim,sim6,SRTsim_6_2,BayesSpace,0.7185696333560229,0.8448478356686766,0.8175606974261368,0.7636363636363637,0.7420069771084138,0.9807825703982072,0.8448478356686766,1622.349809885025,5989.3,0.003966942148760331,0.06323474925943709,0.2131103162246489
53,1,SRTsim,sim6,SRTsim_6_3,BayesSpace,0.9675151701378262,0.9566522279699095,0.9756571416348145,0.988099173553719,0.9566836195883819,0.956620838411473,0.9566522279699095,1606.8358898162842,5989.3,0.011900826446280991,0.06462297415289313,0.15723921206110428
54,1,SRTsim,sim6,SRTsim_6_4,BayesSpace,0.960977176875498,0.9441200306496581,0.9707324527276476,0.9847933884297521,0.9441353820697789,0.9441046797287502,0.9441200306496581,1720.9679200649261,5989.3,0.013553719008264463,0.0648787115771681,0.158832212016222
55,1,SRTsim,sim6,SRTsim_6_5,BayesSpace,0.9479960093073542,0.9267504239157941,0.9610309525952059,0.980495867768595,0.9267601299380313,0.9267407180968585,0.9267504239157941,1696.6161000728607,5989.3,0.019504132231404958,0.06502145684227767,0.15580011631674529
56,1,SRTsim,sim6,SRTsim_6_6,BayesSpace,0.938230171304306,0.9172587295653963,0.9536732707687184,0.9765289256198347,0.9172456723373267,0.9172717871652173,0.9172587295653964,1696.1537702083588,5989.3,0.02181818181818182,0.06531865671646406,0.15506377973403396
57,1,SRTsim,sim6,SRTsim_6_7,BayesSpace,0.68197767695063,0.7815757211572582,0.78947518450489,0.7401652892561984,0.6888469636380788,0.9031531948632259,0.7815757211572583,1657.4025502204895,5989.3,0.02115702479338843,0.06463347494044139,0.20654781292764762
58,1,SRTsim,sim6,SRTsim_6_8,BayesSpace,0.8502067792589518,0.8179498184869772,0.8876729759423293,0.9398347107438016,0.8178074648801609,0.8180922216606619,0.8179498184869773,1568.667720079422,5989.3,0.05057851239669422,0.0668126269070645,0.14451423473449884
59,1,SRTsim,sim6,SRTsim_6_9,BayesSpace,0.5449996980157694,0.576268754936625,0.6740663286607982,0.716694214876033,0.5482147667436869,0.6073488315467724,0.576268754936625,1828.5312402248383,5989.3,0.12231404958677686,0.06877517350061031,0.13400799369215013
60,2,SRTsim,sim6,SRTsim_6_1,BayesSpace,0.9910703093616577,0.9847433880737152,0.99330273592747,0.996694214876033,0.9847427779199242,0.9847439982282622,0.984743388073715,1635.8817100524902,5989.3,0.003305785123966942,0.06427009792430366,0.1614855585994237
61,2,SRTsim,sim6,SRTsim_6_10,BayesSpace,0.27919995725853264,0.3089506482934995,0.5194532803502231,0.46479338842975204,0.2675067013161651,0.3655903823529085,0.30895064829349944,1630.8917899131775,5989.3,0.1652892561983471,0.07124320222540109,0.0845504429526011
62,2,SRTsim,sim6,SRTsim_6_2,BayesSpace,0.7185696333560229,0.8448478356686766,0.8175606974261368,0.7636363636363637,0.7420069771084138,0.9807825703982072,0.8448478356686766,1724.118910074234,5989.3,0.003966942148760331,0.06323474925943709,0.2131103162246489
63,2,SRTsim,sim6,SRTsim_6_3,BayesSpace,0.9675151701378262,0.9566522279699095,0.9756571416348145,0.988099173553719,0.9566836195883819,0.956620838411473,0.9566522279699095,1722.1558201313019,5989.3,0.011900826446280991,0.06462297415289313,0.15723921206110428
64,2,SRTsim,sim6,SRTsim_6_4,BayesSpace,0.960977176875498,0.9441200306496581,0.9707324527276476,0.9847933884297521,0.9441353820697789,0.9441046797287502,0.9441200306496581,1436.5584399700165,5989.3,0.013553719008264463,0.0648787115771681,0.158832212016222
65,2,SRTsim,sim6,SRTsim_6_5,BayesSpace,0.9479960093073542,0.9267504239157941,0.9610309525952059,0.980495867768595,0.9267601299380313,0.9267407180968585,0.9267504239157941,1437.837520122528,5989.3,0.019504132231404958,0.06502145684227767,0.15580011631674529
66,2,SRTsim,sim6,SRTsim_6_6,BayesSpace,0.938230171304306,0.9172587295653963,0.9536732707687184,0.9765289256198347,0.9172456723373267,0.9172717871652173,0.9172587295653964,1439.794970035553,5989.3,0.02181818181818182,0.06531865671646406,0.15506377973403396
67,2,SRTsim,sim6,SRTsim_6_7,BayesSpace,0.68197767695063,0.7815757211572582,0.78947518450489,0.7401652892561984,0.6888469636380788,0.9031531948632259,0.7815757211572583,1437.1829900741577,5989.3,0.02115702479338843,0.06463347494044139,0.20654781292764762
68,2,SRTsim,sim6,SRTsim_6_8,BayesSpace,0.8502067792589518,0.8179498184869772,0.8876729759423293,0.9398347107438016,0.8178074648801609,0.8180922216606619,0.8179498184869773,1438.4279201030731,5989.3,0.05057851239669422,0.0668126269070645,0.14451423473449884
69,2,SRTsim,sim6,SRTsim_6_9,BayesSpace,0.5449996980157694,0.576268754936625,0.6740663286607982,0.716694214876033,0.5482147667436869,0.6073488315467724,0.576268754936625,1442.3987200260162,5989.3,0.12231404958677686,0.06877517350061031,0.13400799369215013
70,3,SRTsim,sim6,SRTsim_6_1,BayesSpace,0.9910703093616577,0.9847433880737152,0.99330273592747,0.996694214876033,0.9847427779199242,0.9847439982282622,0.984743388073715,1436.590919971466,5989.3,0.003305785123966942,0.06427009792430366,0.1614855585994237
71,3,SRTsim,sim6,SRTsim_6_10,BayesSpace,0.27919995725853264,0.3089506482934995,0.5194532803502231,0.46479338842975204,0.2675067013161651,0.3655903823529085,0.30895064829349944,1438.2048599720001,5989.3,0.1652892561983471,0.07124320222540109,0.0845504429526011
72,3,SRTsim,sim6,SRTsim_6_2,BayesSpace,0.7185696333560229,0.8448478356686766,0.8175606974261368,0.7636363636363637,0.7420069771084138,0.9807825703982072,0.8448478356686766,1434.8643498420715,5989.3,0.003966942148760331,0.06323474925943709,0.2131103162246489
73,3,SRTsim,sim6,SRTsim_6_3,BayesSpace,0.9675151701378262,0.9566522279699095,0.9756571416348145,0.988099173553719,0.9566836195883819,0.956620838411473,0.9566522279699095,1432.9775099754333,5989.3,0.011900826446280991,0.06462297415289313,0.15723921206110428
74,3,SRTsim,sim6,SRTsim_6_4,BayesSpace,0.960977176875498,0.9441200306496581,0.9707324527276476,0.9847933884297521,0.9441353820697789,0.9441046797287502,0.9441200306496581,1434.006259918213,5989.3,0.013553719008264463,0.0648787115771681,0.158832212016222
75,3,SRTsim,sim6,SRTsim_6_5,BayesSpace,0.9479960093073542,0.9267504239157941,0.9610309525952059,0.980495867768595,0.9267601299380313,0.9267407180968585,0.9267504239157941,1433.6293199062347,5989.3,0.019504132231404958,0.06502145684227767,0.15580011631674529
76,3,SRTsim,sim6,SRTsim_6_6,BayesSpace,0.938230171304306,0.9172587295653963,0.9536732707687184,0.9765289256198347,0.9172456723373267,0.9172717871652173,0.9172587295653964,1436.4770801067352,5989.3,0.02181818181818182,0.06531865671646406,0.15506377973403396
77,3,SRTsim,sim6,SRTsim_6_7,BayesSpace,0.68197767695063,0.7815757211572582,0.78947518450489,0.7401652892561984,0.6888469636380788,0.9031531948632259,0.7815757211572583,1434.5776598453522,5989.3,0.02115702479338843,0.06463347494044139,0.20654781292764762
78,3,SRTsim,sim6,SRTsim_6_8,BayesSpace,0.8502067792589518,0.8179498184869772,0.8876729759423293,0.9398347107438016,0.8178074648801609,0.8180922216606619,0.8179498184869773,1437.7876501083374,5989.3,0.05057851239669422,0.0668126269070645,0.14451423473449884
79,3,SRTsim,sim6,SRTsim_6_9,BayesSpace,0.5449996980157694,0.576268754936625,0.6740663286607982,0.716694214876033,0.5482147667436869,0.6073488315467724,0.576268754936625,1438.474620103836,5989.3,0.12231404958677686,0.06877517350061031,0.13400799369215013
80,4,SRTsim,sim6,SRTsim_6_1,BayesSpace,0.9910703093616577,0.9847433880737152,0.99330273592747,0.996694214876033,0.9847427779199242,0.9847439982282622,0.984743388073715,1428.064610004425,5989.3,0.003305785123966942,0.06427009792430366,0.1614855585994237
81,4,SRTsim,sim6,SRTsim_6_10,BayesSpace,0.27919995725853264,0.3089506482934995,0.5194532803502231,0.46479338842975204,0.2675067013161651,0.3655903823529085,0.30895064829349944,1437.4392402172089,5989.3,0.1652892561983471,0.07124320222540109,0.0845504429526011
82,4,SRTsim,sim6,SRTsim_6_2,BayesSpace,0.7185696333560229,0.8448478356686766,0.8175606974261368,0.7636363636363637,0.7420069771084138,0.9807825703982072,0.8448478356686766,1431.6771399974823,5989.3,0.003966942148760331,0.06323474925943709,0.2131103162246489
83,4,SRTsim,sim6,SRTsim_6_3,BayesSpace,0.9675151701378262,0.9566522279699095,0.9756571416348145,0.988099173553719,0.9566836195883819,0.956620838411473,0.9566522279699095,1430.671530008316,5989.3,0.011900826446280991,0.06462297415289313,0.15723921206110428
84,4,SRTsim,sim6,SRTsim_6_4,BayesSpace,0.960977176875498,0.9441200306496581,0.9707324527276476,0.9847933884297521,0.9441353820697789,0.9441046797287502,0.9441200306496581,1433.0450699329376,5989.3,0.013553719008264463,0.0648787115771681,0.158832212016222
85,4,SRTsim,sim6,SRTsim_6_5,BayesSpace,0.9479960093073542,0.9267504239157941,0.9610309525952059,0.980495867768595,0.9267601299380313,0.9267407180968585,0.9267504239157941,1431.1907999515533,5989.3,0.019504132231404958,0.06502145684227767,0.15580011631674529
86,4,SRTsim,sim6,SRTsim_6_6,BayesSpace,0.938230171304306,0.9172587295653963,0.9536732707687184,0.9765289256198347,0.9172456723373267,0.9172717871652173,0.9172587295653964,1435.4466202259064,5989.3,0.02181818181818182,0.06531865671646406,0.15506377973403396
87,4,SRTsim,sim6,SRTsim_6_7,BayesSpace,0.68197767695063,0.7815757211572582,0.78947518450489,0.7401652892561984,0.6888469636380788,0.9031531948632259,0.7815757211572583,1434.9012298583984,5989.3,0.02115702479338843,0.06463347494044139,0.20654781292764762
88,4,SRTsim,sim6,SRTsim_6_8,BayesSpace,0.8502067792589518,0.8179498184869772,0.8876729759423293,0.9398347107438016,0.8178074648801609,0.8180922216606619,0.8179498184869773,1436.2219099998474,5989.3,0.05057851239669422,0.0668126269070645,0.14451423473449884
89,4,SRTsim,sim6,SRTsim_6_9,BayesSpace,0.5449996980157694,0.576268754936625,0.6740663286607982,0.716694214876033,0.5482147667436869,0.6073488315467724,0.576268754936625,1435.7119998931885,5989.3,0.12231404958677686,0.06877517350061031,0.13400799369215013
90,5,SRTsim,sim6,SRTsim_6_1,BayesSpace,0.9910703093616577,0.9847433880737152,0.99330273592747,0.996694214876033,0.9847427779199242,0.9847439982282622,0.984743388073715,1431.5660300254822,5989.3,0.003305785123966942,0.06427009792430366,0.1614855585994237
91,5,SRTsim,sim6,SRTsim_6_10,BayesSpace,0.27919995725853264,0.3089506482934995,0.5194532803502231,0.46479338842975204,0.2675067013161651,0.3655903823529085,0.30895064829349944,1435.411329984665,5989.3,0.1652892561983471,0.07124320222540109,0.0845504429526011
92,5,SRTsim,sim6,SRTsim_6_2,BayesSpace,0.7185696333560229,0.8448478356686766,0.8175606974261368,0.7636363636363637,0.7420069771084138,0.9807825703982072,0.8448478356686766,1431.2063999176025,5989.3,0.003966942148760331,0.06323474925943709,0.2131103162246489
93,5,SRTsim,sim6,SRTsim_6_3,BayesSpace,0.9675151701378262,0.9566522279699095,0.9756571416348145,0.988099173553719,0.9566836195883819,0.956620838411473,0.9566522279699095,1433.8960700035095,5989.3,0.011900826446280991,0.06462297415289313,0.15723921206110428
94,5,SRTsim,sim6,SRTsim_6_4,BayesSpace,0.960977176875498,0.9441200306496581,0.9707324527276476,0.9847933884297521,0.9441353820697789,0.9441046797287502,0.9441200306496581,1432.2200999259949,5989.3,0.013553719008264463,0.0648787115771681,0.158832212016222
95,5,SRTsim,sim6,SRTsim_6_5,BayesSpace,0.9479960093073542,0.9267504239157941,0.9610309525952059,0.980495867768595,0.9267601299380313,0.9267407180968585,0.9267504239157941,1432.2937099933624,5989.3,0.019504132231404958,0.06502145684227767,0.15580011631674529
96,5,SRTsim,sim6,SRTsim_6_6,BayesSpace,0.938230171304306,0.9172587295653963,0.9536732707687184,0.9765289256198347,0.9172456723373267,0.9172717871652173,0.9172587295653964,1434.8434700965881,5989.3,0.02181818181818182,0.06531865671646406,0.15506377973403396
97,5,SRTsim,sim6,SRTsim_6_7,BayesSpace,0.68197767695063,0.7815757211572582,0.78947518450489,0.7401652892561984,0.6888469636380788,0.9031531948632259,0.7815757211572583,1432.830090045929,5989.3,0.02115702479338843,0.06463347494044139,0.20654781292764762
98,5,SRTsim,sim6,SRTsim_6_8,BayesSpace,0.8502067792589518,0.8179498184869772,0.8876729759423293,0.9398347107438016,0.8178074648801609,0.8180922216606619,0.8179498184869773,1435.0109598636627,5989.3,0.05057851239669422,0.0668126269070645,0.14451423473449884
99,5,SRTsim,sim6,SRTsim_6_9,BayesSpace,0.5449996980157694,0.576268754936625,0.6740663286607982,0.716694214876033,0.5482147667436869,0.6073488315467724,0.576268754936625,1440.8472900390625,5989.3,0.12231404958677686,0.06877517350061031,0.13400799369215013
100,1,SRTsim,sim6,SRTsim_6_1,PRECAST,1.0,1.0000000000000002,1.0,1.0,1.0000000000000002,1.0,1.0000000000000002,80.49746990203857,287.8,0.0,0.06299407883487035,0.1630675108301148
101,1,SRTsim,sim6,SRTsim_6_10,PRECAST,0.019015278599919257,0.020521739408921748,0.3108490687281215,0.3117355371900826,0.019217211504602292,0.022016277151088306,0.020521739408921748,84.67641997337341,658.7,0.4419834710743802,0.07070200756966936,-0.027817384813751546
102,1,SRTsim,sim6,SRTsim_6_2,PRECAST,0.7143930767766106,0.8464163324667382,0.8140868275444251,0.7636363636363637,0.7517306088536678,0.9683920828573482,0.8464163324667382,77.04249000549316,372.5,0.0023140495867768596,0.06299407883487036,0.18037794196351473
103,1,SRTsim,sim6,SRTsim_6_3,PRECAST,0.3443342726988702,0.47009065553785234,0.5552266009605065,0.5752066115702479,0.41666936067318255,0.539224820001241,0.47009065553785234,76.53234004974365,459.8,0.10082644628099173,0.06599437231452758,0.06204221743542612
104,1,SRTsim,sim6,SRTsim_6_4,PRECAST,0.3434822258860103,0.48901238194103364,0.5869774706582587,0.5358677685950414,0.41124900150264526,0.6030420536690269,0.4890123819410337,60.72264003753662,606.3,0.08892561983471074,0.06586443904774922,0.08434169248362869
105,1,SRTsim,sim6,SRTsim_6_5,PRECAST,0.3498967923239606,0.4223193744110014,0.5166199562267906,0.5844628099173553,0.41862762475368626,0.42607681622149146,0.4223193744110014,72.68500995635986,646.4,0.2228099173553719,0.06986294103459345,0.06021568132169332
106,1,SRTsim,sim6,SRTsim_6_6,PRECAST,0.5108911349343639,0.5524919593404117,0.6346156568561957,0.7057851239669422,0.5500962648780653,0.5549086117942846,0.5524919593404117,70.88423991203308,699.4,0.15305785123966942,0.06888179049546549,0.07192866189461204
107,1,SRTsim,sim6,SRTsim_6_7,PRECAST,0.3144535860924523,0.4468424520349361,0.581527268631292,0.5173553719008265,0.3476803561252236,0.6251385420155868,0.4468424520349362,71.96774005889893,743.0,0.04330578512396694,0.06495321377057292,0.015375047543967329
108,1,SRTsim,sim6,SRTsim_6_8,PRECAST,0.33530205732962554,0.4700145655389275,0.592509200966092,0.5322314049586777,0.3673518439861157,0.6523151226003436,0.4700145655389275,66.75671005249023,568.2,0.04033057851239669,0.06412825108027156,-0.0423919271774951
109,1,SRTsim,sim6,SRTsim_6_9,PRECAST,0.024709241112723827,0.028630900238518667,0.31851625050820775,0.32066115702479336,0.026545935605295452,0.031071294550044905,0.028630900238518667,73.84959006309509,605.6,0.4333884297520661,0.07178223653265521,-0.029179820735166048
110,2,SRTsim,sim6,SRTsim_6_1,PRECAST,1.0,1.0000000000000002,1.0,1.0,1.0000000000000002,1.0,1.0000000000000002,74.95565009117126,316.9,0.0,0.06299407883487035,0.1630675108301148
111,2,SRTsim,sim6,SRTsim_6_10,PRECAST,0.019015278599919257,0.020521739408921748,0.3108490687281215,0.3117355371900826,0.019217211504602292,0.022016277151088306,0.020521739408921748,76.35047006607056,548.4,0.4419834710743802,0.07070200756966936,-0.027817384813751546
112,2,SRTsim,sim6,SRTsim_6_2,PRECAST,0.7143930767766106,0.8464163324667382,0.8140868275444251,0.7636363636363637,0.7517306088536678,0.9683920828573482,0.8464163324667382,76.18333005905151,313.1,0.0023140495867768596,0.06299407883487036,0.18037794196351473
113,2,SRTsim,sim6,SRTsim_6_3,PRECAST,0.3443342726988702,0.47009065553785234,0.5552266009605065,0.5752066115702479,0.41666936067318255,0.539224820001241,0.47009065553785234,76.70210003852844,423.5,0.10082644628099173,0.06599437231452758,0.06204221743542612
114,2,SRTsim,sim6,SRTsim_6_4,PRECAST,0.3434822258860103,0.48901238194103364,0.5869774706582587,0.5358677685950414,0.41124900150264526,0.6030420536690269,0.4890123819410337,59.77420997619629,468.1,0.08892561983471074,0.06586443904774922,0.08434169248362869
115,2,SRTsim,sim6,SRTsim_6_5,PRECAST,0.3498967923239606,0.4223193744110014,0.5166199562267906,0.5844628099173553,0.41862762475368626,0.42607681622149146,0.4223193744110014,72.79664015769958,525.6,0.2228099173553719,0.06986294103459345,0.06021568132169332
116,2,SRTsim,sim6,SRTsim_6_6,PRECAST,0.5108911349343639,0.5524919593404117,0.6346156568561957,0.7057851239669422,0.5500962648780653,0.5549086117942846,0.5524919593404117,74.55543994903564,530.8,0.15305785123966942,0.06888179049546549,0.07192866189461204
117,2,SRTsim,sim6,SRTsim_6_7,PRECAST,0.3144535860924523,0.4468424520349361,0.581527268631292,0.5173553719008265,0.3476803561252236,0.6251385420155868,0.4468424520349362,74.22656989097595,618.7,0.04330578512396694,0.06495321377057292,0.015375047543967329
118,2,SRTsim,sim6,SRTsim_6_8,PRECAST,0.33530205732962554,0.4700145655389275,0.592509200966092,0.5322314049586777,0.3673518439861157,0.6523151226003436,0.4700145655389275,67.90301012992859,665.1,0.04033057851239669,0.06412825108027156,-0.0423919271774951
119,2,SRTsim,sim6,SRTsim_6_9,PRECAST,0.024709241112723827,0.028630900238518667,0.31851625050820775,0.32066115702479336,0.026545935605295452,0.031071294550044905,0.028630900238518667,75.56652998924255,606.1,0.4333884297520661,0.07178223653265521,-0.029179820735166048
120,3,SRTsim,sim6,SRTsim_6_1,PRECAST,1.0,1.0000000000000002,1.0,1.0,1.0000000000000002,1.0,1.0000000000000002,79.59670996665955,375.8,0.0,0.06299407883487035,0.1630675108301148
121,3,SRTsim,sim6,SRTsim_6_10,PRECAST,0.019015278599919257,0.020521739408921748,0.3108490687281215,0.3117355371900826,0.019217211504602292,0.022016277151088306,0.020521739408921748,78.5504400730133,626.2,0.4419834710743802,0.07070200756966936,-0.027817384813751546
122,3,SRTsim,sim6,SRTsim_6_2,PRECAST,0.7143930767766106,0.8464163324667382,0.8140868275444251,0.7636363636363637,0.7517306088536678,0.9683920828573482,0.8464163324667382,76.24346995353699,373.4,0.0023140495867768596,0.06299407883487036,0.18037794196351473
123,3,SRTsim,sim6,SRTsim_6_3,PRECAST,0.3443342726988702,0.47009065553785234,0.5552266009605065,0.5752066115702479,0.41666936067318255,0.539224820001241,0.47009065553785234,72.18970990180969,345.7,0.10082644628099173,0.06599437231452758,0.06204221743542612
124,3,SRTsim,sim6,SRTsim_6_4,PRECAST,0.3434822258860103,0.48901238194103364,0.5869774706582587,0.5358677685950414,0.41124900150264526,0.6030420536690269,0.4890123819410337,64.54551005363464,394.8,0.08892561983471074,0.06586443904774922,0.08434169248362869
125,3,SRTsim,sim6,SRTsim_6_5,PRECAST,0.3498967923239606,0.4223193744110014,0.5166199562267906,0.5844628099173553,0.41862762475368626,0.42607681622149146,0.4223193744110014,76.40394020080566,600.3,0.2228099173553719,0.06986294103459345,0.06021568132169332
126,3,SRTsim,sim6,SRTsim_6_6,PRECAST,0.5108911349343639,0.5524919593404117,0.6346156568561957,0.7057851239669422,0.5500962648780653,0.5549086117942846,0.5524919593404117,70.81643986701965,679.6,0.15305785123966942,0.06888179049546549,0.07192866189461204
127,3,SRTsim,sim6,SRTsim_6_7,PRECAST,0.3144535860924523,0.4468424520349361,0.581527268631292,0.5173553719008265,0.3476803561252236,0.6251385420155868,0.4468424520349362,71.77478981018066,725.9,0.04330578512396694,0.06495321377057292,0.015375047543967329
128,3,SRTsim,sim6,SRTsim_6_8,PRECAST,0.33530205732962554,0.4700145655389275,0.592509200966092,0.5322314049586777,0.3673518439861157,0.6523151226003436,0.4700145655389275,69.71056985855103,675.1,0.04033057851239669,0.06412825108027156,-0.0423919271774951
129,3,SRTsim,sim6,SRTsim_6_9,PRECAST,0.024709241112723827,0.028630900238518667,0.31851625050820775,0.32066115702479336,0.026545935605295452,0.031071294550044905,0.028630900238518667,67.98319005966187,598.7,0.4333884297520661,0.07178223653265521,-0.029179820735166048
130,4,SRTsim,sim6,SRTsim_6_1,PRECAST,1.0,1.0000000000000002,1.0,1.0,1.0000000000000002,1.0,1.0000000000000002,74.84070992469788,303.3,0.0,0.06299407883487035,0.1630675108301148
131,4,SRTsim,sim6,SRTsim_6_10,PRECAST,0.019015278599919257,0.020521739408921748,0.3108490687281215,0.3117355371900826,0.019217211504602292,0.022016277151088306,0.020521739408921748,74.90418004989624,533.2,0.4419834710743802,0.07070200756966936,-0.027817384813751546
132,4,SRTsim,sim6,SRTsim_6_2,PRECAST,0.7143930767766106,0.8464163324667382,0.8140868275444251,0.7636363636363637,0.7517306088536678,0.9683920828573482,0.8464163324667382,72.82221984863281,298.4,0.0023140495867768596,0.06299407883487036,0.18037794196351473
133,4,SRTsim,sim6,SRTsim_6_3,PRECAST,0.3443342726988702,0.47009065553785234,0.5552266009605065,0.5752066115702479,0.41666936067318255,0.539224820001241,0.47009065553785234,71.81264996528625,415.4,0.10082644628099173,0.06599437231452758,0.06204221743542612
134,4,SRTsim,sim6,SRTsim_6_4,PRECAST,0.3434822258860103,0.48901238194103364,0.5869774706582587,0.5358677685950414,0.41124900150264526,0.6030420536690269,0.4890123819410337,60.77049016952515,461.7,0.08892561983471074,0.06586443904774922,0.08434169248362869
135,4,SRTsim,sim6,SRTsim_6_5,PRECAST,0.3498967923239606,0.4223193744110014,0.5166199562267906,0.5844628099173553,0.41862762475368626,0.42607681622149146,0.4223193744110014,72.36636996269226,508.1,0.2228099173553719,0.06986294103459345,0.06021568132169332
136,4,SRTsim,sim6,SRTsim_6_6,PRECAST,0.5108911349343639,0.5524919593404117,0.6346156568561957,0.7057851239669422,0.5500962648780653,0.5549086117942846,0.5524919593404117,74.2996199131012,530.9,0.15305785123966942,0.06888179049546549,0.07192866189461204
137,4,SRTsim,sim6,SRTsim_6_7,PRECAST,0.3144535860924523,0.4468424520349361,0.581527268631292,0.5173553719008265,0.3476803561252236,0.6251385420155868,0.4468424520349362,67.78374004364014,601.1,0.04330578512396694,0.06495321377057292,0.015375047543967329
138,4,SRTsim,sim6,SRTsim_6_8,PRECAST,0.33530205732962554,0.4700145655389275,0.592509200966092,0.5322314049586777,0.3673518439861157,0.6523151226003436,0.4700145655389275,66.99384999275208,647.5,0.04033057851239669,0.06412825108027156,-0.0423919271774951
139,4,SRTsim,sim6,SRTsim_6_9,PRECAST,0.024709241112723827,0.028630900238518667,0.31851625050820775,0.32066115702479336,0.026545935605295452,0.031071294550044905,0.028630900238518667,74.38084006309509,607.0,0.4333884297520661,0.07178223653265521,-0.029179820735166048
140,5,SRTsim,sim6,SRTsim_6_1,PRECAST,1.0,1.0000000000000002,1.0,1.0,1.0000000000000002,1.0,1.0000000000000002,75.14546990394592,384.6,0.0,0.06299407883487035,0.1630675108301148
141,5,SRTsim,sim6,SRTsim_6_10,PRECAST,0.019015278599919257,0.020521739408921748,0.3108490687281215,0.3117355371900826,0.019217211504602292,0.022016277151088306,0.020521739408921748,79.06572008132935,624.6,0.4419834710743802,0.07070200756966936,-0.027817384813751546
142,5,SRTsim,sim6,SRTsim_6_2,PRECAST,0.7143930767766106,0.8464163324667382,0.8140868275444251,0.7636363636363637,0.7517306088536678,0.9683920828573482,0.8464163324667382,76.51272988319397,374.2,0.0023140495867768596,0.06299407883487036,0.18037794196351473
143,5,SRTsim,sim6,SRTsim_6_3,PRECAST,0.3443342726988702,0.47009065553785234,0.5552266009605065,0.5752066115702479,0.41666936067318255,0.539224820001241,0.47009065553785234,72.16260981559753,340.1,0.10082644628099173,0.06599437231452758,0.06204221743542612
144,5,SRTsim,sim6,SRTsim_6_4,PRECAST,0.3434822258860103,0.48901238194103364,0.5869774706582587,0.5358677685950414,0.41124900150264526,0.6030420536690269,0.4890123819410337,64.67132997512817,381.4,0.08892561983471074,0.06586443904774922,0.08434169248362869
145,5,SRTsim,sim6,SRTsim_6_5,PRECAST,0.3498967923239606,0.4223193744110014,0.5166199562267906,0.5844628099173553,0.41862762475368626,0.42607681622149146,0.4223193744110014,76.91666984558105,600.4,0.2228099173553719,0.06986294103459345,0.06021568132169332
146,5,SRTsim,sim6,SRTsim_6_6,PRECAST,0.5108911349343639,0.5524919593404117,0.6346156568561957,0.7057851239669422,0.5500962648780653,0.5549086117942846,0.5524919593404117,75.10688018798828,623.4,0.15305785123966942,0.06888179049546549,0.07192866189461204
147,5,SRTsim,sim6,SRTsim_6_7,PRECAST,0.3144535860924523,0.4468424520349361,0.581527268631292,0.5173553719008265,0.3476803561252236,0.6251385420155868,0.4468424520349362,68.89630007743835,706.4,0.04330578512396694,0.06495321377057292,0.015375047543967329
148,5,SRTsim,sim6,SRTsim_6_8,PRECAST,0.33530205732962554,0.4700145655389275,0.592509200966092,0.5322314049586777,0.3673518439861157,0.6523151226003436,0.4700145655389275,69.28005003929138,676.0,0.04033057851239669,0.06412825108027156,-0.0423919271774951
149,5,SRTsim,sim6,SRTsim_6_9,PRECAST,0.024709241112723827,0.028630900238518667,0.31851625050820775,0.32066115702479336,0.026545935605295452,0.031071294550044905,0.028630900238518667,69.18409013748169,583.2,0.4333884297520661,0.07178223653265521,-0.029179820735166048
150,1,SRTsim,sim6,SRTsim_6_1,Banksy,0.9991027157279241,0.9981759656718702,0.999327036894128,0.9996694214876033,0.9981758110528235,0.9981761202909648,0.9981759656718702,13.703801393508911,674.7217149734497,0.00033057851239669424,0.06299407883487033,0.16302522348079151
151,1,SRTsim,sim6,SRTsim_6_10,Banksy,0.6295478929795921,0.7061873127378129,0.7459065475307307,0.7299173553719008,0.6426647357829041,0.7836446990361069,0.706187312737813,12.116247653961182,674.1246709823608,0.03140495867768595,0.06458020046279936,0.07902453065047263
152,1,SRTsim,sim6,SRTsim_6_2,Banksy,0.9931101518553785,0.9894471132019144,0.9948323440975428,0.9973553719008265,0.989506896482455,0.9893873371448194,0.9894471132019145,11.455593347549438,674.0485191345215,0.0029752066115702478,0.06305655230148345,0.16254633281931835
153,1,SRTsim,sim6,SRTsim_6_3,Banksy,0.9935299543098086,0.9897310673935451,0.9951515739364646,0.9976859504132232,0.9897681204714839,0.9896940170897494,0.989731067393545,11.475368738174438,674.049298286438,0.0023140495867768596,0.06324397270132273,0.1627534006064663
154,1,SRTsim,sim6,SRTsim_6_4,Banksy,0.9888353304533446,0.9819170082705287,0.9916262056510142,0.9957024793388429,0.9819555412053697,0.9818784783597121,0.9819170082705285,11.435716152191162,674.0477104187012,0.004297520661157025,0.06323177399817158,0.16182970784186343
155,1,SRTsim,sim6,SRTsim_6_5,Banksy,0.9822610006962157,0.9738911088049046,0.9867064002188587,0.9933884297520661,0.97397767522418,0.9738045577721811,0.9738911088049047,11.45287013053894,674.0481958389282,0.005289256198347108,0.06327462918013427,0.16141271083226857
156,1,SRTsim,sim6,SRTsim_6_6,Banksy,0.9821902957021925,0.9721423371321296,0.9866427744118003,0.9933884297520661,0.972138276550135,0.9721463977480465,0.9721423371321297,12.67028784751892,674.0482034683228,0.006611570247933884,0.06404426558569669,0.160961924600131
157,1,SRTsim,sim6,SRTsim_6_7,Banksy,0.9601007421572114,0.9450012976330568,0.9700763886230818,0.9844628099173554,0.9449725338684659,0.9450300631487659,0.9450012976330567,11.773802757263184,674.0475616455078,0.013553719008264463,0.0636886463024683,0.15909746250708767
158,1,SRTsim,sim6,SRTsim_6_8,Banksy,0.9359024732625776,0.9176469186021745,0.9519298275700555,0.9748760330578512,0.9175846031943977,0.9177092424745088,0.9176469186021745,12.361622095108032,674.047553062439,0.021487603305785124,0.06389746561065376,0.15801197778478093
159,1,SRTsim,sim6,SRTsim_6_9,Banksy,0.8834691049058173,0.8639841999462096,0.9126784790800252,0.9540495867768595,0.8639842156834989,0.8639841842089208,0.8639841999462096,11.51952338218689,674.0474538803101,0.0343801652892562,0.06421470843621525,0.14854473420185366
160,2,SRTsim,sim6,SRTsim_6_1,Banksy,0.9991027157279241,0.9981759656718702,0.999327036894128,0.9996694214876033,0.9981758110528235,0.9981761202909648,0.9981759656718702,11.621636390686035,674.0465412139893,0.00033057851239669424,0.06299407883487035,0.16303881827656816
161,2,SRTsim,sim6,SRTsim_6_10,Banksy,0.6295478929795921,0.7061873127378129,0.7459065475307307,0.7299173553719008,0.6426647357829041,0.7836446990361069,0.706187312737813,12.664227485656738,674.0466432571411,0.03140495867768595,0.06458020046279936,0.07902453065047263
162,2,SRTsim,sim6,SRTsim_6_2,Banksy,0.9931101518553785,0.9894471132019144,0.9948323440975428,0.9973553719008265,0.989506896482455,0.9893873371448194,0.9894471132019145,11.827566862106323,674.0500793457031,0.0029752066115702478,0.06305655230148345,0.16254633281931835
163,2,SRTsim,sim6,SRTsim_6_3,Banksy,0.9935299543098086,0.9897310673935451,0.9951515739364646,0.9976859504132232,0.9897681204714839,0.9896940170897494,0.989731067393545,11.644991159439089,674.0478382110596,0.0023140495867768596,0.06324397270132273,0.1627534006064663
164,2,SRTsim,sim6,SRTsim_6_4,Banksy,0.9888353304533446,0.9819170082705287,0.9916262056510142,0.9957024793388429,0.9819555412053697,0.9818784783597121,0.9819170082705285,12.03825044631958,674.046893119812,0.004297520661157025,0.06323177399817158,0.16182970784186343
165,2,SRTsim,sim6,SRTsim_6_5,Banksy,0.9822610006962157,0.9738911088049046,0.9867064002188587,0.9933884297520661,0.97397767522418,0.9738045577721811,0.9738911088049047,11.62088179588318,674.0478258132935,0.005289256198347108,0.06327462918013427,0.16141271083226857
166,2,SRTsim,sim6,SRTsim_6_6,Banksy,0.9821902957021925,0.9721423371321296,0.9866427744118003,0.9933884297520661,0.972138276550135,0.9721463977480465,0.9721423371321297,11.91248893737793,674.0495700836182,0.006611570247933884,0.06404426558569669,0.160961924600131
167,2,SRTsim,sim6,SRTsim_6_7,Banksy,0.9601007421572114,0.9450012976330568,0.9700763886230818,0.9844628099173554,0.9449725338684659,0.9450300631487659,0.9450012976330567,11.72617530822754,674.0483283996582,0.013553719008264463,0.0636886463024683,0.15909746250708767
168,2,SRTsim,sim6,SRTsim_6_8,Banksy,0.9359024732625776,0.9176469186021745,0.9519298275700555,0.9748760330578512,0.9175846031943977,0.9177092424745088,0.9176469186021745,12.464110374450684,674.0482177734375,0.021487603305785124,0.06389746561065376,0.15801197778478093
169,2,SRTsim,sim6,SRTsim_6_9,Banksy,0.8834691049058173,0.8639841999462096,0.9126784790800252,0.9540495867768595,0.8639842156834989,0.8639841842089208,0.8639841999462096,11.509944438934326,674.0461626052856,0.0343801652892562,0.06421470843621525,0.14854473420185366
170,3,SRTsim,sim6,SRTsim_6_1,Banksy,0.9991027157279241,0.9981759656718704,0.999327036894128,0.9996694214876033,0.9981758110528235,0.998176120290965,0.9981759656718703,11.573506355285645,674.046272277832,0.00033057851239669424,0.06299407883487036,0.16302522348079151
171,3,SRTsim,sim6,SRTsim_6_10,Banksy,0.6295478929795921,0.7061873127378129,0.7459065475307307,0.7299173553719008,0.6426647357829041,0.7836446990361069,0.706187312737813,12.21390438079834,674.0457677841187,0.03140495867768595,0.06458020046279936,0.07902453065047263
172,3,SRTsim,sim6,SRTsim_6_2,Banksy,0.9931101518553785,0.9894471132019144,0.9948323440975428,0.9973553719008265,0.989506896482455,0.9893873371448194,0.9894471132019145,11.69299292564392,674.0468559265137,0.0029752066115702478,0.06305655230148345,0.16254633281931835
173,3,SRTsim,sim6,SRTsim_6_3,Banksy,0.9935299543098086,0.9897310673935451,0.9951515739364646,0.9976859504132232,0.9897681204714839,0.9896940170897494,0.989731067393545,11.658859491348268,674.0472507476807,0.0023140495867768596,0.06324397270132273,0.1627534006064663
174,3,SRTsim,sim6,SRTsim_6_4,Banksy,0.9888353304533446,0.9819170082705287,0.9916262056510142,0.9957024793388429,0.9819555412053697,0.9818784783597121,0.9819170082705285,11.673125267028809,674.0471591949463,0.004297520661157025,0.06323177399817158,0.16182970784186343
175,3,SRTsim,sim6,SRTsim_6_5,Banksy,0.9822610006962157,0.9738911088049046,0.9867064002188587,0.9933884297520661,0.97397767522418,0.9738045577721811,0.9738911088049047,11.812506198883057,674.0492763519287,0.005289256198347108,0.06327462918013427,0.16141271083226857
176,3,SRTsim,sim6,SRTsim_6_6,Banksy,0.9821902957021925,0.9721423371321296,0.9866427744118003,0.9933884297520661,0.972138276550135,0.9721463977480465,0.9721423371321297,11.6907479763031,674.0470447540283,0.006611570247933884,0.06404426558569669,0.160961924600131
177,3,SRTsim,sim6,SRTsim_6_7,Banksy,0.9601007421572114,0.9450012976330568,0.9700763886230818,0.9844628099173554,0.9449725338684659,0.9450300631487659,0.9450012976330567,11.62380862236023,674.046332359314,0.013553719008264463,0.0636886463024683,0.15909746250708767
178,3,SRTsim,sim6,SRTsim_6_8,Banksy,0.9359024732625776,0.9176469186021745,0.9519298275700555,0.9748760330578512,0.9175846031943977,0.9177092424745088,0.9176469186021745,12.36484980583191,674.0478115081787,0.021487603305785124,0.06389746561065376,0.15801197778478093
179,3,SRTsim,sim6,SRTsim_6_9,Banksy,0.8834691049058173,0.8639841999462096,0.9126784790800252,0.9540495867768595,0.8639842156834989,0.8639841842089208,0.8639841999462096,11.436057329177856,674.047197341919,0.0343801652892562,0.06421470843621525,0.14854473420185366
180,4,SRTsim,sim6,SRTsim_6_1,Banksy,1.0,1.0,1.0,1.0,1.0,1.0,1.0,11.743551015853882,674.048755645752,0.0,0.06299407883487035,0.1630675108301148
181,4,SRTsim,sim6,SRTsim_6_10,Banksy,0.6295478929795921,0.7061873127378129,0.7459065475307307,0.7299173553719008,0.6426647357829041,0.7836446990361069,0.706187312737813,12.513496160507202,674.0465660095215,0.03140495867768595,0.06458020046279936,0.07902453065047263
182,4,SRTsim,sim6,SRTsim_6_2,Banksy,0.9931101518553785,0.9894471132019144,0.9948323440975428,0.9973553719008265,0.989506896482455,0.9893873371448194,0.9894471132019145,11.839533567428589,674.0466566085815,0.0029752066115702478,0.06305655230148345,0.16254633281931835
183,4,SRTsim,sim6,SRTsim_6_3,Banksy,0.9935299543098086,0.9897310673935451,0.9951515739364646,0.9976859504132232,0.9897681204714839,0.9896940170897494,0.989731067393545,11.683135509490969,674.0480699539185,0.0023140495867768596,0.06324397270132273,0.1627534006064663
184,4,SRTsim,sim6,SRTsim_6_4,Banksy,0.9888353304533446,0.9819170082705287,0.9916262056510142,0.9957024793388429,0.9819555412053697,0.9818784783597121,0.9819170082705285,11.595544815063477,674.0490846633911,0.004297520661157025,0.06323177399817158,0.16182970784186343
185,4,SRTsim,sim6,SRTsim_6_5,Banksy,0.9822610006962157,0.9738911088049046,0.9867064002188587,0.9933884297520661,0.97397767522418,0.9738045577721811,0.9738911088049047,11.736164093017578,674.0474281311035,0.005289256198347108,0.06327462918013427,0.16141271083226857
186,4,SRTsim,sim6,SRTsim_6_6,Banksy,0.9821902957021925,0.9721423371321296,0.9866427744118003,0.9933884297520661,0.972138276550135,0.9721463977480465,0.9721423371321297,11.83840560913086,674.0465221405029,0.006611570247933884,0.06404426558569669,0.160961924600131
187,4,SRTsim,sim6,SRTsim_6_7,Banksy,0.9601007421572114,0.9450012976330568,0.9700763886230818,0.9844628099173554,0.9449725338684659,0.9450300631487659,0.9450012976330567,11.613295078277588,674.0478239059448,0.013553719008264463,0.0636886463024683,0.15909746250708767
188,4,SRTsim,sim6,SRTsim_6_8,Banksy,0.9359024732625776,0.9176469186021745,0.9519298275700555,0.9748760330578512,0.9175846031943977,0.9177092424745088,0.9176469186021745,12.534160375595093,674.0467138290405,0.021487603305785124,0.06389746561065376,0.15801197778478093
189,4,SRTsim,sim6,SRTsim_6_9,Banksy,0.8834691049058173,0.8639841999462096,0.9126784790800252,0.9540495867768595,0.8639842156834989,0.8639841842089208,0.8639841999462096,11.533571481704712,674.0479431152344,0.0343801652892562,0.06421470843621525,0.14854473420185366
190,5,SRTsim,sim6,SRTsim_6_1,Banksy,0.9964161101881411,0.9930356461375025,0.9973120830329857,0.9986776859504132,0.9930354923146995,0.9930357999603532,0.9930356461375025,11.767449855804443,674.0504875183105,0.001322314049586777,0.06299407883487035,0.162927521944331
191,5,SRTsim,sim6,SRTsim_6_10,Banksy,0.6295478929795921,0.7061873127378129,0.7459065475307307,0.7299173553719008,0.6426647357829041,0.7836446990361069,0.706187312737813,12.362556457519531,674.0457906723022,0.03140495867768595,0.06458020046279936,0.07902453065047263
192,5,SRTsim,sim6,SRTsim_6_2,Banksy,0.9931101518553785,0.9894471132019144,0.9948323440975428,0.9973553719008265,0.989506896482455,0.9893873371448194,0.9894471132019145,11.838091135025024,674.0488929748535,0.0029752066115702478,0.06305655230148345,0.16254633281931835
193,5,SRTsim,sim6,SRTsim_6_3,Banksy,0.9935299543098086,0.9897310673935451,0.9951515739364646,0.9976859504132232,0.9897681204714839,0.9896940170897494,0.989731067393545,11.64667582511902,674.0468521118164,0.0023140495867768596,0.06324397270132273,0.1627534006064663
194,5,SRTsim,sim6,SRTsim_6_4,Banksy,0.9888353304533446,0.9819170082705287,0.9916262056510142,0.9957024793388429,0.9819555412053697,0.9818784783597121,0.9819170082705285,11.701549768447876,674.0514001846313,0.004297520661157025,0.06323177399817158,0.16182970784186343
195,5,SRTsim,sim6,SRTsim_6_5,Banksy,0.9822610006962157,0.9738911088049046,0.9867064002188587,0.9933884297520661,0.97397767522418,0.9738045577721811,0.9738911088049047,11.78315281867981,674.0470752716064,0.005289256198347108,0.06327462918013427,0.16141271083226857
196,5,SRTsim,sim6,SRTsim_6_6,Banksy,0.9821902957021925,0.9721423371321296,0.9866427744118003,0.9933884297520661,0.972138276550135,0.9721463977480465,0.9721423371321297,12.025289297103882,674.0484304428101,0.006611570247933884,0.06404426558569669,0.160961924600131
197,5,SRTsim,sim6,SRTsim_6_7,Banksy,0.9601007421572114,0.9450012976330568,0.9700763886230818,0.9844628099173554,0.9449725338684659,0.9450300631487659,0.9450012976330567,11.708945512771606,674.0464992523193,0.013553719008264463,0.0636886463024683,0.15909746250708767
198,5,SRTsim,sim6,SRTsim_6_8,Banksy,0.9359024732625776,0.9176469186021745,0.9519298275700555,0.9748760330578512,0.9175846031943977,0.9177092424745088,0.9176469186021745,12.434715032577516,674.0469131469727,0.021487603305785124,0.06389746561065376,0.15801197778478093
199,5,SRTsim,sim6,SRTsim_6_9,Banksy,0.8834691049058173,0.8639841999462096,0.9126784790800252,0.9540495867768595,0.8639842156834989,0.8639841842089208,0.8639841999462096,11.532488107681274,674.049578666687,0.0343801652892562,0.06421470843621525,0.14854473420185366
200,1,SRTsim,sim6,SRTsim_6_1,CCST,0.9929072741981328,0.9876782122127208,0.994680398029289,0.9973553719008265,0.9876902854761037,0.9876661392444948,0.9876782122127208,293.7466411590576,787.4203834533691,0.0019834710743801653,0.06299407883487036,0.16297756803282318
201,1,SRTsim,sim6,SRTsim_6_10,CCST,0.7073756208849151,0.7255424645613232,0.7811582897376596,0.8773553719008265,0.7241065335173432,0.7269841019339015,0.7255424645613231,279.18252539634705,845.4244995117188,0.031735537190082645,0.0632429633956221,0.13584640359572014
202,1,SRTsim,sim6,SRTsim_6_2,CCST,0.9751926467707177,0.9638194838551716,0.9813938448949993,0.9904132231404958,0.9638568256874358,0.9637821449161968,0.9638194838551716,283.64583587646484,845.532548904419,0.0029752066115702478,0.06299407883487036,0.16262447537611185
203,1,SRTsim,sim6,SRTsim_6_3,CCST,0.9734961792610318,0.9626109107456009,0.9801367470168066,0.9900826446280991,0.9627679903430613,0.9624538823961569,0.9626109107456008,283.39817929267883,845.4165782928467,0.003966942148760331,0.06299407883487036,0.16287721927797905
204,1,SRTsim,sim6,SRTsim_6_4,CCST,0.9769366946987746,0.9656648274868179,0.9827028274534964,0.9910743801652893,0.9656460894141007,0.9656835662867624,0.9656648274868178,278.1826910972595,845.4154720306396,0.0029752066115702478,0.06299407883487036,0.16262074217539907
205,1,SRTsim,sim6,SRTsim_6_5,CCST,0.9738876669112869,0.9627997727720191,0.9804350127952287,0.9904132231404958,0.9627017800840322,0.9628977854112405,0.9627997727720191,285.92639422416687,845.5302610397339,0.002644628099173554,0.06299407883487036,0.1624872749837222
206,1,SRTsim,sim6,SRTsim_6_6,CCST,0.9506851103728214,0.9354323312081552,0.9630176669746326,0.9814876033057851,0.9353297063148515,0.9355349786240503,0.9354323312081552,280.59116411209106,845.4161958694458,0.0049586776859504135,0.06299407883487036,0.1614996874104025
207,1,SRTsim,sim6,SRTsim_6_7,CCST,0.9513814646751174,0.9321223856658736,0.9635445576222268,0.9814876033057851,0.931893134652193,0.9323517495014166,0.9321223856658737,280.695228099823,845.4156503677368,0.006611570247933884,0.06305655230148345,0.16051523663002654
208,1,SRTsim,sim6,SRTsim_6_8,CCST,0.9364698553627324,0.9161612735015721,0.9523648361623318,0.9755371900826446,0.9159059029571303,0.9164167864892556,0.9161612735015722,286.3417081832886,845.4165363311768,0.009256198347107438,0.06299407883487036,0.16046927376199
209,1,SRTsim,sim6,SRTsim_6_9,CCST,0.8975811133586967,0.8716635215616337,0.9232373699593749,0.9603305785123967,0.8718608648874271,0.8714662675518697,0.8716635215616338,286.6441738605499,845.5302562713623,0.012892561983471074,0.06299407883487038,0.15738477628180308
210,2,SRTsim,sim6,SRTsim_6_1,CCST,0.9699779959910025,0.9550326741706379,0.9774832807851218,0.9887603305785124,0.9550433146974044,0.9550220338809694,0.9550326741706378,280.82985281944275,845.4167642593384,0.004628099173553719,0.06299407883487036,0.1628646154232919
211,2,SRTsim,sim6,SRTsim_6_10,CCST,0.7848653523018485,0.7780182733552354,0.838847259752818,0.9127272727272727,0.7777334873194026,0.778303268030136,0.7780182733552353,286.2663083076477,845.4158964157104,0.023801652892561982,0.06308600257607437,0.14247530098893063
212,2,SRTsim,sim6,SRTsim_6_2,CCST,0.9706845975751285,0.9580685983358949,0.9780106689996226,0.9887603305785124,0.95820528449785,0.9579319511644201,0.9580685983358949,285.0924172401428,845.529706954956,0.003305785123966942,0.06299407883487035,0.16266806610454335
213,2,SRTsim,sim6,SRTsim_6_3,CCST,0.9856856785372496,0.9773891741707889,0.9892746767598375,0.9947107438016529,0.9772986331700781,0.977479731949242,0.9773891741707889,281.145366191864,845.4160289764404,0.002644628099173554,0.06299407883487036,0.16289884647100775
214,2,SRTsim,sim6,SRTsim_6_4,CCST,0.9716551334734281,0.9577545428749179,0.9787419202388794,0.9890909090909091,0.9577267454981434,0.9577823418653396,0.9577545428749179,292.7504298686981,845.4190883636475,0.0009917355371900827,0.06299407883487036,0.16238461878801497
215,2,SRTsim,sim6,SRTsim_6_5,CCST,0.9802436129725695,0.9711788299848572,0.9852004532987391,0.9927272727272727,0.9708809889143776,0.9714768538512227,0.971178829984857,294.27605414390564,845.4154720306396,0.003305785123966942,0.06299407883487036,0.16238390046081838
216,2,SRTsim,sim6,SRTsim_6_6,CCST,0.9805346698135209,0.967049021922945,0.9854009046733592,0.9927272727272727,0.9670562162861525,0.9670418276667806,0.967049021922945,279.3864367008209,845.5301637649536,0.005619834710743801,0.06299407883487036,0.1627565270606225
217,2,SRTsim,sim6,SRTsim_6_7,CCST,0.948298120217891,0.9291323172850748,0.9612214665038015,0.9801652892561984,0.9291889478863272,0.9290756935862496,0.9291323172850747,279.9109046459198,845.4165773391724,0.007272727272727273,0.06322401439829488,0.16168043536170473
218,2,SRTsim,sim6,SRTsim_6_8,CCST,0.9009063725861637,0.8815850224460822,0.9256897065456476,0.9613223140495868,0.8814615007547261,0.8817085787611776,0.8815850224460822,278.22137689590454,845.4157218933105,0.011239669421487603,0.06349386656777513,0.15396389334997151
219,2,SRTsim,sim6,SRTsim_6_9,CCST,0.8718032598024109,0.8492604745923782,0.903916554893098,0.9500826446280992,0.8494550883060344,0.8490659500319282,0.8492604745923782,286.5046727657318,845.3785076141357,0.0171900826446281,0.06299407883487038,0.1540612280413669
220,3,SRTsim,sim6,SRTsim_6_1,CCST,0.98054272010709,0.971434585863623,0.9854071189083656,0.9927272727272727,0.9714297643718443,0.9714394074032632,0.9714345858636231,279.3136246204376,845.4692277908325,0.002644628099173554,0.06299407883487035,0.16285485478074452
221,3,SRTsim,sim6,SRTsim_6_10,CCST,0.7880988989328296,0.7786448551900467,0.8411760141180807,0.9133884297520661,0.7788471018798927,0.7784427135095267,0.7786448551900466,281.5753014087677,845.4155912399292,0.026115702479338844,0.06336404737186208,0.141646953920911
222,3,SRTsim,sim6,SRTsim_6_2,CCST,0.9801382070166909,0.968246513852215,0.9851039962471949,0.9923966942148761,0.9682227763677635,0.9682702525006177,0.968246513852215,279.21278715133667,845.4160633087158,0.0009917355371900827,0.06299407883487036,0.1627872802605609
223,3,SRTsim,sim6,SRTsim_6_3,CCST,0.9838736212570754,0.9744288702785405,0.9879169484554808,0.9940495867768595,0.9743414344340778,0.9745163218171177,0.9744288702785405,285.68683314323425,845.5315618515015,0.0036363636363636364,0.06299407883487036,0.16291754803481442
224,3,SRTsim,sim6,SRTsim_6_4,CCST,0.9775580766963922,0.9653108914763654,0.9831694830093431,0.991404958677686,0.9652536285749056,0.9653681611723801,0.9653108914763654,278.9696536064148,845.4165029525757,0.002644628099173554,0.06299407883487035,0.1628299010211649
225,3,SRTsim,sim6,SRTsim_6_5,CCST,0.9697131613615586,0.9550862789296551,0.977304743286463,0.9887603305785124,0.9550936190714634,0.9550789389006678,0.9550862789296551,284.65506958961487,845.4152603149414,0.004628099173553719,0.06324715773271802,0.16197309214138308
226,3,SRTsim,sim6,SRTsim_6_6,CCST,0.9272743484077077,0.9114354985627542,0.9454686133838724,0.9722314049586777,0.911206335995879,0.9116647764244658,0.9114354985627542,279.856956243515,845.4158782958984,0.00628099173553719,0.06299407883487036,0.16229701805945435
227,3,SRTsim,sim6,SRTsim_6_7,CCST,0.9612224548227021,0.9453841041925456,0.9709146199620184,0.9851239669421488,0.9454646864584775,0.9453035356615492,0.9453841041925456,290.0598385334015,845.5273952484131,0.0059504132231404955,0.06311902576809655,0.1621015374833258
228,3,SRTsim,sim6,SRTsim_6_8,CCST,0.9465366436222338,0.9255757838291967,0.9598990138747922,0.979504132231405,0.9256647683922951,0.9254868163727046,0.9255757838291966,279.2443964481354,845.4171981811523,0.007272727272727273,0.06299407883487036,0.15977256753320287
229,3,SRTsim,sim6,SRTsim_6_9,CCST,0.8829699053711697,0.8627701124868855,0.9122742592004381,0.9537190082644628,0.8630968365899567,0.8624436356521178,0.8627701124868855,280.7423326969147,845.4168796539307,0.019173553719008266,0.06349386656777513,0.15489595878398316
230,4,SRTsim,sim6,SRTsim_6_1,CCST,0.9804787353592701,0.9714165123997462,0.9853591863335962,0.9927272727272727,0.9714070482046488,0.9714259767792602,0.9714165123997462,281.8482208251953,845.5299997329712,0.001322314049586777,0.06299407883487035,0.16308420222720227
231,4,SRTsim,sim6,SRTsim_6_10,CCST,0.8011205640620905,0.7921264985216169,0.8509733052915924,0.9196694214876033,0.7921220002054923,0.792130996888832,0.792126498521617,277.87572050094604,845.4160308837891,0.017520661157024792,0.06324545265218003,0.14332629743106254
232,4,SRTsim,sim6,SRTsim_6_2,CCST,0.9912522699464483,0.9850594208272911,0.9934390122309498,0.996694214876033,0.9850915616948981,0.9850272820569543,0.985059420827291,287.21195459365845,845.4154720306396,0.0009917355371900827,0.06299407883487035,0.1628804798824858
233,4,SRTsim,sim6,SRTsim_6_3,CCST,0.9747748411787669,0.9633075226199981,0.9810994302288409,0.9907438016528926,0.9632214813402806,0.963393579272635,0.9633075226199981,289.03944730758667,845.5304927825928,0.002644628099173554,0.06299407883487036,0.16177865106493794
234,4,SRTsim,sim6,SRTsim_6_4,CCST,0.9717100398627546,0.9568515631119969,0.978780761252139,0.9890909090909091,0.9569408931950315,0.9567622497052668,0.9568515631119969,284.3375747203827,845.4170541763306,0.004297520661157025,0.06299407883487036,0.162219921776855
235,4,SRTsim,sim6,SRTsim_6_5,CCST,0.9636550847836028,0.9451404670448591,0.9727638974968401,0.9864462809917356,0.9451972854177866,0.945083655502534,0.9451404670448591,282.0092308521271,845.4155082702637,0.005619834710743801,0.06299407883487036,0.16207871837800447
236,4,SRTsim,sim6,SRTsim_6_6,CCST,0.9594322331509801,0.9418979021933267,0.9695757561516853,0.9847933884297521,0.9418457533398444,0.9419500568219661,0.9418979021933268,282.3135075569153,845.4154720306396,0.005289256198347108,0.06299407883487036,0.16221683549742316
237,4,SRTsim,sim6,SRTsim_6_7,CCST,0.9360231112210017,0.915497921301643,0.952012659545934,0.9752066115702479,0.915596770497221,0.9153990934475745,0.915497921301643,282.31432938575745,845.5324144363403,0.007933884297520661,0.06299407883487036,0.16132466416608118
238,4,SRTsim,sim6,SRTsim_6_8,CCST,0.9434715019259947,0.9241197848845487,0.9576009612401588,0.9781818181818182,0.9241843181902432,0.9240552605905995,0.9241197848845487,282.24191904067993,845.4159908294678,0.00628099173553719,0.06320326834357827,0.15950902172661638
239,4,SRTsim,sim6,SRTsim_6_9,CCST,0.8767968750079392,0.8619440345399164,0.9076782377855849,0.952396694214876,0.86195258531706,0.8619354839324228,0.8619440345399166,285.5645592212677,845.4164161682129,0.01090909090909091,0.06299407883487036,0.15749190306269048
240,5,SRTsim,sim6,SRTsim_6_1,CCST,0.9830989659930021,0.9755671531120205,0.9873243934005462,0.9937190082644628,0.9755534099578538,0.9755808966534072,0.9755671531120205,282.4880678653717,845.5274305343628,0.001652892561983471,0.06299407883487036,0.16295460844796947
241,5,SRTsim,sim6,SRTsim_6_10,CCST,0.8251921410888923,0.8081137088290491,0.8690376811967871,0.9305785123966942,0.8079273642557009,0.8083001393811928,0.808113708829049,289.44006872177124,845.4165267944336,0.02512396694214876,0.06300270462059025,0.14655874544288827
242,5,SRTsim,sim6,SRTsim_6_2,CCST,0.9784811418407663,0.9686672913753813,0.9838590340392062,0.9917355371900827,0.9687914939787345,0.9685431206143993,0.9686672913753812,281.72772693634033,845.4159631729126,0.003305785123966942,0.06299407883487036,0.16320491792705527
243,5,SRTsim,sim6,SRTsim_6_3,CCST,0.9732290062422287,0.9602576448562422,0.9799392821872948,0.9900826446280991,0.9602689907259715,0.9602462992546197,0.9602576448562423,280.0888204574585,845.4154033660889,0.003966942148760331,0.06299407883487033,0.1620809396536212
244,5,SRTsim,sim6,SRTsim_6_4,CCST,0.9785528197018782,0.9659662277606507,0.9839138238194733,0.9917355371900827,0.9660192858243339,0.9659131755250157,0.9659662277606507,287.1340913772583,845.5294675827026,0.001322314049586777,0.06299407883487033,0.1623923895394188
245,5,SRTsim,sim6,SRTsim_6_5,CCST,0.964249784719152,0.9480320625811649,0.9732112294357994,0.9867768595041322,0.9480273543402794,0.9480367708688162,0.948032062581165,279.7150089740753,845.4160442352295,0.0036363636363636364,0.06299407883487036,0.16218227128712753
246,5,SRTsim,sim6,SRTsim_6_6,CCST,0.9577808754093333,0.9415620384490839,0.9683367135571925,0.9841322314049586,0.9415297446438327,0.9415943344697207,0.9415620384490839,285.169011592865,845.4155178070068,0.0036363636363636364,0.06299407883487036,0.16208573570567464
247,5,SRTsim,sim6,SRTsim_6_7,CCST,0.9492522131953806,0.9315341294149113,0.9619435130769372,0.980495867768595,0.9314204179139435,0.9316478686839719,0.9315341294149113,280.3596947193146,845.4159755706787,0.007603305785123967,0.06299407883487036,0.1600692683188551
248,5,SRTsim,sim6,SRTsim_6_8,CCST,0.9173769360317449,0.8955033917696401,0.9380373125014885,0.9679338842975207,0.8954333408964947,0.8955734536039782,0.8955033917696401,277.5656814575196,845.5298252105713,0.011570247933884297,0.06303572781261242,0.15836705581863827
249,5,SRTsim,sim6,SRTsim_6_9,CCST,0.8559381242733712,0.8355577245049262,0.8920016884250701,0.9431404958677686,0.8359532106103382,0.8351626124283377,0.8355577245049262,277.85098481178284,845.4160442352295,0.014545454545454545,0.06324397270132276,0.1519793054028801
250,1,SRTsim,sim6,SRTsim_6_1,CellCharter,0.6874160970282167,0.7559963735854355,0.7675524029312158,0.8499173553719008,0.7499984767831167,0.7620909766727204,0.7559963735854355,194.24764156341556,811.4917907714844,0.06644628099173554,0.06422967135158474,0.12912504158164595
251,1,SRTsim,sim6,SRTsim_6_10,CellCharter,0.2776735313770417,0.33010761562452323,0.47794742468928525,0.5282644628099173,0.3173894104687995,0.3438876391573191,0.3301076156245232,254.032687664032,811.1199169158936,0.3143801652892562,0.06976990867435233,0.08770639875263364
252,1,SRTsim,sim6,SRTsim_6_2,CellCharter,0.9162809276602162,0.9214297931992872,0.937252605528264,0.9659504132231405,0.9207792818313726,0.9220812243624595,0.9214297931992872,152.85286164283752,811.114483833313,0.006942148760330578,0.06340084622143687,0.16144357050980293
253,1,SRTsim,sim6,SRTsim_6_3,CellCharter,0.532068592394224,0.6574455177715252,0.6656141842035007,0.7213223140495868,0.6309290325524437,0.6862886389662359,0.6574455177715252,139.38927459716797,811.1160573959351,0.11471074380165289,0.06445447787869558,0.15006124431076645
254,1,SRTsim,sim6,SRTsim_6_4,CellCharter,0.5601610174970274,0.6785629208966352,0.683377357440192,0.724297520661157,0.6560199400510385,0.7027103357410384,0.6785629208966352,158.74983167648315,811.1161155700684,0.04694214876033058,0.06393314258612898,0.16985617860145152
255,1,SRTsim,sim6,SRTsim_6_5,CellCharter,0.9524971018238163,0.9443021840214428,0.9644309682153883,0.9821487603305785,0.943593957498414,0.945011474479987,0.9443021840214428,156.79280734062195,811.1135482788086,0.006942148760330578,0.06347304207890409,0.16058211048150156
256,1,SRTsim,sim6,SRTsim_6_6,CellCharter,0.6480831116413461,0.7277082754642079,0.737114296218904,0.7791735537190083,0.7247416278660465,0.730699310158659,0.7277082754642079,181.66526913642883,811.1137285232544,0.17256198347107438,0.06433905669500409,0.08291653466438369
257,1,SRTsim,sim6,SRTsim_6_7,CellCharter,0.6830181226889285,0.7566618526385714,0.7683342470071985,0.7712396694214876,0.7383528261891463,0.7759019903610798,0.7566618526385713,178.92029237747192,811.1148262023926,0.0971900826446281,0.06446151866970916,0.09724999424856887
258,1,SRTsim,sim6,SRTsim_6_8,CellCharter,0.4702139289597486,0.5535569160088807,0.6095922394535161,0.6945454545454546,0.5441254274730625,0.5633211293785659,0.5535569160088808,198.37756824493408,811.1136054992676,0.16991735537190084,0.06529655375822047,0.14475263032245075
259,1,SRTsim,sim6,SRTsim_6_9,CellCharter,0.28994782160083826,0.35627004509735555,0.4696980979750303,0.512396694214876,0.35496284926625804,0.357586904344967,0.3562700450973555,221.8897044658661,811.1136522293091,0.5550413223140496,0.06890264799218593,0.06693454306757422
260,2,SRTsim,sim6,SRTsim_6_1,CellCharter,0.6162052450215271,0.7351742964858143,0.7254671734649445,0.7477685950413223,0.7073268193414394,0.7653043507010359,0.7351742964858143,183.2488145828247,811.112756729126,0.04396694214876033,0.06385014288960031,0.12805788087108166
261,2,SRTsim,sim6,SRTsim_6_10,CellCharter,0.26224505165292533,0.3200351954509654,0.45680167328081006,0.5067768595041322,0.3134640318660577,0.3268877614099424,0.3200351954509654,272.42607951164246,811.1108350753784,0.4175206611570248,0.06984631898815577,0.06823949596931472
262,2,SRTsim,sim6,SRTsim_6_2,CellCharter,0.97508348504703,0.9642161693847036,0.9813123558573648,0.9904132231404958,0.964231944341412,0.9642003949441471,0.9642161693847036,175.6299273967743,811.1137170791626,0.00628099173553719,0.06299407883487036,0.16226064515474456
263,2,SRTsim,sim6,SRTsim_6_3,CellCharter,0.9560044366230569,0.9514511623169336,0.9670298211568076,0.9838016528925619,0.9515296778593199,0.95137265973091,0.9514511623169336,150.4174451828003,811.1131086349487,0.004297520661157025,0.06299407883487036,0.16274219184224217
264,2,SRTsim,sim6,SRTsim_6_4,CellCharter,0.665163302692279,0.7376963302529059,0.756858921454318,0.8142148760330579,0.7164023500547423,0.7602949518921541,0.7376963302529059,160.74954509735107,811.1130456924438,0.04462809917355372,0.06438204763177428,0.12434979851390143
265,2,SRTsim,sim6,SRTsim_6_5,CellCharter,0.6444826252299699,0.7281263964829057,0.7345396932797765,0.7586776859504132,0.7254624317683054,0.7308099979519379,0.7281263964829058,153.1969723701477,811.113621711731,0.13619834710743803,0.06394152066285504,0.0829050623650983
266,2,SRTsim,sim6,SRTsim_6_6,CellCharter,0.5175008756312658,0.6250584421691309,0.6464194723889997,0.7123966942148761,0.6122037812674097,0.6384645089252478,0.6250584421691309,160.34006547927856,811.111120223999,0.09057851239669422,0.0654936230237111,0.14108340743763986
267,2,SRTsim,sim6,SRTsim_6_7,CellCharter,0.5472283903277345,0.6464519865306185,0.6708030348252725,0.6938842975206612,0.6294215142839041,0.6644296868229336,0.6464519865306185,193.4904396533966,811.1129302978516,0.06677685950413223,0.06524572503585009,0.15870917378236216
268,2,SRTsim,sim6,SRTsim_6_8,CellCharter,0.6657830988767132,0.7293261613215662,0.7515766285098742,0.7557024793388429,0.7226091115351523,0.7361692601599084,0.7293261613215662,203.1412479877472,811.1104326248169,0.13983471074380166,0.06425039525702277,0.09068702079517794
269,2,SRTsim,sim6,SRTsim_6_9,CellCharter,0.6179980113717687,0.6655281988842984,0.7149012438837891,0.7484297520661157,0.6626632904040699,0.6684179867847406,0.6655281988842985,216.5036818981171,811.1132497787476,0.19570247933884297,0.06497331593530774,0.0929359179550832
270,3,SRTsim,sim6,SRTsim_6_1,CellCharter,0.8969902822611231,0.9056990607052284,0.9228696723575643,0.95900826446281,0.9042398107749714,0.9071630280838915,0.9056990607052282,156.28185844421387,811.1137590408325,0.005289256198347108,0.06299407883487036,0.16108091270202682
271,3,SRTsim,sim6,SRTsim_6_10,CellCharter,0.22806892623965122,0.2534400353244442,0.4492962827527916,0.47107438016528924,0.23851082147511304,0.2703629858547648,0.2534400353244442,261.95339822769165,811.1115732192993,0.3484297520661157,0.07031495360677557,0.07545323959539421
272,3,SRTsim,sim6,SRTsim_6_2,CellCharter,0.9348407909271648,0.9341359492200677,0.9511416303077223,0.9738842975206612,0.9339076564617447,0.9343643536175371,0.9341359492200678,140.10456323623657,811.1132659912109,0.00628099173553719,0.06337169607119279,0.1620273696335006
273,3,SRTsim,sim6,SRTsim_6_3,CellCharter,0.5345218006191543,0.6592585020034725,0.6681290156805529,0.703801652892562,0.6333354409048353,0.6873942446972332,0.6592585020034725,155.95781874656677,811.1115503311157,0.03966942148760331,0.06453202366357669,0.16500495971632487
274,3,SRTsim,sim6,SRTsim_6_4,CellCharter,0.9277707315552378,0.9245108341842152,0.9458421243733247,0.9712396694214877,0.9242519895184795,0.9247698238738861,0.9245108341842152,130.4105098247528,811.1127853393555,0.006611570247933884,0.06343728169660741,0.16071142939401487
275,3,SRTsim,sim6,SRTsim_6_5,CellCharter,0.4770035356860558,0.5767951482808327,0.6169616162954358,0.6862809917355371,0.5646615290120138,0.5894616807797871,0.5767951482808327,153.80050587654114,811.1129751205444,0.14479338842975206,0.06563016034923044,0.1269322163182042
276,3,SRTsim,sim6,SRTsim_6_6,CellCharter,0.5754693961101133,0.7046854831195289,0.7042463374764877,0.7434710743801652,0.6580431087731569,0.7584443392172904,0.7046854831195289,169.53037238121033,811.1121730804443,0.037024793388429754,0.06393655321728467,0.13887389603795453
277,3,SRTsim,sim6,SRTsim_6_7,CellCharter,0.5054028033911493,0.5999521143900287,0.6416755940772492,0.7031404958677686,0.5819885896072046,0.6190598727991496,0.5999521143900287,175.73613286018372,811.1134023666382,0.15834710743801653,0.06509433606448815,0.16126595083655976
278,3,SRTsim,sim6,SRTsim_6_8,CellCharter,0.48260226923421884,0.5685057415706178,0.622455907908508,0.6895867768595041,0.5536437684478276,0.584187631947551,0.568505741570618,207.5400779247284,811.1116724014282,0.12793388429752067,0.0673328695136742,0.12594014291608197
279,3,SRTsim,sim6,SRTsim_6_9,CellCharter,0.44494121431368866,0.5230425206520919,0.5851178492201621,0.6750413223140496,0.5216685460464761,0.5244237519400584,0.5230425206520919,212.6955428123474,811.1137256622314,0.2512396694214876,0.06617194115895046,0.08413707672161307
280,4,SRTsim,sim6,SRTsim_6_1,CellCharter,0.6063168624159139,0.7470933237212197,0.7323972290764841,0.715702479338843,0.6937757791541209,0.8092881389834096,0.7470933237212197,149.49225974082947,811.1088199615479,0.015537190082644628,0.06323311707571054,0.15572038527221804
281,4,SRTsim,sim6,SRTsim_6_10,CellCharter,0.18116112962087386,0.20429881781740333,0.41782206247251125,0.4581818181818182,0.19009761065761088,0.22079312797174155,0.2042988178174033,261.2238440513611,811.1135511398315,0.43900826446280994,0.07228308698154529,0.03385555015027229
282,4,SRTsim,sim6,SRTsim_6_2,CellCharter,0.9776906889238877,0.9681101306532094,0.9832670749632481,0.991404958677686,0.9681716870449188,0.9680485820885176,0.9681101306532094,140.7743272781372,811.1136093139648,0.006942148760330578,0.06299407883487036,0.16246513255279646
283,4,SRTsim,sim6,SRTsim_6_3,CellCharter,0.5528750126497547,0.661375947127524,0.6768283261003873,0.7262809917355372,0.6413753394202166,0.6826641009426652,0.661375947127524,161.729430437088,811.1112442016602,0.08528925619834711,0.06535376631481786,0.1376914081880747
284,4,SRTsim,sim6,SRTsim_6_4,CellCharter,0.9045037898947198,0.9115758740094276,0.9284468077669715,0.9606611570247934,0.9106516626669758,0.9125019632035465,0.9115758740094276,167.23188948631287,811.1123924255371,0.013223140495867768,0.06369778823330122,0.15902946543859062
285,4,SRTsim,sim6,SRTsim_6_5,CellCharter,0.9142660337333216,0.9060282527506026,0.9358824444805054,0.9666115702479339,0.9042851286728629,0.9077781099920842,0.9060282527506026,154.8044331073761,811.1113357543945,0.008925619834710744,0.06328040100164273,0.15759384196428247
286,4,SRTsim,sim6,SRTsim_6_6,CellCharter,0.6191503862459097,0.7597579978327876,0.7434406817212711,0.7262809917355372,0.7003332597556399,0.8302024036974364,0.7597579978327876,161.67071914672852,811.1133556365967,0.01652892561983471,0.06333844572428635,0.15051171710055772
287,4,SRTsim,sim6,SRTsim_6_7,CellCharter,0.7253030733687532,0.7634387160788715,0.7939750531748109,0.8575206611570247,0.7634480482647819,0.7634293841211068,0.7634387160788715,208.32331705093384,811.1134595870972,0.08727272727272728,0.0638668573207494,0.11240736963487206
288,4,SRTsim,sim6,SRTsim_6_8,CellCharter,0.4423796066670512,0.510675367593119,0.5841066255573779,0.6753719008264463,0.5077390725094876,0.5136458218739804,0.510675367593119,201.3477442264557,811.1133642196655,0.23768595041322313,0.06734810984433989,0.11418848788866183
289,4,SRTsim,sim6,SRTsim_6_9,CellCharter,0.3774600792632753,0.47089702987714643,0.5379634704864744,0.6297520661157024,0.46607274907754753,0.47582222672019703,0.47089702987714643,219.94550228118896,811.1132326126099,0.31867768595041324,0.06638573963179908,0.06483595065276465
290,5,SRTsim,sim6,SRTsim_6_1,CellCharter,0.7749866753180543,0.8155854013272097,0.831810740686467,0.9028099173553719,0.812834849621432,0.8183546314216577,0.8155854013272096,175.47486758232117,811.1114807128906,0.01090909090909091,0.06368929973761756,0.1595550944375073
291,5,SRTsim,sim6,SRTsim_6_10,CellCharter,0.1655314583292571,0.2129447872610669,0.3810178701425724,0.4575206611570248,0.21075066033485368,0.21518508097850594,0.21294478726106686,247.13018679618835,811.1134214401245,0.44,0.07098331069810256,-0.013711222569857275
292,5,SRTsim,sim6,SRTsim_6_2,CellCharter,0.5703231206487733,0.6776569110065598,0.6878483355793776,0.7259504132231405,0.6596483956457213,0.6966762944118146,0.6776569110065598,155.7602174282074,811.1090316772461,0.04661157024793389,0.06448870723495323,0.17381539416980724
293,5,SRTsim,sim6,SRTsim_6_3,CellCharter,0.934562700585359,0.9332806616346007,0.9509694752064387,0.9755371900826446,0.9332004591643608,0.9333608778917798,0.9332806616346004,149.1200771331787,811.113995552063,0.00628099173553719,0.06360211307364794,0.16101502570631432
294,5,SRTsim,sim6,SRTsim_6_4,CellCharter,0.6330173803699621,0.7039759690728563,0.7332448619367822,0.7841322314049587,0.6843001230860878,0.7248168008377088,0.7039759690728563,136.06278681755066,811.1133422851562,0.07537190082644628,0.064376975544036,0.12900867145771916
295,5,SRTsim,sim6,SRTsim_6_5,CellCharter,0.9508485682831602,0.9386918616261951,0.9631738750521461,0.9818181818181818,0.9385514897032221,0.9388322755441453,0.9386918616261951,165.35818481445312,811.1118431091309,0.006942148760330578,0.06356125602935846,0.16171691571105098
296,5,SRTsim,sim6,SRTsim_6_6,CellCharter,0.9469744842054724,0.9401023688471254,0.9602432625386413,0.9798347107438017,0.9397987931081399,0.9404061407728027,0.9401023688471254,181.38007164001465,811.1105680465698,0.007272727272727273,0.06337787919210709,0.16152696448439946
297,5,SRTsim,sim6,SRTsim_6_7,CellCharter,0.6646418360564295,0.7348718784624274,0.750049494526526,0.7573553719008265,0.7300940626028124,0.7397126393463431,0.7348718784624275,192.11689257621765,811.1115131378174,0.1206611570247934,0.06384561338426474,0.0883143805946264
298,5,SRTsim,sim6,SRTsim_6_8,CellCharter,0.6446863652678143,0.699829749214133,0.7335996240075064,0.7672727272727272,0.6995866502604242,0.7000730171751951,0.699829749214133,218.1487112045288,811.1132383346558,0.13024793388429753,0.06424648330522462,0.10007979645969935
299,5,SRTsim,sim6,SRTsim_6_9,CellCharter,0.47950915186458354,0.5359951643626987,0.6112600968849562,0.7061157024793389,0.5341892853500257,0.537813294692635,0.5359951643626987,218.2069113254547,811.1133785247803,0.21223140495867768,0.06557046120210251,0.0807043694836929
300,1,SRTsim,sim6,SRTsim_6_1,DeepST,0.998206599085692,0.9966826285374577,0.9986549501000014,0.9993388429752066,0.996682010986031,0.9966832460896496,0.9966826285374578,243.00250506401065,859.2170219421387,0.0006611570247933885,0.06299407883487035,0.16303567071015312
301,1,SRTsim,sim6,SRTsim_6_10,DeepST,0.5702276130289838,0.6612667250804742,0.6813169514715788,0.7646280991735537,0.6539511059594677,0.6687478726459074,0.6612667250804743,224.4674236774445,858.785548210144,0.09520661157024793,0.06472845037971317,0.11323648201054337
302,1,SRTsim,sim6,SRTsim_6_2,DeepST,0.9982706769547589,0.9967003413512905,0.9987029887491082,0.9993388429752066,0.9967173200837768,0.9966833631972478,0.9967003413512905,229.85944747924805,858.7736148834229,0.0006611570247933885,0.06299407883487033,0.16277832138332718
303,1,SRTsim,sim6,SRTsim_6_3,DeepST,0.9953731292608814,0.9919498057350604,0.9965329356667395,0.9983471074380166,0.9919414865715587,0.9919581250381047,0.9919498057350603,247.75134587287903,858.7749319076538,0.0019834710743801653,0.06299407883487036,0.16304134081515026
304,1,SRTsim,sim6,SRTsim_6_4,DeepST,0.9948222792989992,0.9904333201616041,0.9961167769986587,0.9980165289256199,0.9904147139599688,0.990451927062335,0.990433320161604,240.07999110221863,858.7749700546265,0.0006611570247933885,0.06299407883487036,0.16299033329650747
305,1,SRTsim,sim6,SRTsim_6_5,DeepST,0.99279315264967,0.9870405217536206,0.9945994651450204,0.9973553719008265,0.9870736322570273,0.9870074134714638,0.9870405217536204,234.8359923362732,858.7754354476929,0.0019834710743801653,0.06299407883487035,0.1627775897560702
306,1,SRTsim,sim6,SRTsim_6_6,DeepST,0.9910674957650625,0.9853435273969203,0.9933006639874904,0.996694214876033,0.9853369683371408,0.9853500865440233,0.9853435273969203,208.4023959636688,858.7760915756226,0.0023140495867768596,0.06299407883487035,0.16285377565635664
307,1,SRTsim,sim6,SRTsim_6_7,DeepST,0.9069045862341873,0.9050875840860971,0.93019283206668,0.9623140495867769,0.9048883930851337,0.9052868628012828,0.9050875840860971,236.85031962394717,858.7791872024536,0.016859504132231404,0.06308600257607434,0.15194881916186403
308,1,SRTsim,sim6,SRTsim_6_8,DeepST,0.9677047161704729,0.9603921985697291,0.9757757410691748,0.9874380165289256,0.9605168260512602,0.9602676034249435,0.9603921985697291,219.98245787620544,858.7746648788452,0.0059504132231404955,0.06299407883487036,0.16211621095526324
309,1,SRTsim,sim6,SRTsim_6_9,DeepST,0.7154415687506448,0.7792668742073706,0.7929932896580018,0.8429752066115702,0.758024698883243,0.8017339157520522,0.7792668742073708,230.2383246421814,858.7739248275757,0.04727272727272727,0.06332442877388843,0.10829479599348958
310,2,SRTsim,sim6,SRTsim_6_1,DeepST,0.9991027157279241,0.9981759656718702,0.999327036894128,0.9996694214876033,0.9981758110528235,0.9981761202909648,0.9981759656718702,238.0974941253662,858.7748174667358,0.00033057851239669424,0.06299407883487035,0.1630760814155992
311,2,SRTsim,sim6,SRTsim_6_10,DeepST,0.7087051150567159,0.7145727038043284,0.782002283363401,0.8697520661157024,0.7136278551240314,0.7155200577752541,0.7145727038043284,235.8476588726044,858.7616052627563,0.0743801652892562,0.06365729662940654,0.12037793824068427
312,2,SRTsim,sim6,SRTsim_6_2,DeepST,0.9974079761575783,0.9953405570034373,0.9980560343067476,0.9990082644628099,0.9953127219185927,0.9953683936452069,0.9953405570034373,245.5008568763733,858.7617301940918,0.0,0.06299407883487035,0.16264764828651407
313,2,SRTsim,sim6,SRTsim_6_3,DeepST,0.9935297928014498,0.9904147736391271,0.995151396834485,0.9976859504132232,0.990464606253366,0.9903649460390291,0.9904147736391271,243.36864614486691,858.7616052627563,0.0019834710743801653,0.06299407883487035,0.16299724070235128
314,2,SRTsim,sim6,SRTsim_6_4,DeepST,0.9991347685447554,0.9981848149233192,0.9993510715794354,0.9996694214876033,0.998193477485136,0.9981761525118529,0.9981848149233193,243.1907229423523,858.7646017074585,0.00033057851239669424,0.06299407883487035,0.16294564607722467
315,2,SRTsim,sim6,SRTsim_6_5,DeepST,0.9946074000935139,0.9909630379937496,0.9959588093633052,0.9980165289256199,0.9910511218884045,0.9908749697553667,0.9909630379937495,219.06634855270383,858.7626256942749,0.0009917355371900827,0.06299407883487035,0.16282336668836428
316,2,SRTsim,sim6,SRTsim_6_6,DeepST,0.9901788991213482,0.9838522433601481,0.9926341947739932,0.9963636363636363,0.9838493507090714,0.9838551360282343,0.983852243360148,188.3980083465576,858.7617712020874,0.0023140495867768596,0.06299407883487035,0.16297465646572362
317,2,SRTsim,sim6,SRTsim_6_7,DeepST,0.965103680092186,0.9533751893656507,0.973824906312874,0.9864462809917356,0.9534916326851369,0.9532587744835214,0.9533751893656506,192.91945123672485,858.7619466781616,0.009256198347107438,0.06299407883487036,0.16059841779597347
318,2,SRTsim,sim6,SRTsim_6_8,DeepST,0.8391245454249833,0.8622749349956634,0.8802738187663144,0.9289256198347108,0.855983095959319,0.8686599543210521,0.8622749349956634,231.48449206352237,858.7608251571655,0.042644628099173555,0.06316006173012191,0.1330277624553525
319,2,SRTsim,sim6,SRTsim_6_9,DeepST,0.7416898999731779,0.7865544831483108,0.80824665986356,0.8737190082644628,0.7793825068841389,0.7938596801897041,0.7865544831483108,225.09182024002075,858.7647848129272,0.04033057851239669,0.06329497849929752,0.12491420628432916
320,3,SRTsim,sim6,SRTsim_6_1,DeepST,0.9955252705607988,0.9927994540127417,0.9966439652092604,0.9983471074380166,0.9927956093313892,0.992803298723872,0.9927994540127417,234.95038890838623,858.7616109848022,0.00033057851239669424,0.06299407883487035,0.16301051725373497
321,3,SRTsim,sim6,SRTsim_6_10,DeepST,0.7151951862324242,0.7248678039291314,0.7865178503585084,0.8750413223140496,0.7251118906457266,0.7246238814858782,0.7248678039291313,218.14025712013245,858.7603998184204,0.07603305785123966,0.06413496734969987,0.12230583041609057
322,3,SRTsim,sim6,SRTsim_6_2,DeepST,0.9939622342298642,0.9887447432611506,0.9954717142737839,0.9976859504132232,0.98873553840795,0.988753948285742,0.9887447432611506,233.0864496231079,858.762134552002,0.0023140495867768596,0.06299407883487033,0.16283366830811521
323,3,SRTsim,sim6,SRTsim_6_3,DeepST,0.9936523465261726,0.988648851438631,0.9952433481403166,0.9976859504132232,0.9886740107238257,0.9886236934338858,0.9886488514386311,232.3663239479065,858.762282371521,0.001652892561983471,0.06299407883487035,0.16300856221234022
324,3,SRTsim,sim6,SRTsim_6_4,DeepST,0.9948229684349172,0.991029459428439,0.9961171174654486,0.9980165289256199,0.9910611790389481,0.990997741848282,0.9910294594284391,237.1940405368805,858.7619619369507,0.001652892561983471,0.06299407883487036,0.16286370013088508
325,3,SRTsim,sim6,SRTsim_6_5,DeepST,0.9946077162800061,0.9903667308113894,0.9959591473262478,0.9980165289256199,0.9904236790751461,0.9903097890961803,0.9903667308113894,224.9432530403137,858.7604284286499,0.001322314049586777,0.06299407883487035,0.16282863583180102
326,3,SRTsim,sim6,SRTsim_6_6,DeepST,0.9831420045781318,0.9777563886499697,0.9873570780183101,0.9937190082644628,0.9777099177531691,0.9778028639645365,0.9777563886499697,198.75491189956665,858.7627649307251,0.0023140495867768596,0.06299407883487035,0.16281113285613466
327,3,SRTsim,sim6,SRTsim_6_7,DeepST,0.9490170947895791,0.9335605755966849,0.961760518068856,0.9801652892561984,0.9336235014156243,0.9334976582595196,0.9335605755966849,248.3426959514618,858.7662630081177,0.009586776859504133,0.06309992476661666,0.16225071959585638
328,3,SRTsim,sim6,SRTsim_6_8,DeepST,0.9413738781021634,0.9217709677387361,0.956030395759162,0.9771900826446281,0.9217720728611972,0.921769862618925,0.9217709677387361,223.19253420829773,858.7633275985718,0.017520661157024792,0.06389228130058279,0.1574699583428085
329,3,SRTsim,sim6,SRTsim_6_9,DeepST,0.843700064549329,0.8352149095801961,0.8828771232575502,0.935206611570248,0.8352196203474057,0.8352101988661249,0.835214909580196,214.59095406532288,858.7620229721069,0.040661157024793386,0.0631360837714332,0.14291716977280036
330,4,SRTsim,sim6,SRTsim_6_1,DeepST,1.0,1.0000000000000002,1.0,1.0,1.0000000000000002,1.0,1.0000000000000002,238.3611397743225,858.7616033554077,0.0,0.06299407883487035,0.1630675108301148
331,4,SRTsim,sim6,SRTsim_6_10,DeepST,0.6830787136041594,0.7121358077747556,0.7624834298674359,0.8552066115702479,0.7122505448117722,0.7120211076979558,0.7121358077747554,225.10983848571777,858.7610530853271,0.09223140495867768,0.06372670325861635,0.11201814606997393
332,4,SRTsim,sim6,SRTsim_6_2,DeepST,0.9922540828750157,0.9883808880410684,0.9941902278266604,0.9970247933884298,0.988446641559929,0.9883151432697465,0.9883808880410683,229.7047140598297,858.7623586654663,0.0009917355371900827,0.06299407883487036,0.16302191711191225
333,4,SRTsim,sim6,SRTsim_6_3,DeepST,0.9972808311211269,0.994845853064258,0.9979624076831004,0.9990082644628099,0.9948523754074756,0.9948393308065621,0.9948458530642581,237.6029043197632,858.7629632949829,0.0019834710743801653,0.06299407883487036,0.16316157810054915
334,4,SRTsim,sim6,SRTsim_6_4,DeepST,0.9922540828750157,0.9883808880410684,0.9941902278266604,0.9970247933884298,0.988446641559929,0.9883151432697465,0.9883808880410683,229.95959663391116,858.7602758407593,0.0006611570247933885,0.06299407883487036,0.16235195990946905
335,4,SRTsim,sim6,SRTsim_6_5,DeepST,0.9838148363044003,0.976795218819036,0.9878695404965371,0.9940495867768595,0.9770062821874859,0.9765842466232318,0.976795218819036,218.2763934135437,858.7621583938599,0.003305785123966942,0.06299407883487036,0.16279881541108607
336,4,SRTsim,sim6,SRTsim_6_6,DeepST,0.9910704343106144,0.9860611474069464,0.9933028767491494,0.996694214876033,0.9860532142081047,0.9860690807334408,0.9860611474069463,237.12798357009888,858.7620315551758,0.0019834710743801653,0.06299407883487035,0.16290247046201586
337,4,SRTsim,sim6,SRTsim_6_7,DeepST,0.9626490440072734,0.9545495077756408,0.9719834725576014,0.9854545454545455,0.9546759006633116,0.9544231483507342,0.9545495077756407,228.11781787872317,858.7620458602905,0.006611570247933884,0.06299407883487036,0.16250462269777682
338,4,SRTsim,sim6,SRTsim_6_8,DeepST,0.8424644073591266,0.8561470317796183,0.8820170270830369,0.932892561983471,0.854888119127904,0.8574096576619777,0.8561470317796182,227.90611052513125,858.7619695663452,0.024132231404958678,0.06300270462059025,0.14642728388925633
339,4,SRTsim,sim6,SRTsim_6_9,DeepST,0.934014793592342,0.915653529729624,0.9505653265753314,0.9745454545454545,0.915434291555315,0.9158728729401799,0.9156535297296241,230.5559937953949,858.7610311508179,0.013223140495867768,0.0630113304063101,0.15793150903548808
340,5,SRTsim,sim6,SRTsim_6_1,DeepST,0.9991027157279241,0.9981759656718702,0.999327036894128,0.9996694214876033,0.9981758110528235,0.9981761202909648,0.9981759656718702,237.3044011592865,858.7610540390015,0.00033057851239669424,0.06299407883487035,0.1630084142473639
341,5,SRTsim,sim6,SRTsim_6_10,DeepST,0.6785603045998749,0.6880644089768306,0.7591377766040884,0.8525619834710744,0.6880473308781977,0.6880814879232794,0.6880644089768306,239.65261816978452,858.7614831924438,0.09520661157024793,0.06430692390273257,0.11274774220375666
342,5,SRTsim,sim6,SRTsim_6_2,DeepST,1.0,1.0000000000000002,1.0,1.0,1.0000000000000002,1.0,1.0000000000000002,226.9208219051361,858.7641668319702,0.0,0.06299407883487035,0.16286373044157668
343,5,SRTsim,sim6,SRTsim_6_3,DeepST,0.9981456725415436,0.9966630748089993,0.9986104603919095,0.9993388429752066,0.9966788959468446,0.9966472541734309,0.9966630748089993,223.2329297065735,858.7616949081421,0.0006611570247933885,0.06299407883487035,0.16306894090326476
344,5,SRTsim,sim6,SRTsim_6_4,DeepST,0.9948229684349172,0.991029459428439,0.9961171174654486,0.9980165289256199,0.9910611790389481,0.990997741848282,0.9910294594284391,243.8999700546265,858.7614336013794,0.0009917355371900827,0.06299407883487035,0.1627306555698838
345,5,SRTsim,sim6,SRTsim_6_5,DeepST,0.9937535442027029,0.9897933108552688,0.9953189569277354,0.9976859504132232,0.9898740051800872,0.9897126296857474,0.9897933108552689,222.9902811050415,858.7608709335327,0.001322314049586777,0.06299407883487035,0.16278763359227108
346,5,SRTsim,sim6,SRTsim_6_6,DeepST,0.9919764599292329,0.9850437397193668,0.9939823943624196,0.9970247933884298,0.9850348742929433,0.9850526053053714,0.9850437397193669,214.4501340389252,858.7646780014038,0.002644628099173554,0.06299407883487036,0.16306100048875885
347,5,SRTsim,sim6,SRTsim_6_7,DeepST,0.9835837197056592,0.9755059920719497,0.9876867736865629,0.9937190082644628,0.9755975988102606,0.9754144025354166,0.9755059920719497,224.15425944328308,858.7625341415405,0.003966942148760331,0.06299407883487036,0.16312251855812265
348,5,SRTsim,sim6,SRTsim_6_8,DeepST,0.9791442166398433,0.9672492741931953,0.9843570239505451,0.9920661157024794,0.9673284223849239,0.9671701389524429,0.9672492741931952,213.9406268596649,858.7616720199585,0.004628099173553719,0.06299407883487036,0.16287222783503302
349,5,SRTsim,sim6,SRTsim_6_9,DeepST,0.7346821722111146,0.7616595531790871,0.8027109094463599,0.8707438016528926,0.755636039780834,0.7677798704923813,0.761659553179087,227.43123817443848,858.7614583969116,0.06148760330578512,0.06319948086797167,0.11692976169010984
350,1,SRTsim,sim6,SRTsim_6_1,GraphST,1.0,1.0000000000000002,1.0,1.0,1.0000000000000002,1.0,1.0000000000000002,19.957228899002075,597.8332395553589,0.0,0.06299407883487035,0.1630675108301148
351,1,SRTsim,sim6,SRTsim_6_10,GraphST,0.3619918068926307,0.42867871583891964,0.5400441034417017,0.5877685950413223,0.4100327187109522,0.44910133536986485,0.42867871583891964,21.607752084732056,652.0382556915283,0.07801652892561983,0.06360606176520951,0.08112960551794422
352,1,SRTsim,sim6,SRTsim_6_2,GraphST,1.0,1.0,1.0,1.0,1.0,1.0,1.0,21.36443519592285,651.9936122894287,0.0,0.06299407883487036,0.16286373044157668
353,1,SRTsim,sim6,SRTsim_6_3,GraphST,0.974463914458084,0.9663513149790497,0.9808648247890273,0.9907438016528926,0.9663513149790497,0.9663513149790497,0.9663513149790497,19.95603823661804,651.9843244552612,0.001652892561983471,0.06299407883487035,0.163439415587007
354,1,SRTsim,sim6,SRTsim_6_4,GraphST,1.0,1.0,1.0,1.0,1.0,1.0,1.0,19.647127866744995,651.9878787994385,0.0,0.06299407883487035,0.16286373044157668
355,1,SRTsim,sim6,SRTsim_6_5,GraphST,0.66269017474065,0.7957336123411906,0.7805909550786025,0.7533884297520661,0.7063419481820269,0.9110296964449881,0.7957336123411906,21.295568227767944,651.9817523956299,0.0049586776859504135,0.06299407883487036,0.0046747513184344
356,1,SRTsim,sim6,SRTsim_6_6,GraphST,0.6994333614147438,0.835178227187887,0.8060873875747453,0.7474380165289256,0.7335666444473554,0.9694659110396264,0.8351782271878869,19.338399410247803,651.9908790588379,0.0029752066115702478,0.06299407883487035,-0.020405262591544817
357,1,SRTsim,sim6,SRTsim_6_7,GraphST,0.6864114652467337,0.8093185464762006,0.7918689281100305,0.7576859504132232,0.7312400990620463,0.9060638704138747,0.8093185464762005,18.68508815765381,651.9849328994751,0.005289256198347108,0.0630113304063101,0.12206650255040667
358,1,SRTsim,sim6,SRTsim_6_8,GraphST,0.7007478057560632,0.7746841451820732,0.7859111298460042,0.8072727272727273,0.7423458263398323,0.8099682550321536,0.7746841451820732,19.46756625175476,651.9849863052368,0.01487603305785124,0.06344094849602279,0.12290199729473668
359,1,SRTsim,sim6,SRTsim_6_9,GraphST,0.6545812698942517,0.7179477636188146,0.7489486848463284,0.7887603305785124,0.6973918423749963,0.7397522766852296,0.7179477636188146,18.332491874694824,651.9919557571411,0.02347107438016529,0.06306308512062933,0.0803170195824678
360,2,SRTsim,sim6,SRTsim_6_1,GraphST,1.0,1.0000000000000002,1.0,1.0,1.0000000000000002,1.0,1.0000000000000002,19.137393474578857,651.9916324615479,0.0,0.06299407883487035,0.1630675108301148
361,2,SRTsim,sim6,SRTsim_6_10,GraphST,0.3619918068926307,0.42867871583891964,0.5400441034417017,0.5877685950413223,0.4100327187109522,0.44910133536986485,0.42867871583891964,19.660189628601078,651.9786682128906,0.07801652892561983,0.06360606176520951,0.08112960551794422
362,2,SRTsim,sim6,SRTsim_6_2,GraphST,1.0,1.0,1.0,1.0,1.0,1.0,1.0,18.930968523025516,651.9776058197021,0.0,0.06299407883487036,0.16286373044157668
363,2,SRTsim,sim6,SRTsim_6_3,GraphST,0.974463914458084,0.9663513149790497,0.9808648247890273,0.9907438016528926,0.9663513149790497,0.9663513149790497,0.9663513149790497,20.95736694335937,651.9836196899414,0.001652892561983471,0.06299407883487035,0.163439415587007
364,2,SRTsim,sim6,SRTsim_6_4,GraphST,1.0,1.0,1.0,1.0,1.0,1.0,1.0,19.260373830795288,651.9803609848022,0.0,0.06299407883487035,0.16286373044157668
365,2,SRTsim,sim6,SRTsim_6_5,GraphST,0.66269017474065,0.7957336123411906,0.7805909550786025,0.7533884297520661,0.7063419481820269,0.9110296964449881,0.7957336123411906,18.2253053188324,651.9840383529663,0.0049586776859504135,0.06299407883487036,0.0046747513184344
366,2,SRTsim,sim6,SRTsim_6_6,GraphST,0.6994333614147438,0.835178227187887,0.8060873875747453,0.7474380165289256,0.7335666444473554,0.9694659110396264,0.8351782271878869,18.70543146133423,651.9779615402222,0.0029752066115702478,0.06299407883487035,-0.020405262591544817
367,2,SRTsim,sim6,SRTsim_6_7,GraphST,0.6864114652467337,0.8093185464762006,0.7918689281100305,0.7576859504132232,0.7312400990620463,0.9060638704138747,0.8093185464762005,18.5017511844635,651.9819793701172,0.005289256198347108,0.0630113304063101,0.12206650255040667
368,2,SRTsim,sim6,SRTsim_6_8,GraphST,0.7007478057560632,0.7746841451820732,0.7859111298460042,0.8072727272727273,0.7423458263398323,0.8099682550321536,0.7746841451820732,19.41838479042053,651.9797325134277,0.01487603305785124,0.06344094849602279,0.12290199729473668
369,2,SRTsim,sim6,SRTsim_6_9,GraphST,0.6545812698942517,0.7179477636188146,0.7489486848463284,0.7887603305785124,0.6973918423749963,0.7397522766852296,0.7179477636188146,18.22405886650085,651.9817714691162,0.02347107438016529,0.06306308512062933,0.0803170195824678
370,3,SRTsim,sim6,SRTsim_6_1,GraphST,1.0,1.0000000000000002,1.0,1.0,1.0000000000000002,1.0,1.0000000000000002,18.309890270233154,651.9829893112183,0.0,0.06299407883487035,0.1630675108301148
371,3,SRTsim,sim6,SRTsim_6_10,GraphST,0.3619918068926307,0.42867871583891964,0.5400441034417017,0.5877685950413223,0.4100327187109522,0.44910133536986485,0.42867871583891964,18.81084990501404,651.9773864746094,0.07801652892561983,0.06360606176520951,0.08112960551794422
372,3,SRTsim,sim6,SRTsim_6_2,GraphST,1.0,1.0,1.0,1.0,1.0,1.0,1.0,18.889118432998657,651.98215675354,0.0,0.06299407883487036,0.16286373044157668
373,3,SRTsim,sim6,SRTsim_6_3,GraphST,0.974463914458084,0.9663513149790497,0.9808648247890273,0.9907438016528926,0.9663513149790497,0.9663513149790497,0.9663513149790497,19.608477354049683,651.9831857681274,0.001652892561983471,0.06299407883487035,0.163439415587007
374,3,SRTsim,sim6,SRTsim_6_4,GraphST,1.0,1.0,1.0,1.0,1.0,1.0,1.0,18.98420763015747,651.9787015914917,0.0,0.06299407883487035,0.16286373044157668
375,3,SRTsim,sim6,SRTsim_6_5,GraphST,0.66269017474065,0.7957336123411906,0.7805909550786025,0.7533884297520661,0.7063419481820269,0.9110296964449881,0.7957336123411906,18.177935361862183,651.9772930145264,0.0049586776859504135,0.06299407883487036,0.0046747513184344
376,3,SRTsim,sim6,SRTsim_6_6,GraphST,0.6994333614147438,0.835178227187887,0.8060873875747453,0.7474380165289256,0.7335666444473554,0.9694659110396264,0.8351782271878869,18.72940230369568,651.9768142700195,0.0029752066115702478,0.06299407883487035,-0.020405262591544817
377,3,SRTsim,sim6,SRTsim_6_7,GraphST,0.6864114652467337,0.8093185464762006,0.7918689281100305,0.7576859504132232,0.7312400990620463,0.9060638704138747,0.8093185464762005,18.545955657958984,651.9813022613525,0.005289256198347108,0.0630113304063101,0.12206650255040667
378,3,SRTsim,sim6,SRTsim_6_8,GraphST,0.7007478057560632,0.7746841451820732,0.7859111298460042,0.8072727272727273,0.7423458263398323,0.8099682550321536,0.7746841451820732,19.510984659194943,651.9781980514526,0.01487603305785124,0.06344094849602279,0.12290199729473668
379,3,SRTsim,sim6,SRTsim_6_9,GraphST,0.6545812698942517,0.7179477636188146,0.7489486848463284,0.7887603305785124,0.6973918423749963,0.7397522766852296,0.7179477636188146,18.207133531570435,651.978006362915,0.02347107438016529,0.06306308512062933,0.0803170195824678
380,4,SRTsim,sim6,SRTsim_6_1,GraphST,1.0,1.0000000000000002,1.0,1.0,1.0000000000000002,1.0,1.0000000000000002,20.95572662353516,651.9780731201172,0.0,0.06299407883487035,0.1630675108301148
381,4,SRTsim,sim6,SRTsim_6_10,GraphST,0.3619918068926307,0.42867871583891964,0.5400441034417017,0.5877685950413223,0.4100327187109522,0.44910133536986485,0.42867871583891964,19.174333810806274,651.9829616546631,0.07801652892561983,0.06360606176520951,0.08112960551794422
382,4,SRTsim,sim6,SRTsim_6_2,GraphST,1.0,1.0,1.0,1.0,1.0,1.0,1.0,19.54533076286316,651.9776163101196,0.0,0.06299407883487036,0.16286373044157668
383,4,SRTsim,sim6,SRTsim_6_3,GraphST,0.974463914458084,0.9663513149790497,0.9808648247890273,0.9907438016528926,0.9663513149790497,0.9663513149790497,0.9663513149790497,19.53873038291931,652.0014057159424,0.001652892561983471,0.06299407883487035,0.163439415587007
384,4,SRTsim,sim6,SRTsim_6_4,GraphST,1.0,1.0,1.0,1.0,1.0,1.0,1.0,21.233296632766724,651.9803094863892,0.0,0.06299407883487035,0.16286373044157668
385,4,SRTsim,sim6,SRTsim_6_5,GraphST,0.66269017474065,0.7957336123411906,0.7805909550786025,0.7533884297520661,0.7063419481820269,0.9110296964449881,0.7957336123411906,20.513320684432983,651.9822406768799,0.0049586776859504135,0.06299407883487036,0.0046747513184344
386,4,SRTsim,sim6,SRTsim_6_6,GraphST,0.6994333614147438,0.835178227187887,0.8060873875747453,0.7474380165289256,0.7335666444473554,0.9694659110396264,0.8351782271878869,19.271879196166992,651.9787483215332,0.0029752066115702478,0.06299407883487035,-0.020405262591544817
387,4,SRTsim,sim6,SRTsim_6_7,GraphST,0.6864114652467337,0.8093185464762006,0.7918689281100305,0.7576859504132232,0.7312400990620463,0.9060638704138747,0.8093185464762005,18.565422534942627,651.9819946289062,0.005289256198347108,0.0630113304063101,0.12206650255040667
388,4,SRTsim,sim6,SRTsim_6_8,GraphST,0.7007478057560632,0.7746841451820732,0.7859111298460042,0.8072727272727273,0.7423458263398323,0.8099682550321536,0.7746841451820732,19.51309084892273,651.9769277572632,0.01487603305785124,0.06344094849602279,0.12290199729473668
389,4,SRTsim,sim6,SRTsim_6_9,GraphST,0.6545812698942517,0.7179477636188146,0.7489486848463284,0.7887603305785124,0.6973918423749963,0.7397522766852296,0.7179477636188146,19.961564779281616,651.9768295288086,0.02347107438016529,0.06306308512062933,0.0803170195824678
390,5,SRTsim,sim6,SRTsim_6_1,GraphST,1.0,1.0000000000000002,1.0,1.0,1.0000000000000002,1.0,1.0000000000000002,19.27960157394409,651.9787406921387,0.0,0.06299407883487035,0.1630675108301148
391,5,SRTsim,sim6,SRTsim_6_10,GraphST,0.3619918068926307,0.42867871583891964,0.5400441034417017,0.5877685950413223,0.4100327187109522,0.44910133536986485,0.42867871583891964,19.18811821937561,651.9835052490234,0.07801652892561983,0.06360606176520951,0.08112960551794422
392,5,SRTsim,sim6,SRTsim_6_2,GraphST,1.0,1.0,1.0,1.0,1.0,1.0,1.0,19.082403898239136,651.9778709411621,0.0,0.06299407883487036,0.16286373044157668
393,5,SRTsim,sim6,SRTsim_6_3,GraphST,0.974463914458084,0.9663513149790497,0.9808648247890273,0.9907438016528926,0.9663513149790497,0.9663513149790497,0.9663513149790497,19.27090430259705,651.978816986084,0.001652892561983471,0.06299407883487035,0.163439415587007
394,5,SRTsim,sim6,SRTsim_6_4,GraphST,1.0,1.0,1.0,1.0,1.0,1.0,1.0,18.808613538742065,651.984148979187,0.0,0.06299407883487035,0.16286373044157668
395,5,SRTsim,sim6,SRTsim_6_5,GraphST,0.66269017474065,0.7957336123411906,0.7805909550786025,0.7533884297520661,0.7063419481820269,0.9110296964449881,0.7957336123411906,18.40619254112244,651.9832496643066,0.0049586776859504135,0.06299407883487036,0.0046747513184344
396,5,SRTsim,sim6,SRTsim_6_6,GraphST,0.6994333614147438,0.835178227187887,0.8060873875747453,0.7474380165289256,0.7335666444473554,0.9694659110396264,0.8351782271878869,18.720524787902832,651.9808740615845,0.0029752066115702478,0.06299407883487035,-0.020405262591544817
397,5,SRTsim,sim6,SRTsim_6_7,GraphST,0.6864114652467337,0.8093185464762006,0.7918689281100305,0.7576859504132232,0.7312400990620463,0.9060638704138747,0.8093185464762005,18.71852159500122,651.9777526855469,0.005289256198347108,0.0630113304063101,0.12206650255040667
398,5,SRTsim,sim6,SRTsim_6_8,GraphST,0.7007478057560632,0.7746841451820732,0.7859111298460042,0.8072727272727273,0.7423458263398323,0.8099682550321536,0.7746841451820732,19.593626022338867,651.9818363189697,0.01487603305785124,0.06344094849602279,0.12290199729473668
399,5,SRTsim,sim6,SRTsim_6_9,GraphST,0.6545812698942517,0.7179477636188146,0.7489486848463284,0.7887603305785124,0.6973918423749963,0.7397522766852296,0.7179477636188146,18.36838412284851,651.9774217605591,0.02347107438016529,0.06306308512062933,0.0803170195824678
400,1,SRTsim,sim6,SRTsim_6_1,SEDR,0.9919454494412976,0.9859451167489625,0.9939590950132264,0.9970247933884298,0.9859437422256522,0.9859464912761053,0.9859451167489625,20.859978914260864,386.66402530670166,0.0023140495867768596,0.06299407883487036,0.16279644989085248
401,1,SRTsim,sim6,SRTsim_6_10,SEDR,0.5920032775378535,0.6725643994306508,0.7019288807028938,0.768595041322314,0.6577746036421923,0.6880345785090178,0.6725643994306509,23.751492023468018,386.3998460769653,0.07603305785123966,0.06350082526783489,0.10820318503298408
402,1,SRTsim,sim6,SRTsim_6_2,SEDR,0.9939573833440905,0.9888681182569014,0.9954680060193954,0.9976859504132232,0.988875780303409,0.9888604563291274,0.9888681182569012,19.819204330444336,386.3937768936157,0.001652892561983471,0.06299407883487036,0.16287720568002745
403,1,SRTsim,sim6,SRTsim_6_3,SEDR,0.975485996359899,0.968709465281887,0.9816298726170485,0.9910743801652893,0.9687517777763538,0.9686671564834527,0.9687094652818871,19.21957230567932,386.3946542739868,0.0023140495867768596,0.06299407883487036,0.16308629490749912
404,1,SRTsim,sim6,SRTsim_6_4,SEDR,0.9896558982662842,0.9828494166624037,0.9922415118648195,0.9960330578512396,0.9829088013042118,0.9827900391958748,0.9828494166624036,19.728476524353027,386.3946924209595,0.0023140495867768596,0.06299407883487036,0.1625946201759341
405,1,SRTsim,sim6,SRTsim_6_5,SEDR,0.9623295393982222,0.9501261363531186,0.9717753616236718,0.9861157024793389,0.9500164146008859,0.9502358834528153,0.9501261363531185,18.997910976409912,386.3949222564697,0.007603305785123967,0.06299407883487036,0.16188910823523758
406,1,SRTsim,sim6,SRTsim_6_6,SEDR,0.9910657076275559,0.9856506492849633,0.9932993081418656,0.996694214876033,0.9856463694856342,0.9856549291214592,0.9856506492849633,19.659807920455933,386.3943452835083,0.002644628099173554,0.06299407883487036,0.1630753769121032
407,1,SRTsim,sim6,SRTsim_6_7,SEDR,0.9450074265832324,0.9372179892671133,0.9587549396912074,0.9781818181818182,0.9372338095446237,0.9372021695236786,0.9372179892671132,18.997147798538208,386.39375019073486,0.011900826446280991,0.06299407883487036,0.1559110450810419
408,1,SRTsim,sim6,SRTsim_6_8,SEDR,0.9583282670252009,0.9450953170121603,0.9687424772899458,0.9838016528925619,0.9452213024281608,0.9449693651760416,0.9450953170121603,19.127431631088257,386.393759727478,0.00859504132231405,0.06299407883487036,0.16115828772227198
409,1,SRTsim,sim6,SRTsim_6_9,SEDR,0.65630714705515,0.759644584042914,0.7592028882095685,0.7973553719008264,0.7194377734070961,0.8046114474740541,0.7596445840429138,20.0608172416687,386.3934450149536,0.04528925619834711,0.06359529323881209,0.1033568098584232
410,2,SRTsim,sim6,SRTsim_6_1,SEDR,0.9973116516376275,0.9953141095033792,0.9979837413809093,0.9990082644628099,0.9953127219185924,0.9953154970920349,0.9953141095033792,19.41419076919556,386.3973512649536,0.0006611570247933885,0.06299407883487035,0.1629456172220001
411,2,SRTsim,sim6,SRTsim_6_10,SEDR,0.8217448294729074,0.810999660359489,0.8663628083118358,0.9266115702479338,0.8114183278731476,0.8105814246627787,0.8109996603594889,19.864246368408203,386.3954992294312,0.03404958677685951,0.06319522785714886,0.1414056817725149
412,2,SRTsim,sim6,SRTsim_6_2,SEDR,0.9948229684349172,0.9910294594284392,0.9961171174654486,0.9980165289256199,0.9910611790389483,0.9909977418482823,0.9910294594284392,19.403233528137207,386.3941659927368,0.0006611570247933885,0.06299407883487035,0.16279652916354775
413,2,SRTsim,sim6,SRTsim_6_3,SEDR,0.9648058243401791,0.9572566233174304,0.9736273184570345,0.9871074380165289,0.9572637013748647,0.9572495453646663,0.9572566233174304,18.649105072021484,386.3929033279419,0.0049586776859504135,0.06299407883487036,0.16274198485062477
414,2,SRTsim,sim6,SRTsim_6_4,SEDR,0.9982706769547589,0.9967003413512905,0.9987029887491082,0.9993388429752066,0.9967173200837768,0.9966833631972478,0.9967003413512905,18.33898425102234,386.3932514190674,0.0006611570247933885,0.06299407883487035,0.16291444625138626
415,2,SRTsim,sim6,SRTsim_6_5,SEDR,0.9786791435138631,0.9669433734218744,0.9840258719127656,0.9920661157024794,0.9667948287466368,0.9670919637508758,0.9669433734218744,20.186878204345703,386.39323139190674,0.00628099173553719,0.06305655230148345,0.16229372753047325
416,2,SRTsim,sim6,SRTsim_6_6,SEDR,0.9964161164566837,0.9934905402457146,0.9973120900896644,0.9986776859504132,0.9934894635906167,0.9934916169031461,0.9934905402457146,20.04415774345398,386.3931932449341,0.001322314049586777,0.06299407883487036,0.16297089551748958
417,2,SRTsim,sim6,SRTsim_6_7,SEDR,0.9768693460247431,0.9659874457389087,0.9826530931164064,0.9910743801652893,0.9659218476310001,0.9660530527572774,0.9659874457389086,20.133944034576416,386.3936605453491,0.004628099173553719,0.0631708127938232,0.16268348855533785
418,2,SRTsim,sim6,SRTsim_6_8,SEDR,0.9801743844837635,0.9694386898593896,0.9851300559503596,0.9923966942148761,0.9694922827143553,0.9693851029292476,0.9694386898593896,19.316876649856567,386.3936357498169,0.00628099173553719,0.06317792631727835,0.16234345521304222
419,2,SRTsim,sim6,SRTsim_6_9,SEDR,0.9216260526241427,0.9000906637200311,0.9412563462136891,0.9695867768595041,0.9003430647006049,0.8998384042153085,0.9000906637200311,20.87037682533264,386.3936367034912,0.015867768595041323,0.06340677711826466,0.1551839917363868
420,3,SRTsim,sim6,SRTsim_6_1,SEDR,0.9901696279926271,0.9839742163779694,0.9926272630490314,0.9963636363636363,0.9839682650383452,0.9839801677895851,0.9839742163779694,19.79085683822632,386.3966112136841,0.0023140495867768596,0.06299407883487036,0.16287569442078723
421,3,SRTsim,sim6,SRTsim_6_10,SEDR,0.8676836880790278,0.8532658379859178,0.9008228686889909,0.9457851239669421,0.8535235626510733,0.853008268915653,0.8532658379859178,19.341869115829468,386.3937978744507,0.02347107438016529,0.06313105666211423,0.1439783035524952
422,3,SRTsim,sim6,SRTsim_6_2,SEDR,0.9974042269354019,0.9948848811998154,0.9980531277458472,0.9990082644628099,0.9949101316970943,0.9948596319842029,0.9948848811998154,18.76403975486756,386.3930330276489,0.0009917355371900827,0.06299407883487036,0.16295293710297146
423,3,SRTsim,sim6,SRTsim_6_3,SEDR,0.9701869807946976,0.9590167661925478,0.9776607010364151,0.9890909090909091,0.9589800402101639,0.9590534949880235,0.9590167661925478,18.91078305244445,386.3936281204224,0.004628099173553719,0.06299407883487036,0.16304776998398657
424,3,SRTsim,sim6,SRTsim_6_4,SEDR,0.9982701478653351,0.9963697765114392,0.9987026110882011,0.9993388429752066,0.9963696221721741,0.9963699308507522,0.9963697765114392,19.79821276664734,386.3928117752075,0.0006611570247933885,0.06299407883487036,0.16280166316998254
425,3,SRTsim,sim6,SRTsim_6_5,SEDR,0.983920192452744,0.9745705708715056,0.9879518505346478,0.9940495867768595,0.9744824700314815,0.9746586876429806,0.9745705708715057,20.346231698989868,386.3930282592773,0.004628099173553719,0.06299407883487036,0.16246709557247196
426,3,SRTsim,sim6,SRTsim_6_6,SEDR,0.9840023787417447,0.9741615410908542,0.9880018453802196,0.9940495867768595,0.9741565334272031,0.9741665488059894,0.9741615410908542,19.77874326705933,386.3935136795044,0.0029752066115702478,0.06299407883487035,0.16257896357458193
427,3,SRTsim,sim6,SRTsim_6_7,SEDR,0.9682988228392625,0.9543175428339329,0.9762221649085043,0.9877685950413223,0.9544051493810768,0.9542299523684346,0.9543175428339329,18.748233318328857,386.3936281204224,0.003966942148760331,0.06299407883487036,0.16289169987795715
428,3,SRTsim,sim6,SRTsim_6_8,SEDR,0.9591966689301816,0.9466771629212857,0.9693949407596292,0.9841322314049586,0.9467658501855224,0.9465884922708594,0.9466771629212858,19.70533299446106,386.3932018280029,0.009917355371900827,0.06355294968550586,0.1602567341653343
429,3,SRTsim,sim6,SRTsim_6_9,SEDR,0.7246952844083975,0.7881475174884257,0.7989923229931103,0.8704132231404959,0.7706128578432196,0.8064987305529419,0.7881475174884257,20.180917501449585,386.3937473297119,0.04925619834710744,0.06322704057175028,0.12019309584082068
430,4,SRTsim,sim6,SRTsim_6_1,SEDR,0.9919454494412976,0.9859451167489625,0.9939590950132264,0.9970247933884298,0.9859437422256522,0.9859464912761053,0.9859451167489625,24.292972803115845,386.58077907562256,0.0023140495867768596,0.06299407883487036,0.16279644989085248
431,4,SRTsim,sim6,SRTsim_6_10,SEDR,0.5925013708130986,0.6730595730786301,0.7022552486510194,0.7692561983471075,0.658329201903075,0.6884642271292003,0.6730595730786301,19.75342321395874,386.3982963562012,0.07735537190082645,0.06347137499324398,0.10812594791287643
432,4,SRTsim,sim6,SRTsim_6_2,SEDR,0.9948172828370668,0.9902270171985902,0.9961129047793064,0.9980165289256199,0.9902434248962377,0.9902106100446636,0.9902270171985902,18.83795118331909,386.3943862915039,0.001322314049586777,0.06299407883487035,0.1629305750354616
433,4,SRTsim,sim6,SRTsim_6_3,SEDR,0.975485996359899,0.968709465281887,0.9816298726170485,0.9910743801652893,0.9687517777763538,0.9686671564834527,0.9687094652818871,19.23729872703552,386.39459228515625,0.0023140495867768596,0.06299407883487036,0.16308629490749912
434,4,SRTsim,sim6,SRTsim_6_4,SEDR,0.9896558982662842,0.9828494166624037,0.9922415118648195,0.9960330578512396,0.9829088013042118,0.9827900391958748,0.9828494166624036,19.71054005622864,386.3934020996094,0.0023140495867768596,0.06299407883487036,0.1625946201759341
435,4,SRTsim,sim6,SRTsim_6_5,SEDR,0.9623295393982222,0.9501261363531186,0.9717753616236718,0.9861157024793389,0.9500164146008859,0.9502358834528153,0.9501261363531185,20.50062251091004,386.3935785293579,0.007603305785123967,0.06299407883487036,0.16188910823523758
436,4,SRTsim,sim6,SRTsim_6_6,SEDR,0.9910657076275559,0.9856506492849633,0.9932993081418656,0.996694214876033,0.9856463694856342,0.9856549291214592,0.9856506492849633,21.38440990447998,386.3937549591065,0.002644628099173554,0.06299407883487036,0.1630753769121032
437,4,SRTsim,sim6,SRTsim_6_7,SEDR,0.9386442410076272,0.9316835110790229,0.9539856271357994,0.9755371900826446,0.9316291331246596,0.9317378953816948,0.931683511079023,20.312134742736816,386.3944358825684,0.013884297520661157,0.06299407883487036,0.1553365955409949
438,4,SRTsim,sim6,SRTsim_6_8,SEDR,0.9566519377806133,0.9431408839786714,0.9674851835130014,0.9831404958677686,0.9432631862086873,0.9430186134596276,0.9431408839786712,19.214703798294067,386.3939323425293,0.009256198347107438,0.06299407883487036,0.16115781509629376
439,4,SRTsim,sim6,SRTsim_6_9,SEDR,0.65630714705515,0.759644584042914,0.7592028882095685,0.7973553719008264,0.7194377734070961,0.8046114474740541,0.7596445840429138,22.50559639930725,386.3932552337647,0.04528925619834711,0.06359529323881209,0.1033568098584232
440,5,SRTsim,sim6,SRTsim_6_1,SEDR,0.9919454494412976,0.9859451167489625,0.9939590950132264,0.9970247933884298,0.9859437422256522,0.9859464912761053,0.9859451167489625,24.661062002182007,386.580714225769,0.0023140495867768596,0.06299407883487036,0.16279644989085248
441,5,SRTsim,sim6,SRTsim_6_10,SEDR,0.5926164858980543,0.6730137440778697,0.702262123601467,0.7695867768595042,0.6584203122591185,0.6882687458270436,0.6730137440778697,21.712846755981445,386.3980741500855,0.07768595041322314,0.06346274920752412,0.10862493789214164
442,5,SRTsim,sim6,SRTsim_6_2,SEDR,0.9948172828370668,0.9902270171985902,0.9961129047793064,0.9980165289256199,0.9902434248962377,0.9902106100446636,0.9902270171985902,21.08643627166748,386.393385887146,0.001322314049586777,0.06299407883487035,0.1629305750354616
443,5,SRTsim,sim6,SRTsim_6_3,SEDR,0.975485996359899,0.968709465281887,0.9816298726170485,0.9910743801652893,0.9687517777763538,0.9686671564834527,0.9687094652818871,20.25166869163513,386.39364528656006,0.0023140495867768596,0.06299407883487036,0.16308629490749912
444,5,SRTsim,sim6,SRTsim_6_4,SEDR,0.9888006960058965,0.9822258009721254,0.9915999402199093,0.9957024793388429,0.9823037243574876,0.9821478899486676,0.9822258009721254,21.58941960334778,386.3933172225952,0.001322314049586777,0.06299407883487036,0.16290062210110184
445,5,SRTsim,sim6,SRTsim_6_5,SEDR,0.9623295393982222,0.9501261363531186,0.9717753616236718,0.9861157024793389,0.9500164146008859,0.9502358834528153,0.9501261363531185,22.350532054901123,386.3938674926758,0.007603305785123967,0.06299407883487036,0.16188910823523758
446,5,SRTsim,sim6,SRTsim_6_6,SEDR,0.9910657076275559,0.9856506492849633,0.9932993081418656,0.996694214876033,0.9856463694856342,0.9856549291214592,0.9856506492849633,20.449366807937626,386.39433765411377,0.002644628099173554,0.06299407883487036,0.1630753769121032
447,5,SRTsim,sim6,SRTsim_6_7,SEDR,0.9450074265832324,0.9372179892671133,0.9587549396912074,0.9781818181818182,0.9372338095446237,0.9372021695236786,0.9372179892671132,22.10189414024353,386.3939542770386,0.011900826446280991,0.06299407883487036,0.1559110450810419
448,5,SRTsim,sim6,SRTsim_6_8,SEDR,0.9574742298101439,0.9443483874007189,0.9681019842368989,0.9834710743801653,0.9444705432244498,0.9442262631716537,0.9443483874007188,22.32514977455139,386.3936491012573,0.008925619834710744,0.06299407883487036,0.1611572012355503
449,5,SRTsim,sim6,SRTsim_6_9,SEDR,0.6564484350550277,0.7596711222715665,0.759235465233061,0.7976859504132231,0.7196194865129198,0.8044437981004955,0.7596711222715664,20.67717957496643,386.3933038711548,0.04628099173553719,0.06359529323881209,0.10335577535506224
450,1,SRTsim,sim6,SRTsim_6_1,SpaceFlow,0.6730184243988394,0.8178375724729121,0.7851790275028648,0.743801652892562,0.7373982817036377,0.9179751384427776,0.817837572472912,39.87198925018311,477.9057321548462,0.025785123966942148,0.06301490332374139,0.1858565727271311
451,1,SRTsim,sim6,SRTsim_6_10,SpaceFlow,0.10281518717686275,0.12987770438069743,0.37623209500961907,0.43305785123966944,0.11399017244886418,0.15091114613829526,0.12987770438069743,58.97706198692322,477.6409559249878,0.049586776859504134,0.06301133040631013,0.005514768508411269
452,1,SRTsim,sim6,SRTsim_6_2,SpaceFlow,0.9241324485099994,0.9250093223787663,0.9431206190513499,0.9692561983471074,0.9246377674983354,0.9253811759892111,0.9250093223787664,28.837884426116943,477.6405839920044,0.026776859504132233,0.06301490332374139,0.1463206890074406
453,1,SRTsim,sim6,SRTsim_6_3,SpaceFlow,0.6576526465522096,0.8125940304492829,0.777012176965172,0.7451239669421488,0.7292234183809658,0.917488614818128,0.812594030449283,30.34095764160156,477.6380338668823,0.024793388429752067,0.06301490332374139,0.18157220598096122
454,1,SRTsim,sim6,SRTsim_6_4,SpaceFlow,0.6012938458487679,0.645157502347257,0.7168205102873804,0.7130578512396695,0.6119405599121737,0.6821875439247104,0.6451575023472569,36.29778718948364,477.6381607055664,0.10512396694214876,0.06305297938405217,0.15825034318354572
455,1,SRTsim,sim6,SRTsim_6_5,SpaceFlow,0.6586494491966581,0.8005335811205349,0.7758023875449115,0.7573553719008265,0.7207968344378164,0.900106062059643,0.8005335811205349,20.54189229011536,477.63810443878174,0.025785123966942148,0.06301490332374139,0.18391936287009508
456,1,SRTsim,sim6,SRTsim_6_6,SpaceFlow,0.6391758227594987,0.7723610981707949,0.7623945630274496,0.7332231404958678,0.6943957284540738,0.8700484001022625,0.772361098170795,19.23545002937317,477.6380834579468,0.027107438016528925,0.06322314821245172,0.18258261068157788
457,1,SRTsim,sim6,SRTsim_6_7,SpaceFlow,0.6237066768155367,0.7453631209424688,0.7405919593093092,0.7418181818181818,0.6974594431725787,0.8003324348474143,0.7453631209424687,30.149776935577396,477.6383657455444,0.01884297520661157,0.0630773767903545,0.12555751668544923
458,1,SRTsim,sim6,SRTsim_6_8,SpaceFlow,0.6703076560740473,0.7659420208169897,0.782284965296922,0.736198347107438,0.67363159993877,0.8875691571690372,0.7659420208169899,49.87131142616272,477.6380834579468,0.0059504132231404955,0.06326479719019378,0.21313494510473158
459,1,SRTsim,sim6,SRTsim_6_9,SpaceFlow,0.37066007271909196,0.46972360225276266,0.553148775501802,0.620495867768595,0.4464839781177164,0.49551532247535823,0.46972360225276266,52.35807681083679,477.638087272644,0.02809917355371901,0.06299407883487039,0.10312694826415474
460,2,SRTsim,sim6,SRTsim_6_1,SpaceFlow,0.6452986925808025,0.7419596259524753,0.7545153876056971,0.7269421487603306,0.6957218209202201,0.7947809174506073,0.7419596259524753,33.123547315597534,477.6381425857544,0.07041322314049586,0.06303572781261242,0.17267882612081736
461,2,SRTsim,sim6,SRTsim_6_10,SpaceFlow,0.1325311080236003,0.15807235418904841,0.387188485000525,0.4585123966942149,0.14117070269412113,0.17957154337335707,0.15807235418904841,59.151761293411255,477.6381826400757,0.03933884297520661,0.063066384291424,0.03973129806538048
462,2,SRTsim,sim6,SRTsim_6_2,SpaceFlow,0.7129009384775808,0.8213752768661816,0.8046734316463923,0.7636363636363637,0.7577992940229862,0.8965956557686487,0.8213752768661816,35.903441190719604,477.6380624771118,0.03404958677685951,0.06301490332374138,0.15369206712727615
463,2,SRTsim,sim6,SRTsim_6_3,SpaceFlow,0.6568023861576894,0.8107953607843367,0.7761787408608749,0.7454545454545455,0.7280560068429486,0.9147515875891701,0.8107953607843367,31.283159255981445,477.638295173645,0.025785123966942148,0.06301490332374139,0.1820070817687337
464,2,SRTsim,sim6,SRTsim_6_4,SpaceFlow,0.6058688536924871,0.6532663608413785,0.7201264618057335,0.7150413223140496,0.6196603333641446,0.6907265194851481,0.6532663608413785,42.04639410972595,477.6379747390747,0.10545454545454545,0.06305297938405219,0.15811339628816784
465,2,SRTsim,sim6,SRTsim_6_5,SpaceFlow,0.6551242156841944,0.78053594267156,0.7701834922032564,0.748099173553719,0.706564208290163,0.8718073374601756,0.78053594267156,30.936307191848755,477.638144493103,0.025454545454545455,0.06301490332374139,0.1878101052805076
466,2,SRTsim,sim6,SRTsim_6_6,SpaceFlow,0.6039997393972382,0.7033933431450685,0.7304556945373577,0.7236363636363636,0.6438508778165343,0.7750708559986029,0.7033933431450685,30.152801275253296,477.6380605697632,0.06115702479338843,0.0630443535983323,0.13160743611840897
467,2,SRTsim,sim6,SRTsim_6_7,SpaceFlow,0.6802044787257773,0.7579797010573479,0.7797874131395353,0.76,0.7004979788138651,0.8257384524064404,0.7579797010573479,40.75937104225159,477.6380605697632,0.037355371900826446,0.06301490332374139,0.1556871160974418
468,2,SRTsim,sim6,SRTsim_6_8,SpaceFlow,0.6756567205951917,0.7699783331004456,0.785694108351127,0.7375206611570247,0.6776882995087602,0.8913680439418106,0.7699783331004456,57.27378177642822,477.6380834579468,0.005289256198347108,0.06315117885690774,0.2161157182963787
469,2,SRTsim,sim6,SRTsim_6_9,SpaceFlow,0.412939970584215,0.5235204048554766,0.6055922779078672,0.6360330578512396,0.45511901946948796,0.6161190293139007,0.5235204048554766,58.67877578735352,477.6383390426636,0.014545454545454545,0.06299407883487038,0.16736908926183897
470,3,SRTsim,sim6,SRTsim_6_1,SpaceFlow,0.6452986925808025,0.7419596259524753,0.7545153876056971,0.7269421487603306,0.6957218209202201,0.7947809174506073,0.7419596259524753,30.29219436645508,477.6381139755249,0.07041322314049586,0.06303572781261242,0.17267882612081736
471,3,SRTsim,sim6,SRTsim_6_10,SpaceFlow,0.16122310227897937,0.17557240106836713,0.40786753288543415,0.4826446280991736,0.15683117069663927,0.1994006597206455,0.17557240106836713,61.02263903617859,477.63814640045166,0.040661157024793386,0.06309462836179425,0.03864209168016443
472,3,SRTsim,sim6,SRTsim_6_2,SpaceFlow,0.2756485262660777,0.41457592412984723,0.5427118534468885,0.4905785123966942,0.35233670871880696,0.5035214712007217,0.41457592412984723,41.517093896865845,477.6381139755249,0.13785123966942148,0.06307023095549193,0.1670128744547404
473,3,SRTsim,sim6,SRTsim_6_3,SpaceFlow,0.6400171621647556,0.7995137066479623,0.7627462842308899,0.7441322314049587,0.7264353977166987,0.8889397045472319,0.7995137066479622,32.81289529800415,477.6380605697632,0.04330578512396694,0.06301490332374139,0.17695326255222377
474,3,SRTsim,sim6,SRTsim_6_4,SpaceFlow,0.6427540382874984,0.721906007918519,0.750613360817739,0.7216528925619835,0.6797734318247102,0.7696064642770446,0.7219060079185191,21.031508922576904,477.6379690170288,0.07239669421487603,0.06305297938405216,0.1716947265014999
475,3,SRTsim,sim6,SRTsim_6_5,SpaceFlow,0.6191487716156516,0.7062745066889324,0.7384988415103573,0.7388429752066116,0.6501034168040201,0.7730703468891736,0.7062745066889323,40.19935870170593,477.6383657455444,0.05950413223140496,0.06303572781261241,0.13993283974938361
476,3,SRTsim,sim6,SRTsim_6_6,SpaceFlow,0.6859340357191956,0.80900676030295,0.7961430806290641,0.7431404958677686,0.7079784341717921,0.9436679091180452,0.80900676030295,53.37747859954834,477.6379747390747,0.002644628099173554,0.06299407883487036,0.21245871617761555
477,3,SRTsim,sim6,SRTsim_6_7,SpaceFlow,0.6879294078808886,0.7896768283237708,0.7949425108561847,0.7444628099173554,0.6944475736440529,0.915174219540197,0.7896768283237708,48.88950753211975,477.638087272644,0.006611570247933884,0.06299407883487036,0.21416029910828577
478,3,SRTsim,sim6,SRTsim_6_8,SpaceFlow,0.6633425451211082,0.7568098978299588,0.776075019559905,0.7332231404958678,0.6669948762196537,0.8745771705191566,0.756809897829959,49.96837592124939,477.63814067840576,0.005289256198347108,0.06299407883487036,0.21952590137147193
479,3,SRTsim,sim6,SRTsim_6_9,SpaceFlow,0.1943618153804809,0.23435041057542433,0.4691736644741106,0.4294214876033058,0.19295072690294293,0.2983686625090976,0.23435041057542427,57.127511501312256,477.6381788253784,0.08694214876033057,0.0633236977393756,0.1746194139658599
480,4,SRTsim,sim6,SRTsim_6_1,SpaceFlow,0.6761996015859065,0.8245081716556026,0.7873738223194523,0.7451239669421488,0.7435381341058322,0.9252683168634063,0.8245081716556029,32.54148578643799,477.638087272644,0.024793388429752067,0.06301490332374138,0.1859118995230079
481,4,SRTsim,sim6,SRTsim_6_10,SpaceFlow,0.12559350170143047,0.15071138343149404,0.3845078027749922,0.44958677685950416,0.13412256777923273,0.17198291872410895,0.15071138343149404,59.582733392715454,477.6382532119751,0.03768595041322314,0.0632647971901938,0.03542126437439217
482,4,SRTsim,sim6,SRTsim_6_2,SpaceFlow,0.9224137604574157,0.9218354333003669,0.9418320716276977,0.968595041322314,0.9214651532978733,0.9222060110078727,0.9218354333003669,28.35294461250305,477.6380624771118,0.026776859504132233,0.06301490332374139,0.14628333696705464
483,4,SRTsim,sim6,SRTsim_6_3,SpaceFlow,0.6580521848610904,0.8139035472332451,0.7773580760879881,0.7451239669421488,0.7303214412374688,0.9190893135045434,0.8139035472332452,25.743790864944454,477.638144493103,0.02446280991735537,0.06301490332374139,0.18142134360217388
484,4,SRTsim,sim6,SRTsim_6_4,SpaceFlow,0.6160420541526229,0.7006684668918403,0.7373397578136182,0.7269421487603306,0.6400815874561985,0.7739242108018018,0.7006684668918403,32.11103701591492,477.63810443878174,0.05950413223140496,0.06305297938405216,0.15499285948306693
485,4,SRTsim,sim6,SRTsim_6_5,SpaceFlow,0.6581582163427946,0.7855605679665785,0.7725764011193114,0.7500826446280991,0.7108477049631482,0.877823206677854,0.7855605679665784,34.728598833084106,477.6380605697632,0.02512396694214876,0.06301490332374139,0.18735544206774832
486,4,SRTsim,sim6,SRTsim_6_6,SpaceFlow,0.6599759200954152,0.7708954000904182,0.7702042459747435,0.7500826446280991,0.7064361571932914,0.8482990149808154,0.770895400090418,35.03886938095093,477.6380834579468,0.036694214876033054,0.06303572781261242,0.14359067158516725
487,4,SRTsim,sim6,SRTsim_6_7,SpaceFlow,0.6930406207838163,0.7973108357370237,0.7985186594938023,0.7464462809917355,0.7012628438355876,0.9238445856095878,0.7973108357370238,46.54713726043701,477.6383657455444,0.003966942148760331,0.06299407883487036,0.21479419782500606
488,4,SRTsim,sim6,SRTsim_6_8,SpaceFlow,0.6855417267720669,0.7851170577042693,0.7920877901314541,0.740495867768595,0.6918833095586726,0.9073912741089868,0.7851170577042692,48.98019075393677,477.6380567550659,0.006611570247933884,0.06299407883487036,0.21800720516420158
489,4,SRTsim,sim6,SRTsim_6_9,SpaceFlow,0.3742314817936296,0.4677831711335525,0.5755751668822943,0.6013223140495868,0.40786495867235256,0.5483378299684556,0.46778317113355244,54.20742321014404,477.638087272644,0.01884297520661157,0.06299407883487036,0.1715167631619832
490,5,SRTsim,sim6,SRTsim_6_1,SpaceFlow,0.639845333205501,0.7489200112097969,0.7549449569341621,0.7368595041322314,0.687047529832231,0.8230393151733886,0.7489200112097969,32.168763160705566,477.63809299468994,0.05818181818181818,0.06303572781261242,0.13535160498126056
491,5,SRTsim,sim6,SRTsim_6_10,SpaceFlow,0.06963962768186654,0.08053870622131958,0.40585147667061316,0.37553719008264463,0.06020616449673248,0.12160737495119467,0.08053870622131958,57.64809322357178,477.6380624771118,0.020826446280991735,0.06299407883487038,0.04728205171804945
492,5,SRTsim,sim6,SRTsim_6_2,SpaceFlow,0.6895122770926052,0.8259082875358965,0.7937624648238201,0.7629752066115703,0.7494196996787861,0.9197849972069536,0.8259082875358965,39.86448884010315,477.6380605697632,0.025454545454545455,0.06301490332374139,0.1851908611404546
493,5,SRTsim,sim6,SRTsim_6_3,SpaceFlow,0.6580521848610904,0.8139035472332451,0.7773580760879881,0.7451239669421488,0.7303214412374688,0.9190893135045434,0.8139035472332452,34.279415130615234,477.638295173645,0.02446280991735537,0.06301490332374139,0.18142134360217388
494,5,SRTsim,sim6,SRTsim_6_4,SpaceFlow,0.6434767314693471,0.7245970052996116,0.7511223262098946,0.7219834710743802,0.6823337564801258,0.7724414586251633,0.7245970052996116,15.862581491470335,477.6379747390747,0.07206611570247934,0.06303572781261242,0.17152948816846286
495,5,SRTsim,sim6,SRTsim_6_5,SpaceFlow,0.41629945767091003,0.462575213921678,0.6056683704213317,0.5299173553719009,0.41437989614899673,0.5234569679474048,0.46257521392167805,39.26737189292908,477.6380834579468,0.13950413223140495,0.06307023095549193,0.24169658511195743
496,5,SRTsim,sim6,SRTsim_6_6,SpaceFlow,0.6557021164323218,0.7602553041893648,0.7669133885305549,0.7487603305785124,0.6970844325536529,0.8360164066364731,0.7602553041893648,32.59966063499451,477.638144493103,0.037355371900826446,0.06302352910946125,0.14432513073671785
497,5,SRTsim,sim6,SRTsim_6_7,SpaceFlow,0.633344753035885,0.6970421591839928,0.7429967814254577,0.7302479338842975,0.657206363213014,0.7420187594784768,0.6970421591839927,36.12245202064514,477.6380605697632,0.07371900826446282,0.06305655230148347,0.173780788222653
498,5,SRTsim,sim6,SRTsim_6_8,SpaceFlow,0.6627518824113808,0.7581588688640132,0.7774558183534317,0.7345454545454545,0.6660757098989971,0.8797870390009659,0.7581588688640133,49.17139387130737,477.6379690170288,0.00628099173553719,0.06299407883487035,0.21457256188727689
499,5,SRTsim,sim6,SRTsim_6_9,SpaceFlow,0.3055232088999789,0.38829166849603386,0.49751372463952215,0.5613223140495868,0.3739038319922048,0.403831107943035,0.38829166849603386,43.45664978027344,477.6383390426636,0.035371900826446284,0.06303720776346974,0.07719687816393628
500,1,SRTsim,sim6,SRTsim_6_1,SpaGCN,0.9964178624130338,0.9934910073696288,0.9973133983776706,0.9986776859504132,0.9934903917957526,0.9934916229442678,0.9934910073696287,19.242156744003296,528.3687744140625,0.001322314049586777,0.06335649000187395,0.16247973519431422
501,1,SRTsim,sim6,SRTsim_6_10,SpaGCN,0.04502966936100259,0.05003075641809734,0.28688366846543306,0.34677685950413223,0.04985209005298557,0.050210708044729345,0.05003075641809734,16.91882562637329,463.7350101470947,0.7173553719008264,0.0725586001537726,-0.028916410917338434
502,1,SRTsim,sim6,SRTsim_6_2,SpaGCN,0.9888304831378658,0.9815830607136224,0.9916229334903893,0.9957024793388429,0.9815739225330763,0.9815921990643182,0.9815830607136224,12.000124454498293,463.729528427124,0.004297520661157025,0.0641621703262409,0.16082508513838112
503,1,SRTsim,sim6,SRTsim_6_3,SpaGCN,0.6296752356473391,0.7309992896480206,0.7225959938203141,0.7527272727272727,0.730745027488966,0.7312537288093006,0.7309992896480205,15.725491762161257,463.72958183288574,0.17289256198347108,0.06375086661466454,0.0777429543622419
504,1,SRTsim,sim6,SRTsim_6_4,SpaGCN,0.6725046556778306,0.7395188962881281,0.7545286158931586,0.7636363636363637,0.7390193402435321,0.7400191281609063,0.7395188962881281,18.16733264923096,463.7289628982544,0.15735537190082644,0.06430949940992543,0.09355743894944024
505,1,SRTsim,sim6,SRTsim_6_5,SpaGCN,0.6347508271499662,0.7066769063908469,0.7263909322739329,0.7629752066115703,0.7064302070108509,0.7069237781356273,0.7066769063908468,15.213087797164915,463.7296047210693,0.1669421487603306,0.06554796465701329,0.08522529207790495
506,1,SRTsim,sim6,SRTsim_6_6,SpaGCN,0.5483686852296387,0.6105160398674153,0.6621630563060296,0.7262809917355372,0.6088852531679702,0.612155585548164,0.6105160398674153,10.784038782119753,463.72990226745605,0.2733884297520661,0.06674082342864238,0.07869526612209268
507,1,SRTsim,sim6,SRTsim_6_7,SpaGCN,0.5933534548228767,0.6383441415025809,0.696892836497284,0.7497520661157024,0.6341077292684087,0.6426375405787713,0.6383441415025808,15.938146114349363,463.7278633117676,0.2046280991735537,0.06665294073132115,0.08825295246969186
508,1,SRTsim,sim6,SRTsim_6_8,SpaGCN,0.41338701011139595,0.4652909432944071,0.5611021910392743,0.6320661157024794,0.46403246614036814,0.46655626510603254,0.4652909432944071,28.30975842475891,463.7292366027832,0.3609917355371901,0.06768311467849857,0.05394367098493078
509,1,SRTsim,sim6,SRTsim_6_9,SpaGCN,0.28534187409190076,0.34038159350504243,0.46573315515951536,0.5312396694214876,0.33948350822387763,0.3412844430620301,0.34038159350504243,14.82334327697754,463.7295789718628,0.4985123966942149,0.06972989260265502,0.053169517158851175
510,2,SRTsim,sim6,SRTsim_6_1,SpaGCN,0.9964178624130338,0.9934910073696288,0.9973133983776706,0.9986776859504132,0.9934903917957526,0.9934916229442678,0.9934910073696287,8.878732204437256,463.7310914993286,0.001322314049586777,0.06335649000187395,0.16247973519431422
511,2,SRTsim,sim6,SRTsim_6_10,SpaGCN,0.04502966936100259,0.05003075641809734,0.28688366846543306,0.34677685950413223,0.04985209005298557,0.050210708044729345,0.05003075641809734,20.609235048294067,463.7276201248169,0.7173553719008264,0.0725586001537726,-0.028916410917338434
512,2,SRTsim,sim6,SRTsim_6_2,SpaGCN,0.9888304831378658,0.9815830607136224,0.9916229334903893,0.9957024793388429,0.9815739225330763,0.9815921990643182,0.9815830607136224,13.847988605499268,463.7295141220093,0.004297520661157025,0.0641621703262409,0.16082508513838112
513,2,SRTsim,sim6,SRTsim_6_3,SpaGCN,0.6296752356473391,0.7309992896480206,0.7225959938203141,0.7527272727272727,0.730745027488966,0.7312537288093006,0.7309992896480205,15.404885053634644,463.7293529510498,0.17289256198347108,0.06375086661466454,0.0777429543622419
514,2,SRTsim,sim6,SRTsim_6_4,SpaGCN,0.6725046556778306,0.7395188962881281,0.7545286158931586,0.7636363636363637,0.7390193402435321,0.7400191281609063,0.7395188962881281,18.868367671966556,463.72898960113525,0.15735537190082644,0.06430949940992543,0.09355743894944024
515,2,SRTsim,sim6,SRTsim_6_5,SpaGCN,0.6347508271499662,0.7066769063908469,0.7263909322739329,0.7629752066115703,0.7064302070108509,0.7069237781356273,0.7066769063908468,15.486058473587036,463.7292594909668,0.1669421487603306,0.06554796465701329,0.08522529207790495
516,2,SRTsim,sim6,SRTsim_6_6,SpaGCN,0.5483686852296387,0.6105160398674153,0.6621630563060296,0.7262809917355372,0.6088852531679702,0.612155585548164,0.6105160398674153,13.35995364189148,463.7293090820313,0.2733884297520661,0.06674082342864238,0.07869526612209268
517,2,SRTsim,sim6,SRTsim_6_7,SpaGCN,0.5933534548228767,0.6383441415025809,0.696892836497284,0.7497520661157024,0.6341077292684087,0.6426375405787713,0.6383441415025808,16.74131965637207,463.7279472351074,0.2046280991735537,0.06665294073132115,0.08825295246969186
518,2,SRTsim,sim6,SRTsim_6_8,SpaGCN,0.41338701011139595,0.4652909432944071,0.5611021910392743,0.6320661157024794,0.46403246614036814,0.46655626510603254,0.4652909432944071,28.29651427268982,463.7291145324707,0.3609917355371901,0.06768311467849857,0.05394367098493078
519,2,SRTsim,sim6,SRTsim_6_9,SpaGCN,0.28534187409190076,0.34038159350504243,0.46573315515951536,0.5312396694214876,0.33948350822387763,0.3412844430620301,0.34038159350504243,19.496240615844727,463.72962188720703,0.4985123966942149,0.06972989260265502,0.053169517158851175
520,3,SRTsim,sim6,SRTsim_6_1,SpaGCN,0.9964178624130338,0.9934910073696288,0.9973133983776706,0.9986776859504132,0.9934903917957526,0.9934916229442678,0.9934910073696287,7.801718711853027,463.7281074523926,0.001322314049586777,0.06335649000187395,0.16247973519431422
521,3,SRTsim,sim6,SRTsim_6_10,SpaGCN,0.04502966936100259,0.05003075641809734,0.28688366846543306,0.34677685950413223,0.04985209005298557,0.050210708044729345,0.05003075641809734,20.5683434009552,463.7279758453369,0.7173553719008264,0.0725586001537726,-0.028916410917338434
522,3,SRTsim,sim6,SRTsim_6_2,SpaGCN,0.9888304831378658,0.9815830607136224,0.9916229334903893,0.9957024793388429,0.9815739225330763,0.9815921990643182,0.9815830607136224,13.409924983978271,463.7299556732178,0.004297520661157025,0.0641621703262409,0.16082508513838112
523,3,SRTsim,sim6,SRTsim_6_3,SpaGCN,0.6296752356473391,0.7309992896480206,0.7225959938203141,0.7527272727272727,0.730745027488966,0.7312537288093006,0.7309992896480205,13.617063045501707,463.7303552627564,0.17289256198347108,0.06375086661466454,0.0777429543622419
524,3,SRTsim,sim6,SRTsim_6_4,SpaGCN,0.6725046556778306,0.7395188962881281,0.7545286158931586,0.7636363636363637,0.7390193402435321,0.7400191281609063,0.7395188962881281,18.560689449310303,463.728931427002,0.15735537190082644,0.06430949940992543,0.09355743894944024
525,3,SRTsim,sim6,SRTsim_6_5,SpaGCN,0.6347508271499662,0.7066769063908469,0.7263909322739329,0.7629752066115703,0.7064302070108509,0.7069237781356273,0.7066769063908468,15.059284210205078,463.72991466522217,0.1669421487603306,0.06554796465701329,0.08522529207790495
526,3,SRTsim,sim6,SRTsim_6_6,SpaGCN,0.5483686852296387,0.6105160398674153,0.6621630563060296,0.7262809917355372,0.6088852531679702,0.612155585548164,0.6105160398674153,13.40000581741333,463.7289543151856,0.2733884297520661,0.06674082342864238,0.07869526612209268
527,3,SRTsim,sim6,SRTsim_6_7,SpaGCN,0.5933534548228767,0.6383441415025809,0.696892836497284,0.7497520661157024,0.6341077292684087,0.6426375405787713,0.6383441415025808,16.310893535614014,463.72875213623047,0.2046280991735537,0.06665294073132115,0.08825295246969186
528,3,SRTsim,sim6,SRTsim_6_8,SpaGCN,0.41338701011139595,0.4652909432944071,0.5611021910392743,0.6320661157024794,0.46403246614036814,0.46655626510603254,0.4652909432944071,30.88357090950012,463.7294073104858,0.3609917355371901,0.06768311467849857,0.05394367098493078
529,3,SRTsim,sim6,SRTsim_6_9,SpaGCN,0.28534187409190076,0.34038159350504243,0.46573315515951536,0.5312396694214876,0.33948350822387763,0.3412844430620301,0.34038159350504243,15.107417583465576,463.7375984191895,0.4985123966942149,0.06972989260265502,0.053169517158851175
530,4,SRTsim,sim6,SRTsim_6_1,SpaGCN,0.9964178624130338,0.9934910073696288,0.9973133983776706,0.9986776859504132,0.9934903917957526,0.9934916229442678,0.9934910073696287,7.81619119644165,463.7281379699707,0.001322314049586777,0.06335649000187395,0.16247973519431422
531,4,SRTsim,sim6,SRTsim_6_10,SpaGCN,0.04502966936100259,0.05003075641809734,0.28688366846543306,0.34677685950413223,0.04985209005298557,0.050210708044729345,0.05003075641809734,20.270068883895878,463.7278251647949,0.7173553719008264,0.0725586001537726,-0.028916410917338434
532,4,SRTsim,sim6,SRTsim_6_2,SpaGCN,0.9888304831378658,0.9815830607136224,0.9916229334903893,0.9957024793388429,0.9815739225330763,0.9815921990643182,0.9815830607136224,13.599610567092896,463.7295951843262,0.004297520661157025,0.0641621703262409,0.16082508513838112
533,4,SRTsim,sim6,SRTsim_6_3,SpaGCN,0.6296752356473391,0.7309992896480206,0.7225959938203141,0.7527272727272727,0.730745027488966,0.7312537288093006,0.7309992896480205,19.69689536094665,463.7292461395264,0.17289256198347108,0.06375086661466454,0.0777429543622419
534,4,SRTsim,sim6,SRTsim_6_4,SpaGCN,0.6725046556778306,0.7395188962881281,0.7545286158931586,0.7636363636363637,0.7390193402435321,0.7400191281609063,0.7395188962881281,19.11044216156006,463.7291831970215,0.15735537190082644,0.06430949940992543,0.09355743894944024
535,4,SRTsim,sim6,SRTsim_6_5,SpaGCN,0.6347508271499662,0.7066769063908469,0.7263909322739329,0.7629752066115703,0.7064302070108509,0.7069237781356273,0.7066769063908468,15.657141208648682,463.7296257019043,0.1669421487603306,0.06554796465701329,0.08522529207790495
536,4,SRTsim,sim6,SRTsim_6_6,SpaGCN,0.5483686852296387,0.6105160398674153,0.6621630563060296,0.7262809917355372,0.6088852531679702,0.612155585548164,0.6105160398674153,10.678289413452148,463.7291831970215,0.2733884297520661,0.06674082342864238,0.07869526612209268
537,4,SRTsim,sim6,SRTsim_6_7,SpaGCN,0.5933534548228767,0.6383441415025809,0.696892836497284,0.7497520661157024,0.6341077292684087,0.6426375405787713,0.6383441415025808,17.05753779411316,463.728084564209,0.2046280991735537,0.06665294073132115,0.08825295246969186
538,4,SRTsim,sim6,SRTsim_6_8,SpaGCN,0.41338701011139595,0.4652909432944071,0.5611021910392743,0.6320661157024794,0.46403246614036814,0.46655626510603254,0.4652909432944071,30.74934983253479,463.7293586730957,0.3609917355371901,0.06768311467849857,0.05394367098493078
539,4,SRTsim,sim6,SRTsim_6_9,SpaGCN,0.28534187409190076,0.34038159350504243,0.46573315515951536,0.5312396694214876,0.33948350822387763,0.3412844430620301,0.34038159350504243,17.32162380218506,463.7294807434082,0.4985123966942149,0.06972989260265502,0.053169517158851175
540,5,SRTsim,sim6,SRTsim_6_1,SpaGCN,0.9964178624130338,0.9934910073696288,0.9973133983776706,0.9986776859504132,0.9934903917957526,0.9934916229442678,0.9934910073696287,8.593123435974121,463.7282447814941,0.001322314049586777,0.06335649000187395,0.16247973519431422
541,5,SRTsim,sim6,SRTsim_6_10,SpaGCN,0.04502966936100259,0.05003075641809734,0.28688366846543306,0.34677685950413223,0.04985209005298557,0.050210708044729345,0.05003075641809734,15.508336067199709,463.7280864715576,0.7173553719008264,0.0725586001537726,-0.028916410917338434
542,5,SRTsim,sim6,SRTsim_6_2,SpaGCN,0.9888304831378658,0.9815830607136224,0.9916229334903893,0.9957024793388429,0.9815739225330763,0.9815921990643182,0.9815830607136224,12.891329526901243,463.7290573120117,0.004297520661157025,0.0641621703262409,0.16082508513838112
543,5,SRTsim,sim6,SRTsim_6_3,SpaGCN,0.6296752356473391,0.7309992896480206,0.7225959938203141,0.7527272727272727,0.730745027488966,0.7312537288093006,0.7309992896480205,16.066707849502563,463.730167388916,0.17289256198347108,0.06375086661466454,0.0777429543622419
544,5,SRTsim,sim6,SRTsim_6_4,SpaGCN,0.6725046556778306,0.7395188962881281,0.7545286158931586,0.7636363636363637,0.7390193402435321,0.7400191281609063,0.7395188962881281,16.15940570831299,463.7291831970215,0.15735537190082644,0.06430949940992543,0.09355743894944024
545,5,SRTsim,sim6,SRTsim_6_5,SpaGCN,0.6347508271499662,0.7066769063908469,0.7263909322739329,0.7629752066115703,0.7064302070108509,0.7069237781356273,0.7066769063908468,17.71066403388977,463.72929763793945,0.1669421487603306,0.06554796465701329,0.08522529207790495
546,5,SRTsim,sim6,SRTsim_6_6,SpaGCN,0.5483686852296387,0.6105160398674153,0.6621630563060296,0.7262809917355372,0.6088852531679702,0.612155585548164,0.6105160398674153,12.97830367088318,463.729845046997,0.2733884297520661,0.06674082342864238,0.07869526612209268
547,5,SRTsim,sim6,SRTsim_6_7,SpaGCN,0.5933534548228767,0.6383441415025809,0.696892836497284,0.7497520661157024,0.6341077292684087,0.6426375405787713,0.6383441415025808,13.914478778839111,463.7284908294678,0.2046280991735537,0.06665294073132115,0.08825295246969186
548,5,SRTsim,sim6,SRTsim_6_8,SpaGCN,0.41338701011139595,0.4652909432944071,0.5611021910392743,0.6320661157024794,0.46403246614036814,0.46655626510603254,0.4652909432944071,31.398012399673465,463.729305267334,0.3609917355371901,0.06768311467849857,0.05394367098493078
549,5,SRTsim,sim6,SRTsim_6_9,SpaGCN,0.28534187409190076,0.34038159350504243,0.46573315515951536,0.5312396694214876,0.33948350822387763,0.3412844430620301,0.34038159350504243,13.924654483795166,463.7294807434082,0.4985123966942149,0.06972989260265502,0.053169517158851175
550,1,SRTsim,sim6,SRTsim_6_1,SpatialMGCN,0.667055882530227,0.8025107926976544,0.7779467187090247,0.7447933884297521,0.7319208960074441,0.8881700979590005,0.8025107926976544,52.749812602996826,478.8691215515137,0.0049586776859504135,0.06299407883487036,0.1098542471356528
551,1,SRTsim,sim6,SRTsim_6_10,SpatialMGCN,0.12867617643437707,0.13672609942429853,0.35247344910520795,0.4538842975206612,0.13552050073574912,0.13795334080737667,0.1367260994242985,48.03193497657776,478.48323249816895,0.11338842975206612,0.06439534178300409,-0.022469602102980157
552,1,SRTsim,sim6,SRTsim_6_2,SpatialMGCN,0.6881538954930627,0.8190299616862722,0.792247646198383,0.7626446280991735,0.7450027529858813,0.9093916781780219,0.8190299616862722,46.7955379486084,478.4508838653565,0.020165289256198347,0.06299407883487036,0.11760249254904424
553,1,SRTsim,sim6,SRTsim_6_3,SpatialMGCN,0.6303306951662432,0.7700011649332285,0.7534429828495653,0.7411570247933884,0.7046616065903983,0.8486963017240048,0.7700011649332283,39.98408317565918,478.457633972168,0.005619834710743801,0.06299407883487036,0.13608037359870268
554,1,SRTsim,sim6,SRTsim_6_4,SpatialMGCN,0.6890545463567532,0.8020977686000373,0.7896138715341459,0.7623140495867768,0.7380623302544417,0.8783004881426779,0.8020977686000375,48.27225685119629,478.4511137008667,0.0171900826446281,0.06299407883487036,0.12432696149642972
555,1,SRTsim,sim6,SRTsim_6_5,SpatialMGCN,0.6565909168208223,0.7904625441451307,0.7697300622458352,0.752396694214876,0.7244693565443089,0.869683547770654,0.7904625441451308,39.66875100135803,478.4495105743408,0.0059504132231404955,0.06299407883487036,0.13876499824866353
556,1,SRTsim,sim6,SRTsim_6_6,SpatialMGCN,0.6176391690178474,0.7415099768483386,0.7261246562871283,0.7490909090909091,0.7142789270839109,0.7708996245671499,0.7415099768483385,46.61722731590271,478.4493236541748,0.014214876033057851,0.06299407883487038,0.13137825295214361
557,1,SRTsim,sim6,SRTsim_6_7,SpatialMGCN,0.5303317300341343,0.6095861605928266,0.650718332000303,0.7408264462809917,0.6044557471950139,0.6148044098959418,0.6095861605928266,46.65227270126343,478.4517822265625,0.037024793388429754,0.06311081157502228,0.07962335129177749
558,1,SRTsim,sim6,SRTsim_6_8,SpatialMGCN,0.5322174579901253,0.5737135540781402,0.6509277235891281,0.7590082644628099,0.5706457735188876,0.576814497577734,0.5737135540781402,49.03553056716919,478.4509391784668,0.04892561983471074,0.06316100851767695,0.09210847417231853
559,1,SRTsim,sim6,SRTsim_6_9,SpatialMGCN,0.2933650498069047,0.3718054147747813,0.4907422398510669,0.5203305785123967,0.3543305962296826,0.39109328984681935,0.37180541477478135,47.99988007545471,478.4516906738281,0.0684297520661157,0.06369350328902794,0.03103268080550686
560,2,SRTsim,sim6,SRTsim_6_1,SpatialMGCN,0.667055882530227,0.8025107926976544,0.7779467187090247,0.7447933884297521,0.7319208960074441,0.8881700979590005,0.8025107926976544,39.66826891899109,478.4508514404297,0.0049586776859504135,0.06299407883487036,0.1098542471356528
561,2,SRTsim,sim6,SRTsim_6_10,SpatialMGCN,0.12867617643437707,0.13672609942429853,0.35247344910520795,0.4538842975206612,0.13552050073574912,0.13795334080737667,0.1367260994242985,39.04927182197571,478.441614151001,0.11338842975206612,0.06439534178300409,-0.022469602102980157
562,2,SRTsim,sim6,SRTsim_6_2,SpatialMGCN,0.6881538954930627,0.8190299616862722,0.792247646198383,0.7626446280991735,0.7450027529858813,0.9093916781780219,0.8190299616862722,37.92131328582764,478.4426059722901,0.020165289256198347,0.06299407883487036,0.11760249254904424
563,2,SRTsim,sim6,SRTsim_6_3,SpatialMGCN,0.6303306951662432,0.7700011649332285,0.7534429828495653,0.7411570247933884,0.7046616065903983,0.8486963017240048,0.7700011649332283,39.30145478248596,478.44493103027344,0.005619834710743801,0.06299407883487036,0.13608037359870268
564,2,SRTsim,sim6,SRTsim_6_4,SpatialMGCN,0.6890545463567532,0.8020977686000373,0.7896138715341459,0.7623140495867768,0.7380623302544417,0.8783004881426779,0.8020977686000375,37.95966076850891,478.441686630249,0.0171900826446281,0.06299407883487036,0.12432696149642972
565,2,SRTsim,sim6,SRTsim_6_5,SpatialMGCN,0.6565909168208223,0.7904625441451307,0.7697300622458352,0.752396694214876,0.7244693565443089,0.869683547770654,0.7904625441451308,39.32119035720825,478.44174003601074,0.0059504132231404955,0.06299407883487036,0.13876499824866353
566,2,SRTsim,sim6,SRTsim_6_6,SpatialMGCN,0.6176391690178474,0.7415099768483386,0.7261246562871283,0.7490909090909091,0.7142789270839109,0.7708996245671499,0.7415099768483385,38.16268229484558,478.4418916702271,0.014214876033057851,0.06299407883487038,0.13137825295214361
567,2,SRTsim,sim6,SRTsim_6_7,SpatialMGCN,0.5303317300341343,0.6095861605928266,0.650718332000303,0.7408264462809917,0.6044557471950139,0.6148044098959418,0.6095861605928266,38.63449287414551,478.4417715072632,0.037024793388429754,0.06311081157502228,0.07962335129177749
568,2,SRTsim,sim6,SRTsim_6_8,SpatialMGCN,0.5322174579901253,0.5737135540781402,0.6509277235891281,0.7590082644628099,0.5706457735188876,0.576814497577734,0.5737135540781402,39.73096990585327,478.4413738250733,0.04892561983471074,0.06316100851767695,0.09210847417231853
569,2,SRTsim,sim6,SRTsim_6_9,SpatialMGCN,0.2933650498069047,0.3718054147747813,0.4907422398510669,0.5203305785123967,0.3543305962296826,0.39109328984681935,0.37180541477478135,46.043474435806274,478.4421272277832,0.0684297520661157,0.06369350328902794,0.03103268080550686
570,3,SRTsim,sim6,SRTsim_6_1,SpatialMGCN,0.667055882530227,0.8025107926976544,0.7779467187090247,0.7447933884297521,0.7319208960074441,0.8881700979590005,0.8025107926976544,39.51209092140198,478.4420194625855,0.0049586776859504135,0.06299407883487036,0.1098542471356528
571,3,SRTsim,sim6,SRTsim_6_10,SpatialMGCN,0.12867617643437707,0.13672609942429853,0.35247344910520795,0.4538842975206612,0.13552050073574912,0.13795334080737667,0.1367260994242985,46.00833177566528,478.4404716491699,0.11338842975206612,0.06439534178300409,-0.022469602102980157
572,3,SRTsim,sim6,SRTsim_6_2,SpatialMGCN,0.6881538954930627,0.8190299616862722,0.792247646198383,0.7626446280991735,0.7450027529858813,0.9093916781780219,0.8190299616862722,45.704851150512695,478.4412040710449,0.020165289256198347,0.06299407883487036,0.11760249254904424
573,3,SRTsim,sim6,SRTsim_6_3,SpatialMGCN,0.6303306951662432,0.7700011649332285,0.7534429828495653,0.7411570247933884,0.7046616065903983,0.8486963017240048,0.7700011649332283,47.0962872505188,478.4421815872192,0.005619834710743801,0.06299407883487036,0.13608037359870268
574,3,SRTsim,sim6,SRTsim_6_4,SpatialMGCN,0.6890545463567532,0.8020977686000373,0.7896138715341459,0.7623140495867768,0.7380623302544417,0.8783004881426779,0.8020977686000375,46.97692799568176,478.4415111541748,0.0171900826446281,0.06299407883487036,0.12432696149642972
575,3,SRTsim,sim6,SRTsim_6_5,SpatialMGCN,0.6565909168208223,0.7904625441451307,0.7697300622458352,0.752396694214876,0.7244693565443089,0.869683547770654,0.7904625441451308,47.88379907608032,478.4415111541748,0.0059504132231404955,0.06299407883487036,0.13876499824866353
576,3,SRTsim,sim6,SRTsim_6_6,SpatialMGCN,0.6176391690178474,0.7415099768483386,0.7261246562871283,0.7490909090909091,0.7142789270839109,0.7708996245671499,0.7415099768483385,45.04063940048218,478.4416494369507,0.014214876033057851,0.06299407883487038,0.13137825295214361
577,3,SRTsim,sim6,SRTsim_6_7,SpatialMGCN,0.5303317300341343,0.6095861605928266,0.650718332000303,0.7408264462809917,0.6044557471950139,0.6148044098959418,0.6095861605928266,47.11569905281067,478.4415111541748,0.037024793388429754,0.06311081157502228,0.07962335129177749
578,3,SRTsim,sim6,SRTsim_6_8,SpatialMGCN,0.5322174579901253,0.5737135540781402,0.6509277235891281,0.7590082644628099,0.5706457735188876,0.576814497577734,0.5737135540781402,47.90825176239014,478.4417190551758,0.04892561983471074,0.06316100851767695,0.09210847417231853
579,3,SRTsim,sim6,SRTsim_6_9,SpatialMGCN,0.2933650498069047,0.3718054147747813,0.4907422398510669,0.5203305785123967,0.3543305962296826,0.39109328984681935,0.37180541477478135,47.0126428604126,478.4415330886841,0.0684297520661157,0.06369350328902794,0.03103268080550686
580,4,SRTsim,sim6,SRTsim_6_1,SpatialMGCN,0.667055882530227,0.8025107926976544,0.7779467187090247,0.7447933884297521,0.7319208960074441,0.8881700979590005,0.8025107926976544,39.00121688842773,478.4422969818115,0.0049586776859504135,0.06299407883487036,0.1098542471356528
581,4,SRTsim,sim6,SRTsim_6_10,SpatialMGCN,0.12867617643437707,0.13672609942429853,0.35247344910520795,0.4538842975206612,0.13552050073574912,0.13795334080737667,0.1367260994242985,39.1340229511261,478.44090270996094,0.11338842975206612,0.06439534178300409,-0.022469602102980157
582,4,SRTsim,sim6,SRTsim_6_2,SpatialMGCN,0.6881538954930627,0.8190299616862722,0.792247646198383,0.7626446280991735,0.7450027529858813,0.9093916781780219,0.8190299616862722,38.12063646316528,478.440954208374,0.020165289256198347,0.06299407883487036,0.11760249254904424
583,4,SRTsim,sim6,SRTsim_6_3,SpatialMGCN,0.6303306951662432,0.7700011649332285,0.7534429828495653,0.7411570247933884,0.7046616065903983,0.8486963017240048,0.7700011649332283,39.12862825393677,478.4404706954956,0.005619834710743801,0.06299407883487036,0.13608037359870268
584,4,SRTsim,sim6,SRTsim_6_4,SpatialMGCN,0.6890545463567532,0.8020977686000373,0.7896138715341459,0.7623140495867768,0.7380623302544417,0.8783004881426779,0.8020977686000375,45.662914514541626,478.4417753219605,0.0171900826446281,0.06299407883487036,0.12432696149642972
585,4,SRTsim,sim6,SRTsim_6_5,SpatialMGCN,0.6565909168208223,0.7904625441451307,0.7697300622458352,0.752396694214876,0.7244693565443089,0.869683547770654,0.7904625441451308,47.13329029083252,478.4411878585816,0.0059504132231404955,0.06299407883487036,0.13876499824866353
586,4,SRTsim,sim6,SRTsim_6_6,SpatialMGCN,0.6176391690178474,0.7415099768483386,0.7261246562871283,0.7490909090909091,0.7142789270839109,0.7708996245671499,0.7415099768483385,46.41948127746582,478.4409008026123,0.014214876033057851,0.06299407883487038,0.13137825295214361
587,4,SRTsim,sim6,SRTsim_6_7,SpatialMGCN,0.5303317300341343,0.6095861605928266,0.650718332000303,0.7408264462809917,0.6044557471950139,0.6148044098959418,0.6095861605928266,46.16664981842041,478.4424800872803,0.037024793388429754,0.06311081157502228,0.07962335129177749
588,4,SRTsim,sim6,SRTsim_6_8,SpatialMGCN,0.5322174579901253,0.5737135540781402,0.6509277235891281,0.7590082644628099,0.5706457735188876,0.576814497577734,0.5737135540781402,47.93849802017212,478.4417324066162,0.04892561983471074,0.06316100851767695,0.09210847417231853
589,4,SRTsim,sim6,SRTsim_6_9,SpatialMGCN,0.2933650498069047,0.3718054147747813,0.4907422398510669,0.5203305785123967,0.3543305962296826,0.39109328984681935,0.37180541477478135,38.82242155075073,478.44142723083496,0.0684297520661157,0.06369350328902794,0.03103268080550686
590,5,SRTsim,sim6,SRTsim_6_1,SpatialMGCN,0.667055882530227,0.8025107926976544,0.7779467187090247,0.7447933884297521,0.7319208960074441,0.8881700979590005,0.8025107926976544,39.21426177024841,478.44108295440674,0.0049586776859504135,0.06299407883487036,0.1098542471356528
591,5,SRTsim,sim6,SRTsim_6_10,SpatialMGCN,0.12867617643437707,0.13672609942429853,0.35247344910520795,0.4538842975206612,0.13552050073574912,0.13795334080737667,0.1367260994242985,45.561012268066406,478.4408187866211,0.11338842975206612,0.06439534178300409,-0.022469602102980157
592,5,SRTsim,sim6,SRTsim_6_2,SpatialMGCN,0.6881538954930627,0.8190299616862722,0.792247646198383,0.7626446280991735,0.7450027529858813,0.9093916781780219,0.8190299616862722,38.298338651657104,478.44429302215576,0.020165289256198347,0.06299407883487036,0.11760249254904424
593,5,SRTsim,sim6,SRTsim_6_3,SpatialMGCN,0.6303306951662432,0.7700011649332285,0.7534429828495653,0.7411570247933884,0.7046616065903983,0.8486963017240048,0.7700011649332283,46.35165190696716,478.44140434265137,0.005619834710743801,0.06299407883487036,0.13608037359870268
594,5,SRTsim,sim6,SRTsim_6_4,SpatialMGCN,0.6890545463567532,0.8020977686000373,0.7896138715341459,0.7623140495867768,0.7380623302544417,0.8783004881426779,0.8020977686000375,46.76863861083984,478.44081687927246,0.0171900826446281,0.06299407883487036,0.12432696149642972
595,5,SRTsim,sim6,SRTsim_6_5,SpatialMGCN,0.6565909168208223,0.7904625441451307,0.7697300622458352,0.752396694214876,0.7244693565443089,0.869683547770654,0.7904625441451308,47.28564238548279,478.4405345916748,0.0059504132231404955,0.06299407883487036,0.13876499824866353
596,5,SRTsim,sim6,SRTsim_6_6,SpatialMGCN,0.6176391690178474,0.7415099768483386,0.7261246562871283,0.7490909090909091,0.7142789270839109,0.7708996245671499,0.7415099768483385,38.55085825920105,478.44132804870605,0.014214876033057851,0.06299407883487038,0.13137825295214361
597,5,SRTsim,sim6,SRTsim_6_7,SpatialMGCN,0.5303317300341343,0.6095861605928266,0.650718332000303,0.7408264462809917,0.6044557471950139,0.6148044098959418,0.6095861605928266,38.75638604164124,478.4413814544678,0.037024793388429754,0.06311081157502228,0.07962335129177749
598,5,SRTsim,sim6,SRTsim_6_8,SpatialMGCN,0.5322174579901253,0.5737135540781402,0.6509277235891281,0.7590082644628099,0.5706457735188876,0.576814497577734,0.5737135540781402,39.45937490463257,478.4412670135498,0.04892561983471074,0.06316100851767695,0.09210847417231853
599,5,SRTsim,sim6,SRTsim_6_9,SpatialMGCN,0.2933650498069047,0.3718054147747813,0.4907422398510669,0.5203305785123967,0.3543305962296826,0.39109328984681935,0.37180541477478135,39.33161568641663,478.440954208374,0.0684297520661157,0.06369350328902794,0.03103268080550686
600,1,SRTsim,sim6,SRTsim_6_1,STAGATE,0.9892626863922609,0.9836107107270493,0.9919471534180387,0.9960330578512396,0.9835929157491556,0.9836285063488416,0.9836107107270493,62.07548451423645,477.9305076599121,0.0023140495867768596,0.06299407883487036,0.16309624899530595
601,1,SRTsim,sim6,SRTsim_6_10,STAGATE,0.14084415858590077,0.20245335635311623,0.3801479330507725,0.43900826446280994,0.19209728865804607,0.2139896531402615,0.20245335635311623,43.58280873298645,477.667311668396,0.23669421487603307,0.06451040637232137,-0.05166897772868578
602,1,SRTsim,sim6,SRTsim_6_2,STAGATE,0.9786440343892743,0.9696402562751574,0.98398149015158,0.9917355371900827,0.9697454611131103,0.9695350742614564,0.9696402562751575,40.27241230010986,477.6659364700317,0.0036363636363636364,0.06299407883487036,0.16263531558363226
603,1,SRTsim,sim6,SRTsim_6_3,STAGATE,0.9781525157555025,0.9697982716817314,0.9836310452504878,0.9920661157024794,0.9696673238332819,0.9699292549024255,0.9697982716817313,42.00538063049317,477.6670656204224,0.004628099173553719,0.06326479719019378,0.16257293523228045
604,1,SRTsim,sim6,SRTsim_6_4,STAGATE,0.9759499944606737,0.9634306164911511,0.9819616383418891,0.9907438016528926,0.9634817432674836,0.9633794951405751,0.9634306164911511,41.43040060997009,477.66490650177,0.004297520661157025,0.06305655230148347,0.16222459950945217
605,1,SRTsim,sim6,SRTsim_6_5,STAGATE,0.6675533177286013,0.755943994151707,0.765576826288896,0.7527272727272727,0.716177805106398,0.8003858858420884,0.755943994151707,39.2700583934784,477.66529178619385,0.037024793388429754,0.0633809322172906,0.09104058735650045
606,1,SRTsim,sim6,SRTsim_6_6,STAGATE,0.6557205629218792,0.7507216067289091,0.7665915102450893,0.7457851239669422,0.687539148477408,0.8266917009365757,0.7507216067289091,41.66544437408447,477.6609315872192,0.03206611570247934,0.06331149903622443,0.14711107490722017
607,1,SRTsim,sim6,SRTsim_6_7,STAGATE,0.36387613454918316,0.4367131306662471,0.547802211781761,0.5953719008264463,0.41341958904370857,0.4627882813861919,0.4367131306662471,40.247732400894165,477.6654233932495,0.12892561983471074,0.06380992169248197,0.07131724706118404
608,1,SRTsim,sim6,SRTsim_6_8,STAGATE,0.5687689712419717,0.6719690757953318,0.6942296655028339,0.7315702479338843,0.6414015108236473,0.7055959862229894,0.6719690757953317,41.9386522769928,477.6659460067749,0.07074380165289257,0.0641167373340566,0.1449073433153163
609,1,SRTsim,sim6,SRTsim_6_9,STAGATE,0.2714900210480134,0.3303156444822418,0.4639859988711873,0.49454545454545457,0.3239992343574645,0.33688322989142894,0.33031564448224177,41.711498737335205,477.6648607254028,0.2158677685950413,0.06420050019068978,0.06729095950820785
610,2,SRTsim,sim6,SRTsim_6_1,STAGATE,0.9892626863922609,0.9836107107270493,0.9919471534180387,0.9960330578512396,0.9835929157491556,0.9836285063488416,0.9836107107270493,41.74167609214783,477.6614351272583,0.0023140495867768596,0.06299407883487036,0.16309624899530595
611,2,SRTsim,sim6,SRTsim_6_10,STAGATE,0.06351711990522159,0.09841062275149767,0.328818129769708,0.38578512396694215,0.09321597586083037,0.10421840185987705,0.09841062275149767,42.63928389549256,477.6591939926148,0.31834710743801653,0.0646795956745804,-0.053307886177564746
612,2,SRTsim,sim6,SRTsim_6_2,STAGATE,0.9795172246291306,0.9711269103135557,0.9846365257190324,0.9920661157024794,0.9712265609928609,0.9710272800810537,0.9711269103135557,40.3822033405304,477.65839099884033,0.0036363636363636364,0.06299407883487036,0.16264038192915783
613,2,SRTsim,sim6,SRTsim_6_3,STAGATE,0.9781525157555025,0.9697982716817314,0.9836310452504878,0.9920661157024794,0.9696673238332818,0.9699292549024255,0.9697982716817313,42.31504034996033,477.6587104797363,0.004628099173553719,0.06326479719019378,0.16257293523228045
614,2,SRTsim,sim6,SRTsim_6_4,STAGATE,0.9750873110301842,0.9621520816684197,0.9813144856399546,0.9904132231404958,0.9622094748514252,0.9620946953317011,0.9621520816684197,42.06744980812073,477.6589021682739,0.004628099173553719,0.06305655230148345,0.16223988524353838
615,2,SRTsim,sim6,SRTsim_6_5,STAGATE,0.9342772264916472,0.9216005037397555,0.9507811082569614,0.9748760330578512,0.9210341238783737,0.922167580607957,0.9216005037397555,42.30261182785034,477.6588335037232,0.016198347107438015,0.06369637589526048,0.15378168745938164
616,2,SRTsim,sim6,SRTsim_6_6,STAGATE,0.9123052441427857,0.8936830231374284,0.9342304979908802,0.9662809917355372,0.8936611047881573,0.8937049425618853,0.8936830231374284,41.02039647102356,477.6587114334106,0.019504132231404958,0.0635032434053895,0.15478993709939914
617,2,SRTsim,sim6,SRTsim_6_7,STAGATE,0.6629501019605037,0.7202271630971988,0.7537030748984093,0.752396694214876,0.7018968653502113,0.7395405393954715,0.7202271630971988,41.798075437545776,477.6590852737427,0.06975206611570248,0.06354259368604087,0.09999698446063199
618,2,SRTsim,sim6,SRTsim_6_8,STAGATE,0.6035221703373471,0.6525733843986441,0.7067734269035294,0.7352066115702479,0.6425217441114175,0.6629445195421585,0.6525733843986442,42.37624454498291,477.6612844467163,0.08991735537190082,0.06391247656549774,0.08681253646677442
619,2,SRTsim,sim6,SRTsim_6_9,STAGATE,0.2840375813471582,0.34795039971148534,0.4803126662813315,0.515702479338843,0.333877656070904,0.3632616616228994,0.3479503997114853,42.156718730926514,477.6585130691528,0.18148760330578512,0.06472934544964984,0.07481677562332797
620,3,SRTsim,sim6,SRTsim_6_1,STAGATE,0.990162815231691,0.9849806640212937,0.9926222231900435,0.9963636363636363,0.9849649679565824,0.9849963605862673,0.9849806640212937,41.17871260643005,477.6585512161255,0.0019834710743801653,0.06299407883487036,0.1631069129300113
621,3,SRTsim,sim6,SRTsim_6_10,STAGATE,0.14221638880035883,0.2126794277161946,0.4178382896177304,0.43900826446280994,0.19113280216816517,0.23970122915131198,0.2126794277161946,42.50558352470398,477.6589441299439,0.20297520661157026,0.06555765313856358,-0.0630237306168228
622,3,SRTsim,sim6,SRTsim_6_2,STAGATE,0.9786440343892743,0.9696402562751574,0.98398149015158,0.9917355371900827,0.9697454611131103,0.9695350742614561,0.9696402562751573,41.37310743331909,477.6588897705078,0.0036363636363636364,0.06299407883487036,0.16263531558363226
623,3,SRTsim,sim6,SRTsim_6_3,STAGATE,0.9781994752037992,0.969362953523477,0.9836661604543059,0.9920661157024794,0.9692353905096913,0.9694905501193306,0.9693629535234769,42.03265476226807,477.65936756134033,0.004628099173553719,0.06326479719019378,0.16253522618139252
624,3,SRTsim,sim6,SRTsim_6_4,STAGATE,0.9741958431365689,0.9608652605685883,0.980645878834952,0.9900826446280991,0.9609209354650126,0.9608095921232973,0.9608652605685883,42.61002802848816,477.6609735488892,0.004628099173553719,0.06305655230148345,0.1622088222469316
625,3,SRTsim,sim6,SRTsim_6_5,STAGATE,0.9376121060838816,0.9254780950108362,0.95328313530138,0.976198347107438,0.9248241118441839,0.9261330037516204,0.9254780950108363,41.52399659156799,477.6588335037232,0.01487603305785124,0.06352238189183806,0.15432184152300452
626,3,SRTsim,sim6,SRTsim_6_6,STAGATE,0.6450331640872377,0.7164673679442813,0.7416890564442917,0.7576859504132232,0.6959384892651099,0.7382441852172155,0.7164673679442815,42.44181180000305,477.6584444046021,0.060826446280991736,0.06324922246813133,0.08961513197166472
627,3,SRTsim,sim6,SRTsim_6_7,STAGATE,0.767353143760775,0.7733354990698582,0.8256352566470124,0.8938842975206611,0.7727498069728763,0.7739220796702706,0.7733354990698583,42.85899496078491,477.6596622467041,0.06214876033057851,0.0637653607297775,0.12135305294141359
628,3,SRTsim,sim6,SRTsim_6_8,STAGATE,0.6276734002518328,0.6807397322501885,0.7321877485711229,0.7520661157024794,0.6516768615973509,0.7125158424474899,0.6807397322501885,42.860095262527466,477.6591663360596,0.06380165289256198,0.064527207442764,0.08671223370000913
629,3,SRTsim,sim6,SRTsim_6_9,STAGATE,0.30025741364868747,0.3544156743598966,0.4899430164414018,0.5454545454545454,0.344216345427871,0.36523788359757253,0.3544156743598966,41.22526931762695,477.65839099884033,0.20628099173553718,0.06481744880979541,0.07580963790323088
630,4,SRTsim,sim6,SRTsim_6_1,STAGATE,0.989277158516969,0.9831597448228195,0.9919579680182447,0.9960330578512396,0.9831469677352337,0.9831725222425145,0.9831597448228195,41.36930799484253,477.6589937210083,0.0023140495867768596,0.06299407883487036,0.1630537768097457
631,4,SRTsim,sim6,SRTsim_6_10,STAGATE,0.023451919147765968,0.05025785303271258,0.2846353582972364,0.3312396694214876,0.04872951949038121,0.05188515880930883,0.05025785303271258,42.0638120174408,477.6588916778565,0.3811570247933884,0.06478826674832575,-0.06371765056758213
632,4,SRTsim,sim6,SRTsim_6_2,STAGATE,0.9786440343892743,0.9696402562751574,0.98398149015158,0.9917355371900827,0.9697454611131103,0.9695350742614564,0.9696402562751575,41.2652690410614,477.6589250564575,0.0036363636363636364,0.06299407883487036,0.16263531558363226
633,4,SRTsim,sim6,SRTsim_6_3,STAGATE,0.6176405277582072,0.7736268098822636,0.7430793704218024,0.7444628099173554,0.714379332419236,0.8435904922105442,0.7736268098822636,41.48131489753723,477.6587438583374,0.033388429752066115,0.0630149033237414,0.1514197797041833
634,4,SRTsim,sim6,SRTsim_6_4,STAGATE,0.6481025233045377,0.7795566780661549,0.758327697399521,0.7623140495867768,0.7281427453662054,0.8387828759636219,0.779556678066155,42.14696979522705,477.6585130691528,0.03074380165289256,0.06325916361759591,0.14714487153201358
635,4,SRTsim,sim6,SRTsim_6_5,STAGATE,0.6574619446467377,0.7353858780786435,0.7480096343553145,0.7788429752066116,0.7222046144994938,0.7490572403528998,0.7353858780786436,42.46631121635437,477.6591844558716,0.060165289256198344,0.06340317348723117,0.08989089720822041
636,4,SRTsim,sim6,SRTsim_6_6,STAGATE,0.910594918422148,0.8923089385861127,0.9329485197451367,0.9656198347107438,0.8922766975254932,0.8923411819767797,0.8923089385861127,42.25936698913574,477.6590423583984,0.019504132231404958,0.06381680329023438,0.15479746438627937
637,4,SRTsim,sim6,SRTsim_6_7,STAGATE,0.6612956795719966,0.7197230422791088,0.7518350731587041,0.7500826446280991,0.7030950468829735,0.7371565832008304,0.7197230422791087,41.36056089401245,477.6587648391724,0.062479338842975206,0.06367204913886847,0.0911235782790209
638,4,SRTsim,sim6,SRTsim_6_8,STAGATE,0.6175238053143793,0.6763647430395907,0.72258645946949,0.743801652892562,0.6528297107250598,0.7016601517407297,0.6763647430395907,42.09700465202332,477.6588182449341,0.07834710743801652,0.06387452690409427,0.0897086665511358
639,4,SRTsim,sim6,SRTsim_6_9,STAGATE,0.23452792025802377,0.3708616346880503,0.4641925515914844,0.511404958677686,0.3476443818894825,0.39740191925047247,0.3708616346880503,42.20258855819702,477.6589021682739,0.15173553719008265,0.06377808070944127,-0.0064959525518104265
640,5,SRTsim,sim6,SRTsim_6_1,STAGATE,0.9892626863922609,0.9836107107270493,0.9919471534180387,0.9960330578512396,0.9835929157491556,0.9836285063488416,0.9836107107270493,41.66395330429077,477.6586046218872,0.0023140495867768596,0.06299407883487036,0.16309624899530595
641,5,SRTsim,sim6,SRTsim_6_10,STAGATE,0.12642362630527698,0.18641274319876808,0.388375196698275,0.4320661157024793,0.1737304077805489,0.20109251490170538,0.18641274319876808,41.750138998031616,477.65839290618896,0.2452892561983471,0.06568805311782103,-0.040929230435203634
642,5,SRTsim,sim6,SRTsim_6_2,STAGATE,0.9795172246291306,0.9711269103135557,0.9846365257190324,0.9920661157024794,0.9712265609928609,0.9710272800810537,0.9711269103135557,41.50809454917908,477.6592073440552,0.0036363636363636364,0.06299407883487036,0.16264038192915783
643,5,SRTsim,sim6,SRTsim_6_3,STAGATE,0.9790539288018031,0.9707225746780074,0.9843062347926677,0.9923966942148761,0.9706025406771854,0.9708426383716086,0.9707225746780075,42.43160057067871,477.6597566604614,0.004297520661157025,0.06326479719019378,0.16254435635560857
644,5,SRTsim,sim6,SRTsim_6_4,STAGATE,0.9759307736420426,0.9631238490617975,0.981947229745049,0.9907438016528926,0.9631745090647225,0.9630731943877117,0.9631238490617975,39.2404727935791,477.6587028503418,0.004628099173553719,0.06305655230148345,0.1622724960330799
645,5,SRTsim,sim6,SRTsim_6_5,STAGATE,0.6513518639812891,0.7311461187261866,0.7434101100620678,0.7540495867768595,0.7182891583018802,0.744471732075181,0.7311461187261866,39.9084312915802,477.6588335037232,0.05619834710743802,0.0638925972955211,0.08780290218974444
646,5,SRTsim,sim6,SRTsim_6_6,STAGATE,0.9089317814738196,0.8905359931207243,0.9317017002880812,0.9649586776859504,0.8904971408508329,0.8905748487810023,0.8905359931207243,40.63856387138367,477.66077613830566,0.020165289256198347,0.06376450590742444,0.15420426364058612
647,5,SRTsim,sim6,SRTsim_6_7,STAGATE,0.7599045695544583,0.7791369860216794,0.8206299362445552,0.8866115702479339,0.7759492535614361,0.782351018027023,0.7791369860216792,39.9244921207428,477.6584444046021,0.058512396694214874,0.06366642469661239,0.12140113836525372
648,5,SRTsim,sim6,SRTsim_6_8,STAGATE,0.5825362758175773,0.6944919330876421,0.7038971572911528,0.7378512396694215,0.6597895210426462,0.7330474317965808,0.6944919330876421,41.1131694316864,477.6591157913208,0.06446280991735537,0.0640121126179876,0.12425190072140388
649,5,SRTsim,sim6,SRTsim_6_9,STAGATE,0.2719100229007872,0.32988104805594315,0.45798117386065224,0.502809917355372,0.3274814385370073,0.3323160832759141,0.32988104805594315,41.25563192367554,477.6589021682739,0.22413223140495867,0.06447209451594861,0.07010615716795023
650,1,SRTsim,sim6,SRTsim_6_1,stLearn,0.9607837422307071,0.9532024257808999,0.9705905215770557,0.9851239669421488,0.9531101267281767,0.9532947427118094,0.9532024257809,5.11295485496521,352.5286045074463,0.01487603305785124,0.06461554209287756,0.15433118354040615
651,1,SRTsim,sim6,SRTsim_6_10,stLearn,0.12666603076575816,0.15750137335827943,0.34592185300231676,0.4241322314049587,0.15740988454127142,0.15759296858628405,0.1575013733582794,5.073585271835327,352.5277147293091,0.7127272727272728,0.07387161988133491,-0.011025784692427078
652,1,SRTsim,sim6,SRTsim_6_2,stLearn,0.9123526782097514,0.905301369936629,0.9342749948911778,0.9639669421487603,0.9051438316618596,0.9054589630593186,0.905301369936629,5.6353864669799805,352.5257444381714,0.03768595041322314,0.06506997991721494,0.14309840456411382
653,1,SRTsim,sim6,SRTsim_6_3,stLearn,0.6188793386596776,0.711562918463357,0.7143262844837291,0.7451239669421488,0.7117898362077598,0.7113361453550527,0.7115629184633571,5.356335163116455,352.52678203582764,0.2171900826446281,0.06518300360462026,0.0780200609396373
654,1,SRTsim,sim6,SRTsim_6_4,stLearn,0.6545670009964705,0.711622705681168,0.7411452441969931,0.7626446280991735,0.7109611767445037,0.7122854668316885,0.7116227056811679,4.9799885749816895,352.52635765075684,0.22743801652892562,0.06536015783012113,0.09248788738195537
655,1,SRTsim,sim6,SRTsim_6_5,stLearn,0.6017157809886674,0.6682963864622358,0.701636952797402,0.7295867768595041,0.6680871974395184,0.6685057065269899,0.6682963864622359,4.727001667022705,352.52600955963135,0.2565289256198347,0.0666295703290574,0.08168289256456186
656,1,SRTsim,sim6,SRTsim_6_6,stLearn,0.563724741224237,0.6251692276939834,0.6730683997730339,0.727603305785124,0.6246232401826407,0.6257161705433432,0.6251692276939834,5.308681011199951,352.5262327194214,0.299504132231405,0.06734530937025206,0.07828417593011104
657,1,SRTsim,sim6,SRTsim_6_7,stLearn,0.5154522182350117,0.5716757997946145,0.6404538883683584,0.7133884297520661,0.5656423745479111,0.5778393238192342,0.5716757997946145,5.182670593261719,352.52583599090576,0.30611570247933884,0.06967409773387012,0.12109946164913245
658,1,SRTsim,sim6,SRTsim_6_8,stLearn,0.32725143508401383,0.3733698404355988,0.49637159289613764,0.5338842975206611,0.3725945771810971,0.3741483366212111,0.3733698404355987,5.061090707778931,352.5261182785034,0.5808264462809918,0.07033668460363054,0.06525943344230363
659,1,SRTsim,sim6,SRTsim_6_9,stLearn,0.25869310487444414,0.30680028071894133,0.44433202221323137,0.48925619834710743,0.3069050143478246,0.3066956185479391,0.30680028071894133,5.187702417373657,352.52623748779297,0.631404958677686,0.0731058517827891,0.05570128093507689
660,2,SRTsim,sim6,SRTsim_6_1,stLearn,0.9549008647847772,0.9482178692543607,0.9661807915842717,0.9828099173553719,0.9480674203832862,0.948368365882493,0.9482178692543607,4.9358320236206055,352.5288505554199,0.017520661157024792,0.06458668692226444,0.15293081852314339
661,2,SRTsim,sim6,SRTsim_6_10,stLearn,0.11385710254796878,0.13929537890557558,0.33651409194199516,0.41818181818181815,0.13917157334527774,0.13941940493423483,0.13929537890557558,4.9003517627716064,352.5233325958252,0.7302479338842975,0.07537118601916332,-0.019622113171513637
662,2,SRTsim,sim6,SRTsim_6_2,stLearn,0.9064936306047968,0.9008030810515045,0.9298893588614847,0.9613223140495868,0.90053634773942,0.9010699724199283,0.9008030810515045,5.142542362213135,352.5206651687622,0.040661157024793386,0.06510424379676072,0.1417141228452583
663,2,SRTsim,sim6,SRTsim_6_3,stLearn,0.6204589869814267,0.7142182271662144,0.7155606908945886,0.7454545454545455,0.7143135382541642,0.7141229415096504,0.7142182271662145,4.879031658172607,352.5211753845215,0.22479338842975208,0.06488834742940745,0.07843048935193161
664,2,SRTsim,sim6,SRTsim_6_4,stLearn,0.658445454653882,0.7158031142498917,0.7441065472926914,0.7669421487603306,0.7149635514109761,0.7166446511598983,0.7158031142498917,5.898242712020874,352.52107429504395,0.21950413223140497,0.06550575890074943,0.0925081546723956
665,2,SRTsim,sim6,SRTsim_6_5,stLearn,0.613142558602778,0.679791668908546,0.710223616699322,0.7398347107438017,0.6795056745029519,0.6800779041575739,0.6797916689085459,4.863800764083862,352.5212640762329,0.2466115702479339,0.06665068116809154,0.0829071756194031
666,2,SRTsim,sim6,SRTsim_6_6,stLearn,0.5590127169486772,0.6211792355142621,0.6695814204748427,0.7269421487603306,0.6205476178325681,0.62181214027645,0.621179235514262,5.4317944049835205,352.5226964950561,0.3021487603305785,0.06744385946548513,0.0775166816544242
667,2,SRTsim,sim6,SRTsim_6_7,stLearn,0.47945775424868115,0.5344772303119895,0.6108070405933155,0.6793388429752066,0.5327316878395427,0.5362342492365044,0.5344772303119895,5.452401876449585,352.520299911499,0.32330578512396696,0.06957401519548702,0.07682902036684836
668,2,SRTsim,sim6,SRTsim_6_8,stLearn,0.3256061847436514,0.3715870563027026,0.4947892390412343,0.531900826446281,0.37111534050454154,0.3720599728002925,0.37158705630270267,5.884827613830566,352.52163219451904,0.6089256198347107,0.07057191952832738,0.07142899732719091
669,2,SRTsim,sim6,SRTsim_6_9,stLearn,0.25891976602257344,0.3066339273482667,0.4447669735880584,0.49785123966942146,0.3065751896461032,0.3066926875622245,0.30663392734826667,5.973280191421509,352.5200548171997,0.6056198347107438,0.0725091349361965,0.04752777114970692
670,3,SRTsim,sim6,SRTsim_6_1,stLearn,0.9658735463290262,0.9577392839515921,0.974406518433761,0.9871074380165289,0.9576857222526292,0.9577928516421159,0.9577392839515922,5.417006254196167,352.52387619018555,0.013223140495867768,0.06449059515965136,0.15546357297962482
671,3,SRTsim,sim6,SRTsim_6_10,stLearn,0.126218045052831,0.15309362411873637,0.3452669352122537,0.4168595041322314,0.15308576105621843,0.15310148798904896,0.1530936241187364,5.416195392608643,352.5230493545532,0.7150413223140496,0.07566233014203814,-0.0019889067856685132
672,3,SRTsim,sim6,SRTsim_6_2,stLearn,0.9101534021738433,0.9036724356020459,0.9326304186484907,0.9629752066115702,0.9034484092976217,0.9038965730367409,0.903672435602046,4.759447336196899,352.5205135345459,0.039008264462809916,0.064978850787586,0.1424425922298112
673,3,SRTsim,sim6,SRTsim_6_3,stLearn,0.6386696910942573,0.7226745322871947,0.7293788144258934,0.7917355371900826,0.7222982875301626,0.7230511692198603,0.7226745322871947,5.558457374572754,352.5215311050415,0.20099173553719007,0.06577180311936978,0.08166478967224816
674,3,SRTsim,sim6,SRTsim_6_4,stLearn,0.6557471626834712,0.7121287925356667,0.7422042194741044,0.7639669421487604,0.7109253644137776,0.7133363018030596,0.7121287925356669,5.433089256286621,352.5212154388428,0.2168595041322314,0.06561921256443408,0.09273017607595964
675,3,SRTsim,sim6,SRTsim_6_5,stLearn,0.6147004683143391,0.6781097333271396,0.7117694947139467,0.7646280991735537,0.676856825109122,0.6793672885845351,0.6781097333271396,4.981979608535767,352.52185249328613,0.24859504132231405,0.06667771116644565,0.08443363664235344
676,3,SRTsim,sim6,SRTsim_6_6,stLearn,0.5752116729431467,0.6368688838780674,0.6816651796311022,0.7328925619834711,0.6363299516728362,0.6374087297417584,0.6368688838780673,5.458941698074341,352.5206050872803,0.2833057851239669,0.06776489578838764,0.0788072816090972
677,3,SRTsim,sim6,SRTsim_6_7,stLearn,0.5141181944223655,0.5605343085627726,0.6358175209636308,0.699504132231405,0.560159575164668,0.5609095436719248,0.5605343085627726,5.108790874481201,352.521409034729,0.29619834710743803,0.06930793560591052,0.07146136825916526
678,3,SRTsim,sim6,SRTsim_6_8,stLearn,0.33144626693934215,0.3749593761755622,0.4988961799898185,0.5428099173553719,0.37471004854462886,0.37520903582672654,0.3749593761755621,4.971673011779785,352.5223731994629,0.5864462809917356,0.07037006616859152,0.07149044716848146
679,3,SRTsim,sim6,SRTsim_6_9,stLearn,0.2533777449069969,0.3005670229502015,0.4408816158641858,0.5170247933884298,0.3003532556501007,0.3007810947517782,0.3005670229502015,4.907660007476807,352.52085304260254,0.6082644628099173,0.07248260300137048,0.04011727117673174
680,4,SRTsim,sim6,SRTsim_6_1,stLearn,0.9624765554980727,0.9549780590691873,0.9718600159469059,0.9857851239669422,0.9548855880810325,0.955070547968832,0.9549780590691873,5.919793367385864,352.5219821929932,0.014214876033057851,0.06431659066673803,0.15463708707547388
681,4,SRTsim,sim6,SRTsim_6_10,stLearn,0.11615580542749128,0.1430838167733518,0.33846572190284513,0.41851239669421486,0.1429044760435841,0.1432636082029529,0.1430838167733518,5.119445562362671,352.5204305648804,0.7041322314049587,0.07591056584694258,-0.01545951428265812
682,4,SRTsim,sim6,SRTsim_6_2,stLearn,0.9050254196396729,0.8995234307993553,0.9287863395595507,0.9606611570247934,0.8992862707504301,0.8997607159691177,0.8995234307993552,4.977965831756592,352.52196407318115,0.040991735537190085,0.06506633692117571,0.1416785950949988
683,4,SRTsim,sim6,SRTsim_6_3,stLearn,0.6160106922919062,0.7066445708466254,0.7122368119729923,0.7467768595041322,0.7067127622612612,0.706576392590434,0.7066445708466254,5.173032999038696,352.5224256515503,0.2340495867768595,0.0653016102334189,0.07728490276900202
684,4,SRTsim,sim6,SRTsim_6_4,stLearn,0.6511611581959165,0.7064470454134754,0.7384787201545181,0.7616528925619834,0.7061384726220197,0.7067558880069545,0.7064470454134752,4.81466269493103,352.52018451690674,0.21388429752066115,0.06617638349212987,0.09204987536139973
685,4,SRTsim,sim6,SRTsim_6_5,stLearn,0.6126195149791585,0.6755362203944459,0.7101782595737042,0.7656198347107438,0.6743784558395397,0.6766979670573946,0.6755362203944458,4.970771074295044,352.5227212905884,0.23173553719008264,0.06704941366756038,0.08378009337017232
686,4,SRTsim,sim6,SRTsim_6_6,stLearn,0.5649628101567146,0.6268755379349095,0.6739672677769852,0.7305785123966942,0.6263839112368641,0.6273679369601306,0.6268755379349095,5.778032779693604,352.52346420288086,0.28991735537190083,0.06756159169155841,0.07729289894193342
687,4,SRTsim,sim6,SRTsim_6_7,stLearn,0.4975589258634051,0.5425696292657981,0.6236388900390181,0.6945454545454546,0.541839653252652,0.543301574805649,0.5425696292657981,5.737782955169678,352.521523475647,0.33090909090909093,0.06943852140376701,0.07509180910178173
688,4,SRTsim,sim6,SRTsim_6_8,stLearn,0.32875210159153156,0.3741134871948126,0.49685431171415456,0.540495867768595,0.3738840055267765,0.3743432507373215,0.37411348719481263,5.009400606155396,352.52049350738525,0.5738842975206612,0.07074365223012906,0.07263348560309923
689,4,SRTsim,sim6,SRTsim_6_9,stLearn,0.26073237836829855,0.30860983119080077,0.44580795187700584,0.4806611570247934,0.30874645400064743,0.3084733292408754,0.30860983119080077,5.55725359916687,352.5217113494873,0.6492561983471075,0.0717542031764036,0.05970749060362971
690,5,SRTsim,sim6,SRTsim_6_1,stLearn,0.9624755055482866,0.9546851978201679,0.9718588246664506,0.9857851239669422,0.9546069564906687,0.9547634519763228,0.9546851978201678,5.218849420547485,352.5226573944092,0.014214876033057851,0.06449653479029331,0.15467432731133507
691,5,SRTsim,sim6,SRTsim_6_10,stLearn,0.13126941214636237,0.15748981332642506,0.3495289571760165,0.4158677685950413,0.15736433323634136,0.1576154936882952,0.15748981332642506,4.856163740158081,352.52021312713623,0.696198347107438,0.07522282138894186,-0.00023462013633785648
692,5,SRTsim,sim6,SRTsim_6_2,stLearn,0.9108666660449327,0.9040160807124177,0.9331589763729278,0.9633057851239669,0.9038834472023058,0.9041487531528357,0.9040160807124176,5.264485359191895,352.5216445922852,0.03768595041322314,0.06512608092174929,0.1427488415697985
693,5,SRTsim,sim6,SRTsim_6_3,stLearn,0.6373804673696256,0.7217944619284394,0.7281832946103233,0.7910743801652893,0.7220544941973966,0.7215346168820242,0.7217944619284394,5.328404188156128,352.5206661224365,0.20198347107438017,0.06528676781678613,0.08221293671776314
694,5,SRTsim,sim6,SRTsim_6_4,stLearn,0.6564483446108528,0.7130984565827215,0.7424281446379548,0.7623140495867768,0.7128246123265514,0.7133725113240388,0.7130984565827215,5.160187005996704,352.5212154388428,0.2221487603305785,0.06548502417059102,0.09216522979116772
695,5,SRTsim,sim6,SRTsim_6_5,stLearn,0.6090044157689309,0.6757713574445807,0.7070412941302711,0.7421487603305785,0.6756970811280009,0.6758456500926732,0.6757713574445806,4.805542230606079,352.52219104766846,0.2505785123966942,0.06678328003706162,0.08285375280508754
696,5,SRTsim,sim6,SRTsim_6_6,stLearn,0.5656160245516885,0.627456118063687,0.6749078706441497,0.7266115702479339,0.6260032245854438,0.6289157712836322,0.6274561180636868,5.919452428817749,352.52074813842773,0.28859504132231406,0.06748820073644834,0.0771529870544528
697,5,SRTsim,sim6,SRTsim_6_7,stLearn,0.49756853387170236,0.536887682882289,0.6231362144095434,0.6932231404958678,0.5369508537748185,0.5368245268517985,0.536887682882289,5.507915735244751,352.5242500305176,0.32330578512396696,0.07042753945481893,0.06815090157612098
698,5,SRTsim,sim6,SRTsim_6_8,stLearn,0.33469666064320347,0.3774558777341693,0.5015555861878545,0.5504132231404959,0.3770176641581026,0.3778951111807465,0.3774558777341693,5.207550764083862,352.5215425491333,0.5722314049586776,0.070657629597747,0.07266215214144023
699,5,SRTsim,sim6,SRTsim_6_9,stLearn,0.2609057824560485,0.30783255380757885,0.4462306965761275,0.4968595041322314,0.30779326441443566,0.3078718532324781,0.3078325538075788,5.173865556716919,352.52171516418457,0.6152066115702479,0.07208994869667192,0.05614207953468977
