,Technology,Dataset,Sample,Method,ARI,NMI,FMI,Purity,Homogeneity,Completeness,V_measure,Time,Memory,PAS,CHAOS,ASW,Rep
0,SRTsim,sim5,SRTsim_5_1,BASS,0.774205787047328,0.7849025374191306,0.835954521321741,0.9176389842141386,0.7774377060828639,0.7925121107552952,0.7849025374191306,6.26281637350718,971.1,0.0360329444063143,0.0415428738810925,0.0241857445598547,1
1,SRTsim,sim5,SRTsim_5_1,BayesSpace,0.8486674251296307,0.8454639138017174,0.8885528246497727,0.943719972546328,0.8469046864781082,0.8440280349474898,0.8454639138017174,23.9652703881264,5777.9,0.1455044612216884,0.0452382383379812,0.0156804176749074,1
2,SRTsim,sim5,SRTsim_5_1,CCST,0.6995637337089787,0.7019813217903692,0.7798204740023462,0.8850377487989018,0.6999343916999298,0.7040402593262082,0.7019813217903692,101.30201864242554,414.9337644577026,0.0566231983527796,0.0412827087430771,0.0208626545812227,1
3,SRTsim,sim5,SRTsim_5_1,DeepST,0.8116565441657194,0.799408145780124,0.8620623055895188,0.9306794783802332,0.7966190742144789,0.8022168157992725,0.799408145780124,159.38399934768677,770.8091154098511,0.0518188057652711,0.0415543075095702,0.0205797211370127,1
4,SRTsim,sim5,SRTsim_5_1,GraphST,0.4798898587630535,0.5591353751887144,0.6192355210557907,0.7292381606039808,0.5568802586637471,0.5614088304082514,0.5591353751887144,19.311908721923828,571.527777671814,0.1036376115305422,0.0413476863811203,0.0184647358723288,1
5,SRTsim,sim5,SRTsim_5_1,PRECAST,0.7453931405648355,0.7740790125477358,0.8147847151518276,0.9063143445435828,0.7673406087850038,0.780936811402856,0.7740790125477358,1.19667356014252,366.9,0.0411805078929306,0.0429845808208295,0.0225236262778306,1
6,SRTsim,sim5,SRTsim_5_1,SEDR,0.6850115062487715,0.7123775057285234,0.7719621560311698,0.8798901853122855,0.7035773178803619,0.7214006235000098,0.7123775057285235,20.184590816497803,364.79096698760986,0.01681537405628,0.0403909945686245,0.0263766156434252,1
7,SRTsim,sim5,SRTsim_5_1,SpaceFlow,0.4299908356197344,0.5374176665448632,0.5839039471513241,0.709334248455731,0.5338101567250049,0.5410742675081791,0.5374176665448632,35.46163535118103,469.2877788543701,0.2553191489361702,0.0484105604182404,0.0086781372499869,1
8,SRTsim,sim5,SRTsim_5_1,SpaGCN,0.7179158159652339,0.7691737922654971,0.7914696276406659,0.8764805414551607,0.772123437183549,0.7662465978888031,0.769173792265497,40.90679597854614,679.4648475646973,0.2019176536943034,0.0347597379667838,0.0097458626730153,1
9,SRTsim,sim5,SRTsim_5_1,SpatialMGCN,0.5245616431192253,0.6351363645432678,0.6798372433129681,0.7189430336307481,0.5841965723524271,0.6958082877635903,0.6351363645432677,72.41445899009705,460.57640743255615,0.0737817433081674,0.0419517081319423,-0.0527880319666844,1
10,SRTsim,sim5,SRTsim_5_1,STAGATE,0.7273097654621925,0.7253150062478837,0.800325388119805,0.8970487302676733,0.7226146668706754,0.7280356031265017,0.7253150062478836,74.6760561466217,460.1180830001831,0.0741249142072752,0.041945090633112,0.0198638940958675,1
11,SRTsim,sim5,SRTsim_5_1,stLearn,0.9507549288918132,0.9431528557586664,0.9637598985523546,0.9821551132463968,0.9441181587602242,0.9421895246673634,0.9431528557586664,2.5780117511749268,335.07391929626465,0.1407000686341798,0.0467677530064113,0.0166706668624789,1
12,SRTsim,sim5,SRTsim_5_2,BASS,0.9923839182875492,0.985982535556472,0.9943315794049304,0.9973118279569892,0.9859228264187496,0.9860422519268032,0.985982535556472,10.98234385252,965.1,0.0168010752688172,0.0399547800457826,0.1713841923376823,1
13,SRTsim,sim5,SRTsim_5_2,BayesSpace,0.9480330326017689,0.9337123100860536,0.9613125831537306,0.9815188172043012,0.9339041960259288,0.9335205029822096,0.9337123100860536,24.1706016898155,5895.7,0.0319220430107526,0.0423150001916675,0.1634238774730789,1
14,SRTsim,sim5,SRTsim_5_2,CCST,0.9343406700856411,0.9113348271549648,0.9511347481043854,0.9761424731182796,0.9112020680348368,0.911467624965857,0.9113348271549648,101.83799982070924,487.1137380599976,0.0191532258064516,0.0405908327609112,0.1701708073124403,1
15,SRTsim,sim5,SRTsim_5_2,DeepST,0.9821744866410496,0.9719394188927176,0.9867309208773956,0.9936155913978496,0.972034087108536,0.9718447691149324,0.9719394188927176,164.4162826538086,787.7098054885864,0.0131048387096774,0.0393767720008969,0.1721725669786724,1
16,SRTsim,sim5,SRTsim_5_2,GraphST,0.5902818467369633,0.6855616134232944,0.6954300253585359,0.7348790322580645,0.6846899708219052,0.6864354781377601,0.6855616134232945,16.45992922782898,583.4400844573975,0.0950940860215053,0.0404597754596896,0.0769403485395932,1
17,SRTsim,sim5,SRTsim_5_2,PRECAST,0.6831745302697957,0.7435354096413024,0.7641219371451093,0.852486559139785,0.7437273860311931,0.7433435323345547,0.7435354096413025,1.23936063051224,268.1,0.0305779569892473,0.040059670141019,0.1076312426158005,1
18,SRTsim,sim5,SRTsim_5_2,SEDR,0.9630451841386626,0.9477837692218276,0.9725048653899616,0.9868951612903226,0.9474241819663276,0.9481436295378876,0.9477837692218276,17.705821990966797,376.5839576721192,0.0110887096774193,0.0393145697066001,0.1715789808529271,1
19,SRTsim,sim5,SRTsim_5_2,SpaceFlow,0.9309888908479662,0.9196385445778752,0.9486324057267792,0.9751344086021504,0.9196681715658988,0.919608919498649,0.9196385445778752,23.62144947052002,479.2297468185425,0.0154569892473118,0.0398291452489231,0.1711420276771836,1
20,SRTsim,sim5,SRTsim_5_2,SpaGCN,0.8026322078476671,0.8301186335220645,0.8530999756463775,0.919536984754376,0.8292679735355357,0.830971040508326,0.8301186335220645,36.02680993080139,678.6989622116089,0.0824392998306041,0.0320139740355127,0.1326662720387787,1
21,SRTsim,sim5,SRTsim_5_2,SpatialMGCN,0.9374125760756198,0.916908869527681,0.9534040584619856,0.977486559139785,0.9171742919568004,0.9166436006760988,0.916908869527681,54.94596242904663,470.08137702941895,0.0157930107526881,0.0401933376293221,0.1707026044578418,1
22,SRTsim,sim5,SRTsim_5_2,STAGATE,0.9620207463491292,0.9453824956929536,0.9717346626247632,0.9865591397849462,0.945276038138812,0.945488977228423,0.9453824956929536,58.18918585777283,469.6171340942383,0.0147849462365591,0.0396265228969777,0.1717940129770777,1
23,SRTsim,sim5,SRTsim_5_2,stLearn,0.9624870605966254,0.954195828108024,0.972077026077334,0.9865591397849462,0.9542535279616756,0.9541381352317042,0.954195828108024,2.041883945465088,341.8618059158325,0.0292338709677419,0.041498123884193,0.1647551243313651,1
24,SRTsim,sim5,SRTsim_5_3,BASS,0.9850135816938992,0.9722869648671147,0.9889661966794042,0.9937023533311236,0.9722004241752426,0.9723735209672462,0.9722869648671147,8.93199083010356,961.2,0.0291680477295326,0.0404340319584863,-0.0995351841824829,1
25,SRTsim,sim5,SRTsim_5_3,BayesSpace,0.6985183265350167,0.7899571926714559,0.7873109478287011,0.8253231687106397,0.761339163375448,0.8208107016409582,0.7899571926714558,24.4958191633224,5974.0,0.1166721909181306,0.0416181773856871,0.0274379513695508,1
26,SRTsim,sim5,SRTsim_5_3,CCST,0.8922158151811971,0.8622239119245626,0.920537197197,0.9585681140205502,0.8634399805203995,0.8610112639324011,0.8622239119245626,103.63005256652832,497.9422607421875,0.0298309579052038,0.0406769161885825,-0.0967795478749196,1
27,SRTsim,sim5,SRTsim_5_3,DeepST,0.9596904322851724,0.937160021358884,0.9703244643113544,0.9844216108717267,0.9370154577624096,0.9373046295690473,0.9371600213588838,164.1316499710083,799.0421361923218,0.025522041763341,0.0403038840454647,-0.0986115023770534,1
28,SRTsim,sim5,SRTsim_5_3,GraphST,0.9275651873019998,0.9006104712843985,0.9466815750920016,0.9721577726218096,0.9000713745511696,0.901150214187409,0.9006104712843984,16.693021774291992,591.4254322052002,0.027179317202519,0.0402222627864464,-0.1026279479100339,1
29,SRTsim,sim5,SRTsim_5_3,PRECAST,0.930495189232256,0.9045374299503164,0.9488229994097396,0.9718263175339742,0.9045204765770244,0.9045543839591323,0.9045374299503164,1.21998836994171,430.6,0.025522041763341,0.040508597625596,-0.0991727055327877,1
30,SRTsim,sim5,SRTsim_5_3,SEDR,0.9402284989791664,0.9170038777797508,0.955960685486414,0.9764666887636724,0.9176637685018486,0.9163449354286564,0.9170038777797508,18.593138456344604,384.5489301681519,0.022207490884985,0.0403210325116116,-0.0980890498782921,1
31,SRTsim,sim5,SRTsim_5_3,SpaceFlow,0.3349200004250856,0.3941162237176888,0.5062718165213915,0.580046403712297,0.3977982236098222,0.3905017595217719,0.3941162237176888,15.836118698120115,485.4109878540039,0.6499834272456082,0.0566136970989188,-0.0430524187665229,1
32,SRTsim,sim5,SRTsim_5_3,SpaGCN,0.8325482125168157,0.8118664525759798,0.8764640536979773,0.9094934957099364,0.8146669049041401,0.8090851876396411,0.8118664525759797,41.22760844230652,692.2783603668213,0.1143094381400498,0.031567132820581,-0.0957815679953449,1
33,SRTsim,sim5,SRTsim_5_3,SpatialMGCN,0.6155411281707847,0.7471764114436412,0.7258561807807438,0.8133907855485581,0.7258989245049499,0.7697389329449762,0.7471764114436412,56.71128463745117,476.4532451629639,0.0845210473980775,0.040834749363226,0.0322802192093906,1
34,SRTsim,sim5,SRTsim_5_3,STAGATE,0.7028910068776154,0.758451258537332,0.7931520510507618,0.8100762346702022,0.7124561155135151,0.8107950199172347,0.758451258537332,58.8889844417572,476.0734434127808,0.0613191912495856,0.0413901738034812,0.0177877279846677,1
35,SRTsim,sim5,SRTsim_5_3,stLearn,0.9635808750809908,0.945103737939664,0.9731684452656072,0.9827643354325488,0.9459919179380906,0.944217224179046,0.945103737939664,2.148588180541992,346.56563663482666,0.0523699038780245,0.042153620495372,-0.0969024713976853,1
36,SRTsim,sim5,SRTsim_5_4,BASS,0.9828082449316496,0.9623173920988508,0.9906714420427876,0.993941433860653,0.9650657668534368,0.9595846268780936,0.9623173920988508,7.83117194573085,965.7,0.0292830696735106,0.040590057227364,-0.087004525191052,1
37,SRTsim,sim5,SRTsim_5_4,BayesSpace,0.2968430134925607,0.541719241365179,0.5581384772828369,0.8185796028273309,0.6193291615022478,0.4813943318190342,0.5417192413651791,24.1829948941867,7129.7,0.3157186132615281,0.045152601825753,-0.0064420465419983,1
38,SRTsim,sim5,SRTsim_5_4,CCST,0.4382098944009941,0.5728464368729403,0.6509429295557453,0.8700774150117806,0.6643708315913229,0.5034857350500971,0.5728464368729403,100.87039065361024,485.7928171157837,0.165264220801077,0.0425413040280406,-0.0479832604522598,1
39,SRTsim,sim5,SRTsim_5_4,DeepST,0.9594610814685266,0.9265481880708836,0.9781957477823278,0.9868731066980816,0.9221442731339488,0.9309943687022456,0.9265481880708836,172.91828155517578,786.2263975143433,0.02019522046449,0.0397611997006461,-0.0946984966117649,1
40,SRTsim,sim5,SRTsim_5_4,GraphST,0.2778247149754935,0.441926521531753,0.5468142010333225,0.8047795355099293,0.5045047241851032,0.3931594609953276,0.441926521531753,16.191032886505127,582.4210081100464,0.1925277684281386,0.0427795205094631,-0.0099672615836982,1
41,SRTsim,sim5,SRTsim_5_4,PRECAST,0.7155511811104274,0.6858806851762322,0.8489743686933025,0.8185796028273309,0.6321391418517998,0.7496089694077682,0.6858806851762322,1.1841371178627,433.9,0.0558734432850892,0.0436827518580655,-0.0329008030347816,1
42,SRTsim,sim5,SRTsim_5_4,SEDR,0.5204516986017559,0.6613947034129901,0.7085860679875147,0.9010434197239988,0.7567994539703282,0.5873511861857617,0.6613947034129902,19.45962619781494,375.566780090332,0.141703130259172,0.0429686971857668,-0.0537969715094823,1
43,SRTsim,sim5,SRTsim_5_4,SpaceFlow,0.3893763230448636,0.4358035862923798,0.6193909597420028,0.7903062941770448,0.5014218163517034,0.3853721217652997,0.4358035862923799,13.7997465133667,478.0336999893189,0.4634803096600471,0.0540824092891477,-0.0667690765009355,1
44,SRTsim,sim5,SRTsim_5_4,SpaGCN,0.4503806060140928,0.5803228097766115,0.6599641522414174,0.8438996900535362,0.6724145341883816,0.5104176550880569,0.5803228097766117,37.42118787765503,680.0389881134033,0.3632009016624401,0.0367379262167918,-0.0855076827894035,1
45,SRTsim,sim5,SRTsim_5_4,SpatialMGCN,0.9895517034401692,0.9570261126154258,0.9943533309862768,0.9902389767754964,0.9546113299349922,0.9594531431356792,0.957026112615426,51.90968871116638,469.2043581008911,0.0410636149444631,0.0417426038118818,-0.1017076069169594,1
46,SRTsim,sim5,SRTsim_5_4,STAGATE,0.7476838691071734,0.6773813478097949,0.858476191670698,0.8835408953214406,0.6930056331165912,0.6624460491940805,0.6773813478097948,60.900046825408936,468.8276376724243,0.0935711881521373,0.0426477048400387,-0.0466558518828113,1
47,SRTsim,sim5,SRTsim_5_4,stLearn,0.5216301645475948,0.745091662496654,0.7089680958561075,0.9286435543588016,0.852395259616991,0.6617832215112481,0.7450916624966538,2.186458110809326,341.29195404052734,0.3056210030292831,0.04753634202899,-0.0536036180084652,1
48,SRTsim,sim5,SRTsim_5_5,BASS,0.9734248314776632,0.9586183112865868,0.9816023021267304,0.9910596026490066,0.9586709996092166,0.9585656287551132,0.9586183112865868,7.7598440806071,961.0,0.0304635761589403,0.0407417271706978,0.1337265323359915,1
49,SRTsim,sim5,SRTsim_5_5,BayesSpace,0.5901691722624346,0.7658485141517178,0.7083737531326098,0.8430463576158941,0.790000186455943,0.7431297521057311,0.765848514151718,24.4622534076373,5979.7,0.1814569536423841,0.044147899441232,0.0660510662861797,1
50,SRTsim,sim5,SRTsim_5_5,CCST,0.7885483034643446,0.7387085548577341,0.852514621563993,0.9056291390728476,0.7433491656147698,0.7341255258187341,0.7387085548577341,102.4063594341278,498.7386960983277,0.0566225165562913,0.0422177422687769,0.1006909179333125,1
51,SRTsim,sim5,SRTsim_5_5,DeepST,0.950398633460796,0.9273133084301868,0.9657387790217066,0.983112582781457,0.9256799925480792,0.9289523983079984,0.9273133084301868,167.5112955570221,799.8946685791016,0.0245033112582781,0.0407441977917576,0.1309744116597729,1
52,SRTsim,sim5,SRTsim_5_5,GraphST,0.5320852175936457,0.6090980979431243,0.6692958559670774,0.7897350993377483,0.6189240222470054,0.5995792871076585,0.6090980979431243,16.462928771972656,592.011568069458,0.0980132450331125,0.0413034649651265,0.0475320539140653,1
53,SRTsim,sim5,SRTsim_5_5,PRECAST,0.6543172411286163,0.7928213250755146,0.7570793569211813,0.8430463576158941,0.8019162364102856,0.7839303996228545,0.7928213250755145,1.29450848897298,430.0,0.0980132450331125,0.0428994233987595,0.0647791010312059,1
54,SRTsim,sim5,SRTsim_5_5,SEDR,0.9053395413175092,0.8436487157962269,0.9345104154317936,0.9460264900662252,0.8425593291770815,0.8447409231060373,0.8436487157962269,19.12045431137085,385.13485622406006,0.0589403973509933,0.0416020573850658,0.1012210840805186,1
55,SRTsim,sim5,SRTsim_5_5,SpaceFlow,0.3854223370236186,0.4260541953562568,0.5594952530689362,0.7072847682119205,0.4411292756749226,0.4119754143654187,0.4260541953562568,32.95529270172119,486.2861032485962,0.3890728476821192,0.053376799150255,-0.0001976080991381,1
56,SRTsim,sim5,SRTsim_5_5,SpaGCN,0.5631038455743674,0.6986660833411489,0.6886111070703076,0.8351769911504425,0.7219191404880847,0.6768642469144567,0.6986660833411489,43.349844455718994,692.8524980545044,0.2428097345132743,0.033982163464302,0.0606152481114739,1
57,SRTsim,sim5,SRTsim_5_5,SpatialMGCN,0.8396197543923645,0.8047838126014806,0.8927567903114993,0.8251655629139073,0.7730916144005743,0.8391854691722193,0.8047838126014805,50.6994354724884,476.9264755249024,0.0774834437086092,0.0434491570126436,0.0209150472890258,1
58,SRTsim,sim5,SRTsim_5_5,STAGATE,0.7262026129236455,0.6709210742358888,0.8157854157233713,0.7937086092715232,0.6336666223443912,0.7128296705412469,0.6709210742358888,59.73482298851013,476.5459060668945,0.0768211920529801,0.0417171425378142,0.0091222332411521,1
59,SRTsim,sim5,SRTsim_5_5,stLearn,0.5934442873409765,0.7741404273928502,0.7108274544516565,0.8433774834437087,0.7981267433317767,0.7515537811120907,0.7741404273928502,2.1438329219818115,346.90386486053467,0.2509933774834437,0.0469972454537136,0.070290082882452,1
60,SRTsim,sim5,SRTsim_5_6,BASS,0.7247463444211402,0.7259097790288571,0.8109984088372179,0.812644056634837,0.7400292112457941,0.7123190446166745,0.725909779028857,6.27191603978475,959.3,0.0497201185380309,0.041588643078569,-0.0862476416092086,1
61,SRTsim,sim5,SRTsim_5_6,BayesSpace,0.6459825166589859,0.7805716648622808,0.7525824660874573,0.8742179782680276,0.8247186680509433,0.7409108738812181,0.7805716648622808,24.6048442522685,6012.1,0.222917352650642,0.045020699288912,-0.0364406846286033,1
62,SRTsim,sim5,SRTsim_5_6,CCST,0.7003883190295467,0.6595038147388518,0.79638023151736,0.8735594336516299,0.6623736162263429,0.6566587733928617,0.6595038147388518,104.77394723892212,503.26272201538086,0.0750740862693447,0.0423368078482682,-0.0553489874598064,1
63,SRTsim,sim5,SRTsim_5_6,DeepST,0.8741841958453662,0.8355934231136435,0.9149687413080624,0.95291405992756,0.8376093507585769,0.8335871758925234,0.8355934231136436,165.44263625144958,804.6386528015137,0.0428054000658544,0.0408226879929747,-0.0277973597787501,1
64,SRTsim,sim5,SRTsim_5_6,GraphST,0.6500610658754832,0.5831220158105124,0.7638373835572059,0.7859729996707276,0.5770083358065816,0.5893666379517027,0.5831220158105124,14.55589771270752,595.3391990661621,0.1033915047744484,0.0416146322895975,-0.0115165683327124,1
65,SRTsim,sim5,SRTsim_5_6,PRECAST,0.3598716313910564,0.5584361187986013,0.5919128577276149,0.7319723411261113,0.5175289025102986,0.6063652578941621,0.5584361187986013,1.25393083890279,426.3,0.121172209417188,0.045750044300684,-0.0198723612920321,1
66,SRTsim,sim5,SRTsim_5_6,SEDR,0.8748091836968837,0.8065797892304729,0.9156238273466762,0.9338162660520252,0.8043045745636079,0.8088679126561419,0.8065797892304728,23.12955665588379,388.6759080886841,0.0846229832071122,0.0424460384259066,-0.0556852988422803,1
67,SRTsim,sim5,SRTsim_5_6,SpaceFlow,0.4433351625149601,0.5112658350838055,0.6072102395247178,0.771155745801778,0.5382942100955659,0.4868219421890569,0.5112658350838056,27.742595911026,489.0146293640137,0.2795521896608495,0.0482232904851468,-0.0314974136862232,1
68,SRTsim,sim5,SRTsim_5_6,SpaGCN,0.7981291030478126,0.694975434764315,0.8629626756291915,0.8481430536451169,0.7029143874958775,0.6872138096667586,0.6949754347643149,44.80894374847412,696.4859619140625,0.2310866574965612,0.0358999599930394,-0.0444969886166734,1
69,SRTsim,sim5,SRTsim_5_6,SpatialMGCN,0.9476115945911816,0.8884797628415191,0.964617578157649,0.9598287783997366,0.8893260040938722,0.8876351305457718,0.8884797628415192,53.950459718704224,479.6051616668701,0.1415870925255186,0.0472107371681126,-0.0530028527212046,1
70,SRTsim,sim5,SRTsim_5_6,STAGATE,0.6926537208050757,0.622557153973289,0.7940002247597694,0.801778070464274,0.6071047540036508,0.6388167058563562,0.622557153973289,60.04052543640137,479.2239408493042,0.099110964767863,0.0427756220056013,-0.0805604450740365,1
71,SRTsim,sim5,SRTsim_5_6,stLearn,0.6557419080632977,0.8004007228436161,0.7596116816771912,0.8745472505762265,0.8460208913693689,0.7594488000277745,0.8004007228436161,2.286459445953369,348.85294246673584,0.3026012512347711,0.0491190795527285,-0.0355190660626058,1
72,SRTsim,sim5,SRTsim_5_7,BASS,0.9127036501974982,0.8877095234366185,0.9353081761169356,0.966722129783694,0.8876323791472074,0.8877866811364431,0.8877095234366186,6.06373600562414,962.4,0.0332778702163061,0.0410182498024328,0.1214176026037894,1
73,SRTsim,sim5,SRTsim_5_7,BayesSpace,0.9506128820605706,0.9307886905405544,0.9633735502441544,0.9793677204658902,0.931540144895778,0.9300384475738028,0.9307886905405544,24.4410549600919,7207.7,0.0901830282861896,0.045248774660677,0.1036257957716548,1
74,SRTsim,sim5,SRTsim_5_7,CCST,0.6650567303965866,0.6506909800470332,0.7545455473503714,0.8645590682196339,0.6434025178583408,0.6581464615952335,0.6506909800470332,102.63610649108888,494.7507925033569,0.1021630615640599,0.0432764485263926,0.0615980505199315,1
75,SRTsim,sim5,SRTsim_5_7,DeepST,0.9114493025320924,0.8850405452658121,0.9344110426555482,0.9660565723793676,0.8844156782352656,0.8856662958964164,0.8850405452658122,163.19085788726807,795.6952724456787,0.0322795341098169,0.0400479125987705,0.1204745286083566,1
76,SRTsim,sim5,SRTsim_5_7,GraphST,0.1989499484983823,0.2288340099266428,0.4296850625586188,0.4891846921797005,0.2168371399176045,0.2422361201267626,0.2288340099266428,14.521424293518066,589.0755252838135,0.2193011647254575,0.0427460410665834,-0.0374776153376997,1
77,SRTsim,sim5,SRTsim_5_7,PRECAST,0.7339488051013657,0.8246334811511296,0.8184299351502126,0.8262895174708819,0.7662422891467704,0.8926581435773165,0.8246334811511297,1.3046865105629,429.8,0.0928452579034941,0.0441180684428568,0.0174861301926001,1
78,SRTsim,sim5,SRTsim_5_7,SEDR,0.8028790050988901,0.7932463016966759,0.8552959877250936,0.919134775374376,0.7853602893925045,0.8012922914866478,0.7932463016966759,19.178258419036865,382.24129581451416,0.1038269550748752,0.0424785235078338,0.073523261171433,1
79,SRTsim,sim5,SRTsim_5_7,SpaceFlow,0.3163122229477046,0.38308950942191,0.501391789718489,0.5301164725457571,0.3775608975010191,0.388782437994643,0.3830895094219101,35.82696199417114,483.8786582946777,0.5224625623960066,0.053767380626179,0.0133037343502818,1
80,SRTsim,sim5,SRTsim_5_7,SpaGCN,0.6181274262162931,0.6822893915304679,0.7257759496557005,0.7810239287701725,0.6612137789840857,0.7047527714917411,0.6822893915304677,60.04520344734192,688.6445226669312,0.1908736783528102,0.03703696722116,0.00016724346181,1
81,SRTsim,sim5,SRTsim_5_7,SpatialMGCN,0.5666840324555732,0.628357423828182,0.6911305369057787,0.7723793677204659,0.6052201184660385,0.6533341062939594,0.6283574238281819,55.10766506195069,474.56282234191895,0.1381031613976705,0.0452212308839006,-0.0336972838165599,1
82,SRTsim,sim5,SRTsim_5_7,STAGATE,0.5091742643529471,0.5555027329891965,0.647597868619,0.740432612312812,0.5366958707741155,0.5756755174792499,0.5555027329891966,59.75441479682922,474.18321800231934,0.1510815307820299,0.0436459012820543,-0.0267829139518642,1
83,SRTsim,sim5,SRTsim_5_7,stLearn,0.972368664731593,0.9591068064437376,0.9795058944748956,0.9880199667221298,0.9600998933045042,0.9581157718745456,0.9591068064437374,2.8630027770996094,345.1840715408325,0.0845257903494176,0.0451387284847152,0.1073041071829573,1
84,SRTsim,sim5,SRTsim_5_8,BASS,0.916740040692868,0.9039931096416254,0.9449005762112308,0.972972972972973,0.909037807679833,0.8990040936192916,0.9039931096416254,10.6897700468699,963.2,0.033033033033033,0.0408228332541739,0.0197525103544117,1
85,SRTsim,sim5,SRTsim_5_8,BayesSpace,0.5963163960287647,0.7554350216511152,0.7228758991206421,0.9009009009009008,0.7993441137971237,0.7160987158508885,0.7554350216511151,24.252557917436,5935.8,0.2155488822155488,0.0449171491403407,0.0379819621020056,1
86,SRTsim,sim5,SRTsim_5_8,CCST,0.7022036396663045,0.6325080732277042,0.7990111352874543,0.8371705038371705,0.6548305377840499,0.6116573363965465,0.6325080732277042,102.61082243919373,492.6355400085449,0.1081081081081081,0.0424758479318713,-0.0050757876154592,1
87,SRTsim,sim5,SRTsim_5_8,DeepST,0.9140718817093364,0.8584474367570748,0.9433030883090926,0.9646312979646312,0.8612617227913923,0.8556514829199298,0.8584474367570747,161.76519227027893,793.4855337142944,0.04004004004004,0.0409057252311881,0.0202178423200656,1
88,SRTsim,sim5,SRTsim_5_8,GraphST,0.5611801165252625,0.57696790071202,0.7023811358615512,0.8208208208208209,0.592287910684607,0.5624204373030338,0.57696790071202,16.073500156402588,587.5098371505737,0.1267934601267934,0.0412923465551601,0.0186806381732078,1
89,SRTsim,sim5,SRTsim_5_8,PRECAST,0.3215502798239119,0.571707051702134,0.5566458694155413,0.7540874207540874,0.568651278859549,0.5747958437167817,0.5717070517021341,1.18584019343058,431.7,0.1037704371037704,0.0430496475581855,0.0678048537252314,1
90,SRTsim,sim5,SRTsim_5_8,SEDR,0.743240824624581,0.7115233114851511,0.8270841464976985,0.8641975308641975,0.7366838563553699,0.6880246624486431,0.7115233114851512,17.62066388130188,380.6329326629639,0.0944277610944277,0.0418154404976617,0.0171643005661183,1
91,SRTsim,sim5,SRTsim_5_8,SpaceFlow,0.3085623787328864,0.3944804011138467,0.5192711933515431,0.7047047047047047,0.4180828841046855,0.3734004250695074,0.3944804011138467,26.018981218338013,482.5973892211914,0.4317650984317651,0.0544545548011678,-0.0344537690081088,1
92,SRTsim,sim5,SRTsim_5_8,SpaGCN,0.8090400265748471,0.7259507680012068,0.8729435052305439,0.8778497044750915,0.7398986743610603,0.7125189987355545,0.7259507680012071,43.43214988708496,680.8030834197998,0.1981424148606811,0.0340273287093452,0.0077252077080123,1
93,SRTsim,sim5,SRTsim_5_8,SpatialMGCN,0.9578380152854348,0.9044238883548232,0.9722989669424722,0.9696363029696364,0.9032364757643392,0.9056144270472402,0.904423888354823,53.89985990524292,473.3011016845703,0.0960960960960961,0.0457670422327165,0.0106488663600619,1
94,SRTsim,sim5,SRTsim_5_8,STAGATE,0.512744769235121,0.5974249626982052,0.6635667499997856,0.8395061728395061,0.6329918174032109,0.5656423716827811,0.5974249626982052,59.51165008544922,472.9229202270508,0.1858525191858525,0.0435612907812319,0.0215341720760652,1
95,SRTsim,sim5,SRTsim_5_8,stLearn,0.5970112927563361,0.7625279220408944,0.7235458052473825,0.9012345679012346,0.8055775682884129,0.723845969900499,0.7625279220408943,2.2748732566833496,344.26762676239014,0.2882882882882883,0.0489516265910769,0.0405744761655965,1
96,SRTsim,sim5,SRTsim_5_9,BASS,0.9286786324340074,0.9028885678298836,0.9471377911293518,0.9723502304147466,0.9019620137344072,0.9038170275162724,0.9028885678298836,5.07045505046844,980.0,0.0414746543778801,0.0452554490892588,-0.0690113696632598,1
97,SRTsim,sim5,SRTsim_5_9,BayesSpace,0.9389702882781984,0.918496648112885,0.9547003882419792,0.9758950726692662,0.9189691771304944,0.9180246047893028,0.918496648112885,22.6882306893667,5600.1,0.0783410138248847,0.0472006315838846,-0.0687192129275378,1
98,SRTsim,sim5,SRTsim_5_9,CCST,0.7961142937320101,0.7665444110385832,0.8488482631536214,0.9163417227933356,0.7659065088719709,0.7671833766727689,0.7665444110385831,99.8233585357666,447.2545948028565,0.0404112017015242,0.0448761397921079,-0.0716661212396802,1
99,SRTsim,sim5,SRTsim_5_9,DeepST,0.914205477528514,0.8826329201229479,0.9363873547108676,0.9666784828075152,0.8820431093151984,0.8832235202562113,0.8826329201229479,145.4188003540039,744.629132270813,0.0372208436724565,0.0448249612888753,-0.0688618169426524,1
100,SRTsim,sim5,SRTsim_5_9,GraphST,0.5305127445072493,0.6442156672667975,0.6684820126027807,0.7486706841545552,0.6172892494140455,0.6735983101378608,0.6442156672667975,14.114648818969728,553.0601930618286,0.06487061325771,0.044790310225873,0.0503842646423218,1
101,SRTsim,sim5,SRTsim_5_9,PRECAST,0.5728081313397876,0.722333792928689,0.7008684120145395,0.7791563275434243,0.689433453014061,0.758531551800262,0.7223337929286889,1.22593763669332,448.8,0.0769230769230769,0.0463875410739922,0.0537423260453702,1
102,SRTsim,sim5,SRTsim_5_9,SEDR,0.8563933976989029,0.831073060653067,0.8933483682480046,0.9422190712513292,0.831978086031305,0.8301700021076872,0.831073060653067,19.40438199043274,346.95307445526123,0.0283587380361573,0.0446249822794955,-0.0697646092832219,1
103,SRTsim,sim5,SRTsim_5_9,SpaceFlow,0.569616524449289,0.6082340188627524,0.6819274302605836,0.7309464728819568,0.605148920123234,0.6113507349620741,0.6082340188627525,37.22227382659912,454.3727903366089,0.2197802197802197,0.0526436441455298,-0.0884636597543483,1
104,SRTsim,sim5,SRTsim_5_9,SpaGCN,0.7550072449033866,0.7636914254831033,0.8178909055061652,0.885902201887332,0.7641063548362588,0.7632769465199414,0.7636914254831033,43.84779953956604,670.0924739837646,0.1538461538461538,0.0341410071952223,-0.073920773023398,1
105,SRTsim,sim5,SRTsim_5_9,SpatialMGCN,0.6215310002519975,0.7116418047395736,0.7416974913790504,0.7635590216235377,0.66404310112271,0.766591168351638,0.7116418047395735,47.2252151966095,445.5655364990234,0.0613257710031903,0.0454266517025238,0.0141770051260999,1
106,SRTsim,sim5,SRTsim_5_9,STAGATE,0.5787593027126242,0.6348568445288987,0.7106642413840908,0.739099610067352,0.5911357515748183,0.6855617985798507,0.6348568445288987,57.55115246772766,445.20202350616455,0.0836582772066643,0.0455529414984486,0.0389269157729834,1
107,SRTsim,sim5,SRTsim_5_9,stLearn,0.9421967772491182,0.929211934633231,0.9570973078367688,0.9766040411201702,0.9296457330428376,0.9287785408794712,0.929211934633231,2.193739652633667,324.094425201416,0.097837646224743,0.048960087534163,-0.0696279849777201,1
108,SRTsim,sim5,SRTsim_5_10,BASS,0.8617823586818969,0.8466686195695572,0.9069249435845442,0.8724689165186501,0.7985405277834886,0.9009701517408176,0.8466686195695572,6.11086101531982,980.7,0.0373001776198934,0.0446996994938391,-0.0066721705836832,1
109,SRTsim,sim5,SRTsim_5_10,BayesSpace,0.6588771150851206,0.7888648525209335,0.7550667971987131,0.8760213143872113,0.8131345777554498,0.7660019019133348,0.7888648525209335,22.9357875386874,5588.7,0.144582593250444,0.0486449803153039,0.0241010748646737,1
110,SRTsim,sim5,SRTsim_5_10,CCST,0.7626379332548479,0.7168179290217733,0.8360737047352886,0.905861456483126,0.7056770533457946,0.7283162205237902,0.7168179290217733,99.67797040939332,445.7477331161499,0.0756660746003552,0.0461664342770639,-0.0316253387092149,1
111,SRTsim,sim5,SRTsim_5_10,DeepST,0.958527005716838,0.9356882664681656,0.9709087928388058,0.9843694493783304,0.9342056570579872,0.937175589240298,0.9356882664681658,150.17972874641418,742.9621696472168,0.0312611012433392,0.044291357973978,0.0130378550487001,1
112,SRTsim,sim5,SRTsim_5_10,GraphST,0.6031553153718865,0.6295999973918771,0.7209054217822256,0.8227353463587922,0.626912837701896,0.632310292391583,0.6295999973918771,15.992536783218384,551.8855390548706,0.103019538188277,0.0455586469544282,0.022798863158228,1
113,SRTsim,sim5,SRTsim_5_10,PRECAST,0.6765756390636245,0.8058038695714613,0.7684251462957079,0.8806394316163411,0.8262875822785555,0.7863111741290085,0.8058038695714613,1.1585484902064,447.1,0.0859680284191829,0.0465561064215632,0.0315453417720525,1
114,SRTsim,sim5,SRTsim_5_10,SEDR,0.8829503028556833,0.8413026017692579,0.918971004095398,0.9463587921847249,0.8298301129607344,0.8530967543481852,0.841302601769258,20.11564064025879,345.82908058166504,0.07246891651865,0.0455782893640782,-0.0337970027122551,1
115,SRTsim,sim5,SRTsim_5_10,SpaceFlow,0.2784697135768801,0.3881885788189791,0.4997783191620515,0.597158081705151,0.3832219876696437,0.3932855952199914,0.3881885788189791,24.41833639144897,453.4375696182251,0.4177619893428064,0.0566282874932131,-0.0680848517528176,1
116,SRTsim,sim5,SRTsim_5_10,SpaGCN,0.5612547186161293,0.6216717145878665,0.6841374679171788,0.7702320316921336,0.6440448040242129,0.6008008511146541,0.6216717145878665,51.65960288047791,677.16956615448,0.2973967176004527,0.0376526342740621,-0.034988395940215,1
117,SRTsim,sim5,SRTsim_5_10,SpatialMGCN,0.6783194342745282,0.7221194751783546,0.7714329334436191,0.8575488454706928,0.7297369999387853,0.7146593419616984,0.7221194751783546,46.99057364463806,444.61992740631104,0.1051509769094138,0.0473582157237115,0.0247215045974711,1
118,SRTsim,sim5,SRTsim_5_10,STAGATE,0.6907723301297968,0.6669243161524582,0.791810362568615,0.8213143872113676,0.6262858024235282,0.713202705041666,0.6669243161524582,59.70213341712952,444.25696086883545,0.0728241563055062,0.0470452273484069,-0.0104377791291299,1
119,SRTsim,sim5,SRTsim_5_10,stLearn,0.6649580555514365,0.7965495154169091,0.7595926677304338,0.8781527531083482,0.8201724152265023,0.7742493093589166,0.7965495154169091,2.233942985534668,323.4069414138794,0.2163410301953819,0.0514213266013561,0.0249620235932971,1
120,SRTsim,sim5,SRTsim_5_1,BASS,0.774205787047328,0.7849025374191306,0.835954521321741,0.9176389842141386,0.7774377060828639,0.7925121107552952,0.7849025374191306,6.9800256450971,864.2,0.0360329444063143,0.0415428738810925,0.0241857445598547,2
121,SRTsim,sim5,SRTsim_5_1,BayesSpace,0.8486674251296307,0.8454639138017174,0.8885528246497727,0.943719972546328,0.8469046864781082,0.8440280349474898,0.8454639138017174,23.7272318204244,5778.0,0.1455044612216884,0.0452382383379812,0.0156804176749074,2
122,SRTsim,sim5,SRTsim_5_1,CCST,0.7086059416518027,0.713246179342533,0.7863763242069833,0.8888126286890872,0.7113355781554672,0.7151670716724667,0.7132461793425331,100.1278247833252,470.9431991577149,0.0686341798215511,0.0413896833039814,0.0190628931523983,2
123,SRTsim,sim5,SRTsim_5_1,DeepST,0.7264537490599607,0.741703945815995,0.7982773332164707,0.8915579958819492,0.7439129818980433,0.7395079902765231,0.7417039458159951,150.38175582885742,770.4152927398682,0.05044612216884,0.0409019893920013,0.0193133038003756,2
124,SRTsim,sim5,SRTsim_5_1,GraphST,0.4798898587630535,0.5591353751887144,0.6192355210557907,0.7292381606039808,0.5568802586637471,0.5614088304082514,0.5591353751887144,17.014958143234253,945.5407180786132,0.1036376115305422,0.0413476863811203,0.0184647358723288,2
125,SRTsim,sim5,SRTsim_5_1,PRECAST,0.7453931405648355,0.7740790125477358,0.8147847151518276,0.9063143445435828,0.7673406087850038,0.780936811402856,0.7740790125477358,1.14304677248001,646.4,0.0411805078929306,0.0429845808208295,0.0225236262778306,2
126,SRTsim,sim5,SRTsim_5_1,SEDR,0.6834863519766595,0.7121872614848203,0.7709048111599992,0.87920384351407,0.7032814471014245,0.721321521470551,0.7121872614848203,31.258484601974487,364.7656993865967,0.01681537405628,0.0403510993404347,0.026138210296676,2
127,SRTsim,sim5,SRTsim_5_1,SpaceFlow,0.1933213051409523,0.3129498176135236,0.4310772228246081,0.4979409746053534,0.2979897553991824,0.3294913637982466,0.3129498176135236,22.0227472782135,469.02241802215576,0.4866163349347975,0.0565379148981309,0.0034284528993856,2
128,SRTsim,sim5,SRTsim_5_1,SpaGCN,0.7179158159652339,0.7691737922654971,0.7914696276406659,0.8764805414551607,0.772123437183549,0.7662465978888031,0.769173792265497,40.681520223617554,679.4643058776855,0.2019176536943034,0.0347597379667838,0.0097458626730153,2
129,SRTsim,sim5,SRTsim_5_1,SpatialMGCN,0.5245616431192253,0.6351363645432678,0.6798372433129681,0.7189430336307481,0.5841965723524271,0.6958082877635903,0.6351363645432677,46.6699595451355,460.2209663391113,0.0737817433081674,0.0419517081319423,-0.0527880319666844,2
130,SRTsim,sim5,SRTsim_5_1,STAGATE,0.5242737831444707,0.6252532657506435,0.687137987677379,0.7216884008236102,0.5623960909886936,0.7039291256668886,0.6252532657506435,51.98586869239807,459.85665225982666,0.0792724776938915,0.0416358589703587,0.0246021019237225,2
131,SRTsim,sim5,SRTsim_5_1,stLearn,0.9553514132377996,0.947494583466867,0.9671441325890872,0.9838709677419356,0.9484187779795924,0.9465721883786324,0.9474945834668672,2.427772760391236,334.7563171386719,0.1400137268359643,0.0468795531305603,0.0168550662028706,2
132,SRTsim,sim5,SRTsim_5_2,BASS,0.9923839182875492,0.985982535556472,0.9943315794049304,0.9973118279569892,0.9859228264187496,0.9860422519268032,0.985982535556472,10.8454280654589,858.4,0.0168010752688172,0.0399547800457826,0.1713841923376823,2
133,SRTsim,sim5,SRTsim_5_2,BayesSpace,0.9480330326017689,0.9337123100860536,0.9613125831537306,0.9815188172043012,0.9339041960259288,0.9335205029822096,0.9337123100860536,24.1220918893814,5895.7,0.0319220430107526,0.0423150001916675,0.1634238774730789,2
134,SRTsim,sim5,SRTsim_5_2,CCST,0.9354924339682308,0.9128756235588836,0.9520059029767558,0.976478494623656,0.9124680836781204,0.9132835276451934,0.9128756235588836,99.88182401657104,487.1089000701904,0.0218413978494623,0.040994802953753,0.1676685935883526,2
135,SRTsim,sim5,SRTsim_5_2,DeepST,0.9773436143127048,0.9672447113316094,0.9831344073817316,0.9919354838709676,0.9673593866793128,0.9671300631689972,0.9672447113316092,156.091206073761,787.638913154602,0.0131048387096774,0.0393481131516461,0.1720143977814153,2
136,SRTsim,sim5,SRTsim_5_2,GraphST,0.5902818467369633,0.6855616134232944,0.6954300253585359,0.7348790322580645,0.6846899708219052,0.6864354781377601,0.6855616134232945,18.64252758026123,583.3997068405151,0.0950940860215053,0.0404597754596896,0.0769403485395932,2
137,SRTsim,sim5,SRTsim_5_2,PRECAST,0.6831745302697957,0.7435354096413024,0.7641219371451093,0.852486559139785,0.7437273860311931,0.7433435323345547,0.7435354096413025,1.21415252288183,636.1,0.0305779569892473,0.040059670141019,0.1076312426158005,2
138,SRTsim,sim5,SRTsim_5_2,SEDR,0.9649434160934944,0.9500833371151616,0.973917395056485,0.9875672043010753,0.9497168362562102,0.9504501209526394,0.9500833371151614,27.864017009735107,376.5841445922852,0.0094086021505376,0.0393288711309369,0.1714193050017443,2
139,SRTsim,sim5,SRTsim_5_2,SpaceFlow,0.5811379275883339,0.6757766051148155,0.6892650888499977,0.7247983870967742,0.67351614469775,0.6780522897792635,0.6757766051148156,16.746094226837158,478.9662380218506,0.21875,0.0464851071962742,0.0809750709644319,2
140,SRTsim,sim5,SRTsim_5_2,SpaGCN,0.8026322078476671,0.8301186335220645,0.8530999756463775,0.919536984754376,0.8292679735355357,0.830971040508326,0.8301186335220645,37.76318407058716,678.6992139816284,0.0824392998306041,0.0320139740355127,0.1326662720387787,2
141,SRTsim,sim5,SRTsim_5_2,SpatialMGCN,0.9374125760756198,0.916908869527681,0.9534040584619856,0.977486559139785,0.9171742919568004,0.9166436006760988,0.916908869527681,56.50145769119263,469.9916019439697,0.0157930107526881,0.0401933376293221,0.1707026044578418,2
142,SRTsim,sim5,SRTsim_5_2,STAGATE,0.5914033786109644,0.7519740536118432,0.7287626533992905,0.7348790322580645,0.6894017772980255,0.8270386895129018,0.7519740536118431,57.950058698654175,469.6169633865357,0.0534274193548387,0.0407308144868165,0.1577288519604842,2
143,SRTsim,sim5,SRTsim_5_2,stLearn,0.9652356239941152,0.9569017167763322,0.974123310833539,0.9875672043010753,0.9569455494442376,0.956857888123733,0.956901716776332,1.6016650199890137,341.8654546737671,0.0282258064516129,0.0413697860015715,0.1648577703962749,2
144,SRTsim,sim5,SRTsim_5_3,BASS,0.9850135816938992,0.9722869648671147,0.9889661966794042,0.9937023533311236,0.9722004241752426,0.9723735209672462,0.9722869648671147,10.1065426667531,854.4,0.0291680477295326,0.0404340319584863,-0.0995351841824829,2
145,SRTsim,sim5,SRTsim_5_3,BayesSpace,0.6985183265350167,0.7899571926714559,0.7873109478287011,0.8253231687106397,0.761339163375448,0.8208107016409582,0.7899571926714558,24.5155956824621,5974.0,0.1166721909181306,0.0416181773856871,0.0274379513695508,2
146,SRTsim,sim5,SRTsim_5_3,CCST,0.8858908414622086,0.8558779948635638,0.9158303979898176,0.9552535631421942,0.8577697796314677,0.8539945362783258,0.8558779948635638,99.74523043632507,497.9349822998047,0.0334769638713954,0.0406823454893827,-0.0944651531160431,2
147,SRTsim,sim5,SRTsim_5_3,DeepST,0.9667850258038244,0.9467070743547972,0.975532098408818,0.9870732515744116,0.9473227984630244,0.946092150121601,0.9467070743547972,158.22648930549622,799.0399932861328,0.023864766324163,0.0403460108810091,-0.096890734157606,2
148,SRTsim,sim5,SRTsim_5_3,GraphST,0.9275651873019998,0.9006104712843985,0.9466815750920016,0.9721577726218096,0.9000713745511696,0.901150214187409,0.9006104712843984,17.943732023239136,591.4243907928467,0.027179317202519,0.0402222627864464,-0.1026279479100339,2
149,SRTsim,sim5,SRTsim_5_3,PRECAST,0.930495189232256,0.9045374299503164,0.9488229994097396,0.9718263175339742,0.9045204765770244,0.9045543839591323,0.9045374299503164,1.18580761353175,624.1,0.025522041763341,0.040508597625596,-0.0991727055327877,2
150,SRTsim,sim5,SRTsim_5_3,SEDR,0.9376514331385276,0.914459617315899,0.9540609738564768,0.9754723235001658,0.9151218618803107,0.9137983305489856,0.914459617315899,26.2493155002594,384.5493450164795,0.0232018561484918,0.0403379223359723,-0.0982289183035202,2
151,SRTsim,sim5,SRTsim_5_3,SpaceFlow,0.7275433561728533,0.7245136514815742,0.7992305413140849,0.8160424262512429,0.7249324446199263,0.7240953419370549,0.724513651481574,16.3107590675354,485.4041147232056,0.2031819688432217,0.0462705563092425,-0.0947354398275485,2
152,SRTsim,sim5,SRTsim_5_3,SpaGCN,0.8325482125168157,0.8118664525759798,0.8764640536979773,0.9094934957099364,0.8146669049041401,0.8090851876396411,0.8118664525759797,41.81679081916809,692.2783603668213,0.1143094381400498,0.031567132820581,-0.0957815679953449,2
153,SRTsim,sim5,SRTsim_5_3,SpatialMGCN,0.6155411281707847,0.7471764114436412,0.7258561807807438,0.8133907855485581,0.7258989245049499,0.7697389329449762,0.7471764114436412,45.7417676448822,476.45405864715576,0.0845210473980775,0.040834749363226,0.0322802192093906,2
154,SRTsim,sim5,SRTsim_5_3,STAGATE,0.9154416006692916,0.8857779190862554,0.937707816158436,0.9675174013921114,0.8862181430422257,0.8853381322707636,0.8857779190862555,58.65879654884338,476.0735149383545,0.0318196884322174,0.0406201050904592,-0.0992534730006988,2
155,SRTsim,sim5,SRTsim_5_3,stLearn,0.9642294466792622,0.9460383699937878,0.9736456536880072,0.9830957905203844,0.946966447474309,0.945112109862744,0.946038369993788,1.6618969440460205,346.565691947937,0.0520384487901889,0.0420845396498072,-0.0966318059777033,2
156,SRTsim,sim5,SRTsim_5_4,BASS,0.9828082449316496,0.9623173920988508,0.9906714420427876,0.993941433860653,0.9650657668534368,0.9595846268780936,0.9623173920988508,8.7341246565183,858.9,0.0292830696735106,0.040590057227364,-0.087004525191052,2
157,SRTsim,sim5,SRTsim_5_4,BayesSpace,0.2968430134925607,0.541719241365179,0.5581384772828369,0.8185796028273309,0.6193291615022478,0.4813943318190342,0.5417192413651791,24.263156191508,5886.2,0.3157186132615281,0.045152601825753,-0.0064420465419983,2
158,SRTsim,sim5,SRTsim_5_4,CCST,0.4463497325672521,0.5723136626120462,0.6571800991374667,0.8737798720969371,0.6610779617997282,0.5045647188403284,0.5723136626120462,102.22727990150452,485.7885751724243,0.1521373274991585,0.0431266213682056,-0.0516666709865826,2
159,SRTsim,sim5,SRTsim_5_4,DeepST,0.9578492810552258,0.9210596782346704,0.9773428608425604,0.985863345674857,0.9160564524462472,0.9261178563959238,0.9210596782346704,160.03341937065125,786.2273893356323,0.020868394479973,0.039886777870588,-0.0958459848266902,2
160,SRTsim,sim5,SRTsim_5_4,GraphST,0.2778247149754935,0.441926521531753,0.5468142010333225,0.8047795355099293,0.5045047241851032,0.3931594609953276,0.441926521531753,17.015971899032593,582.4213542938232,0.1925277684281386,0.0427795205094631,-0.0099672615836982,2
161,SRTsim,sim5,SRTsim_5_4,PRECAST,0.7155511811104274,0.6858806851762322,0.8489743686933025,0.8185796028273309,0.6321391418517998,0.7496089694077682,0.6858806851762322,1.16068408489227,622.7,0.0558734432850892,0.0436827518580655,-0.0329008030347816,2
162,SRTsim,sim5,SRTsim_5_4,SEDR,0.5208496121067738,0.6624230802395379,0.7089910585221785,0.9010434197239988,0.7571093609167352,0.588787604029253,0.6624230802395379,28.432125329971317,375.5662069320679,0.1615617637159205,0.0443171837865814,-0.0566093661404685,2
163,SRTsim,sim5,SRTsim_5_4,SpaceFlow,0.3921688012173639,0.4348402575122114,0.6215805817956381,0.7903062941770448,0.4997893492390651,0.384830416277774,0.4348402575122113,17.534544229507446,478.027437210083,0.4597778525748906,0.0540668594938733,-0.0672578702521696,2
164,SRTsim,sim5,SRTsim_5_4,SpaGCN,0.4503806060140928,0.5803228097766115,0.6599641522414174,0.8438996900535362,0.6724145341883816,0.5104176550880569,0.5803228097766117,37.2631356716156,680.038064956665,0.3632009016624401,0.0367379262167918,-0.0855076827894035,2
165,SRTsim,sim5,SRTsim_5_4,SpatialMGCN,0.9895517034401692,0.9570261126154258,0.9943533309862768,0.9902389767754964,0.9546113299349922,0.9594531431356792,0.957026112615426,49.353270053863525,469.2031373977661,0.0410636149444631,0.0417426038118818,-0.1017076069169594,2
166,SRTsim,sim5,SRTsim_5_4,STAGATE,0.7818164821404031,0.6923782528749557,0.8790913247981749,0.8828677213059576,0.6930973633991679,0.6916606330041525,0.6923782528749557,63.62495017051697,468.82773876190186,0.0777515987882867,0.0427314382248992,-0.0477324900471488,2
167,SRTsim,sim5,SRTsim_5_4,stLearn,0.5216961886898757,0.7451068566979446,0.7090147494055004,0.9286435543588016,0.8523952596169907,0.6618071947573609,0.7451068566979446,1.7158122062683103,341.28634548187256,0.3157186132615281,0.0479303196779517,-0.0533745914883622,2
168,SRTsim,sim5,SRTsim_5_5,BASS,0.9734248314776632,0.9586183112865868,0.9816023021267304,0.9910596026490066,0.9586709996092166,0.9585656287551132,0.9586183112865868,8.27694387038549,854.3,0.0304635761589403,0.0407417271706978,0.1337265323359915,2
169,SRTsim,sim5,SRTsim_5_5,BayesSpace,0.5901691722624346,0.7658485141517178,0.7083737531326098,0.8430463576158941,0.790000186455943,0.7431297521057311,0.765848514151718,24.6800768057505,5979.7,0.1814569536423841,0.044147899441232,0.0660510662861797,2
170,SRTsim,sim5,SRTsim_5_5,CCST,0.7875815400930091,0.731861497625275,0.8518168138768271,0.9029801324503312,0.7366840947957377,0.7271016306869746,0.731861497625275,101.9867012500763,498.7381439208984,0.0596026490066225,0.0415815887132987,0.0934600692192625,2
171,SRTsim,sim5,SRTsim_5_5,DeepST,0.9484535794028258,0.9253141455562892,0.964406766265804,0.9824503311258278,0.9234694347155366,0.9271662410906112,0.9253141455562892,161.9868667125702,799.8944177627563,0.023841059602649,0.0407420402819457,0.130989161315339,2
172,SRTsim,sim5,SRTsim_5_5,GraphST,0.5320852175936457,0.6090980979431243,0.6692958559670774,0.7897350993377483,0.6189240222470054,0.5995792871076585,0.6090980979431243,17.43999481201172,592.0121097564697,0.0980132450331125,0.0413034649651265,0.0475320539140653,2
173,SRTsim,sim5,SRTsim_5_5,PRECAST,0.6543172411286163,0.7928213250755146,0.7570793569211813,0.8430463576158941,0.8019162364102856,0.7839303996228545,0.7928213250755145,1.29619659980138,624.7,0.0980132450331125,0.0428994233987595,0.0647791010312059,2
174,SRTsim,sim5,SRTsim_5_5,SEDR,0.9046703782535408,0.8430874992712424,0.934046656255528,0.945364238410596,0.8419595600342278,0.8442184646716192,0.8430874992712423,27.01396012306213,385.1343574523926,0.0569536423841059,0.0415397417223454,0.1009513717933998,2
175,SRTsim,sim5,SRTsim_5_5,SpaceFlow,0.4006996409074047,0.4439867448399292,0.5703962772073256,0.7185430463576159,0.459934026164322,0.4291082837345165,0.4439867448399291,19.94000768661499,486.02246475219727,0.3771523178807947,0.0521942571760387,0.0134522124682879,2
176,SRTsim,sim5,SRTsim_5_5,SpaGCN,0.5631038455743674,0.6986660833411489,0.6886111070703076,0.8351769911504425,0.7219191404880847,0.6768642469144567,0.6986660833411489,44.569599866867065,692.8638353347778,0.2428097345132743,0.033982163464302,0.0606152481114739,2
177,SRTsim,sim5,SRTsim_5_5,SpatialMGCN,0.8396197543923645,0.8047838126014806,0.8927567903114993,0.8251655629139073,0.7730916144005743,0.8391854691722193,0.8047838126014805,48.07811260223389,476.9253339767456,0.0774834437086092,0.0434491570126436,0.0209150472890258,2
178,SRTsim,sim5,SRTsim_5_5,STAGATE,0.7174064832127167,0.6702778363699325,0.8066625585709082,0.8003311258278145,0.6510868746380695,0.6906344742983707,0.6702778363699327,59.64165949821472,476.5454330444336,0.0990066225165562,0.043409581618823,0.0330111360393361,2
179,SRTsim,sim5,SRTsim_5_5,stLearn,0.5932859557894308,0.7741046305449122,0.7107063483467366,0.8433774834437087,0.7981267433317772,0.7514863071045875,0.7741046305449122,1.6115918159484863,346.9047574996948,0.2506622516556291,0.0474334632110572,0.0699854905136756,2
180,SRTsim,sim5,SRTsim_5_6,BASS,0.7247463444211402,0.7259097790288571,0.8109984088372179,0.812644056634837,0.7400292112457941,0.7123190446166745,0.725909779028857,6.91578595638275,852.6,0.0497201185380309,0.041588643078569,-0.0862476416092086,2
181,SRTsim,sim5,SRTsim_5_6,BayesSpace,0.6459825166589859,0.7805716648622808,0.7525824660874573,0.8742179782680276,0.8247186680509433,0.7409108738812181,0.7805716648622808,24.7180762688319,6012.1,0.222917352650642,0.045020699288912,-0.0364406846286033,2
182,SRTsim,sim5,SRTsim_5_6,CCST,0.7184583525208199,0.6651609771865378,0.8087984723663453,0.8784985182746131,0.6686991355774484,0.6616600632773346,0.6651609771865378,103.22057342529295,503.2674188613892,0.0783668093513335,0.0415765339603305,-0.0451263002251629,2
183,SRTsim,sim5,SRTsim_5_6,DeepST,0.8824939901585382,0.8499890851318878,0.9208165157088296,0.9591702337833388,0.8491163333914827,0.850863632808311,0.8499890851318876,158.4035682678223,804.6370220184326,0.0484030293052354,0.0411169132497009,-0.0366574625472153,2
184,SRTsim,sim5,SRTsim_5_6,GraphST,0.6500610658754832,0.5831220158105124,0.7638373835572059,0.7859729996707276,0.5770083358065816,0.5893666379517027,0.5831220158105124,17.23735213279724,595.3410491943359,0.1033915047744484,0.0416146322895975,-0.0115165683327124,2
185,SRTsim,sim5,SRTsim_5_6,PRECAST,0.3598716313910564,0.5584361187986013,0.5919128577276149,0.7319723411261113,0.5175289025102986,0.6063652578941621,0.5584361187986013,1.24180532693863,617.2,0.121172209417188,0.045750044300684,-0.0198723612920321,2
186,SRTsim,sim5,SRTsim_5_6,SEDR,0.8395816886122135,0.769853532064863,0.8920929947155536,0.919986829107672,0.7662485788402703,0.7734925659198183,0.769853532064863,27.53993320465088,388.48316955566406,0.0747448139611458,0.0422654958778027,-0.0594768887977054,2
187,SRTsim,sim5,SRTsim_5_6,SpaceFlow,0.3070341330489667,0.3482399708196344,0.510315686044597,0.6578860717813632,0.3659377691743611,0.3321750349683606,0.3482399708196343,24.688182592391968,488.7488241195679,0.4458347053012841,0.0540865734757377,-0.0354442430972691,2
188,SRTsim,sim5,SRTsim_5_6,SpaGCN,0.7981291030478126,0.694975434764315,0.8629626756291915,0.8481430536451169,0.7029143874958775,0.6872138096667586,0.6949754347643149,44.4539954662323,696.4859619140625,0.2310866574965612,0.0358999599930394,-0.0444969886166734,2
189,SRTsim,sim5,SRTsim_5_6,SpatialMGCN,0.9476115945911816,0.8884797628415191,0.964617578157649,0.9598287783997366,0.8893260040938722,0.8876351305457718,0.8884797628415192,49.75431060791016,479.6048822402954,0.1415870925255186,0.0472107371681126,-0.0530028527212046,2
190,SRTsim,sim5,SRTsim_5_6,STAGATE,0.6033311021255832,0.5959385374949293,0.7275103086555704,0.8037537043134673,0.6038007442273677,0.5882784495751691,0.5959385374949293,59.99251413345337,479.2231616973877,0.1415870925255186,0.0429465539068441,-0.0450837172201737,2
191,SRTsim,sim5,SRTsim_5_6,stLearn,0.6552451917472832,0.7993875861100356,0.7592524769463299,0.8745472505762265,0.8449613760569497,0.7584783403819545,0.7993875861100356,1.6837477684020996,348.8525094985962,0.3134672374053342,0.0490355382690849,-0.034536236341978,2
192,SRTsim,sim5,SRTsim_5_7,BASS,0.9127036501974982,0.8877095234366185,0.9353081761169356,0.966722129783694,0.8876323791472074,0.8877866811364431,0.8877095234366186,5.87429718176524,855.7,0.0332778702163061,0.0410182498024328,0.1214176026037894,2
193,SRTsim,sim5,SRTsim_5_7,BayesSpace,0.9506128820605706,0.9307886905405544,0.9633735502441544,0.9793677204658902,0.931540144895778,0.9300384475738028,0.9307886905405544,24.16165056626,5951.1,0.0901830282861896,0.045248774660677,0.1036257957716548,2
194,SRTsim,sim5,SRTsim_5_7,CCST,0.6814421608258393,0.6663438566051715,0.7664171232632538,0.8722129783693844,0.6591078075757277,0.6737405519730092,0.6663438566051715,101.73384547233582,494.7542419433594,0.1014975041597337,0.0437722589476457,0.0623653444737248,2
195,SRTsim,sim5,SRTsim_5_7,DeepST,0.9123804287418456,0.8864485868822328,0.935101800064143,0.9663893510815308,0.8858096585337272,0.8870884376051925,0.8864485868822329,156.9870409965515,795.6951417922974,0.0322795341098169,0.040057401901041,0.1206435101348113,2
196,SRTsim,sim5,SRTsim_5_7,GraphST,0.1989499484983823,0.2288340099266428,0.4296850625586188,0.4891846921797005,0.2168371399176045,0.2422361201267626,0.2288340099266428,17.353248596191406,589.076494216919,0.2193011647254575,0.0427460410665834,-0.0374776153376997,2
197,SRTsim,sim5,SRTsim_5_7,PRECAST,0.7339488051013657,0.8246334811511296,0.8184299351502126,0.8262895174708819,0.7662422891467704,0.8926581435773165,0.8246334811511297,1.30182887713114,627.8,0.0928452579034941,0.0441180684428568,0.0174861301926001,2
198,SRTsim,sim5,SRTsim_5_7,SEDR,0.8274172750224612,0.815254325308681,0.873215054802032,0.9287853577371048,0.8077006490377914,0.8229506204412232,0.815254325308681,27.282488584518436,382.1942253112793,0.0908485856905158,0.0422157087972675,0.0861786132328588,2
199,SRTsim,sim5,SRTsim_5_7,SpaceFlow,0.3942372826995943,0.4837920757400776,0.5604360568268946,0.6362728785357737,0.472468144878106,0.4956721511063895,0.4837920757400776,16.004167556762695,483.6172399520874,0.2851913477537438,0.0481871661588319,-0.0338564500375593,2
200,SRTsim,sim5,SRTsim_5_7,SpaGCN,0.6181274262162931,0.6822893915304679,0.7257759496557005,0.7810239287701725,0.6612137789840857,0.7047527714917411,0.6822893915304677,57.50742244720459,688.6445226669312,0.1908736783528102,0.03703696722116,0.00016724346181,2
201,SRTsim,sim5,SRTsim_5_7,SpatialMGCN,0.5666840324555732,0.628357423828182,0.6911305369057787,0.7723793677204659,0.6052201184660385,0.6533341062939594,0.6283574238281819,47.90035653114319,474.5633420944214,0.1381031613976705,0.0452212308839006,-0.0336972838165599,2
202,SRTsim,sim5,SRTsim_5_7,STAGATE,0.6819614030218862,0.680113660567631,0.7678635365844347,0.8725457570715475,0.6701877450303563,0.6903380146783692,0.6801136605676311,63.31926989555359,474.1827144622803,0.1131447587354409,0.0429118112900478,0.0589784830461777,2
203,SRTsim,sim5,SRTsim_5_7,stLearn,0.9701686557080929,0.9562664672034368,0.9778746096000346,0.9870216306156406,0.9572047188968312,0.95533005305677,0.9562664672034368,1.8020448684692385,345.1842193603516,0.0861896838602329,0.0454845128589418,0.1062037050582051,2
204,SRTsim,sim5,SRTsim_5_8,BASS,0.916740040692868,0.9039931096416254,0.9449005762112308,0.972972972972973,0.909037807679833,0.8990040936192916,0.9039931096416254,9.74092554648717,856.5,0.033033033033033,0.0408228332541739,0.0197525103544117,2
205,SRTsim,sim5,SRTsim_5_8,BayesSpace,0.5963163960287647,0.7554350216511152,0.7228758991206421,0.9009009009009008,0.7993441137971237,0.7160987158508885,0.7554350216511151,24.0189255158106,5935.8,0.2155488822155488,0.0449171491403407,0.0379819621020056,2
206,SRTsim,sim5,SRTsim_5_8,CCST,0.6927807906296329,0.6245459668272574,0.7925219339292492,0.8314981648314982,0.6469712048367684,0.6036232503956768,0.6245459668272574,100.94402408599854,492.6344842910767,0.0997664330997664,0.0421591535927524,-0.009078604645956,2
207,SRTsim,sim5,SRTsim_5_8,DeepST,0.5941247353546066,0.6946445575167347,0.7205016556461157,0.8735402068735402,0.7408196881946666,0.65388786833802,0.6946445575167348,157.39929699897766,793.4862823486328,0.0603937270603937,0.0412559751453127,0.0154433775718659,2
208,SRTsim,sim5,SRTsim_5_8,GraphST,0.5611801165252625,0.57696790071202,0.7023811358615512,0.8208208208208209,0.592287910684607,0.5624204373030338,0.57696790071202,17.203073501586914,587.5096397399902,0.1267934601267934,0.0412923465551601,0.0186806381732078,2
209,SRTsim,sim5,SRTsim_5_8,PRECAST,0.3215502798239119,0.571707051702134,0.5566458694155413,0.7540874207540874,0.568651278859549,0.5747958437167817,0.5717070517021341,1.16958364248276,624.4,0.1037704371037704,0.0430496475581855,0.0678048537252314,2
210,SRTsim,sim5,SRTsim_5_8,SEDR,0.7430409173755165,0.7175402185145043,0.8268403268049822,0.8665331998665332,0.7439895530112104,0.6929069068241797,0.7175402185145043,26.732166528701782,380.6301164627075,0.0947614280947614,0.0421435219856958,0.0194612145512721,2
211,SRTsim,sim5,SRTsim_5_8,SpaceFlow,0.3380945472241519,0.402237821715687,0.5397593834232033,0.7173840507173841,0.4267304719614023,0.3804041217166907,0.4022378217156871,14.09636664390564,482.3327341079712,0.4290957624290957,0.0544795412701831,-0.0360523685349911,2
212,SRTsim,sim5,SRTsim_5_8,SpaGCN,0.8090400265748471,0.7259507680012068,0.8729435052305439,0.8778497044750915,0.7398986743610603,0.7125189987355545,0.7259507680012071,43.90788459777832,680.8029689788818,0.1981424148606811,0.0340273287093452,0.0077252077080123,2
213,SRTsim,sim5,SRTsim_5_8,SpatialMGCN,0.9578380152854348,0.9044238883548232,0.9722989669424722,0.9696363029696364,0.9032364757643392,0.9056144270472402,0.904423888354823,51.56871914863586,473.3006858825684,0.0960960960960961,0.0457670422327165,0.0106488663600619,2
214,SRTsim,sim5,SRTsim_5_8,STAGATE,0.6933430119946186,0.646017834506479,0.7973875959481885,0.8398398398398398,0.6344958850072951,0.6579659826399715,0.6460178345064789,59.36902379989624,472.9253101348877,0.1161161161161161,0.0428677478852209,0.0077812241633808,2
215,SRTsim,sim5,SRTsim_5_8,stLearn,0.5981347367890377,0.7627863024191531,0.7243763434444901,0.9012345679012346,0.805577568288413,0.7243117732355632,0.7627863024191532,2.208455801010132,344.26759910583496,0.2832832832832833,0.0495336786111185,0.0413304907580409,2
216,SRTsim,sim5,SRTsim_5_9,BASS,0.9286786324340074,0.9028885678298836,0.9471377911293518,0.9723502304147466,0.9019620137344072,0.9038170275162724,0.9028885678298836,5.04882881641388,873.3,0.0414746543778801,0.0452554490892588,-0.0690113696632598,2
217,SRTsim,sim5,SRTsim_5_9,BayesSpace,0.9389702882781984,0.918496648112885,0.9547003882419792,0.9758950726692662,0.9189691771304944,0.9180246047893028,0.918496648112885,22.6391603628794,5600.1,0.0783410138248847,0.0472006315838846,-0.0687192129275378,2
218,SRTsim,sim5,SRTsim_5_9,CCST,0.8003255162940375,0.7699624974937802,0.8519440626810731,0.9181141439205956,0.7694929828170343,0.7704325854795101,0.7699624974937801,99.9215841293335,447.256872177124,0.04324707550514,0.0452771260654394,-0.0676832502264641,2
219,SRTsim,sim5,SRTsim_5_9,DeepST,0.8974696700920006,0.8671501239761978,0.9238658267077792,0.9599432825239276,0.8679621497476524,0.8663396161730993,0.8671501239761978,137.27451276779175,744.6284379959106,0.0343849698688408,0.0446197113000484,-0.0689539658745,2
220,SRTsim,sim5,SRTsim_5_9,GraphST,0.5305127445072493,0.6442156672667975,0.6684820126027807,0.7486706841545552,0.6172892494140455,0.6735983101378608,0.6442156672667975,17.2379789352417,553.0601825714111,0.06487061325771,0.044790310225873,0.0503842646423218,2
221,SRTsim,sim5,SRTsim_5_9,PRECAST,0.5728081313397876,0.722333792928689,0.7008684120145395,0.7791563275434243,0.689433453014061,0.758531551800262,0.7223337929286889,1.21606290340424,650.9,0.0769230769230769,0.0463875410739922,0.0537423260453702,2
222,SRTsim,sim5,SRTsim_5_9,SEDR,0.825214049069531,0.8033465130551732,0.8709188644587665,0.9276852180077988,0.7996837607204705,0.8070429724265596,0.8033465130551731,26.46422123908997,346.95500469207764,0.032612548741581,0.0446283844394736,-0.0643278358476982,2
223,SRTsim,sim5,SRTsim_5_9,SpaceFlow,0.2753568014320168,0.3209033392390552,0.4754916708837847,0.54413328606877,0.3125841109961073,0.3296774971336408,0.3209033392390552,31.90189290046692,454.3730869293213,0.5412974122651542,0.0615394146237108,-0.0998434903130063,2
224,SRTsim,sim5,SRTsim_5_9,SpaGCN,0.7550072449033866,0.7636914254831033,0.8178909055061652,0.885902201887332,0.7641063548362588,0.7632769465199414,0.7636914254831033,42.09147071838379,670.0928020477295,0.1538461538461538,0.0341410071952223,-0.073920773023398,2
225,SRTsim,sim5,SRTsim_5_9,SpatialMGCN,0.6215310002519975,0.7116418047395736,0.7416974913790504,0.7635590216235377,0.66404310112271,0.766591168351638,0.7116418047395735,52.567277669906616,445.5654573440552,0.0613257710031903,0.0454266517025238,0.0141770051260999,2
226,SRTsim,sim5,SRTsim_5_9,STAGATE,0.8148916092431031,0.7836158359719274,0.862850298940169,0.9244948599787308,0.782500021491545,0.7847348372122762,0.7836158359719273,50.51320505142212,445.20202350616455,0.0450194966323998,0.0450635151459795,-0.0684086675327355,2
227,SRTsim,sim5,SRTsim_5_9,stLearn,0.9421846647808746,0.9294245174525624,0.9570811292809374,0.9766040411201702,0.9300486288764068,0.928801243090023,0.9294245174525624,1.7106807231903076,324.0945854187012,0.097483161999291,0.048921953297642,-0.0691835872414223,2
228,SRTsim,sim5,SRTsim_5_10,BASS,0.8617823586818969,0.8466686195695572,0.9069249435845442,0.8724689165186501,0.7985405277834886,0.9009701517408176,0.8466686195695572,5.90729422966639,873.9,0.0373001776198934,0.0446996994938391,-0.0066721705836832,2
229,SRTsim,sim5,SRTsim_5_10,BayesSpace,0.6588771150851206,0.7888648525209335,0.7550667971987131,0.8760213143872113,0.8131345777554498,0.7660019019133348,0.7888648525209335,22.6321539243062,5588.7,0.144582593250444,0.0486449803153039,0.0241010748646737,2
230,SRTsim,sim5,SRTsim_5_10,CCST,0.751050926592538,0.7127263156946141,0.8288114970698416,0.9008880994671404,0.6990808331297694,0.7269151002478201,0.7127263156946142,98.1313660144806,445.7442359924317,0.0756660746003552,0.0462378156260889,-0.0402432986394857,2
231,SRTsim,sim5,SRTsim_5_10,DeepST,0.9575727311720648,0.9318186142607274,0.9702412983104322,0.983658969804618,0.9302318253395232,0.9334108259193216,0.9318186142607277,150.16640305519104,742.961802482605,0.0323268206039076,0.0447159847371698,0.0120023189259637,2
232,SRTsim,sim5,SRTsim_5_10,GraphST,0.6031553153718865,0.6295999973918771,0.7209054217822256,0.8227353463587922,0.626912837701896,0.632310292391583,0.6295999973918771,18.26416802406311,551.8871717453003,0.103019538188277,0.0455586469544282,0.022798863158228,2
233,SRTsim,sim5,SRTsim_5_10,PRECAST,0.6765756390636245,0.8058038695714613,0.7684251462957079,0.8806394316163411,0.8262875822785555,0.7863111741290085,0.8058038695714613,1.14903781414032,657.1,0.0859680284191829,0.0465561064215632,0.0315453417720525,2
234,SRTsim,sim5,SRTsim_5_10,SEDR,0.8661200351281169,0.8240721861476588,0.907038836214486,0.9410301953818828,0.8140052390775594,0.834391250636022,0.8240721861476588,29.08561444282532,345.8290719985962,0.0653641207815275,0.0452787627348077,-0.0336979849273182,2
235,SRTsim,sim5,SRTsim_5_10,SpaceFlow,0.2805021236454338,0.383586626800275,0.5007793711256863,0.5989342806394317,0.3786796454930048,0.3886224482708693,0.3835866268002749,22.401810884475708,453.1454772949219,0.4230905861456483,0.0567947248519648,-0.0673820676423445,2
236,SRTsim,sim5,SRTsim_5_10,SpaGCN,0.5612547186161293,0.6216717145878665,0.6841374679171788,0.7702320316921336,0.6440448040242129,0.6008008511146541,0.6216717145878665,50.28947019577026,677.1691312789917,0.2973967176004527,0.0376526342740621,-0.034988395940215,2
237,SRTsim,sim5,SRTsim_5_10,SpatialMGCN,0.6783194342745282,0.7221194751783546,0.7714329334436191,0.8575488454706928,0.7297369999387853,0.7146593419616984,0.7221194751783546,45.50278329849243,444.62007427215576,0.1051509769094138,0.0473582157237115,0.0247215045974711,2
238,SRTsim,sim5,SRTsim_5_10,STAGATE,0.7813268262836492,0.7486659232740692,0.8497688750349489,0.91651865008881,0.7352352694145152,0.7625963868029101,0.7486659232740692,48.00438642501831,444.25737285614014,0.0689165186500888,0.0459389896905102,-0.0236394955200761,2
239,SRTsim,sim5,SRTsim_5_10,stLearn,0.6594716209665421,0.7945287725841172,0.7554638614820836,0.8781527531083482,0.8193077596288231,0.7712046080475988,0.7945287725841171,1.717104196548462,323.40729236602783,0.2255772646536412,0.0517658009354092,0.0253003333550262,2
240,SRTsim,sim5,SRTsim_5_1,BASS,0.774205787047328,0.7849025374191306,0.835954521321741,0.9176389842141386,0.7774377060828639,0.7925121107552952,0.7849025374191306,6.5829067548116,864.4,0.0360329444063143,0.0415428738810925,0.0241857445598547,3
241,SRTsim,sim5,SRTsim_5_1,BayesSpace,0.8486674251296307,0.8454639138017174,0.8885528246497727,0.943719972546328,0.8469046864781082,0.8440280349474898,0.8454639138017174,23.3360265731812,5777.5,0.1455044612216884,0.0452382383379812,0.0156804176749074,3
242,SRTsim,sim5,SRTsim_5_1,CCST,0.685890044777456,0.6957914931394683,0.7702331015331259,0.8788606726149623,0.6926677552322957,0.6989435330498995,0.6957914931394683,100.71251440048218,470.9448537826538,0.0603980782429649,0.0417454122364854,0.0212346445475958,3
243,SRTsim,sim5,SRTsim_5_1,DeepST,0.8019759611441274,0.7997941150134076,0.8558943326078375,0.9272477693891558,0.7929585664383832,0.8067485374116371,0.7997941150134076,145.5474693775177,770.4053325653076,0.0483870967741935,0.041641048915632,0.022700925123293,3
244,SRTsim,sim5,SRTsim_5_1,GraphST,0.4798898587630535,0.5591353751887144,0.6192355210557907,0.7292381606039808,0.5568802586637471,0.5614088304082514,0.5591353751887144,17.39202618598938,571.2635154724121,0.1036376115305422,0.0413476863811203,0.0184647358723288,3
245,SRTsim,sim5,SRTsim_5_1,PRECAST,0.7453931405648355,0.7740790125477358,0.8147847151518276,0.9063143445435828,0.7673406087850038,0.780936811402856,0.7740790125477358,1.13536104361216,646.4,0.0411805078929306,0.0429845808208295,0.0225236262778306,3
246,SRTsim,sim5,SRTsim_5_1,SEDR,0.6834863519766595,0.7121872614848203,0.7709048111599992,0.87920384351407,0.7032814471014245,0.721321521470551,0.7121872614848203,31.9747633934021,364.7655401229858,0.01681537405628,0.0403510993404347,0.026138210296676,3
247,SRTsim,sim5,SRTsim_5_1,SpaceFlow,0.451489866014569,0.5455002098751032,0.5983879603484438,0.7172271791352093,0.5433345599268202,0.5476831928209475,0.5455002098751032,23.60715103149414,468.8874397277832,0.2549759780370624,0.0484580505645555,0.0098107975341524,3
248,SRTsim,sim5,SRTsim_5_1,SpaGCN,0.7179158159652339,0.7691737922654971,0.7914696276406659,0.8764805414551607,0.772123437183549,0.7662465978888031,0.769173792265497,39.79033136367798,679.4644050598145,0.2019176536943034,0.0347597379667838,0.0097458626730153,3
249,SRTsim,sim5,SRTsim_5_1,SpatialMGCN,0.5245616431192253,0.6351363645432678,0.6798372433129681,0.7189430336307481,0.5841965723524271,0.6958082877635903,0.6351363645432677,47.26991581916809,460.2207374572754,0.0737817433081674,0.0419517081319423,-0.0527880319666844,3
250,SRTsim,sim5,SRTsim_5_1,STAGATE,0.7262884661830594,0.7244457966477373,0.7996170694619498,0.8967055593685656,0.7216335742774365,0.7272800233578899,0.7244457966477373,58.56172442436218,459.8510856628418,0.0751544269045984,0.0420233009028589,0.0203341246501277,3
251,SRTsim,sim5,SRTsim_5_1,stLearn,0.9507634677164066,0.9429633432401175,0.963769011391854,0.9821551132463968,0.9438374770411496,0.942090827096566,0.9429633432401174,1.552079677581787,334.7533760070801,0.1407000686341798,0.0467877692924156,0.0166766901100104,3
252,SRTsim,sim5,SRTsim_5_2,BASS,0.9923839182875492,0.985982535556472,0.9943315794049304,0.9973118279569892,0.9859228264187496,0.9860422519268032,0.985982535556472,10.4330951213837,858.5,0.0168010752688172,0.0399547800457826,0.1713841923376823,3
253,SRTsim,sim5,SRTsim_5_2,BayesSpace,0.9480330326017689,0.9337123100860536,0.9613125831537306,0.9815188172043012,0.9339041960259288,0.9335205029822096,0.9337123100860536,23.9107847293218,5895.7,0.0319220430107526,0.0423150001916675,0.1634238774730789,3
254,SRTsim,sim5,SRTsim_5_2,CCST,0.9390003900648364,0.9161891548076156,0.9546047864949384,0.9778225806451613,0.9160133827110172,0.9163649943743192,0.9161891548076156,101.39896774291992,487.1093225479126,0.0194892473118279,0.0404942325070446,0.1677394584966181,3
255,SRTsim,sim5,SRTsim_5_2,DeepST,0.9773509876787186,0.9683818944496771,0.9831399871486184,0.9919354838709676,0.9684915998299654,0.9682722139202136,0.9683818944496771,160.44691848754883,787.6432275772095,0.0141129032258064,0.0393319469980194,0.1723301537442509,3
256,SRTsim,sim5,SRTsim_5_2,GraphST,0.5902818467369633,0.6855616134232944,0.6954300253585359,0.7348790322580645,0.6846899708219052,0.6864354781377601,0.6855616134232945,17.46022605895996,583.3997678756714,0.0950940860215053,0.0404597754596896,0.0769403485395932,3
257,SRTsim,sim5,SRTsim_5_2,PRECAST,0.6831745302697957,0.7435354096413024,0.7641219371451093,0.852486559139785,0.7437273860311931,0.7433435323345547,0.7435354096413025,1.20545729796092,636.0,0.0305779569892473,0.040059670141019,0.1076312426158005,3
258,SRTsim,sim5,SRTsim_5_2,SEDR,0.9649434160934944,0.9500833371151616,0.973917395056485,0.9875672043010753,0.9497168362562102,0.9504501209526394,0.9500833371151614,25.650601625442505,376.5840644836426,0.0094086021505376,0.0393288711309369,0.1714193050017443,3
259,SRTsim,sim5,SRTsim_5_2,SpaceFlow,0.929501252191612,0.9165160211015952,0.9475261544887544,0.974462365591398,0.9165206633628638,0.9165113788873536,0.9165160211015952,16.528210163116455,478.8298406600952,0.0171370967741935,0.0399618216869624,0.1708042749799131,3
260,SRTsim,sim5,SRTsim_5_2,SpaGCN,0.8026322078476671,0.8301186335220645,0.8530999756463775,0.919536984754376,0.8292679735355357,0.830971040508326,0.8301186335220645,36.32607412338257,678.6991453170776,0.0824392998306041,0.0320139740355127,0.1326662720387787,3
261,SRTsim,sim5,SRTsim_5_2,SpatialMGCN,0.9374125760756198,0.916908869527681,0.9534040584619856,0.977486559139785,0.9171742919568004,0.9166436006760988,0.916908869527681,53.65933561325073,469.9925260543823,0.0157930107526881,0.0401933376293221,0.1707026044578418,3
262,SRTsim,sim5,SRTsim_5_2,STAGATE,0.9639385188673248,0.947564669830558,0.973161930754883,0.9872311827956988,0.9474579665463312,0.9476713971514676,0.947564669830558,58.10468173027039,469.615273475647,0.0141129032258064,0.039598316965513,0.1717212868338811,3
263,SRTsim,sim5,SRTsim_5_2,stLearn,0.962419325376018,0.953188524598689,0.9720272639704568,0.9865591397849462,0.953223751654324,0.9531533001466388,0.9531885245986887,1.688918113708496,341.8645029067993,0.0292338709677419,0.0414867584044181,0.1646611400110673,3
264,SRTsim,sim5,SRTsim_5_3,BASS,0.9850135816938992,0.9722869648671147,0.9889661966794042,0.9937023533311236,0.9722004241752426,0.9723735209672462,0.9722869648671147,8.97752842903137,854.5,0.0291680477295326,0.0404340319584863,-0.0995351841824829,3
265,SRTsim,sim5,SRTsim_5_3,BayesSpace,0.6985183265350167,0.7899571926714559,0.7873109478287011,0.8253231687106397,0.761339163375448,0.8208107016409582,0.7899571926714558,24.1129058241844,5974.0,0.1166721909181306,0.0416181773856871,0.0274379513695508,3
266,SRTsim,sim5,SRTsim_5_3,CCST,0.8701011326541706,0.8370592745756602,0.9042570167768758,0.9476300961219756,0.8379260436112331,0.8361942968967839,0.8370592745756602,101.89459800720216,497.9392814636231,0.0397746105402717,0.0410013630290493,-0.0998856865950234,3
267,SRTsim,sim5,SRTsim_5_3,DeepST,0.9718615683071232,0.9548992152139416,0.9792861941638504,0.9893934371892608,0.9545736659058892,0.9552249866494472,0.9548992152139416,153.77141332626343,799.0400524139404,0.0248591315876698,0.0403138110185879,-0.1008399034511794,3
268,SRTsim,sim5,SRTsim_5_3,GraphST,0.9275651873019998,0.9006104712843985,0.9466815750920016,0.9721577726218096,0.9000713745511696,0.901150214187409,0.9006104712843984,17.04005527496338,591.424560546875,0.027179317202519,0.0402222627864464,-0.1026279479100339,3
269,SRTsim,sim5,SRTsim_5_3,PRECAST,0.930495189232256,0.9045374299503164,0.9488229994097396,0.9718263175339742,0.9045204765770244,0.9045543839591323,0.9045374299503164,1.1902640581131,624.0,0.025522041763341,0.040508597625596,-0.0991727055327877,3
270,SRTsim,sim5,SRTsim_5_3,SEDR,0.9376514331385276,0.914459617315899,0.9540609738564768,0.9754723235001658,0.9151218618803107,0.9137983305489856,0.914459617315899,27.41616702079773,384.55003547668457,0.0232018561484918,0.0403379223359723,-0.0982289183035202,3
271,SRTsim,sim5,SRTsim_5_3,SpaceFlow,0.3144514317041495,0.3678539842235153,0.491297800836032,0.5714285714285714,0.3711080054505684,0.3646565320573794,0.3678539842235153,26.16009879112244,485.4044427871704,0.654292343387471,0.0571055737863331,-0.0415069662352118,3
272,SRTsim,sim5,SRTsim_5_3,SpaGCN,0.8325482125168157,0.8118664525759798,0.8764640536979773,0.9094934957099364,0.8146669049041401,0.8090851876396411,0.8118664525759797,42.67161226272583,692.277925491333,0.1143094381400498,0.031567132820581,-0.0957815679953449,3
273,SRTsim,sim5,SRTsim_5_3,SpatialMGCN,0.6155411281707847,0.7471764114436412,0.7258561807807438,0.8133907855485581,0.7258989245049499,0.7697389329449762,0.7471764114436412,49.05328583717346,476.4532775878906,0.0845210473980775,0.040834749363226,0.0322802192093906,3
274,SRTsim,sim5,SRTsim_5_3,STAGATE,0.7038942434350139,0.7567578740455458,0.794065897885878,0.809413324494531,0.7100197979636161,0.8100827372611329,0.7567578740455457,61.434072971344,476.07298851013184,0.059330460722572,0.0417896132991125,0.0149293183072474,3
275,SRTsim,sim5,SRTsim_5_3,stLearn,0.9655413083406876,0.9470088163553988,0.9746162093729632,0.9837587006960556,0.9476977436081396,0.9463208900040292,0.9470088163553988,1.7029516696929932,346.5595483779907,0.0510440835266821,0.0419516127318211,-0.097706885302756,3
276,SRTsim,sim5,SRTsim_5_4,BASS,0.9828082449316496,0.9623173920988508,0.9906714420427876,0.993941433860653,0.9650657668534368,0.9595846268780936,0.9623173920988508,7.28626975218455,859.0,0.0292830696735106,0.040590057227364,-0.087004525191052,3
277,SRTsim,sim5,SRTsim_5_4,BayesSpace,0.2968430134925607,0.541719241365179,0.5581384772828369,0.8185796028273309,0.6193291615022478,0.4813943318190342,0.5417192413651791,23.925961569945,5886.2,0.3157186132615281,0.045152601825753,-0.0064420465419983,3
278,SRTsim,sim5,SRTsim_5_4,CCST,0.4308850337612905,0.5719473987198782,0.6453776587337371,0.8673847189498486,0.6652360443573323,0.5016053269241544,0.5719473987198781,103.43901896476746,485.7918319702149,0.157186132615281,0.0426863691161198,-0.0439192291101366,3
279,SRTsim,sim5,SRTsim_5_4,DeepST,0.9575228887723358,0.919439449011116,0.9771693002692806,0.9855267586671156,0.9143004848552868,0.92463650835024,0.919439449011116,164.3462610244751,786.2279005050659,0.021541568495456,0.0397384768481786,-0.0964937408476234,3
280,SRTsim,sim5,SRTsim_5_4,GraphST,0.2778247149754935,0.441926521531753,0.5468142010333225,0.8047795355099293,0.5045047241851032,0.3931594609953276,0.441926521531753,17.113243579864502,582.4205322265625,0.1925277684281386,0.0427795205094631,-0.0099672615836982,3
281,SRTsim,sim5,SRTsim_5_4,PRECAST,0.7155511811104274,0.6858806851762322,0.8489743686933025,0.8185796028273309,0.6321391418517998,0.7496089694077682,0.6858806851762322,1.16210717360179,622.8,0.0558734432850892,0.0436827518580655,-0.0329008030347816,3
282,SRTsim,sim5,SRTsim_5_4,SEDR,0.5206206815304616,0.6623755901883959,0.7088291439465696,0.9010434197239988,0.7571115675735907,0.5887112363918149,0.6623755901883959,27.004592657089237,375.5664281845093,0.161225176708179,0.0443753216219934,-0.0566574764740011,3
283,SRTsim,sim5,SRTsim_5_4,SpaceFlow,0.391162246802613,0.4373808308238472,0.6206433523558784,0.7909794681925277,0.5031741111580322,0.3868037326535635,0.4373808308238472,12.70561146736145,478.0275592803955,0.4644900706832716,0.0540786995569165,-0.067119670161694,3
284,SRTsim,sim5,SRTsim_5_4,SpaGCN,0.4503806060140928,0.5803228097766115,0.6599641522414174,0.8438996900535362,0.6724145341883816,0.5104176550880569,0.5803228097766117,36.72405171394348,680.0376071929932,0.3632009016624401,0.0367379262167918,-0.0855076827894035,3
285,SRTsim,sim5,SRTsim_5_4,SpatialMGCN,0.9895517034401692,0.9570261126154258,0.9943533309862768,0.9902389767754964,0.9546113299349922,0.9594531431356792,0.957026112615426,54.86918520927429,469.2032852172852,0.0410636149444631,0.0417426038118818,-0.1017076069169594,3
286,SRTsim,sim5,SRTsim_5_4,STAGATE,0.7853650506998449,0.6928506625173749,0.8812992140461434,0.8832043083136991,0.6913016068404397,0.6944066759749988,0.6928506625173749,50.026079177856445,468.8278923034668,0.0753954897340962,0.0426825483536517,-0.0502701429527453,3
287,SRTsim,sim5,SRTsim_5_4,stLearn,0.5218766511453921,0.7451483945360882,0.7091422538821472,0.9286435543588016,0.8523952596169908,0.6618727365826389,0.7451483945360882,1.6980390548706057,341.28781032562256,0.3086502860989565,0.0481094976362347,-0.0549102377186108,3
288,SRTsim,sim5,SRTsim_5_5,BASS,0.9734248314776632,0.9586183112865868,0.9816023021267304,0.9910596026490066,0.9586709996092166,0.9585656287551132,0.9586183112865868,7.86698716878891,854.4,0.0304635761589403,0.0407417271706978,0.1337265323359915,3
289,SRTsim,sim5,SRTsim_5_5,BayesSpace,0.5901691722624346,0.7658485141517178,0.7083737531326098,0.8430463576158941,0.790000186455943,0.7431297521057311,0.765848514151718,24.2287509481112,5979.7,0.1814569536423841,0.044147899441232,0.0660510662861797,3
290,SRTsim,sim5,SRTsim_5_5,CCST,0.7831143894726191,0.7260534494564752,0.8487387139520456,0.9006622516556292,0.7304522300496601,0.721707330614929,0.7260534494564752,102.1404857635498,498.7312898635864,0.0559602649006622,0.0414031425105249,0.0921331990574089,3
291,SRTsim,sim5,SRTsim_5_5,DeepST,0.947499433085987,0.9235661626820284,0.9637179388608024,0.9821192052980132,0.9222732783473604,0.9248626769526072,0.9235661626820284,156.78394174575806,799.8933868408203,0.0248344370860927,0.04090869631525,0.1315280679779291,3
292,SRTsim,sim5,SRTsim_5_5,GraphST,0.5320852175936457,0.6090980979431243,0.6692958559670774,0.7897350993377483,0.6189240222470054,0.5995792871076585,0.6090980979431243,14.224106788635254,592.0116214752197,0.0980132450331125,0.0413034649651265,0.0475320539140653,3
293,SRTsim,sim5,SRTsim_5_5,PRECAST,0.6543172411286163,0.7928213250755146,0.7570793569211813,0.8430463576158941,0.8019162364102856,0.7839303996228545,0.7928213250755145,1.27491720914841,624.7,0.0980132450331125,0.0428994233987595,0.0647791010312059,3
294,SRTsim,sim5,SRTsim_5_5,SEDR,0.9041806859200164,0.8422580488080594,0.9337156197252904,0.945364238410596,0.8410501582809674,0.8434694137959675,0.8422580488080594,30.96579098701477,385.1349792480469,0.0586092715231788,0.0415458466243026,0.1008191189549533,3
295,SRTsim,sim5,SRTsim_5_5,SpaceFlow,0.6702925968181869,0.5678005781291399,0.7721810164222216,0.7764900662251656,0.5634404834930344,0.5722286788180946,0.5678005781291399,18.813936233520508,485.8862276077271,0.2023178807947019,0.0467569705789674,-0.0010634566288075,3
296,SRTsim,sim5,SRTsim_5_5,SpaGCN,0.5631038455743674,0.6986660833411489,0.6886111070703076,0.8351769911504425,0.7219191404880847,0.6768642469144567,0.6986660833411489,43.9312539100647,692.8520708084106,0.2428097345132743,0.033982163464302,0.0606152481114739,3
297,SRTsim,sim5,SRTsim_5_5,SpatialMGCN,0.8396197543923645,0.8047838126014806,0.8927567903114993,0.8251655629139073,0.7730916144005743,0.8391854691722193,0.8047838126014805,50.212300062179565,476.9253406524658,0.0774834437086092,0.0434491570126436,0.0209150472890258,3
298,SRTsim,sim5,SRTsim_5_5,STAGATE,0.6168311050503977,0.6401906317405757,0.7342835707685316,0.7933774834437086,0.6311400538148028,0.6495045575092725,0.6401906317405758,59.78148698806763,476.5455074310303,0.1165562913907284,0.0425702843904205,0.0499539388344194,3
299,SRTsim,sim5,SRTsim_5_5,stLearn,0.5934250400816313,0.7741360751010432,0.7108127326966523,0.8433774834437087,0.7981267433317772,0.7515455770991897,0.7741360751010431,1.7003865242004397,346.9038677215576,0.2403973509933774,0.0473376827350486,0.0684618674834439,3
300,SRTsim,sim5,SRTsim_5_6,BASS,0.7247463444211402,0.7259097790288571,0.8109984088372179,0.812644056634837,0.7400292112457941,0.7123190446166745,0.725909779028857,6.60309778054555,1108.5,0.0497201185380309,0.041588643078569,-0.0862476416092086,3
301,SRTsim,sim5,SRTsim_5_6,BayesSpace,0.6459825166589859,0.7805716648622808,0.7525824660874573,0.8742179782680276,0.8247186680509433,0.7409108738812181,0.7805716648622808,24.297282409668,6012.1,0.222917352650642,0.045020699288912,-0.0364406846286033,3
302,SRTsim,sim5,SRTsim_5_6,CCST,0.7041833078802183,0.6448128474196106,0.7989917538859557,0.8673032597958512,0.6477887584438176,0.6418641537501235,0.6448128474196106,103.06542444229126,503.2623052597046,0.0945011524530786,0.0421396490766595,-0.0520680209749172,3
303,SRTsim,sim5,SRTsim_5_6,DeepST,0.876991268378819,0.839827180902171,0.9169247443467224,0.9545604214685544,0.8410278399079888,0.8386299451527502,0.839827180902171,162.34191060066223,804.6364622116089,0.0421468554494567,0.0409363952488973,-0.0303262374185265,3
304,SRTsim,sim5,SRTsim_5_6,GraphST,0.6500610658754832,0.5831220158105124,0.7638373835572059,0.7859729996707276,0.5770083358065816,0.5893666379517027,0.5831220158105124,16.542116165161133,595.3391666412354,0.1033915047744484,0.0416146322895975,-0.0115165683327124,3
305,SRTsim,sim5,SRTsim_5_6,PRECAST,0.3598716313910564,0.5584361187986013,0.5919128577276149,0.7319723411261113,0.5175289025102986,0.6063652578941621,0.5584361187986013,1.23657350142797,617.2,0.121172209417188,0.045750044300684,-0.0198723612920321,3
306,SRTsim,sim5,SRTsim_5_6,SEDR,0.779197002521547,0.7160523141292088,0.8525359921571539,0.897925584458347,0.7091919362105387,0.7230467164545322,0.7160523141292089,26.4042489528656,388.4836664199829,0.0602568324003951,0.0415137273633306,-0.057624601760823,3
307,SRTsim,sim5,SRTsim_5_6,SpaceFlow,0.295427471266737,0.3913584434331414,0.5158752128109506,0.65294698715838,0.3968355333072511,0.3860304839206488,0.3913584434331414,20.47064447402954,488.6127471923828,0.3510042805400066,0.0515192460173888,-0.0173165807168501,3
308,SRTsim,sim5,SRTsim_5_6,SpaGCN,0.7981291030478126,0.694975434764315,0.8629626756291915,0.8481430536451169,0.7029143874958775,0.6872138096667586,0.6949754347643149,44.23006415367127,696.4863510131836,0.2310866574965612,0.0358999599930394,-0.0444969886166734,3
309,SRTsim,sim5,SRTsim_5_6,SpatialMGCN,0.9476115945911816,0.8884797628415191,0.964617578157649,0.9598287783997366,0.8893260040938722,0.8876351305457718,0.8884797628415192,51.48987865447998,479.6044330596924,0.1415870925255186,0.0472107371681126,-0.0530028527212046,3
310,SRTsim,sim5,SRTsim_5_6,STAGATE,0.6974347365457151,0.6294692531670181,0.7943246217128888,0.7978268027658874,0.6300255199520984,0.6289139678017718,0.6294692531670182,59.754793643951416,479.2230129241944,0.1287454725057622,0.0430851369411439,-0.0629934947521661,3
311,SRTsim,sim5,SRTsim_5_6,stLearn,0.6565879625634121,0.801534769735175,0.7602267015846738,0.8745472505762265,0.8471184828980404,0.7606063042347062,0.801534769735175,1.725877285003662,348.8509798049927,0.3039183404675666,0.048404052082548,-0.0356606807681667,3
312,SRTsim,sim5,SRTsim_5_7,BASS,0.9127036501974982,0.8877095234366185,0.9353081761169356,0.966722129783694,0.8876323791472074,0.8877866811364431,0.8877095234366186,6.06822499036789,1050.9,0.0332778702163061,0.0410182498024328,0.1214176026037894,3
313,SRTsim,sim5,SRTsim_5_7,BayesSpace,0.9506128820605706,0.9307886905405544,0.9633735502441544,0.9793677204658902,0.931540144895778,0.9300384475738028,0.9307886905405544,24.045631591479,5951.1,0.0901830282861896,0.045248774660677,0.1036257957716548,3
314,SRTsim,sim5,SRTsim_5_7,CCST,0.6643190468471633,0.6529686138679347,0.7544092380664738,0.8632279534109817,0.6446699065551064,0.6614837626009467,0.6529686138679347,100.92539358139038,494.7547903060913,0.1041597337770382,0.0426452922921068,0.0616365427228114,3
315,SRTsim,sim5,SRTsim_5_7,DeepST,0.9019877110130602,0.8786651823112032,0.9274230330036476,0.962396006655574,0.8778237776361102,0.8795082015269049,0.878665182311203,159.38122534751892,795.6951656341553,0.0292845257903494,0.0399772199050638,0.1249111850028964,3
316,SRTsim,sim5,SRTsim_5_7,GraphST,0.1989499484983823,0.2288340099266428,0.4296850625586188,0.4891846921797005,0.2168371399176045,0.2422361201267626,0.2288340099266428,14.6144278049469,589.0759525299072,0.2193011647254575,0.0427460410665834,-0.0374776153376997,3
317,SRTsim,sim5,SRTsim_5_7,PRECAST,0.7339488051013657,0.8246334811511296,0.8184299351502126,0.8262895174708819,0.7662422891467704,0.8926581435773165,0.8246334811511297,1.29397093852361,627.8,0.0928452579034941,0.0441180684428568,0.0174861301926001,3
318,SRTsim,sim5,SRTsim_5_7,SEDR,0.8272988589719713,0.8149407560505496,0.8731301099930812,0.9287853577371048,0.807379690658087,0.8226447781285985,0.8149407560505495,27.72973394393921,382.1937217712402,0.0915141430948419,0.0421927411675765,0.0858375772564598,3
319,SRTsim,sim5,SRTsim_5_7,SpaceFlow,0.2068783504181779,0.2829668162543261,0.4110077909380127,0.4522462562396007,0.2837349015013902,0.2822028782744208,0.2829668162543261,15.476016759872437,483.480842590332,0.63261231281198,0.0570330190516616,-0.0311238376252831,3
320,SRTsim,sim5,SRTsim_5_7,SpaGCN,0.6181274262162931,0.6822893915304679,0.7257759496557005,0.7810239287701725,0.6612137789840857,0.7047527714917411,0.6822893915304677,55.07174801826477,688.6444082260132,0.1908736783528102,0.03703696722116,0.00016724346181,3
321,SRTsim,sim5,SRTsim_5_7,SpatialMGCN,0.5666840324555732,0.628357423828182,0.6911305369057787,0.7723793677204659,0.6052201184660385,0.6533341062939594,0.6283574238281819,45.57722926139832,474.5613956451416,0.1381031613976705,0.0452212308839006,-0.0336972838165599,3
322,SRTsim,sim5,SRTsim_5_7,STAGATE,0.5110676292934517,0.5509538662849868,0.6445605568593015,0.7381031613976705,0.5410356673392077,0.5612424942834031,0.5509538662849868,58.80042338371277,474.18302726745605,0.1633943427620632,0.0439505258528273,-5.22294185176104e-05,3
323,SRTsim,sim5,SRTsim_5_7,stLearn,0.9701686557080929,0.9562664672034368,0.9778746096000346,0.9870216306156406,0.9572047188968312,0.95533005305677,0.9562664672034368,1.6676676273345947,345.183518409729,0.0858569051580698,0.0453246645313317,0.1075382901052576,3
324,SRTsim,sim5,SRTsim_5_8,BASS,0.916740040692868,0.9039931096416254,0.9449005762112308,0.972972972972973,0.909037807679833,0.8990040936192916,0.9039931096416254,9.30623156627019,993.6,0.033033033033033,0.0408228332541739,0.0197525103544117,3
325,SRTsim,sim5,SRTsim_5_8,BayesSpace,0.5963163960287647,0.7554350216511152,0.7228758991206421,0.9009009009009008,0.7993441137971237,0.7160987158508885,0.7554350216511151,24.1170114080111,7178.5,0.2155488822155488,0.0449171491403407,0.0379819621020056,3
326,SRTsim,sim5,SRTsim_5_8,CCST,0.6957692624620834,0.6238564826591108,0.7948333502286492,0.8288288288288288,0.6448762691960555,0.6041637243340163,0.6238564826591108,100.26951050758362,492.638970375061,0.1084417751084417,0.0424345501474135,-0.0113084350915728,3
327,SRTsim,sim5,SRTsim_5_8,DeepST,0.7744546857350852,0.7424054766092767,0.8505704499959466,0.8718718718718719,0.7340989929711151,0.750902090813802,0.7424054766092767,157.58609890937805,793.4853973388672,0.055055055055055,0.0413626902721505,0.0413659828810639,3
328,SRTsim,sim5,SRTsim_5_8,GraphST,0.5611801165252625,0.57696790071202,0.7023811358615512,0.8208208208208209,0.592287910684607,0.5624204373030338,0.57696790071202,16.005991220474243,587.5098924636841,0.1267934601267934,0.0412923465551601,0.0186806381732078,3
329,SRTsim,sim5,SRTsim_5_8,PRECAST,0.3215502798239119,0.571707051702134,0.5566458694155413,0.7540874207540874,0.568651278859549,0.5747958437167817,0.5717070517021341,1.16982689698537,624.5,0.1037704371037704,0.0430496475581855,0.0678048537252314,3
330,SRTsim,sim5,SRTsim_5_8,SEDR,0.7430409173755165,0.7175402185145043,0.8268403268049822,0.8665331998665332,0.7439895530112104,0.6929069068241797,0.7175402185145043,28.75403618812561,380.6298122406006,0.0947614280947614,0.0421435219856958,0.0194612145512721,3
331,SRTsim,sim5,SRTsim_5_8,SpaceFlow,0.3337322488526798,0.3987132943344048,0.5367083354904021,0.7157157157157157,0.422979133243586,0.3770806026918414,0.3987132943344047,23.82024049758911,482.19709968566895,0.4294294294294294,0.0544176725085625,-0.036416570875771,3
332,SRTsim,sim5,SRTsim_5_8,SpaGCN,0.8090400265748471,0.7259507680012068,0.8729435052305439,0.8778497044750915,0.7398986743610603,0.7125189987355545,0.7259507680012071,42.25940656661987,680.8033657073975,0.1981424148606811,0.0340273287093452,0.0077252077080123,3
333,SRTsim,sim5,SRTsim_5_8,SpatialMGCN,0.9578380152854348,0.9044238883548232,0.9722989669424722,0.9696363029696364,0.9032364757643392,0.9056144270472402,0.904423888354823,46.14202356338501,473.3013305664063,0.0960960960960961,0.0457670422327165,0.0106488663600619,3
334,SRTsim,sim5,SRTsim_5_8,STAGATE,0.7349212719738307,0.6613775506911305,0.824793303024914,0.8491825158491825,0.6544736671471262,0.6684286418695736,0.6613775506911305,50.34964323043823,472.9228286743164,0.1291291291291291,0.0433491308699642,0.0491237090332128,3
335,SRTsim,sim5,SRTsim_5_8,stLearn,0.5966768831684676,0.7648374144454289,0.7233634901416561,0.9012345679012346,0.8076496990731815,0.7263354734901153,0.7648374144454287,1.9612360000610352,344.2676839828491,0.2792792792792792,0.0488451405928924,0.0421431315608664,3
336,SRTsim,sim5,SRTsim_5_9,BASS,0.9286786324340074,0.9028885678298836,0.9471377911293518,0.9723502304147466,0.9019620137344072,0.9038170275162724,0.9028885678298836,4.88427237669627,1010.4,0.0414746543778801,0.0452554490892588,-0.0690113696632598,3
337,SRTsim,sim5,SRTsim_5_9,BayesSpace,0.9389702882781984,0.918496648112885,0.9547003882419792,0.9758950726692662,0.9189691771304944,0.9180246047893028,0.918496648112885,22.6406649708748,5600.1,0.0783410138248847,0.0472006315838846,-0.0687192129275378,3
338,SRTsim,sim5,SRTsim_5_9,CCST,0.7953400723223185,0.766632235988871,0.8481663004476729,0.9159872385678838,0.7666036400448741,0.7666608340663261,0.7666322359888709,98.895037651062,447.2566967010498,0.0400567174760723,0.0446210147476576,-0.0664103470043668,3
339,SRTsim,sim5,SRTsim_5_9,DeepST,0.889889035697346,0.8589718615055545,0.9184194464028366,0.95675292449486,0.8577075376806071,0.8602399182452085,0.8589718615055544,145.15384984016418,744.6306810379028,0.0347394540942928,0.0447735995412586,-0.0727774245122963,3
340,SRTsim,sim5,SRTsim_5_9,GraphST,0.5305127445072493,0.6442156672667975,0.6684820126027807,0.7486706841545552,0.6172892494140455,0.6735983101378608,0.6442156672667975,17.514574766159058,553.0601425170898,0.06487061325771,0.044790310225873,0.0503842646423218,3
341,SRTsim,sim5,SRTsim_5_9,PRECAST,0.5728081313397876,0.722333792928689,0.7008684120145395,0.7791563275434243,0.689433453014061,0.758531551800262,0.7223337929286889,1.21897003253301,650.7,0.0769230769230769,0.0463875410739922,0.0537423260453702,3
342,SRTsim,sim5,SRTsim_5_9,SEDR,0.8566699864312912,0.8274823213570943,0.893810263814914,0.9422190712513292,0.8262814833230877,0.8286866548360423,0.8274823213570942,26.86643648147583,346.95522594451904,0.032258064516129,0.0447136635878767,-0.0656884347472455,3
343,SRTsim,sim5,SRTsim_5_9,SpaceFlow,0.3009443638372728,0.4141166846990814,0.4846330359531097,0.5590216235377525,0.4112591472087162,0.41701420988937,0.4141166846990814,29.914210319519043,454.37103176116943,0.4271534916696207,0.0575531793040966,-0.0869397072889529,3
344,SRTsim,sim5,SRTsim_5_9,SpaGCN,0.7550072449033866,0.7636914254831033,0.8178909055061652,0.885902201887332,0.7641063548362588,0.7632769465199414,0.7636914254831033,44.09894037246704,670.0929517745972,0.1538461538461538,0.0341410071952223,-0.073920773023398,3
345,SRTsim,sim5,SRTsim_5_9,SpatialMGCN,0.6215310002519975,0.7116418047395736,0.7416974913790504,0.7635590216235377,0.66404310112271,0.766591168351638,0.7116418047395735,43.80568647384644,445.5648050308228,0.0613257710031903,0.0454266517025238,0.0141770051260999,3
346,SRTsim,sim5,SRTsim_5_9,STAGATE,0.5896936329007316,0.6462613626729847,0.7207729960081678,0.7405175469691598,0.5930443315787507,0.7099708323524581,0.6462613626729847,49.301331520080566,445.20233631134033,0.0705423608649415,0.0456571435847016,0.0145428678575287,3
347,SRTsim,sim5,SRTsim_5_9,stLearn,0.9397126407864514,0.9268306637851348,0.9552554607590954,0.9755405884438144,0.9272150346699898,0.9264466114450658,0.9268306637851348,1.5158979892730713,324.094783782959,0.0989010989010989,0.0490859294669787,-0.0700979644046389,3
348,SRTsim,sim5,SRTsim_5_10,BASS,0.8617823586818969,0.8466686195695572,0.9069249435845442,0.8724689165186501,0.7985405277834886,0.9009701517408176,0.8466686195695572,5.69183231194814,955.1,0.0373001776198934,0.0446996994938391,-0.0066721705836832,3
349,SRTsim,sim5,SRTsim_5_10,BayesSpace,0.6588771150851206,0.7888648525209335,0.7550667971987131,0.8760213143872113,0.8131345777554498,0.7660019019133348,0.7888648525209335,22.6320758183797,5588.7,0.144582593250444,0.0486449803153039,0.0241010748646737,3
350,SRTsim,sim5,SRTsim_5_10,CCST,0.7752171581863634,0.7266437433001736,0.8439740444003917,0.9119005328596804,0.7182926562739707,0.7351912990430712,0.7266437433001736,97.95740580558775,445.7423658370972,0.0721136767317939,0.0458690196109521,-0.0296103166258757,3
351,SRTsim,sim5,SRTsim_5_10,DeepST,0.9579977599190572,0.9337398329815358,0.9705390831798656,0.9840142095914742,0.9321867768870516,0.9352980726045744,0.933739832981536,146.1084179878235,742.9621534347534,0.0316163410301953,0.044356784446369,0.0126345773972264,3
352,SRTsim,sim5,SRTsim_5_10,GraphST,0.6031553153718865,0.6295999973918771,0.7209054217822256,0.8227353463587922,0.626912837701896,0.632310292391583,0.6295999973918771,17.633100271224976,551.8855924606323,0.103019538188277,0.0455586469544282,0.022798863158228,3
353,SRTsim,sim5,SRTsim_5_10,PRECAST,0.6765756390636245,0.8058038695714613,0.7684251462957079,0.8806394316163411,0.8262875822785555,0.7863111741290085,0.8058038695714613,1.14742552836736,657.1,0.0859680284191829,0.0465561064215632,0.0315453417720525,3
354,SRTsim,sim5,SRTsim_5_10,SEDR,0.8661200351281169,0.8240721861476588,0.907038836214486,0.9410301953818828,0.8140052390775594,0.834391250636022,0.8240721861476588,25.877612590789795,345.82965183258057,0.0653641207815275,0.0452787627348077,-0.0336979849273182,3
355,SRTsim,sim5,SRTsim_5_10,SpaceFlow,0.2774990935876413,0.3806437275819567,0.4994087255174794,0.5975133214920071,0.3753090814143017,0.3861322138370495,0.3806437275819566,25.12527871131897,453.010178565979,0.4209591474245115,0.0567516975024564,-0.0674004428416387,3
356,SRTsim,sim5,SRTsim_5_10,SpaGCN,0.5612547186161293,0.6216717145878665,0.6841374679171788,0.7702320316921336,0.6440448040242129,0.6008008511146541,0.6216717145878665,55.33408689498901,677.169192314148,0.2973967176004527,0.0376526342740621,-0.034988395940215,3
357,SRTsim,sim5,SRTsim_5_10,SpatialMGCN,0.6783194342745282,0.7221194751783546,0.7714329334436191,0.8575488454706928,0.7297369999387853,0.7146593419616984,0.7221194751783546,47.91498303413391,444.61944103240967,0.1051509769094138,0.0473582157237115,0.0247215045974711,3
358,SRTsim,sim5,SRTsim_5_10,STAGATE,0.6423581824379911,0.6430797013289867,0.7529707161935865,0.8206039076376554,0.6250372816558302,0.6621947129730177,0.6430797013289867,55.94071555137634,444.2572202682495,0.1040852575488454,0.0475972009281672,0.0015319959369086,3
359,SRTsim,sim5,SRTsim_5_10,stLearn,0.662888986960905,0.7935335866893306,0.7580489091180488,0.8770870337477797,0.8173949242897858,0.771025851927572,0.7935335866893307,1.6244912147521973,323.40898036956787,0.2291296625222025,0.0514157497636819,0.0241799512738123,3
360,SRTsim,sim5,SRTsim_5_1,BASS,0.774205787047328,0.7849025374191306,0.835954521321741,0.9176389842141386,0.7774377060828639,0.7925121107552952,0.7849025374191306,6.51247744957606,945.6,0.0360329444063143,0.0415428738810925,0.0241857445598547,4
361,SRTsim,sim5,SRTsim_5_1,BayesSpace,0.8486674251296307,0.8454639138017174,0.8885528246497727,0.943719972546328,0.8469046864781082,0.8440280349474898,0.8454639138017174,23.3590960264206,5777.5,0.1455044612216884,0.0452382383379812,0.0156804176749074,4
362,SRTsim,sim5,SRTsim_5_1,CCST,0.6894906913380497,0.6955783844686806,0.7720490399901795,0.8795470144131777,0.694694266182006,0.6964647560090651,0.6955783844686806,98.3054015636444,470.9400281906128,0.0710363761153054,0.0421345345871057,0.0190552341074343,4
363,SRTsim,sim5,SRTsim_5_1,DeepST,0.6912827158674335,0.7238997710742222,0.772209572046399,0.8743994509265615,0.7264655892001166,0.7213520136864224,0.7238997710742223,148.93436288833618,770.4056758880615,0.0466712422786547,0.0411847909368117,0.0190258603980788,4
364,SRTsim,sim5,SRTsim_5_1,GraphST,0.4798898587630535,0.5591353751887144,0.6192355210557907,0.7292381606039808,0.5568802586637471,0.5614088304082514,0.5591353751887144,16.168394088745117,571.2636213302612,0.1036376115305422,0.0413476863811203,0.0184647358723288,4
365,SRTsim,sim5,SRTsim_5_1,PRECAST,0.7453931405648355,0.7740790125477358,0.8147847151518276,0.9063143445435828,0.7673406087850038,0.780936811402856,0.7740790125477358,1.14398792584737,646.4,0.0411805078929306,0.0429845808208295,0.0225236262778306,4
366,SRTsim,sim5,SRTsim_5_1,SEDR,0.6834863519766595,0.7121872614848203,0.7709048111599992,0.87920384351407,0.7032814471014245,0.721321521470551,0.7121872614848203,29.82907223701477,364.76509189605713,0.01681537405628,0.0403510993404347,0.026138210296676,4
367,SRTsim,sim5,SRTsim_5_1,SpaceFlow,0.2743286795301349,0.3783309020510574,0.4729622021553722,0.5518188057652711,0.3728844783840215,0.3839387871148106,0.3783309020510574,15.81870436668396,468.8867492675781,0.3802333562113932,0.0528327696712639,-0.0219870574613402,4
368,SRTsim,sim5,SRTsim_5_1,SpaGCN,0.7179158159652339,0.7691737922654971,0.7914696276406659,0.8764805414551607,0.772123437183549,0.7662465978888031,0.769173792265497,39.31719732284546,679.464298248291,0.2019176536943034,0.0347597379667838,0.0097458626730153,4
369,SRTsim,sim5,SRTsim_5_1,SpatialMGCN,0.5245616431192253,0.6351363645432678,0.6798372433129681,0.7189430336307481,0.5841965723524271,0.6958082877635903,0.6351363645432677,47.30530047416687,460.22090911865234,0.0737817433081674,0.0419517081319423,-0.0527880319666844,4
370,SRTsim,sim5,SRTsim_5_1,STAGATE,0.7262884661830594,0.7244457966477373,0.7996170694619498,0.8967055593685656,0.7216335742774365,0.7272800233578899,0.7244457966477373,49.07598328590393,459.8501491546631,0.0748112560054907,0.041897923285748,0.0202613325158608,4
371,SRTsim,sim5,SRTsim_5_1,stLearn,0.9562849794864106,0.9481032166834916,0.9678349586413832,0.9842141386410432,0.9488894105246328,0.9473183245515928,0.9481032166834916,1.6290748119354248,334.75794410705566,0.1386410432395333,0.046714940056768,0.0168258942848245,4
372,SRTsim,sim5,SRTsim_5_2,BASS,0.9923839182875492,0.985982535556472,0.9943315794049304,0.9973118279569892,0.9859228264187496,0.9860422519268032,0.985982535556472,10.56108700037,939.8,0.0168010752688172,0.0399547800457826,0.1713841923376823,4
373,SRTsim,sim5,SRTsim_5_2,BayesSpace,0.9480330326017689,0.9337123100860536,0.9613125831537306,0.9815188172043012,0.9339041960259288,0.9335205029822096,0.9337123100860536,23.9380804419518,7130.4,0.0319220430107526,0.0423150001916675,0.1634238774730789,4
374,SRTsim,sim5,SRTsim_5_2,CCST,0.93505222677557,0.913573145147062,0.951657368691642,0.976478494623656,0.9135693474459456,0.9135769428797528,0.913573145147062,101.36638879776,487.1053743362427,0.0201612903225806,0.0410882887399613,0.1688938522300496,4
375,SRTsim,sim5,SRTsim_5_2,DeepST,0.9802328362386672,0.969089690262426,0.9852867076792028,0.9929435483870968,0.9691081693726306,0.9690712118569336,0.969089690262426,146.15662789344788,787.6379203796387,0.0141129032258064,0.0393351528297746,0.1724937839413275,4
376,SRTsim,sim5,SRTsim_5_2,GraphST,0.5902818467369633,0.6855616134232944,0.6954300253585359,0.7348790322580645,0.6846899708219052,0.6864354781377601,0.6855616134232945,16.822960376739502,583.3991651535034,0.0950940860215053,0.0404597754596896,0.0769403485395932,4
377,SRTsim,sim5,SRTsim_5_2,PRECAST,0.6831745302697957,0.7435354096413024,0.7641219371451093,0.852486559139785,0.7437273860311931,0.7433435323345547,0.7435354096413025,1.21320117314657,636.0,0.0305779569892473,0.040059670141019,0.1076312426158005,4
378,SRTsim,sim5,SRTsim_5_2,SEDR,0.9649434160934944,0.9500833371151616,0.973917395056485,0.9875672043010753,0.9497168362562102,0.9504501209526394,0.9500833371151614,29.39002895355225,376.58424949646,0.0094086021505376,0.0393288711309369,0.1714193050017443,4
379,SRTsim,sim5,SRTsim_5_2,SpaceFlow,0.9336404931222002,0.9233328756256374,0.9506039185774032,0.9761424731182796,0.9234103842139632,0.923255380047945,0.9233328756256374,13.985575437545776,478.8294439315796,0.0154569892473118,0.0398192067549157,0.1709143905299593,4
380,SRTsim,sim5,SRTsim_5_2,SpaGCN,0.8026322078476671,0.8301186335220645,0.8530999756463775,0.919536984754376,0.8292679735355357,0.830971040508326,0.8301186335220645,37.79888725280762,678.6998319625854,0.0824392998306041,0.0320139740355127,0.1326662720387787,4
381,SRTsim,sim5,SRTsim_5_2,SpatialMGCN,0.9374125760756198,0.916908869527681,0.9534040584619856,0.977486559139785,0.9171742919568004,0.9166436006760988,0.916908869527681,46.55435824394226,469.9922304153442,0.0157930107526881,0.0401933376293221,0.1707026044578418,4
382,SRTsim,sim5,SRTsim_5_2,STAGATE,0.96394663298305,0.9475407904018336,0.9731674164860132,0.9872311827956988,0.9474524620934934,0.9476291351809054,0.9475407904018338,57.56711745262146,469.6159267425537,0.0147849462365591,0.039618830203622,0.1717941863173096,4
383,SRTsim,sim5,SRTsim_5_2,stLearn,0.964253059714457,0.9549863262711312,0.9733929932193288,0.9872311827956988,0.9549924745379748,0.9549801780834524,0.9549863262711312,1.4785761833190918,341.86469078063965,0.0285618279569892,0.0414080564993431,0.1647231344682582,4
384,SRTsim,sim5,SRTsim_5_3,BASS,0.9850135816938992,0.9722869648671147,0.9889661966794042,0.9937023533311236,0.9722004241752426,0.9723735209672462,0.9722869648671147,9.59355496962865,935.8,0.0291680477295326,0.0404340319584863,-0.0995351841824829,4
385,SRTsim,sim5,SRTsim_5_3,BayesSpace,0.6985183265350167,0.7899571926714559,0.7873109478287011,0.8253231687106397,0.761339163375448,0.8208107016409582,0.7899571926714558,24.1535109321276,5974.0,0.1166721909181306,0.0416181773856871,0.0274379513695508,4
386,SRTsim,sim5,SRTsim_5_3,CCST,0.9004630301282295,0.8743093874547415,0.926624703854342,0.962877030162413,0.8754824999606428,0.8731394145921207,0.8743093874547415,101.16834950447084,497.9377279281616,0.0328140536957242,0.0406119877111715,-0.0970502930470465,4
387,SRTsim,sim5,SRTsim_5_3,DeepST,0.970882646528956,0.9537063518085982,0.9785647878427534,0.9890619821014252,0.9534117851024324,0.9540011005900484,0.9537063518085982,141.02143454551697,799.040075302124,0.0245276764998342,0.0403512649680898,-0.1009032874690259,4
388,SRTsim,sim5,SRTsim_5_3,GraphST,0.9275651873019998,0.9006104712843985,0.9466815750920016,0.9721577726218096,0.9000713745511696,0.901150214187409,0.9006104712843984,15.873181581497192,591.4244251251221,0.027179317202519,0.0402222627864464,-0.1026279479100339,4
389,SRTsim,sim5,SRTsim_5_3,PRECAST,0.930495189232256,0.9045374299503164,0.9488229994097396,0.9718263175339742,0.9045204765770244,0.9045543839591323,0.9045374299503164,1.19197982152303,624.1,0.025522041763341,0.040508597625596,-0.0991727055327877,4
390,SRTsim,sim5,SRTsim_5_3,SEDR,0.9376514331385276,0.914459617315899,0.9540609738564768,0.9754723235001658,0.9151218618803107,0.9137983305489856,0.914459617315899,25.923706531524655,384.54951095581055,0.0232018561484918,0.0403379223359723,-0.0982289183035202,4
391,SRTsim,sim5,SRTsim_5_3,SpaceFlow,0.5162967783843422,0.5924136383942396,0.6410670868490297,0.7272124627113026,0.5977966084476022,0.5871267470797077,0.5924136383942397,18.08602786064148,485.4045267105103,0.353994033808419,0.050333138971136,-0.0709888530260116,4
392,SRTsim,sim5,SRTsim_5_3,SpaGCN,0.8325482125168157,0.8118664525759798,0.8764640536979773,0.9094934957099364,0.8146669049041401,0.8090851876396411,0.8118664525759797,42.065160512924194,692.278039932251,0.1143094381400498,0.031567132820581,-0.0957815679953449,4
393,SRTsim,sim5,SRTsim_5_3,SpatialMGCN,0.6155411281707847,0.7471764114436412,0.7258561807807438,0.8133907855485581,0.7258989245049499,0.7697389329449762,0.7471764114436412,48.35639047622681,476.4526615142822,0.0845210473980775,0.040834749363226,0.0322802192093906,4
394,SRTsim,sim5,SRTsim_5_3,STAGATE,0.6925265177086893,0.750670498181217,0.7848894483392008,0.809413324494531,0.7091266217380704,0.7973849506528408,0.7506704981812169,51.176782846450806,476.0730724334717,0.0686112031819688,0.041776958735993,0.0129188280889204,4
395,SRTsim,sim5,SRTsim_5_3,stLearn,0.9642294466792622,0.9460383699937878,0.9736456536880072,0.9830957905203844,0.946966447474309,0.945112109862744,0.946038369993788,1.6329824924468994,346.5599527359009,0.0520384487901889,0.0420845396498072,-0.0966318059777033,4
396,SRTsim,sim5,SRTsim_5_4,BASS,0.9828082449316496,0.9623173920988508,0.9906714420427876,0.993941433860653,0.9650657668534368,0.9595846268780936,0.9623173920988508,7.4229741692543,940.3,0.0292830696735106,0.040590057227364,-0.087004525191052,4
397,SRTsim,sim5,SRTsim_5_4,BayesSpace,0.2968430134925607,0.541719241365179,0.5581384772828369,0.8185796028273309,0.6193291615022478,0.4813943318190342,0.5417192413651791,23.9545632958412,7118.9,0.3157186132615281,0.045152601825753,-0.0064420465419983,4
398,SRTsim,sim5,SRTsim_5_4,CCST,0.433011525466826,0.5666368891804616,0.6471282783747693,0.8687310669808146,0.657898439936309,0.4976100299453591,0.5666368891804616,100.49064588546752,485.7944593429565,0.1763715920565466,0.0427497496589574,-0.0450980325541117,4
399,SRTsim,sim5,SRTsim_5_4,DeepST,0.9570665159970618,0.9180336720304966,0.976907549987938,0.985190171659374,0.9140283136864732,0.922074288596018,0.9180336720304966,157.19178557395935,786.243166923523,0.0205318074722315,0.0397405649923045,-0.0951132453585805,4
400,SRTsim,sim5,SRTsim_5_4,GraphST,0.2778247149754935,0.441926521531753,0.5468142010333225,0.8047795355099293,0.5045047241851032,0.3931594609953276,0.441926521531753,16.455182552337646,582.4210081100464,0.1925277684281386,0.0427795205094631,-0.0099672615836982,4
401,SRTsim,sim5,SRTsim_5_4,PRECAST,0.7155511811104274,0.6858806851762322,0.8489743686933025,0.8185796028273309,0.6321391418517998,0.7496089694077682,0.6858806851762322,1.16158894697825,622.8,0.0558734432850892,0.0436827518580655,-0.0329008030347816,4
402,SRTsim,sim5,SRTsim_5_4,SEDR,0.5298745260528858,0.664440718565121,0.7152761648575596,0.9010434197239988,0.7576528407279618,0.5916513428944645,0.664440718565121,26.45937132835388,375.5667991638184,0.1258835408953214,0.0425896684034821,-0.0574638797761757,4
403,SRTsim,sim5,SRTsim_5_4,SpaceFlow,0.3323926248711757,0.3923921043758596,0.5786109471057511,0.7590037024570851,0.454762461531486,0.3450664758127693,0.3923921043758596,12.957592487335203,478.0275592803955,0.4742510939077751,0.0544779993795991,-0.0603436606795299,4
404,SRTsim,sim5,SRTsim_5_4,SpaGCN,0.4503806060140928,0.5803228097766115,0.6599641522414174,0.8438996900535362,0.6724145341883816,0.5104176550880569,0.5803228097766117,37.23391222953797,680.038064956665,0.3632009016624401,0.0367379262167918,-0.0855076827894035,4
405,SRTsim,sim5,SRTsim_5_4,SpatialMGCN,0.9895517034401692,0.9570261126154258,0.9943533309862768,0.9902389767754964,0.9546113299349922,0.9594531431356792,0.957026112615426,53.586305379867554,469.2046613693237,0.0410636149444631,0.0417426038118818,-0.1017076069169594,4
406,SRTsim,sim5,SRTsim_5_4,STAGATE,0.7456041746416814,0.6759245019059236,0.8571265190004237,0.8828677213059576,0.6929693280069177,0.6596980428617895,0.6759245019059236,59.626423597335815,468.828330039978,0.0935711881521373,0.0425728008487735,-0.0468469914162776,4
407,SRTsim,sim5,SRTsim_5_4,stLearn,0.5219544097954769,0.7451662961246519,0.7091971879648371,0.9286435543588016,0.8523952596169911,0.6619009849344314,0.7451662961246519,1.959427118301392,341.2883291244507,0.2965331538202625,0.0474974856933922,-0.0537125597637509,4
408,SRTsim,sim5,SRTsim_5_5,BASS,0.9734248314776632,0.9586183112865868,0.9816023021267304,0.9910596026490066,0.9586709996092166,0.9585656287551132,0.9586183112865868,7.02935563325882,935.6,0.0304635761589403,0.0407417271706978,0.1337265323359915,4
409,SRTsim,sim5,SRTsim_5_5,BayesSpace,0.5901691722624346,0.7658485141517178,0.7083737531326098,0.8430463576158941,0.790000186455943,0.7431297521057311,0.765848514151718,24.2771416306496,5979.7,0.1814569536423841,0.044147899441232,0.0660510662861797,4
410,SRTsim,sim5,SRTsim_5_5,CCST,0.789383618148241,0.7365172373734068,0.853156695560297,0.9059602649006624,0.7408148100450352,0.7322692387829406,0.7365172373734067,100.26358270645142,498.7319688796997,0.0546357615894039,0.0419322429219771,0.1002305130930331,4
411,SRTsim,sim5,SRTsim_5_5,DeepST,0.950398633460796,0.9273133084301868,0.9657387790217066,0.983112582781457,0.9256799925480792,0.9289523983079984,0.9273133084301868,150.06685638427734,799.8921585083008,0.0245033112582781,0.0407441977917576,0.1309744116597729,4
412,SRTsim,sim5,SRTsim_5_5,GraphST,0.5320852175936457,0.6090980979431243,0.6692958559670774,0.7897350993377483,0.6189240222470054,0.5995792871076585,0.6090980979431243,14.280894994735718,592.0117292404175,0.0980132450331125,0.0413034649651265,0.0475320539140653,4
413,SRTsim,sim5,SRTsim_5_5,PRECAST,0.6543172411286163,0.7928213250755146,0.7570793569211813,0.8430463576158941,0.8019162364102856,0.7839303996228545,0.7928213250755145,1.27398673295975,624.8,0.0980132450331125,0.0428994233987595,0.0647791010312059,4
414,SRTsim,sim5,SRTsim_5_5,SEDR,0.9041806859200164,0.8422580488080594,0.9337156197252904,0.945364238410596,0.8410501582809674,0.8434694137959675,0.8422580488080594,33.702778339385986,385.13480949401855,0.0586092715231788,0.0415458466243026,0.1008191189549533,4
415,SRTsim,sim5,SRTsim_5_5,SpaceFlow,0.2230391950771977,0.2351122805898678,0.4404009618462443,0.5576158940397351,0.244178253340767,0.2266954192772709,0.2351122805898678,15.218677043914797,485.8855104446411,0.6201986754966887,0.0623204169925336,-0.0415060942906678,4
416,SRTsim,sim5,SRTsim_5_5,SpaGCN,0.5631038455743674,0.6986660833411489,0.6886111070703076,0.8351769911504425,0.7219191404880847,0.6768642469144567,0.6986660833411489,43.45367884635925,692.8521242141724,0.2428097345132743,0.033982163464302,0.0606152481114739,4
417,SRTsim,sim5,SRTsim_5_5,SpatialMGCN,0.8396197543923645,0.8047838126014806,0.8927567903114993,0.8251655629139073,0.7730916144005743,0.8391854691722193,0.8047838126014805,48.274640798568726,476.925371170044,0.0774834437086092,0.0434491570126436,0.0209150472890258,4
418,SRTsim,sim5,SRTsim_5_5,STAGATE,0.6524989581778093,0.6523428039352505,0.761503279596994,0.7940397350993378,0.6323121897910189,0.6736840095424742,0.6523428039352503,50.44566965103149,476.5460033416748,0.1023178807947019,0.0425510099582101,0.06106115541097,4
419,SRTsim,sim5,SRTsim_5_5,stLearn,0.5933157606492132,0.7741113680338344,0.7107291461465366,0.8433774834437087,0.7981267433317768,0.7514990062481111,0.7741113680338344,1.891483783721924,346.9041242599488,0.245364238410596,0.04709476027414,0.0697010927137337,4
420,SRTsim,sim5,SRTsim_5_6,BASS,0.7247463444211402,0.7259097790288571,0.8109984088372179,0.812644056634837,0.7400292112457941,0.7123190446166745,0.725909779028857,6.42278176148733,934.0,0.0497201185380309,0.041588643078569,-0.0862476416092086,4
421,SRTsim,sim5,SRTsim_5_6,BayesSpace,0.6459825166589859,0.7805716648622808,0.7525824660874573,0.8742179782680276,0.8247186680509433,0.7409108738812181,0.7805716648622808,24.3471578200658,7270.7,0.222917352650642,0.045020699288912,-0.0364406846286033,4
422,SRTsim,sim5,SRTsim_5_6,CCST,0.7179585802152604,0.6718652216292389,0.8085619353545399,0.881461969048403,0.6744590879039569,0.6692912301433677,0.6718652216292391,102.7331030368805,503.26426696777344,0.0734277247283503,0.0415433600130668,-0.0462848544808468,4
423,SRTsim,sim5,SRTsim_5_6,DeepST,0.8840502922919268,0.8500115378941322,0.9217905263931628,0.95884096147514,0.8499204826597764,0.8501026126407701,0.8500115378941323,155.28422904014587,804.6371784210205,0.0480737569970365,0.0411155529982904,-0.0345841828438266,4
424,SRTsim,sim5,SRTsim_5_6,GraphST,0.6500610658754832,0.5831220158105124,0.7638373835572059,0.7859729996707276,0.5770083358065816,0.5893666379517027,0.5831220158105124,16.59428834915161,595.3395328521729,0.1033915047744484,0.0416146322895975,-0.0115165683327124,4
425,SRTsim,sim5,SRTsim_5_6,PRECAST,0.3598716313910564,0.5584361187986013,0.5919128577276149,0.7319723411261113,0.5175289025102986,0.6063652578941621,0.5584361187986013,1.24139286279678,617.3,0.121172209417188,0.045750044300684,-0.0198723612920321,4
426,SRTsim,sim5,SRTsim_5_6,SEDR,0.8395816886122135,0.769853532064863,0.8920929947155536,0.919986829107672,0.7662485788402703,0.7734925659198183,0.769853532064863,28.277297019958496,388.4830722808838,0.0747448139611458,0.0422654958778027,-0.0594768887977054,4
427,SRTsim,sim5,SRTsim_5_6,SpaceFlow,0.2690873653450195,0.415558398799962,0.4839476471914553,0.6582153440895621,0.4358310906716864,0.3970878495609256,0.415558398799962,19.846949577331543,488.6122169494629,0.3852486005926901,0.0512585142403982,-0.0247185745949734,4
428,SRTsim,sim5,SRTsim_5_6,SpaGCN,0.7981291030478126,0.694975434764315,0.8629626756291915,0.8481430536451169,0.7029143874958775,0.6872138096667586,0.6949754347643149,43.00885272026062,696.4859619140625,0.2310866574965612,0.0358999599930394,-0.0444969886166734,4
429,SRTsim,sim5,SRTsim_5_6,SpatialMGCN,0.9476115945911816,0.8884797628415191,0.964617578157649,0.9598287783997366,0.8893260040938722,0.8876351305457718,0.8884797628415192,46.41580057144165,479.604097366333,0.1415870925255186,0.0472107371681126,-0.0530028527212046,4
430,SRTsim,sim5,SRTsim_5_6,STAGATE,0.699072967059703,0.6252762968010454,0.7987246719865194,0.8011195258478762,0.6078089970859731,0.6437772573965701,0.6252762968010454,59.28245806694031,479.2231044769287,0.096147513994073,0.0426799403376353,-0.0803780462553726,4
431,SRTsim,sim5,SRTsim_5_6,stLearn,0.6552451917472832,0.7993875861100357,0.7592524769463299,0.8745472505762265,0.8449613760569498,0.7584783403819546,0.7993875861100356,1.875338554382324,348.85188007354736,0.3151135989463286,0.0483006544745893,-0.0351960979176148,4
432,SRTsim,sim5,SRTsim_5_7,BASS,0.9127036501974982,0.8877095234366185,0.9353081761169356,0.966722129783694,0.8876323791472074,0.8877866811364431,0.8877095234366186,5.54762409528097,883.5,0.0332778702163061,0.0410182498024328,0.1214176026037894,4
433,SRTsim,sim5,SRTsim_5_7,BayesSpace,0.9506128820605706,0.9307886905405544,0.9633735502441544,0.9793677204658902,0.931540144895778,0.9300384475738028,0.9307886905405544,24.0407158493996,5951.1,0.0901830282861896,0.045248774660677,0.1036257957716548,4
434,SRTsim,sim5,SRTsim_5_7,CCST,0.6697922812325351,0.6671381743433552,0.7585561059227464,0.8668885191347754,0.6583555090296545,0.6761583348379543,0.6671381743433552,102.43886923789978,494.7496452331543,0.1048252911813644,0.0438703844127155,0.0618981661343932,4
435,SRTsim,sim5,SRTsim_5_7,DeepST,0.9069177197004956,0.8797410121548301,0.931053345258196,0.9643926788685524,0.8791326001991215,0.8803502668081282,0.8797410121548302,155.7770493030548,795.6963081359863,0.0316139767054908,0.0400252640543665,0.1210915466183741,4
436,SRTsim,sim5,SRTsim_5_7,GraphST,0.1989499484983823,0.2288340099266428,0.4296850625586188,0.4891846921797005,0.2168371399176045,0.2422361201267626,0.2288340099266428,14.738876581192017,589.0757894515991,0.2193011647254575,0.0427460410665834,-0.0374776153376997,4
437,SRTsim,sim5,SRTsim_5_7,PRECAST,0.7339488051013657,0.8246334811511296,0.8184299351502126,0.8262895174708819,0.7662422891467704,0.8926581435773165,0.8246334811511297,1.30347348848979,627.9,0.0928452579034941,0.0441180684428568,0.0174861301926001,4
438,SRTsim,sim5,SRTsim_5_7,SEDR,0.809618493355441,0.795181705824498,0.8601791252442087,0.9227953410981696,0.7876334169600965,0.8028760727584034,0.795181705824498,32.21066641807556,382.3878355026245,0.0861896838602329,0.0426057724815533,0.0863435834838594,4
439,SRTsim,sim5,SRTsim_5_7,SpaceFlow,0.3086253048584766,0.3722539778515127,0.4945607721751812,0.5261231281198003,0.3677019917691858,0.376920079737057,0.3722539778515126,27.997892379760746,483.4804458618164,0.5311148086522463,0.0539425300181172,0.0117544525620947,4
440,SRTsim,sim5,SRTsim_5_7,SpaGCN,0.6181274262162931,0.6822893915304679,0.7257759496557005,0.7810239287701725,0.6612137789840857,0.7047527714917411,0.6822893915304677,51.71966314315796,688.6453924179077,0.1908736783528102,0.03703696722116,0.00016724346181,4
441,SRTsim,sim5,SRTsim_5_7,SpatialMGCN,0.5666840324555732,0.628357423828182,0.6911305369057787,0.7723793677204659,0.6052201184660385,0.6533341062939594,0.6283574238281819,46.16981220245361,474.562141418457,0.1381031613976705,0.0452212308839006,-0.0336972838165599,4
442,SRTsim,sim5,SRTsim_5_7,STAGATE,0.5465632800268009,0.5797569227394498,0.6853935803951756,0.7377703826955075,0.5333766437054234,0.6349714783279866,0.5797569227394498,49.9013729095459,474.1830806732178,0.1041597337770382,0.0426998331378075,-0.0189652955758298,4
443,SRTsim,sim5,SRTsim_5_7,stLearn,0.9686987905651248,0.9550142143440048,0.97678148731196,0.9863560732113144,0.9561563579856216,0.9538747960635912,0.9550142143440048,1.7444305419921875,345.1839189529419,0.0855241264559068,0.0453712166835963,0.1069686455672322,4
444,SRTsim,sim5,SRTsim_5_8,BASS,0.916740040692868,0.9039931096416254,0.9449005762112308,0.972972972972973,0.909037807679833,0.8990040936192916,0.9039931096416254,9.5276167233785,884.2,0.033033033033033,0.0408228332541739,0.0197525103544117,4
445,SRTsim,sim5,SRTsim_5_8,BayesSpace,0.5963163960287647,0.7554350216511152,0.7228758991206421,0.9009009009009008,0.7993441137971237,0.7160987158508885,0.7554350216511151,24.0778380552928,5935.8,0.2155488822155488,0.0449171491403407,0.0379819621020056,4
446,SRTsim,sim5,SRTsim_5_8,CCST,0.6936923551310662,0.5972056521783712,0.793208600384934,0.8244911578244911,0.6186077070811529,0.5772349752990802,0.5972056521783712,100.96076488494872,492.6344842910767,0.1104437771104437,0.0419726072269051,0.0053027817558688,4
447,SRTsim,sim5,SRTsim_5_8,DeepST,0.9126071304501034,0.8633716661443644,0.942302555937054,0.9666332999666332,0.8662735815164592,0.8604891280162371,0.8633716661443644,167.1940417289734,793.4874649047852,0.037037037037037,0.0407129975478454,0.0171103664145488,4
448,SRTsim,sim5,SRTsim_5_8,GraphST,0.5611801165252625,0.57696790071202,0.7023811358615512,0.8208208208208209,0.592287910684607,0.5624204373030338,0.57696790071202,18.089181661605835,587.5097541809082,0.1267934601267934,0.0412923465551601,0.0186806381732078,4
449,SRTsim,sim5,SRTsim_5_8,PRECAST,0.3215502798239119,0.571707051702134,0.5566458694155413,0.7540874207540874,0.568651278859549,0.5747958437167817,0.5717070517021341,1.16365535259247,624.6,0.1037704371037704,0.0430496475581855,0.0678048537252314,4
450,SRTsim,sim5,SRTsim_5_8,SEDR,0.7545803575590834,0.7282943087398411,0.8348450114951803,0.8728728728728729,0.7537519347452601,0.704500139535972,0.7282943087398411,31.02982974052429,380.67633152008057,0.0904237570904237,0.0423741823159871,0.0211864782911018,4
451,SRTsim,sim5,SRTsim_5_8,SpaceFlow,0.3112160523716535,0.3879404044586018,0.5245958331485133,0.6976976976976977,0.4073438431355816,0.3703014453625683,0.3879404044586018,13.917017936706545,482.1974430084229,0.4070737404070737,0.0534261152756915,-0.0374680899862445,4
452,SRTsim,sim5,SRTsim_5_8,SpaGCN,0.8090400265748471,0.7259507680012068,0.8729435052305439,0.8778497044750915,0.7398986743610603,0.7125189987355545,0.7259507680012071,42.93967008590698,680.8027324676514,0.1981424148606811,0.0340273287093452,0.0077252077080123,4
453,SRTsim,sim5,SRTsim_5_8,SpatialMGCN,0.9578380152854348,0.9044238883548232,0.9722989669424722,0.9696363029696364,0.9032364757643392,0.9056144270472402,0.904423888354823,51.30526161193848,473.3006858825684,0.0960960960960961,0.0457670422327165,0.0106488663600619,4
454,SRTsim,sim5,SRTsim_5_8,STAGATE,0.6845247259338414,0.6421161296493908,0.7909840076341805,0.8395061728395061,0.6339135604826293,0.6505337570199216,0.6421161296493908,58.32015371322632,472.9231634140015,0.1177844511177844,0.0427786216958983,0.0079997086673299,4
455,SRTsim,sim5,SRTsim_5_8,stLearn,0.5969707155990562,0.7625186017206491,0.7235158011078102,0.9012345679012346,0.805577568288413,0.7238291727010138,0.7625186017206492,1.6300625801086426,344.26715755462646,0.2799466132799466,0.0486203867355457,0.0411636813805566,4
456,SRTsim,sim5,SRTsim_5_9,BASS,0.9286786324340074,0.9028885678298836,0.9471377911293518,0.9723502304147466,0.9019620137344072,0.9038170275162724,0.9028885678298836,4.690724893411,901.1,0.0414746543778801,0.0452554490892588,-0.0690113696632598,4
457,SRTsim,sim5,SRTsim_5_9,BayesSpace,0.9389702882781984,0.918496648112885,0.9547003882419792,0.9758950726692662,0.9189691771304944,0.9180246047893028,0.918496648112885,22.6854587435722,5600.1,0.0783410138248847,0.0472006315838846,-0.0687192129275378,4
458,SRTsim,sim5,SRTsim_5_9,CCST,0.8230664925909844,0.7908835902446832,0.8687474116857354,0.9283941864587026,0.7907628705155556,0.7910043468381572,0.7908835902446832,99.84403419494627,447.2608013153076,0.0411201701524282,0.044848565343353,-0.0681491085360855,4
459,SRTsim,sim5,SRTsim_5_9,DeepST,0.9117031927673876,0.8807759901678858,0.9344558766188296,0.9656150301311592,0.8813102484858832,0.8802423792019965,0.8807759901678857,136.847838640213,744.6278734207153,0.0386387805742644,0.0446762111279957,-0.0661792037969344,4
460,SRTsim,sim5,SRTsim_5_9,GraphST,0.5305127445072493,0.6442156672667975,0.6684820126027807,0.7486706841545552,0.6172892494140455,0.6735983101378608,0.6442156672667975,16.51850938796997,553.0599451065063,0.06487061325771,0.044790310225873,0.0503842646423218,4
461,SRTsim,sim5,SRTsim_5_9,PRECAST,0.5728081313397876,0.722333792928689,0.7008684120145395,0.7791563275434243,0.689433453014061,0.758531551800262,0.7223337929286889,1.21521505514781,650.6,0.0769230769230769,0.0463875410739922,0.0537423260453702,4
462,SRTsim,sim5,SRTsim_5_9,SEDR,0.8376362771376108,0.8087935100397166,0.8796213369395172,0.934065934065934,0.8082120893120509,0.809375767907614,0.8087935100397167,25.98939657211304,346.95582008361816,0.0248138957816377,0.0445051612291972,-0.0679914723042725,4
463,SRTsim,sim5,SRTsim_5_9,SpaceFlow,0.1752477850348367,0.2048483258368756,0.390602906175668,0.4877702942219071,0.2039593140978132,0.2057451214996631,0.2048483258368756,34.586410999298096,454.3736534118652,0.6912442396313364,0.0665147126025263,-0.088304065904195,4
464,SRTsim,sim5,SRTsim_5_9,SpaGCN,0.7550072449033866,0.7636914254831033,0.8178909055061652,0.885902201887332,0.7641063548362588,0.7632769465199414,0.7636914254831033,42.148295879364014,670.0928249359131,0.1538461538461538,0.0341410071952223,-0.073920773023398,4
465,SRTsim,sim5,SRTsim_5_9,SpatialMGCN,0.6215310002519975,0.7116418047395736,0.7416974913790504,0.7635590216235377,0.66404310112271,0.766591168351638,0.7116418047395735,45.53590631484985,445.5649080276489,0.0613257710031903,0.0454266517025238,0.0141770051260999,4
466,SRTsim,sim5,SRTsim_5_9,STAGATE,0.8140119571763094,0.7825420805660934,0.8621918583355633,0.924140375753279,0.7814665255668601,0.7836206002807065,0.7825420805660933,56.39914321899414,445.2022829055786,0.0464374335342077,0.0451126384251553,-0.0682894151172884,4
467,SRTsim,sim5,SRTsim_5_9,stLearn,0.942324702721554,0.9297229340245484,0.9572002742010712,0.9766040411201702,0.9299501598958392,0.9294958191677748,0.9297229340245484,1.575822114944458,324.0943412780762,0.097128677773839,0.0487713506050447,-0.070925945553958,4
468,SRTsim,sim5,SRTsim_5_10,BASS,0.8617823586818969,0.8466686195695572,0.9069249435845442,0.8724689165186501,0.7985405277834886,0.9009701517408176,0.8466686195695572,5.78624442418416,901.7,0.0373001776198934,0.0446996994938391,-0.0066721705836832,4
469,SRTsim,sim5,SRTsim_5_10,BayesSpace,0.6588771150851206,0.7888648525209335,0.7550667971987131,0.8760213143872113,0.8131345777554498,0.7660019019133348,0.7888648525209335,22.6629158337911,5588.7,0.144582593250444,0.0486449803153039,0.0241010748646737,4
470,SRTsim,sim5,SRTsim_5_10,CCST,0.7637782715277402,0.7188568048498302,0.836563132744388,0.9072824156305508,0.7089422544311856,0.7290525982276295,0.7188568048498301,98.49020576477052,445.7450981140137,0.0763765541740675,0.0462954382632451,-0.0296775780466537,4
471,SRTsim,sim5,SRTsim_5_10,DeepST,0.95619687614887,0.9301033397134808,0.9692704838245828,0.983303730017762,0.9286868903114928,0.9315241165022156,0.9301033397134808,142.3322515487671,742.9605512619019,0.0319715808170515,0.0443517780085213,0.0123472114647263,4
472,SRTsim,sim5,SRTsim_5_10,GraphST,0.6031553153718865,0.6295999973918771,0.7209054217822256,0.8227353463587922,0.626912837701896,0.632310292391583,0.6295999973918771,16.96491289138794,551.8855924606323,0.103019538188277,0.0455586469544282,0.022798863158228,4
473,SRTsim,sim5,SRTsim_5_10,PRECAST,0.6765756390636245,0.8058038695714613,0.7684251462957079,0.8806394316163411,0.8262875822785555,0.7863111741290085,0.8058038695714613,1.15585969686508,657.1,0.0859680284191829,0.0465561064215632,0.0315453417720525,4
474,SRTsim,sim5,SRTsim_5_10,SEDR,0.8863238353520254,0.8454901034783842,0.9211170041306022,0.9495559502664298,0.8356593803235958,0.8555548778904332,0.8454901034783842,26.980629444122314,345.83056259155273,0.0689165186500888,0.0455387214168202,-0.0291036005894939,4
475,SRTsim,sim5,SRTsim_5_10,SpaceFlow,0.1405289739933342,0.2011204121747561,0.4020655884756267,0.5154529307282416,0.1983826681901348,0.2039347770291063,0.2011204121747561,15.982592821121216,453.0105104446411,0.6106571936056838,0.0638211912772409,-0.0560471494679142,4
476,SRTsim,sim5,SRTsim_5_10,SpaGCN,0.5612547186161293,0.6216717145878665,0.6841374679171788,0.7702320316921336,0.6440448040242129,0.6008008511146541,0.6216717145878665,48.89040780067444,677.1692457199097,0.2973967176004527,0.0376526342740621,-0.034988395940215,4
477,SRTsim,sim5,SRTsim_5_10,SpatialMGCN,0.6783194342745282,0.7221194751783546,0.7714329334436191,0.8575488454706928,0.7297369999387853,0.7146593419616984,0.7221194751783546,46.09683060646057,444.6194677352905,0.1051509769094138,0.0473582157237115,0.0247215045974711,4
478,SRTsim,sim5,SRTsim_5_10,STAGATE,0.7799952484816284,0.7461961670742265,0.8488551522879634,0.9154529307282416,0.7327580735493112,0.7601363524709075,0.7461961670742265,55.937872648239136,444.2572202682495,0.0703374777975133,0.0457569584672845,-0.0238465997231432,4
479,SRTsim,sim5,SRTsim_5_10,stLearn,0.6618747220387737,0.7994135159574113,0.7572390193445422,0.8795737122557726,0.8241303774837363,0.7761360730110983,0.7994135159574112,1.5868797302246094,323.4112253189087,0.2355239786856127,0.0507724371205389,0.0254302749309354,4
480,SRTsim,sim5,SRTsim_5_1,BASS,0.774205787047328,0.7849025374191306,0.835954521321741,0.9176389842141386,0.7774377060828639,0.7925121107552952,0.7849025374191306,6.52852646112442,892.2,0.0360329444063143,0.0415428738810925,0.0241857445598547,5
481,SRTsim,sim5,SRTsim_5_1,BayesSpace,0.8486674251296307,0.8454639138017174,0.8885528246497727,0.943719972546328,0.8469046864781082,0.8440280349474898,0.8454639138017174,23.4631221413612,5777.5,0.1455044612216884,0.0452382383379812,0.0156804176749074,5
482,SRTsim,sim5,SRTsim_5_1,CCST,0.7182810616171865,0.7126241456066447,0.7935745067964768,0.8929306794783802,0.7103972372935654,0.7148650593656795,0.7126241456066449,99.41427040100098,470.94480991363525,0.0727522306108442,0.0418498568498155,0.0195143397449751,5
483,SRTsim,sim5,SRTsim_5_1,DeepST,0.7986240730527209,0.7886387073022483,0.8525243673785634,0.9251887439945092,0.7858192536676077,0.7914784657155044,0.7886387073022482,140.1818392276764,770.406530380249,0.0480439258750857,0.0414676391117407,0.0203485470191486,5
484,SRTsim,sim5,SRTsim_5_1,GraphST,0.4798898587630535,0.5591353751887144,0.6192355210557907,0.7292381606039808,0.5568802586637471,0.5614088304082514,0.5591353751887144,16.414287090301514,571.2635154724121,0.1036376115305422,0.0413476863811203,0.0184647358723288,5
485,SRTsim,sim5,SRTsim_5_1,PRECAST,0.7453931405648355,0.7740790125477358,0.8147847151518276,0.9063143445435828,0.7673406087850038,0.780936811402856,0.7740790125477358,1.14715298811595,646.4,0.0411805078929306,0.0429845808208295,0.0225236262778306,5
486,SRTsim,sim5,SRTsim_5_1,SEDR,0.6858799136487085,0.720861711275762,0.7722507737654201,0.8802333562113933,0.712637382376772,0.7292780854115765,0.7208617112757619,26.520708560943604,364.5665683746338,0.0257378174330816,0.0403067936534347,0.0246033810579252,5
487,SRTsim,sim5,SRTsim_5_1,SpaceFlow,0.4443138339704461,0.5333248144618368,0.5923636987968528,0.7131091283459162,0.5323893132208112,0.5342636091690197,0.5333248144618368,18.297033548355103,468.8867492675781,0.2563486616334934,0.0485882012390828,0.0105038320505261,5
488,SRTsim,sim5,SRTsim_5_1,SpaGCN,0.7179158159652339,0.7691737922654971,0.7914696276406659,0.8764805414551607,0.772123437183549,0.7662465978888031,0.769173792265497,39.79555010795593,679.4642448425293,0.2019176536943034,0.0347597379667838,0.0097458626730153,5
489,SRTsim,sim5,SRTsim_5_1,SpatialMGCN,0.5245616431192253,0.6351363645432678,0.6798372433129681,0.7189430336307481,0.5841965723524271,0.6958082877635903,0.6351363645432677,47.84666180610657,460.22070693969727,0.0737817433081674,0.0419517081319423,-0.0527880319666844,5
490,SRTsim,sim5,SRTsim_5_1,STAGATE,0.4965070973480205,0.6096387971075217,0.664297146735717,0.7179135209334249,0.5585818808524404,0.6709683457622583,0.6096387971075217,58.329750299453735,459.8501491546631,0.0957446808510638,0.0420902474026744,0.0231045009654708,5
491,SRTsim,sim5,SRTsim_5_1,stLearn,0.9553750865950672,0.9469654421900784,0.9671695114374372,0.9838709677419356,0.9476094896841132,0.9463222695615906,0.9469654421900784,1.5905179977416992,334.75794410705566,0.138984214138641,0.046733246178422,0.0168830387791682,5
492,SRTsim,sim5,SRTsim_5_2,BASS,0.9923839182875492,0.985982535556472,0.9943315794049304,0.9973118279569892,0.9859228264187496,0.9860422519268032,0.985982535556472,11.0172920306524,1026.6,0.0168010752688172,0.0399547800457826,0.1713841923376823,5
493,SRTsim,sim5,SRTsim_5_2,BayesSpace,0.9480330326017689,0.9337123100860536,0.9613125831537306,0.9815188172043012,0.9339041960259288,0.9335205029822096,0.9337123100860536,23.8716306765874,5895.7,0.0319220430107526,0.0423150001916675,0.1634238774730789,5
494,SRTsim,sim5,SRTsim_5_2,CCST,0.9260251364782172,0.903107030300079,0.944945806865112,0.9731182795698924,0.902985639643234,0.903228453599022,0.9031070303000788,100.1819818019867,487.1081981658936,0.0245295698924731,0.0401760899293691,0.167769856853761,5
495,SRTsim,sim5,SRTsim_5_2,DeepST,0.972527902483308,0.9604557454843556,0.9795495077488762,0.990255376344086,0.9605708330534805,0.9603406854895884,0.9604557454843556,146.19296646118164,787.637864112854,0.0120967741935483,0.0393082778372009,0.172571812508208,5
496,SRTsim,sim5,SRTsim_5_2,GraphST,0.5902818467369633,0.6855616134232944,0.6954300253585359,0.7348790322580645,0.6846899708219052,0.6864354781377601,0.6855616134232945,14.76945185661316,583.3993301391602,0.0950940860215053,0.0404597754596896,0.0769403485395932,5
497,SRTsim,sim5,SRTsim_5_2,PRECAST,0.6831745302697957,0.7435354096413024,0.7641219371451093,0.852486559139785,0.7437273860311931,0.7433435323345547,0.7435354096413025,1.21546235481898,636.0,0.0305779569892473,0.040059670141019,0.1076312426158005,5
498,SRTsim,sim5,SRTsim_5_2,SEDR,0.9696918236173264,0.9554613584250852,0.9774481782826396,0.989247311827957,0.9551738324260391,0.9557490575781488,0.9554613584250852,30.210445880889893,376.5399751663208,0.0124327956989247,0.0393293283352085,0.172146995919783,5
499,SRTsim,sim5,SRTsim_5_2,SpaceFlow,0.9270973346492388,0.9162438689773048,0.9457393274173236,0.9737903225806452,0.9162116786919005,0.9162760615247428,0.9162438689773048,16.191965579986572,478.828688621521,0.0171370967741935,0.0399204148686359,0.1705923998437673,5
500,SRTsim,sim5,SRTsim_5_2,SpaGCN,0.8026322078476671,0.8301186335220645,0.8530999756463775,0.919536984754376,0.8292679735355357,0.830971040508326,0.8301186335220645,36.314637184143066,678.6997785568237,0.0824392998306041,0.0320139740355127,0.1326662720387787,5
501,SRTsim,sim5,SRTsim_5_2,SpatialMGCN,0.9374125760756198,0.916908869527681,0.9534040584619856,0.977486559139785,0.9171742919568004,0.9166436006760988,0.916908869527681,45.7871880531311,469.991457939148,0.0157930107526881,0.0401933376293221,0.1707026044578418,5
502,SRTsim,sim5,SRTsim_5_2,STAGATE,0.9620207463491292,0.9453824956929536,0.9717346626247632,0.9865591397849462,0.945276038138812,0.945488977228423,0.9453824956929536,51.45924615859985,469.61536502838135,0.0147849462365591,0.0396265228969777,0.1717940129770777,5
503,SRTsim,sim5,SRTsim_5_2,stLearn,0.9624870605966254,0.954195828108024,0.972077026077334,0.9865591397849462,0.9542535279616756,0.9541381352317042,0.954195828108024,1.5641536712646484,341.85994243621826,0.0292338709677419,0.041498123884193,0.1647551243313651,5
504,SRTsim,sim5,SRTsim_5_3,BASS,0.9850135816938992,0.9722869648671147,0.9889661966794042,0.9937023533311236,0.9722004241752426,0.9723735209672462,0.9722869648671147,9.79238476355871,965.5,0.0291680477295326,0.0404340319584863,-0.0995351841824829,5
505,SRTsim,sim5,SRTsim_5_3,BayesSpace,0.6985183265350167,0.7899571926714559,0.7873109478287011,0.8253231687106397,0.761339163375448,0.8208107016409582,0.7899571926714558,24.1620602170626,5974.0,0.1166721909181306,0.0416181773856871,0.0274379513695508,5
506,SRTsim,sim5,SRTsim_5_3,CCST,0.8899483427284618,0.859585115379673,0.9188923260903316,0.957905203844879,0.8604326632396508,0.8587392355886132,0.859585115379673,101.95829248428343,497.9396963119507,0.0301624129930394,0.0407235520137003,-0.0989678050064041,5
507,SRTsim,sim5,SRTsim_5_3,DeepST,0.9675635367567916,0.948365552957824,0.9761157357485069,0.9877361617500828,0.9483405713587336,0.9483905358731012,0.948365552957824,150.40627551078796,799.0408763885498,0.0235333112363274,0.0403200967503005,-0.0999794254824205,5
508,SRTsim,sim5,SRTsim_5_3,GraphST,0.9275651873019998,0.9006104712843985,0.9466815750920016,0.9721577726218096,0.9000713745511696,0.901150214187409,0.9006104712843984,14.99160933494568,591.4244174957275,0.027179317202519,0.0402222627864464,-0.1026279479100339,5
509,SRTsim,sim5,SRTsim_5_3,PRECAST,0.930495189232256,0.9045374299503164,0.9488229994097396,0.9718263175339742,0.9045204765770244,0.9045543839591323,0.9045374299503164,1.19074733257294,624.2,0.025522041763341,0.040508597625596,-0.0991727055327877,5
510,SRTsim,sim5,SRTsim_5_3,SEDR,0.9594396564436728,0.9387269739906984,0.970134174559993,0.9840901557838913,0.9387214008695002,0.9387325471780716,0.9387269739906984,30.918543338775635,384.5466527938843,0.025522041763341,0.0404477672861575,-0.0999485679493439,5
511,SRTsim,sim5,SRTsim_5_3,SpaceFlow,0.4056257261501214,0.4660610623157294,0.5637215389562794,0.6599270798806761,0.4639736931525053,0.4681672980692694,0.4660610623157294,26.112300395965576,485.4044427871704,0.5213788531653961,0.0535398005984395,-0.1034544858848647,5
512,SRTsim,sim5,SRTsim_5_3,SpaGCN,0.8325482125168157,0.8118664525759798,0.8764640536979773,0.9094934957099364,0.8146669049041401,0.8090851876396411,0.8118664525759797,42.02889561653137,692.2785892486572,0.1143094381400498,0.031567132820581,-0.0957815679953449,5
513,SRTsim,sim5,SRTsim_5_3,SpatialMGCN,0.6155411281707847,0.7471764114436412,0.7258561807807438,0.8133907855485581,0.7258989245049499,0.7697389329449762,0.7471764114436412,48.82386708259583,476.4526309967041,0.0845210473980775,0.040834749363226,0.0322802192093906,5
514,SRTsim,sim5,SRTsim_5_3,STAGATE,0.6964238867513389,0.7514113225130507,0.7879066174756564,0.8087504143188597,0.7086245484628083,0.7996970577336521,0.7514113225130508,61.04749655723572,476.07349967956543,0.065959562479284,0.0415806066951929,0.0143673392163038,5
515,SRTsim,sim5,SRTsim_5_3,stLearn,0.9661903527890304,0.9481455031370896,0.9750923518659244,0.9840901557838913,0.9489571794158012,0.9473352141819932,0.9481455031370896,1.7045822143554688,346.55972385406494,0.0513755386145177,0.041948807004926,-0.0971212926759277,5
516,SRTsim,sim5,SRTsim_5_4,BASS,0.9828082449316496,0.9623173920988508,0.9906714420427876,0.993941433860653,0.9650657668534368,0.9595846268780936,0.9623173920988508,7.9193704088529,969.9,0.0292830696735106,0.040590057227364,-0.087004525191052,5
517,SRTsim,sim5,SRTsim_5_4,BayesSpace,0.2968430134925607,0.541719241365179,0.5581384772828369,0.8185796028273309,0.6193291615022478,0.4813943318190342,0.5417192413651791,23.9962815999985,5886.2,0.3157186132615281,0.045152601825753,-0.0064420465419983,5
518,SRTsim,sim5,SRTsim_5_4,CCST,0.4365800300063763,0.5662862625480939,0.6497653703779939,0.870414002019522,0.65669966429765,0.49775598287851,0.566286262548094,99.32519674301147,485.78772354125977,0.162571524739145,0.0427073498064555,-0.0504775294268097,5
519,SRTsim,sim5,SRTsim_5_4,DeepST,0.9591323530779672,0.924297632764131,0.9780207141452611,0.98653651969034,0.9197619365092744,0.928878285204926,0.924297632764131,155.30775141716003,786.2271757125854,0.0205318074722315,0.0401567093253131,-0.0951283304032588,5
520,SRTsim,sim5,SRTsim_5_4,GraphST,0.2778247149754935,0.441926521531753,0.5468142010333225,0.8047795355099293,0.5045047241851032,0.3931594609953276,0.441926521531753,13.6891131401062,582.4204664230347,0.1925277684281386,0.0427795205094631,-0.0099672615836982,5
521,SRTsim,sim5,SRTsim_5_4,PRECAST,0.7155511811104274,0.6858806851762322,0.8489743686933025,0.8185796028273309,0.6321391418517998,0.7496089694077682,0.6858806851762322,1.1585685690244,622.8,0.0558734432850892,0.0436827518580655,-0.0329008030347816,5
522,SRTsim,sim5,SRTsim_5_4,SEDR,0.4985647805133748,0.6529623632581466,0.6931087521489947,0.9023897677549648,0.7514259093032472,0.5773137135240066,0.6529623632581465,29.113802909851078,375.5666999816895,0.1763715920565466,0.0448573803128371,-0.0525536828514977,5
523,SRTsim,sim5,SRTsim_5_4,SpaceFlow,0.3923617623929025,0.4368999586612002,0.6216439043550297,0.7906428811847863,0.5022960864083023,0.3865706344307819,0.4368999586612002,18.319398403167725,478.025842666626,0.4614607876135981,0.0540496142982919,-0.0670329697626439,5
524,SRTsim,sim5,SRTsim_5_4,SpaGCN,0.4503806060140928,0.5803228097766115,0.6599641522414174,0.8438996900535362,0.6724145341883816,0.5104176550880569,0.5803228097766117,36.728633642196655,680.038064956665,0.3632009016624401,0.0367379262167918,-0.0855076827894035,5
525,SRTsim,sim5,SRTsim_5_4,SpatialMGCN,0.9895517034401692,0.9570261126154258,0.9943533309862768,0.9902389767754964,0.9546113299349922,0.9594531431356792,0.957026112615426,53.97982096672058,469.2034940719605,0.0410636149444631,0.0417426038118818,-0.1017076069169594,5
526,SRTsim,sim5,SRTsim_5_4,STAGATE,0.7476843176513269,0.6776132531175189,0.8583432712448923,0.8828677213059576,0.6942738948901336,0.6617334905115808,0.6776132531175189,51.716637134552,468.827883720398,0.0932346011443958,0.0426478649121442,-0.0465751641908822,5
527,SRTsim,sim5,SRTsim_5_4,stLearn,0.5219275122578915,0.7451601035351808,0.7091781860772137,0.9286435543588016,0.8523952596169907,0.6618912130318046,0.7451601035351807,1.7632503509521484,341.2869567871094,0.3258162234937731,0.0480089828400039,-0.0536167108716425,5
528,SRTsim,sim5,SRTsim_5_5,BASS,0.9734248314776632,0.9586183112865868,0.9816023021267304,0.9910596026490066,0.9586709996092166,0.9585656287551132,0.9586183112865868,8.14446129401525,965.2,0.0304635761589403,0.0407417271706978,0.1337265323359915,5
529,SRTsim,sim5,SRTsim_5_5,BayesSpace,0.5901691722624346,0.7658485141517178,0.7083737531326098,0.8430463576158941,0.790000186455943,0.7431297521057311,0.765848514151718,24.2391170660655,5979.7,0.1814569536423841,0.044147899441232,0.0660510662861797,5
530,SRTsim,sim5,SRTsim_5_5,CCST,0.7889896040071273,0.7449538687312598,0.8527075053710998,0.9072847682119204,0.750292710695554,0.7396904689144496,0.7449538687312597,100.65086269378662,498.7350740432739,0.0566225165562913,0.0419473731690241,0.1030826056097551,5
531,SRTsim,sim5,SRTsim_5_5,DeepST,0.9465139869582452,0.9233663185909224,0.963079593743918,0.9817880794701986,0.9213098441487664,0.925431994167979,0.9233663185909224,150.78418135643005,799.892333984375,0.0231788079470198,0.0407352496590199,0.13064013585373,5
532,SRTsim,sim5,SRTsim_5_5,GraphST,0.5320852175936457,0.6090980979431243,0.6692958559670774,0.7897350993377483,0.6189240222470054,0.5995792871076585,0.6090980979431243,14.469438791275024,592.0119371414185,0.0980132450331125,0.0413034649651265,0.0475320539140653,5
533,SRTsim,sim5,SRTsim_5_5,PRECAST,0.6543172411286163,0.7928213250755146,0.7570793569211813,0.8430463576158941,0.8019162364102856,0.7839303996228545,0.7928213250755145,1.28173549572627,624.9,0.0980132450331125,0.0428994233987595,0.0647791010312059,5
534,SRTsim,sim5,SRTsim_5_5,SEDR,0.936046195359386,0.8966122907844247,0.955734946942534,0.963907284768212,0.8966781811888931,0.8965464100628651,0.8966122907844247,28.314103364944454,385.1371669769287,0.0486754966887417,0.0409965755384274,0.1153857587651944,5
535,SRTsim,sim5,SRTsim_5_5,SpaceFlow,-0.0042184189723982,0.0018599411434326,0.2955598888526213,0.4569536423841059,0.001865710318065,0.0018542075378524,0.0018599411434326,16.945419311523438,485.8842782974243,0.8605960264900663,0.0705786702832384,-0.0136853056577619,5
536,SRTsim,sim5,SRTsim_5_5,SpaGCN,0.5631038455743674,0.6986660833411489,0.6886111070703076,0.8351769911504425,0.7219191404880847,0.6768642469144567,0.6986660833411489,43.82155895233154,692.851803779602,0.2428097345132743,0.033982163464302,0.0606152481114739,5
537,SRTsim,sim5,SRTsim_5_5,SpatialMGCN,0.8396197543923645,0.8047838126014806,0.8927567903114993,0.8251655629139073,0.7730916144005743,0.8391854691722193,0.8047838126014805,47.76777482032776,476.9253406524658,0.0774834437086092,0.0434491570126436,0.0209150472890258,5
538,SRTsim,sim5,SRTsim_5_5,STAGATE,0.5810216744440089,0.6308381253850942,0.706714058094491,0.793046357615894,0.6314759075354373,0.6302016302376368,0.6308381253850942,59.6640419960022,476.5456314086914,0.1397350993377483,0.0422482160368476,0.0662484899296508,5
539,SRTsim,sim5,SRTsim_5_5,stLearn,0.5933356302275788,0.7741158598840768,0.7107443443301978,0.8433774834437087,0.7981267433317768,0.7515074728193666,0.7741158598840768,1.5886170864105225,346.9031953811645,0.2576158940397351,0.0473678894581621,0.0693501217941672,5
540,SRTsim,sim5,SRTsim_5_6,BASS,0.7247463444211402,0.7259097790288571,0.8109984088372179,0.812644056634837,0.7400292112457941,0.7123190446166745,0.725909779028857,6.0155579606692,908.9,0.0497201185380309,0.041588643078569,-0.0862476416092086,5
541,SRTsim,sim5,SRTsim_5_6,BayesSpace,0.6459825166589859,0.7805716648622808,0.7525824660874573,0.8742179782680276,0.8247186680509433,0.7409108738812181,0.7805716648622808,24.3737164656321,6012.1,0.222917352650642,0.045020699288912,-0.0364406846286033,5
542,SRTsim,sim5,SRTsim_5_6,CCST,0.7102844175889498,0.6665898694001866,0.8031181157722208,0.8791570628910109,0.6699331237121623,0.6632798179444507,0.6665898694001866,102.38600492477416,503.2619323730469,0.0777082647349357,0.0424869540272162,-0.0488721062450284,5
543,SRTsim,sim5,SRTsim_5_6,DeepST,0.8753726612808199,0.837311448614169,0.9158261941266858,0.953572604543958,0.8385864968529526,0.8360402718421066,0.837311448614169,152.41574263572693,804.6379375457764,0.0431346723740533,0.0409520912591128,-0.0297981890588649,5
544,SRTsim,sim5,SRTsim_5_6,GraphST,0.6500610658754832,0.5831220158105124,0.7638373835572059,0.7859729996707276,0.5770083358065816,0.5893666379517027,0.5831220158105124,14.555383443832396,595.3391590118408,0.1033915047744484,0.0416146322895975,-0.0115165683327124,5
545,SRTsim,sim5,SRTsim_5_6,PRECAST,0.3598716313910564,0.5584361187986013,0.5919128577276149,0.7319723411261113,0.5175289025102986,0.6063652578941621,0.5584361187986013,1.2412650903066,617.2,0.121172209417188,0.045750044300684,-0.0198723612920321,5
546,SRTsim,sim5,SRTsim_5_6,SEDR,0.861269652106716,0.7861777420930505,0.9065672744612048,0.9245966414224563,0.7834061286160388,0.7889690365888157,0.7861777420930507,30.829160690307617,388.4821481704712,0.0836351662825156,0.0422515957180969,-0.057203836483715,5
547,SRTsim,sim5,SRTsim_5_6,SpaceFlow,0.2925756044857547,0.3361950186724573,0.5024557273717927,0.6460322686862034,0.3510178418227523,0.3225733527864107,0.3361950186724573,19.630029678344727,488.6111717224121,0.4458347053012841,0.0545416965419465,-0.0359703204864095,5
548,SRTsim,sim5,SRTsim_5_6,SpaGCN,0.7981291030478126,0.694975434764315,0.8629626756291915,0.8481430536451169,0.7029143874958775,0.6872138096667586,0.6949754347643149,43.737334966659546,696.4861516952515,0.2310866574965612,0.0358999599930394,-0.0444969886166734,5
549,SRTsim,sim5,SRTsim_5_6,SpatialMGCN,0.9476115945911816,0.8884797628415191,0.964617578157649,0.9598287783997366,0.8893260040938722,0.8876351305457718,0.8884797628415192,47.97819709777832,479.6044330596924,0.1415870925255186,0.0472107371681126,-0.0530028527212046,5
550,SRTsim,sim5,SRTsim_5_6,STAGATE,0.6208727760399645,0.6010234675144801,0.7407517866317226,0.8037537043134673,0.6044216766739526,0.5976632558794738,0.60102346751448,53.259270429611206,479.22423362731934,0.1353309186697398,0.0431328402412081,-0.0445262198137206,5
551,SRTsim,sim5,SRTsim_5_6,stLearn,0.6570348315677667,0.8016434667216654,0.7605539142441127,0.8745472505762265,0.8471184828980401,0.7608020874659851,0.8016434667216653,1.7425644397735596,348.8524293899536,0.3203819558775107,0.0488509396190401,-0.0346785334145882,5
552,SRTsim,sim5,SRTsim_5_7,BASS,0.9127036501974982,0.8877095234366185,0.9353081761169356,0.966722129783694,0.8876323791472074,0.8877866811364431,0.8877095234366186,5.64731559356054,912.0,0.0332778702163061,0.0410182498024328,0.1214176026037894,5
553,SRTsim,sim5,SRTsim_5_7,BayesSpace,0.9506128820605706,0.9307886905405544,0.9633735502441544,0.9793677204658902,0.931540144895778,0.9300384475738028,0.9307886905405544,24.1009307463964,5951.1,0.0901830282861896,0.045248774660677,0.1036257957716548,5
554,SRTsim,sim5,SRTsim_5_7,CCST,0.6468202331645424,0.6398170117683386,0.7416348287573211,0.8565723793677205,0.6317846681522896,0.6480562277003,0.6398170117683387,102.0560507774353,494.74940299987793,0.1211314475873544,0.0431548523270978,0.0543055711690217,5
555,SRTsim,sim5,SRTsim_5_7,DeepST,0.9123804287418456,0.8864485868822328,0.935101800064143,0.9663893510815308,0.8858096585337272,0.8870884376051925,0.8864485868822329,159.56618762016296,795.6940441131592,0.0322795341098169,0.040057401901041,0.1206435101348113,5
556,SRTsim,sim5,SRTsim_5_7,GraphST,0.1989499484983823,0.2288340099266428,0.4296850625586188,0.4891846921797005,0.2168371399176045,0.2422361201267626,0.2288340099266428,14.25124454498291,589.0759601593018,0.2193011647254575,0.0427460410665834,-0.0374776153376997,5
557,SRTsim,sim5,SRTsim_5_7,PRECAST,0.7339488051013657,0.8246334811511296,0.8184299351502126,0.8262895174708819,0.7662422891467704,0.8926581435773165,0.8246334811511297,1.2988906343778,628.0,0.0928452579034941,0.0441180684428568,0.0174861301926001,5
558,SRTsim,sim5,SRTsim_5_7,SEDR,0.8097977900898207,0.7985125385447497,0.8603204624899983,0.9221297836938436,0.7908619561705187,0.8063125860892352,0.7985125385447497,26.988508224487305,382.1938352584839,0.0958402662229617,0.0423004164201709,0.0806936527273524,5
559,SRTsim,sim5,SRTsim_5_7,SpaceFlow,0.3103453807053813,0.3747821406621617,0.4961933149767761,0.5271214642262895,0.3699317935112738,0.379761367917578,0.3747821406621617,14.942673206329346,483.4795646667481,0.5271214642262895,0.0540343925439917,0.0118121057909032,5
560,SRTsim,sim5,SRTsim_5_7,SpaGCN,0.6181274262162931,0.6822893915304679,0.7257759496557005,0.7810239287701725,0.6612137789840857,0.7047527714917411,0.6822893915304677,56.64462351799011,688.6453380584717,0.1908736783528102,0.03703696722116,0.00016724346181,5
561,SRTsim,sim5,SRTsim_5_7,SpatialMGCN,0.5666840324555732,0.628357423828182,0.6911305369057787,0.7723793677204659,0.6052201184660385,0.6533341062939594,0.6283574238281819,46.25742840766907,474.5614261627197,0.1381031613976705,0.0452212308839006,-0.0336972838165599,5
562,SRTsim,sim5,SRTsim_5_7,STAGATE,0.4927789527220328,0.5436909695825916,0.6306516068201408,0.7394342762063228,0.5351034671459901,0.5525585972311202,0.5436909695825916,58.48271083831787,474.1829738616944,0.1737104825291181,0.0437141569967719,-0.0215159194369144,5
563,SRTsim,sim5,SRTsim_5_7,stLearn,0.9716424447848844,0.9576217493969288,0.9789705780234896,0.9876871880199668,0.9583498026171288,0.9568948015332716,0.957621749396929,1.668762445449829,345.1839189529419,0.0851913477537437,0.0451750849692087,0.1075448644275325,5
564,SRTsim,sim5,SRTsim_5_8,BASS,0.916740040692868,0.9039931096416254,0.9449005762112308,0.972972972972973,0.909037807679833,0.8990040936192916,0.9039931096416254,10.5238253990809,912.7,0.033033033033033,0.0408228332541739,0.0197525103544117,5
565,SRTsim,sim5,SRTsim_5_8,BayesSpace,0.5963163960287647,0.7554350216511152,0.7228758991206421,0.9009009009009008,0.7993441137971237,0.7160987158508885,0.7554350216511151,24.0770709355672,5935.8,0.2155488822155488,0.0449171491403407,0.0379819621020056,5
566,SRTsim,sim5,SRTsim_5_8,CCST,0.6910486401710166,0.6209159985204705,0.7915416828739728,0.8248248248248248,0.6421723948379029,0.6010217209124686,0.6209159985204706,102.96370387077332,492.6359415054321,0.1121121121121121,0.042822568560339,-0.0096691899934936,5
567,SRTsim,sim5,SRTsim_5_8,DeepST,0.9072188607199956,0.8465430822852837,0.938745077624066,0.958958958958959,0.850703353349459,0.8424233038911281,0.8465430822852839,160.11601185798645,793.4838333129883,0.0437103770437103,0.0406373781271729,0.0267046192273254,5
568,SRTsim,sim5,SRTsim_5_8,GraphST,0.5611801165252625,0.57696790071202,0.7023811358615512,0.8208208208208209,0.592287910684607,0.5624204373030338,0.57696790071202,14.38616394996643,587.5096397399902,0.1267934601267934,0.0412923465551601,0.0186806381732078,5
569,SRTsim,sim5,SRTsim_5_8,PRECAST,0.3215502798239119,0.571707051702134,0.5566458694155413,0.7540874207540874,0.568651278859549,0.5747958437167817,0.5717070517021341,1.16926219065984,624.7,0.1037704371037704,0.0430496475581855,0.0678048537252314,5
570,SRTsim,sim5,SRTsim_5_8,SEDR,0.7550261504522109,0.7254413571903211,0.8350374974279623,0.8762095428762096,0.7519098138217555,0.7007730001326897,0.7254413571903211,29.650625705718998,380.629861831665,0.0994327660994327,0.0423332460579202,0.0190426441549879,5
571,SRTsim,sim5,SRTsim_5_8,SpaceFlow,0.2811631819960978,0.3801199146760254,0.5006425443441586,0.6930263596930264,0.402273992698508,0.360278610981558,0.3801199146760254,17.282082080841064,482.197359085083,0.4401067734401068,0.054726922757692,-0.0351859715379056,5
572,SRTsim,sim5,SRTsim_5_8,SpaGCN,0.8090400265748471,0.7259507680012068,0.8729435052305439,0.8778497044750915,0.7398986743610603,0.7125189987355545,0.7259507680012071,44.06615853309631,680.803632736206,0.1981424148606811,0.0340273287093452,0.0077252077080123,5
573,SRTsim,sim5,SRTsim_5_8,SpatialMGCN,0.9578380152854348,0.9044238883548232,0.9722989669424722,0.9696363029696364,0.9032364757643392,0.9056144270472402,0.904423888354823,58.43603253364563,473.3007164001465,0.0960960960960961,0.0457670422327165,0.0106488663600619,5
574,SRTsim,sim5,SRTsim_5_8,STAGATE,0.5083524904450728,0.59659074653381,0.6601594184782386,0.8395061728395061,0.6331669258320846,0.5640095822847732,0.59659074653381,59.04906439781189,472.9228363037109,0.1925258591925258,0.0436857056736463,0.0207482680971625,5
575,SRTsim,sim5,SRTsim_5_8,stLearn,0.5971853524040786,0.7625679119374337,0.7236745059118871,0.9012345679012346,0.8055775682884129,0.7239180443876949,0.7625679119374336,1.892831802368164,344.26742458343506,0.2862862862862863,0.0489377535610047,0.04152704157371,5
576,SRTsim,sim5,SRTsim_5_9,BASS,0.9286786324340074,0.9028885678298836,0.9471377911293518,0.9723502304147466,0.9019620137344072,0.9038170275162724,0.9028885678298836,4.72794777949651,929.6,0.0414746543778801,0.0452554490892588,-0.0690113696632598,5
577,SRTsim,sim5,SRTsim_5_9,BayesSpace,0.9389702882781984,0.918496648112885,0.9547003882419792,0.9758950726692662,0.9189691771304944,0.9180246047893028,0.918496648112885,22.6811299959819,6773.7,0.0783410138248847,0.0472006315838846,-0.0687192129275378,5
578,SRTsim,sim5,SRTsim_5_9,CCST,0.8171653595801265,0.7864306387437106,0.8644231284694535,0.9255583126550868,0.7859820115550336,0.7868797783647259,0.7864306387437107,98.101459980011,447.25755882263184,0.0333215171924849,0.0445422364969737,-0.0690812894030513,5
579,SRTsim,sim5,SRTsim_5_9,DeepST,0.9115496117947768,0.8831649216671088,0.9343927697127654,0.9656150301311592,0.8828896847293666,0.8834403302661513,0.8831649216671087,134.86141920089722,744.6287050247192,0.0361573909961006,0.0446547785500043,-0.0713284859428569,5
580,SRTsim,sim5,SRTsim_5_9,GraphST,0.5305127445072493,0.6442156672667975,0.6684820126027807,0.7486706841545552,0.6172892494140455,0.6735983101378608,0.6442156672667975,14.156351327896118,553.0599451065063,0.06487061325771,0.044790310225873,0.0503842646423218,5
581,SRTsim,sim5,SRTsim_5_9,PRECAST,0.5728081313397876,0.722333792928689,0.7008684120145395,0.7791563275434243,0.689433453014061,0.758531551800262,0.7223337929286889,1.21993621190389,650.7,0.0769230769230769,0.0463875410739922,0.0537423260453702,5
582,SRTsim,sim5,SRTsim_5_9,SEDR,0.863489666737516,0.8352220944825534,0.8987788540073034,0.945054945054945,0.8347201209323016,0.8357246721372493,0.8352220944825535,28.518391132354736,346.9556140899658,0.0311946118397731,0.0445982136998325,-0.0661200747194387,5
583,SRTsim,sim5,SRTsim_5_9,SpaceFlow,0.3744831460629996,0.3799322642192392,0.5348285229135774,0.5817086139666785,0.3809142395962078,0.3789553387778456,0.3799322642192392,29.62027883529663,454.37035369873047,0.607940446650124,0.0604065285274729,-0.0462804485465375,5
584,SRTsim,sim5,SRTsim_5_9,SpaGCN,0.7550072449033866,0.7636914254831033,0.8178909055061652,0.885902201887332,0.7641063548362588,0.7632769465199414,0.7636914254831033,41.99142050743103,670.0928249359131,0.1538461538461538,0.0341410071952223,-0.073920773023398,5
585,SRTsim,sim5,SRTsim_5_9,SpatialMGCN,0.6215310002519975,0.7116418047395736,0.7416974913790504,0.7635590216235377,0.66404310112271,0.766591168351638,0.7116418047395735,44.67982625961304,445.56489753723145,0.0613257710031903,0.0454266517025238,0.0141770051260999,5
586,SRTsim,sim5,SRTsim_5_9,STAGATE,0.5831359420224208,0.6497179088801811,0.7118695668263402,0.7359092520382843,0.6066366054453062,0.6993859614735741,0.6497179088801812,48.282278060913086,445.2022294998169,0.0822403403048564,0.045797849007271,0.0366518843817548,5
587,SRTsim,sim5,SRTsim_5_9,stLearn,0.9439715836482786,0.9314239871845078,0.9584149383335864,0.977313009571074,0.9318488787812024,0.930999482883637,0.9314239871845076,1.5460832118988037,324.0941734313965,0.0960652250974831,0.0488154474291622,-0.0698395302917087,5
588,SRTsim,sim5,SRTsim_5_10,BASS,0.8617823586818969,0.8466686195695572,0.9069249435845442,0.8724689165186501,0.7985405277834886,0.9009701517408176,0.8466686195695572,5.92163432041804,877.6,0.0373001776198934,0.0446996994938391,-0.0066721705836832,5
589,SRTsim,sim5,SRTsim_5_10,BayesSpace,0.6588771150851206,0.7888648525209335,0.7550667971987131,0.8760213143872113,0.8131345777554498,0.7660019019133348,0.7888648525209335,22.6935479442279,5588.7,0.144582593250444,0.0486449803153039,0.0241010748646737,5
590,SRTsim,sim5,SRTsim_5_10,CCST,0.7546274456459637,0.7158732337557149,0.8302639707653411,0.9044404973357016,0.7058240619058971,0.7262126887310391,0.7158732337557148,98.66639065742493,445.7457160949707,0.0646536412078152,0.0466494158852058,-0.0287120670975403,5
591,SRTsim,sim5,SRTsim_5_10,DeepST,0.9574884959782758,0.9335749823670751,0.970176332397492,0.9840142095914742,0.9321898399771846,0.9349642472532212,0.9335749823670751,140.2063958644867,742.9623136520386,0.0319715808170515,0.0448478819863319,0.0126256487763438,5
592,SRTsim,sim5,SRTsim_5_10,GraphST,0.6031553153718865,0.6295999973918771,0.7209054217822256,0.8227353463587922,0.626912837701896,0.632310292391583,0.6295999973918771,14.376924276351929,551.8855390548706,0.103019538188277,0.0455586469544282,0.022798863158228,5
593,SRTsim,sim5,SRTsim_5_10,PRECAST,0.6765756390636245,0.8058038695714613,0.7684251462957079,0.8806394316163411,0.8262875822785555,0.7863111741290085,0.8058038695714613,1.14796083768209,657.1,0.0859680284191829,0.0465561064215632,0.0315453417720525,5
594,SRTsim,sim5,SRTsim_5_10,SEDR,0.8850553082699293,0.8443590319085764,0.9202661112613948,0.9488454706927176,0.8342040498905628,0.8547642991676193,0.8443590319085764,29.499423265457157,345.8302011489868,0.0678507992895204,0.0455482964106477,-0.0296576055554176,5
595,SRTsim,sim5,SRTsim_5_10,SpaceFlow,0.2819455646129893,0.3941800420969403,0.5018908706849963,0.5985790408525755,0.3894207160849915,0.3990571401789361,0.3941800420969404,16.316092491149902,453.01041889190674,0.4174067495559502,0.0567178346137464,-0.0678460333575619,5
596,SRTsim,sim5,SRTsim_5_10,SpaGCN,0.5612547186161293,0.6216717145878665,0.6841374679171788,0.7702320316921336,0.6440448040242129,0.6008008511146541,0.6216717145878665,49.140878200531006,677.16956615448,0.2973967176004527,0.0376526342740621,-0.034988395940215,5
597,SRTsim,sim5,SRTsim_5_10,SpatialMGCN,0.6783194342745282,0.7221194751783546,0.7714329334436191,0.8575488454706928,0.7297369999387853,0.7146593419616984,0.7221194751783546,50.41162538528442,444.6192560195923,0.1051509769094138,0.0473582157237115,0.0247215045974711,5
598,SRTsim,sim5,SRTsim_5_10,STAGATE,0.7002595749464068,0.6709825767971044,0.7992613240407757,0.8209591474245116,0.6254374209833077,0.7236820312373764,0.6709825767971043,56.233832359313965,444.2569913864136,0.0682060390763765,0.0462903754017477,0.0095946525523938,5
599,SRTsim,sim5,SRTsim_5_10,stLearn,0.6601431100029996,0.7952512573617726,0.7559620635898117,0.8781527531083482,0.8199646938748878,0.7719839431580092,0.7952512573617727,1.646287202835083,323.4107093811035,0.2241563055062167,0.0509767956428299,0.0250737488438347,5
600,SRTsim,sim5,SRTsim_5_1,Banksy,0.8941359259248127,0.8779336742067434,0.922246837339472,0.9622109419063734,0.8756514882278101,0.8802277872658456,0.8779336742067435,13.272691249847412,752.3848152160645,0.09475465313028765,0.03230805129599972,0.019318523646396687,1
601,SRTsim,sim5,SRTsim_5_2,Banksy,0.9926957154308647,0.9872687035935893,0.9945574975620948,0.997459062676454,0.9872678268125744,0.9872695803761615,0.9872687035935893,11.867744207382202,865.180253982544,0.015245623941276116,0.02921273481164336,0.17476751911475485,1
602,SRTsim,sim5,SRTsim_5_3,Banksy,0.5544419526741723,0.6518222378737437,0.6714959855831585,0.7553279822861888,0.6535856023079681,0.6500683629002055,0.6518222378737437,12.228644371032717,855.8586530685425,0.18295045668419596,0.03542135585051414,-0.060262646709272914,1
603,SRTsim,sim5,SRTsim_5_4,Banksy,0.8173925165890451,0.7767568677804724,0.8988182278556229,0.9101155255001409,0.7880973610320902,0.7657381175799272,0.7767568677804724,12.36584997177124,865.1805734634399,0.07720484643561566,0.03139362790158623,-0.09932331848018248,1
604,SRTsim,sim5,SRTsim_5_5,Banksy,0.8395328650282957,0.7924968396826361,0.8925679678916844,0.8459623893805309,0.7607234631510699,0.8270400833827446,0.7924968396826361,12.96090054512024,865.1805171966553,0.08738938053097345,0.032637323757833084,0.02282949092518284,1
605,SRTsim,sim5,SRTsim_5_6,Banksy,0.7633473804992854,0.7941131280047405,0.8440846281173986,0.8734525447042641,0.7652297014987492,0.8252624784518429,0.7941131280047407,12.046838283538818,865.1793775558472,0.1078404401650619,0.03439767979383061,-0.005473578985502351,1
606,SRTsim,sim5,SRTsim_5_7,Banksy,0.757100332695036,0.7922008926657299,0.8260113334290347,0.8274902615470228,0.7658695577327079,0.8204072874076425,0.7922008926657299,11.881361961364746,865.1833038330078,0.12326099053978853,0.03352481467906349,0.08562168018903324,1
607,SRTsim,sim5,SRTsim_5_8,Banksy,0.7485718604012251,0.7848891870850804,0.8323709736623363,0.8986771742189699,0.7910773839856349,0.7787970529816616,0.7848891870850803,11.79271912574768,855.8581953048706,0.13734871939206306,0.03374100547439357,0.049769506072083636,1
608,SRTsim,sim5,SRTsim_5_9,Banksy,0.9685621540698521,0.9521779539165393,0.9766358592993555,0.9879897054618244,0.9524858472697837,0.9518702595535126,0.9521779539165391,13.496240615844728,1034.6123886108398,0.05947955390334572,0.032774901695350946,-0.0642889945338692,1
609,SRTsim,sim5,SRTsim_5_10,Banksy,0.8745731240138327,0.8388012629221249,0.9147525831666308,0.8853989813242784,0.8078945612575577,0.8721667525741464,0.8388012629221249,13.67284107208252,898.0889530181885,0.07640067911714771,0.032728989562530925,-0.03061205513876511,1
610,SRTsim,sim5,SRTsim_5_1,Banksy,0.8941359259248127,0.8779336742067434,0.922246837339472,0.9622109419063734,0.8756514882278101,0.8802277872658456,0.8779336742067435,11.907885313034058,865.1796207427979,0.09475465313028765,0.03230805129599972,0.019318523646396687,2
611,SRTsim,sim5,SRTsim_5_2,Banksy,0.9926957154308647,0.9872687035935893,0.9945574975620948,0.997459062676454,0.9872678268125744,0.9872695803761615,0.9872687035935893,11.992328643798828,865.1803426742554,0.015245623941276116,0.02921273481164336,0.17476751911475485,2
612,SRTsim,sim5,SRTsim_5_3,Banksy,0.5544419526741723,0.6518222378737437,0.6714959855831585,0.7553279822861888,0.6535856023079681,0.6500683629002055,0.6518222378737437,12.257941007614136,855.8578081130981,0.18295045668419596,0.03542135585051414,-0.060262646709272914,2
613,SRTsim,sim5,SRTsim_5_4,Banksy,0.8173925165890451,0.7767568677804724,0.8988182278556229,0.9101155255001409,0.7880973610320902,0.7657381175799272,0.7767568677804724,12.231940507888794,865.179986000061,0.07720484643561566,0.03139362790158623,-0.09932331848018248,2
614,SRTsim,sim5,SRTsim_5_5,Banksy,0.8395328650282957,0.7924968396826361,0.8925679678916844,0.8459623893805309,0.7607234631510699,0.8270400833827446,0.7924968396826361,11.652358770370483,865.1792840957642,0.08738938053097345,0.032637323757833084,0.02282949092518284,2
615,SRTsim,sim5,SRTsim_5_6,Banksy,0.7633473804992854,0.7941131280047405,0.8440846281173986,0.8734525447042641,0.7652297014987492,0.8252624784518429,0.7941131280047407,11.943203687667848,865.1818037033081,0.1078404401650619,0.03439767979383061,-0.005473578985502351,2
616,SRTsim,sim5,SRTsim_5_7,Banksy,0.757100332695036,0.7922008926657299,0.8260113334290347,0.8274902615470228,0.7658695577327079,0.8204072874076425,0.7922008926657299,12.484241008758543,865.1788501739502,0.12326099053978853,0.03352481467906349,0.08562168018903324,2
617,SRTsim,sim5,SRTsim_5_8,Banksy,0.7485718604012251,0.7848891870850804,0.8323709736623363,0.8986771742189699,0.7910773839856349,0.7787970529816616,0.7848891870850803,12.629109382629396,855.8577527999878,0.13734871939206306,0.03374100547439357,0.049769506072083636,2
618,SRTsim,sim5,SRTsim_5_9,Banksy,0.9685621540698521,0.9521779539165393,0.9766358592993555,0.9879897054618244,0.9524858472697837,0.9518702595535126,0.9521779539165391,14.902486324310305,1034.6118049621582,0.05947955390334572,0.032774901695350946,-0.0642889945338692,2
619,SRTsim,sim5,SRTsim_5_10,Banksy,0.8745731240138327,0.8388012629221249,0.9147525831666308,0.8853989813242784,0.8078945612575577,0.8721667525741464,0.8388012629221249,13.070908308029177,1033.4484558105469,0.07640067911714771,0.032728989562530925,-0.03061205513876511,2
620,SRTsim,sim5,SRTsim_5_1,Banksy,0.8941359259248127,0.8779336742067434,0.922246837339472,0.9622109419063734,0.8756514882278101,0.8802277872658456,0.8779336742067435,12.952669620513916,865.1782350540161,0.09475465313028765,0.03230805129599972,0.019318523646396687,3
621,SRTsim,sim5,SRTsim_5_2,Banksy,0.9926957154308647,0.9872687035935893,0.9945574975620948,0.997459062676454,0.9872678268125744,0.9872695803761615,0.9872687035935893,12.630793809890749,865.1800928115845,0.015245623941276116,0.02921273481164336,0.17476751911475485,3
622,SRTsim,sim5,SRTsim_5_3,Banksy,0.5544419526741723,0.6518222378737437,0.6714959855831585,0.7553279822861888,0.6535856023079681,0.6500683629002055,0.6518222378737437,12.43505597114563,855.8577404022217,0.18295045668419596,0.03542135585051414,-0.060262646709272914,3
623,SRTsim,sim5,SRTsim_5_4,Banksy,0.8173925165890451,0.7767568677804724,0.8988182278556229,0.9101155255001409,0.7880973610320902,0.7657381175799272,0.7767568677804724,12.41934895515442,865.1799373626709,0.07720484643561566,0.03139362790158623,-0.09932331848018248,3
624,SRTsim,sim5,SRTsim_5_5,Banksy,0.8395328650282957,0.7924968396826361,0.8925679678916844,0.8459623893805309,0.7607234631510699,0.8270400833827446,0.7924968396826361,11.87631130218506,865.1791849136353,0.08738938053097345,0.032637323757833084,0.02282949092518284,3
625,SRTsim,sim5,SRTsim_5_6,Banksy,0.7633473804992854,0.7941131280047405,0.8440846281173986,0.8734525447042641,0.7652297014987492,0.8252624784518429,0.7941131280047407,11.832883834838867,865.1792840957642,0.1078404401650619,0.03439767979383061,-0.005473578985502351,3
626,SRTsim,sim5,SRTsim_5_7,Banksy,0.757100332695036,0.7922008926657299,0.8260113334290347,0.8274902615470228,0.7658695577327079,0.8204072874076425,0.7922008926657299,12.069941520690918,865.1793432235718,0.12326099053978853,0.03352481467906349,0.08562168018903324,3
627,SRTsim,sim5,SRTsim_5_8,Banksy,0.7485718604012251,0.7848891870850804,0.8323709736623363,0.8986771742189699,0.7910773839856349,0.7787970529816616,0.7848891870850803,11.88225769996643,855.8575649261475,0.13734871939206306,0.03374100547439357,0.049769506072083636,3
628,SRTsim,sim5,SRTsim_5_9,Banksy,0.9685621540698521,0.9521779539165393,0.9766358592993555,0.9879897054618244,0.9524858472697837,0.9518702595535126,0.9521779539165391,13.897480010986328,1034.6113023757937,0.05947955390334572,0.032774901695350946,-0.0642889945338692,3
629,SRTsim,sim5,SRTsim_5_10,Banksy,0.8745731240138327,0.8388012629221249,0.9147525831666308,0.8853989813242784,0.8078945612575577,0.8721667525741464,0.8388012629221249,14.840882301330566,1033.4469079971311,0.07640067911714771,0.032728989562530925,-0.03061205513876511,3
630,SRTsim,sim5,SRTsim_5_1,Banksy,0.8941359259248127,0.8779336742067434,0.922246837339472,0.9622109419063734,0.8756514882278101,0.8802277872658456,0.8779336742067435,12.160866260528564,865.1791620254517,0.09475465313028765,0.03230805129599972,0.019318523646396687,4
631,SRTsim,sim5,SRTsim_5_2,Banksy,0.9926957154308647,0.9872687035935893,0.9945574975620948,0.997459062676454,0.9872678268125744,0.9872695803761615,0.9872687035935893,12.328210353851318,865.1795635223389,0.015245623941276116,0.02921273481164336,0.17476751911475485,4
632,SRTsim,sim5,SRTsim_5_3,Banksy,0.5544419526741723,0.6518222378737437,0.6714959855831585,0.7553279822861888,0.6535856023079681,0.6500683629002055,0.6518222378737437,12.589711666107178,855.8581066131592,0.18295045668419596,0.03542135585051414,-0.060262646709272914,4
633,SRTsim,sim5,SRTsim_5_4,Banksy,0.8173925165890451,0.7767568677804724,0.8988182278556229,0.9101155255001409,0.7880973610320902,0.7657381175799272,0.7767568677804724,12.43552017211914,865.178804397583,0.07720484643561566,0.03139362790158623,-0.09932331848018248,4
634,SRTsim,sim5,SRTsim_5_5,Banksy,0.8395328650282957,0.7924968396826361,0.8925679678916844,0.8459623893805309,0.7607234631510699,0.8270400833827446,0.7924968396826361,12.066317796707152,865.1802196502686,0.08738938053097345,0.032637323757833084,0.02282949092518284,4
635,SRTsim,sim5,SRTsim_5_6,Banksy,0.7633473804992854,0.7941131280047405,0.8440846281173986,0.8734525447042641,0.7652297014987492,0.8252624784518429,0.7941131280047407,11.970425605773926,865.1806201934814,0.1078404401650619,0.03439767979383061,-0.005473578985502351,4
636,SRTsim,sim5,SRTsim_5_7,Banksy,0.757100332695036,0.7922008926657299,0.8260113334290347,0.8274902615470228,0.7658695577327079,0.8204072874076425,0.7922008926657299,12.277402639389038,865.179160118103,0.12326099053978853,0.03352481467906349,0.08562168018903324,4
637,SRTsim,sim5,SRTsim_5_8,Banksy,0.7485718604012251,0.7848891870850804,0.8323709736623363,0.8986771742189699,0.7910773839856349,0.7787970529816616,0.7848891870850803,12.265578508377075,855.8582153320312,0.13734871939206306,0.03374100547439357,0.049769506072083636,4
638,SRTsim,sim5,SRTsim_5_9,Banksy,0.9685621540698521,0.9521779539165393,0.9766358592993555,0.9879897054618244,0.9524858472697837,0.9518702595535126,0.9521779539165391,14.065553188323976,1034.6108264923096,0.05947955390334572,0.032774901695350946,-0.0642889945338692,4
639,SRTsim,sim5,SRTsim_5_10,Banksy,0.8745731240138327,0.8388012629221249,0.9147525831666308,0.8853989813242784,0.8078945612575577,0.8721667525741464,0.8388012629221249,13.8730947971344,1033.4458599090576,0.07640067911714771,0.032728989562530925,-0.03061205513876511,4
640,SRTsim,sim5,SRTsim_5_1,Banksy,0.8941359259248127,0.8779336742067434,0.922246837339472,0.9622109419063734,0.8756514882278101,0.8802277872658456,0.8779336742067435,12.205155849456789,865.1805534362793,0.09475465313028765,0.03230805129599972,0.019318523646396687,5
641,SRTsim,sim5,SRTsim_5_2,Banksy,0.9926957154308647,0.9872687035935893,0.9945574975620948,0.997459062676454,0.9872678268125744,0.9872695803761615,0.9872687035935893,12.947420120239258,865.1790370941162,0.015245623941276116,0.02921273481164336,0.17476751911475485,5
642,SRTsim,sim5,SRTsim_5_3,Banksy,0.5544419526741723,0.6518222378737437,0.6714959855831585,0.7553279822861888,0.6535856023079681,0.6500683629002055,0.6518222378737437,13.171411275863647,855.859001159668,0.18295045668419596,0.03542135585051414,-0.060262646709272914,5
643,SRTsim,sim5,SRTsim_5_4,Banksy,0.8173925165890451,0.7767568677804724,0.8988182278556229,0.9101155255001409,0.7880973610320902,0.7657381175799272,0.7767568677804724,14.05562448501587,865.1786441802979,0.07720484643561566,0.03139362790158623,-0.09932331848018248,5
644,SRTsim,sim5,SRTsim_5_5,Banksy,0.8395328650282957,0.7924968396826361,0.8925679678916844,0.8459623893805309,0.7607234631510699,0.8270400833827446,0.7924968396826361,13.215916395187378,865.1796531677246,0.08738938053097345,0.032637323757833084,0.02282949092518284,5
645,SRTsim,sim5,SRTsim_5_6,Banksy,0.7633473804992854,0.7941131280047405,0.8440846281173986,0.8734525447042641,0.7652297014987492,0.8252624784518429,0.7941131280047407,14.062393188476562,865.1791133880615,0.1078404401650619,0.03439767979383061,-0.005473578985502351,5
646,SRTsim,sim5,SRTsim_5_7,Banksy,0.757100332695036,0.7922008926657299,0.8260113334290347,0.8274902615470228,0.7658695577327079,0.8204072874076425,0.7922008926657299,13.321839809417725,865.1790342330933,0.12326099053978853,0.03352481467906349,0.08562168018903324,5
647,SRTsim,sim5,SRTsim_5_8,Banksy,0.7485718604012251,0.7848891870850804,0.8323709736623363,0.8986771742189699,0.7910773839856349,0.7787970529816616,0.7848891870850803,12.928186893463137,855.8582010269165,0.13734871939206306,0.03374100547439357,0.049769506072083636,5
648,SRTsim,sim5,SRTsim_5_9,Banksy,0.9685621540698521,0.9521779539165393,0.9766358592993555,0.9879897054618244,0.9524858472697837,0.9518702595535126,0.9521779539165391,14.827454328536987,1034.611002922058,0.05947955390334572,0.032774901695350946,-0.0642889945338692,5
649,SRTsim,sim5,SRTsim_5_10,Banksy,0.8745731240138327,0.8388012629221249,0.9147525831666308,0.8853989813242784,0.8078945612575577,0.8721667525741464,0.8388012629221249,13.338932514190674,1033.4463205337524,0.07640067911714771,0.032728989562530925,-0.03061205513876511,5
650,SRTsim,sim5,SRTsim_5_1,CellCharter,0.6645934764527217,0.6999514230678534,0.7526395607022244,0.8544839255499154,0.7004336381976499,0.6994698714454674,0.6999514230678535,171.00777220726013,950.872766494751,0.11900733220530176,0.03425444346439105,0.009636779483384051,1
651,SRTsim,sim5,SRTsim_5_2,CellCharter,0.8425312458928312,0.8605304852044168,0.8833474215160798,0.9424054206662902,0.8562686783625529,0.8648349278469167,0.8605304852044169,168.28702902793884,949.5979709625244,0.023997741389045736,0.030167547410731622,0.16551761591095848,1
652,SRTsim,sim5,SRTsim_5_3,CellCharter,0.6824351649263893,0.7566286621659067,0.7651479442290411,0.8070855244948796,0.7610669158338405,0.7522418728026067,0.7566286621659067,176.74485778808594,968.5804634094238,0.08829227788541379,0.03198653128386722,-0.03621346612897145,1
653,SRTsim,sim5,SRTsim_5_4,CellCharter,0.4823499372458459,0.5670544748175929,0.68371069056759,0.8267117497886729,0.6497346378988398,0.5030413549419007,0.5670544748175929,193.2034878730774,951.4672956466676,0.09636517328825021,0.03256805388337631,-0.05852152936238851,1
654,SRTsim,sim5,SRTsim_5_5,CellCharter,0.5977354689736197,0.7869120192985949,0.7141804600321926,0.8459623893805309,0.810574991917558,0.7645914364939742,0.7869120192985948,206.87722611427307,969.3825817108154,0.061670353982300884,0.031963150259832325,0.09324377077228597,1
655,SRTsim,sim5,SRTsim_5_6,CellCharter,0.6532208432842795,0.8014960772730324,0.7581563532790694,0.874828060522696,0.8481691553693559,0.7596917372346985,0.8014960772730322,194.3194305896759,974.4628715515136,0.11746905089408528,0.03391521119576428,-0.026526376113794534,1
656,SRTsim,sim5,SRTsim_5_7,CellCharter,0.7086011452638097,0.7392065939343165,0.7837670366761331,0.8185865331107401,0.741163124003354,0.7372603664050924,0.7392065939343165,228.9996259212494,963.4969005584716,0.08041179744017807,0.03204459404372978,0.11101639288168343,1
657,SRTsim,sim5,SRTsim_5_8,CellCharter,0.5376543550816387,0.7056094185526297,0.6856095356578096,0.8668730650154799,0.7312329323234827,0.6817208822966098,0.7056094185526297,192.137619972229,952.537600517273,0.07514776245426401,0.03251570778337485,0.050377309619362945,1
658,SRTsim,sim5,SRTsim_5_9,CellCharter,0.6804836090508973,0.7543386497503982,0.7648390825731627,0.8312839576780098,0.7461523941083528,0.7627065255995068,0.7543386497503982,176.95992422103882,937.5626277923584,0.06805833571632829,0.03362464568308627,-0.023053381079334734,1
659,SRTsim,sim5,SRTsim_5_10,CellCharter,0.6644870946143825,0.7036813781861048,0.759612390110748,0.8372948500282965,0.7269271505562472,0.6818762494770972,0.7036813781861048,196.1234519481659,947.4583559036256,0.07753254102999434,0.03261795867782836,0.00880371569741526,1
660,SRTsim,sim5,SRTsim_5_1,CellCharter,0.4757123699780365,0.6079938443684241,0.6157807366791577,0.727580372250423,0.6047120956303951,0.6113114073111577,0.6079938443684242,162.43495965003967,950.66841506958,0.06204173716864072,0.03150282632437978,0.01810661627275382,2
661,SRTsim,sim5,SRTsim_5_2,CellCharter,0.8661706531185548,0.870896914223989,0.9007715235897549,0.948334274421231,0.8669400110257927,0.8748901033767488,0.870896914223989,178.58334040641785,949.6012325286864,0.026538678712591756,0.030130826188896634,0.16534569251209383,2
662,SRTsim,sim5,SRTsim_5_3,CellCharter,0.5816250810228574,0.7123928381018848,0.6907309125668303,0.7558815388873512,0.716149659324321,0.7086752267103885,0.7123928381018848,172.64857983589172,968.578179359436,0.05812344312205923,0.031117221065697403,-0.025467334792248067,2
663,SRTsim,sim5,SRTsim_5_4,CellCharter,0.3185548150784306,0.5533391730488672,0.5756678835537447,0.8196675119752043,0.6298613850327558,0.4933961935149903,0.5533391730488672,174.68877053260803,951.4690732955931,0.2132995209918287,0.036730447627318016,-0.03864053768280763,2
664,SRTsim,sim5,SRTsim_5_5,CellCharter,0.8964904856564145,0.8732221958906112,0.9286289561860218,0.9233960176991151,0.8688050361922255,0.8776845003679364,0.8732221958906112,212.12136435508728,969.3831157684326,0.05033185840707965,0.031175388428209095,0.0951021360780834,2
665,SRTsim,sim5,SRTsim_5_6,CellCharter,0.42251356492161696,0.5646549262335814,0.5916736299611799,0.7414030261348006,0.5971682416939907,0.5354992307327126,0.5646549262335814,235.4621398448944,974.4602670669556,0.12902338376891334,0.03447170232162432,0.011025314098763407,2
666,SRTsim,sim5,SRTsim_5_7,CellCharter,0.6227255346299966,0.6679399534477946,0.7191002169054195,0.7790762381747357,0.6723799585356266,0.663558202094307,0.6679399534477946,174.98522996902466,963.4987621307372,0.10267111853088481,0.03321800123950481,0.10328572266821526,2
667,SRTsim,sim5,SRTsim_5_8,CellCharter,0.6044485332805721,0.7454156429778724,0.7279379561634046,0.8778497044750915,0.7969546180322963,0.7001378017052542,0.7454156429778723,177.08185625076294,952.5372142791748,0.08302842668167745,0.03301498744037275,0.017172505739251505,2
668,SRTsim,sim5,SRTsim_5_9,CellCharter,0.859513976855427,0.8645213871758896,0.8954790789007492,0.9433800400343151,0.8657415245110718,0.8633046842142955,0.8645213871758896,174.38986349105835,937.5633726119996,0.042321990277380615,0.03270488703248799,-0.07179913469936582,2
669,SRTsim,sim5,SRTsim_5_10,CellCharter,0.6468518843691318,0.6934967792439309,0.7468983222332789,0.8242784380305602,0.7158269276264837,0.6725176590991154,0.6934967792439309,174.91225028038025,947.4553804397584,0.08036219581211092,0.03283579261509141,0.006837569037555257,2
670,SRTsim,sim5,SRTsim_5_1,CellCharter,0.44456320798421994,0.5888900349840849,0.5938960010329322,0.7106598984771574,0.5840949129462424,0.5937645397378154,0.5888900349840849,173.0553801059723,950.664608001709,0.09390862944162437,0.03295311351540108,0.026568908652124117,3
671,SRTsim,sim5,SRTsim_5_2,CellCharter,0.9205489008966665,0.9071293291967382,0.9409162652300229,0.9700734048560136,0.9053307035251515,0.9089351157746962,0.9071293291967382,189.18653178215027,949.5960807800292,0.01637492941840768,0.029643039932010767,0.17174221597788134,3
672,SRTsim,sim5,SRTsim_5_3,CellCharter,0.7365090053533409,0.8182613092942507,0.8067433732113583,0.8959313589814558,0.8159133361280606,0.8206228350973649,0.8182613092942507,176.63362336158752,968.5794525146484,0.03819540548021035,0.03038230719869083,-0.09929308714986754,3
673,SRTsim,sim5,SRTsim_5_4,CellCharter,0.31011562955844424,0.5568040106916181,0.5691587908051902,0.8202310510002818,0.6356819091891108,0.49534025389214137,0.5568040106916181,188.96820187568665,951.4669513702391,0.21132713440405748,0.03490889749369697,-0.023110426713568798,3
674,SRTsim,sim5,SRTsim_5_5,CellCharter,0.9012251024582214,0.8804925446853938,0.9318832280178987,0.9258849557522124,0.8761981633341098,0.884829228207104,0.880492544685394,201.1235213279724,969.38165473938,0.0478429203539823,0.0314818197215767,0.09732745058261238,3
675,SRTsim,sim5,SRTsim_5_6,CellCharter,0.6520837370157128,0.7975258565288434,0.7573384198368572,0.874828060522696,0.8438839723644186,0.7559958092204933,0.7975258565288436,213.37944769859317,974.4646844863892,0.12104539202200826,0.03360291441325193,-0.02812121481826853,3
676,SRTsim,sim5,SRTsim_5_7,CellCharter,0.6982972513310383,0.731498072189166,0.7761794676265973,0.8149693934335003,0.7332403133187014,0.7297640908588192,0.7314980721891662,206.8585238456726,963.4982614517212,0.07679465776293823,0.03190124182830233,0.11377619625766867,3
677,SRTsim,sim5,SRTsim_5_8,CellCharter,0.5471352378918733,0.712074067394832,0.6917982190530094,0.8708133971291866,0.7392339412024177,0.6868392058480365,0.712074067394832,197.3748173713684,952.5353164672852,0.07514776245426401,0.03231596085902527,0.052259728799753886,3
678,SRTsim,sim5,SRTsim_5_9,CellCharter,0.7782928100850716,0.8129133989585139,0.8353038446673198,0.9044895624821275,0.8126564534476773,0.8131705070026726,0.8129133989585138,184.58644676208496,937.565541267395,0.04403774663997712,0.0324238442320085,-0.07654776629933442,3
679,SRTsim,sim5,SRTsim_5_10,CellCharter,0.9177946766846292,0.8932272044411417,0.9423604177245101,0.9374646293152236,0.8960254939443748,0.8904463386516291,0.8932272044411419,190.08122849464417,947.4569787979126,0.04697226938313526,0.03147260773423883,0.03812976496847862,3
680,SRTsim,sim5,SRTsim_5_1,CellCharter,0.5719523859194913,0.6330973447554943,0.6861889787287677,0.8104906937394247,0.6298831605727108,0.6363445000293965,0.6330973447554944,162.8069486618042,950.6631536483764,0.15933446136491822,0.03477497716296161,0.004682232877592391,4
681,SRTsim,sim5,SRTsim_5_2,CellCharter,0.9139002623439959,0.9156826524946681,0.9359923950107628,0.9686617730095991,0.913832970133749,0.9175398378984218,0.915682652494668,170.20325803756714,949.5949907302856,0.017786561264822136,0.029722850337905886,0.17010358429553626,4
682,SRTsim,sim5,SRTsim_5_3,CellCharter,0.6018477278722805,0.721294115434131,0.7055175264487138,0.75560476058677,0.725808244089404,0.7168357905123237,0.7212941154341309,216.61196613311768,968.5828886032104,0.057846664821477996,0.030990705334357563,-0.024393854773560344,4
683,SRTsim,sim5,SRTsim_5_4,CellCharter,0.4906219484806297,0.570236556163798,0.6896579301934818,0.8258664412510567,0.6517403671941955,0.5068518694572053,0.570236556163798,209.07909965515137,951.4662017822266,0.09777402085094393,0.03236879194766737,-0.05989626891214952,4
684,SRTsim,sim5,SRTsim_5_5,CellCharter,0.7930167397625235,0.7303017846870118,0.856869725551422,0.808075221238938,0.7294947203074822,0.7311106368089504,0.7303017846870118,191.15877079963684,969.3807249069214,0.06858407079646017,0.0315299152486552,0.005049585965817854,4
685,SRTsim,sim5,SRTsim_5_6,CellCharter,0.6547927555929645,0.8030009288445098,0.7593031774007467,0.874828060522696,0.8494524561745067,0.7613663114312408,0.8030009288445098,179.53081226348877,974.4648113250732,0.1218707015130674,0.03370122881605244,-0.02831227346965642,4
686,SRTsim,sim5,SRTsim_5_7,CellCharter,0.7724416559749693,0.8192898748574255,0.8313448573403086,0.8834168057874234,0.8202631993937641,0.8183188574777354,0.8192898748574255,197.9270703792572,963.4982433319092,0.06816917084028937,0.031330675860664556,0.12827858829683764,4
687,SRTsim,sim5,SRTsim_5_8,CellCharter,0.5645734989741028,0.7332430228543061,0.7022468530946862,0.8837602026456516,0.7680293085842338,0.7014713414331499,0.7332430228543062,202.0055639743805,952.5388326644896,0.0807768083309879,0.03272036430994759,0.06170065109711148,4
688,SRTsim,sim5,SRTsim_5_9,CellCharter,0.5700793234533165,0.6522585992219267,0.682113075639243,0.754932799542465,0.6489250011747415,0.6556266242329357,0.6522585992219267,161.71841883659363,937.5654134750366,0.08979124964255075,0.03449014475651979,-0.010642815765604753,4
689,SRTsim,sim5,SRTsim_5_10,CellCharter,0.6722238972406434,0.7761515457895206,0.7656365162313576,0.8746462931522354,0.798060300438563,0.7554135512497621,0.7761515457895205,180.7358944416046,947.4531726837158,0.07696661007357103,0.033389555632466004,0.02686516733397703,4
690,SRTsim,sim5,SRTsim_5_1,CellCharter,0.49601812553018293,0.6167566634447931,0.6297346015454758,0.7535250987027636,0.614829950963632,0.6186954894889181,0.6167566634447931,174.36825227737427,950.6626892089844,0.08460236886632826,0.03238943888838735,0.01710030180219254,5
691,SRTsim,sim5,SRTsim_5_2,CellCharter,0.9334079378642528,0.9223845820780994,0.9504501367219423,0.9757199322416714,0.9211897718924545,0.9235824956967827,0.9223845820780994,185.07499170303345,949.5956001281738,0.0220214568040655,0.030177409237084608,0.17066681483635435,5
692,SRTsim,sim5,SRTsim_5_3,CellCharter,0.5865585494216642,0.712958798454461,0.6939259705540383,0.75560476058677,0.7179662899531005,0.7080206731534685,0.7129587984544609,186.59263801574707,968.581916809082,0.06725712704123997,0.031427714292345685,-0.036637608529191755,5
693,SRTsim,sim5,SRTsim_5_4,CellCharter,0.30858418603778087,0.5555358784539655,0.5677849608335007,0.8202310510002818,0.6348914708122153,0.4938137083756074,0.5555358784539653,216.2065277099609,951.4666347503662,0.18258664412510567,0.03453129304488196,-0.02577720249774405,5
694,SRTsim,sim5,SRTsim_5_5,CellCharter,0.4197092927307451,0.5518717789703926,0.5874041105758976,0.7555309734513275,0.5662126369936358,0.5382394179611477,0.5518717789703926,191.84911274909973,969.3793172836304,0.046460176991150445,0.031171062572874456,0.05196361434572722,5
695,SRTsim,sim5,SRTsim_5_6,CellCharter,0.6528638498222992,0.8003955235414715,0.7578986046995833,0.874828060522696,0.8470020263637259,0.7586505815355613,0.8003955235414714,207.1384608745575,974.4617910385132,0.11801925722145805,0.033486648766927515,-0.02660452971199961,5
696,SRTsim,sim5,SRTsim_5_7,CellCharter,0.4405026014156783,0.5557893933973789,0.5954541418378818,0.7212020033388982,0.5419715665496181,0.5703302382773607,0.5557893933973789,186.1855037212372,963.4987964630128,0.052587646076794656,0.03145945105747874,0.032856282834647345,5
697,SRTsim,sim5,SRTsim_5_8,CellCharter,0.5714910359240645,0.6779799764556514,0.7054678873286869,0.8702504925415142,0.7176045695025486,0.6425023667838952,0.6779799764556514,208.54816269874573,952.537223815918,0.08950182943990993,0.032856263864191104,0.03856638625788212,5
698,SRTsim,sim5,SRTsim_5_9,CellCharter,0.8355726750508901,0.8534831538757307,0.8776864784211186,0.9316557048899057,0.8545330693825258,0.8524358151442828,0.8534831538757308,163.0375635623932,937.564356803894,0.04003431512725193,0.03245864876652127,-0.07213872554019764,5
699,SRTsim,sim5,SRTsim_5_10,CellCharter,0.7351031364651907,0.7258969002021994,0.8114522282176434,0.831918505942275,0.7432433673901537,0.7093416608488105,0.7258969002021994,190.4526767730713,947.4564628601074,0.10186757215619695,0.03313635622502121,0.007062458175914757,5
