,Technology,Dataset,Sample,Method,ARI,NMI,FMI,Purity,Homogeneity,Completeness,V_measure,Time,Memory,PAS,CHAOS,ASW,Rep
0,SRTsim,sim2,SRTsim_2_1,CCST,0.932040866099358,0.9192822892241772,0.9489902402507662,0.9736328125,0.9191022944463484,0.919462354515302,0.9192822892241772,70.1291253566742,125.23730373382568,0.015625,0.1095752839985433,0.1556331873153793,1
1,SRTsim,sim2,SRTsim_2_1,DeepST,0.9570015185708344,0.9502878210792188,0.9677273587089752,0.9833984375,0.9500489090745252,0.950526853274153,0.9502878210792188,83.83152461051941,292.6524887084961,0.0078125,0.1083936930038364,0.1586912853808907,1
2,SRTsim,sim2,SRTsim_2_1,GraphST,0.9973932819104482,0.9953893045098666,0.998043052844892,0.9990234375,0.9953879349888538,0.9953906740346478,0.9953893045098664,17.784316539764404,182.24155521392825,0.0009765625,0.1083060722147764,0.1611029679333739,1
3,SRTsim,sim2,SRTsim_2_1,SEDR,0.9692559536805242,0.9566608715914252,0.9769198083586578,0.98828125,0.956643729149854,0.9566780146473703,0.9566608715914252,13.627861738204956,92.33222484588624,0.0126953125,0.1083060722147764,0.1608578610169625,1
4,SRTsim,sim2,SRTsim_2_1,SpaceFlow,0.6661104418137116,0.8184435677379571,0.7763560917946353,0.75,0.75,0.9006336771941185,0.818443567737957,32.28865838050842,162.45928382873535,0.0390625,0.1084118398634236,0.1785994025720344,1
5,SRTsim,sim2,SRTsim_2_1,SpaGCN,0.7789436071925224,0.8151385550058043,0.8340475402171236,0.8955078125,0.8151284611171213,0.8151486491444794,0.8151385550058043,13.579469442367554,170.24854278564453,0.0947265625,0.1100437874339748,0.1127481226935927,1
6,SRTsim,sim2,SRTsim_2_1,SpatialMGCN,0.948993713081064,0.9396820217568111,0.961720022724255,0.98046875,0.9393708554955956,0.939993394233762,0.9396820217568111,28.001239776611328,202.0000696182251,0.0078125,0.1093637487012488,0.1584496861492156,1
7,SRTsim,sim2,SRTsim_2_1,STAGATE,0.9947967529296876,0.9907813734365318,0.99609375,0.998046875,0.9907813734365318,0.9907813734365318,0.9907813734365318,56.374295234680176,162.51113605499268,0.001953125,0.1083060722147764,0.1614498617368365,1
8,SRTsim,sim2,SRTsim_2_1,stLearn,0.6568318793193525,0.7294612635215943,0.7423880539523966,0.76171875,0.7294133340422815,0.7295091993001775,0.7294612635215943,3.091412305831909,118.87366580963136,0.216796875,0.1116248431079436,0.0862351993737012,1
9,SRTsim,sim2,SRTsim_2_10,CCST,0.9970703212429184,0.9939171661831986,0.9978025212722136,0.9989,0.99391712317135,0.9939172091950512,0.9939171661831988,2198.6956939697266,7326.805901527405,0.0008,0.0346427483320996,0.1636109458011559,1
10,SRTsim,sim2,SRTsim_2_10,DeepST,1.0,1.0,1.0,1.0,1.0,1.0,1.0,643.3339078426361,3326.1760110855103,0.0,0.0346427483320996,0.1636488134684431,1
11,SRTsim,sim2,SRTsim_2_10,GraphST,0.998667600560064,0.9972175133243096,0.9990006006000888,0.9995,0.99721738384301,0.997217642805643,0.9972175133243096,53.75264930725098,4048.230089187622,0.0005,0.0347555324732463,0.1634347464716091,1
12,SRTsim,sim2,SRTsim_2_10,SEDR,0.9978680007343466,0.9954835418321084,0.9984008407841174,0.9992,0.9954834412823136,0.9954836423819236,0.9954835418321084,55.49238967895508,2872.2823629379272,0.0008,0.0346427483320996,0.1636300294913625,1
13,SRTsim,sim2,SRTsim_2_10,SpaceFlow,0.7016129822093432,0.8425610035720748,0.8059361579733602,0.75,0.75,0.9611853816285346,0.8425610035720749,99.45664167404176,1576.9382438659668,0.01,0.0346427483320996,0.137733422184577,1
14,SRTsim,sim2,SRTsim_2_10,SpaGCN,0.998667600275648,0.9971553156697264,0.9990006002800887,0.9995,0.9971553012838156,0.9971553300556374,0.9971553156697264,276.79234075546265,2676.2339210510254,0.0005,0.0348485833755978,0.1634437937071327,1
15,SRTsim,sim2,SRTsim_2_10,SpatialMGCN,0.9952158859694,0.9922955410279648,0.996411571218236,0.9982,0.992290902669155,0.9923001794301378,0.9922955410279648,133.62880873680115,2029.7840385437007,0.001,0.0346427483320996,0.1636810539553214,1
16,SRTsim,sim2,SRTsim_2_10,STAGATE,0.9992002400693588,0.9981904965859492,0.9994001200720248,0.9997,0.9981904821851038,0.9981905109867948,0.998190496585949,244.41728830337524,1577.035771369934,0.0004,0.0346441832817194,0.1636445678487708,1
17,SRTsim,sim2,SRTsim_2_10,stLearn,0.983656777777122,0.9753213727690546,0.987741367932509,0.9938,0.9753204722290808,0.9753222733106915,0.9753213727690546,32.3741238117218,1159.328426361084,0.0062,0.0354124511960972,0.160205151797394,1
18,SRTsim,sim2,SRTsim_2_2,CCST,0.971350190575878,0.9577033911613296,0.9785141167398852,0.9891358024691358,0.957634549192734,0.9577722430283933,0.9577033911613296,158.50468134880066,435.379789352417,0.0044444444444444,0.0769990503509009,0.1619410492014792,1
19,SRTsim,sim2,SRTsim_2_2,DeepST,0.994633942913428,0.9908434729334896,0.9959755844327658,0.9980246913580249,0.9908113777240882,0.9908755702222694,0.9908434729334896,117.57186222076416,567.9887990951538,0.0014814814814814,0.0769990503509009,0.162007188678676,1
20,SRTsim,sim2,SRTsim_2_2,GraphST,0.9672728716077064,0.9540195250639432,0.975453497641516,0.9876543209876544,0.954066023457651,0.9539730312024068,0.9540195250639432,15.64217495918274,358.9927034378052,0.0093827160493827,0.0769990503509009,0.1622668675088723,1
21,SRTsim,sim2,SRTsim_2_2,SEDR,0.9893476163241988,0.9825084245743604,0.9920106039128522,0.9960493827160494,0.9825226134946066,0.982494236063922,0.9825084245743606,16.779223680496216,212.5770616531372,0.0039506172839506,0.0769990503509009,0.1623836740145841,1
22,SRTsim,sim2,SRTsim_2_2,SpaceFlow,0.6532751585940727,0.7941313393619218,0.7688937607250264,0.7446913580246913,0.7256564951150956,0.8768756151682943,0.7941313393619219,16.675050735473633,319.97469997406006,0.0414814814814814,0.0770370745732964,0.1854661274831612,1
23,SRTsim,sim2,SRTsim_2_2,SpaGCN,0.9840267418053452,0.9767474541573744,0.9880204268184766,0.994074074074074,0.9767158155434762,0.9767790948210686,0.9767474541573744,29.690175771713257,388.3713817596436,0.005432098765432,0.0783414732131508,0.1595435284935158,1
24,SRTsim,sim2,SRTsim_2_2,SpatialMGCN,0.989389009152858,0.9823337474543214,0.9920415577874622,0.9960493827160494,0.982360032198488,0.9823074641167048,0.9823337474543212,40.591639280319214,397.7070779800415,0.0024691358024691,0.0769990503509009,0.1624653998031827,1
25,SRTsim,sim2,SRTsim_2_2,STAGATE,0.9932987252613984,0.9887564322939856,0.9949741201559408,0.9975308641975308,0.98874075967904,0.9887721054057944,0.9887564322939856,32.642645835876465,320.09126567840576,0.0019753086419753,0.0769990503509009,0.1621227461561447,1
26,SRTsim,sim2,SRTsim_2_2,stLearn,0.7497183785109951,0.7966363264210101,0.8122681812739876,0.8804938271604938,0.7967292254312026,0.7965434490724302,0.7966363264210101,3.18908953666687,237.3798456192017,0.1279012345679012,0.0795817200802157,0.1054167979840618,1
27,SRTsim,sim2,SRTsim_2_3,CCST,0.9919617555171468,0.9862354858822656,0.993971317516682,0.9970247933884298,0.986235333112818,0.9862356386517602,0.9862354858822656,262.81633138656616,845.4370622634888,0.0029752066115702,0.0629940788348703,0.1629926293401722,1
28,SRTsim,sim2,SRTsim_2_3,DeepST,1.0,1.0000000000000002,1.0,1.0,1.0000000000000002,1.0,1.0000000000000002,182.70233011245728,858.7876214981079,0.0,0.0629940788348703,0.1630675108301148,1
29,SRTsim,sim2,SRTsim_2_3,GraphST,0.9946256275591382,0.9898435570277112,0.995969223020942,0.99801652892562,0.9898429437138202,0.9898441703423622,0.9898435570277112,18.82227563858032,581.4242925643921,0.0019834710743801,0.06301133040631,0.1626694362355285,1
30,SRTsim,sim2,SRTsim_2_3,SEDR,0.99820484947176,0.9963517755135356,0.9986536376934068,0.9993388429752066,0.996351312704282,0.996352238323219,0.9963517755135356,22.1274471282959,386.4143753051758,0.0003305785123966,0.0629940788348703,0.1630345482060616,1
31,SRTsim,sim2,SRTsim_2_3,SpaceFlow,0.6602176005786609,0.8143397108412886,0.7741721395714376,0.7451239669421488,0.7433728623654775,0.9002864776359598,0.8143397108412886,17.870949745178223,477.65819931030273,0.0416528925619834,0.0630149033237413,0.1802561176824754,1
32,SRTsim,sim2,SRTsim_2_3,SpaGCN,0.9973116516376276,0.9953141095033792,0.9979837413809092,0.99900826446281,0.9953127219185924,0.9953154970920348,0.9953141095033792,30.729106426239014,579.6946439743042,0.00099173553719,0.063515490817193,0.1626798718419037,1
33,SRTsim,sim2,SRTsim_2_3,SpatialMGCN,0.9919466389767398,0.9861668740642116,0.9939599959939336,0.9970247933884298,0.9861639746078252,0.9861697735376472,0.9861668740642116,43.03124213218689,593.590142250061,0.0016528925619834,0.0629940788348703,0.1628013966289342,1
34,SRTsim,sim2,SRTsim_2_3,STAGATE,0.9937434973855443,0.9893444930054268,0.9953076237232036,0.9976859504132232,0.9893443397543894,0.989344646256512,0.9893444930054268,57.76052212715149,477.6799907684326,0.0023140495867768,0.0629940788348703,0.1627559313962425,1
35,SRTsim,sim2,SRTsim_2_3,stLearn,0.9701465213211232,0.9610659409182092,0.97760990404644,0.9887603305785124,0.9610653454351276,0.9610665364020284,0.9610659409182092,4.911073446273804,352.6023359298706,0.0112396694214876,0.064365731181723,0.1561208232564485,1
36,SRTsim,sim2,SRTsim_2_4,CCST,0.9922171027629564,0.9862219119526584,0.9941614085996596,0.9970703125,0.9862206394382348,0.986223184470366,0.9862219119526584,434.1163136959076,1427.444951057434,0.002685546875,0.0541331961960766,0.1621829126043505,1
37,SRTsim,sim2,SRTsim_2_4,DeepST,0.9993487992582132,0.9986031865483944,0.9995114802149772,0.999755859375,0.9986031006771692,0.9986032724196344,0.9986031865483944,238.65639328956604,1187.0838775634766,0.000244140625,0.0541331961960766,0.1632069864039925,1
38,SRTsim,sim2,SRTsim_2_4,GraphST,0.9993487992582132,0.9986031865483944,0.9995114802149772,0.999755859375,0.9986031006771692,0.9986032724196344,0.9986031865483944,25.53134799003601,920.8402681350708,0.000244140625,0.0541331961960766,0.1631733827647853,1
39,SRTsim,sim2,SRTsim_2_4,SEDR,1.0,1.0,1.0,1.0,1.0,1.0,1.0,19.666842222213745,623.4222545623779,0.0,0.0541331961960766,0.163216329263069,1
40,SRTsim,sim2,SRTsim_2_4,SpaceFlow,0.7029253388394308,0.8164368884262521,0.7998506412426482,0.763916015625,0.7477323018911588,0.8990446488796083,0.8164368884262521,20.12101483345032,646.4811353683472,0.029296875,0.0541464123084292,0.1503496631161059,1
41,SRTsim,sim2,SRTsim_2_4,SpaGCN,0.9986982353869588,0.9974505132530332,0.9990234384326871,0.99951171875,0.9974501701644484,0.997450856341854,0.9974505132530332,60.553086280822754,784.6553316116333,0.00048828125,0.05426150090999,0.1629386063556183,1
42,SRTsim,sim2,SRTsim_2_4,SpatialMGCN,0.994800606325676,0.9909628920162998,0.9960995149189676,0.998046875,0.990959483430028,0.990966300626021,0.9909628920163,56.08490800857544,803.4048080444336,0.000732421875,0.0541331961960766,0.1630725320351201,1
43,SRTsim,sim2,SRTsim_2_4,STAGATE,0.9993487992582132,0.9986031865483946,0.9995114802149772,0.999755859375,0.9986031006771692,0.9986032724196346,0.9986031865483946,162.41155362129211,646.5182914733887,0.000244140625,0.0541331961960766,0.1631764405677357,1
44,SRTsim,sim2,SRTsim_2_4,stLearn,0.9775535429382264,0.9675191597182738,0.9831610796042424,0.991455078125,0.9675170797536355,0.9675212396918552,0.9675191597182738,11.002951383590698,476.3664379119873,0.0087890625,0.0555447494280799,0.1579771856980592,1
45,SRTsim,sim2,SRTsim_2_5,CCST,0.9989275245707396,0.9976662100821092,0.9991956434702796,0.9996032533227536,0.9976661542162568,0.997666265947968,0.9976662100821092,620.0159773826599,2053.9304552078247,0.0003967466772465,0.0487950036474246,0.1633810392201243,1
46,SRTsim,sim2,SRTsim_2_5,DeepST,0.9973224917515218,0.9953171519091808,0.9979918714560154,0.9990081333068836,0.9953157585479336,0.9953185452743292,0.9953171519091808,279.3455448150635,1491.313027381897,0.0003967466772465,0.0487950036474246,0.1634248728837054,1
47,SRTsim,sim2,SRTsim_2_5,GraphST,0.9736017409634622,0.96206935061898,0.980201418077611,0.9900813330688356,0.962063541425391,0.962075159882724,0.9620693506189798,24.803297996521,1278.3510942459106,0.0043642134497123,0.0487950036474246,0.1632303998398132,1
48,SRTsim,sim2,SRTsim_2_5,SEDR,0.9946510643974606,0.9903430356848798,0.9959883010371048,0.9980162666137672,0.9903423150192124,0.990343756351596,0.9903430356848796,21.45683169364929,876.097975730896,0.0007934933544931,0.0487950036474246,0.1635018506715832,1
49,SRTsim,sim2,SRTsim_2_5,SpaceFlow,0.9430829815713602,0.9412569116941142,0.9573333893259374,0.9779805594128148,0.940780790871568,0.9417335146817394,0.9412569116941144,25.1392662525177,795.3855171203613,0.0194405871850823,0.0488046832752063,0.1498811160699301,1
50,SRTsim,sim2,SRTsim_2_5,SpaGCN,0.998392231490956,0.9966978715508557,0.9987941736815108,0.99940487998413,0.9966978157392266,0.9966979273624909,0.9966978715508557,68.45158219337463,965.3904552459716,0.0005951200158698,0.0489401980641497,0.1632904682682192,1
51,SRTsim,sim2,SRTsim_2_5,SpatialMGCN,0.9978554696544548,0.9955308358497186,0.998391602578672,0.9992065066455068,0.9955306128645346,0.9955310588350026,0.9955308358497188,68.19017720222473,988.4230279922484,0.0007934933544931,0.0488917999252413,0.1632048038960197,1
52,SRTsim,sim2,SRTsim_2_5,STAGATE,0.9989277348272274,0.997864570163113,0.9991958012894352,0.9996032533227536,0.9978643466552046,0.9978647936711216,0.997864570163113,108.52913856506348,795.4375123977661,0.0003967466772465,0.0487950036474246,0.1633790009681905,1
53,SRTsim,sim2,SRTsim_2_5,stLearn,0.975245759668933,0.9664673667113164,0.9814343285215678,0.9906764530847054,0.9664668796414908,0.9664678537816328,0.9664673667113162,10.914167642593384,585.4668970108032,0.0097202935925411,0.0497848696859341,0.1585801334483552,1
54,SRTsim,sim2,SRTsim_2_6,CCST,0.9986454052805674,0.997136739740527,0.9989840602518368,0.9994940124810254,0.9971303127197588,0.9971431668441468,0.997136739740527,822.9065623283386,2764.666955947876,0.0006746500252993,0.0449921270665846,0.1633626069499175,1
55,SRTsim,sim2,SRTsim_2_6,DeepST,0.998634303814746,0.9971338010906108,0.9989757249453028,0.9994940124810254,0.9971368725596916,0.997130729640452,0.9971338010906108,336.7035393714905,1792.5077419281006,0.0005059875189745,0.0449921270665846,0.1633347776998395,1
56,SRTsim,sim2,SRTsim_2_6,GraphST,0.990947112457394,0.985390312878051,0.9932103751991448,0.9966267498735032,0.9853840025489454,0.9853966232879792,0.9853903128780512,26.949087142944336,1663.972306251526,0.0020239500758981,0.0449921270665846,0.1630492514624187,1
57,SRTsim,sim2,SRTsim_2_6,SEDR,0.9955174285760894,0.9918838933779802,0.9966380421900216,0.9983133749367517,0.9918931603078054,0.9918746266213092,0.9918838933779802,27.365417003631592,1150.7850198745728,0.0013493000505987,0.0449921270665846,0.1634397075826144,1
58,SRTsim,sim2,SRTsim_2_6,SpaceFlow,0.6840282956805989,0.8280669636394014,0.7932580715137377,0.7527407657277787,0.7428746627075347,0.9353298827294644,0.8280669636394015,35.27978563308716,935.3084516525269,0.0187215382020576,0.0449997155515005,0.1860306830236494,1
59,SRTsim,sim2,SRTsim_2_6,SpaGCN,0.9963643236052436,0.9933843170273644,0.9972732768957288,0.9986506999494013,0.99337127172118,0.9933973626761844,0.9933843170273644,87.86218523979187,1135.2246379852295,0.0011806375442739,0.0452899463486722,0.1630077128344837,1
60,SRTsim,sim2,SRTsim_2_6,SpatialMGCN,0.9963642778156078,0.9932879893053144,0.9972732248666252,0.9986506999494013,0.9932816284003744,0.9932943502917247,0.9932879893053148,84.1208074092865,1162.281981468201,0.0013493000505987,0.0451363082799874,0.1633192231761235,1
61,SRTsim,sim2,SRTsim_2_6,STAGATE,0.9981797110465788,0.9963545401539698,0.9986347916291388,0.9993253499747006,0.9963481596111818,0.9963609207784796,0.99635454015397,110.69343423843384,935.3738975524902,0.0006746500252993,0.0451590737347352,0.163139097102574,1
62,SRTsim,sim2,SRTsim_2_6,stLearn,0.9802488618521208,0.9707825694104956,0.9851867804924244,0.9925788497217068,0.9707732069674802,0.9707919320341012,0.9707825694104956,14.152684450149536,688.1808748245239,0.0077584752909428,0.0460680548391431,0.1589719227541006,1
63,SRTsim,sim2,SRTsim_2_7,CCST,0.9969791422050648,0.9939190934130828,0.9977340362423792,0.9988662131519276,0.9939187479307928,0.9939194388956132,0.9939190934130828,1134.9436268806458,3810.096048355103,0.0007086167800453,0.0412422275391172,0.1636034002868026,1
64,SRTsim,sim2,SRTsim_2_7,DeepST,0.999244249224003,0.9982671597389474,0.9994331065759636,0.9997165532879818,0.9982671597389474,0.9982671597389474,0.9982671597389474,394.1475789546967,2191.92399597168,0.0002834467120181,0.0412422275391172,0.1635525462447921,1
65,SRTsim,sim2,SRTsim_2_7,GraphST,0.991349711569428,0.9849001693708398,0.9935113694757572,0.9967403628117912,0.9848992848809428,0.9849010538623256,0.98490016937084,30.956578016281128,2222.934203147888,0.0026927437641723,0.0412422275391172,0.1634870745119334,1
66,SRTsim,sim2,SRTsim_2_7,SEDR,0.9977336055043012,0.995226706784734,0.9982999633754684,0.9991496598639455,0.9952265914289168,0.9952268221405784,0.9952267067847342,29.19656014442444,1551.5070781707764,0.0007086167800453,0.0412422275391172,0.1635524465396207,1
67,SRTsim,sim2,SRTsim_2_7,SpaceFlow,0.9533987720412754,0.9515373675969044,0.965059236705382,0.981859410430839,0.951113056058861,0.9519620578925224,0.9515373675969044,30.471000909805294,1113.016657829285,0.0171485260770975,0.0412480725260133,0.1521806540602804,1
68,SRTsim,sim2,SRTsim_2_7,SpaGCN,0.99698214162101,0.9942288944884308,0.9977362856370734,0.9988662131519276,0.9942287792482692,0.9942290097286192,0.9942288944884308,115.5348162651062,1501.3157300949097,0.0011337868480725,0.0417028724157539,0.1630550705364784,1
69,SRTsim,sim2,SRTsim_2_7,SpatialMGCN,0.995098983998338,0.9906974744903472,0.9963237185596626,0.998157596371882,0.9906970151666992,0.9906979338144212,0.9906974744903472,91.68860936164856,1383.1848440170288,0.0018424036281179,0.0415227515607342,0.1628075158750326,1
70,SRTsim,sim2,SRTsim_2_7,STAGATE,0.998866695887649,0.9977375915251376,0.9991499016420728,0.9995748299319728,0.9977373313196516,0.9977378517307596,0.9977375915251376,139.81953120231628,1113.0996770858765,0.0004251700680272,0.0413591272770399,0.1634677028470382,1
71,SRTsim,sim2,SRTsim_2_7,stLearn,0.984300816026295,0.9763048927752058,0.9882239452851644,0.9940476190476192,0.976304694788725,0.9763050907617672,0.976304892775206,15.59338879585266,818.7920951843262,0.00609410430839,0.0420519835877764,0.1604039875973883,1
72,SRTsim,sim2,SRTsim_2_8,CCST,0.9993193730853116,0.9984331211034718,0.9994895298139836,0.999747506627951,0.9984331211034718,0.9984331211034718,0.9984331211034718,1403.0659341812134,4725.818167686462,0.0002524933720489,0.0389249472080747,0.1634819267593412,1
73,SRTsim,sim2,SRTsim_2_8,DeepST,0.9996596028302952,0.9992165367007048,0.9997447026275204,0.9998737533139757,0.9992144912163846,0.9992185821933994,0.9992165367007048,454.3339927196503,2511.494965553284,0.0001262466860244,0.0389249472080747,0.1634564800818309,1
74,SRTsim,sim2,SRTsim_2_8,GraphST,0.9972815940726916,0.9947660957634366,0.9979612035080514,0.998990026511804,0.9947619777471798,0.9947702138137884,0.9947660957634368,34.39728808403015,2704.342167854309,0.0008837268021714,0.0389249472080747,0.1633581917703894,1
75,SRTsim,sim2,SRTsim_2_8,SEDR,0.9959635980784964,0.9923224386255436,0.996972669514866,0.998485039767706,0.9923327568211422,0.9923121206445183,0.9923224386255436,31.03852581977844,1898.4121360778809,0.0011362201742204,0.0389249472080747,0.1635170163263519,1
76,SRTsim,sim2,SRTsim_2_8,SpaceFlow,0.6756830493840471,0.8015720982562545,0.7857650309360342,0.7526827420780204,0.7196738737999246,0.904503797966783,0.8015720982562548,35.4876446723938,1314.5103950500488,0.0161595758111349,0.0389298613536634,0.1891555325065028,1
77,SRTsim,sim2,SRTsim_2_8,SpaGCN,0.9969426221376294,0.9944643191016752,0.9977070002677262,0.9988637798257796,0.9944491184215012,0.9944795202465572,0.9944643191016752,141.21418476104736,1815.5033931732175,0.0011362201742204,0.0392142509598488,0.1629963447481727,1
78,SRTsim,sim2,SRTsim_2_8,SpatialMGCN,0.997633322626976,0.9953788140844904,0.9982249769878124,0.9991162731978286,0.9953879991136784,0.995369629224812,0.9953788140844902,112.8780119419098,1552.540265083313,0.0008837268021714,0.0389249472080747,0.1632411960100916,1
79,SRTsim,sim2,SRTsim_2_8,STAGATE,0.9979601445190937,0.9959309201534736,0.9984701027929612,0.999242519883853,0.9959348617097284,0.9959269786284172,0.9959309201534736,154.08270859718323,1249.4114627838137,0.0007574801161469,0.0390527149933808,0.1631481755061634,1
80,SRTsim,sim2,SRTsim_2_8,stLearn,0.9779034118861526,0.9687185128513812,0.983427840537884,0.9916677187223836,0.9687009625058044,0.9687360638329028,0.9687185128513812,17.22513723373413,918.8459663391112,0.0082060345915919,0.0400422902599914,0.1584652386856595,1
81,SRTsim,sim2,SRTsim_2_9,CCST,0.9994030242492912,0.9987148017360908,0.9995522682163082,0.9997783933518004,0.9987147317057132,0.9987148717664782,0.9987148017360908,1802.1935367584229,6017.80122089386,0.0001108033240997,0.0364662478744713,0.1636065635157019,1
82,SRTsim,sim2,SRTsim_2_9,DeepST,0.9979128799784184,0.996202801848084,0.9984346612424349,0.999224376731302,0.9962019461324731,0.996203657565165,0.996202801848084,566.5013446807861,2935.8825464248657,0.0005540166204986,0.0364662478744713,0.1636382213121894,1
83,SRTsim,sim2,SRTsim_2_9,GraphST,0.9916843651323544,0.9859031716703024,0.9937632925745432,0.9968975069252076,0.9859000081724372,0.9859063351884688,0.9859031716703022,48.6365065574646,3385.104667663574,0.0026592797783933,0.0365538298086698,0.1630869818623272,1
84,SRTsim,sim2,SRTsim_2_9,SEDR,0.9970203601736232,0.9943234051709212,0.9977652702765816,0.9988919667590028,0.9943233354484704,0.9943234748933816,0.9943234051709212,41.880778074264526,2390.92453289032,0.0004432132963988,0.0364662478744713,0.1635996589079722,1
85,SRTsim,sim2,SRTsim_2_9,SpaceFlow,0.6411146216263572,0.7344176727550563,0.7564675016900517,0.7213296398891966,0.675066645246675,0.8052108153075224,0.7344176727550562,55.66129398345947,1423.278964996338,0.0562880886426592,0.0364776763647346,0.1859062248256497,1
86,SRTsim,sim2,SRTsim_2_9,SpaGCN,0.9964260052907904,0.993398099439558,0.9973195046705464,0.9986703601108032,0.9933978208091802,0.9933983780700922,0.993398099439558,198.2070195674896,2247.6152658462524,0.0013296398891966,0.0367838435206619,0.1631019018149232,1
87,SRTsim,sim2,SRTsim_2_9,SpatialMGCN,0.9961290218224584,0.9928756044538856,0.9970967664143758,0.9985595567867036,0.9928755870486548,0.9928756218591172,0.9928756044538856,120.31590986251832,1768.6892347335815,0.0008864265927977,0.036591023507582,0.1634650848211581,1
88,SRTsim,sim2,SRTsim_2_9,STAGATE,0.9982106451290964,0.9964554009842784,0.9986579841986664,0.9993351800554016,0.996455121496382,0.9964556804723312,0.9964554009842782,184.5772128105164,1423.3881740570068,0.0005540166204986,0.0365591812485558,0.1635090874756474,1
89,SRTsim,sim2,SRTsim_2_9,stLearn,0.9823149128710236,0.974309005732188,0.986736244023267,0.9933518005540166,0.974304341899292,0.974313669609734,0.9743090057321878,28.489256381988525,1046.5505485534668,0.0066481994459833,0.0373087070279212,0.1599672148780916,1
90,SRTsim,sim2,SRTsim_2_1,CCST,0.9665107305189432,0.9502614740253276,0.974858591609318,0.9873046875,0.9502575568189636,0.9502653912639868,0.9502614740253276,86.86567163467407,157.16451835632324,0.009765625,0.1083060722147764,0.1600839843140842,2
91,SRTsim,sim2,SRTsim_2_1,DeepST,0.9769115492597272,0.9724323496120746,0.982668566895315,0.9912109375,0.9723239547893464,0.97254076860524,0.9724323496120746,62.71189403533936,292.2149810791016,0.0009765625,0.1083060722147764,0.1609107165438647,2
92,SRTsim,sim2,SRTsim_2_1,GraphST,0.9973932819104482,0.9953893045098666,0.998043052844892,0.9990234375,0.9953879349888538,0.9953906740346478,0.9953893045098664,9.212010860443115,181.9859561920166,0.0009765625,0.1083060722147764,0.1611029679333739,2
93,SRTsim,sim2,SRTsim_2_1,SEDR,0.979356038583886,0.9687714415970046,0.9845021514652492,0.9921875,0.9687540821456812,0.9687888016704796,0.9687714415970046,9.979939699172974,92.11139011383057,0.005859375,0.1083060722147764,0.1604031019109748,2
94,SRTsim,sim2,SRTsim_2_1,SpaceFlow,0.6661104418137116,0.8184435677379571,0.7763560917946353,0.75,0.75,0.9006336771941185,0.818443567737957,16.72588610649109,162.19087314605713,0.0390625,0.1084118398634236,0.1785994025720344,2
95,SRTsim,sim2,SRTsim_2_1,SpaGCN,0.7789436071925224,0.8151385550058043,0.8340475402171236,0.8955078125,0.8151284611171213,0.8151486491444794,0.8151385550058043,45.23847031593323,196.8253965377808,0.0947265625,0.1100437874339748,0.1127481226935927,2
96,SRTsim,sim2,SRTsim_2_1,SpatialMGCN,0.948993713081064,0.9396820217568111,0.961720022724255,0.98046875,0.9393708554955956,0.939993394233762,0.9396820217568111,16.359930276870728,201.650426864624,0.0078125,0.1093637487012488,0.1584496861492156,2
97,SRTsim,sim2,SRTsim_2_1,STAGATE,0.9947967529296876,0.9907813734365318,0.99609375,0.998046875,0.9907813734365318,0.9907813734365318,0.9907813734365318,24.471041440963745,162.26189041137695,0.001953125,0.1083060722147764,0.1614498617368365,2
98,SRTsim,sim2,SRTsim_2_1,stLearn,0.6602327657880896,0.7344462805556934,0.7451403841396977,0.765625,0.7337774146744748,0.7351163669425731,0.7344462805556933,2.6474478244781494,122.1760139465332,0.228515625,0.1119434636319978,0.0861996263216103,2
99,SRTsim,sim2,SRTsim_2_10,CCST,0.9978690685169672,0.9956835989596396,0.998401641999773,0.9992,0.9956832972437758,0.9956839006756864,0.9956835989596398,2199.799643754959,7326.804563522339,0.0009,0.0347258909280967,0.16353882662103,2
100,SRTsim,sim2,SRTsim_2_10,DeepST,1.0,1.0,1.0,1.0,1.0,1.0,1.0,634.4608824253082,3326.158254623413,0.0,0.0346427483320996,0.1636488134684431,2
101,SRTsim,sim2,SRTsim_2_10,GraphST,0.998667600560064,0.9972175133243096,0.9990006006000888,0.9995,0.99721738384301,0.997217642805643,0.9972175133243096,53.72415280342102,4048.178795814514,0.0005,0.0347555324732463,0.1634347464716091,2
102,SRTsim,sim2,SRTsim_2_10,SEDR,0.9984007468854096,0.9963810653413008,0.9988004402240728,0.9994,0.99638105096656,0.9963810797160416,0.9963810653413008,48.64515280723572,2872.280430793762,0.0006,0.0346427483320996,0.1636138492793733,2
103,SRTsim,sim2,SRTsim_2_10,SpaceFlow,0.7103417289264874,0.8415862846127096,0.8093007476502607,0.7643,0.7564340852894279,0.9483416202671792,0.8415862846127096,58.20311427116394,1576.9110498428345,0.0146,0.0346462126069328,0.1312800181279341,2
104,SRTsim,sim2,SRTsim_2_10,SpaGCN,0.998667600275648,0.9971553156697264,0.9990006002800887,0.9995,0.9971553012838156,0.9971553300556374,0.9971553156697264,231.15716981887817,2676.233661651612,0.0005,0.0348485833755978,0.1634437937071327,2
105,SRTsim,sim2,SRTsim_2_10,SpatialMGCN,0.9952158859694,0.9922955410279648,0.996411571218236,0.9982,0.992290902669155,0.9923001794301378,0.9922955410279648,129.98714208602905,2029.787265777588,0.001,0.0346427483320996,0.1636810539553214,2
106,SRTsim,sim2,SRTsim_2_10,STAGATE,0.9992002400693588,0.9981904965859492,0.9994001200720248,0.9997,0.998190482185104,0.9981905109867948,0.9981904965859492,214.80300736427307,1577.034420967102,0.0004,0.0346441832817193,0.1636445678487708,2
107,SRTsim,sim2,SRTsim_2_10,stLearn,0.983656777777122,0.9753213727690546,0.987741367932509,0.9938,0.9753204722290808,0.9753222733106915,0.9753213727690546,32.625202894210815,1159.328335762024,0.0062,0.0354124511960972,0.160205151797394,2
108,SRTsim,sim2,SRTsim_2_2,CCST,0.9841768754664144,0.9750027360907124,0.9881327184891822,0.994074074074074,0.9749971198763826,0.975008352369744,0.9750027360907124,155.9124846458435,435.1976613998413,0.0039506172839506,0.0774173167972515,0.1614825836948504,2
109,SRTsim,sim2,SRTsim_2_2,DeepST,0.9959709769795212,0.9934250023574696,0.9969781163980296,0.9985185185185184,0.9934681297678652,0.9933818786913164,0.9934250023574696,127.09396505355836,567.9881563186646,0.0014814814814814,0.0769990503509009,0.1626141182974222,2
110,SRTsim,sim2,SRTsim_2_2,GraphST,0.9672728716077064,0.9540195250639432,0.975453497641516,0.9876543209876544,0.954066023457651,0.9539730312024068,0.9540195250639432,16.752785205841064,358.9562683105469,0.0093827160493827,0.0769990503509009,0.1622668675088723,2
111,SRTsim,sim2,SRTsim_2_2,SEDR,0.980116689697528,0.9710605553985694,0.9850879724547058,0.9925925925925926,0.9710294512918596,0.9710916614980024,0.9710605553985694,13.588942050933838,212.5371437072754,0.005432098765432,0.0769990503509009,0.1626376257827481,2
112,SRTsim,sim2,SRTsim_2_2,SpaceFlow,0.4443928532535229,0.5490936869357322,0.6326480871063604,0.5303703703703704,0.4796459324505751,0.6420568584173895,0.5490936869357322,20.463640451431274,319.96545791625977,0.114074074074074,0.0771065990929218,0.1774586401212293,2
113,SRTsim,sim2,SRTsim_2_2,SpaGCN,0.9840267418053452,0.9767474541573744,0.9880204268184766,0.994074074074074,0.9767158155434762,0.9767790948210686,0.9767474541573744,20.84585404396057,388.3715343475342,0.005432098765432,0.0783414732131508,0.1595435284935158,2
114,SRTsim,sim2,SRTsim_2_2,SpatialMGCN,0.989389009152858,0.9823337474543214,0.9920415577874622,0.9960493827160494,0.982360032198488,0.9823074641167048,0.9823337474543212,30.90662455558777,397.7091503143311,0.0024691358024691,0.0769990503509009,0.1624653998031827,2
115,SRTsim,sim2,SRTsim_2_2,STAGATE,0.9932987252613984,0.9887564322939852,0.9949741201559408,0.9975308641975308,0.9887407596790398,0.9887721054057944,0.9887564322939852,30.638182401657104,320.06078147888184,0.0019753086419753,0.0769990503509009,0.1621227461561447,2
116,SRTsim,sim2,SRTsim_2_2,stLearn,0.8133807374567376,0.832386006719679,0.8600558414142955,0.9190123456790124,0.8322583212935515,0.8325137313309232,0.8323860067196789,4.253751277923584,237.3530969619751,0.0874074074074074,0.0806616706055418,0.1212727937605024,2
117,SRTsim,sim2,SRTsim_2_3,CCST,0.987509335640546,0.9803041451163496,0.9906320729886948,0.9953719008264464,0.9802962582345582,0.9803120321250482,0.9803041451163496,268.02692699432373,845.4359121322632,0.0023140495867768,0.0629940788348703,0.1627560437448629,2
118,SRTsim,sim2,SRTsim_2_3,DeepST,1.0,1.0000000000000002,1.0,1.0,1.0000000000000002,1.0,1.0000000000000002,179.66980743408203,858.7857522964478,0.0,0.0629940788348703,0.1630675108301148,2
119,SRTsim,sim2,SRTsim_2_3,GraphST,0.9946256275591382,0.9898435570277112,0.995969223020942,0.99801652892562,0.9898429437138202,0.9898441703423622,0.9898435570277112,17.83220648765564,581.4246339797974,0.0019834710743801,0.06301133040631,0.1626694362355285,2
120,SRTsim,sim2,SRTsim_2_3,SEDR,0.999102715727924,0.9981759656718702,0.999327036894128,0.9996694214876032,0.9981758110528236,0.9981761202909648,0.9981759656718702,21.637325525283813,386.4136772155762,0.0003305785123966,0.0629940788348703,0.1630331633192764,2
121,SRTsim,sim2,SRTsim_2_3,SpaceFlow,0.6752297544211416,0.8211483675341309,0.7866568431490725,0.7451239669421488,0.740386810947629,0.9216860893876584,0.8211483675341309,19.82537078857422,477.6581611633301,0.024793388429752,0.0630149033237413,0.1854849614736569,2
122,SRTsim,sim2,SRTsim_2_3,SpaGCN,0.9973116516376276,0.9953141095033792,0.9979837413809092,0.99900826446281,0.9953127219185924,0.9953154970920348,0.9953141095033792,26.161339044570923,579.6947765350342,0.00099173553719,0.063515490817193,0.1626798718419037,2
123,SRTsim,sim2,SRTsim_2_3,SpatialMGCN,0.9919466389767398,0.9861668740642116,0.9939599959939336,0.9970247933884298,0.9861639746078252,0.9861697735376472,0.9861668740642116,43.06988716125488,593.5897607803345,0.0016528925619834,0.0629940788348703,0.1628013966289342,2
124,SRTsim,sim2,SRTsim_2_3,STAGATE,0.9937434973855443,0.989344493005427,0.9953076237232036,0.9976859504132232,0.9893443397543894,0.989344646256512,0.989344493005427,59.83730316162109,477.6790676116944,0.0023140495867768,0.0629940788348703,0.1627559313962425,2
125,SRTsim,sim2,SRTsim_2_3,stLearn,0.9718652615622312,0.9628754631305666,0.9788989461716736,0.9894214876033058,0.9628754631305666,0.9628754631305666,0.9628754631305666,4.980228662490845,352.6015090942383,0.0105785123966942,0.0645261100645995,0.1565346533273697,2
126,SRTsim,sim2,SRTsim_2_4,CCST,0.9935099493674012,0.988173160715618,0.9951312760814942,0.99755859375,0.9881725661436664,0.9881737552882852,0.988173160715618,435.49959897995,1427.445393562317,0.0009765625,0.0541331961960766,0.1632211331157071,2
127,SRTsim,sim2,SRTsim_2_4,DeepST,0.9993487992582132,0.9986031865483944,0.9995114802149772,0.999755859375,0.9986031006771692,0.9986032724196344,0.9986031865483944,234.8567943572998,1187.081916809082,0.000244140625,0.0541331961960766,0.1632258648160095,2
128,SRTsim,sim2,SRTsim_2_4,GraphST,0.9993487992582132,0.9986031865483944,0.9995114802149772,0.999755859375,0.9986031006771692,0.9986032724196344,0.9986031865483944,27.717973947525024,920.8401737213136,0.000244140625,0.0541331961960766,0.1631733827647853,2
129,SRTsim,sim2,SRTsim_2_4,SEDR,0.9973980626379086,0.9949934331630992,0.998048071520396,0.9990234375,0.9949928344874714,0.9949940318394476,0.9949934331630994,21.181516885757446,623.4237985610962,0.000732421875,0.0541331961960766,0.1631946432006512,2
130,SRTsim,sim2,SRTsim_2_4,SpaceFlow,0.6679142301317259,0.7903371014482367,0.7779140218033204,0.75,0.715875816934067,0.8820866842820037,0.7903371014482367,24.801774501800537,646.4810209274292,0.02197265625,0.0541464123084291,0.1887721636986379,2
131,SRTsim,sim2,SRTsim_2_4,SpaGCN,0.9986982353869588,0.9974505132530332,0.9990234384326871,0.99951171875,0.9974501701644484,0.997450856341854,0.9974505132530332,52.71617889404297,784.6552019119263,0.00048828125,0.05426150090999,0.1629386063556183,2
132,SRTsim,sim2,SRTsim_2_4,SpatialMGCN,0.994800606325676,0.9909628920162998,0.9960995149189676,0.998046875,0.990959483430028,0.990966300626021,0.9909628920163,56.00314998626709,803.4044198989868,0.000732421875,0.0541331961960766,0.1630725320351201,2
133,SRTsim,sim2,SRTsim_2_4,STAGATE,0.9993487992582132,0.9986031865483944,0.9995114802149772,0.999755859375,0.9986031006771692,0.9986032724196344,0.9986031865483944,162.36345028877258,646.51842212677,0.000244140625,0.0541331961960766,0.1631764405677357,2
134,SRTsim,sim2,SRTsim_2_4,stLearn,0.9788146643600454,0.969050513087013,0.9841071801280792,0.991943359375,0.969046429888248,0.9690545963201884,0.9690505130870128,11.601798295974731,476.36633586883545,0.00830078125,0.055487516116835,0.1582203272284472,2
135,SRTsim,sim2,SRTsim_2_5,CCST,0.9951850942592791,0.9909636269613284,0.9963888220216588,0.9982146399523903,0.9909632383971132,0.990964015525848,0.9909636269613284,626.0307123661041,2053.929799079895,0.0007934933544931,0.0487950036474246,0.1635061311903415,2
136,SRTsim,sim2,SRTsim_2_5,DeepST,0.9989277348272274,0.9978645701631128,0.9991958012894352,0.9996032533227536,0.9978643466552044,0.9978647936711212,0.9978645701631128,291.8168785572052,1491.3118677139282,0.0003967466772465,0.0487950036474246,0.1633916565463279,2
137,SRTsim,sim2,SRTsim_2_5,GraphST,0.9736017409634622,0.96206935061898,0.980201418077611,0.9900813330688356,0.962063541425391,0.962075159882724,0.9620693506189798,25.144233465194706,1278.3509645462036,0.0043642134497123,0.0487950036474246,0.1632303998398132,2
138,SRTsim,sim2,SRTsim_2_5,SEDR,0.9914488738757176,0.985994317457089,0.9935867041271776,0.9968260265820272,0.9859863667746284,0.9860022682677744,0.985994317457089,22.119277715682983,876.0958290100098,0.0021821067248561,0.0487950036474246,0.1633526352014406,2
139,SRTsim,sim2,SRTsim_2_5,SpaceFlow,0.9425698592794928,0.9400957378702554,0.9569484974181628,0.9777821860741917,0.9396249774418752,0.9405669702453656,0.9400957378702554,24.458993673324585,795.3855018615723,0.0196389605237056,0.0488046832752063,0.1498914062078195,2
140,SRTsim,sim2,SRTsim_2_5,SpaGCN,0.998392231490956,0.9966978715508557,0.9987941736815108,0.99940487998413,0.9966978157392266,0.9966979273624909,0.9966978715508557,61.46953988075256,965.3906230926514,0.0005951200158698,0.0489401980641497,0.1632904682682192,2
141,SRTsim,sim2,SRTsim_2_5,SpatialMGCN,0.9978554696544548,0.9955308358497186,0.998391602578672,0.9992065066455068,0.9955306128645346,0.9955310588350026,0.9955308358497188,67.56314897537231,988.4223432540894,0.0007934933544931,0.0488917999252413,0.1632048038960197,2
142,SRTsim,sim2,SRTsim_2_5,STAGATE,0.6629169541519361,0.8136975658606275,0.7755582154591468,0.7464788732394366,0.7423677146830494,0.9001918300936363,0.8136975658606274,111.79637742042542,795.4475536346436,0.0315413608411029,0.0492515676946772,0.1476007712141455,2
143,SRTsim,sim2,SRTsim_2_5,stLearn,0.9757627766545957,0.9670308745307232,0.981822086307027,0.9908748264233288,0.9670306579291376,0.9670310911324058,0.9670308745307232,10.35174822807312,585.4661026000977,0.0095219202539178,0.0498025681799276,0.1586805345862812,2
144,SRTsim,sim2,SRTsim_2_6,CCST,0.9977253081171826,0.9959208341718064,0.9982939586259654,0.9991566874683758,0.9959353652323756,0.9959063035352582,0.9959208341718064,838.9241988658905,2764.6668605804443,0.0005059875189745,0.0449921270665846,0.1635128995064033,2
145,SRTsim,sim2,SRTsim_2_6,DeepST,0.9990892272748966,0.9981453269390702,0.9993169167147488,0.9996626749873504,0.998151395165491,0.998139258786432,0.9981453269390702,349.6736590862274,1792.506615638733,0.0003373250126496,0.0449921270665846,0.1633857823591349,2
146,SRTsim,sim2,SRTsim_2_6,GraphST,0.990947112457394,0.985390312878051,0.9932103751991448,0.9966267498735032,0.9853840025489454,0.9853966232879792,0.9853903128780512,26.98809051513672,1663.9726362228394,0.0020239500758981,0.0449921270665846,0.1630492514624187,2
147,SRTsim,sim2,SRTsim_2_6,SEDR,0.997757668570152,0.9955204520668832,0.9983182429325218,0.9991566874683758,0.99552588373414,0.9955150204588978,0.9955204520668834,26.198575735092163,1150.78462600708,0.0008433125316242,0.0449921270665846,0.1634038532285739,2
148,SRTsim,sim2,SRTsim_2_6,SpaceFlow,0.6853103371013566,0.8312197737306865,0.7940962873799235,0.7532467532467533,0.745906473803788,0.9385689027646332,0.8312197737306866,31.101229429244995,935.3084897994996,0.0183842131894079,0.0449997155515005,0.1863863115085736,2
149,SRTsim,sim2,SRTsim_2_6,SpaGCN,0.9963643236052436,0.9933843170273644,0.9972732768957288,0.9986506999494013,0.99337127172118,0.9933973626761844,0.9933843170273644,81.70356845855713,1135.2245712280271,0.0011806375442739,0.0452899463486722,0.1630077128344837,2
150,SRTsim,sim2,SRTsim_2_6,SpatialMGCN,0.9963642778156078,0.9932879893053144,0.9972732248666252,0.9986506999494013,0.9932816284003744,0.9932943502917247,0.9932879893053148,84.30586743354797,1162.281029701233,0.0013493000505987,0.0451363082799874,0.1633192231761235,2
151,SRTsim,sim2,SRTsim_2_6,STAGATE,0.9977253837087248,0.99551179593454,0.9982940428687588,0.9991566874683758,0.9955086487292149,0.995514943159764,0.9955117959345398,113.43451285362244,935.384397506714,0.0008433125316242,0.0451590737347352,0.1631229061095056,2
152,SRTsim,sim2,SRTsim_2_6,stLearn,0.9806925206411172,0.9713157276686122,0.9855195674679772,0.9927475122280316,0.971303093522205,0.9713283621436988,0.971315727668612,13.38110089302063,688.1814289093018,0.0075898127846179,0.0461272493280843,0.1592059181986296,2
153,SRTsim,sim2,SRTsim_2_7,CCST,0.9981115884856986,0.9960049248731992,0.9985834909534864,0.9992913832199548,0.9960046651195849,0.996005184626949,0.9960049248731992,1138.0120930671692,3810.0963859558105,0.0004251700680272,0.0412422275391172,0.1635339759040002,2
154,SRTsim,sim2,SRTsim_2_7,DeepST,0.9996220174639748,0.9991335508670997,0.9997164729231676,0.999858276643991,0.9991335219149404,0.9991335798192608,0.9991335508670998,412.5069699287415,2191.924285888672,0.000141723356009,0.0412422275391172,0.1635268744187604,2
155,SRTsim,sim2,SRTsim_2_7,GraphST,0.991349711569428,0.9849001693708398,0.9935113694757572,0.9967403628117912,0.9848992848809428,0.9849010538623256,0.98490016937084,31.55820107460022,2222.9344358444214,0.0026927437641723,0.0412422275391172,0.1634870745119334,2
156,SRTsim,sim2,SRTsim_2_7,SEDR,0.9977337159527572,0.9956238360449184,0.9983000474557876,0.9991496598639455,0.9956229419246292,0.9956247301668136,0.9956238360449184,27.035204887390137,1551.508228302002,0.0009920634920634,0.0412422275391172,0.1635392623223156,2
157,SRTsim,sim2,SRTsim_2_7,SpaceFlow,0.693136590977486,0.8356164762994021,0.7988801524387623,0.75,0.7499999999999999,0.9432990657772206,0.8356164762994022,30.89319372177124,1113.016718864441,0.0165816326530612,0.0412480725260133,0.1871201216997093,2
158,SRTsim,sim2,SRTsim_2_7,SpaGCN,0.99698214162101,0.9942288944884308,0.9977362856370734,0.9988662131519276,0.9942287792482692,0.9942290097286192,0.9942288944884308,112.29464507102966,1501.3158168792725,0.0011337868480725,0.0417028724157539,0.1630550705364784,2
159,SRTsim,sim2,SRTsim_2_7,SpatialMGCN,0.995098983998338,0.9906974744903472,0.9963237185596626,0.998157596371882,0.9906970151666992,0.9906979338144212,0.9906974744903472,91.43329739570618,1383.185771942139,0.0018424036281179,0.0415227515607342,0.1628075158750326,2
160,SRTsim,sim2,SRTsim_2_7,STAGATE,0.9984893570900152,0.9971010959773676,0.9988668577110812,0.9994331065759636,0.997100633684766,0.9971015582703978,0.9971010959773676,141.38997840881348,1113.0993814468384,0.0005668934240362,0.0414760270149625,0.1633312148034283,2
161,SRTsim,sim2,SRTsim_2_7,stLearn,0.9846703370797246,0.9767695780368062,0.988501127154232,0.994189342403628,0.9767692101793792,0.9767699458945104,0.9767695780368062,15.423882007598875,818.7925624847412,0.0059523809523809,0.0420766567571269,0.1605686407972784,2
162,SRTsim,sim2,SRTsim_2_8,CCST,0.9986537838556676,0.996996496749103,0.9989903342400792,0.999495013255902,0.9970004193339552,0.9969925741951166,0.996996496749103,1409.6373918056488,4725.81645488739,0.0006312334301224,0.0389249472080747,0.1635348869784397,2
163,SRTsim,sim2,SRTsim_2_8,DeepST,0.9993193680511736,0.9985593431068702,0.9994895242120704,0.999747506627951,0.9985632950655302,0.998555391179491,0.9985593431068702,465.2574725151062,2511.493920326233,0.0002524933720489,0.0389249472080747,0.1634641319985988,2
164,SRTsim,sim2,SRTsim_2_8,GraphST,0.9972815940726916,0.9947660957634366,0.9979612035080514,0.998990026511804,0.9947619777471798,0.9947702138137884,0.9947660957634368,34.63293814659119,2704.342646598816,0.0008837268021714,0.0389249472080747,0.1633581917703894,2
165,SRTsim,sim2,SRTsim_2_8,SEDR,0.995961195991326,0.9925830387473852,0.9969708600856938,0.998485039767706,0.9925962278755716,0.9925698499696958,0.9925830387473854,30.37785315513611,1898.421793937683,0.0008837268021714,0.0389249472080747,0.1635594059298262,2
166,SRTsim,sim2,SRTsim_2_8,SpaceFlow,0.6705939742873619,0.7751933925614151,0.776641146447215,0.7309683120818079,0.7149941935678785,0.8464615324891113,0.7751933925614151,44.70077991485596,1303.348334312439,0.0434288599924252,0.0389347754992521,0.1865989438486484,2
167,SRTsim,sim2,SRTsim_2_8,SpaGCN,0.9969426221376294,0.9944643191016752,0.9977070002677262,0.9988637798257796,0.9944491184215012,0.9944795202465572,0.9944643191016752,136.3208556175232,1815.5037574768064,0.0011362201742204,0.0392142509598488,0.1629963447481727,2
168,SRTsim,sim2,SRTsim_2_8,SpatialMGCN,0.997633322626976,0.9953788140844904,0.9982249769878124,0.9991162731978286,0.9953879991136784,0.995369629224812,0.9953788140844902,112.83321380615234,1552.5397186279297,0.0008837268021714,0.0389249472080747,0.1632411960100916,2
169,SRTsim,sim2,SRTsim_2_8,STAGATE,0.9979601445190937,0.9959309201534736,0.9984701027929612,0.999242519883853,0.9959348617097284,0.9959269786284172,0.9959309201534736,151.31174063682556,1249.4114055633545,0.0007574801161469,0.0390527149933808,0.1631481755061634,2
170,SRTsim,sim2,SRTsim_2_8,stLearn,0.9775735902964832,0.9683054829999344,0.9831802951239056,0.991541472036359,0.968299178800163,0.9683117872817943,0.9683054829999344,17.494049310684204,918.8461236953736,0.0083322812776164,0.0401086494905806,0.1583800874005151,2
171,SRTsim,sim2,SRTsim_2_9,CCST,0.9988062448410888,0.9973188745355894,0.9991046836454756,0.9995567867036012,0.9973188570524676,0.997318892018712,0.9973188745355894,1814.855678319931,6017.798216819763,0.0004432132963988,0.0364662478744713,0.1636415349719171,2
172,SRTsim,sim2,SRTsim_2_9,DeepST,0.9994030242492912,0.9987148017360908,0.9995522682163082,0.9997783933518004,0.9987147317057132,0.9987148717664782,0.9987148017360908,550.0451800823212,2935.8851709365845,0.0001108033240997,0.0364662478744713,0.1636225395216859,2
173,SRTsim,sim2,SRTsim_2_9,GraphST,0.9916843651323544,0.9859031716703024,0.9937632925745432,0.9968975069252076,0.9859000081724372,0.9859063351884688,0.9859031716703022,48.724284410476685,3385.10537815094,0.0026592797783933,0.0365538298086698,0.1630869818623272,2
174,SRTsim,sim2,SRTsim_2_9,SEDR,0.9970189852480666,0.9939909021491928,0.9977642391923306,0.9988919667590028,0.9939907801986216,0.993991024099794,0.9939909021491928,43.12704873085022,2390.924015045166,0.0014404432132963,0.0364662478744713,0.1636128265555297,2
175,SRTsim,sim2,SRTsim_2_9,SpaceFlow,0.6737499089774993,0.7798791573793437,0.7795675286909597,0.7365096952908587,0.7175122285778566,0.8541201965788066,0.7798791573793438,56.52373361587525,1423.278964996338,0.0411080332409972,0.0364776763647346,0.1889437531031722,2
176,SRTsim,sim2,SRTsim_2_9,SpaGCN,0.9964260052907904,0.993398099439558,0.9973195046705464,0.9986703601108032,0.9933978208091802,0.9933983780700922,0.993398099439558,186.36263608932492,2247.6152744293213,0.0013296398891966,0.0367838435206619,0.1631019018149232,2
177,SRTsim,sim2,SRTsim_2_9,SpatialMGCN,0.9961290218224584,0.9928756044538856,0.9970967664143758,0.9985595567867036,0.9928755870486548,0.9928756218591172,0.9928756044538856,119.77781105041504,1768.6892595291138,0.0008864265927977,0.036591023507582,0.1634650848211581,2
178,SRTsim,sim2,SRTsim_2_9,STAGATE,0.998508543166248,0.9969533694988638,0.9988814075396022,0.9994459833795014,0.9969532122083924,0.9969535267893848,0.9969533694988638,187.76692914962769,1423.3875942230225,0.0004432132963988,0.0365591812485558,0.1635127893294663,2
179,SRTsim,sim2,SRTsim_2_9,stLearn,0.982605783514606,0.974636609169382,0.9869543891770254,0.9934626038781164,0.974632490633176,0.974640727740396,0.974636609169382,30.030754327774048,1046.5497617721558,0.0065373961218836,0.0372968104573639,0.1600496962756272,2
180,SRTsim,sim2,SRTsim_2_1,CCST,0.9219351020287282,0.9095335394036008,0.9414132151592504,0.9697265625,0.9092175262171164,0.9098497723374014,0.9095335394036008,86.1111228466034,157.16164112091064,0.013671875,0.1083060722147764,0.1595763502977186,3
181,SRTsim,sim2,SRTsim_2_1,DeepST,0.992200290474252,0.9871471990651736,0.9941445219958884,0.9970703125,0.987143119195974,0.9871512789680976,0.9871471990651736,63.67167854309082,292.2153377532959,0.001953125,0.1083060722147764,0.1609792376445033,3
182,SRTsim,sim2,SRTsim_2_1,GraphST,0.9973932819104482,0.9953893045098666,0.998043052844892,0.9990234375,0.9953879349888538,0.9953906740346478,0.9953893045098664,9.655372142791748,181.95265674591064,0.0009765625,0.1083060722147764,0.1611029679333739,3
183,SRTsim,sim2,SRTsim_2_1,SEDR,0.9692559536805242,0.9566608715914252,0.9769198083586578,0.98828125,0.956643729149854,0.9566780146473703,0.9566608715914252,15.19553017616272,92.2261381149292,0.0126953125,0.1083060722147764,0.1608578610169625,3
184,SRTsim,sim2,SRTsim_2_1,SpaceFlow,0.6292182256047164,0.7547689000169965,0.7457467279969995,0.75,0.6966279259748602,0.823498572394583,0.7547689000169964,12.846399784088137,162.19142246246338,0.0400390625,0.1084118398634236,0.1834746137705988,3
185,SRTsim,sim2,SRTsim_2_1,SpaGCN,0.7789436071925224,0.8151385550058043,0.8340475402171236,0.8955078125,0.8151284611171213,0.8151486491444794,0.8151385550058043,13.491128921508787,196.8248243331909,0.0947265625,0.1100437874339748,0.1127481226935927,3
186,SRTsim,sim2,SRTsim_2_1,SpatialMGCN,0.948993713081064,0.9396820217568111,0.961720022724255,0.98046875,0.9393708554955956,0.939993394233762,0.9396820217568111,16.41573452949524,201.6512908935547,0.0078125,0.1093637487012488,0.1584496861492156,3
187,SRTsim,sim2,SRTsim_2_1,STAGATE,0.9947967529296876,0.9907813734365318,0.99609375,0.998046875,0.9907813734365318,0.9907813734365318,0.9907813734365318,25.163923263549805,162.23135662078855,0.001953125,0.1083060722147764,0.1614498617368365,3
188,SRTsim,sim2,SRTsim_2_1,stLearn,0.6483126344887901,0.7143094306625607,0.7371306403207959,0.7626953125,0.7110249293454102,0.7176244175884886,0.7143094306625608,2.860894203186035,122.1379051208496,0.20703125,0.1131857112179079,0.0874134229480509,3
189,SRTsim,sim2,SRTsim_2_10,CCST,0.998933866794718,0.9976540339623056,0.9992003201280512,0.9996,0.9976540339623056,0.9976540339623056,0.9976540339623056,2210.848379611969,7326.805015563965,0.0004,0.0346427483320996,0.1636431375576108,3
190,SRTsim,sim2,SRTsim_2_10,DeepST,0.9997333066577764,0.9993634796217188,0.9997999599919992,0.9999,0.999363465203951,0.9993634940394872,0.9993634796217188,644.3677852153778,3326.1585597991943,0.0001,0.0346427483320996,0.1636428307755319,3
191,SRTsim,sim2,SRTsim_2_10,GraphST,0.998667600560064,0.9972175133243096,0.9990006006000888,0.9995,0.99721738384301,0.997217642805643,0.9972175133243096,53.88116121292114,4048.179800033569,0.0005,0.0347555324732463,0.1634347464716091,3
192,SRTsim,sim2,SRTsim_2_10,SEDR,0.998134427088111,0.9959823036583318,0.9986006804401016,0.9993,0.9959822605456188,0.9959823467710488,0.9959823036583318,48.15853214263916,2872.2826404571533,0.0007,0.0346427483320996,0.1636282217456049,3
193,SRTsim,sim2,SRTsim_2_10,SpaceFlow,0.6769087183115532,0.7841249376284161,0.7853409472677749,0.745,0.7017215070155268,0.888456762181348,0.7841249376284161,66.04845333099365,1576.9105768203735,0.029,0.0346462126069328,0.1166648014745163,3
194,SRTsim,sim2,SRTsim_2_10,SpaGCN,0.998667600275648,0.9971553156697264,0.9990006002800887,0.9995,0.9971553012838156,0.9971553300556374,0.9971553156697264,228.6037647724152,2676.233699798584,0.0005,0.0348485833755978,0.1634437937071327,3
195,SRTsim,sim2,SRTsim_2_10,SpatialMGCN,0.9952158859694,0.9922955410279648,0.996411571218236,0.9982,0.992290902669155,0.9923001794301378,0.9922955410279648,138.2717297077179,2029.787582397461,0.001,0.0346427483320996,0.1636810539553214,3
196,SRTsim,sim2,SRTsim_2_10,STAGATE,0.9992002400693588,0.9981904965859492,0.9994001200720248,0.9997,0.998190482185104,0.9981905109867948,0.9981904965859492,210.4471354484558,1577.0341291427612,0.0004,0.0346441832817194,0.1636445678487708,3
197,SRTsim,sim2,SRTsim_2_10,stLearn,0.983656777777122,0.9753213727690546,0.987741367932509,0.9938,0.9753204722290808,0.9753222733106915,0.9753213727690546,30.51715922355652,1159.3270044326782,0.0062,0.0354124511960972,0.160205151797394,3
198,SRTsim,sim2,SRTsim_2_2,CCST,0.9880286344758672,0.9811007299612028,0.991022057046661,0.9955555555555556,0.9810355257657708,0.9811659428247608,0.9811007299612028,158.36054730415344,435.20132637023926,0.0034567901234567,0.0769990503509009,0.1620815810459573,3
199,SRTsim,sim2,SRTsim_2_2,DeepST,0.9906349335458996,0.9857533245189566,0.9929757620045284,0.9965432098765432,0.9858212489439632,0.985685409453476,0.9857533245189566,117.51030349731444,567.9879999160767,0.0019753086419753,0.0769990503509009,0.1623657163800198,3
200,SRTsim,sim2,SRTsim_2_2,GraphST,0.9672728716077064,0.9540195250639432,0.975453497641516,0.9876543209876544,0.954066023457651,0.9539730312024068,0.9540195250639432,16.85011076927185,358.9571475982666,0.0093827160493827,0.0769990503509009,0.1622668675088723,3
201,SRTsim,sim2,SRTsim_2_2,SEDR,0.9893476163241988,0.9825084245743604,0.9920106039128522,0.9960493827160494,0.9825226134946066,0.982494236063922,0.9825084245743606,18.72972941398621,212.56478881835935,0.0039506172839506,0.0769990503509009,0.1623836740145841,3
202,SRTsim,sim2,SRTsim_2_2,SpaceFlow,0.6445644100774169,0.7714760373023698,0.7609187877920977,0.7555555555555555,0.7029070090880286,0.8548690608378912,0.7714760373023699,14.188655614852903,319.9654197692871,0.0296296296296296,0.0770370745732964,0.1860008558932141,3
203,SRTsim,sim2,SRTsim_2_2,SpaGCN,0.9840267418053452,0.9767474541573744,0.9880204268184766,0.994074074074074,0.9767158155434762,0.9767790948210686,0.9767474541573744,21.5687313079834,388.3715009689331,0.005432098765432,0.0783414732131508,0.1595435284935158,3
204,SRTsim,sim2,SRTsim_2_2,SpatialMGCN,0.989389009152858,0.9823337474543214,0.9920415577874622,0.9960493827160494,0.982360032198488,0.9823074641167048,0.9823337474543212,40.66460537910461,397.7087488174439,0.0024691358024691,0.0769990503509009,0.1624653998031827,3
205,SRTsim,sim2,SRTsim_2_2,STAGATE,0.9932987252613984,0.9887564322939856,0.9949741201559408,0.9975308641975308,0.98874075967904,0.9887721054057944,0.9887564322939856,32.01339149475098,320.06188011169434,0.0019753086419753,0.0769990503509009,0.1621227461561447,3
206,SRTsim,sim2,SRTsim_2_2,stLearn,0.7803091934087816,0.8126026721868764,0.8352732643917672,0.9002469135802469,0.8123873014382468,0.8128181571590041,0.8126026721868764,3.229024887084961,237.35345554351807,0.1071604938271604,0.080084237068088,0.113057228934497,3
207,SRTsim,sim2,SRTsim_2_3,CCST,0.9964155302922088,0.9933658766821925,0.997311649288072,0.9986776859504132,0.993365261185848,0.9933664921792996,0.9933658766821925,267.7361571788788,845.4309768676758,0.0013223140495867,0.0629940788348703,0.1630005170088329,3
208,SRTsim,sim2,SRTsim_2_3,DeepST,0.999102715727924,0.9981759656718702,0.999327036894128,0.9996694214876032,0.9981758110528236,0.9981761202909648,0.9981759656718702,182.46997141838077,858.7854318618774,0.0003305785123966,0.0629940788348703,0.1630683213501764,3
209,SRTsim,sim2,SRTsim_2_3,GraphST,0.9946256275591382,0.9898435570277112,0.995969223020942,0.99801652892562,0.9898429437138202,0.9898441703423622,0.9898435570277112,17.14090633392334,581.424840927124,0.0019834710743801,0.06301133040631,0.1626694362355285,3
210,SRTsim,sim2,SRTsim_2_3,SEDR,0.99820484947176,0.9963517755135356,0.9986536376934068,0.9993388429752066,0.996351312704282,0.996352238323219,0.9963517755135356,14.342787265777588,386.4135971069336,0.0003305785123966,0.0629940788348703,0.1630345482060616,3
211,SRTsim,sim2,SRTsim_2_3,SpaceFlow,0.6418376994797169,0.7752048953009476,0.7634853814684446,0.7282644628099173,0.6978026073584498,0.8719208876089541,0.7752048953009477,25.10821509361267,477.65819931030273,0.0251239669421487,0.0630149033237413,0.1895978295890774,3
212,SRTsim,sim2,SRTsim_2_3,SpaGCN,0.9973116516376276,0.9953141095033792,0.9979837413809092,0.99900826446281,0.9953127219185924,0.9953154970920348,0.9953141095033792,25.5116925239563,579.6958084106445,0.00099173553719,0.063515490817193,0.1626798718419037,3
213,SRTsim,sim2,SRTsim_2_3,SpatialMGCN,0.9919466389767398,0.9861668740642116,0.9939599959939336,0.9970247933884298,0.9861639746078252,0.9861697735376472,0.9861668740642116,53.0468978881836,593.5994157791138,0.0016528925619834,0.0629940788348703,0.1628013966289342,3
214,SRTsim,sim2,SRTsim_2_3,STAGATE,0.9937434973855443,0.9893444930054268,0.9953076237232036,0.9976859504132232,0.9893443397543894,0.989344646256512,0.9893444930054268,52.00225782394409,477.6791286468506,0.0023140495867768,0.0629940788348703,0.1627559313962425,3
215,SRTsim,sim2,SRTsim_2_3,stLearn,0.969288928651491,0.9601814510908347,0.9769667267116012,0.9884297520661156,0.9601801124851008,0.960182789700301,0.9601814510908347,5.203632354736328,352.60410499572754,0.0115702479338842,0.0646844917824935,0.1562482656675903,3
216,SRTsim,sim2,SRTsim_2_4,CCST,0.9967484531387778,0.993505072025044,0.9975607456910524,0.998779296875,0.9935044737443604,0.993505670306448,0.993505072025044,437.9927020072937,1427.444390296936,0.00146484375,0.0541331961960766,0.1631781667321198,3
217,SRTsim,sim2,SRTsim_2_4,DeepST,0.9993487992582132,0.9986031865483944,0.9995114802149772,0.999755859375,0.9986031006771692,0.9986032724196344,0.9986031865483944,238.34034514427185,1187.0821075439453,0.000244140625,0.0541331961960766,0.1631733827647853,3
218,SRTsim,sim2,SRTsim_2_4,GraphST,0.9993487992582132,0.9986031865483944,0.9995114802149772,0.999755859375,0.9986031006771692,0.9986032724196344,0.9986031865483944,27.05714511871338,920.8394975662231,0.000244140625,0.0541331961960766,0.1631733827647853,3
219,SRTsim,sim2,SRTsim_2_4,SEDR,1.0,1.0,1.0,1.0,1.0,1.0,1.0,20.08865714073181,623.4226818084717,0.0,0.0541331961960766,0.163216329263069,3
220,SRTsim,sim2,SRTsim_2_4,SpaceFlow,0.9311190034391988,0.9355996085459972,0.9483806410221158,0.97265625,0.934614793293117,0.93658650141229,0.9355996085459972,23.162150144577023,646.4810590744019,0.021240234375,0.0541464123084292,0.1482990841752046,3
221,SRTsim,sim2,SRTsim_2_4,SpaGCN,0.9986982353869588,0.9974505132530332,0.9990234384326871,0.99951171875,0.9974501701644484,0.997450856341854,0.9974505132530332,52.88462781906128,784.6553497314453,0.00048828125,0.05426150090999,0.1629386063556183,3
222,SRTsim,sim2,SRTsim_2_4,SpatialMGCN,0.994800606325676,0.9909628920162998,0.9960995149189676,0.998046875,0.990959483430028,0.990966300626021,0.9909628920163,70.48942875862122,803.4038019180298,0.000732421875,0.0541331961960766,0.1630725320351201,3
223,SRTsim,sim2,SRTsim_2_4,STAGATE,0.9993487992582132,0.9986031865483944,0.9995114802149772,0.999755859375,0.9986031006771692,0.9986032724196344,0.9986031865483944,168.83688282966614,646.5184602737427,0.000244140625,0.0541331961960766,0.1631764405677357,3
224,SRTsim,sim2,SRTsim_2_4,stLearn,0.9781837832583098,0.968278056963495,0.9836338886594944,0.99169921875,0.9682750594598568,0.968281054485692,0.9682780569634948,11.54477858543396,476.3661985397339,0.008544921875,0.0555589244138117,0.1580341422315448,3
225,SRTsim,sim2,SRTsim_2_5,CCST,0.9973224850068082,0.9948361976678736,0.9979918638605048,0.9990081333068836,0.994836141960492,0.9948362533752616,0.9948361976678736,620.3675978183746,2053.929378509521,0.0005951200158698,0.0487950036474246,0.1633838845412645,3
226,SRTsim,sim2,SRTsim_2_5,DeepST,0.9989277348272274,0.9978645701631128,0.9991958012894352,0.9996032533227536,0.9978643466552044,0.9978647936711212,0.9978645701631128,289.28273153305054,1491.3118343353271,0.0,0.0487950036474246,0.1634437725858922,3
227,SRTsim,sim2,SRTsim_2_5,GraphST,0.9736017409634622,0.96206935061898,0.980201418077611,0.9900813330688356,0.962063541425391,0.962075159882724,0.9620693506189798,24.577350854873657,1278.350694656372,0.0043642134497123,0.0487950036474246,0.1632303998398132,3
228,SRTsim,sim2,SRTsim_2_5,SEDR,0.9941191232822996,0.9894701932817428,0.9955893426932072,0.9978178932751438,0.9894701378748388,0.9894702486886529,0.9894701932817428,23.304091930389404,876.0975494384766,0.0007934933544931,0.0487950036474246,0.1635371490634483,3
229,SRTsim,sim2,SRTsim_2_5,SpaceFlow,0.6895766954938553,0.8360153720373397,0.7978484475848024,0.7464788732394366,0.7464239206345816,0.9500472356926772,0.8360153720373398,23.147401571273804,795.3855781555176,0.0140845070422535,0.0487950036474246,0.1394957886047491,3
230,SRTsim,sim2,SRTsim_2_5,SpaGCN,0.998392231490956,0.9966978715508557,0.9987941736815108,0.99940487998413,0.9966978157392266,0.9966979273624909,0.9966978715508557,61.64661264419556,965.390459060669,0.0005951200158698,0.0489401980641497,0.1632904682682192,3
231,SRTsim,sim2,SRTsim_2_5,SpatialMGCN,0.9978554696544548,0.9955308358497186,0.998391602578672,0.9992065066455068,0.9955306128645346,0.9955310588350026,0.9955308358497188,67.82553243637085,988.4219560623168,0.0007934933544931,0.0488917999252413,0.1632048038960197,3
232,SRTsim,sim2,SRTsim_2_5,STAGATE,0.9989277348272274,0.9978645701631128,0.9991958012894352,0.9996032533227536,0.9978643466552044,0.9978647936711214,0.9978645701631128,101.71963906288148,795.4372243881226,0.0003967466772465,0.0487950036474246,0.1633790009681905,3
233,SRTsim,sim2,SRTsim_2_5,stLearn,0.9762802389168448,0.967612844327696,0.9822101875910508,0.991073199761952,0.967612356680585,0.9676133319752984,0.967612844327696,10.83715271949768,585.4665431976318,0.0093235469152945,0.0498273924976485,0.1588241744207108,3
234,SRTsim,sim2,SRTsim_2_6,CCST,0.9963971244671044,0.9930644971225498,0.997297887109406,0.9986506999494013,0.99304774616157,0.9930812486486577,0.99306449712255,835.585165977478,2764.6677598953247,0.0008433125316242,0.0449921270665846,0.163328111289169,3
235,SRTsim,sim2,SRTsim_2_6,DeepST,0.9981797110465788,0.9963545401539698,0.9986347916291388,0.9993253499747006,0.9963481596111818,0.9963609207784796,0.99635454015397,332.752224445343,1792.5209665298462,0.0006746500252993,0.0449921270665846,0.1634150848182493,3
236,SRTsim,sim2,SRTsim_2_6,GraphST,0.990947112457394,0.985390312878051,0.9932103751991448,0.9966267498735032,0.9853840025489454,0.9853966232879792,0.9853903128780512,27.42706608772278,1663.9716215133667,0.0020239500758981,0.0449921270665846,0.1630492514624187,3
237,SRTsim,sim2,SRTsim_2_6,SEDR,0.9955174285760894,0.9918838933779802,0.9966380421900216,0.9983133749367517,0.9918931603078054,0.9918746266213092,0.9918838933779802,24.311726570129395,1150.7850465774536,0.0013493000505987,0.0449921270665846,0.1634397075826144,3
238,SRTsim,sim2,SRTsim_2_6,SpaceFlow,0.6853103371013566,0.8312197737306865,0.7940962873799235,0.7532467532467533,0.745906473803788,0.9385689027646332,0.8312197737306866,28.46631073951721,935.3083686828612,0.0183842131894079,0.0449997155515005,0.1863863115085736,3
239,SRTsim,sim2,SRTsim_2_6,SpaGCN,0.9963643236052436,0.9933843170273644,0.9972732768957288,0.9986506999494013,0.99337127172118,0.9933973626761844,0.9933843170273644,81.37962079048157,1135.2244548797607,0.0011806375442739,0.0452899463486722,0.1630077128344837,3
240,SRTsim,sim2,SRTsim_2_6,SpatialMGCN,0.9963642778156078,0.9932879893053144,0.9972732248666252,0.9986506999494013,0.9932816284003744,0.9932943502917247,0.9932879893053148,85.22883939743042,1162.280743598938,0.0013493000505987,0.0451363082799874,0.1633192231761235,3
241,SRTsim,sim2,SRTsim_2_6,STAGATE,0.9981797110465788,0.9963545401539696,0.9986347916291388,0.9993253499747006,0.9963481596111816,0.9963609207784796,0.9963545401539698,115.79345536231996,935.373830795288,0.0006746500252993,0.0451590737347352,0.163139097102574,3
242,SRTsim,sim2,SRTsim_2_6,stLearn,0.9806916734368594,0.9712976149841084,0.9855188414825286,0.9927475122280316,0.971291435324956,0.9713037947218954,0.9712976149841084,15.1797776222229,688.1809215545654,0.0075898127846179,0.0460626355641139,0.1592520331213313,3
243,SRTsim,sim2,SRTsim_2_7,CCST,0.9981122306855444,0.9961467649041154,0.99858397236789,0.9992913832199548,0.996146736038505,0.9961467937697276,0.9961467649041156,1151.8552689552307,3810.092725753784,0.0002834467120181,0.0412422275391172,0.1634894568809584,3
244,SRTsim,sim2,SRTsim_2_7,DeepST,0.9996220174639748,0.9991335508670997,0.9997164729231676,0.999858276643991,0.9991335219149404,0.9991335798192608,0.9991335508670998,408.5279629230499,2191.923683166504,0.000141723356009,0.0412422275391172,0.1635268744187604,3
245,SRTsim,sim2,SRTsim_2_7,GraphST,0.991349711569428,0.9849001693708398,0.9935113694757572,0.9967403628117912,0.9848992848809428,0.9849010538623256,0.98490016937084,30.816279649734497,2222.9344902038574,0.0026927437641723,0.0412422275391172,0.1634870745119334,3
246,SRTsim,sim2,SRTsim_2_7,SEDR,0.9981111592052188,0.9959513747339416,0.9985831687196742,0.9992913832199548,0.995951288137726,0.9959514613301722,0.9959513747339416,28.62857341766357,1551.5069065093994,0.0005668934240362,0.0412422275391172,0.1635570897407323,3
247,SRTsim,sim2,SRTsim_2_7,SpaceFlow,0.6622016181418685,0.7685481964036754,0.7734653221967236,0.74390589569161,0.6939069177292967,0.8611827888703351,0.7685481964036753,31.0558078289032,1113.0166807174685,0.0393990929705215,0.0412539175129095,0.1682625437710052,3
248,SRTsim,sim2,SRTsim_2_7,SpaGCN,0.99698214162101,0.9942288944884308,0.9977362856370734,0.9988662131519276,0.9942287792482692,0.9942290097286192,0.9942288944884308,111.78493809700012,1501.3168535232544,0.0011337868480725,0.0417028724157539,0.1630550705364784,3
249,SRTsim,sim2,SRTsim_2_7,SpatialMGCN,0.995098983998338,0.9906974744903472,0.9963237185596626,0.998157596371882,0.9906970151666992,0.9906979338144212,0.9906974744903472,91.38180947303772,1383.1842231750488,0.0018424036281179,0.0415227515607342,0.1628075158750326,3
250,SRTsim,sim2,SRTsim_2_7,STAGATE,0.9984893570900152,0.9971010959773676,0.9988668577110812,0.9994331065759636,0.997100633684766,0.9971015582703978,0.9971010959773676,137.93230366706848,1113.0994157791138,0.0005668934240362,0.0414760270149625,0.1633312148034283,3
251,SRTsim,sim2,SRTsim_2_7,stLearn,0.9850400738357176,0.9772399452272144,0.9887784713355172,0.9943310657596371,0.9772393507145164,0.9772405397406356,0.9772399452272144,14.47323513031006,818.7921142578125,0.0058106575963718,0.0420641064495569,0.160605303959194,3
252,SRTsim,sim2,SRTsim_2_8,CCST,0.9942875256105131,0.9897402390705596,0.995715611419708,0.9978538063375836,0.9897483468605518,0.9897321314134002,0.9897402390705592,1413.3794462680817,4725.81837272644,0.0008837268021714,0.0389249472080747,0.1634107169025529,3
253,SRTsim,sim2,SRTsim_2_8,DeepST,1.0,1.0,1.0,1.0,1.0,1.0,1.0,430.2837874889374,2511.494790077209,0.0,0.0389249472080747,0.1634585128877879,3
254,SRTsim,sim2,SRTsim_2_8,GraphST,0.9972815940726916,0.9947660957634366,0.9979612035080514,0.998990026511804,0.9947619777471798,0.9947702138137884,0.9947660957634368,34.696800231933594,2704.3430528640747,0.0008837268021714,0.0389249472080747,0.1633581917703894,3
255,SRTsim,sim2,SRTsim_2_8,SEDR,0.9959635980784964,0.9923224386255436,0.996972669514866,0.998485039767706,0.9923327568211422,0.9923121206445183,0.9923224386255436,30.75896191596985,1898.413482666016,0.0011362201742204,0.0389249472080747,0.1635170163263519,3
256,SRTsim,sim2,SRTsim_2_8,SpaceFlow,0.6523793169338196,0.7663823525523208,0.7689690815101181,0.7416992803938897,0.688283302447933,0.8644735987967478,0.7663823525523208,34.28205871582031,1281.0166425704956,0.0161595758111349,0.0389298613536634,0.1857741010515256,3
257,SRTsim,sim2,SRTsim_2_8,SpaGCN,0.9969426221376294,0.9944643191016752,0.9977070002677262,0.9988637798257796,0.9944491184215012,0.9944795202465572,0.9944643191016752,132.89514565467834,1815.504941940308,0.0011362201742204,0.0392142509598488,0.1629963447481727,3
258,SRTsim,sim2,SRTsim_2_8,SpatialMGCN,0.997633322626976,0.9953788140844904,0.9982249769878124,0.9991162731978286,0.9953879991136784,0.995369629224812,0.9953788140844902,112.279762506485,1552.5400590896606,0.0008837268021714,0.0389249472080747,0.1632411960100916,3
259,SRTsim,sim2,SRTsim_2_8,STAGATE,0.9979601445190937,0.9959309201534736,0.9984701027929612,0.999242519883853,0.9959348617097284,0.9959269786284172,0.9959309201534736,144.89587450027466,1249.4120693206787,0.0007574801161469,0.0390527149933808,0.1631481755061634,3
260,SRTsim,sim2,SRTsim_2_8,stLearn,0.9779034118861526,0.9687185128513812,0.983427840537884,0.9916677187223836,0.9687009625058044,0.9687360638329028,0.9687185128513812,16.866106748580933,918.8465251922609,0.0082060345915919,0.0400422902599914,0.1584652386856595,3
261,SRTsim,sim2,SRTsim_2_9,CCST,0.9979114364033432,0.9955992166399548,0.9984335774820808,0.999224376731302,0.9955990944920629,0.9955993387878764,0.9955992166399548,1805.6366639137268,6017.798748970032,0.0006648199445983,0.0364662478744713,0.1636009620736816,3
262,SRTsim,sim2,SRTsim_2_9,DeepST,0.9985085427755662,0.9968844503362472,0.9988814070999892,0.9994459833795014,0.9968844328607408,0.9968844678117544,0.9968844503362472,561.8198735713959,2935.884846687317,0.0004432132963988,0.0364662478744713,0.1636203984940881,3
263,SRTsim,sim2,SRTsim_2_9,GraphST,0.9916843651323544,0.9859031716703024,0.9937632925745432,0.9968975069252076,0.9859000081724372,0.9859063351884688,0.9859031716703022,48.44705891609192,3385.10509967804,0.0026592797783933,0.0365538298086698,0.1630869818623272,3
264,SRTsim,sim2,SRTsim_2_9,SEDR,0.9970203601736232,0.9943234051709212,0.9977652702765816,0.9988919667590028,0.9943233354484704,0.9943234748933816,0.9943234051709212,42.28091239929199,2390.9238538742065,0.0004432132963988,0.0364662478744713,0.1635996589079722,3
265,SRTsim,sim2,SRTsim_2_9,SpaceFlow,0.6719210179757329,0.7771153375541546,0.7783300002329404,0.7359556786703602,0.7148698571006166,0.8512344162842309,0.7771153375541546,52.17820644378662,1423.279514312744,0.0408864265927977,0.0364743290374352,0.1886979816335503,3
266,SRTsim,sim2,SRTsim_2_9,SpaGCN,0.9964260052907904,0.993398099439558,0.9973195046705464,0.9986703601108032,0.9933978208091802,0.9933983780700922,0.993398099439558,189.95300555229187,2247.615471839905,0.0013296398891966,0.0367838435206619,0.1631019018149232,3
267,SRTsim,sim2,SRTsim_2_9,SpatialMGCN,0.9961290218224584,0.9928756044538856,0.9970967664143758,0.9985595567867036,0.9928755870486548,0.9928756218591172,0.9928756044538856,130.44809007644653,1768.6892595291138,0.0008864265927977,0.036591023507582,0.1634650848211581,3
268,SRTsim,sim2,SRTsim_2_9,STAGATE,0.9988065723912992,0.9974715357594895,0.9991049293521088,0.9995567867036012,0.9974714658162904,0.9974716057026984,0.9974715357594895,195.617550611496,1423.3875331878662,0.0003324099722991,0.0365591812485558,0.1635407780313861,3
269,SRTsim,sim2,SRTsim_2_9,stLearn,0.982605783514606,0.9746366091693822,0.9869543891770254,0.9934626038781164,0.974632490633176,0.9746407277403962,0.9746366091693822,28.239607334136963,1046.5491790771484,0.0065373961218836,0.0372968104573639,0.1600496962756272,3
270,SRTsim,sim2,SRTsim_2_1,CCST,0.9895734210345704,0.9835046574327634,0.9921725421379396,0.99609375,0.9834884612366216,0.9835208541623556,0.9835046574327634,85.34448981285095,157.04979610443115,0.0048828125,0.1083060722147764,0.1607624340715382,4
271,SRTsim,sim2,SRTsim_2_1,DeepST,0.9896191978577284,0.9838829649136352,0.9922068575562576,0.99609375,0.9838734730757546,0.983892456934661,0.9838829649136352,60.29303693771362,292.21448516845703,0.001953125,0.1083060722147764,0.1609429235728777,4
272,SRTsim,sim2,SRTsim_2_1,GraphST,0.9973932819104482,0.9953893045098666,0.998043052844892,0.9990234375,0.9953879349888538,0.9953906740346478,0.9953893045098664,12.61135482788086,181.9525146484375,0.0009765625,0.1083060722147764,0.1611029679333739,4
273,SRTsim,sim2,SRTsim_2_1,SEDR,0.979356038583886,0.9687714415970046,0.9845021514652492,0.9921875,0.9687540821456812,0.9687888016704796,0.9687714415970046,11.516505241394045,92.10742092132568,0.005859375,0.1083060722147764,0.1604031019109748,4
274,SRTsim,sim2,SRTsim_2_1,SpaceFlow,0.6992416461097994,0.8034835151644824,0.7903526583628294,0.77734375,0.75539723817642,0.8581080480582295,0.8034835151644824,10.328221082687378,162.19087982177734,0.056640625,0.1084118398634236,0.1484087385590471,4
275,SRTsim,sim2,SRTsim_2_1,SpaGCN,0.7789436071925224,0.8151385550058043,0.8340475402171236,0.8955078125,0.8151284611171213,0.8151486491444794,0.8151385550058043,10.755483150482178,196.82477855682373,0.0947265625,0.1100437874339748,0.1127481226935927,4
276,SRTsim,sim2,SRTsim_2_1,SpatialMGCN,0.948993713081064,0.9396820217568111,0.961720022724255,0.98046875,0.9393708554955956,0.939993394233762,0.9396820217568111,14.0746328830719,201.65072917938232,0.0078125,0.1093637487012488,0.1584496861492156,4
277,SRTsim,sim2,SRTsim_2_1,STAGATE,0.9947967529296876,0.9907813734365318,0.99609375,0.998046875,0.9907813734365318,0.9907813734365318,0.9907813734365318,24.109721660614014,162.23145961761475,0.001953125,0.1083060722147764,0.1614498617368365,4
278,SRTsim,sim2,SRTsim_2_1,stLearn,0.6670709507587562,0.7308557059095616,0.7509491409887433,0.798828125,0.7281176691507215,0.7336144127974156,0.7308557059095615,2.7397427558898926,122.1375617980957,0.2041015625,0.1134561415737788,0.0929034096992391,4
279,SRTsim,sim2,SRTsim_2_10,CCST,0.998667600560064,0.99721751332431,0.9990006006000888,0.9995,0.9972173838430102,0.9972176428056432,0.99721751332431,2205.796636581421,7326.799596786499,0.0004,0.0346427483320996,0.1636832819427372,4
280,SRTsim,sim2,SRTsim_2_10,DeepST,1.0,1.0,1.0,1.0,1.0,1.0,1.0,624.1623539924622,3326.159589767456,0.0,0.0346427483320996,0.1636488134684431,4
281,SRTsim,sim2,SRTsim_2_10,GraphST,0.998667600560064,0.9972175133243096,0.9990006006000888,0.9995,0.99721738384301,0.997217642805643,0.9972175133243096,53.14425849914551,4048.17875957489,0.0005,0.0347555324732463,0.1634347464716091,4
282,SRTsim,sim2,SRTsim_2_10,SEDR,0.9984007468854096,0.9963810653413008,0.9988004402240728,0.9994,0.99638105096656,0.9963810797160416,0.9963810653413008,51.21171975135803,2872.279775619507,0.0006,0.0346427483320996,0.1636138492793733,4
283,SRTsim,sim2,SRTsim_2_10,SpaceFlow,0.6850907709208124,0.8297985485444629,0.7921923809386566,0.75,0.7500000000000001,0.928599766617538,0.8297985485444628,62.1216721534729,1576.9104089736938,0.024,0.0346462126069328,0.1847055581858309,4
284,SRTsim,sim2,SRTsim_2_10,SpaGCN,0.998667600275648,0.9971553156697264,0.9990006002800887,0.9995,0.9971553012838156,0.9971553300556374,0.9971553156697264,227.16444087028503,2676.234309196472,0.0005,0.0348485833755978,0.1634437937071327,4
285,SRTsim,sim2,SRTsim_2_10,SpatialMGCN,0.9952158859694,0.9922955410279648,0.996411571218236,0.9982,0.992290902669155,0.9923001794301378,0.9922955410279648,138.4817407131195,2029.7880840301516,0.001,0.0346427483320996,0.1636810539553214,4
286,SRTsim,sim2,SRTsim_2_10,STAGATE,0.9992002400693588,0.9981904965859492,0.9994001200720248,0.9997,0.998190482185104,0.9981905109867948,0.9981904965859492,210.58460354804996,1577.0339841842651,0.0004,0.0346441832817193,0.1636445678487708,4
287,SRTsim,sim2,SRTsim_2_10,stLearn,0.983656777777122,0.9753213727690546,0.987741367932509,0.9938,0.9753204722290808,0.9753222733106915,0.9753213727690546,31.931719064712524,1159.326992034912,0.0062,0.0354124511960972,0.160205151797394,4
288,SRTsim,sim2,SRTsim_2_2,CCST,0.9920178589669932,0.9861907066073744,0.9940133094468484,0.997037037037037,0.9862056580647568,0.9861757556033312,0.9861907066073744,157.71382021903992,435.2013721466065,0.0029629629629629,0.0769990503509009,0.1622135927116995,4
289,SRTsim,sim2,SRTsim_2_2,DeepST,0.9973116023357568,0.9948341443925464,0.9979837017518178,0.9990123456790124,0.9948341443925464,0.9948341443925462,0.9948341443925464,108.94126605987547,567.9887495040894,0.0009876543209876,0.0769990503509009,0.162453664889202,4
290,SRTsim,sim2,SRTsim_2_2,GraphST,0.9672728716077064,0.9540195250639432,0.975453497641516,0.9876543209876544,0.954066023457651,0.9539730312024068,0.9540195250639432,13.649317264556885,358.9562120437622,0.0093827160493827,0.0769990503509009,0.1622668675088723,4
291,SRTsim,sim2,SRTsim_2_2,SEDR,0.980116689697528,0.9710605553985694,0.9850879724547058,0.9925925925925926,0.9710294512918596,0.9710916614980024,0.9710605553985694,19.051196575164795,212.5362968444824,0.005432098765432,0.0769990503509009,0.1626376257827481,4
292,SRTsim,sim2,SRTsim_2_2,SpaceFlow,0.6293009040980343,0.728288818357275,0.7407127964411636,0.7135802469135802,0.6884588803876942,0.7730103788090299,0.7282888183572749,14.277102947235107,319.9654197692871,0.0824691358024691,0.0770750987956919,0.1620465813423125,4
293,SRTsim,sim2,SRTsim_2_2,SpaGCN,0.9840267418053452,0.9767474541573744,0.9880204268184766,0.994074074074074,0.9767158155434762,0.9767790948210686,0.9767474541573744,18.53015661239624,388.3713970184326,0.005432098765432,0.0783414732131508,0.1595435284935158,4
294,SRTsim,sim2,SRTsim_2_2,SpatialMGCN,0.989389009152858,0.9823337474543214,0.9920415577874622,0.9960493827160494,0.982360032198488,0.9823074641167048,0.9823337474543212,41.42429876327515,397.7082796096802,0.0024691358024691,0.0769990503509009,0.1624653998031827,4
295,SRTsim,sim2,SRTsim_2_2,STAGATE,0.9932987252613984,0.9887564322939856,0.9949741201559408,0.9975308641975308,0.98874075967904,0.9887721054057944,0.9887564322939856,32.77984976768494,320.0607280731201,0.0019753086419753,0.0769990503509009,0.1621227461561447,4
296,SRTsim,sim2,SRTsim_2_2,stLearn,0.8496907542036831,0.860554392501141,0.8873464717999822,0.937283950617284,0.85993443650583,0.8611752430360993,0.8605543925011411,3.971745014190674,237.35262393951416,0.0661728395061728,0.0800064125435029,0.1294148469938479,4
297,SRTsim,sim2,SRTsim_2_3,CCST,0.9839731247101254,0.9751882329550362,0.9879798663248254,0.9940495867768596,0.9751862703687664,0.9751901955492054,0.9751882329550362,269.29656648635864,845.4350414276123,0.0023140495867768,0.0629940788348703,0.162380789134788,4
298,SRTsim,sim2,SRTsim_2_3,DeepST,0.999102715727924,0.9981759656718702,0.999327036894128,0.9996694214876032,0.9981758110528236,0.9981761202909648,0.9981759656718702,167.8366219997406,858.7863245010376,0.0003305785123966,0.0629940788348703,0.1630217586547928,4
299,SRTsim,sim2,SRTsim_2_3,GraphST,0.9946256275591382,0.9898435570277112,0.995969223020942,0.99801652892562,0.9898429437138202,0.9898441703423622,0.9898435570277112,18.792039155960083,581.4254674911499,0.0019834710743801,0.06301133040631,0.1626694362355285,4
300,SRTsim,sim2,SRTsim_2_3,SEDR,0.999102715727924,0.9981759656718702,0.999327036894128,0.9996694214876032,0.9981758110528236,0.9981761202909648,0.9981759656718702,17.94308114051819,386.4136924743652,0.0003305785123966,0.0629940788348703,0.1630331633192764,4
301,SRTsim,sim2,SRTsim_2_3,SpaceFlow,0.6753161136167142,0.8227148893136131,0.7867382446730363,0.7447933884297521,0.7420965638563706,0.9229840937332816,0.8227148893136133,16.230675220489502,477.6582374572754,0.024793388429752,0.0630149033237413,0.1860562144945091,4
302,SRTsim,sim2,SRTsim_2_3,SpaGCN,0.9973116516376276,0.9953141095033792,0.9979837413809092,0.99900826446281,0.9953127219185924,0.9953154970920348,0.9953141095033792,24.859135389328003,579.6945858001709,0.00099173553719,0.063515490817193,0.1626798718419037,4
303,SRTsim,sim2,SRTsim_2_3,SpatialMGCN,0.9919466389767398,0.9861668740642116,0.9939599959939336,0.9970247933884298,0.9861639746078252,0.9861697735376472,0.9861668740642116,53.41538190841675,593.5890703201294,0.0016528925619834,0.0629940788348703,0.1628013966289342,4
304,SRTsim,sim2,SRTsim_2_3,STAGATE,0.9937434973855443,0.9893444930054268,0.9953076237232036,0.9976859504132232,0.9893443397543894,0.989344646256512,0.9893444930054268,59.02926373481751,477.6801242828369,0.0023140495867768,0.0629940788348703,0.1627559313962425,4
305,SRTsim,sim2,SRTsim_2_3,stLearn,0.972726469736841,0.9638323381427868,0.979544879143572,0.9897520661157024,0.9638309944472876,0.9638336818420328,0.9638323381427868,6.154335975646973,352.60205078125,0.0102479338842975,0.0644998067802027,0.156930150685353,4
306,SRTsim,sim2,SRTsim_2_4,CCST,0.996098841155723,0.9924446361204218,0.9970734170668424,0.99853515625,0.9924443801787524,0.9924448920622232,0.992444636120422,433.2497582435608,1427.4493618011477,0.0009765625,0.0541331961960766,0.1631028429599342,4
307,SRTsim,sim2,SRTsim_2_4,DeepST,1.0,1.0,1.0,1.0,1.0,1.0,1.0,222.95871663093567,1187.081886291504,0.0,0.0541331961960766,0.163216329263069,4
308,SRTsim,sim2,SRTsim_2_4,GraphST,0.9993487992582132,0.9986031865483944,0.9995114802149772,0.999755859375,0.9986031006771692,0.9986032724196344,0.9986031865483944,26.78824782371521,920.8397645950316,0.000244140625,0.0541331961960766,0.1631733827647853,4
309,SRTsim,sim2,SRTsim_2_4,SEDR,0.9973980626379086,0.9949934331630992,0.998048071520396,0.9990234375,0.9949928344874714,0.9949940318394476,0.9949934331630994,21.80310678482056,623.4226417541504,0.000732421875,0.0541331961960766,0.1631946432006512,4
310,SRTsim,sim2,SRTsim_2_4,SpaceFlow,0.6867743022253325,0.8297892102118631,0.7935828193461099,0.75,0.7487252140063374,0.930537954626832,0.8297892102118631,24.6434006690979,646.4810590744019,0.02197265625,0.0541464123084291,0.1859797533975821,4
311,SRTsim,sim2,SRTsim_2_4,SpaGCN,0.9986982353869588,0.9974505132530332,0.9990234384326871,0.99951171875,0.9974501701644484,0.997450856341854,0.9974505132530332,52.70103359222412,784.6553087234497,0.00048828125,0.05426150090999,0.1629386063556183,4
312,SRTsim,sim2,SRTsim_2_4,SpatialMGCN,0.994800606325676,0.9909628920162998,0.9960995149189676,0.998046875,0.990959483430028,0.990966300626021,0.9909628920163,71.18367648124695,803.4047374725342,0.000732421875,0.0541331961960766,0.1630725320351201,4
313,SRTsim,sim2,SRTsim_2_4,STAGATE,0.9993487992582132,0.9986031865483944,0.9995114802149772,0.999755859375,0.9986031006771692,0.9986032724196344,0.9986031865483944,163.3229489326477,646.5181217193604,0.000244140625,0.0541331961960766,0.1631764405677357,4
314,SRTsim,sim2,SRTsim_2_4,stLearn,0.9781837832583098,0.968278056963495,0.9836338886594944,0.99169921875,0.9682750594598568,0.968281054485692,0.9682780569634948,11.249592542648315,476.3658676147461,0.008544921875,0.0554733411311032,0.1581632489338028,4
315,SRTsim,sim2,SRTsim_2_5,CCST,0.9962531607199666,0.992824852267014,0.9971898715729032,0.998611386629637,0.9928244629729984,0.9928252415613344,0.9928248522670138,626.8813018798828,2053.9289293289185,0.0005951200158698,0.0487950036474246,0.1633736964598423,4
316,SRTsim,sim2,SRTsim_2_5,DeepST,0.9994636573259424,0.9988330770427848,0.9995977430155796,0.9998016266613768,0.9988330211115916,0.998833132973984,0.9988330770427848,275.7761549949646,1491.3122720718384,0.0001983733386232,0.0487950036474246,0.1634035462541641,4
317,SRTsim,sim2,SRTsim_2_5,GraphST,0.9736017409634622,0.96206935061898,0.980201418077611,0.9900813330688356,0.962063541425391,0.962075159882724,0.9620693506189798,25.395007610321045,1278.351004600525,0.0043642134497123,0.0487950036474246,0.1632303998398132,4
318,SRTsim,sim2,SRTsim_2_5,SEDR,0.9914488738757176,0.985994317457089,0.9935867041271776,0.9968260265820272,0.9859863667746284,0.9860022682677744,0.985994317457089,21.255821228027344,876.0966758728027,0.0021821067248561,0.0487950036474246,0.1633526352014406,4
319,SRTsim,sim2,SRTsim_2_5,SpaceFlow,0.6990626441422395,0.8213729459412086,0.7986279601957479,0.7597698869271969,0.7489670176282818,0.9092767163194008,0.8213729459412085,29.10130739212036,795.3855018615723,0.0265820273755207,0.0488046832752062,0.1500416761520464,4
320,SRTsim,sim2,SRTsim_2_5,SpaGCN,0.998392231490956,0.9966978715508557,0.9987941736815108,0.99940487998413,0.9966978157392266,0.9966979273624909,0.9966978715508557,62.11922526359558,965.3909645080566,0.0005951200158698,0.0489401980641497,0.1632904682682192,4
321,SRTsim,sim2,SRTsim_2_5,SpatialMGCN,0.9978554696544548,0.9955308358497186,0.998391602578672,0.9992065066455068,0.9955306128645346,0.9955310588350026,0.9955308358497188,67.30998039245605,988.4222383499146,0.0007934933544931,0.0488917999252413,0.1632048038960197,4
322,SRTsim,sim2,SRTsim_2_5,STAGATE,0.9989277348272274,0.997864570163113,0.9991958012894352,0.9996032533227536,0.9978643466552046,0.9978647936711216,0.997864570163113,110.77822399139404,795.4373226165771,0.0003967466772465,0.0487950036474246,0.1633790009681905,4
323,SRTsim,sim2,SRTsim_2_5,stLearn,0.975245759668933,0.9664673667113164,0.9814343285215678,0.9906764530847054,0.9664668796414908,0.9664678537816328,0.9664673667113164,11.197647333145142,585.4671773910522,0.0097202935925411,0.0497706293358066,0.1585819693596526,4
324,SRTsim,sim2,SRTsim_2_6,CCST,0.9941512064492868,0.9893214978588144,0.9956134602813036,0.9978073874177772,0.9893082999053036,0.9893346961644672,0.9893214978588144,843.045309305191,2764.6668214797974,0.0011806375442739,0.0449921270665846,0.1633497871804562,4
325,SRTsim,sim2,SRTsim_2_6,DeepST,0.9995444644502076,0.9989883154449491,0.999658347390018,0.9998313374936753,0.9989913926264866,0.9989852382823688,0.9989883154449491,331.73775124549866,1792.5076303482056,0.0001686625063248,0.0449921270665846,0.1633873601179676,4
326,SRTsim,sim2,SRTsim_2_6,GraphST,0.990947112457394,0.985390312878051,0.9932103751991448,0.9966267498735032,0.9853840025489454,0.9853966232879792,0.9853903128780512,27.38253140449524,1663.9740285873413,0.0020239500758981,0.0449921270665846,0.1630492514624187,4
327,SRTsim,sim2,SRTsim_2_6,SEDR,0.997757668570152,0.9955204520668832,0.9983182429325218,0.9991566874683758,0.99552588373414,0.9955150204588978,0.9955204520668834,23.82635617256165,1150.785701751709,0.0008433125316242,0.0449921270665846,0.1634038532285739,4
328,SRTsim,sim2,SRTsim_2_6,SpaceFlow,0.6990795029275819,0.8214035857276307,0.7991320783748859,0.7530780907404284,0.7472296374378204,0.911926180031752,0.8214035857276308,29.521104335784912,935.308910369873,0.0254680384550514,0.0449997155515005,0.1492512568749538,4
329,SRTsim,sim2,SRTsim_2_6,SpaGCN,0.9963643236052436,0.9933843170273644,0.9972732768957288,0.9986506999494013,0.99337127172118,0.9933973626761844,0.9933843170273644,81.4860577583313,1135.2241039276123,0.0011806375442739,0.0452899463486722,0.1630077128344837,4
330,SRTsim,sim2,SRTsim_2_6,SpatialMGCN,0.9963642778156078,0.9932879893053144,0.9972732248666252,0.9986506999494013,0.9932816284003744,0.9932943502917247,0.9932879893053148,86.27637434005737,1162.2808961868286,0.0013493000505987,0.0451363082799874,0.1633192231761235,4
331,SRTsim,sim2,SRTsim_2_6,STAGATE,0.9981797110465788,0.9963545401539696,0.9986347916291388,0.9993253499747006,0.9963481596111816,0.9963609207784796,0.9963545401539698,112.51349949836732,935.3737087249756,0.0006746500252993,0.0451590737347352,0.163139097102574,4
332,SRTsim,sim2,SRTsim_2_6,stLearn,0.9802497205546375,0.970806129536662,0.9851875196013204,0.9925788497217068,0.9707901584584684,0.9708221011403652,0.970806129536662,16.242878913879395,688.1803874969482,0.0077584752909428,0.0460305732835229,0.158931139334307,4
333,SRTsim,sim2,SRTsim_2_7,CCST,0.998488927445179,0.9966761005346764,0.9988665350668844,0.9994331065759636,0.9966759850108612,0.9966762160585184,0.9966761005346764,1155.0221989154816,3810.093984603882,0.0005668934240362,0.0412422275391172,0.1635188673927274,4
334,SRTsim,sim2,SRTsim_2_7,DeepST,0.9988666954016252,0.997542491903358,0.9991499010951156,0.9995748299319728,0.9975424629973032,0.9975425208094144,0.997542491903358,410.3617820739746,2191.924690246582,0.0004251700680272,0.0412422275391172,0.1635757753408869,4
335,SRTsim,sim2,SRTsim_2_7,GraphST,0.991349711569428,0.9849001693708398,0.9935113694757572,0.9967403628117912,0.9848992848809428,0.9849010538623256,0.98490016937084,31.52781772613525,2222.934048652649,0.0026927437641723,0.0412422275391172,0.1634870745119334,4
336,SRTsim,sim2,SRTsim_2_7,SEDR,0.9984883923331412,0.9968710549956225,0.9988661339497972,0.9994331065759636,0.9968706795678556,0.996871430423672,0.9968710549956225,29.58272099494934,1551.5076274871826,0.0005668934240362,0.0412422275391172,0.1635493019404246,4
337,SRTsim,sim2,SRTsim_2_7,SpaceFlow,0.6455043830039091,0.7150776353572439,0.7545588321545781,0.7321428571428571,0.6652386772360447,0.7729891410258465,0.715077635357244,38.01696991920471,1113.016657829285,0.0690192743764172,0.041258759658598,0.1767822295995362,4
338,SRTsim,sim2,SRTsim_2_7,SpaGCN,0.99698214162101,0.9942288944884308,0.9977362856370734,0.9988662131519276,0.9942287792482692,0.9942290097286192,0.9942288944884308,111.73560619354248,1501.3165664672852,0.0011337868480725,0.0417028724157539,0.1630550705364784,4
339,SRTsim,sim2,SRTsim_2_7,SpatialMGCN,0.995098983998338,0.9906974744903472,0.9963237185596626,0.998157596371882,0.9906970151666992,0.9906979338144212,0.9906974744903472,90.40059733390808,1383.1837730407717,0.0018424036281179,0.0415227515607342,0.1628075158750326,4
340,SRTsim,sim2,SRTsim_2_7,STAGATE,0.9984893570900152,0.9971010959773676,0.9988668577110812,0.9994331065759636,0.997100633684766,0.9971015582703978,0.9971010959773676,133.3931748867035,1113.0993089675903,0.0005668934240362,0.0414760270149625,0.1633312148034283,4
341,SRTsim,sim2,SRTsim_2_7,stLearn,0.9846703370797246,0.9767695780368062,0.988501127154232,0.994189342403628,0.9767692101793792,0.9767699458945104,0.9767695780368062,17.1751971244812,818.7922697067261,0.0059523809523809,0.0420394332802064,0.1604406691450995,4
342,SRTsim,sim2,SRTsim_2_8,CCST,0.9976417800169868,0.9949009971319986,0.9982313350503328,0.9991162731978286,0.994900973992144,0.9949010202718545,0.9949009971319986,1408.4351150989532,4725.816960334778,0.0007574801161469,0.0389249472080747,0.1633776279909912,4
343,SRTsim,sim2,SRTsim_2_8,DeepST,0.9989793108537444,0.9977759711716648,0.9992344817242672,0.9996212599419264,0.9977779683025644,0.99777397404876,0.9977759711716648,438.988755941391,2511.4940881729126,0.0003787400580734,0.0389249472080747,0.1634468495757293,4
344,SRTsim,sim2,SRTsim_2_8,GraphST,0.9972815940726916,0.9947660957634366,0.9979612035080514,0.998990026511804,0.9947619777471798,0.9947702138137884,0.9947660957634368,34.689496994018555,2704.342610359192,0.0008837268021714,0.0389249472080747,0.1633581917703894,4
345,SRTsim,sim2,SRTsim_2_8,SEDR,0.995629801583776,0.99204799350186,0.9967223114639951,0.9983587930816816,0.9920610833911968,0.9920349039579512,0.99204799350186,30.319418907165527,1898.413126945496,0.0007574801161469,0.0389249472080747,0.1635553099776324,4
346,SRTsim,sim2,SRTsim_2_8,SpaceFlow,0.6898294398215785,0.8068249222197553,0.7933739920501977,0.7526827420780204,0.7280623708587503,0.9046958709978232,0.8068249222197554,33.03415870666504,1258.689723968506,0.0166645625552329,0.0389298613536634,0.1344964182296973,4
347,SRTsim,sim2,SRTsim_2_8,SpaGCN,0.9969426221376294,0.9944643191016752,0.9977070002677262,0.9988637798257796,0.9944491184215012,0.9944795202465572,0.9944643191016752,136.07594394683838,1815.5030574798584,0.0011362201742204,0.0392142509598488,0.1629963447481727,4
348,SRTsim,sim2,SRTsim_2_8,SpatialMGCN,0.997633322626976,0.9953788140844904,0.9982249769878124,0.9991162731978286,0.9953879991136784,0.995369629224812,0.9953788140844902,100.58977723121644,1552.53950214386,0.0008837268021714,0.0389249472080747,0.1632411960100916,4
349,SRTsim,sim2,SRTsim_2_8,STAGATE,0.9979601445190937,0.9959309201534736,0.9984701027929612,0.999242519883853,0.9959348617097284,0.9959269786284172,0.9959309201534736,149.9705410003662,1249.41131401062,0.0007574801161469,0.0390527149933808,0.1631481755061634,4
350,SRTsim,sim2,SRTsim_2_8,stLearn,0.9775737790432604,0.9683164545014592,0.9831805077652296,0.991541472036359,0.9683057869918872,0.9683271222460748,0.9683164545014592,18.49374556541443,918.845832824707,0.0083322812776164,0.0401007439683864,0.1584021214734737,4
351,SRTsim,sim2,SRTsim_2_9,CCST,0.9982106441916662,0.9963391919485596,0.9986579831437497,0.9993351800554016,0.9963391919485596,0.9963391919485596,0.9963391919485596,1798.068534374237,6017.79861164093,0.0003324099722991,0.0364662478744713,0.1636482274292724,4
352,SRTsim,sim2,SRTsim_2_9,DeepST,0.9997014466087292,0.9993019925406444,0.999776084960214,0.9998891966759004,0.9993019750227582,0.9993020100585313,0.9993019925406444,529.8971149921417,2935.883423805237,0.0001108033240997,0.0364662478744713,0.1636147903163125,4
353,SRTsim,sim2,SRTsim_2_9,GraphST,0.9916843651323544,0.9859031716703024,0.9937632925745432,0.9968975069252076,0.9859000081724372,0.9859063351884688,0.9859031716703022,49.28007364273071,3385.104748725891,0.0026592797783933,0.0365538298086698,0.1630869818623272,4
354,SRTsim,sim2,SRTsim_2_9,SEDR,0.9970189852480666,0.9939909021491928,0.9977642391923306,0.9988919667590028,0.9939907801986216,0.993991024099794,0.9939909021491928,42.716758012771606,2390.924214363098,0.0014404432132963,0.0364662478744713,0.1636446182943661,4
355,SRTsim,sim2,SRTsim_2_9,SpaceFlow,0.674406646525068,0.7806567267494098,0.7799723025026375,0.7366204986149585,0.7183196241685222,0.8548414448697332,0.7806567267494098,67.77984285354614,1423.2790098190308,0.0408864265927977,0.0364743290374352,0.1890630897483106,4
356,SRTsim,sim2,SRTsim_2_9,SpaGCN,0.9964260052907904,0.993398099439558,0.9973195046705464,0.9986703601108032,0.9933978208091802,0.9933983780700922,0.993398099439558,188.6105616092682,2247.614113807678,0.0013296398891966,0.0367838435206619,0.1631019018149232,4
357,SRTsim,sim2,SRTsim_2_9,SpatialMGCN,0.9961290218224584,0.9928756044538856,0.9970967664143758,0.9985595567867036,0.9928755870486548,0.9928756218591172,0.9928756044538856,119.87986087799072,1768.6892595291138,0.0008864265927977,0.036591023507582,0.1634650848211581,4
358,SRTsim,sim2,SRTsim_2_9,STAGATE,0.998508543166248,0.996953369498864,0.9988814075396022,0.9994459833795014,0.9969532122083924,0.996953526789385,0.996953369498864,188.3184700012207,1423.38796043396,0.0004432132963988,0.0365591812485558,0.1635372653153055,4
359,SRTsim,sim2,SRTsim_2_9,stLearn,0.9826058211041342,0.974684272141314,0.986954431507918,0.9934626038781164,0.9746790254385244,0.9746895189005904,0.974684272141314,29.286043882369995,1046.549415588379,0.0065373961218836,0.0373258654027603,0.1600523595132114,4
360,SRTsim,sim2,SRTsim_2_1,CCST,0.9539677068773542,0.9395795410177472,0.9654443805134268,0.982421875,0.939510745291158,0.939648346820216,0.9395795410177472,85.09694409370422,157.05036067962646,0.0078125,0.1083060722147764,0.1585755165375878,5
361,SRTsim,sim2,SRTsim_2_1,DeepST,0.9896088361087728,0.9825406720072476,0.9921990188529451,0.99609375,0.9825393201642146,0.9825420238540002,0.9825406720072476,58.26096558570862,292.2172451019287,0.001953125,0.1083060722147764,0.1610557014024378,5
362,SRTsim,sim2,SRTsim_2_1,GraphST,0.9973932819104482,0.9953893045098666,0.998043052844892,0.9990234375,0.9953879349888538,0.9953906740346478,0.9953893045098664,9.145436525344849,181.9521427154541,0.0009765625,0.1083060722147764,0.1611029679333739,5
363,SRTsim,sim2,SRTsim_2_1,SEDR,0.9767956661281324,0.9647754025460648,0.9825801610604395,0.9912109375,0.9647501029948592,0.9648007034242132,0.9647754025460648,9.923355340957642,92.10667324066162,0.0068359375,0.1083060722147764,0.1604282986997361,5
364,SRTsim,sim2,SRTsim_2_1,SpaceFlow,0.6661104418137116,0.8184435677379571,0.7763560917946353,0.75,0.75,0.9006336771941185,0.818443567737957,9.149969577789308,162.2487726211548,0.0390625,0.1084118398634236,0.1785994025720344,5
365,SRTsim,sim2,SRTsim_2_1,SpaGCN,0.7789436071925224,0.8151385550058043,0.8340475402171236,0.8955078125,0.8151284611171213,0.8151486491444794,0.8151385550058043,11.356858730316162,196.82477855682373,0.0947265625,0.1100437874339748,0.1127481226935927,5
366,SRTsim,sim2,SRTsim_2_1,SpatialMGCN,0.948993713081064,0.9396820217568111,0.961720022724255,0.98046875,0.9393708554955956,0.939993394233762,0.9396820217568111,14.100611209869385,201.65062141418457,0.0078125,0.1093637487012488,0.1584496861492156,5
367,SRTsim,sim2,SRTsim_2_1,STAGATE,0.9947967529296876,0.990781373436532,0.99609375,0.998046875,0.990781373436532,0.990781373436532,0.990781373436532,24.55944561958313,162.23100566864014,0.001953125,0.1083060722147764,0.1614498617368365,5
368,SRTsim,sim2,SRTsim_2_1,stLearn,0.661299854879484,0.7331175323524088,0.7458242805308889,0.775390625,0.7328114393907478,0.7334238811289978,0.733117532352409,2.372953414916992,122.13726711273192,0.19921875,0.1117795474181512,0.0868545753499564,5
369,SRTsim,sim2,SRTsim_2_10,CCST,0.9994665599946816,0.9987269447855296,0.9995998800000216,0.9998,0.9987269015655372,0.9987269880055256,0.9987269447855296,2195.332606554032,7326.798879623413,0.0002,0.0346427483320996,0.1636469090340735,5
370,SRTsim,sim2,SRTsim_2_10,DeepST,1.0,1.0,1.0,1.0,1.0,1.0,1.0,603.7716813087463,3326.158758163452,0.0,0.0346427483320996,0.1636488134684431,5
371,SRTsim,sim2,SRTsim_2_10,GraphST,0.998667600560064,0.9972175133243096,0.9990006006000888,0.9995,0.99721738384301,0.997217642805643,0.9972175133243096,53.250391483306885,4048.179720878601,0.0005,0.0347555324732463,0.1634347464716091,5
372,SRTsim,sim2,SRTsim_2_10,SEDR,0.9973360020708572,0.9946156089360908,0.9980018022398146,0.999,0.9946153362137256,0.9946158816586056,0.9946156089360908,47.84316515922546,2872.279398918152,0.001,0.0346427483320996,0.1636525812401641,5
373,SRTsim,sim2,SRTsim_2_10,SpaceFlow,0.7016129822093432,0.8425610035720748,0.8059361579733602,0.75,0.75,0.9611853816285346,0.8425610035720749,69.47816824913025,1576.9105005264282,0.01,0.0346427483320996,0.137733422184577,5
374,SRTsim,sim2,SRTsim_2_10,SpaGCN,0.998667600275648,0.9971553156697264,0.9990006002800887,0.9995,0.9971553012838156,0.9971553300556374,0.9971553156697264,226.97293853759768,2676.2336654663086,0.0005,0.0348485833755978,0.1634437937071327,5
375,SRTsim,sim2,SRTsim_2_10,SpatialMGCN,0.9952158859694,0.9922955410279648,0.996411571218236,0.9982,0.992290902669155,0.9923001794301378,0.9922955410279648,138.4888210296631,2029.7876052856443,0.001,0.0346427483320996,0.1636810539553214,5
376,SRTsim,sim2,SRTsim_2_10,STAGATE,0.9992002400693588,0.9981904965859488,0.9994001200720248,0.9997,0.9981904821851038,0.9981905109867946,0.9981904965859488,204.7871961593628,1577.0345258712769,0.0004,0.0346441832817193,0.1636445678487708,5
377,SRTsim,sim2,SRTsim_2_10,stLearn,0.983656777777122,0.9753213727690546,0.987741367932509,0.9938,0.9753204722290808,0.9753222733106915,0.9753213727690546,31.001713275909424,1159.3271884918213,0.0062,0.0354124511960972,0.160205151797394,5
378,SRTsim,sim2,SRTsim_2_2,CCST,0.9868969012537728,0.9787871969105062,0.9901728889805368,0.9950617283950616,0.9787646276515756,0.9788097672103064,0.9787871969105064,158.63515782356262,435.2014970779419,0.0024691358024691,0.0769990503509009,0.1622275654124235,5
379,SRTsim,sim2,SRTsim_2_2,DeepST,0.9932996145652068,0.9899512605185594,0.9949751491243716,0.9975308641975308,0.98986596948472,0.9900365662517372,0.9899512605185596,109.07800769805908,567.98792552948,0.0009876543209876,0.0769990503509009,0.1619256833221954,5
380,SRTsim,sim2,SRTsim_2_2,GraphST,0.9672728716077064,0.9540195250639432,0.975453497641516,0.9876543209876544,0.954066023457651,0.9539730312024068,0.9540195250639432,14.098025560379028,358.9561586380005,0.0093827160493827,0.0769990503509009,0.1622668675088723,5
381,SRTsim,sim2,SRTsim_2_2,SEDR,0.985409941982007,0.9769668238961108,0.9890573218905752,0.994567901234568,0.9769795273320674,0.9769541207905096,0.9769668238961108,17.23004913330078,212.56540298461917,0.0049382716049382,0.0769990503509009,0.1621195060876407,5
382,SRTsim,sim2,SRTsim_2_2,SpaceFlow,0.6286416887840595,0.7257566652872581,0.7401686846143449,0.7135802469135802,0.6861549252439306,0.7702096622738878,0.7257566652872581,16.017297506332397,319.9654197692871,0.0819753086419753,0.0770750987956919,0.1623418472759217,5
383,SRTsim,sim2,SRTsim_2_2,SpaGCN,0.9840267418053452,0.9767474541573744,0.9880204268184766,0.994074074074074,0.9767158155434762,0.9767790948210686,0.9767474541573744,18.44871950149536,388.4365139007568,0.005432098765432,0.0783414732131508,0.1595435284935158,5
384,SRTsim,sim2,SRTsim_2_2,SpatialMGCN,0.989389009152858,0.9823337474543214,0.9920415577874622,0.9960493827160494,0.982360032198488,0.9823074641167048,0.9823337474543212,40.51006031036377,397.7077302932739,0.0024691358024691,0.0769990503509009,0.1624653998031827,5
385,SRTsim,sim2,SRTsim_2_2,STAGATE,0.994633942913428,0.9908434729334896,0.9959755844327658,0.9980246913580249,0.9908113777240882,0.9908755702222694,0.9908434729334896,32.05562686920166,320.0607051849365,0.0014814814814814,0.0769990503509009,0.1620587351165777,5
386,SRTsim,sim2,SRTsim_2_2,stLearn,0.7808330587774437,0.8097880825666947,0.8358955462609856,0.9007407407407408,0.8084098592935708,0.8111710132126297,0.8097880825666947,4.406488656997681,237.35293292999268,0.1091358024691358,0.0811092642232977,0.1143005648632168,5
387,SRTsim,sim2,SRTsim_2_3,CCST,0.9928782175195848,0.98798301950427,0.994658640641686,0.9973553719008263,0.9879877675023044,0.9879782715518702,0.98798301950427,268.6456756591797,845.43088722229,0.0026446280991735,0.0629940788348703,0.1627744129591777,5
388,SRTsim,sim2,SRTsim_2_3,DeepST,0.999102715727924,0.9981759656718702,0.999327036894128,0.9996694214876032,0.9981758110528236,0.9981761202909648,0.9981759656718702,166.53377628326416,858.7861642837524,0.0003305785123966,0.0629940788348703,0.1630661082395471,5
389,SRTsim,sim2,SRTsim_2_3,GraphST,0.9946256275591382,0.9898435570277112,0.995969223020942,0.99801652892562,0.9898429437138202,0.9898441703423622,0.9898435570277112,16.711793661117554,581.4244203567505,0.0019834710743801,0.06301133040631,0.1626694362355285,5
390,SRTsim,sim2,SRTsim_2_3,SEDR,0.9892730992895664,0.9831586350220236,0.9919549319590204,0.9960330578512396,0.983144784924008,0.9831724855102726,0.9831586350220236,17.60781478881836,386.413104057312,0.0023140495867768,0.0629940788348703,0.1629987059219134,5
391,SRTsim,sim2,SRTsim_2_3,SpaceFlow,0.6757977254745093,0.8243799250508286,0.7871299968047526,0.7451239669421488,0.7433728623654777,0.925201248098286,0.8243799250508287,25.3641357421875,477.65819931030273,0.0244628099173553,0.0630149033237413,0.1857070207802938,5
392,SRTsim,sim2,SRTsim_2_3,SpaGCN,0.9973116516376276,0.9953141095033792,0.9979837413809092,0.99900826446281,0.9953127219185924,0.9953154970920348,0.9953141095033792,24.90320658683777,579.6945629119873,0.00099173553719,0.063515490817193,0.1626798718419037,5
393,SRTsim,sim2,SRTsim_2_3,SpatialMGCN,0.9919466389767398,0.9861668740642116,0.9939599959939336,0.9970247933884298,0.9861639746078252,0.9861697735376472,0.9861668740642116,54.82079291343689,593.5892381668091,0.0016528925619834,0.0629940788348703,0.1628013966289342,5
394,SRTsim,sim2,SRTsim_2_3,STAGATE,0.9937434973855443,0.9893444930054268,0.9953076237232036,0.9976859504132232,0.9893443397543894,0.989344646256512,0.9893444930054268,55.193583726882935,477.6790142059326,0.0023140495867768,0.0629940788348703,0.1627559313962425,5
395,SRTsim,sim2,SRTsim_2_3,stLearn,0.969288928651491,0.9601814510908352,0.9769667267116012,0.9884297520661156,0.9601801124851012,0.9601827897003014,0.9601814510908352,4.71516227722168,352.601788520813,0.0115702479338842,0.0646844917824935,0.1562482656675903,5
396,SRTsim,sim2,SRTsim_2_4,CCST,0.9967490924919123,0.9939928352801116,0.9975612264890364,0.998779296875,0.9939917246067494,0.9939939459559556,0.9939928352801114,446.1762440204621,1427.3587017059326,0.001220703125,0.0541331961960766,0.1630870559103824,5
397,SRTsim,sim2,SRTsim_2_4,DeepST,0.9967484510684698,0.993597050981976,0.9975607433613896,0.998779296875,0.9935967947431102,0.993597307220974,0.993597050981976,222.01752638816836,1187.0819673538208,0.0009765625,0.0541331961960766,0.1631967495564507,5
398,SRTsim,sim2,SRTsim_2_4,GraphST,0.9993487992582132,0.9986031865483944,0.9995114802149772,0.999755859375,0.9986031006771692,0.9986032724196344,0.9986031865483944,25.186198711395264,920.8398323059082,0.000244140625,0.0541331961960766,0.1631733827647853,5
399,SRTsim,sim2,SRTsim_2_4,SEDR,0.997397106193856,0.9946572305136424,0.9980473532353932,0.9990234375,0.994657059449828,0.9946574015775156,0.9946572305136424,20.41422414779663,623.4235038757324,0.000732421875,0.0541331961960766,0.1630378343990867,5
400,SRTsim,sim2,SRTsim_2_4,SpaceFlow,0.6919237752461138,0.7974737220384037,0.7909381090909374,0.756103515625,0.7349473435005623,0.8716283757692237,0.7974737220384037,27.238370895385746,646.4810657501221,0.0380859375,0.0541464123084291,0.1673148514027934,5
401,SRTsim,sim2,SRTsim_2_4,SpaGCN,0.9986982353869588,0.9974505132530332,0.9990234384326871,0.99951171875,0.9974501701644484,0.997450856341854,0.9974505132530332,51.68829822540283,784.6551637649536,0.00048828125,0.05426150090999,0.1629386063556183,5
402,SRTsim,sim2,SRTsim_2_4,SpatialMGCN,0.994800606325676,0.9909628920162998,0.9960995149189676,0.998046875,0.990959483430028,0.990966300626021,0.9909628920163,70.29278945922852,803.4039039611816,0.000732421875,0.0541331961960766,0.1630725320351201,5
403,SRTsim,sim2,SRTsim_2_4,STAGATE,0.9993487992582132,0.9986031865483946,0.9995114802149772,0.999755859375,0.9986031006771692,0.9986032724196346,0.9986031865483946,168.55508303642273,646.5178394317627,0.000244140625,0.0541331961960766,0.1631764405677357,5
404,SRTsim,sim2,SRTsim_2_4,stLearn,0.9781837832583098,0.968278056963495,0.9836338886594944,0.99169921875,0.9682750594598568,0.968281054485692,0.9682780569634948,11.043694496154783,476.3658838272095,0.008544921875,0.0555589244138118,0.1580341422315448,5
405,SRTsim,sim2,SRTsim_2_5,CCST,0.9941170277985918,0.9893750359202438,0.9955877724704144,0.9978178932751438,0.9893746482390292,0.9893754236017626,0.989375035920244,629.4731597900391,2053.928891181946,0.0011902400317397,0.0487950036474246,0.1631261639358995,5
406,SRTsim,sim2,SRTsim_2_5,DeepST,1.0,1.0,1.0,1.0,1.0,1.0,1.0,252.57540822029117,1491.3118677139282,0.0,0.0487950036474246,0.1633963945268972,5
407,SRTsim,sim2,SRTsim_2_5,GraphST,0.9736017409634622,0.96206935061898,0.980201418077611,0.9900813330688356,0.962063541425391,0.962075159882724,0.9620693506189798,25.28803586959839,1278.3511629104614,0.0043642134497123,0.0487950036474246,0.1632303998398132,5
408,SRTsim,sim2,SRTsim_2_5,SEDR,0.9925200085520404,0.9876476787228466,0.9943900244187788,0.997222773259274,0.9876443012115946,0.9876510562571994,0.9876476787228466,21.145623207092285,876.095871925354,0.0009918666931164,0.0487950036474246,0.1633938552038604,5
409,SRTsim,sim2,SRTsim_2_5,SpaceFlow,0.944985059644516,0.9439501427528956,0.9587618409960704,0.978774052767308,0.9434158825841428,0.9444850083718368,0.9439501427528956,24.803922176361084,795.385440826416,0.0194405871850823,0.0488046832752063,0.1498718092290775,5
410,SRTsim,sim2,SRTsim_2_5,SpaGCN,0.998392231490956,0.9966978715508557,0.9987941736815108,0.99940487998413,0.9966978157392266,0.9966979273624909,0.9966978715508557,61.20703840255737,965.3908596038818,0.0005951200158698,0.0489401980641497,0.1632904682682192,5
411,SRTsim,sim2,SRTsim_2_5,SpatialMGCN,0.9978554696544548,0.9955308358497186,0.998391602578672,0.9992065066455068,0.9955306128645346,0.9955310588350026,0.9955308358497188,76.80217337608337,988.4220781326294,0.0007934933544931,0.0488917999252413,0.1632048038960197,5
412,SRTsim,sim2,SRTsim_2_5,STAGATE,0.9989277348272274,0.997864570163113,0.9991958012894352,0.9996032533227536,0.9978643466552046,0.9978647936711216,0.997864570163113,108.27227425575256,795.4371318817139,0.0003967466772465,0.0487950036474246,0.1633790009681905,5
413,SRTsim,sim2,SRTsim_2_5,stLearn,0.9762802389168448,0.967612844327696,0.9822101875910508,0.991073199761952,0.967612356680585,0.9676133319752984,0.967612844327696,10.271101236343384,585.466236114502,0.0093235469152945,0.0497816381370165,0.1588286026393287,5
414,SRTsim,sim2,SRTsim_2_6,CCST,0.9986343197717492,0.9971337894443836,0.9989757428989212,0.9994940124810254,0.9971306371112972,0.9971369417974012,0.9971337894443834,857.2035303115845,2764.666757583618,0.0005059875189745,0.0449921270665846,0.1634226931851611,5
415,SRTsim,sim2,SRTsim_2_6,DeepST,0.9990892376401604,0.9979767078331974,0.9993169282301204,0.9996626749873504,0.9979767078331974,0.9979767078331974,0.9979767078331974,323.3067843914032,1792.506554603577,0.0003373250126496,0.0449921270665846,0.1633676265222477,5
416,SRTsim,sim2,SRTsim_2_6,GraphST,0.990947112457394,0.985390312878051,0.9932103751991448,0.9966267498735032,0.9853840025489454,0.9853966232879792,0.9853903128780512,26.919187545776367,1663.9730529785156,0.0020239500758981,0.0449921270665846,0.1630492514624187,5
417,SRTsim,sim2,SRTsim_2_6,SEDR,0.9973162401839089,0.9945125601830052,0.9979871688294734,0.998988024962051,0.9945186063240136,0.9945065141155112,0.9945125601830052,23.81388258934021,1150.7854537963867,0.0005059875189745,0.0449921270665846,0.1633964379877867,5
418,SRTsim,sim2,SRTsim_2_6,SpaceFlow,0.6580866899125483,0.7692538369034743,0.7699276591210785,0.7345252150446956,0.699391181157429,0.8546226705934051,0.7692538369034743,32.20853853225708,935.3084897994996,0.04317760161916,0.0450073040364165,0.1400266634651278,5
419,SRTsim,sim2,SRTsim_2_6,SpaGCN,0.9963643236052436,0.9933843170273644,0.9972732768957288,0.9986506999494013,0.99337127172118,0.9933973626761844,0.9933843170273644,80.19274830818176,1135.22430229187,0.0011806375442739,0.0452899463486722,0.1630077128344837,5
420,SRTsim,sim2,SRTsim_2_6,SpatialMGCN,0.9963642778156078,0.9932879893053144,0.9972732248666252,0.9986506999494013,0.9932816284003744,0.9932943502917247,0.9932879893053148,87.20672392845154,1162.2807207107544,0.0013493000505987,0.0451363082799874,0.1633192231761235,5
421,SRTsim,sim2,SRTsim_2_6,STAGATE,0.9981797110465788,0.9963545401539698,0.9986347916291388,0.9993253499747006,0.9963481596111818,0.9963609207784796,0.99635454015397,119.30790305137634,935.3738479614258,0.0006746500252993,0.0451590737347352,0.163139097102574,5
422,SRTsim,sim2,SRTsim_2_6,stLearn,0.981135632782149,0.9718308565858036,0.9858518526855492,0.9929161747343566,0.9718214840328736,0.9718402293195187,0.9718308565858036,13.616475582122805,688.1805629730225,0.0074211502782931,0.0460626355641139,0.1592610733219956,5
423,SRTsim,sim2,SRTsim_2_7,CCST,0.996979998255684,0.9936895465251636,0.997734677885395,0.9988662131519276,0.9936894313475172,0.9936896617028366,0.9936895465251636,1157.9693012237549,3810.092725753784,0.0009920634920634,0.0412422275391172,0.1634203405873776,5
424,SRTsim,sim2,SRTsim_2_7,DeepST,0.998866695887649,0.9977375915251376,0.9991499016420728,0.9995748299319728,0.9977373313196516,0.9977378517307596,0.997737591525138,398.140771150589,2191.9240798950195,0.0004251700680272,0.0412422275391172,0.1635130665596185,5
425,SRTsim,sim2,SRTsim_2_7,GraphST,0.991349711569428,0.9849001693708398,0.9935113694757572,0.9967403628117912,0.9848992848809428,0.9849010538623256,0.98490016937084,31.425614833831787,2222.934544563293,0.0026927437641723,0.0412422275391172,0.1634870745119334,5
426,SRTsim,sim2,SRTsim_2_7,SEDR,0.9992442493860568,0.9984088249888454,0.9994331067583002,0.9997165532879818,0.9984087092641918,0.998408940713526,0.9984088249888456,28.528988361358643,1551.5081024169922,0.0002834467120181,0.0412422275391172,0.1635628013007998,5
427,SRTsim,sim2,SRTsim_2_7,SpaceFlow,0.6699372089433032,0.769586916295377,0.775225644786165,0.7365362811791383,0.7118362110083123,0.8375355052902478,0.7695869162953769,36.48386216163635,1113.0171689987185,0.0460600907029478,0.0412539175129095,0.1851648122361814,5
428,SRTsim,sim2,SRTsim_2_7,SpaGCN,0.99698214162101,0.9942288944884308,0.9977362856370734,0.9988662131519276,0.9942287792482692,0.9942290097286192,0.9942288944884308,112.25228071212769,1501.3164701461792,0.0011337868480725,0.0417028724157539,0.1630550705364784,5
429,SRTsim,sim2,SRTsim_2_7,SpatialMGCN,0.995098983998338,0.9906974744903472,0.9963237185596626,0.998157596371882,0.9906970151666992,0.9906979338144212,0.9906974744903472,90.24385523796082,1383.1840324401855,0.0018424036281179,0.0415227515607342,0.1628075158750326,5
430,SRTsim,sim2,SRTsim_2_7,STAGATE,0.998866695887649,0.9977375915251376,0.9991499016420728,0.9995748299319728,0.9977373313196516,0.9977378517307592,0.9977375915251376,136.67740321159363,1113.0998048782349,0.0004251700680272,0.0414760270149625,0.1633485752240918,5
431,SRTsim,sim2,SRTsim_2_7,stLearn,0.9850398482718438,0.9772190762913364,0.9887782979301366,0.9943310657596371,0.9772188781194668,0.9772192744632866,0.9772190762913364,16.528368949890137,818.7922401428223,0.0056689342403628,0.0420766567571269,0.1605787141055835,5
432,SRTsim,sim2,SRTsim_2_8,CCST,0.9972946657511162,0.9944633943093784,0.9979709994858642,0.998990026511804,0.99446330179066,0.994463486828114,0.9944633943093782,1411.5024802684784,4725.817032814026,0.0010099734881959,0.0389249472080747,0.1634612983038864,5
433,SRTsim,sim2,SRTsim_2_8,DeepST,0.9996596002547388,0.9992165388614483,0.9997446997292964,0.9998737533139757,0.9992185388757632,0.9992145388551402,0.9992165388614483,446.9592032432556,2511.492829322815,0.0001262466860244,0.0389249472080747,0.1634628991870313,5
434,SRTsim,sim2,SRTsim_2_8,GraphST,0.9972815940726916,0.9947660957634366,0.9979612035080514,0.998990026511804,0.9947619777471798,0.9947702138137884,0.9947660957634368,34.76993203163147,2704.342396736145,0.0008837268021714,0.0389249472080747,0.1633581917703894,5
435,SRTsim,sim2,SRTsim_2_8,SEDR,0.99831329248792,0.9965130624147897,0.9987349628228444,0.9993687665698776,0.99651867859084,0.9965074463020418,0.9965130624147897,31.3574001789093,1898.4130411148071,0.0003787400580734,0.0389249472080747,0.1634572309647065,5
436,SRTsim,sim2,SRTsim_2_8,SpaceFlow,0.3110404404369716,0.5084630527080961,0.5937534769198398,0.5053654841560409,0.3985249542631839,0.7021637012900405,0.5084630527080961,31.831151962280277,1281.0194692611694,0.0597146824895846,0.0389388465107527,0.1023501417944823,5
437,SRTsim,sim2,SRTsim_2_8,SpaGCN,0.9969426221376294,0.9944643191016752,0.9977070002677262,0.9988637798257796,0.9944491184215012,0.9944795202465572,0.9944643191016752,137.11831521987915,1815.503858566284,0.0011362201742204,0.0392142509598488,0.1629963447481727,5
438,SRTsim,sim2,SRTsim_2_8,SpatialMGCN,0.997633322626976,0.9953788140844904,0.9982249769878124,0.9991162731978286,0.9953879991136784,0.995369629224812,0.9953788140844902,112.51202416419984,1552.539361000061,0.0008837268021714,0.0389249472080747,0.1632411960100916,5
439,SRTsim,sim2,SRTsim_2_8,STAGATE,0.9979601445190937,0.9959309201534736,0.9984701027929612,0.999242519883853,0.9959348617097284,0.9959269786284172,0.9959309201534736,153.15685486793518,1249.4110851287842,0.0007574801161469,0.0390527149933808,0.1631481755061634,5
440,SRTsim,sim2,SRTsim_2_8,stLearn,0.9775737790432604,0.9683164545014592,0.9831805077652296,0.991541472036359,0.9683057869918872,0.9683271222460748,0.9683164545014592,17.81472897529602,918.8457117080688,0.0083322812776164,0.0401007439683864,0.1584021214734737,5
441,SRTsim,sim2,SRTsim_2_9,CCST,0.9970193147305288,0.9941016294531574,0.9977644870736122,0.9988919667590028,0.9941011413210452,0.9941021175857488,0.9941016294531574,1825.416289806366,6017.798916816711,0.0008864265927977,0.0364662478744713,0.163457900174134,5
442,SRTsim,sim2,SRTsim_2_9,DeepST,0.9997014466087292,0.9993019925406444,0.999776084960214,0.9998891966759004,0.9993019750227582,0.9993020100585313,0.9993019925406444,515.407793045044,2935.8829050064087,0.0001108033240997,0.0364662478744713,0.1636165203895915,5
443,SRTsim,sim2,SRTsim_2_9,GraphST,0.9916843651323544,0.9859031716703024,0.9937632925745432,0.9968975069252076,0.9859000081724372,0.9859063351884688,0.9859031716703022,49.48823094367981,3385.1040000915527,0.0026592797783933,0.0365538298086698,0.1630869818623272,5
444,SRTsim,sim2,SRTsim_2_9,SEDR,0.996721937677524,0.9935202899201212,0.9975414533789052,0.9987811634349032,0.9935202376781596,0.9935203421620884,0.9935202899201212,43.03777813911438,2390.9242753982544,0.0008864265927977,0.0364662478744713,0.1636566484599643,5
445,SRTsim,sim2,SRTsim_2_9,SpaceFlow,0.2889884348094237,0.456450498081722,0.5742563118843533,0.4845429362880886,0.3659547639059797,0.6064068200045913,0.456450498081722,56.45565509796143,1423.279067993164,0.0824376731301939,0.036481023692034,0.1943114604878577,5
446,SRTsim,sim2,SRTsim_2_9,SpaGCN,0.9964260052907904,0.993398099439558,0.9973195046705464,0.9986703601108032,0.9933978208091802,0.9933983780700922,0.993398099439558,189.7805950641632,2247.614136695862,0.0013296398891966,0.0367838435206619,0.1631019018149232,5
447,SRTsim,sim2,SRTsim_2_9,SpatialMGCN,0.9961290218224584,0.9928756044538856,0.9970967664143758,0.9985595567867036,0.9928755870486548,0.9928756218591172,0.9928756044538856,129.5818634033203,1768.689206123352,0.0008864265927977,0.036591023507582,0.1634650848211581,5
448,SRTsim,sim2,SRTsim_2_9,STAGATE,0.9988065723912992,0.9974715357594895,0.9991049293521088,0.9995567867036012,0.9974714658162904,0.9974716057026984,0.9974715357594895,193.01109862327576,1423.3875331878662,0.0003324099722991,0.0365591812485558,0.1635407780313861,5
449,SRTsim,sim2,SRTsim_2_9,stLearn,0.98318792285057,0.9752983562858372,0.9873909799543572,0.9936842105263158,0.97529522681597,0.9753014857757878,0.9752983562858372,30.962486505508423,1046.5493278503418,0.0063157894736842,0.0372813915253876,0.1601609073644331,5
450,SRTsim,sim2,SRTsim_2_1,BASS,0.9870484264799819,0.9808580402626672,0.9902769865181483,0.9951171875,0.9808404642311349,0.9808756169241132,0.9808580402626672,649.9312000274658,357.5,0.001953125,0.1090464457553071,0.16067157941049795,1
451,SRTsim,sim2,SRTsim_2_10,BASS,0.9986673868782948,0.9970175712926311,0.9990004402160696,0.9995,0.9970175569087075,0.997017585676555,0.997017571292631,1400.3231098651886,2794.8,0.0005,0.034680855355265,0.16354208037190107,1
452,SRTsim,sim2,SRTsim_2_2,BASS,0.9919655876253913,0.986976540017796,0.9939740256222065,0.997037037037037,0.9870057858414927,0.9869472959272053,0.986976540017796,625.1116898059845,2780.8,0.0024691358024691358,0.0773810173922616,0.16205128367127777,1
453,SRTsim,sim2,SRTsim_2_3,BASS,0.9955252392539422,0.9919986042123252,0.9966439299297248,0.9983471074380166,0.9919984505501616,0.9919987578745364,0.9919986042123252,666.4304699897766,1046.0,0.001652892561983471,0.06299407883487045,0.1628813918101798,1
454,SRTsim,sim2,SRTsim_2_4,BASS,0.99869728080671,0.9972062867091004,0.9990227222450309,0.99951171875,0.9972060295394484,0.9972065438788852,0.9972062867091005,875.9022700786591,1168.0,0.00048828125,0.054133196196076636,0.1632596088938525,1
455,SRTsim,sim2,SRTsim_2_5,BASS,0.9994636573259423,0.9988330770427846,0.9995977430155795,0.9998016266613767,0.9988330211115914,0.9988331329739839,0.9988330770427846,819.9333500862122,1336.1,0.00019837333862328903,0.04879500364742495,0.16336136038810928,1
456,SRTsim,sim2,SRTsim_2_6,BASS,0.9990892376401604,0.9979767078331973,0.9993169282301204,0.9996626749873503,0.9979767078331973,0.9979767078331973,0.9979767078331973,843.5309100151062,1641.9,0.00033732501264968796,0.04499212706658451,0.16335405227500757,1
457,SRTsim,sim2,SRTsim_2_7,BASS,0.9984890343704507,0.9966761297351326,0.9988666151810897,0.9994331065759637,0.9966761008541828,0.9966761586160843,0.9966761297351326,1002.9438498020172,2002.9,0.0005668934240362812,0.04124222753911702,0.1635806023820668,1
458,SRTsim,sim2,SRTsim_2_8,BASS,0.9983064117757303,0.9963849985627388,0.9987298042747622,0.9993687665698775,0.9963888724284483,0.9963811247271517,0.9963849985627389,1243.2463598251343,2220.1,0.0005049867440979674,0.03910677059485636,0.16343193956072175,1
459,SRTsim,sim2,SRTsim_2_9,BASS,0.9991047329802756,0.998169437914328,0.999328549834239,0.9996675900277008,0.998169280431996,0.9981695953967096,0.9981694379143279,1262.5046000480652,2446.2,0.00022160664819944597,0.03646624787447181,0.16359276518981683,1
460,SRTsim,sim2,SRTsim_2_1,BASS,0.9870484264799819,0.9808580402626672,0.9902769865181483,0.9951171875,0.9808404642311349,0.9808756169241132,0.9808580402626672,563.7024700641632,2523.1,0.001953125,0.1090464457553071,0.16067157941049795,2
461,SRTsim,sim2,SRTsim_2_10,BASS,0.9986673868782948,0.9970175712926311,0.9990004402160696,0.9995,0.9970175569087075,0.997017585676555,0.997017571292631,1436.8294098377228,2800.7,0.0005,0.034680855355265,0.16354208037190107,2
462,SRTsim,sim2,SRTsim_2_2,BASS,0.9919655876253913,0.986976540017796,0.9939740256222065,0.997037037037037,0.9870057858414927,0.9869472959272053,0.986976540017796,704.7132399082184,2785.6,0.0024691358024691358,0.0773810173922616,0.16205128367127777,2
463,SRTsim,sim2,SRTsim_2_3,BASS,0.9955252392539422,0.9919986042123252,0.9966439299297248,0.9983471074380166,0.9919984505501616,0.9919987578745364,0.9919986042123252,725.4146499633789,1048.1,0.001652892561983471,0.06299407883487045,0.1628813918101798,2
464,SRTsim,sim2,SRTsim_2_4,BASS,0.99869728080671,0.9972062867091004,0.9990227222450309,0.99951171875,0.9972060295394484,0.9972065438788852,0.9972062867091005,852.971440076828,1170.4,0.00048828125,0.054133196196076636,0.1632596088938525,2
465,SRTsim,sim2,SRTsim_2_5,BASS,0.9994636573259423,0.9988330770427846,0.9995977430155795,0.9998016266613767,0.9988330211115914,0.9988331329739839,0.9988330770427846,810.9313499927521,1338.9,0.00019837333862328903,0.04879500364742495,0.16336136038810928,2
466,SRTsim,sim2,SRTsim_2_6,BASS,0.9990892376401604,0.9979767078331973,0.9993169282301204,0.9996626749873503,0.9979767078331973,0.9979767078331973,0.9979767078331973,859.2142698764801,1645.4,0.00033732501264968796,0.04499212706658451,0.16335405227500757,2
467,SRTsim,sim2,SRTsim_2_7,BASS,0.9984890343704507,0.9966761297351326,0.9988666151810897,0.9994331065759637,0.9966761008541828,0.9966761586160843,0.9966761297351326,1029.5417699813843,2007.1,0.0005668934240362812,0.04124222753911702,0.1635806023820668,2
468,SRTsim,sim2,SRTsim_2_8,BASS,0.9983064117757303,0.9963849985627388,0.9987298042747622,0.9993687665698775,0.9963888724284483,0.9963811247271517,0.9963849985627389,1163.9067499637604,2224.7,0.0005049867440979674,0.03910677059485636,0.16343193956072175,2
469,SRTsim,sim2,SRTsim_2_9,BASS,0.9991047329802756,0.998169437914328,0.999328549834239,0.9996675900277008,0.998169280431996,0.9981695953967096,0.9981694379143279,1225.0725898742676,2593.9,0.00022160664819944597,0.03646624787447181,0.16359276518981683,2
470,SRTsim,sim2,SRTsim_2_1,BASS,0.9870484264799819,0.9808580402626672,0.9902769865181483,0.9951171875,0.9808404642311349,0.9808756169241132,0.9808580402626672,598.418839931488,2641.3,0.001953125,0.1090464457553071,0.16067157941049795,3
471,SRTsim,sim2,SRTsim_2_10,BASS,0.9986673868782948,0.9970175712926311,0.9990004402160696,0.9995,0.9970175569087075,0.997017585676555,0.997017571292631,1448.2653398513794,2967.1,0.0005,0.034680855355265,0.16354208037190107,3
472,SRTsim,sim2,SRTsim_2_2,BASS,0.9919655876253913,0.986976540017796,0.9939740256222065,0.997037037037037,0.9870057858414927,0.9869472959272053,0.986976540017796,717.3618900775909,2918.7,0.0024691358024691358,0.0773810173922616,0.16205128367127777,3
473,SRTsim,sim2,SRTsim_2_3,BASS,0.9955252392539422,0.9919986042123252,0.9966439299297248,0.9983471074380166,0.9919984505501616,0.9919987578745364,0.9919986042123252,696.4572098255157,855.1,0.001652892561983471,0.06299407883487045,0.1628813918101798,3
474,SRTsim,sim2,SRTsim_2_4,BASS,0.99869728080671,0.9972062867091004,0.9990227222450309,0.99951171875,0.9972060295394484,0.9972065438788852,0.9972062867091005,897.011880159378,1008.7,0.00048828125,0.054133196196076636,0.1632596088938525,3
475,SRTsim,sim2,SRTsim_2_5,BASS,0.9994636573259423,0.9988330770427846,0.9995977430155795,0.9998016266613767,0.9988330211115914,0.9988331329739839,0.9988330770427846,801.7643802165985,1422.4,0.00019837333862328903,0.04879500364742495,0.16336136038810928,3
476,SRTsim,sim2,SRTsim_2_6,BASS,0.9990892376401604,0.9979767078331973,0.9993169282301204,0.9996626749873503,0.9979767078331973,0.9979767078331973,0.9979767078331973,880.2812099456787,1745.5,0.00033732501264968796,0.04499212706658451,0.16335405227500757,3
477,SRTsim,sim2,SRTsim_2_7,BASS,0.9984890343704507,0.9966761297351326,0.9988666151810897,0.9994331065759637,0.9966761008541828,0.9966761586160843,0.9966761297351326,984.1054999828339,2010.6,0.0005668934240362812,0.04124222753911702,0.1635806023820668,3
478,SRTsim,sim2,SRTsim_2_8,BASS,0.9983064117757303,0.9963849985627388,0.9987298042747622,0.9993687665698775,0.9963888724284483,0.9963811247271517,0.9963849985627389,1190.7664999961853,2228.7,0.0005049867440979674,0.03910677059485636,0.16343193956072175,3
479,SRTsim,sim2,SRTsim_2_9,BASS,0.9991047329802756,0.998169437914328,0.999328549834239,0.9996675900277008,0.998169280431996,0.9981695953967096,0.9981694379143279,1325.5661900043488,1999.0,0.00022160664819944597,0.03646624787447181,0.16359276518981683,3
480,SRTsim,sim2,SRTsim_2_1,BASS,0.9870484264799819,0.9808580402626672,0.9902769865181483,0.9951171875,0.9808404642311349,0.9808756169241132,0.9808580402626672,632.6910300254822,2556.6,0.001953125,0.1090464457553071,0.16067157941049795,4
481,SRTsim,sim2,SRTsim_2_10,BASS,0.9986673868782948,0.9970175712926311,0.9990004402160696,0.9995,0.9970175569087075,0.997017585676555,0.997017571292631,1429.0448198318481,2794.8,0.0005,0.034680855355265,0.16354208037190107,4
482,SRTsim,sim2,SRTsim_2_2,BASS,0.9919655876253913,0.986976540017796,0.9939740256222065,0.997037037037037,0.9870057858414927,0.9869472959272053,0.986976540017796,662.0358998775482,2780.9,0.0024691358024691358,0.0773810173922616,0.16205128367127777,4
483,SRTsim,sim2,SRTsim_2_3,BASS,0.9955252392539422,0.9919986042123252,0.9966439299297248,0.9983471074380166,0.9919984505501616,0.9919987578745364,0.9919986042123252,711.1890602111816,988.2,0.001652892561983471,0.06299407883487045,0.1628813918101798,4
484,SRTsim,sim2,SRTsim_2_4,BASS,0.99869728080671,0.9972062867091004,0.9990227222450309,0.99951171875,0.9972060295394484,0.9972065438788852,0.9972062867091005,871.8624799251556,1168.3,0.00048828125,0.054133196196076636,0.1632596088938525,4
485,SRTsim,sim2,SRTsim_2_5,BASS,0.9994636573259423,0.9988330770427846,0.9995977430155795,0.9998016266613767,0.9988330211115914,0.9988331329739839,0.9988330770427846,821.7524199485779,1417.1,0.00019837333862328903,0.04879500364742495,0.16336136038810928,4
486,SRTsim,sim2,SRTsim_2_6,BASS,0.9990892376401604,0.9979767078331973,0.9993169282301204,0.9996626749873503,0.9979767078331973,0.9979767078331973,0.9979767078331973,844.4897499084473,1739.0,0.00033732501264968796,0.04499212706658451,0.16335405227500757,4
487,SRTsim,sim2,SRTsim_2_7,BASS,0.9984890343704507,0.9966761297351326,0.9988666151810897,0.9994331065759637,0.9966761008541828,0.9966761586160843,0.9966761297351326,1034.822350025177,2003.2,0.0005668934240362812,0.04124222753911702,0.1635806023820668,4
488,SRTsim,sim2,SRTsim_2_8,BASS,0.9983064117757303,0.9963849985627388,0.9987298042747622,0.9993687665698775,0.9963888724284483,0.9963811247271517,0.9963849985627389,1170.5390298366547,2220.3,0.0005049867440979674,0.03910677059485636,0.16343193956072175,4
489,SRTsim,sim2,SRTsim_2_9,BASS,0.9991047329802756,0.998169437914328,0.999328549834239,0.9996675900277008,0.998169280431996,0.9981695953967096,0.9981694379143279,1278.730439901352,2588.9,0.00022160664819944597,0.03646624787447181,0.16359276518981683,4
490,SRTsim,sim2,SRTsim_2_1,BASS,0.9870484264799819,0.9808580402626672,0.9902769865181483,0.9951171875,0.9808404642311349,0.9808756169241132,0.9808580402626672,585.4371399879456,2637.3,0.001953125,0.1090464457553071,0.16067157941049795,5
491,SRTsim,sim2,SRTsim_2_10,BASS,0.9986673868782948,0.9970175712926311,0.9990004402160696,0.9995,0.9970175569087075,0.997017585676555,0.997017571292631,1411.8582699298859,2794.9,0.0005,0.034680855355265,0.16354208037190107,5
492,SRTsim,sim2,SRTsim_2_2,BASS,0.9919655876253913,0.986976540017796,0.9939740256222065,0.997037037037037,0.9870057858414927,0.9869472959272053,0.986976540017796,705.5815398693085,2780.9,0.0024691358024691358,0.0773810173922616,0.16205128367127777,5
493,SRTsim,sim2,SRTsim_2_3,BASS,0.9955252392539422,0.9919986042123252,0.9966439299297248,0.9983471074380166,0.9919984505501616,0.9919987578745364,0.9919986042123252,750.9411401748657,1045.9,0.001652892561983471,0.06299407883487045,0.1628813918101798,5
494,SRTsim,sim2,SRTsim_2_4,BASS,0.99869728080671,0.9972062867091004,0.9990227222450309,0.99951171875,0.9972060295394484,0.9972065438788852,0.9972062867091005,868.2017199993134,1168.0,0.00048828125,0.054133196196076636,0.1632596088938525,5
495,SRTsim,sim2,SRTsim_2_5,BASS,0.9994636573259423,0.9988330770427846,0.9995977430155795,0.9998016266613767,0.9988330211115914,0.9988331329739839,0.9988330770427846,799.6098401546478,1726.8,0.00019837333862328903,0.04879500364742495,0.16336136038810928,5
496,SRTsim,sim2,SRTsim_2_6,BASS,0.9990892376401604,0.9979767078331973,0.9993169282301204,0.9996626749873503,0.9979767078331973,0.9979767078331973,0.9979767078331973,854.6089000701904,1998.9,0.00033732501264968796,0.04499212706658451,0.16335405227500757,5
497,SRTsim,sim2,SRTsim_2_7,BASS,0.9984890343704507,0.9966761297351326,0.9988666151810897,0.9994331065759637,0.9966761008541828,0.9966761586160843,0.9966761297351326,1020.4151699542999,2302.7,0.0005668934240362812,0.04124222753911702,0.1635806023820668,5
498,SRTsim,sim2,SRTsim_2_8,BASS,0.9983064117757303,0.9963849985627388,0.9987298042747622,0.9993687665698775,0.9963888724284483,0.9963811247271517,0.9963849985627389,1205.7405400276184,2551.5,0.0005049867440979674,0.03910677059485636,0.16343193956072175,5
499,SRTsim,sim2,SRTsim_2_9,BASS,0.9991047329802756,0.998169437914328,0.999328549834239,0.9996675900277008,0.998169280431996,0.9981695953967096,0.9981694379143279,1332.680830001831,2970.4,0.00022160664819944597,0.03646624787447181,0.16359276518981683,5
500,SRTsim,sim2,SRTsim_2_1,BayesSpace,0.9718363660617038,0.9608420324225352,0.9788567074400527,0.9892578125,0.9608380612723183,0.9608460036055778,0.9608420324225353,510.3913700580597,2282.1,0.0087890625,0.11014625432322458,0.15821400310279857,1
501,SRTsim,sim2,SRTsim_2_10,BayesSpace,0.9922990841722231,0.9863743461931932,0.9942237385075813,0.9971,0.9863737914072644,0.986374900979746,0.9863743461931931,4886.736449956894,19294.2,0.0029,0.035169323452266484,0.1621322042701983,1
502,SRTsim,sim2,SRTsim_2_2,BayesSpace,0.9761791831357048,0.9676532849245143,0.9821343873517786,0.9911111111111112,0.9676532849245143,0.9676532849245142,0.9676532849245142,988.6350901126862,4267.0,0.009382716049382716,0.07812537218839388,0.15785049711190127,1
503,SRTsim,sim2,SRTsim_2_3,BayesSpace,0.9839580501407861,0.9743390543293619,0.987968592059655,0.9940495867768595,0.974334378503302,0.9743437302003006,0.9743390543293619,1469.1040501594543,5989.3,0.0059504132231404955,0.06351594007797971,0.16103070903487926,1
504,SRTsim,sim2,SRTsim_2_4,BayesSpace,0.991577069981144,0.9858172504185012,0.9936812794521054,0.996826171875,0.9858139414029335,0.985820559456283,0.985817250418501,2028.693650007248,8032.3,0.003173828125,0.05477718988874622,0.1619812801481418,1
505,SRTsim,sim2,SRTsim_2_5,BayesSpace,0.9898649141532135,0.9826779768448985,0.9923986884079138,0.9962309065661575,0.9826775915295485,0.9826783621605505,0.9826779768448983,2441.731050014496,9834.8,0.003967466772465781,0.04998843294267256,0.16156504737376567,1
506,SRTsim,sim2,SRTsim_2_6,BayesSpace,0.9918849002740922,0.9858685783563683,0.9939136083324399,0.9969640748861528,0.9858802457555071,0.9858569112333819,0.9858685783563683,2897.0429298877716,11528.7,0.0028672626075223477,0.04585803544329935,0.16182526772651346,1
507,SRTsim,sim2,SRTsim_2_7,BayesSpace,0.987627375517459,0.9801346832490135,0.9907192394765494,0.9953231292517006,0.9801320394054108,0.9801373271068794,0.9801346832490135,3438.8603699207306,13678.5,0.00467687074829932,0.04193082924963339,0.16116720482817048,1
508,SRTsim,sim2,SRTsim_2_8,BayesSpace,0.9928968565763546,0.9875714889107077,0.9946725781044957,0.9973488195934856,0.987584382162915,0.9875585959951474,0.9875714889107076,3874.986389875412,15328.5,0.002651180406514329,0.03942885958817654,0.16220509402696068,1
509,SRTsim,sim2,SRTsim_2_9,BayesSpace,0.9896110262751784,0.9823321720288098,0.9922082759598525,0.9961218836565097,0.9823313277745848,0.9823330162844859,0.9823321720288098,4416.388509988785,17434.4,0.003656509695290859,0.03706042123458966,0.16178443665408526,1
510,SRTsim,sim2,SRTsim_2_1,BayesSpace,0.9718363660617038,0.9608420324225352,0.9788567074400527,0.9892578125,0.9608380612723183,0.9608460036055778,0.9608420324225353,508.2145299911499,4444.9,0.0087890625,0.11014625432322458,0.15821400310279857,2
511,SRTsim,sim2,SRTsim_2_10,BayesSpace,0.9922990841722231,0.9863743461931932,0.9942237385075813,0.9971,0.9863737914072644,0.986374900979746,0.9863743461931931,4892.621059894562,19294.2,0.0029,0.035169323452266484,0.1621322042701983,2
512,SRTsim,sim2,SRTsim_2_2,BayesSpace,0.9761791831357048,0.9676532849245143,0.9821343873517786,0.9911111111111112,0.9676532849245143,0.9676532849245142,0.9676532849245142,991.0675799846649,5189.9,0.009382716049382716,0.07812537218839388,0.15785049711190127,2
513,SRTsim,sim2,SRTsim_2_3,BayesSpace,0.9839580501407861,0.9743390543293619,0.987968592059655,0.9940495867768595,0.974334378503302,0.9743437302003006,0.9743390543293619,1477.782459974289,5989.2,0.0059504132231404955,0.06351594007797971,0.16103070903487926,2
514,SRTsim,sim2,SRTsim_2_4,BayesSpace,0.991577069981144,0.9858172504185012,0.9936812794521054,0.996826171875,0.9858139414029335,0.985820559456283,0.985817250418501,2076.49205994606,8032.3,0.003173828125,0.05477718988874622,0.1619812801481418,2
515,SRTsim,sim2,SRTsim_2_5,BayesSpace,0.9898649141532135,0.9826779768448985,0.9923986884079138,0.9962309065661575,0.9826775915295485,0.9826783621605505,0.9826779768448983,2439.821830034256,9834.8,0.003967466772465781,0.04998843294267256,0.16156504737376567,2
516,SRTsim,sim2,SRTsim_2_6,BayesSpace,0.9918849002740922,0.9858685783563683,0.9939136083324399,0.9969640748861528,0.9858802457555071,0.9858569112333819,0.9858685783563683,2879.283529996872,11528.7,0.0028672626075223477,0.04585803544329935,0.16182526772651346,2
517,SRTsim,sim2,SRTsim_2_7,BayesSpace,0.987627375517459,0.9801346832490135,0.9907192394765494,0.9953231292517006,0.9801320394054108,0.9801373271068794,0.9801346832490135,3443.244589805603,13678.5,0.00467687074829932,0.04193082924963339,0.16116720482817048,2
518,SRTsim,sim2,SRTsim_2_8,BayesSpace,0.9928968565763546,0.9875714889107077,0.9946725781044957,0.9973488195934856,0.987584382162915,0.9875585959951474,0.9875714889107076,3866.0865800380707,15328.5,0.002651180406514329,0.03942885958817654,0.16220509402696068,2
519,SRTsim,sim2,SRTsim_2_9,BayesSpace,0.9896110262751784,0.9823321720288098,0.9922082759598525,0.9961218836565097,0.9823313277745848,0.9823330162844859,0.9823321720288098,4455.063659906387,17434.4,0.003656509695290859,0.03706042123458966,0.16178443665408526,2
520,SRTsim,sim2,SRTsim_2_1,BayesSpace,0.9718363660617038,0.9608420324225352,0.9788567074400527,0.9892578125,0.9608380612723183,0.9608460036055778,0.9608420324225353,507.74591994285583,4444.7,0.0087890625,0.11014625432322458,0.15821400310279857,3
521,SRTsim,sim2,SRTsim_2_10,BayesSpace,0.9922990841722231,0.9863743461931932,0.9942237385075813,0.9971,0.9863737914072644,0.986374900979746,0.9863743461931931,4906.260339975357,19294.2,0.0029,0.035169323452266484,0.1621322042701983,3
522,SRTsim,sim2,SRTsim_2_2,BayesSpace,0.9761791831357048,0.9676532849245143,0.9821343873517786,0.9911111111111112,0.9676532849245143,0.9676532849245142,0.9676532849245142,989.6384899616241,5189.4,0.009382716049382716,0.07812537218839388,0.15785049711190127,3
523,SRTsim,sim2,SRTsim_2_3,BayesSpace,0.9839580501407861,0.9743390543293619,0.987968592059655,0.9940495867768595,0.974334378503302,0.9743437302003006,0.9743390543293619,1471.331269979477,5989.2,0.0059504132231404955,0.06351594007797971,0.16103070903487926,3
524,SRTsim,sim2,SRTsim_2_4,BayesSpace,0.991577069981144,0.9858172504185012,0.9936812794521054,0.996826171875,0.9858139414029335,0.985820559456283,0.985817250418501,2032.2116899490356,9741.1,0.003173828125,0.05477718988874622,0.1619812801481418,3
525,SRTsim,sim2,SRTsim_2_5,BayesSpace,0.9898649141532135,0.9826779768448985,0.9923986884079138,0.9962309065661575,0.9826775915295485,0.9826783621605505,0.9826779768448983,2459.4090900421143,9834.8,0.003967466772465781,0.04998843294267256,0.16156504737376567,3
526,SRTsim,sim2,SRTsim_2_6,BayesSpace,0.9918849002740922,0.9858685783563683,0.9939136083324399,0.9969640748861528,0.9858802457555071,0.9858569112333819,0.9858685783563683,2890.3686599731445,13958.0,0.0028672626075223477,0.04585803544329935,0.16182526772651346,3
527,SRTsim,sim2,SRTsim_2_7,BayesSpace,0.987627375517459,0.9801346832490135,0.9907192394765494,0.9953231292517006,0.9801320394054108,0.9801373271068794,0.9801346832490135,3469.567090034485,13678.5,0.00467687074829932,0.04193082924963339,0.16116720482817048,3
528,SRTsim,sim2,SRTsim_2_8,BayesSpace,0.9928968565763546,0.9875714889107077,0.9946725781044957,0.9973488195934856,0.987584382162915,0.9875585959951474,0.9875714889107076,3862.460949897766,18540.4,0.002651180406514329,0.03942885958817654,0.16220509402696068,3
529,SRTsim,sim2,SRTsim_2_9,BayesSpace,0.9896110262751784,0.9823321720288098,0.9922082759598525,0.9961218836565097,0.9823313277745848,0.9823330162844859,0.9823321720288098,4432.686599969864,17434.4,0.003656509695290859,0.03706042123458966,0.16178443665408526,3
530,SRTsim,sim2,SRTsim_2_1,BayesSpace,0.9718363660617038,0.9608420324225352,0.9788567074400527,0.9892578125,0.9608380612723183,0.9608460036055778,0.9608420324225353,509.459370136261,4444.7,0.0087890625,0.11014625432322458,0.15821400310279857,4
531,SRTsim,sim2,SRTsim_2_10,BayesSpace,0.9922990841722231,0.9863743461931932,0.9942237385075813,0.9971,0.9863737914072644,0.986374900979746,0.9863743461931931,4912.362319946289,19294.2,0.0029,0.035169323452266484,0.1621322042701983,4
532,SRTsim,sim2,SRTsim_2_2,BayesSpace,0.9761791831357048,0.9676532849245143,0.9821343873517786,0.9911111111111112,0.9676532849245143,0.9676532849245142,0.9676532849245142,992.4798099994659,5136.0,0.009382716049382716,0.07812537218839388,0.15785049711190127,4
533,SRTsim,sim2,SRTsim_2_3,BayesSpace,0.9839580501407861,0.9743390543293619,0.987968592059655,0.9940495867768595,0.974334378503302,0.9743437302003006,0.9743390543293619,1474.7664499282837,5989.2,0.0059504132231404955,0.06351594007797971,0.16103070903487926,4
534,SRTsim,sim2,SRTsim_2_4,BayesSpace,0.991577069981144,0.9858172504185012,0.9936812794521054,0.996826171875,0.9858139414029335,0.985820559456283,0.985817250418501,2023.288390159607,9741.1,0.003173828125,0.05477718988874622,0.1619812801481418,4
535,SRTsim,sim2,SRTsim_2_5,BayesSpace,0.9898649141532135,0.9826779768448985,0.9923986884079138,0.9962309065661575,0.9826775915295485,0.9826783621605505,0.9826779768448983,2460.902070045471,9834.8,0.003967466772465781,0.04998843294267256,0.16156504737376567,4
536,SRTsim,sim2,SRTsim_2_6,BayesSpace,0.9918849002740922,0.9858685783563683,0.9939136083324399,0.9969640748861528,0.9858802457555071,0.9858569112333819,0.9858685783563683,2893.934390068054,13958.1,0.0028672626075223477,0.04585803544329935,0.16182526772651346,4
537,SRTsim,sim2,SRTsim_2_7,BayesSpace,0.987627375517459,0.9801346832490135,0.9907192394765494,0.9953231292517006,0.9801320394054108,0.9801373271068794,0.9801346832490135,3461.477140188217,13678.5,0.00467687074829932,0.04193082924963339,0.16116720482817048,4
538,SRTsim,sim2,SRTsim_2_8,BayesSpace,0.9928968565763546,0.9875714889107077,0.9946725781044957,0.9973488195934856,0.987584382162915,0.9875585959951474,0.9875714889107076,3865.879080057144,18540.4,0.002651180406514329,0.03942885958817654,0.16220509402696068,4
539,SRTsim,sim2,SRTsim_2_9,BayesSpace,0.9896110262751784,0.9823321720288098,0.9922082759598525,0.9961218836565097,0.9823313277745848,0.9823330162844859,0.9823321720288098,4453.791670084,17434.4,0.003656509695290859,0.03706042123458966,0.16178443665408526,4
540,SRTsim,sim2,SRTsim_2_1,BayesSpace,0.9718363660617038,0.9608420324225352,0.9788567074400527,0.9892578125,0.9608380612723183,0.9608460036055778,0.9608420324225353,507.2319598197937,4444.7,0.0087890625,0.11014625432322458,0.15821400310279857,5
541,SRTsim,sim2,SRTsim_2_10,BayesSpace,0.9922990841722231,0.9863743461931932,0.9942237385075813,0.9971,0.9863737914072644,0.986374900979746,0.9863743461931931,4897.897119998932,19294.2,0.0029,0.035169323452266484,0.1621322042701983,5
542,SRTsim,sim2,SRTsim_2_2,BayesSpace,0.9761791831357048,0.9676532849245143,0.9821343873517786,0.9911111111111112,0.9676532849245143,0.9676532849245142,0.9676532849245142,993.5337297916412,5136.4,0.009382716049382716,0.07812537218839388,0.15785049711190127,5
543,SRTsim,sim2,SRTsim_2_3,BayesSpace,0.9839580501407861,0.9743390543293619,0.987968592059655,0.9940495867768595,0.974334378503302,0.9743437302003006,0.9743390543293619,1477.8121099472046,5989.2,0.0059504132231404955,0.06351594007797971,0.16103070903487926,5
544,SRTsim,sim2,SRTsim_2_4,BayesSpace,0.991577069981144,0.9858172504185012,0.9936812794521054,0.996826171875,0.9858139414029335,0.985820559456283,0.985817250418501,2028.8602199554443,9741.1,0.003173828125,0.05477718988874622,0.1619812801481418,5
545,SRTsim,sim2,SRTsim_2_5,BayesSpace,0.9898649141532135,0.9826779768448985,0.9923986884079138,0.9962309065661575,0.9826775915295485,0.9826783621605505,0.9826779768448983,2457.0476200580597,9834.8,0.003967466772465781,0.04998843294267256,0.16156504737376567,5
546,SRTsim,sim2,SRTsim_2_6,BayesSpace,0.9918849002740922,0.9858685783563683,0.9939136083324399,0.9969640748861528,0.9858802457555071,0.9858569112333819,0.9858685783563683,2891.8477499485016,13958.1,0.0028672626075223477,0.04585803544329935,0.16182526772651346,5
547,SRTsim,sim2,SRTsim_2_7,BayesSpace,0.987627375517459,0.9801346832490135,0.9907192394765494,0.9953231292517006,0.9801320394054108,0.9801373271068794,0.9801346832490135,3478.5480699539185,13678.5,0.00467687074829932,0.04193082924963339,0.16116720482817048,5
548,SRTsim,sim2,SRTsim_2_8,BayesSpace,0.9928968565763546,0.9875714889107077,0.9946725781044957,0.9973488195934856,0.987584382162915,0.9875585959951474,0.9875714889107076,3878.287750005722,18540.4,0.002651180406514329,0.03942885958817654,0.16220509402696068,5
549,SRTsim,sim2,SRTsim_2_9,BayesSpace,0.9896110262751784,0.9823321720288098,0.9922082759598525,0.9961218836565097,0.9823313277745848,0.9823330162844859,0.9823321720288098,4454.189460039139,17434.4,0.003656509695290859,0.03706042123458966,0.16178443665408526,5
550,SRTsim,sim2,SRTsim_2_1,PRECAST,0.696632734779196,0.8388097782802144,0.8017455509059023,0.75,0.7500000000000001,0.9514770682388861,0.8388097782802144,13.16133999824524,149.1,0.0068359375,0.10830607221477641,0.20069314997252702,1
551,SRTsim,sim2,SRTsim_2_10,PRECAST,0.9989338667947179,0.9976540339623056,0.9992003201280513,0.9996,0.9976540339623056,0.9976540339623056,0.9976540339623056,94.9770200252533,960.7,0.0003,0.0346456182313391,0.16354262284176654,1
552,SRTsim,sim2,SRTsim_2_2,PRECAST,1.0,1.0,1.0,1.0,1.0,1.0,1.0,22.456889867782593,1702.5,0.0,0.07699905035090092,0.16255711903236114,1
553,SRTsim,sim2,SRTsim_2_3,PRECAST,0.998206599085692,0.9966826285374577,0.9986549501000014,0.9993388429752066,0.996682010986031,0.9966832460896496,0.9966826285374578,31.102489948272705,1109.2,0.0006611570247933885,0.06299407883487045,0.16293221462760496,1
554,SRTsim,sim2,SRTsim_2_4,PRECAST,1.0,1.0,1.0,1.0,1.0,1.0,1.0,44.76309013366699,659.9,0.0,0.05413319619607665,0.16321632926306906,1
555,SRTsim,sim2,SRTsim_2_5,PRECAST,0.9983922328409586,0.9969709538301426,0.9987941752012532,0.9994048799841301,0.9969704513874473,0.9969714562733443,0.9969709538301427,48.74767994880676,543.8,0.00019837333862328903,0.04879500364742495,0.1634300271587753,1
556,SRTsim,sim2,SRTsim_2_6,PRECAST,0.3294633469336359,0.5124796770516005,0.6003440905748977,0.5140833192781245,0.40753140214322436,0.6902287092718374,0.5124796770516005,53.99465990066528,681.8,0.04924945184685445,0.04588476114676932,0.08440934553897306,1
557,SRTsim,sim2,SRTsim_2_7,PRECAST,1.0,1.0,1.0,1.0,1.0,1.0,1.0,68.69410991668701,698.3,0.0,0.04124222753911703,0.16356364261132555,1
558,SRTsim,sim2,SRTsim_2_8,PRECAST,1.0,1.0,1.0,1.0,1.0,1.0,1.0,76.72705006599426,1009.4,0.0,0.03892494720807453,0.1634585128877879,1
559,SRTsim,sim2,SRTsim_2_9,PRECAST,0.9982106444260238,0.996366319239087,0.9986579834074212,0.9993351800554017,0.9963662493733861,0.9963663891047976,0.9963663192390869,84.67704010009766,963.2,0.00011080332409972299,0.0364662478744718,0.1636295328108449,1
560,SRTsim,sim2,SRTsim_2_1,PRECAST,0.696632734779196,0.8388097782802144,0.8017455509059023,0.75,0.7500000000000001,0.9514770682388861,0.8388097782802144,10.473299980163574,1075.8,0.0068359375,0.10830607221477641,0.20069314997252702,2
561,SRTsim,sim2,SRTsim_2_10,PRECAST,0.9989338667947179,0.9976540339623056,0.9992003201280513,0.9996,0.9976540339623056,0.9976540339623056,0.9976540339623056,92.54563999176025,932.1,0.0003,0.0346456182313391,0.16354262284176654,2
562,SRTsim,sim2,SRTsim_2_2,PRECAST,1.0,1.0,1.0,1.0,1.0,1.0,1.0,21.36736011505127,1680.1,0.0,0.07699905035090092,0.16255711903236114,2
563,SRTsim,sim2,SRTsim_2_3,PRECAST,0.998206599085692,0.9966826285374577,0.9986549501000014,0.9993388429752066,0.996682010986031,0.9966832460896496,0.9966826285374578,30.293750047683716,989.9,0.0006611570247933885,0.06299407883487045,0.16293221462760496,2
564,SRTsim,sim2,SRTsim_2_4,PRECAST,1.0,1.0,1.0,1.0,1.0,1.0,1.0,43.5132999420166,592.7,0.0,0.05413319619607665,0.16321632926306906,2
565,SRTsim,sim2,SRTsim_2_5,PRECAST,0.9983922328409586,0.9969709538301426,0.9987941752012532,0.9994048799841301,0.9969704513874473,0.9969714562733443,0.9969709538301427,51.22315001487732,691.1,0.00019837333862328903,0.04879500364742495,0.1634300271587753,2
566,SRTsim,sim2,SRTsim_2_6,PRECAST,0.3294633469336359,0.5124796770516005,0.6003440905748977,0.5140833192781245,0.40753140214322436,0.6902287092718374,0.5124796770516005,54.21164011955261,877.2,0.04924945184685445,0.04588476114676932,0.08440934553897306,2
567,SRTsim,sim2,SRTsim_2_7,PRECAST,1.0,1.0,1.0,1.0,1.0,1.0,1.0,68.34417009353638,743.6,0.0,0.04124222753911703,0.16356364261132555,2
568,SRTsim,sim2,SRTsim_2_8,PRECAST,1.0,1.0,1.0,1.0,1.0,1.0,1.0,76.01779007911682,966.8,0.0,0.03892494720807453,0.1634585128877879,2
569,SRTsim,sim2,SRTsim_2_9,PRECAST,0.9982106444260238,0.996366319239087,0.9986579834074212,0.9993351800554017,0.9963662493733861,0.9963663891047976,0.9963663192390869,84.26806998252869,1237.8,0.00011080332409972299,0.0364662478744718,0.1636295328108449,2
570,SRTsim,sim2,SRTsim_2_1,PRECAST,0.696632734779196,0.8388097782802144,0.8017455509059023,0.75,0.7500000000000001,0.9514770682388861,0.8388097782802144,10.715160131454468,1076.2,0.0068359375,0.10830607221477641,0.20069314997252702,3
571,SRTsim,sim2,SRTsim_2_10,PRECAST,0.9989338667947179,0.9976540339623056,0.9992003201280513,0.9996,0.9976540339623056,0.9976540339623056,0.9976540339623056,94.26273989677429,932.5,0.0003,0.0346456182313391,0.16354262284176654,3
572,SRTsim,sim2,SRTsim_2_2,PRECAST,1.0,1.0,1.0,1.0,1.0,1.0,1.0,21.798240184783936,1703.4,0.0,0.07699905035090092,0.16255711903236114,3
573,SRTsim,sim2,SRTsim_2_3,PRECAST,0.998206599085692,0.9966826285374577,0.9986549501000014,0.9993388429752066,0.996682010986031,0.9966832460896496,0.9966826285374578,30.33740997314453,1142.9,0.0006611570247933885,0.06299407883487045,0.16293221462760496,3
574,SRTsim,sim2,SRTsim_2_4,PRECAST,1.0,1.0,1.0,1.0,1.0,1.0,1.0,41.94021010398865,693.0,0.0,0.05413319619607665,0.16321632926306906,3
575,SRTsim,sim2,SRTsim_2_5,PRECAST,0.9983922328409586,0.9969709538301426,0.9987941752012532,0.9994048799841301,0.9969704513874473,0.9969714562733443,0.9969709538301427,48.136940002441406,570.8,0.00019837333862328903,0.04879500364742495,0.1634300271587753,3
576,SRTsim,sim2,SRTsim_2_6,PRECAST,0.3294633469336359,0.5124796770516005,0.6003440905748977,0.5140833192781245,0.40753140214322436,0.6902287092718374,0.5124796770516005,55.25216007232666,707.1,0.04924945184685445,0.04588476114676932,0.08440934553897306,3
577,SRTsim,sim2,SRTsim_2_7,PRECAST,1.0,1.0,1.0,1.0,1.0,1.0,1.0,68.26353001594543,914.3,0.0,0.04124222753911703,0.16356364261132555,3
578,SRTsim,sim2,SRTsim_2_8,PRECAST,1.0,1.0,1.0,1.0,1.0,1.0,1.0,76.50200986862183,1092.1,0.0,0.03892494720807453,0.1634585128877879,3
579,SRTsim,sim2,SRTsim_2_9,PRECAST,0.9982106444260238,0.996366319239087,0.9986579834074212,0.9993351800554017,0.9963662493733861,0.9963663891047976,0.9963663192390869,80.3331298828125,1452.8,0.00011080332409972299,0.0364662478744718,0.1636295328108449,3
580,SRTsim,sim2,SRTsim_2_1,PRECAST,0.696632734779196,0.8388097782802144,0.8017455509059023,0.75,0.7500000000000001,0.9514770682388861,0.8388097782802144,10.668479919433594,1076.7,0.0068359375,0.10830607221477641,0.20069314997252702,4
581,SRTsim,sim2,SRTsim_2_10,PRECAST,0.9989338667947179,0.9976540339623056,0.9992003201280513,0.9996,0.9976540339623056,0.9976540339623056,0.9976540339623056,89.33046007156372,932.9,0.0003,0.0346456182313391,0.16354262284176654,4
582,SRTsim,sim2,SRTsim_2_2,PRECAST,1.0,1.0,1.0,1.0,1.0,1.0,1.0,21.78635001182556,1703.8,0.0,0.07699905035090092,0.16255711903236114,4
583,SRTsim,sim2,SRTsim_2_3,PRECAST,0.998206599085692,0.9966826285374577,0.9986549501000014,0.9993388429752066,0.996682010986031,0.9966832460896496,0.9966826285374578,30.403779983520508,1109.3,0.0006611570247933885,0.06299407883487045,0.16293221462760496,4
584,SRTsim,sim2,SRTsim_2_4,PRECAST,1.0,1.0,1.0,1.0,1.0,1.0,1.0,41.663609981536865,660.0,0.0,0.05413319619607665,0.16321632926306906,4
585,SRTsim,sim2,SRTsim_2_5,PRECAST,0.9983922328409586,0.9969709538301426,0.9987941752012532,0.9994048799841301,0.9969704513874473,0.9969714562733443,0.9969709538301427,47.78629994392395,543.8,0.00019837333862328903,0.04879500364742495,0.1634300271587753,4
586,SRTsim,sim2,SRTsim_2_6,PRECAST,0.3294633469336359,0.5124796770516005,0.6003440905748977,0.5140833192781245,0.40753140214322436,0.6902287092718374,0.5124796770516005,54.56261992454529,681.8,0.04924945184685445,0.04588476114676932,0.08440934553897306,4
587,SRTsim,sim2,SRTsim_2_7,PRECAST,1.0,1.0,1.0,1.0,1.0,1.0,1.0,68.74744987487793,699.3,0.0,0.04124222753911703,0.16356364261132555,4
588,SRTsim,sim2,SRTsim_2_8,PRECAST,1.0,1.0,1.0,1.0,1.0,1.0,1.0,77.97339010238647,1010.4,0.0,0.03892494720807453,0.1634585128877879,4
589,SRTsim,sim2,SRTsim_2_9,PRECAST,0.9982106444260238,0.996366319239087,0.9986579834074212,0.9993351800554017,0.9963662493733861,0.9963663891047976,0.9963663192390869,84.67062997817993,963.3,0.00011080332409972299,0.0364662478744718,0.1636295328108449,4
590,SRTsim,sim2,SRTsim_2_1,PRECAST,0.696632734779196,0.8388097782802144,0.8017455509059023,0.75,0.7500000000000001,0.9514770682388861,0.8388097782802144,10.618849992752075,1077.1,0.0068359375,0.10830607221477641,0.20069314997252702,5
591,SRTsim,sim2,SRTsim_2_10,PRECAST,0.9989338667947179,0.9976540339623056,0.9992003201280513,0.9996,0.9976540339623056,0.9976540339623056,0.9976540339623056,89.16358995437622,933.3,0.0003,0.0346456182313391,0.16354262284176654,5
592,SRTsim,sim2,SRTsim_2_2,PRECAST,1.0,1.0,1.0,1.0,1.0,1.0,1.0,21.51476001739502,1704.2,0.0,0.07699905035090092,0.16255711903236114,5
593,SRTsim,sim2,SRTsim_2_3,PRECAST,0.998206599085692,0.9966826285374577,0.9986549501000014,0.9993388429752066,0.996682010986031,0.9966832460896496,0.9966826285374578,30.38030982017517,1109.4,0.0006611570247933885,0.06299407883487045,0.16293221462760496,5
594,SRTsim,sim2,SRTsim_2_4,PRECAST,1.0,1.0,1.0,1.0,1.0,1.0,1.0,40.12663006782532,660.0,0.0,0.05413319619607665,0.16321632926306906,5
595,SRTsim,sim2,SRTsim_2_5,PRECAST,0.9983922328409586,0.9969709538301426,0.9987941752012532,0.9994048799841301,0.9969704513874473,0.9969714562733443,0.9969709538301427,47.67058992385864,543.8,0.00019837333862328903,0.04879500364742495,0.1634300271587753,5
596,SRTsim,sim2,SRTsim_2_6,PRECAST,0.3294633469336359,0.5124796770516005,0.6003440905748977,0.5140833192781245,0.40753140214322436,0.6902287092718374,0.5124796770516005,54.66280007362366,681.8,0.04924945184685445,0.04588476114676932,0.08440934553897306,5
597,SRTsim,sim2,SRTsim_2_7,PRECAST,1.0,1.0,1.0,1.0,1.0,1.0,1.0,68.76648998260498,699.5,0.0,0.04124222753911703,0.16356364261132555,5
598,SRTsim,sim2,SRTsim_2_8,PRECAST,1.0,1.0,1.0,1.0,1.0,1.0,1.0,77.41885995864868,769.0,0.0,0.03892494720807453,0.1634585128877879,5
599,SRTsim,sim2,SRTsim_2_9,PRECAST,0.9982106444260238,0.996366319239087,0.9986579834074212,0.9993351800554017,0.9963662493733861,0.9963663891047976,0.9963663192390869,85.11259984970093,963.3,0.00011080332409972299,0.0364662478744718,0.1636295328108449,5
600,SRTsim,sim2,SRTsim_2_1,Banksy,0.5948784658562688,0.7166315571352634,0.7147603457797053,0.7470703125,0.6815434253718887,0.7555286978210386,0.7166315571352634,5.368128061294556,260.9063720703125,0.0205078125,0.1086120497964447,0.20455759274310858,1
601,SRTsim,sim2,SRTsim_2_10,Banksy,0.9970712815309567,0.9941744863112916,0.9978032415602424,0.9989,0.9941744432883073,0.9941745293342796,0.9941744863112917,44.45058870315552,2532.911949157715,0.0011,0.03476894118193588,0.1634347991526768,1
602,SRTsim,sim2,SRTsim_2_2,Banksy,0.9973116023357569,0.9948341443925465,0.9979837017518178,0.9990123456790123,0.9948341443925465,0.9948341443925462,0.9948341443925464,9.250213623046877,591.3600378036499,0.0009876543209876543,0.07699905035090092,0.16242628601136633,1
603,SRTsim,sim2,SRTsim_2_3,Banksy,0.9964178749439564,0.9940266461635376,0.9973134124978007,0.9986776859504132,0.9940241825321802,0.994029109807107,0.9940266461635375,12.370439291000366,882.6587572097778,0.0006611570247933885,0.06299407883487045,0.16301081183015567,1
604,SRTsim,sim2,SRTsim_2_4,Banksy,0.9980483065213175,0.9960540444246796,0.9985358725543568,0.999267578125,0.9960539587726586,0.9960541300767154,0.9960540444246796,20.795816659927368,1194.8266706466677,0.000732421875,0.05431822176901245,0.16291191989106818,1
605,SRTsim,sim2,SRTsim_2_5,Banksy,0.9973224850068082,0.9948361976678736,0.9979918638605049,0.9990081333068835,0.9948361419604919,0.9948362533752615,0.9948361976678736,19.343514680862427,1470.1020622253418,0.0009918666931164452,0.04891115918080506,0.16319671698362587,1
606,SRTsim,sim2,SRTsim_2_6,Banksy,0.9968176615836807,0.9939949861248073,0.9976132532893873,0.9988193624557261,0.9939918437147162,0.9939981285547673,0.9939949861248073,21.489969491958615,1728.7733240127563,0.0011806375442739079,0.04542771535466508,0.16282624350299799,1
607,SRTsim,sim2,SRTsim_2_7,Banksy,0.6077390014545389,0.6784119526653283,0.7067102085329412,0.75,0.6761652716995369,0.6806736134088894,0.6784119526653283,24.06455445289612,2057.4417419433594,0.23015873015873015,0.04257512009072724,0.14823460972776756,1
608,SRTsim,sim2,SRTsim_2_8,Banksy,0.9979669685523683,0.9957279902273928,0.9984752293473299,0.999242519883853,0.9957259518844347,0.9957300285786962,0.9957279902273927,27.066593885421756,2309.4132738113403,0.0007574801161469512,0.0390035735374937,0.16327667211165153,1
609,SRTsim,sim2,SRTsim_2_9,Banksy,0.9970203632956433,0.9944611014717691,0.9977652737903921,0.9988919667590028,0.9944604738821722,0.9944617290621582,0.9944611014717692,39.89887475967407,2631.0066423416138,0.0008864265927977839,0.03657297665665184,0.16345142410102406,1
610,SRTsim,sim2,SRTsim_2_1,Banksy,0.5768669247707087,0.6990622003758655,0.694716971025915,0.748046875,0.6731565255011552,0.7270415812644487,0.6990622003758655,4.71067476272583,299.5732374191284,0.0361328125,0.1086127449764864,0.16650414728449103,2
611,SRTsim,sim2,SRTsim_2_10,Banksy,0.9970712815309567,0.9941744863112916,0.9978032415602424,0.9989,0.9941744432883073,0.9941745293342796,0.9941744863112917,43.61998343467712,2915.02112865448,0.0011,0.03476894118193588,0.1634347991526768,2
612,SRTsim,sim2,SRTsim_2_2,Banksy,0.9973116023357569,0.9948341443925465,0.9979837017518178,0.9990123456790123,0.9948341443925465,0.9948341443925462,0.9948341443925464,9.244795560836792,591.3603248596191,0.0009876543209876543,0.07699905035090092,0.16242628601136633,2
613,SRTsim,sim2,SRTsim_2_3,Banksy,0.9964178749439564,0.9940266461635376,0.9973134124978007,0.9986776859504132,0.9940241825321802,0.994029109807107,0.9940266461635375,11.908473253250122,882.6561527252197,0.0006611570247933885,0.06299407883487045,0.16301081183015567,2
614,SRTsim,sim2,SRTsim_2_4,Banksy,0.9980483065213175,0.9960540444246796,0.9985358725543568,0.999267578125,0.9960539587726586,0.9960541300767154,0.9960540444246796,20.69289493560791,1194.8268489837646,0.000732421875,0.05431822176901245,0.16291191989106818,2
615,SRTsim,sim2,SRTsim_2_5,Banksy,0.9973224850068082,0.9948361976678736,0.9979918638605049,0.9990081333068835,0.9948361419604919,0.9948362533752615,0.9948361976678736,19.69912099838257,1470.101312637329,0.0009918666931164452,0.04891115918080506,0.16319671698362587,2
616,SRTsim,sim2,SRTsim_2_6,Banksy,0.9968176615836807,0.9939949861248073,0.9976132532893873,0.9988193624557261,0.9939918437147162,0.9939981285547673,0.9939949861248073,21.80705547332764,1728.7721738815308,0.0011806375442739079,0.04542771535466508,0.16282624350299799,2
617,SRTsim,sim2,SRTsim_2_7,Banksy,0.6077390014545389,0.6784119526653283,0.7067102085329412,0.75,0.6761652716995369,0.6806736134088894,0.6784119526653283,23.90371417999268,2057.441541671753,0.23015873015873015,0.04257512009072724,0.14823460972776756,2
618,SRTsim,sim2,SRTsim_2_8,Banksy,0.9979669685523683,0.9957279902273928,0.9984752293473299,0.999242519883853,0.9957259518844347,0.9957300285786962,0.9957279902273927,27.278947830200195,2309.4134941101074,0.0007574801161469512,0.0390035735374937,0.16327667211165153,2
619,SRTsim,sim2,SRTsim_2_9,Banksy,0.9970203632956433,0.9944611014717691,0.9977652737903921,0.9988919667590028,0.9944604738821722,0.9944617290621582,0.9944611014717692,40.13448929786682,2631.005721092224,0.0008864265927977839,0.03657297665665184,0.16345142410102406,2
620,SRTsim,sim2,SRTsim_2_1,Banksy,0.6172485371937771,0.6903488428074658,0.7176158585747763,0.7861328125,0.6793987730574278,0.7016576656732998,0.6903488428074658,5.199485063552856,299.6238670349121,0.0390625,0.10884173195332644,0.16166239058518417,3
621,SRTsim,sim2,SRTsim_2_10,Banksy,0.9970712815309567,0.9941744863112916,0.9978032415602424,0.9989,0.9941744432883073,0.9941745293342796,0.9941744863112917,44.26016640663147,2915.020273208618,0.0011,0.03476894118193588,0.1634347991526768,3
622,SRTsim,sim2,SRTsim_2_2,Banksy,0.9973116023357569,0.9948341443925465,0.9979837017518178,0.9990123456790123,0.9948341443925465,0.9948341443925462,0.9948341443925464,9.382829189300535,591.3590898513794,0.0009876543209876543,0.07699905035090092,0.16242628601136633,3
623,SRTsim,sim2,SRTsim_2_3,Banksy,0.9964178749439564,0.9940266461635376,0.9973134124978007,0.9986776859504132,0.9940241825321802,0.994029109807107,0.9940266461635375,12.000448226928713,882.6588497161865,0.0006611570247933885,0.06299407883487045,0.16301081183015567,3
624,SRTsim,sim2,SRTsim_2_4,Banksy,0.9980483065213175,0.9960540444246796,0.9985358725543568,0.999267578125,0.9960539587726586,0.9960541300767154,0.9960540444246796,20.19018316268921,1194.8260202407837,0.000732421875,0.05431822176901245,0.16291191989106818,3
625,SRTsim,sim2,SRTsim_2_5,Banksy,0.9973224850068082,0.9948361976678736,0.9979918638605049,0.9990081333068835,0.9948361419604919,0.9948362533752615,0.9948361976678736,19.132601976394653,1470.1022663116455,0.0009918666931164452,0.04891115918080506,0.16319671698362587,3
626,SRTsim,sim2,SRTsim_2_6,Banksy,0.9968176615836807,0.9939949861248073,0.9976132532893873,0.9988193624557261,0.9939918437147162,0.9939981285547673,0.9939949861248073,22.305495738983154,1728.771954536438,0.0011806375442739079,0.04542771535466508,0.16282624350299799,3
627,SRTsim,sim2,SRTsim_2_7,Banksy,0.6077390014545389,0.6784119526653283,0.7067102085329412,0.75,0.6761652716995369,0.6806736134088894,0.6784119526653283,24.591979026794437,2057.441150665283,0.23015873015873015,0.04257512009072724,0.14823460972776756,3
628,SRTsim,sim2,SRTsim_2_8,Banksy,0.9979669685523683,0.9957279902273928,0.9984752293473299,0.999242519883853,0.9957259518844347,0.9957300285786962,0.9957279902273927,27.41188240051269,2309.412233352661,0.0007574801161469512,0.0390035735374937,0.16327667211165153,3
629,SRTsim,sim2,SRTsim_2_9,Banksy,0.9970203632956433,0.9944611014717691,0.9977652737903921,0.9988919667590028,0.9944604738821722,0.9944617290621582,0.9944611014717692,40.11951994895935,2631.0056314468384,0.0008864265927977839,0.03657297665665184,0.16345142410102406,3
630,SRTsim,sim2,SRTsim_2_1,Banksy,0.9896343156403187,0.9835213969141895,0.992218137254902,0.99609375,0.9835213969141895,0.9835213969141895,0.9835213969141895,4.730182409286499,299.62395668029785,0.0048828125,0.1083060722147764,0.16110616424794824,4
631,SRTsim,sim2,SRTsim_2_10,Banksy,0.9970712815309567,0.9941744863112916,0.9978032415602424,0.9989,0.9941744432883073,0.9941745293342796,0.9941744863112917,43.58003854751587,2915.020538330078,0.0011,0.03476894118193588,0.1634347991526768,4
632,SRTsim,sim2,SRTsim_2_2,Banksy,0.9973116023357569,0.9948341443925465,0.9979837017518178,0.9990123456790123,0.9948341443925465,0.9948341443925462,0.9948341443925464,9.223782777786257,591.3613605499268,0.0009876543209876543,0.07699905035090092,0.16242628601136633,4
633,SRTsim,sim2,SRTsim_2_3,Banksy,0.9964178749439564,0.9940266461635376,0.9973134124978007,0.9986776859504132,0.9940241825321802,0.994029109807107,0.9940266461635375,12.116215705871582,882.6570339202881,0.0006611570247933885,0.06299407883487045,0.16301081183015567,4
634,SRTsim,sim2,SRTsim_2_4,Banksy,0.9980483065213175,0.9960540444246796,0.9985358725543568,0.999267578125,0.9960539587726586,0.9960541300767154,0.9960540444246796,20.1564736366272,1194.8275108337402,0.000732421875,0.05431822176901245,0.16291191989106818,4
635,SRTsim,sim2,SRTsim_2_5,Banksy,0.9973224850068082,0.9948361976678736,0.9979918638605049,0.9990081333068835,0.9948361419604919,0.9948362533752615,0.9948361976678736,19.256888151168823,1470.100721359253,0.0009918666931164452,0.04891115918080506,0.16319671698362587,4
636,SRTsim,sim2,SRTsim_2_6,Banksy,0.9968176615836807,0.9939949861248073,0.9976132532893873,0.9988193624557261,0.9939918437147162,0.9939981285547673,0.9939949861248073,21.78252220153809,1728.7730340957642,0.0011806375442739079,0.04542771535466508,0.16282624350299799,4
637,SRTsim,sim2,SRTsim_2_7,Banksy,0.6077390014545389,0.6784119526653283,0.7067102085329412,0.75,0.6761652716995369,0.6806736134088894,0.6784119526653283,24.04274654388428,2057.4409608840942,0.23015873015873015,0.04257512009072724,0.14823460972776756,4
638,SRTsim,sim2,SRTsim_2_8,Banksy,0.9979669685523683,0.9957279902273928,0.9984752293473299,0.999242519883853,0.9957259518844347,0.9957300285786962,0.9957279902273927,27.00726056098938,2309.413224220276,0.0007574801161469512,0.0390035735374937,0.16327667211165153,4
639,SRTsim,sim2,SRTsim_2_9,Banksy,0.9970203632956433,0.9944611014717691,0.9977652737903921,0.9988919667590028,0.9944604738821722,0.9944617290621582,0.9944611014717692,39.8724730014801,2631.006237983704,0.0008864265927977839,0.03657297665665184,0.16345142410102406,4
640,SRTsim,sim2,SRTsim_2_1,Banksy,0.994796806170663,0.9917551495807406,0.9960938099543402,0.998046875,0.9917496914554688,0.9917606077660909,0.9917551495807406,4.7564027309417725,299.6239786148072,0.001953125,0.1083060722147764,0.16107692901186244,5
641,SRTsim,sim2,SRTsim_2_10,Banksy,0.9970712815309567,0.9941744863112916,0.9978032415602424,0.9989,0.9941744432883073,0.9941745293342796,0.9941744863112917,43.89487457275391,2915.0196571350098,0.0011,0.03476894118193588,0.1634347991526768,5
642,SRTsim,sim2,SRTsim_2_2,Banksy,0.9973116023357569,0.9948341443925465,0.9979837017518178,0.9990123456790123,0.9948341443925465,0.9948341443925462,0.9948341443925464,9.989626407623293,591.3591690063477,0.0009876543209876543,0.07699905035090092,0.16242628601136633,5
643,SRTsim,sim2,SRTsim_2_3,Banksy,0.9964178749439564,0.9940266461635376,0.9973134124978007,0.9986776859504132,0.9940241825321802,0.994029109807107,0.9940266461635375,13.465449571609495,882.6576862335205,0.0006611570247933885,0.06299407883487045,0.16301081183015567,5
644,SRTsim,sim2,SRTsim_2_4,Banksy,0.9980483065213175,0.9960540444246796,0.9985358725543568,0.999267578125,0.9960539587726586,0.9960541300767154,0.9960540444246796,20.760986328125,1194.8258333206177,0.000732421875,0.05431822176901245,0.16291191989106818,5
645,SRTsim,sim2,SRTsim_2_5,Banksy,0.9973224850068082,0.9948361976678736,0.9979918638605049,0.9990081333068835,0.9948361419604919,0.9948362533752615,0.9948361976678736,20.06658816337585,1470.101915359497,0.0009918666931164452,0.04891115918080506,0.16319671698362587,5
646,SRTsim,sim2,SRTsim_2_6,Banksy,0.9968176615836807,0.9939949861248073,0.9976132532893873,0.9988193624557261,0.9939918437147162,0.9939981285547673,0.9939949861248073,22.06546902656555,1728.7729444503784,0.0011806375442739079,0.04542771535466508,0.16282624350299799,5
647,SRTsim,sim2,SRTsim_2_7,Banksy,0.6077390014545389,0.6784119526653283,0.7067102085329412,0.75,0.6761652716995369,0.6806736134088894,0.6784119526653283,24.33437156677246,2057.441385269165,0.23015873015873015,0.04257512009072724,0.14823460972776756,5
648,SRTsim,sim2,SRTsim_2_8,Banksy,0.9979669685523683,0.9957279902273928,0.9984752293473299,0.999242519883853,0.9957259518844347,0.9957300285786962,0.9957279902273927,27.13915419578552,2309.41263961792,0.0007574801161469512,0.0390035735374937,0.16327667211165153,5
649,SRTsim,sim2,SRTsim_2_9,Banksy,0.9970203632956433,0.9944611014717691,0.9977652737903921,0.9988919667590028,0.9944604738821722,0.9944617290621582,0.9944611014717692,39.83114647865296,2631.00625705719,0.0008864265927977839,0.03657297665665184,0.16345142410102406,5
650,SRTsim,sim2,SRTsim_2_1,CellCharter,0.9715514275221974,0.9555456400006375,0.9786430681556104,0.9892578125,0.955528548599999,0.9555627320127096,0.9555456400006375,115.78930735588074,276.1759309768677,0.0087890625,0.1090464457553071,0.15934940393103683,1
651,SRTsim,sim2,SRTsim_2_10,CellCharter,0.998400907317437,0.9965809928232383,0.9988005607041374,0.9994,0.9965808490469612,0.9965811365995569,0.9965809928232383,511.76478266716,2676.770211219788,0.0006,0.03464274833209969,0.16360856222965212,1
652,SRTsim,sim2,SRTsim_2_2,CellCharter,0.6255605598921977,0.7431252145866443,0.7317560611327862,0.76,0.7161750799760573,0.7721829622788895,0.7431252145866443,138.72990679740906,543.6758012771606,0.046419753086419754,0.078298857512854,0.14069088194085644,1
653,SRTsim,sim2,SRTsim_2_3,CellCharter,0.5319403068289463,0.6568539493335976,0.6670478484810943,0.6968595041322314,0.625809068572173,0.6911397267099937,0.6568539493335975,166.77941942214966,811.1632537841797,0.01785123966942149,0.06423657860596578,0.15348783145763736,1
654,SRTsim,sim2,SRTsim_2_4,CellCharter,0.9460941819756562,0.944053935426622,0.9595844749721307,0.97900390625,0.9434877411351924,0.9446208096812505,0.944053935426622,206.16170811653137,1097.7283897399902,0.00341796875,0.05434792312809516,0.1623523813168664,1
655,SRTsim,sim2,SRTsim_2_5,CellCharter,0.9935893365386301,0.9892942544375429,0.9951920208890196,0.9976195199365205,0.9892902088625206,0.9892983000456532,0.9892942544375429,196.81548404693604,1350.4121732711792,0.0029756000793493354,0.04879500364742495,0.1634903346964605,1
656,SRTsim,sim2,SRTsim_2_6,CellCharter,0.9986342886863336,0.9973660128574824,0.9989757082071337,0.9994940124810254,0.9973749867727895,0.99735703910366,0.9973660128574824,251.27688145637512,1587.8492937088013,0.0006746500252993759,0.0449921270665845,0.16335184417112775,1
657,SRTsim,sim2,SRTsim_2_7,CellCharter,0.9984893570900152,0.9971010959773675,0.9988668577110813,0.9994331065759637,0.997100633684766,0.9971015582703978,0.9971010959773675,335.9226884841919,1889.5793256759644,0.0007086167800453515,0.04124222753911702,0.16354315331166902,1
658,SRTsim,sim2,SRTsim_2_8,CellCharter,0.9945800600792901,0.991166843198718,0.995934950502407,0.9979800530236081,0.9911921878680515,0.9911414998254718,0.9911668431987181,291.5354506969452,2120.8670043945312,0.0013887135462694105,0.038924947208074545,0.1635172561764697,1
659,SRTsim,sim2,SRTsim_2_9,CellCharter,0.6439335778999037,0.7142164710521361,0.7372632255744347,0.7658725761772853,0.7023240873055026,0.7265185370032461,0.7142164710521361,503.9938535690308,2416.066728591919,0.09617728531855955,0.03709779608894518,0.09631508166425669,1
660,SRTsim,sim2,SRTsim_2_1,CellCharter,0.755711987592105,0.7971270430143022,0.8187489258077041,0.8876953125,0.7881955811953917,0.8062632390388283,0.7971270430143022,108.41280889511108,275.92222785949707,0.03515625,0.10869284909019089,0.14575923048086983,2
661,SRTsim,sim2,SRTsim_2_10,CellCharter,0.9771876387624124,0.9715724977120805,0.9828906466367857,0.9913,0.9714747597422951,0.9716702553502553,0.9715724977120805,447.3765711784363,2676.770118713379,0.0016,0.034642748332099696,0.16346762735170356,2
662,SRTsim,sim2,SRTsim_2_2,CellCharter,0.8455165774207654,0.8597092182549252,0.8843130733782152,0.9382716049382716,0.8583606339534722,0.8610620467898609,0.8597092182549252,150.73033452033997,543.6737403869629,0.01925925925925926,0.07760166552665292,0.15384469052963953,2
663,SRTsim,sim2,SRTsim_2_3,CellCharter,0.9399206402347605,0.9407409039582806,0.954972850620444,0.9768595041322314,0.9400645883926175,0.9414181933550155,0.9407409039582806,162.73654317855835,811.1625499725342,0.0036363636363636364,0.06299407883487045,0.16224688052650313,2
664,SRTsim,sim2,SRTsim_2_4,CellCharter,0.6068846920075521,0.7315345179163686,0.7273480381688251,0.749755859375,0.6797989571429768,0.7917933209739271,0.7315345179163686,200.70668506622317,1097.729148864746,0.009521484375,0.05471428071454776,0.1550976478485007,2
665,SRTsim,sim2,SRTsim_2_5,CellCharter,0.9925225558160738,0.9879118535701295,0.9943919455257038,0.997222773259274,0.9879064932261911,0.9879172139722381,0.9879118535701293,193.44562888145447,1350.410445213318,0.0013886133703630231,0.04879500364742496,0.1632184501582336,2
666,SRTsim,sim2,SRTsim_2_6,CellCharter,0.9928313535714055,0.9878894887734706,0.9946234045478273,0.9973013998988025,0.9879115897401493,0.9878673887956291,0.9878894887734706,261.88623046875,1587.851432800293,0.0016866250632484399,0.04513188030675488,0.1633939790944157,2
667,SRTsim,sim2,SRTsim_2_7,CellCharter,0.9962281154048851,0.9931783679083598,0.9971706895225136,0.9985827664399093,0.9931768705822358,0.9931798652389986,0.9931783679083598,332.3073046207428,1889.577205657959,0.0015589569160997733,0.04124222753911703,0.16355953581277272,2
668,SRTsim,sim2,SRTsim_2_8,CellCharter,0.9976277868010901,0.9954971240410663,0.9982208215933618,0.9991162731978286,0.9955085155728965,0.9954857327699379,0.9954971240410663,388.2132894992829,2120.8693923950195,0.0006312334301224593,0.038924947208074545,0.16345897054819936,2
669,SRTsim,sim2,SRTsim_2_9,CellCharter,0.9946408534923449,0.9901952827778054,0.9959806456552105,0.998005540166205,0.9901938240723234,0.9901967414875855,0.9901952827778054,411.4791083335877,2416.0653285980225,0.0015512465373961218,0.03646624787447181,0.16363863203909984,2
670,SRTsim,sim2,SRTsim_2_1,CellCharter,0.6158658592184131,0.7082416526184656,0.7211739919383411,0.755859375,0.6881645837976372,0.7295254157223034,0.7082416526184655,110.8150758743286,275.91643810272217,0.1396484375,0.11231522407189977,0.12110005623270051,3
671,SRTsim,sim2,SRTsim_2_10,CellCharter,0.6192688441584484,0.7339187620855013,0.7379209000529916,0.721,0.6829478178585728,0.7931116437401561,0.7339187620855016,513.0434186458588,2676.76952457428,0.0051,0.03471557679648986,0.14871445286473717,3
672,SRTsim,sim2,SRTsim_2_2,CellCharter,0.586687015583318,0.6649348301942354,0.6954190363466648,0.7530864197530864,0.6539455716937296,0.676299740352289,0.6649348301942355,149.1996808052063,543.6731147766113,0.19604938271604938,0.08009811140453386,0.15202983665389042,3
673,SRTsim,sim2,SRTsim_2_3,CellCharter,0.9778796024775638,0.9725887359791797,0.9834111887344756,0.9917355371900827,0.9724982354462701,0.9726792533575876,0.9725887359791797,171.79915356636047,811.1619310379028,0.00628099173553719,0.06333372879028826,0.16207381722817282,3
674,SRTsim,sim2,SRTsim_2_4,CellCharter,0.9922190709560604,0.9873035212020732,0.9941629074756341,0.9970703125,0.9872981657617059,0.9873088767005403,0.9873035212020732,179.6805567741394,1097.729422569275,0.001220703125,0.05431822176901245,0.16296126062458943,3
675,SRTsim,sim2,SRTsim_2_5,CellCharter,0.9909420955351773,0.9856545396111548,0.9932066074256326,0.9966276532434041,0.9856491242603372,0.9856599550214786,0.9856545396111548,212.6469087600708,1350.411519050598,0.0027772267407260463,0.04879500364742495,0.1633368251932837,3
676,SRTsim,sim2,SRTsim_2_6,CellCharter,0.9991126063538933,0.998151561209795,0.9993344548665153,0.9996626749873503,0.9981513951654912,0.9981517272541538,0.998151561209795,270.8143877983093,1587.8527097702026,0.00033732501264968796,0.04499212706658451,0.163365996023002,3
677,SRTsim,sim2,SRTsim_2_7,CellCharter,0.6642589294608926,0.7634642410592222,0.7581327496367622,0.7981859410430839,0.7379008825282736,0.7908623626831346,0.7634642410592221,282.7591030597687,1889.5778770446775,0.04733560090702948,0.04171932450435094,0.13164546012915285,3
678,SRTsim,sim2,SRTsim_2_8,CellCharter,0.9925807106809591,0.9878959278570913,0.9944353844788889,0.9972225729074612,0.9879248024327231,0.9878670549692739,0.9878959278570913,392.5362329483032,2120.867919921875,0.0021461936624163616,0.039033058411025896,0.16322486469181519,3
679,SRTsim,sim2,SRTsim_2_9,CellCharter,0.9982095973440746,0.9962552563012529,0.9986571983601062,0.9993351800554017,0.9962549768694936,0.9962555357331688,0.9962552563012529,455.14646434783936,2416.068567276001,0.0007756232686980609,0.03646624787447181,0.16359261930453006,3
680,SRTsim,sim2,SRTsim_2_1,CellCharter,0.8358370986168929,0.8498690555743671,0.8769191236502087,0.9287109375,0.8487003717548083,0.8510409624518703,0.8498690555743669,109.7743239402771,275.9200820922852,0.0361328125,0.10937571337879151,0.14056002839220744,4
681,SRTsim,sim2,SRTsim_2_10,CellCharter,0.9986673873049868,0.9972174554211712,0.9990004406961844,0.9995,0.9972172683580898,0.9972176424843229,0.9972174554211712,529.5787582397461,2676.76798248291,0.0005,0.03464274833209969,0.1636727605922047,4
682,SRTsim,sim2,SRTsim_2_2,CellCharter,0.7753429192256097,0.8194499733195352,0.8328561777971908,0.9096296296296297,0.8133829556573113,0.8256081788342005,0.8194499733195352,148.4278438091278,543.6739654541016,0.015308641975308642,0.07762539051178288,0.15137799102390978,4
683,SRTsim,sim2,SRTsim_2_3,CellCharter,0.9902042291704319,0.9842454684041563,0.9926532908146184,0.9963636363636363,0.9842283682324816,0.9842625691700445,0.9842454684041563,176.56425166130066,811.1652059555054,0.0036363636363636364,0.06299407883487045,0.1629333646226282,4
684,SRTsim,sim2,SRTsim_2_4,CellCharter,0.9883301067104581,0.9805779747368579,0.9912455125453269,0.99560546875,0.9805695622311356,0.9805863873869267,0.9805779747368579,220.1285138130188,1097.7279682159424,0.004150390625,0.0542389250948971,0.16307102564433573,4
685,SRTsim,sim2,SRTsim_2_5,CellCharter,0.9909242268983159,0.9853776372635417,0.9931931963161292,0.9966276532434041,0.9853736077049559,0.9853816668550844,0.9853776372635417,225.61634349823,1350.409885406494,0.0029756000793493354,0.048795003647424964,0.1631957021752092,4
686,SRTsim,sim2,SRTsim_2_6,CellCharter,0.9959322189248029,0.9927279700953238,0.9969491079366399,0.9984820374430764,0.9927480967556083,0.9927078442511056,0.9927279700953237,260.5237786769867,1587.8530416488647,0.0010119750379490638,0.04499212706658451,0.16340999239744614,4
687,SRTsim,sim2,SRTsim_2_7,CellCharter,0.6307910175211237,0.7443749853269683,0.7437497288277499,0.7437641723356009,0.6985593479639416,0.796622159579253,0.7443749853269683,315.7434301376343,1889.5763473510744,0.00467687074829932,0.04145489835062839,0.11913411121057763,4
688,SRTsim,sim2,SRTsim_2_8,CellCharter,0.9423984485867741,0.9441939693928494,0.9568135098259868,0.977654336573665,0.9438611968708023,0.9445269766456127,0.9441939693928493,438.0142569541931,2120.867317199707,0.0010099734881959348,0.03892494720807453,0.1633962692111587,4
689,SRTsim,sim2,SRTsim_2_9,CellCharter,0.9721937283365498,0.9674900739854139,0.9791484049945566,0.9894736842105263,0.9673401858757644,0.9676400085521987,0.9674900739854138,375.2290244102478,2416.070802688598,0.000997229916897507,0.03646624787447178,0.16356228336169046,4
690,SRTsim,sim2,SRTsim_2_1,CellCharter,0.812064000947289,0.8422660537180948,0.8598892393262936,0.919921875,0.8366433047571566,0.847964890582412,0.8422660537180947,113.36994862556458,275.92056941986084,0.0400390625,0.10886057399295537,0.14335561175350106,5
691,SRTsim,sim2,SRTsim_2_10,CellCharter,0.9997333066577764,0.9993634796217189,0.9997999599919992,0.9999,0.999363465203951,0.9993634940394871,0.9993634796217189,476.3946542739868,2676.766640663147,0.0001,0.03464274833209969,0.16363532937279304,5
692,SRTsim,sim2,SRTsim_2_2,CellCharter,0.9506399096674683,0.945639647072856,0.9629748363845482,0.9812345679012345,0.9457798372063498,0.9454994984931362,0.9456396470728561,143.12672090530396,543.6736440658569,0.009876543209876543,0.07703707457329644,0.1598174193153531,5
693,SRTsim,sim2,SRTsim_2_3,CellCharter,0.6193135662339705,0.7413679895392855,0.7270594991253646,0.752396694214876,0.7146687264089977,0.7701395849161328,0.7413679895392855,149.53524589538574,811.1662292480469,0.03404958677685951,0.06383017273890655,0.15375176171191482,5
694,SRTsim,sim2,SRTsim_2_4,CellCharter,0.988355845406874,0.9826697647119581,0.9912649309840995,0.99560546875,0.982648131556317,0.9826913988201347,0.982669764711958,190.2716736793518,1097.725583076477,0.001708984375,0.05413319619607664,0.1630221690839685,5
695,SRTsim,sim2,SRTsim_2_5,CellCharter,0.9851217245701243,0.9790415555054016,0.9888415868799009,0.9944455465185479,0.9790143207674733,0.9790687917586326,0.9790415555054015,252.2664589881897,1350.4140481948853,0.0035707200952192026,0.04879500364742495,0.16350192977610867,5
696,SRTsim,sim2,SRTsim_2_6,CellCharter,0.9927473545227473,0.9892113882452093,0.9945603206077499,0.9973013998988025,0.9892505163790231,0.9891722632065676,0.9892113882452093,283.23156476020813,1587.8523292541504,0.0016866250632484399,0.04499212706658451,0.16330259208684272,5
697,SRTsim,sim2,SRTsim_2_7,CellCharter,0.9988664810650583,0.9974007685432418,0.999149740319909,0.9995748299319728,0.9974007396412938,0.9974007974451915,0.9974007685432419,325.782794713974,1889.575566291809,0.00042517006802721087,0.04124222753911702,0.16356056725837342,5
698,SRTsim,sim2,SRTsim_2_8,CellCharter,0.9966628188851091,0.9938233924200633,0.9974971074933412,0.9987375331397551,0.993826216689469,0.9938205681667098,0.9938233924200633,352.69376277923584,2120.868566513061,0.0013887135462694105,0.03892494720807453,0.16343535442163862,5
699,SRTsim,sim2,SRTsim_2_9,CellCharter,0.9964292693302487,0.9929786219602705,0.9973219488471387,0.9986703601108033,0.9929799103963853,0.9929773335274995,0.9929786219602706,397.5312397480011,2416.065215110779,0.000997229916897507,0.03646624787447181,0.16358298645034025,5
