,Technology,Dataset,Sample,Method,ARI,NMI,FMI,Purity,Homogeneity,Completeness,V_measure,Time,Memory,Level
0,10x Visium,DLPFC,151507,BASS,0.504906153788966,0.6964700519948472,0.5900746729316805,0.7121535181236673,0.7044176004544089,0.6886998382255448,0.6964700519948471,1786.36577000618,2432.92,domain
1,10x Visium,DLPFC,151507,Banksy,0.4662872567795699,0.6368332520535798,0.5644397245087764,0.6647713811892917,0.6273536837971951,0.6468883068716174,0.6368332520535798,14.573495483398435,687.5726474761963,domain
2,10x Visium,DLPFC,151507,BayesSpace,0.4775898900948039,0.6336498974696614,0.5766419387037393,0.662165363657901,0.6153547849280381,0.653066208304825,0.6336498974696615,2075.7734118938447,8305.3,domain
3,10x Visium,DLPFC,151507,CCST,0.4665013202988935,0.6373220207619782,0.5831228933328376,0.677564558161573,0.5947899879112981,0.688293752775485,0.6373220207619783,342.2532364845276,1626.4160593032836,domain
4,10x Visium,DLPFC,151507,CellCharter,0.439198305464865,0.5853794011484965,0.5346114749274997,0.6608386638237385,0.5950318128116681,0.5761642486396846,0.5853794011484965,205.8453345298767,377.1965770721436,domain
5,10x Visium,DLPFC,151507,DeepST,0.5228678546743051,0.6371725147690945,0.604512670686969,0.7105425254678985,0.6468692093499275,0.6278813442673468,0.6371725147690945,339.8296623706818,5840.225760650635,domain
6,10x Visium,DLPFC,151507,GraphST,0.4048731713446971,0.6190888771827664,0.5278446780571941,0.6344468135512912,0.5820349658133737,0.661181467737701,0.6190888771827664,26.41531090736389,1123.329942703247,domain
7,10x Visium,DLPFC,151507,PRECAST,0.5372834940466679,0.6427644320068783,0.6229503683770427,0.7199715707178393,0.6303785609515998,0.6556467807852953,0.6427644320068783,37.01820802688599,966.98,domain
8,10x Visium,DLPFC,151507,SEDR,0.5321156781554254,0.6790488773928103,0.6180135261467701,0.7045249940772329,0.6695022935339464,0.6893225309140657,0.6790488773928103,23.35296201705933,2199.186318397522,domain
9,10x Visium,DLPFC,151507,STAGATE,0.5460283080457758,0.6710813693990049,0.622679676875465,0.746410803127221,0.6855243437986431,0.6572344220236035,0.6710813693990049,68.83641114234925,392.7487819671631,domain
10,10x Visium,DLPFC,151507,SpaGCN,0.4553904154938349,0.58062973495582,0.5536092290718608,0.6685619521440417,0.5663785862134466,0.5956165661754399,0.5806297349558199,88.30054531097412,1100.7798860549926,domain
11,10x Visium,DLPFC,151507,SpaceFlow,0.5027936333490615,0.6419354702857752,0.5882564697833393,0.714759535655058,0.6495365587632818,0.6346184920907649,0.6419354702857752,58.66516695022583,432.4794723510742,domain
12,10x Visium,DLPFC,151507,SpatialMGCN,0.4707711835173719,0.6044771564134531,0.5616002406742824,0.6704572376214167,0.6085886110874763,0.6004208806450029,0.6044771564134532,66.76495795249939,425.6635768890381,domain
13,10x Visium,DLPFC,151507,stLearn,0.3974013254588202,0.5223724354900117,0.5217015361485742,0.6306562425965411,0.4801382940924325,0.5727532121209573,0.5223724354900117,392.6448361396789,7157.872786140442,domain
14,10x Visium,DLPFC,151508,BASS,0.4948716368836033,0.6197839514245518,0.5912505225988272,0.7062314540059347,0.6185662951984636,0.6210064110521262,0.6197839514245518,1773.8850040912628,2497.92,domain
15,10x Visium,DLPFC,151508,Banksy,0.4964269998021309,0.6646217969940498,0.5917631343253558,0.7263181921935631,0.6679744963891899,0.6613025852731905,0.6646217969940498,15.666196012496949,704.4105987548828,domain
16,10x Visium,DLPFC,151508,BayesSpace,0.386321963438059,0.53844252668989,0.4996397843321599,0.6498516320474778,0.545383784056382,0.5316757356257179,0.53844252668989,2152.655988025665,9318.94,domain
17,10x Visium,DLPFC,151508,CCST,0.3394003774424869,0.5453000666336197,0.4931569451915958,0.5998173932892034,0.5084080196185045,0.5880039049220042,0.5453000666336197,358.66012744903566,1682.0523515701293,domain
18,10x Visium,DLPFC,151508,CellCharter,0.4463072450631558,0.5900254849356937,0.5457663331560365,0.6939968043825611,0.6114414393407717,0.5700634149396693,0.5900254849356937,223.71835627555848,344.63707275390624,domain
19,10x Visium,DLPFC,151508,DeepST,0.4563211602619414,0.5798874619963497,0.5546391891741459,0.6973293768545994,0.5960586421387657,0.5647000852360196,0.5798874619963497,321.9597608089447,6050.634875488281,domain
20,10x Visium,DLPFC,151508,GraphST,0.5245657934311523,0.669167963741716,0.6288406379378375,0.717187856653732,0.6380528129692383,0.7034734013192337,0.6691679637417162,26.2933810710907,1175.9269804000855,domain
21,10x Visium,DLPFC,151508,PRECAST,0.4516956691050254,0.6034818077240317,0.5523630041240479,0.7183291485962109,0.6188455974342484,0.5888623968862962,0.6034818077240317,40.40763397216797,1002.46,domain
22,10x Visium,DLPFC,151508,SEDR,0.485240761851364,0.6343985104888665,0.581104084480571,0.7184204519516092,0.6462374640107765,0.6230602289564197,0.6343985104888665,19.681738901138303,1945.0206396102903,domain
23,10x Visium,DLPFC,151508,STAGATE,0.5006984096101265,0.6278561989041134,0.5922412258105806,0.7269573156813512,0.6439217132608348,0.6128755004446356,0.6278561989041134,64.56660137176513,393.5843469619751,domain
24,10x Visium,DLPFC,151508,SpaGCN,0.3922962381834538,0.4881165113557099,0.500832434036175,0.6391234877881762,0.5058792655687593,0.4715588378096578,0.48811651135571,72.03076190948487,1163.7079444885253,domain
25,10x Visium,DLPFC,151508,SpaceFlow,0.4647614471735865,0.6001558684358357,0.5627879993193361,0.7165030814882447,0.6126382338611245,0.5883146710608447,0.6001558684358357,71.27609138488769,436.8391357421875,domain
26,10x Visium,DLPFC,151508,SpatialMGCN,0.428476853297813,0.5839758308711783,0.5336963662703692,0.6939055010271628,0.5966498002996289,0.5718291000277085,0.5839758308711782,65.95247735977173,500.899374961853,domain
27,10x Visium,DLPFC,151508,stLearn,0.3970934057012096,0.4998186066839192,0.5212428390548643,0.6594384843643004,0.4798756260092964,0.5214910687607545,0.4998186066839192,404.62687516212463,7306.487685966492,domain
28,10x Visium,DLPFC,151509,BASS,0.493101504250437,0.6506011182840605,0.609978362734787,0.7612781954887218,0.6660853887140291,0.6358204080185791,0.6506011182840605,1841.41452999115,2895.92,domain
29,10x Visium,DLPFC,151509,Banksy,0.4721546839409775,0.6328793782913276,0.5980653052512751,0.7383040935672515,0.633190577105241,0.6325684852214719,0.6328793782913276,15.034970378875732,777.1926374435425,domain
30,10x Visium,DLPFC,151509,BayesSpace,0.3664132148317673,0.5438569560473498,0.5047399450944405,0.6720969089390142,0.5730218431795419,0.5175170751752366,0.5438569560473498,2350.522557926178,9386.7,domain
31,10x Visium,DLPFC,151509,CCST,0.4048105287680363,0.6112442366123688,0.5508266423604355,0.7191311612364244,0.605713457751136,0.6173659751583165,0.6112442366123689,415.87323384284974,1966.2272371292115,domain
32,10x Visium,DLPFC,151509,CellCharter,0.4329984600381759,0.6194847424019363,0.5567006103210431,0.7572681704260652,0.6634812621282228,0.5811180547234807,0.6194847424019364,250.6008143901825,405.0749786376953,domain
33,10x Visium,DLPFC,151509,DeepST,0.4822707061877928,0.6327305628208395,0.5972020491320583,0.754093567251462,0.6692309307955836,0.6002134420206247,0.6327305628208394,357.78075370788576,6615.99413394928,domain
34,10x Visium,DLPFC,151509,GraphST,0.4427365633155992,0.6373977210477857,0.577749611171896,0.7188805346700083,0.6288642107409816,0.6461660119260022,0.6373977210477857,29.768929529190064,1381.5704544067382,domain
35,10x Visium,DLPFC,151509,PRECAST,0.3053806715736464,0.43395520953848,0.5291285488494286,0.6735588972431078,0.3935124378774672,0.4836631089412914,0.43395520953848,44.031321907043456,1084.88,domain
36,10x Visium,DLPFC,151509,SEDR,0.5084944932548563,0.6556253265137575,0.6209912209372371,0.7328320802005013,0.6676658694453617,0.6445364874493917,0.6556253265137575,20.29420714378357,2386.747706413269,domain
37,10x Visium,DLPFC,151509,STAGATE,0.4982730601013698,0.6523016182086759,0.6132891202229411,0.7511695906432749,0.672023859499262,0.6337727525394625,0.652301618208676,65.22844161987305,454.26011791229246,domain
38,10x Visium,DLPFC,151509,SpaGCN,0.467222617179324,0.5902426259526854,0.5847412104871554,0.7314118629908104,0.6277619698795345,0.556955179538926,0.5902426259526854,78.33674421310425,1274.7751028060914,domain
39,10x Visium,DLPFC,151509,SpaceFlow,0.4772527204917578,0.6391679890127835,0.593143921751375,0.7483291562238931,0.6753414305524039,0.6067764999155789,0.6391679890127835,42.19103565216064,473.88099098205566,domain
40,10x Visium,DLPFC,151509,SpatialMGCN,0.4215210664947905,0.5945970845571482,0.5544953934043573,0.7403926482873852,0.6116174469460531,0.5784983744505205,0.5945970845571482,78.73891568183899,568.8859884262085,domain
41,10x Visium,DLPFC,151509,stLearn,0.3696192520900509,0.5556703675917183,0.5097316865077699,0.6992481203007519,0.5787153969708192,0.5343904040289422,0.5556703675917183,446.3255943775177,8270.126412963868,domain
42,10x Visium,DLPFC,151510,BASS,0.4390272211279141,0.6186949423325648,0.5624333450848416,0.7732317736670293,0.6591201039842046,0.5829419406535203,0.6186949423325648,1868.5214859008788,2780.96,domain
43,10x Visium,DLPFC,151510,Banksy,0.4885265667339178,0.625449603604525,0.608781294663865,0.7593035908596301,0.6358758277607851,0.6153597737079894,0.6254496036045248,14.111332893371582,742.2147211074829,domain
44,10x Visium,DLPFC,151510,BayesSpace,0.4355430537566402,0.5985966606033762,0.5610963808853323,0.7347116430903156,0.6305145590197456,0.5697545542255209,0.5985966606033762,2257.251747989654,9018.5,domain
45,10x Visium,DLPFC,151510,CCST,0.3247838906517019,0.558090530377423,0.5001478960451171,0.667986942328618,0.537295225709497,0.5808299985566137,0.5580905303774228,393.1231075763702,1829.59205493927,domain
46,10x Visium,DLPFC,151510,CellCharter,0.3876797939459143,0.5847516279077756,0.5193874898521053,0.7292709466811752,0.6296384487440316,0.5458486672416274,0.5847516279077756,230.741947555542,387.3050104141236,domain
47,10x Visium,DLPFC,151510,DeepST,0.4453212137980468,0.6045781683917506,0.5668265193495677,0.7422850924918389,0.646927416940741,0.5674407167914142,0.6045781683917507,332.2561424255371,6349.1424402236935,domain
48,10x Visium,DLPFC,151510,GraphST,0.4469716469731039,0.5812767640800239,0.6093504636063575,0.7201305767138194,0.5435441450013653,0.6246389525518986,0.5812767640800239,26.967377758026124,1285.7056379318235,domain
49,10x Visium,DLPFC,151510,PRECAST,0.4959855841333936,0.6057211916748072,0.6198318029579141,0.711860718171926,0.5919976046464265,0.6200961544703417,0.6057211916748072,42.22716989517212,1075.34,domain
50,10x Visium,DLPFC,151510,SEDR,0.4751250985425826,0.63620316812812,0.5969724926146914,0.7533841131664853,0.6500902588018709,0.6234041454252578,0.63620316812812,19.53246703147888,2251.925769805908,domain
51,10x Visium,DLPFC,151510,STAGATE,0.4347180541236192,0.5755777397688828,0.5605420947029337,0.7294450489662677,0.6058787808991367,0.5482068928500233,0.5755777397688828,61.87593684196472,430.0204574584961,domain
52,10x Visium,DLPFC,151510,SpaGCN,0.419935802747047,0.5557771285556398,0.5462727398170033,0.7029379760609358,0.5937655242062567,0.5223573415317324,0.5557771285556399,74.54741826057435,1239.022661781311,domain
53,10x Visium,DLPFC,151510,SpaceFlow,0.4958735304777694,0.6513547744112679,0.6078856225324007,0.7867247007616975,0.7009546542109419,0.6083234394886551,0.6513547744112679,38.89592409133911,445.3067953109741,domain
54,10x Visium,DLPFC,151510,SpatialMGCN,0.3915727428762966,0.5254025956044194,0.5281764075132604,0.7183895538628945,0.5472148597110218,0.505262571169853,0.5254025956044194,71.26229338645935,572.0044435501098,domain
55,10x Visium,DLPFC,151510,stLearn,0.267465066019605,0.4844046804108809,0.4333788149994179,0.6450489662676823,0.4972155482953785,0.4722373805093257,0.4844046804108811,429.0387277126312,7830.749890136719,domain
56,10x Visium,DLPFC,151669,BASS,0.4102494422805696,0.5934668031952787,0.6017407484306935,0.8171067106710671,0.667217951324144,0.5343970550177504,0.5934668031952786,1575.8203620433808,2134.66,domain
57,10x Visium,DLPFC,151669,Banksy,0.3876596079126209,0.5866929500377721,0.587867934557311,0.8187568756875688,0.6468765483191586,0.5367547757687833,0.5866929500377721,12.182595252990724,620.410177230835,domain
58,10x Visium,DLPFC,151669,BayesSpace,0.4633773720398655,0.6127638602565646,0.6433060162967474,0.819031903190319,0.671834497526945,0.5632412204523572,0.6127638602565646,1776.3159539699554,7797.74,domain
59,10x Visium,DLPFC,151669,CCST,0.3188098597812979,0.4888684560149581,0.5583663971886266,0.7417491749174918,0.5002531533693604,0.4784856624617404,0.488868456014958,268.1706675052643,1271.2943929672242,domain
60,10x Visium,DLPFC,151669,CellCharter,0.2973383200883631,0.5010059610999175,0.5169014200728466,0.7563256325632564,0.5648396839322251,0.4501812504167228,0.5010059610999176,223.66121950149537,394.0786785125732,domain
61,10x Visium,DLPFC,151669,DeepST,0.3398364158054823,0.5338468566707314,0.5456786528000308,0.785918591859186,0.6072828000550679,0.4764635961561696,0.5338468566707314,272.1118744373322,5055.257149314881,domain
62,10x Visium,DLPFC,151669,GraphST,0.5342153306492592,0.6363882621601544,0.6945939404716085,0.823982398239824,0.6955700429299606,0.5864876333269315,0.6363882621601544,21.99831280708313,905.170218849182,domain
63,10x Visium,DLPFC,151669,PRECAST,0.3698477404481688,0.5129058208354891,0.5817818159354715,0.7574257425742574,0.5472780612044118,0.4825959901473771,0.5129058208354891,27.71932392120361,720.8799999999999,domain
64,10x Visium,DLPFC,151669,SEDR,0.4413979429868599,0.5858145799084007,0.6285284189671925,0.8074257425742575,0.6413493195473297,0.5394797000718998,0.5858145799084007,23.34467821121216,1858.8555570602416,domain
65,10x Visium,DLPFC,151669,STAGATE,0.4956774547497306,0.6166768809048373,0.6674006703175209,0.8168866886688668,0.6699734807661737,0.5712352428930568,0.6166768809048373,50.32851157188416,416.6694694519043,domain
66,10x Visium,DLPFC,151669,SpaGCN,0.3260119056167938,0.5496671391099779,0.53336235819612,0.8102310231023102,0.6334738130835283,0.485444320348566,0.549667139109978,50.58803086280823,1081.9421070098876,domain
67,10x Visium,DLPFC,151669,SpaceFlow,0.327347609586063,0.5293554981815197,0.5427203936219531,0.755005500550055,0.5858432961760227,0.4830284002931003,0.5293554981815197,34.10085868835449,456.8280546188354,domain
68,10x Visium,DLPFC,151669,SpatialMGCN,0.4659815071610137,0.5651487740320399,0.6442901759922403,0.8050055005500549,0.6289202024213513,0.5131193529023043,0.56514877403204,60.44827833175659,447.9148187637329,domain
69,10x Visium,DLPFC,151669,stLearn,0.3079971701654782,0.4471970242797686,0.5370234433892458,0.7555005500550055,0.4807385136054081,0.4180307060662474,0.4471970242797686,338.40680904388427,6103.64121875763,domain
70,10x Visium,DLPFC,151670,BASS,0.3748214187077168,0.5614763184384102,0.5909629689934851,0.8349598163030999,0.6566072290571272,0.4904226487564073,0.5614763184384101,1657.9539600849153,1930.02,domain
71,10x Visium,DLPFC,151670,Banksy,0.3434600144962408,0.5126560605421436,0.5769743130815034,0.830654420206659,0.5818255488886439,0.4581853574227524,0.5126560605421436,12.916756963729858,595.3790519714355,domain
72,10x Visium,DLPFC,151670,BayesSpace,0.4034083237621394,0.5401538885884346,0.6156280217610296,0.8260619977037887,0.6134084598816931,0.4825292026151325,0.5401538885884346,1702.7227819919583,7733.339999999999,domain
73,10x Visium,DLPFC,151670,CCST,0.2900892949391142,0.4467925947106739,0.5510621072781692,0.7715843857634902,0.4705869675359281,0.4253702570836097,0.4467925947106739,251.8507395744324,1167.7301609039307,domain
74,10x Visium,DLPFC,151670,CellCharter,0.3414146442379814,0.4713047249132625,0.5672401170854667,0.7743972445464984,0.5484360103057264,0.4132412780677253,0.4713047249132625,197.35680170059203,362.6732053756714,domain
75,10x Visium,DLPFC,151670,DeepST,0.3020505948191611,0.4966755756728165,0.5349977833836048,0.7954075774971298,0.5854311480062704,0.4313882503954145,0.4966755756728165,265.56945605278014,4845.858366394043,domain
76,10x Visium,DLPFC,151670,GraphST,0.4363903118982983,0.5561637776271469,0.6539059688938259,0.8389781859931114,0.6010049290461414,0.5175492765553465,0.5561637776271469,20.809561824798585,841.0895343780518,domain
77,10x Visium,DLPFC,151670,PRECAST,0.3712894540368798,0.5063614506171886,0.600540584502175,0.7921928817451206,0.5521789879816755,0.4675648461216042,0.5063614506171887,27.50374999046325,1096.76,domain
78,10x Visium,DLPFC,151670,SEDR,0.3680175399231628,0.5273848790356378,0.5926586819057695,0.8328358208955224,0.5984198340576707,0.4715068720924092,0.5273848790356378,21.932202768325805,1736.9568124771115,domain
79,10x Visium,DLPFC,151670,STAGATE,0.4685909778551695,0.5781808669535853,0.6636965194381224,0.8332950631458094,0.6484304585701335,0.5216648136405404,0.5781808669535853,50.03954615592957,419.44699573516846,domain
80,10x Visium,DLPFC,151670,SpaGCN,0.2957473374633564,0.4455157472308725,0.5349202264631961,0.7729621125143513,0.516049273404489,0.3919447992919485,0.4455157472308725,49.17316164970398,995.1097484588624,domain
81,10x Visium,DLPFC,151670,SpaceFlow,0.3363542918389839,0.5135965596525878,0.5667236170307265,0.7821469575200919,0.5856163174257236,0.4575072172578352,0.5135965596525878,43.22932777404785,421.0026376724243,domain
82,10x Visium,DLPFC,151670,SpatialMGCN,0.3124638044283678,0.5070241759689049,0.5408231608060662,0.8441446613088404,0.6022942563300281,0.4377771811774028,0.5070241759689049,55.89893646240235,426.5767528533936,domain
83,10x Visium,DLPFC,151670,stLearn,0.1990271137566161,0.3218251290887359,0.48699189672291,0.7336394948335246,0.3430081833256931,0.3031062845335323,0.3218251290887359,323.0814673423767,5760.02703742981,domain
84,10x Visium,DLPFC,151671,BASS,0.532745356095684,0.6553908492285637,0.6590184792146213,0.8692890300513071,0.6994505762696934,0.6165529988401031,0.6553908492285637,1595.7357039928436,2329.24,domain
85,10x Visium,DLPFC,151671,Banksy,0.6124362405002105,0.6887050087931128,0.7209207959380072,0.883703884681163,0.716678458274547,0.6628332496927547,0.6887050087931129,13.107884550094605,683.28394947052,domain
86,10x Visium,DLPFC,151671,BayesSpace,0.5027734451096345,0.6331226611465194,0.6366001472905013,0.8521866601514783,0.6717884413925367,0.5986655758916734,0.6331226611465195,2004.8885400295253,8372.02,domain
87,10x Visium,DLPFC,151671,CCST,0.6045323449987406,0.6383820236048423,0.7427959172955665,0.7314439286586856,0.575328022528811,0.7196182436112218,0.6383820236048423,321.4923066616058,1539.2314889907836,domain
88,10x Visium,DLPFC,151671,CellCharter,0.4515370940450053,0.5887714505357574,0.5981051421189727,0.810408013681896,0.6254885198144469,0.5561435499531896,0.5887714505357574,238.96243724823,416.9697450637817,domain
89,10x Visium,DLPFC,151671,DeepST,0.5216509062486984,0.6421377516579204,0.6513539688794453,0.8205717077937942,0.6784109508879761,0.6096621363820063,0.6421377516579204,304.3876597881317,5679.173195838928,domain
90,10x Visium,DLPFC,151671,GraphST,0.6378427745232644,0.7334946847695926,0.7393278822162402,0.8978744197410211,0.7652195334432996,0.704295648551445,0.7334946847695927,24.20525369644165,1093.976701927185,domain
91,10x Visium,DLPFC,151671,PRECAST,0.7810747967048206,0.7063559038640344,0.8474589626251493,0.8734424627412656,0.6966389156859559,0.7163477991471909,0.7063559038640344,27.34111008644104,935.46,domain
92,10x Visium,DLPFC,151671,SEDR,0.5754091961104356,0.6840762495210837,0.6956684908889255,0.8585878328854142,0.7083552591764393,0.6623793852962883,0.6840762495210837,21.89576983451844,2127.329085159302,domain
93,10x Visium,DLPFC,151671,STAGATE,0.5954493395349018,0.6868694573408802,0.7077598381613864,0.8853652577571463,0.7188578563319522,0.6576067596125631,0.6868694573408802,56.4331193447113,497.050256729126,domain
94,10x Visium,DLPFC,151671,SpaGCN,0.5230958172603647,0.6345909020980189,0.6516513073035416,0.8646469582213536,0.6762301503533282,0.5977821341463074,0.6345909020980189,62.43220458030701,1156.4218320846558,domain
95,10x Visium,DLPFC,151671,SpaceFlow,0.5003529569134415,0.6434628977609436,0.6351016045745934,0.8528707549474713,0.6825576589550961,0.6086135310601577,0.6434628977609435,38.60871343612671,516.0254528045655,domain
96,10x Visium,DLPFC,151671,SpatialMGCN,0.5847240979507718,0.6787685542324241,0.6987854840444409,0.8634253603713657,0.719559908377542,0.642353952399052,0.6787685542324242,64.25635867118835,569.2279489517211,domain
97,10x Visium,DLPFC,151671,stLearn,0.3257860090418449,0.4826179800397211,0.5078970657295133,0.7393110188126069,0.5058564192454106,0.4614208574262868,0.4826179800397211,381.42634162902834,7047.510354614258,domain
98,10x Visium,DLPFC,151672,BASS,0.4436477376138626,0.609836901119661,0.5895298521302337,0.7227366255144033,0.6123096207206538,0.6073840725982396,0.6098369011196612,1635.207405996323,2097.74,domain
99,10x Visium,DLPFC,151672,Banksy,0.6454648290861038,0.646653349462366,0.7418425227773382,0.8207304526748971,0.6392844909802026,0.6541940665678571,0.6466533494623661,13.28819980621338,656.609372138977,domain
100,10x Visium,DLPFC,151672,BayesSpace,0.7355921524729898,0.7107330163023475,0.8090076230858865,0.8405349794238683,0.6983051590139128,0.7236112504625439,0.7107330163023475,1898.598287916184,8599.64,domain
101,10x Visium,DLPFC,151672,CCST,0.6315140619478298,0.6589524986978124,0.7622179013007561,0.711111111111111,0.577919295842549,0.7665904658180249,0.6589524986978124,297.9227615833282,1404.71094455719,domain
102,10x Visium,DLPFC,151672,CellCharter,0.567679813042888,0.6795610636096976,0.6743284924607218,0.8640946502057613,0.7096244694887548,0.6519457657642024,0.6795610636096976,223.7724964618683,395.7340162277222,domain
103,10x Visium,DLPFC,151672,DeepST,0.5333495632374158,0.6493086447864048,0.6478714394257563,0.8279835390946502,0.6791481805171429,0.6219926692293939,0.6493086447864047,274.73714847564696,5397.115537452698,domain
104,10x Visium,DLPFC,151672,GraphST,0.6389313577263698,0.7240182719762357,0.7307280554167375,0.8829732510288066,0.7426347397923108,0.7063123390019661,0.7240182719762357,24.479991674423218,1004.237864112854,domain
105,10x Visium,DLPFC,151672,PRECAST,0.7669386104986882,0.7281114062693482,0.8342447262877151,0.8641975308641975,0.7069426642030419,0.7505870386276433,0.7281114062693482,26.8641339302063,930.76,domain
106,10x Visium,DLPFC,151672,SEDR,0.6464070031565947,0.7032861293414755,0.7388469804528736,0.8621399176954732,0.7092173128418059,0.6993630386595429,0.7032861293414755,18.82247333526612,2121.9756610870363,domain
107,10x Visium,DLPFC,151672,STAGATE,0.628431772338428,0.6741455415283004,0.7272260298735689,0.8489711934156379,0.6713127323705167,0.6770024476639902,0.6741455415283004,55.68080563545227,452.5218620300293,domain
108,10x Visium,DLPFC,151672,SpaGCN,0.5740542197102796,0.6732401467423792,0.6795672853725467,0.8667695473251029,0.6995087657045461,0.6488730484303669,0.6732401467423791,53.2775887966156,1073.8396493911744,domain
109,10x Visium,DLPFC,151672,SpaceFlow,0.6636287561535561,0.7019189246144917,0.7487465724880777,0.822119341563786,0.7238149425129423,0.6813491070236586,0.7019189246144917,28.791204023361207,476.6448781967163,domain
110,10x Visium,DLPFC,151672,SpatialMGCN,0.6503836739125921,0.6945841139408678,0.7381388017892525,0.8472222222222221,0.7224449460764227,0.6687923741402683,0.6945841139408677,63.84274206161499,536.2240125656128,domain
111,10x Visium,DLPFC,151672,stLearn,0.280499557880308,0.4282223304398297,0.4756801903452296,0.6463477366255144,0.423416585629941,0.4331384172711171,0.4282223304398296,360.8219702720642,6585.796734237671,domain
112,10x Visium,DLPFC,151673,BASS,0.5279693758691486,0.654974153977713,0.609471052600704,0.7560232622542232,0.6651388033359652,0.6451155006754975,0.654974153977713,1657.235618019104,2132.7,domain
113,10x Visium,DLPFC,151673,Banksy,0.6093393322845302,0.7113924430944808,0.6800932622828441,0.7981168651343118,0.7034635597596236,0.7195021001364403,0.7113924430944807,14.172277545928956,635.4553138732911,domain
114,10x Visium,DLPFC,151673,BayesSpace,0.5513116271950651,0.6924467815062224,0.6284198385442062,0.780947106064802,0.7069779733962971,0.6785009059167725,0.6924467815062224,1780.2679140090945,7141.6,domain
115,10x Visium,DLPFC,151673,CCST,0.4603419413728563,0.6296606663711418,0.5865437253542656,0.68047632234838,0.5714272878211589,0.702174379929578,0.6296606663711417,265.3677292346955,1258.144319725037,domain
116,10x Visium,DLPFC,151673,CellCharter,0.4527985760410402,0.6082232678408979,0.5449063802434426,0.7076710052617003,0.6260681351677928,0.5913721371899698,0.6082232678408979,220.89628200531007,427.503437423706,domain
117,10x Visium,DLPFC,151673,DeepST,0.5422047398822141,0.6845805100699165,0.6204350747211063,0.7806147881473275,0.7012446324711019,0.6687231269306877,0.6845805100699165,256.0650475502014,5032.648076820374,domain
118,10x Visium,DLPFC,151673,GraphST,0.6096731633967741,0.7222464015519984,0.6767741933274669,0.8183328717806703,0.7395979029425586,0.7056903948108378,0.7222464015519985,23.21617975234985,918.2291860580444,domain
119,10x Visium,DLPFC,151673,PRECAST,0.5849556871249268,0.6728441488857667,0.6573716596653827,0.7845472168374411,0.679760189906291,0.6660674213327643,0.6728441488857668,34.75146398544312,957.54,domain
120,10x Visium,DLPFC,151673,SEDR,0.5441108687185189,0.6826752754229725,0.6232862766838864,0.7621711437274993,0.6893549337107128,0.6761694429471958,0.6826752754229723,23.27886028289795,2115.556239128113,domain
121,10x Visium,DLPFC,151673,STAGATE,0.5791435921565624,0.7062670677639624,0.651416400014698,0.8010523400720022,0.7233391078179294,0.6900142912162207,0.7062670677639624,52.10437521934509,523.8520629882812,domain
122,10x Visium,DLPFC,151673,SpaGCN,0.4632466862874647,0.625857396457727,0.5540359802141885,0.7352533924120742,0.6426960086968464,0.6098785991642945,0.6258573964577269,48.6491602897644,1081.9916681289674,domain
123,10x Visium,DLPFC,151673,SpaceFlow,0.4397570220380603,0.5890988634311782,0.5360993326918629,0.7262808086402659,0.6009528195944409,0.577811057700611,0.5890988634311782,31.61262364387512,536.9768831253052,domain
124,10x Visium,DLPFC,151673,SpatialMGCN,0.439320174011506,0.6033014950080839,0.5327329653284304,0.7150373857657158,0.6241197074948113,0.583827281556659,0.6033014950080839,61.42682175636291,437.1358913421631,domain
125,10x Visium,DLPFC,151673,stLearn,0.2514489769457982,0.4419745367201903,0.3930641259997833,0.5358626419274439,0.4310340313274554,0.4534848897818802,0.4419745367201903,335.4258780002594,6209.655228614807,domain
126,10x Visium,DLPFC,151674,BASS,0.5408933104778252,0.6592050020396711,0.6168139881067444,0.7678129298486933,0.6673361857717922,0.6512695824609956,0.6592050020396711,1730.2690799236298,2266.36,domain
127,10x Visium,DLPFC,151674,Banksy,0.555350755493377,0.6987240024966068,0.6292469982034578,0.7713892709766162,0.705914396092519,0.6916786135642777,0.6987240024966068,13.509682416915894,666.4817443847656,domain
128,10x Visium,DLPFC,151674,BayesSpace,0.3263080340973131,0.462657123290806,0.437451827075381,0.5587345254470426,0.4665048347451437,0.4588723641200499,0.462657123290806,1795.2079179763791,7489.58,domain
129,10x Visium,DLPFC,151674,CCST,0.4618792473002067,0.6144150403114574,0.5767366434866641,0.6799449793672627,0.5728617747757923,0.6627024531939619,0.6144150403114574,270.8098047733307,1315.188753318787,domain
130,10x Visium,DLPFC,151674,CellCharter,0.4054657845515015,0.5552442125926422,0.501772288009579,0.6539202200825309,0.5664320518423563,0.5445204587039963,0.5552442125926422,256.995287322998,496.3188781738281,domain
131,10x Visium,DLPFC,151674,DeepST,0.4757362709301574,0.6332266709487098,0.5629683851438813,0.7146079779917469,0.6402214796274918,0.626410522641411,0.6332266709487098,262.1954828739166,5078.859645843506,domain
132,10x Visium,DLPFC,151674,GraphST,0.5993883010382194,0.7162383846797566,0.665406402151436,0.807977991746905,0.7270805436828588,0.7057148292686585,0.7162383846797566,24.15470595359802,954.9180679321288,domain
133,10x Visium,DLPFC,151674,PRECAST,0.537290450028752,0.6325352695365544,0.6128658364479118,0.7680880330123796,0.6440056063830153,0.6214663772548568,0.6325352695365544,37.33912000656128,910.28,domain
134,10x Visium,DLPFC,151674,SEDR,0.592478519389353,0.7112083565800054,0.6615687234153984,0.7840990371389271,0.7058492621654816,0.7168107719119968,0.7112083565800054,23.63529767990112,2303.727519607544,domain
135,10x Visium,DLPFC,151674,STAGATE,0.6512300228374366,0.7414181369387903,0.7086227604923637,0.8223383768913342,0.7560781447636828,0.7273292428329698,0.7414181369387903,53.94017333984375,580.3669595718384,domain
136,10x Visium,DLPFC,151674,SpaGCN,0.3544353906640105,0.5183671604136241,0.45866140318285,0.6019257221458046,0.5289888149441794,0.5081636576845944,0.5183671604136241,45.8842257976532,1168.513003540039,domain
137,10x Visium,DLPFC,151674,SpaceFlow,0.4308505152982465,0.5700242472316066,0.5233268367123088,0.6877028885832187,0.5806052938301347,0.5598389265245455,0.5700242472316066,27.7305281162262,644.3906072616577,domain
138,10x Visium,DLPFC,151674,SpatialMGCN,0.5179041844884276,0.6877501904131996,0.5997514985898535,0.7576341127922971,0.6892516860426533,0.6862552224094887,0.6877501904131996,64.40290675163268,607.8773565292358,domain
139,10x Visium,DLPFC,151674,stLearn,0.2985236870963152,0.4503264162899785,0.4181045791303684,0.6211829436038514,0.4512432839188686,0.4494132670172771,0.4503264162899784,340.9611201763153,6412.569172668457,domain
140,10x Visium,DLPFC,151675,BASS,0.4729700502569088,0.6645579816471079,0.567225589096819,0.7249018508132361,0.6523465925752758,0.6772352661180604,0.6645579816471079,1656.502014017105,2065.92,domain
141,10x Visium,DLPFC,151675,Banksy,0.5074338398788248,0.6751450657561107,0.5971279503618495,0.67807066741447,0.6551966305441033,0.6963463658178942,0.6751450657561107,12.7739408493042,616.356240272522,domain
142,10x Visium,DLPFC,151675,BayesSpace,0.3696245424165285,0.6080057881076205,0.4925473928912033,0.5939427930454291,0.5777231258376121,0.6416387311668245,0.6080057881076206,1762.0222840309143,8229.4,domain
143,10x Visium,DLPFC,151675,CCST,0.4432964695796877,0.6104339347459383,0.5826518302959288,0.6535614133482894,0.5469103310097677,0.6949309261821432,0.6104339347459382,262.2719839572907,1215.7193485260009,domain
144,10x Visium,DLPFC,151675,CellCharter,0.4358333908537256,0.6005105739131686,0.5248210697138647,0.6609646662927651,0.609938065460544,0.5913870651835575,0.6005105739131686,226.08898305892944,391.38036308288576,domain
145,10x Visium,DLPFC,151675,DeepST,0.5943445873683484,0.7067221412232213,0.6597262871441181,0.7686483454851374,0.712474301824954,0.7011533710040219,0.7067221412232212,256.0742829322815,4960.563739013672,domain
146,10x Visium,DLPFC,151675,GraphST,0.591583923261273,0.7039781954044053,0.6592321336178291,0.7879977565900168,0.7031964031892408,0.7047617278996213,0.7039781954044052,25.08258452415466,878.9442567825317,domain
147,10x Visium,DLPFC,151675,PRECAST,0.4600142061814291,0.5438387315216022,0.5497005001819819,0.6646102075154234,0.5422981321169434,0.5453881091545134,0.5438387315216023,34.234567975997926,1139.1,domain
148,10x Visium,DLPFC,151675,SEDR,0.5581185472475497,0.6847981047855485,0.6307861889372514,0.7326977005047672,0.6832952545272318,0.6863526956062521,0.6847981047855485,24.12265377044677,2002.82859249115,domain
149,10x Visium,DLPFC,151675,STAGATE,0.6399409635998278,0.7278037364462014,0.6984275773035409,0.8029725182277062,0.7320419093970857,0.7237700583900155,0.7278037364462014,52.4167320728302,396.614825630188,domain
150,10x Visium,DLPFC,151675,SpaGCN,0.3352061193110291,0.5094365599874274,0.4398988665791541,0.5849691531127313,0.5172179080554838,0.5018858765424158,0.5094365599874274,45.59693832397461,1029.9930252075196,domain
151,10x Visium,DLPFC,151675,SpaceFlow,0.4431400215209868,0.6016070344675306,0.5338772660175231,0.6772293886707795,0.6039281582632875,0.5993098088597936,0.6016070344675306,29.882653760910035,452.1759746551514,domain
152,10x Visium,DLPFC,151675,SpatialMGCN,0.4232563980802817,0.6058525668105309,0.514021814330748,0.6500280426247896,0.6156948764485399,0.5963199783566979,0.6058525668105309,59.831047248840335,425.2140312194824,domain
153,10x Visium,DLPFC,151675,stLearn,0.3809190238576134,0.5285226844790468,0.4837878281857443,0.6303982052720135,0.5270065333913552,0.5300475844009631,0.5285226844790468,334.0972071170807,5993.324579429626,domain
154,10x Visium,DLPFC,151676,BASS,0.561870029453163,0.6717352103048708,0.6338647264532216,0.7487612940833577,0.6789246836224395,0.6646964073271026,0.6717352103048708,1617.2378360748291,2093.34,domain
155,10x Visium,DLPFC,151676,Banksy,0.5232554221672138,0.6828860850909069,0.6065713982351885,0.7129116875546488,0.674292339435253,0.6917017103331611,0.682886085090907,13.346975755691528,598.5301750183105,domain
156,10x Visium,DLPFC,151676,BayesSpace,0.3254880966037377,0.4997259940915438,0.4375583174743588,0.6047799475371611,0.503315301863578,0.4961875169098714,0.499725994091544,1692.5168319702148,7931.479999999999,domain
157,10x Visium,DLPFC,151676,CCST,0.446864584542234,0.6108308709563365,0.5579851779019126,0.6599825123870591,0.5853495910499904,0.6394195922771961,0.6108308709563366,248.56510939598084,1134.445668411255,domain
158,10x Visium,DLPFC,151676,CellCharter,0.4248396359491918,0.5928395049353163,0.5175495195803756,0.6616729816380064,0.6038254108291572,0.5822815780589805,0.5928395049353163,209.3169039726257,397.4658639907837,domain
159,10x Visium,DLPFC,151676,DeepST,0.5518126792160027,0.6859341469468219,0.6260004297119773,0.742698921597202,0.6903232471075199,0.6816802048065609,0.6859341469468219,253.2853920936585,4780.932581520081,domain
160,10x Visium,DLPFC,151676,GraphST,0.5798657657359689,0.6651949282749554,0.6488876997547753,0.7545904983969688,0.6715030665422844,0.6590042050285567,0.6651949282749554,22.709986686706543,835.5823932647705,domain
161,10x Visium,DLPFC,151676,PRECAST,0.369855712452683,0.5043303969649598,0.4754461557444989,0.5785485281259108,0.5056178212143821,0.5030495122462005,0.5043303969649597,33.36105804443359,1132.58,domain
162,10x Visium,DLPFC,151676,SEDR,0.5256014367425038,0.6704558304207174,0.6071968219776706,0.7338968230836491,0.6638226652383905,0.6773261934091972,0.6704558304207174,21.105027389526366,1956.0757177352905,domain
163,10x Visium,DLPFC,151676,STAGATE,0.4739922152412311,0.6139806569945745,0.5610604231502554,0.6761877003788983,0.617580877362648,0.6104222972725017,0.6139806569945745,49.29168548583984,405.8947357177734,domain
164,10x Visium,DLPFC,151676,SpaGCN,0.3113383911365154,0.4880213565416203,0.4227370024539277,0.5587292334596328,0.4956060684488211,0.4806652968949976,0.4880213565416203,43.07679009437561,1011.5484909057616,domain
165,10x Visium,DLPFC,151676,SpaceFlow,0.4084709156927765,0.5687880316519426,0.5043842624273436,0.6825998251238705,0.5776653749916275,0.5602001794741241,0.5687880316519426,31.851233673095702,462.2869472503662,domain
166,10x Visium,DLPFC,151676,SpatialMGCN,0.3833655922731997,0.5358186688258244,0.4838509003785263,0.6613232293791897,0.5423643262928757,0.5294291230453652,0.5358186688258244,58.67850561141968,459.1312759399414,domain
167,10x Visium,DLPFC,151676,stLearn,0.2983903393048402,0.4863458087046207,0.4262518015515452,0.6251821626348003,0.4769113551663836,0.4961610678538094,0.4863458087046207,319.5095446586609,5747.151180839539,domain
168,10x Visium,Mouse Brain,S1_Sagittal_Anterior_Level1,BASS,0.3176183411161347,0.5490510334953167,0.4908564114335195,0.8559227627181581,0.7030196101305317,0.4504071928533507,0.5490510334953167,4726.031156110764,1809.24,domain
169,10x Visium,Mouse Brain,S1_Sagittal_Anterior_Level1,Banksy,0.216192755693359,0.4363606504990688,0.400905043763456,0.7901968065354623,0.5527689049977669,0.3604723816801881,0.4363606504990688,14.088629627227784,848.9665470123291,domain
170,10x Visium,Mouse Brain,S1_Sagittal_Anterior_Level1,BayesSpace,0.2769424966875476,0.4985423012479024,0.4541286556940763,0.8095061269959153,0.6310634058775324,0.4120196235915829,0.4985423012479025,1410.4828179836272,5413.3,domain
171,10x Visium,Mouse Brain,S1_Sagittal_Anterior_Level1,CCST,0.471043236596908,0.594682050363456,0.6187966170260747,0.8864463423691051,0.714233459481581,0.5096174756266123,0.594682050363456,232.9229336261749,901.6379787445068,domain
172,10x Visium,Mouse Brain,S1_Sagittal_Anterior_Level1,CellCharter,0.3320609195052319,0.542165118988396,0.5038003211982284,0.8451541032305979,0.6935401259801758,0.4450399780172462,0.542165118988396,245.9832847595215,588.1153394699097,domain
173,10x Visium,Mouse Brain,S1_Sagittal_Anterior_Level1,DeepST,0.3671151692622548,0.5708221028671392,0.5338418621979997,0.8759747493501671,0.7122522692509653,0.476285566828189,0.5708221028671392,221.88325691223145,3724.215760231018,domain
174,10x Visium,Mouse Brain,S1_Sagittal_Anterior_Level1,GraphST,0.2827455532015164,0.4642672861579963,0.4603105636532641,0.7950241366505756,0.5816205476476974,0.3863197586235228,0.4642672861579964,18.02900214195252,848.8941738128663,domain
175,10x Visium,Mouse Brain,S1_Sagittal_Anterior_Level1,PRECAST,0.3082566870365015,0.4822928398871724,0.4820862107545661,0.8295581136279242,0.6068102422873507,0.400176633758229,0.4822928398871723,122.76958394050598,1659.2,domain
176,10x Visium,Mouse Brain,S1_Sagittal_Anterior_Level1,SEDR,0.214955434967391,0.4474263038907285,0.401389426693265,0.7912365391756405,0.561318081272723,0.3719710897717272,0.4474263038907285,19.85930542945862,1610.7815994262696,domain
177,10x Visium,Mouse Brain,S1_Sagittal_Anterior_Level1,STAGATE,0.2129376701897111,0.44399455875292,0.3979479518162235,0.7761604158930561,0.5623136815042797,0.3668265188050882,0.44399455875292,43.18572063446045,676.716944694519,domain
178,10x Visium,Mouse Brain,S1_Sagittal_Anterior_Level1,SpaGCN,0.3772262520504245,0.546183588264364,0.5425791787156131,0.8592647604901597,0.68343929681819,0.4548380641451882,0.546183588264364,20.34314694404602,744.2032360076904,domain
179,10x Visium,Mouse Brain,S1_Sagittal_Anterior_Level1,SpaceFlow,0.3609816940199725,0.5773408249168483,0.5298202860098329,0.8751578165614557,0.7343843068653055,0.4757212529261039,0.5773408249168483,72.06693649291992,676.7142797470093,domain
180,10x Visium,Mouse Brain,S1_Sagittal_Anterior_Level1,SpatialMGCN,0.2238111689986342,0.4647790808895989,0.4094937489717568,0.7968808020794653,0.5813792642823716,0.3871359264251505,0.4647790808895989,59.03598146438598,892.2642736434937,domain
181,10x Visium,Mouse Brain,S1_Sagittal_Anterior_Level1,stLearn,0.5705932610388296,0.5843289934240543,0.6954618091754557,0.8830300779799479,0.6862320329800096,0.5087773492890122,0.5843289934240544,280.7964527130127,4508.961820602417,domain
182,10x Visium,Mouse Brain,S1_Sagittal_Anterior_Level2,BASS,0.3845676837756289,0.6314387272915396,0.4494501665804408,0.6476049015967322,0.6649217931558715,0.6011661651492121,0.6314387272915396,5903.315711975098,1824.8,domain
183,10x Visium,Mouse Brain,S1_Sagittal_Anterior_Level2,Banksy,0.2887639688448153,0.5508501808977065,0.363184278825447,0.6005198663200891,0.6057063903701202,0.5051079188450178,0.5508501808977064,17.476850986480713,848.9499881744384,domain
184,10x Visium,Mouse Brain,S1_Sagittal_Anterior_Level2,BayesSpace,0.297827290594665,0.5680130564756241,0.3704648521436529,0.623096917935388,0.6183537661228432,0.5252518532834783,0.568013056475624,1724.7599560260774,5688.1,domain
185,10x Visium,Mouse Brain,S1_Sagittal_Anterior_Level2,CCST,0.312127242571878,0.5896997671485875,0.3822502337677175,0.6232454511696992,0.6280576641345825,0.5557736170099646,0.5896997671485875,232.6458443164825,891.5443370819091,domain
186,10x Visium,Mouse Brain,S1_Sagittal_Anterior_Level2,CellCharter,0.3127604815001366,0.603641811215843,0.3873345312461027,0.6595618269587821,0.6646501490024208,0.552946947135705,0.6036418112158431,245.3769992828369,579.3979154586792,domain
187,10x Visium,Mouse Brain,S1_Sagittal_Anterior_Level2,DeepST,0.369946681933042,0.6289660048034202,0.4415047563650002,0.6878574080950612,0.687673186951002,0.579512762717512,0.6289660048034202,239.55908360481263,3726.0211168289184,domain
188,10x Visium,Mouse Brain,S1_Sagittal_Anterior_Level2,GraphST,0.3434244556677791,0.5926154889554692,0.411987478236904,0.6204975863349425,0.6389554115674225,0.5525426115737399,0.5926154889554691,22.36448993682861,848.8887786865234,domain
189,10x Visium,Mouse Brain,S1_Sagittal_Anterior_Level2,PRECAST,0.2634074359489134,0.5281449588915419,0.3393462207541786,0.5922762718158188,0.583518823364614,0.4823697795343061,0.5281449588915418,241.1698519229889,1669.16,domain
190,10x Visium,Mouse Brain,S1_Sagittal_Anterior_Level2,SEDR,0.3053155374557714,0.5647341529772222,0.3788583537551112,0.623988117341255,0.6200421881842464,0.5184974227715184,0.5647341529772222,22.657929039001463,1711.4015899658202,domain
191,10x Visium,Mouse Brain,S1_Sagittal_Anterior_Level2,STAGATE,0.2610660543806619,0.5535943745825989,0.336386040582147,0.623988117341255,0.6091609738906648,0.5073255223335241,0.5535943745825989,48.2682852268219,676.7186594009399,domain
192,10x Visium,Mouse Brain,S1_Sagittal_Anterior_Level2,SpaGCN,0.2624126556732243,0.5501144300838804,0.3396953222798465,0.6115855922762718,0.610356238509822,0.5006960217528559,0.5501144300838804,64.49785947799683,744.3473508834838,domain
193,10x Visium,Mouse Brain,S1_Sagittal_Anterior_Level2,SpaceFlow,0.3097818348699337,0.6216733532216997,0.3880604368165508,0.6665428889714073,0.6918298130440739,0.5644358332637831,0.6216733532216998,44.40390315055847,676.711217880249,domain
194,10x Visium,Mouse Brain,S1_Sagittal_Anterior_Level2,SpatialMGCN,0.3571580673816559,0.5617713088102403,0.4291853613832808,0.6331229112513925,0.6172106648154615,0.5154705006356539,0.5617713088102404,66.77399554252625,752.2378667831421,domain
195,10x Visium,Mouse Brain,S1_Sagittal_Anterior_Level2,stLearn,0.2765898832546344,0.5067812747256465,0.349204697057958,0.5692536204975863,0.5446731892247093,0.4738185850470429,0.5067812747256465,280.5274131298065,4506.751564979553,domain
196,10x Visium,Mouse Brain,S1_Sagittal_Anterior_Level3,BASS,0.4089636122638141,0.6924331223450183,0.4465536573860189,0.5707389528406981,0.6840174457547896,0.7010584597612063,0.6924331223450182,7391.543401956558,1740.7,domain
197,10x Visium,Mouse Brain,S1_Sagittal_Anterior_Level3,Banksy,0.333727849935182,0.654790284666919,0.3840094462967321,0.5915336056442629,0.6906061606354966,0.6225234479309567,0.654790284666919,22.10443449020386,848.9505588531495,domain
198,10x Visium,Mouse Brain,S1_Sagittal_Anterior_Level3,BayesSpace,0.3261107504516348,0.6709478559258811,0.3783781017088307,0.6078722614184924,0.7094145431759499,0.6364381767348373,0.6709478559258811,1553.0820058822633,6014.3,domain
199,10x Visium,Mouse Brain,S1_Sagittal_Anterior_Level3,CCST,0.3365266122442475,0.6669522593546491,0.3787559862700488,0.5835128109914594,0.6788318817397306,0.6555567945487647,0.6669522593546491,235.6664187908173,901.6357484817504,domain
200,10x Visium,Mouse Brain,S1_Sagittal_Anterior_Level3,CellCharter,0.3017387414462465,0.6729610955210097,0.3566010480666162,0.6063869290753806,0.7153719026321956,0.6353049469140467,0.6729610955210098,246.0721384525299,588.1173551559448,domain
201,10x Visium,Mouse Brain,S1_Sagittal_Anterior_Level3,DeepST,0.2888492578660787,0.675755396244571,0.346766772224489,0.6320831786112142,0.7220345441683435,0.6350545785666822,0.675755396244571,304.3300126075745,3724.022515106202,domain
202,10x Visium,Mouse Brain,S1_Sagittal_Anterior_Level3,GraphST,0.3369201813048471,0.6606629940315373,0.3802344044479902,0.5889342740438173,0.6780378025901396,0.6441564008823432,0.6606629940315372,24.98928132057189,848.8903606414794,domain
203,10x Visium,Mouse Brain,S1_Sagittal_Anterior_Level3,PRECAST,0.2836402822012702,0.6417907252174566,0.3398620223452032,0.5852209431860379,0.6847221353004561,0.6039252039311465,0.6417907252174567,432.1980999469757,1688.98,domain
204,10x Visium,Mouse Brain,S1_Sagittal_Anterior_Level3,SEDR,0.3663944196283434,0.67895570230421,0.4190579033381548,0.6236167842554772,0.7195366660535656,0.6427089017372911,0.67895570230421,31.24827914237976,1711.402188491821,domain
205,10x Visium,Mouse Brain,S1_Sagittal_Anterior_Level3,STAGATE,0.3034344255969785,0.674984479771435,0.3595473127744578,0.6352766431489046,0.7189444938031653,0.6360911267088821,0.674984479771435,51.6612961769104,676.7172775268555,domain
206,10x Visium,Mouse Brain,S1_Sagittal_Anterior_Level3,SpaGCN,0.2372804458661692,0.6134584049435652,0.2912766486665598,0.5677682881544746,0.6512856082556832,0.5797840697435954,0.6134584049435652,36.83441996574402,778.2517141342163,domain
207,10x Visium,Mouse Brain,S1_Sagittal_Anterior_Level3,SpaceFlow,0.2618529039556395,0.6626386620339417,0.3217874507816963,0.6253249164500557,0.7117838911961687,0.6198427658592497,0.6626386620339417,75.54691133499145,676.7123668670654,domain
208,10x Visium,Mouse Brain,S1_Sagittal_Anterior_Level3,SpatialMGCN,0.2890638716901537,0.6442288321486723,0.3452222277739375,0.5982176011882658,0.6864330289607569,0.6069137465857801,0.6442288321486724,78.96381130218506,787.2409887313843,domain
209,10x Visium,Mouse Brain,S1_Sagittal_Anterior_Level3,stLearn,0.2960526500680424,0.5949326530406802,0.3412538285326314,0.5469736353509098,0.6137026264539697,0.5772767576191,0.5949326530406802,279.7348798751831,4509.341649055481,domain
210,10x Visium,Mouse Brain,S1_Sagittal_Anterior_Level4,BASS,0.4735980757725012,0.7324980593790581,0.4971262961869007,0.5629409580393613,0.6998982766247173,0.7682830608785102,0.732498059379058,6666.975065994263,1800.62,domain
211,10x Visium,Mouse Brain,S1_Sagittal_Anterior_Level4,Banksy,0.3544005493767738,0.6918034418811903,0.3819695727792994,0.5654660230226514,0.7106760690803527,0.6739308006268682,0.6918034418811903,27.86537528038025,848.9510488510132,domain
212,10x Visium,Mouse Brain,S1_Sagittal_Anterior_Level4,BayesSpace,0.3444204563580554,0.7016255948972849,0.3756826552640255,0.5952469365020423,0.7262363173411734,0.6786282174547524,0.7016255948972848,1847.448932027817,6186.0,domain
213,10x Visium,Mouse Brain,S1_Sagittal_Anterior_Level4,CCST,0.4117574577208137,0.7110666485725188,0.4345080083387977,0.5857408095061271,0.7092980430722451,0.7128685883615369,0.7110666485725188,236.2882583141327,901.6385065078736,domain
214,10x Visium,Mouse Brain,S1_Sagittal_Anterior_Level4,CellCharter,0.3922186881805124,0.7120888299173747,0.422204192582676,0.6085406609728927,0.7360523314490012,0.6896433707853371,0.7120888299173747,247.61183676719665,588.0480873107911,domain
215,10x Visium,Mouse Brain,S1_Sagittal_Anterior_Level4,DeepST,0.3517064458703567,0.715224802875752,0.386747551064215,0.6261418492387671,0.7459215577230338,0.6869958227449271,0.715224802875752,349.21617679595954,3724.0269159317018,domain
216,10x Visium,Mouse Brain,S1_Sagittal_Anterior_Level4,GraphST,0.4543551016811396,0.7119877738620052,0.47540486639035,0.5677682881544746,0.706866366825675,0.7171839340110322,0.7119877738620052,27.0016459941864,848.8917072296142,domain
217,10x Visium,Mouse Brain,S1_Sagittal_Anterior_Level4,PRECAST,0.3060178348650063,0.6676920767013782,0.3373632239638811,0.5414036390642406,0.6916059748075013,0.6453766653578975,0.6676920767013781,525.9755839824677,1700.0400000000002,domain
218,10x Visium,Mouse Brain,S1_Sagittal_Anterior_Level4,SEDR,0.4163791840167957,0.7156816347084868,0.4443395671038351,0.6052729298180468,0.7383484788717556,0.6943668429653502,0.7156816347084869,30.0042995929718,1711.4039930343629,domain
219,10x Visium,Mouse Brain,S1_Sagittal_Anterior_Level4,STAGATE,0.3808689903525543,0.7199218464876875,0.4108214714106998,0.6253249164500557,0.7445904376731778,0.6968363281433458,0.7199218464876875,57.092117595672605,676.7184396743775,domain
220,10x Visium,Mouse Brain,S1_Sagittal_Anterior_Level4,SpaGCN,0.2986635671731092,0.6578220326504127,0.3305442864958274,0.5763089491273673,0.6816252742667347,0.6356251743846014,0.6578220326504127,40.56982102394104,778.4188259124755,domain
221,10x Visium,Mouse Brain,S1_Sagittal_Anterior_Level4,SpaceFlow,0.3122511994039308,0.6959351321185923,0.3479035936107088,0.5929446713702191,0.7268062220987617,0.6675799419418513,0.6959351321185923,100.15222873687745,676.7132915496826,domain
222,10x Visium,Mouse Brain,S1_Sagittal_Anterior_Level4,SpatialMGCN,0.3584790044674307,0.6845390546078903,0.389206877813337,0.5770516152989231,0.7088230391929953,0.6618638717071303,0.6845390546078904,81.65251326560974,752.239151763916,domain
223,10x Visium,Mouse Brain,S1_Sagittal_Anterior_Level4,stLearn,0.3058557879487696,0.6179180767349957,0.3322589913587951,0.5176383215744523,0.6234516976652082,0.6124818220220668,0.6179180767349957,281.37191982269286,4511.426413345337,domain
224,10x Visium,Mouse Brain,Section_Coronal,BASS,0.5763457464118461,0.7321701883407565,0.6084131984508839,0.7297096053611318,0.7363024773158228,0.7280840231106865,0.7321701883407564,5509.884519958496,1874.06,domain
225,10x Visium,Mouse Brain,Section_Coronal,Banksy,0.5581611247874829,0.7226830975487105,0.5941767943818934,0.7154132539091587,0.7160876317724376,0.7294090054070537,0.7226830975487105,14.266705417633055,851.9993421554566,domain
226,10x Visium,Mouse Brain,Section_Coronal,BayesSpace,0.6211451163533552,0.7577374485042125,0.6508843201985219,0.77066269545793,0.7535175292035002,0.7620048995697916,0.7577374485042127,1628.5241440296172,5468.7,domain
227,10x Visium,Mouse Brain,Section_Coronal,CCST,0.4601216185774728,0.6454768040376413,0.5037068874025076,0.6107222635889799,0.6387644880688781,0.6523490210326062,0.6454768040376413,238.0411351680756,891.5886987686157,domain
228,10x Visium,Mouse Brain,Section_Coronal,CellCharter,0.5092093492577847,0.6829912278235648,0.5462835154027361,0.6763961280714818,0.6867997431821858,0.6792258847412118,0.6829912278235648,245.0974868774414,559.4950212478637,domain
229,10x Visium,Mouse Brain,Section_Coronal,DeepST,0.645294589203167,0.7652499054742816,0.6749089348400085,0.7629932985852569,0.7549055450140454,0.7759139579082565,0.7652499054742816,243.28274402618408,3714.39020614624,domain
230,10x Visium,Mouse Brain,Section_Coronal,GraphST,0.4829396038892721,0.6381051756093793,0.5234933213363425,0.6660461653015637,0.6344122552818207,0.6418413407204413,0.6381051756093794,18.78982400894165,854.1464082717896,domain
231,10x Visium,Mouse Brain,Section_Coronal,PRECAST,0.636888247055464,0.7521759662651014,0.6653331833843651,0.763216679076694,0.7496196080236187,0.7547498195913999,0.7521759662651015,178.59780406951904,1620.2,domain
232,10x Visium,Mouse Brain,Section_Coronal,SEDR,0.4793396511083316,0.6787020267207838,0.5191571700610053,0.669620253164557,0.6806505784101708,0.6767766513483687,0.6787020267207838,23.017913913726808,1759.347724533081,domain
233,10x Visium,Mouse Brain,Section_Coronal,STAGATE,0.612567482242885,0.7413923719617193,0.6432413568225879,0.7572598659717051,0.7377577664585365,0.7450629676039654,0.7413923719617193,49.11984992027283,682.5018432617187,domain
234,10x Visium,Mouse Brain,Section_Coronal,SpaGCN,0.6073380974089895,0.7400532386682349,0.6398362547309163,0.7464631422189129,0.7319479751202793,0.7483400203723632,0.7400532386682349,27.617730712890623,807.5308752059937,domain
235,10x Visium,Mouse Brain,Section_Coronal,SpaceFlow,0.4498653580728077,0.645439207213639,0.4913931065488134,0.6454206999255399,0.6496484224034447,0.6413033051582847,0.645439207213639,39.04203338623047,682.9174434661866,domain
236,10x Visium,Mouse Brain,Section_Coronal,SpatialMGCN,0.6327012315349141,0.7610138070853322,0.6619358929905667,0.7572598659717051,0.7557260084337584,0.7663761243693932,0.7610138070853322,66.05929999351501,815.9681035995484,domain
237,10x Visium,Mouse Brain,Section_Coronal,stLearn,0.4996804154795259,0.6719482627325614,0.5429304779938581,0.6180193596425912,0.6532690374115427,0.6917271384165256,0.6719482627325615,282.75803246498106,4646.562249565124,domain
238,ST,Mouse Brain,02A,BASS,0.8052990468176914,0.7405950612814577,0.9063084692748612,0.9541666666666668,0.7685565354266193,0.714596741834558,0.7405950612814576,126.24016795158386,520.1600000000001,domain
239,ST,Mouse Brain,02A,Banksy,0.0260228909620979,0.1747637475614787,0.5278473340096619,0.6625,0.191033279974213,0.1613381523588629,0.1747637475614787,9.617151165008544,765.0474033355713,domain
240,ST,Mouse Brain,02A,BayesSpace,0.5059690821993016,0.6037625196910669,0.7302592837118542,0.9541666666666668,0.7491118187659961,0.5056515372297625,0.6037625196910668,126.66970195770264,773.46,domain
241,ST,Mouse Brain,02A,CCST,0.5255599455386678,0.5580649808775625,0.7443842990612445,0.9225,0.671517281997693,0.4786568081575718,0.5580649808775625,72.69884963035584,643.0426044464111,domain
242,ST,Mouse Brain,02A,CellCharter,0.3111609906252062,0.3782210660074185,0.6152312227699618,0.8291666666666666,0.4666507231540661,0.3180316008047167,0.3782210660074185,29.87712354660034,1150.6324579238892,domain
243,ST,Mouse Brain,02A,DeepST,0.3640195317871674,0.4487044669891098,0.6531808524874516,0.8858333333333335,0.5502681177510576,0.3792485481408077,0.4487044669891098,54.75679354667663,657.5514711380005,domain
244,ST,Mouse Brain,02A,GraphST,0.2402272447598342,0.3538784931418321,0.6369532158928006,0.7375,0.3425535353991568,0.3659778687730893,0.3538784931418321,16.54355082511902,749.5757604598999,domain
245,ST,Mouse Brain,02A,PRECAST,0.443274434135556,0.4023154870588426,0.6997619178708963,0.8083333333333333,0.4860857841953442,0.3431740845230157,0.4023154870588426,6.7693099021911625,296.14,domain
246,ST,Mouse Brain,02A,SEDR,-0.0924392318823875,0.1186725867210814,0.5798830273243073,0.6625,0.105207321017729,0.1365482294258549,0.1186725867210814,16.366377353668213,986.6411073684692,domain
247,ST,Mouse Brain,02A,STAGATE,0.3374427582054492,0.3334054546080321,0.634054675100632,0.7633333333333334,0.4088448391107439,0.2814706805361669,0.3334054546080321,23.1186704158783,571.2793558120727,domain
248,ST,Mouse Brain,02A,SpaGCN,0.3228097304549689,0.4230430041247361,0.6202718350376538,0.8791666666666667,0.5261198764016131,0.35373884799968,0.4230430041247361,23.322753381729125,1692.213105583191,domain
249,ST,Mouse Brain,02A,SpaceFlow,0.4840832671300039,0.5967852024303342,0.7158367502925886,0.9491666666666668,0.7457154117693733,0.4974456783855232,0.5967852024303342,20.684442472457885,675.0001096725464,domain
250,ST,Mouse Brain,02A,SpatialMGCN,0.4290370667238935,0.5054373606816311,0.6997748586714031,0.9041666666666668,0.595347351514639,0.4391208607958255,0.5054373606816311,11.705913257598876,819.186220741272,domain
251,ST,Mouse Brain,02A,stLearn,0.2624761893095597,0.1940057458775931,0.670142175452754,0.7291666666666667,0.2079987875950451,0.1850755861428313,0.194005745877593,34.250695371627806,1021.2498481750488,domain
252,ST,Mouse Brain,02B,BASS,0.6079407610889918,0.6415184337986599,0.8045823623143236,0.9541284403669724,0.748471129549961,0.5613100928107813,0.6415184337986599,125.61033401489256,424.48,domain
253,ST,Mouse Brain,02B,Banksy,-0.0205808974116575,0.2181104998176146,0.5038975191600207,0.7110091743119266,0.2583530013418721,0.1887151739097691,0.2181104998176146,8.962079954147338,742.9331848144532,domain
254,ST,Mouse Brain,02B,BayesSpace,0.4320280902366294,0.542398465702996,0.6859002257134135,0.9495412844036696,0.7537982944037711,0.4236011535321383,0.5423984657029959,116.50472402572632,739.42,domain
255,ST,Mouse Brain,02B,CCST,0.3145211592334807,0.4301873341476677,0.6134188048405079,0.9,0.5888474510548678,0.3390635128064197,0.4301873341476677,69.6813576221466,630.7715705871582,domain
256,ST,Mouse Brain,02B,CellCharter,0.07131168489502,0.14232384668665,0.4433808212343349,0.7522935779816514,0.2021142081804795,0.1098520191933188,0.14232384668665,14.415443658828735,1135.8245315551758,domain
257,ST,Mouse Brain,02B,DeepST,0.3213697211136668,0.4477508688321427,0.607847885529613,0.9229357798165138,0.633120416621263,0.3464857593814175,0.4477508688321427,49.70576705932617,631.2005947113037,domain
258,ST,Mouse Brain,02B,GraphST,0.4301237867458242,0.4920333832757774,0.6884645259778339,0.9357798165137616,0.6658009192871421,0.3901960308745749,0.4920333832757774,15.980125522613523,716.709062385559,domain
259,ST,Mouse Brain,02B,PRECAST,0.3872555127887645,0.5330800183095792,0.6516154898088051,0.9357798165137616,0.7612519020260211,0.41014596952075,0.5330800183095792,6.3885640621185305,240.12,domain
260,ST,Mouse Brain,02B,SEDR,-0.0868563211605806,0.1263640729172377,0.563224710679572,0.7220183486238533,0.1305710388063803,0.1241918580400439,0.1263640729172377,10.462404918670654,968.0694364547728,domain
261,ST,Mouse Brain,02B,STAGATE,0.3978599966319529,0.481526924423178,0.6687445270638903,0.9073394495412844,0.6323923317833946,0.3893877307340944,0.4815269244231781,18.81969089508057,566.5631818771362,domain
262,ST,Mouse Brain,02B,SpaGCN,0.2958551497347629,0.4139669065266612,0.5864991108641331,0.8761467889908257,0.5973305856297314,0.3167374295897134,0.4139669065266612,23.407949495315552,1648.7974040985107,domain
263,ST,Mouse Brain,02B,SpaceFlow,0.3064433653512525,0.4816964679276347,0.5927830560756407,0.9220183486238532,0.6974989376624269,0.3678775727109388,0.4816964679276347,15.702762174606324,651.072925567627,domain
264,ST,Mouse Brain,02B,SpatialMGCN,0.0500291194768697,0.2366339072598518,0.569805063296263,0.7935779816513762,0.2672936375050717,0.212284017147048,0.2366339072598518,7.759532833099366,810.3130443572998,domain
265,ST,Mouse Brain,02B,stLearn,0.2654318152619319,0.2376816172892034,0.6233359661064692,0.7623853211009174,0.3013550928707736,0.1977509719548737,0.2376816172892034,27.000653553009037,995.914359664917,domain
266,ST,Mouse Brain,03A,BASS,0.3272120966094413,0.4240061867510402,0.5836455073907947,0.8587360594795539,0.5469425090548466,0.3461924706085074,0.4240061867510401,173.79383997917176,380.96,domain
267,ST,Mouse Brain,03A,Banksy,0.0152282321086785,0.2782918238820863,0.3759669184211099,0.724907063197026,0.3637154834534756,0.2253623333355715,0.2782918238820863,10.5299391746521,803.8194059371948,domain
268,ST,Mouse Brain,03A,BayesSpace,0.246983832124442,0.4547673979421539,0.5251223055399808,0.8847583643122675,0.5881999202810022,0.370679214815855,0.4547673979421539,143.78936400413514,841.3,domain
269,ST,Mouse Brain,03A,CCST,0.2699777508147075,0.3804302300504399,0.5348241965928989,0.7962825278810409,0.5194086102735825,0.3002231453596218,0.3804302300504399,80.02878909111023,650.1469711303711,domain
270,ST,Mouse Brain,03A,CellCharter,0.1334496389227482,0.2418106012810186,0.4080748483283992,0.7442379182156134,0.3449842939492886,0.1861581838030928,0.2418106012810186,30.043720245361328,1221.4290952682495,domain
271,ST,Mouse Brain,03A,DeepST,0.1841159011423532,0.3780013690175068,0.4539791249004266,0.8438661710037175,0.5364216957556455,0.2918928317517552,0.3780013690175068,54.18520922660828,691.8961368560791,domain
272,ST,Mouse Brain,03A,GraphST,0.1907213028869853,0.4107080943595346,0.4978081939991455,0.8475836431226765,0.5113132274006758,0.3431838212779405,0.4107080943595345,16.655608797073363,776.9518754959106,domain
273,ST,Mouse Brain,03A,PRECAST,0.226238810868447,0.3987523125595337,0.4871862261235506,0.8289962825278809,0.5692597912773498,0.3068446894392665,0.3987523125595337,7.454621934890747,251.76,domain
274,ST,Mouse Brain,03A,SEDR,-0.0850000606132772,0.2064969217840442,0.3909280107276796,0.6988847583643123,0.2490395739861528,0.17705669609444,0.2064969217840442,17.645314741134644,1127.9833696365356,domain
275,ST,Mouse Brain,03A,STAGATE,0.1244487679311899,0.3164983245269506,0.410477450957996,0.812639405204461,0.4436122540140032,0.2460365478966503,0.3164983245269507,20.490636587142944,577.6061527252198,domain
276,ST,Mouse Brain,03A,SpaGCN,0.1282005920876312,0.2932897242896706,0.4064369348472109,0.7843866171003717,0.4154528085945038,0.2266451592993848,0.2932897242896706,26.328511238098145,1677.0340923309327,domain
277,ST,Mouse Brain,03A,SpaceFlow,0.1917174133647653,0.377322864402438,0.458294274320056,0.8438661710037175,0.5374903981688121,0.2907158001907576,0.377322864402438,19.22046341896057,680.8861789703369,domain
278,ST,Mouse Brain,03A,SpatialMGCN,0.1220671892419219,0.3245880802053013,0.5567929040110514,0.7806691449814126,0.3504135748407884,0.302307970551209,0.3245880802053013,7.776114463806152,819.9876844406128,domain
279,ST,Mouse Brain,03A,stLearn,0.2569557651192208,0.2153768122483665,0.6009880697789286,0.7353159851301114,0.245773486529376,0.1930443370121051,0.2153768122483665,33.04977087974548,1046.217541694641,domain
280,ST,Mouse Brain,03B,BASS,0.370597295099179,0.5222477109916116,0.6269131554809777,0.8974358974358975,0.6360085157906102,0.4430082458983743,0.5222477109916116,161.13519792556764,382.58,domain
281,ST,Mouse Brain,03B,Banksy,0.0900162608258663,0.2554016675005136,0.4475333995406486,0.7252747252747253,0.3239296426630946,0.2108053637673262,0.2554016675005136,10.333739471435546,805.9879816055297,domain
282,ST,Mouse Brain,03B,BayesSpace,0.3226243019432463,0.458893858241289,0.5987755654046364,0.8571428571428571,0.553290292383201,0.3920128460272426,0.458893858241289,143.95410399436952,837.5,domain
283,ST,Mouse Brain,03B,CCST,0.2307996040761955,0.3860048973220064,0.521398655153642,0.8095238095238095,0.4983176427332736,0.3152997928359528,0.3860048973220064,76.15814399719238,659.1237997055053,domain
284,ST,Mouse Brain,03B,CellCharter,0.0210941046102987,0.0723772275481111,0.3479435518269836,0.673992673992674,0.0979523063283682,0.0574014608600188,0.0723772275481111,16.76071701049805,1219.3977941513062,domain
285,ST,Mouse Brain,03B,DeepST,0.1511459415248524,0.2892254135478252,0.4511195058869446,0.7391941391941392,0.3883675244884512,0.2304280023495191,0.2892254135478252,53.56052293777466,695.7057096481324,domain
286,ST,Mouse Brain,03B,GraphST,0.2856042488862554,0.4491198267379349,0.5889960416868163,0.8241758241758241,0.4909203547332465,0.4138791472386589,0.4491198267379349,17.305798292160034,778.8497945785523,domain
287,ST,Mouse Brain,03B,PRECAST,0.2306275829002771,0.330253529144106,0.5157615216906494,0.7985347985347986,0.4350001740227669,0.2661624628779057,0.3302535291441059,7.249070024490356,276.74,domain
288,ST,Mouse Brain,03B,SEDR,-0.0577421023300504,0.1751629163089647,0.4217372444626887,0.7047619047619047,0.2007958301133066,0.1561227180462806,0.1751629163089647,16.887407779693607,1124.9666900634766,domain
289,ST,Mouse Brain,03B,STAGATE,0.1718420080357929,0.3353682191757761,0.4561395360681269,0.8117216117216117,0.4610144678221861,0.2635447259837418,0.3353682191757761,25.32972640991211,576.585598564148,domain
290,ST,Mouse Brain,03B,SpaGCN,0.1396438475471617,0.3003250737419412,0.4326518750681495,0.7582417582417582,0.4114723201491143,0.2364539385806578,0.3003250737419413,23.60449743270874,1685.4622783660889,domain
291,ST,Mouse Brain,03B,SpaceFlow,0.169735240574043,0.3554179400836902,0.4610636793445832,0.7816849816849817,0.4800106251732877,0.2822030888808898,0.3554179400836902,18.221291303634644,681.2261367797852,domain
292,ST,Mouse Brain,03B,SpatialMGCN,0.3420371512814069,0.3567050382372364,0.6994036187722665,0.7912087912087912,0.354369469265197,0.3590715978747693,0.3567050382372365,7.973816823959351,816.4458488464355,domain
293,ST,Mouse Brain,03B,stLearn,0.1028469013161703,0.1458397824316006,0.5659495145421027,0.7135531135531135,0.1484594221181809,0.1433816165712771,0.1458397824316006,33.64546971321106,1045.5392852783202,domain
294,ST,Mouse Brain,04A,BASS,0.289474400840308,0.4557956787667729,0.512407343121702,0.8251748251748252,0.5613350930038009,0.3836615539404331,0.4557956787667729,312.42124996185305,377.98,domain
295,ST,Mouse Brain,04A,Banksy,0.1381253226698801,0.3675487252097995,0.37512612545543,0.7587412587412588,0.4800082725405542,0.2977822976119793,0.3675487252097994,10.395390129089355,822.5371173858642,domain
296,ST,Mouse Brain,04A,BayesSpace,0.2377306319014943,0.4654143012979007,0.4616141361847306,0.8251748251748252,0.6064893153326427,0.3775846303140895,0.4654143012979007,152.75240197181702,909.14,domain
297,ST,Mouse Brain,04A,CCST,0.3058326906195691,0.4270338196136368,0.5274738419423938,0.8006993006993006,0.534074775875178,0.3557625031883504,0.4270338196136368,78.46032195091247,656.1801019668579,domain
298,ST,Mouse Brain,04A,CellCharter,0.2059717902196206,0.3794617229637871,0.4346492147578294,0.7524475524475525,0.4929432509392314,0.3084824850332177,0.3794617229637871,43.59338507652283,1233.170358467102,domain
299,ST,Mouse Brain,04A,DeepST,0.1909874686499112,0.4070850754219933,0.4198301318183454,0.7839160839160839,0.5333617576205084,0.3291657482227204,0.4070850754219934,52.59950094223022,712.7186849594116,domain
300,ST,Mouse Brain,04A,GraphST,0.3163870134540794,0.4862077236480623,0.5368460642268913,0.8251748251748252,0.5870498041449531,0.4149316997539064,0.4862077236480623,16.888750267028808,794.2352966308594,domain
301,ST,Mouse Brain,04A,PRECAST,0.2248219653658728,0.4183879606385466,0.4572484723932152,0.8006993006993006,0.5328126155510667,0.3444214259528528,0.4183879606385467,8.11003999710083,307.78,domain
302,ST,Mouse Brain,04A,SEDR,-0.0388001567972702,0.304833840969602,0.3195940264278382,0.7195804195804196,0.3587343795683197,0.2650201710736798,0.304833840969602,16.379119873046875,1175.3211339950562,domain
303,ST,Mouse Brain,04A,STAGATE,0.3242372842301264,0.4235564071464785,0.5431094001511532,0.772027972027972,0.519226180626476,0.3578402756002666,0.4235564071464785,21.225353193283084,582.2981662750244,domain
304,ST,Mouse Brain,04A,SpaGCN,0.1587196955008729,0.3703238910007512,0.3910232313620306,0.7902097902097902,0.4864555948118598,0.2989544072393867,0.3703238910007513,25.51050786972046,1671.262560081482,domain
305,ST,Mouse Brain,04A,SpaceFlow,0.2162277921426839,0.4027743893286729,0.4450720599474768,0.7678321678321678,0.5211947028280863,0.3282177637475065,0.4027743893286729,19.39582939147949,691.8306123733521,domain
306,ST,Mouse Brain,04A,SpatialMGCN,0.0786769569519865,0.3498779261943247,0.3963649055866622,0.7482517482517482,0.4118795727934147,0.304100616090049,0.3498779261943248,7.956423664093018,777.8799287796021,domain
307,ST,Mouse Brain,04A,stLearn,0.4030992747470844,0.3994032413082601,0.6282892986538291,0.7664335664335664,0.4260071194104308,0.3803014585494445,0.3994032413082601,34.82091727256775,1061.196861076355,domain
308,ST,Mouse Brain,04B,BASS,0.3217703975246955,0.466201359216612,0.5768994036990988,0.845679012345679,0.5784886735166407,0.3904191961525573,0.466201359216612,152.80383801460266,369.54,domain
309,ST,Mouse Brain,04B,Banksy,0.0573710434057011,0.2181795315326515,0.4267716975815922,0.7222222222222222,0.2674126770313493,0.1842562524097587,0.2181795315326515,11.778049755096436,860.1505910873414,domain
310,ST,Mouse Brain,04B,BayesSpace,0.2317312040908331,0.4451989913814403,0.5024769314492912,0.8549382716049383,0.5713992331735533,0.3646596240593707,0.4451989913814402,171.24070205688477,977.76,domain
311,ST,Mouse Brain,04B,CCST,0.1708893004876828,0.3598499855882863,0.4533421095647,0.7913580246913581,0.4738287218835598,0.2902558135515903,0.3598499855882863,80.47588152885437,670.6862749099731,domain
312,ST,Mouse Brain,04B,CellCharter,0.1511484289803706,0.3408866562584239,0.4234414326479143,0.8111111111111111,0.4660910389836392,0.268771416769933,0.3408866562584239,58.46583204269409,1257.949758720398,domain
313,ST,Mouse Brain,04B,DeepST,0.168241920708622,0.3673870624056984,0.4366940137883075,0.7969135802469136,0.5024810834781743,0.2895657289036358,0.3673870624056984,57.3513925075531,757.1103067398071,domain
314,ST,Mouse Brain,04B,GraphST,0.1702670293449312,0.3571756419013113,0.4424975254300011,0.7870370370370371,0.482298146466915,0.2836010757278495,0.3571756419013113,18.854717350006105,828.5321699142456,domain
315,ST,Mouse Brain,04B,PRECAST,0.3146442603259861,0.4940545896997436,0.5634242140811393,0.8950617283950617,0.6551668166291401,0.396541079094094,0.4940545896997436,8.121878004074096,306.48,domain
316,ST,Mouse Brain,04B,SEDR,-0.0169746571734405,0.2165068479883539,0.3497947250017191,0.7024691358024692,0.2737016631835417,0.1791782178683603,0.2165068479883539,18.925483989715577,1194.9053310394288,domain
317,ST,Mouse Brain,04B,STAGATE,0.1352045274531394,0.3003323282355836,0.4088268009767835,0.7722222222222223,0.4106507635696611,0.2367390149571548,0.3003323282355836,22.99003586769104,588.5461528778076,domain
318,ST,Mouse Brain,04B,SpaGCN,0.1792271841093228,0.3790078713808607,0.4432283219230953,0.8395061728395061,0.5217175993593222,0.2976022638734488,0.3790078713808608,24.081434106826784,1758.4892827987671,domain
319,ST,Mouse Brain,04B,SpaceFlow,0.2186349541558856,0.4248949820276717,0.4802948204328554,0.8216049382716049,0.5753785414793648,0.3368422411175916,0.4248949820276717,21.247463083267213,712.0695709228515,domain
320,ST,Mouse Brain,04B,SpatialMGCN,0.2342453835562376,0.42048098237619,0.4926126220840744,0.8395061728395061,0.573397887265236,0.3319537334694731,0.42048098237619,7.919433212280273,828.689266204834,domain
321,ST,Mouse Brain,04B,stLearn,0.2297313713787107,0.359676634113061,0.5515453696722984,0.7882716049382716,0.4073256156467567,0.3225650131303549,0.359676634113061,38.46918663978577,1099.090742301941,domain
322,ST,Mouse Brain,05A,BASS,0.3583468643935691,0.5210163749950468,0.540186407492718,0.8215297450424929,0.6018185549024179,0.4593433892209376,0.5210163749950467,164.84328002929686,384.2,domain
323,ST,Mouse Brain,05A,Banksy,0.1999495194115468,0.4000332120877957,0.4157235621655734,0.7648725212464589,0.4717991558820976,0.3472175308903863,0.4000332120877957,12.581716537475586,888.8921403884888,domain
324,ST,Mouse Brain,05A,BayesSpace,0.3460314207890815,0.5343185707753735,0.5295353025576736,0.8583569405099152,0.6331029293137834,0.4622004753455416,0.5343185707753734,186.8175639629364,1034.38,domain
325,ST,Mouse Brain,05A,CCST,0.4098255387598227,0.5033085373764952,0.5807480137433273,0.8028328611898017,0.5968092900022072,0.4352385890007146,0.5033085373764951,88.06417155265808,679.402926826477,domain
326,ST,Mouse Brain,05A,CellCharter,0.3525678584706587,0.4871375611147579,0.5332530439013908,0.8135977337110483,0.5873012712970611,0.4162226428519181,0.4871375611147579,65.19751677513122,1224.1553804397583,domain
327,ST,Mouse Brain,05A,DeepST,0.2712594204472703,0.4349754036432403,0.4667157200718986,0.7535410764872521,0.5207970992929443,0.3736129353338992,0.4349754036432403,58.85149435997009,791.4618186950684,domain
328,ST,Mouse Brain,05A,GraphST,0.4112296109850081,0.4978582375675643,0.5884209061104665,0.8016997167138811,0.5479642151758018,0.4561479600706808,0.4978582375675643,18.573972463607788,855.2189987182617,domain
329,ST,Mouse Brain,05A,PRECAST,0.3356270699930714,0.4654196586814828,0.5194358005109636,0.7818696883852692,0.5598510192263927,0.3982465038595504,0.4654196586814826,8.713488054275512,305.18,domain
330,ST,Mouse Brain,05A,SEDR,0.0544948481997513,0.3380487908277322,0.3568359312837719,0.7053824362606232,0.3706707807418242,0.3107923360874025,0.3380487908277322,20.160837745666505,1167.7378007888794,domain
331,ST,Mouse Brain,05A,STAGATE,0.3699558268617708,0.4934387325477198,0.5490789029057527,0.8045325779036828,0.584248168095692,0.4270831209528196,0.4934387325477198,24.082937908172607,593.3552536010742,domain
332,ST,Mouse Brain,05A,SpaGCN,0.3021271472360458,0.4394144904686444,0.4908490340857075,0.7988668555240793,0.5330763666011181,0.3737469074636889,0.4394144904686444,27.263061904907225,1691.3793142318725,domain
333,ST,Mouse Brain,05A,SpaceFlow,0.2686512932170611,0.4467035710612715,0.4607053025055525,0.7779036827195467,0.5475881243880268,0.3772107889928144,0.4467035710612715,23.18025951385498,727.552036857605,domain
334,ST,Mouse Brain,05A,SpatialMGCN,0.2350211528556868,0.4294279788917237,0.4324234587893062,0.7592067988668555,0.5255678376247276,0.363021940381153,0.4294279788917237,8.329767370224,827.9214433670044,domain
335,ST,Mouse Brain,05A,stLearn,0.577036631898267,0.4640797123012412,0.7216488268989086,0.7898016997167139,0.4762946441985683,0.4526882918643674,0.4640797123012412,42.35329160690308,1124.1535747528076,domain
336,ST,Mouse Brain,05B,BASS,0.2983164885495487,0.4789327587081995,0.4978465602662499,0.811965811965812,0.573393353397236,0.4111929881591553,0.4789327587081994,146.81286396980286,384.0,domain
337,ST,Mouse Brain,05B,Banksy,0.1506962809847485,0.3873768395358807,0.3782847809651599,0.6923076923076923,0.4698287642732898,0.3295439899469481,0.3873768395358807,12.458179950714111,874.3109609603882,domain
338,ST,Mouse Brain,05B,BayesSpace,0.3095625467004067,0.5074710071337937,0.5030963996142794,0.8319088319088319,0.6255291620743507,0.4269006565950675,0.5074710071337936,184.75377397537235,1017.14,domain
339,ST,Mouse Brain,05B,CCST,0.416727664179162,0.5330351006810999,0.5914506427135299,0.8262108262108262,0.638607185710111,0.4575157854532465,0.5330351006810998,90.50296773910524,679.2809299468994,domain
340,ST,Mouse Brain,05B,CellCharter,0.3537321347701546,0.4977456862430032,0.5408845898936007,0.8324786324786325,0.6084763933542913,0.4211970250565414,0.4977456862430032,65.37810940742493,1176.0586385726929,domain
341,ST,Mouse Brain,05B,DeepST,0.3273114908725004,0.488973317507574,0.5187095240556681,0.8216524216524217,0.5971283684294793,0.4140145827046438,0.488973317507574,59.39784107208252,788.9010492324829,domain
342,ST,Mouse Brain,05B,GraphST,0.3457982704550086,0.4972140373871626,0.5420546716436982,0.8404558404558404,0.5718076765334358,0.4398363625841349,0.4972140373871626,18.59736218452453,853.1529088973999,domain
343,ST,Mouse Brain,05B,PRECAST,0.3025015325098567,0.452979526867498,0.4967710155920256,0.7863247863247863,0.561775784776426,0.3794863385216414,0.452979526867498,8.70595998764038,303.54,domain
344,ST,Mouse Brain,05B,SEDR,0.2164999949074072,0.4265613916706816,0.456180207096768,0.7772079772079772,0.4924364315359707,0.3765554219821962,0.4265613916706816,20.229916763305663,1168.319322013855,domain
345,ST,Mouse Brain,05B,STAGATE,0.3314767129724184,0.4796337616185562,0.5225666118626016,0.8017094017094017,0.5827155520947593,0.407571341675307,0.4796337616185562,23.61358423233032,592.9469493865967,domain
346,ST,Mouse Brain,05B,SpaGCN,0.2948753574092538,0.4454825202912069,0.4910526929467268,0.792022792022792,0.5474436142077073,0.375538640117053,0.4454825202912069,33.25735740661621,1698.0904455184937,domain
347,ST,Mouse Brain,05B,SpaceFlow,0.3059972548647057,0.4815128788473616,0.4998535645844613,0.8273504273504274,0.5924392367525754,0.405641451734878,0.4815128788473617,19.15984163284302,726.4099233627319,domain
348,ST,Mouse Brain,05B,SpatialMGCN,0.2386366772107137,0.4812153837990626,0.4404696199185071,0.8062678062678061,0.60221694413743,0.4007033228684349,0.4812153837990626,8.476861667633056,829.353122138977,domain
349,ST,Mouse Brain,05B,stLearn,0.4255152140814014,0.4732597536507003,0.6094737737675037,0.811965811965812,0.5242936812434722,0.4315080554929452,0.4732597536507003,42.00327291488647,1123.250880241394,domain
350,ST,Mouse Brain,06A,BASS,0.4111304672843188,0.5232748301324476,0.5726874747755337,0.78125,0.5936965714200483,0.467787842340075,0.5232748301324476,178.47720808982848,379.42,domain
351,ST,Mouse Brain,06A,Banksy,0.3958692504444517,0.5734279438626432,0.5617745133218052,0.8385416666666666,0.6544533648900073,0.5102551624446536,0.5734279438626431,13.329102182388306,908.950442123413,domain
352,ST,Mouse Brain,06A,BayesSpace,0.4485686875741813,0.5928517981285127,0.6019604952571345,0.8333333333333334,0.6904786287297069,0.5194120809152301,0.5928517981285127,202.0050899982452,1094.14,domain
353,ST,Mouse Brain,06A,CCST,0.4478404395733339,0.5179014670624851,0.6007282612610261,0.7859375,0.6044022057675035,0.4531331964649505,0.5179014670624851,85.11230816841126,691.844072151184,domain
354,ST,Mouse Brain,06A,CellCharter,0.3858643651644017,0.5298245941366222,0.5507562965773201,0.809375,0.6333547172086291,0.4553898145746282,0.5298245941366222,68.01417469978333,1296.865922355652,domain
355,ST,Mouse Brain,06A,DeepST,0.3368462321341746,0.5012080787882768,0.5095321181893724,0.7901041666666667,0.5991221779239111,0.4308314358113619,0.5012080787882768,62.56650233268738,829.2446468353271,domain
356,ST,Mouse Brain,06A,GraphST,0.3423413675500965,0.4427850287870167,0.5188327115458217,0.7838541666666666,0.5092498503149321,0.3916666026761127,0.4427850287870167,19.70451078414917,886.2856130599976,domain
357,ST,Mouse Brain,06A,PRECAST,0.5043742838476287,0.6120864716119543,0.6464605732155618,0.8489583333333334,0.7155142971275196,0.5347833618610471,0.6120864716119543,9.2589280128479,302.0,domain
358,ST,Mouse Brain,06A,SEDR,0.2297219406949277,0.4401053287811551,0.4391811008847607,0.7817708333333334,0.5016760936242817,0.3920900315958771,0.4401053287811551,20.613583469390868,1219.4652137756348,domain
359,ST,Mouse Brain,06A,STAGATE,0.3860925184147994,0.5336445322253728,0.5508354843862904,0.8182291666666666,0.6291916417468802,0.4634250518754042,0.5336445322253729,26.884473896026613,621.4396066665649,domain
360,ST,Mouse Brain,06A,SpaGCN,0.3543294140304163,0.5080907077654904,0.5240891436248278,0.796875,0.611918690226787,0.4343858131321722,0.5080907077654903,28.27861409187317,1678.91780128479,domain
361,ST,Mouse Brain,06A,SpaceFlow,0.3744823627179985,0.4700213768704728,0.5418344543832753,0.7692708333333333,0.5521671393770105,0.4091986827488315,0.4700213768704728,18.71441283226013,747.1317985534668,domain
362,ST,Mouse Brain,06A,SpatialMGCN,0.4127608432619937,0.5284570989249779,0.5779530191706647,0.8177083333333334,0.5930068252207893,0.4765805553546801,0.5284570989249779,8.637374877929688,835.1213764190674,domain
363,ST,Mouse Brain,06A,stLearn,0.6622450228822879,0.5895017447844307,0.774302571817983,0.8270833333333334,0.5815563338255053,0.5981330926107863,0.5895017447844308,46.41164803504944,1157.1249984741212,domain
364,ST,Mouse Brain,06B,BASS,0.3414465527164494,0.5355853146847601,0.5174430274470229,0.8266331658291456,0.6484790965731274,0.4561705451163801,0.5355853146847601,148.98593592643738,373.74,domain
365,ST,Mouse Brain,06B,Banksy,0.3247839897901794,0.5179772737879658,0.5061127186902052,0.8090452261306533,0.6087360386039542,0.4507702304448208,0.5179772737879658,13.463229656219482,933.9640058517456,domain
366,ST,Mouse Brain,06B,BayesSpace,0.3225004614816172,0.555974206557505,0.5027409936196041,0.8341708542713567,0.6618271280179854,0.479312719704009,0.555974206557505,207.2986339569092,1124.76,domain
367,ST,Mouse Brain,06B,CCST,0.4348421989675161,0.4986253388028077,0.5957750605549477,0.7969849246231157,0.5760745826872479,0.4397410601817295,0.4986253388028077,86.55135445594787,696.4561794281005,domain
368,ST,Mouse Brain,06B,CellCharter,0.3708826735381075,0.522334784643137,0.5421623810449244,0.8251256281407034,0.6271710404422289,0.4475864267404318,0.522334784643137,66.8887013912201,1303.9175815582275,domain
369,ST,Mouse Brain,06B,DeepST,0.4017768584426183,0.5296932595412207,0.5740726321358998,0.8015075376884422,0.5799266637193541,0.5300593975823864,0.5296932595412208,63.66605701446533,843.9652006149292,domain
370,ST,Mouse Brain,06B,GraphST,0.3473820048985522,0.4874709893643526,0.5246955222940674,0.7989949748743719,0.5702143501033592,0.4256982478023612,0.4874709893643526,20.354090213775635,895.9898279190063,domain
371,ST,Mouse Brain,06B,PRECAST,0.3567152649549289,0.5369516677312027,0.530459108576932,0.8316582914572864,0.650860278625719,0.4569753253003213,0.5369516677312027,9.682961988449096,292.8,domain
372,ST,Mouse Brain,06B,SEDR,0.1169545962889506,0.3969102776776034,0.3807327390383513,0.7462311557788944,0.4441371453557702,0.3595056524024235,0.3969102776776033,20.97919778823853,1226.4326374053956,domain
373,ST,Mouse Brain,06B,STAGATE,0.3882504370215863,0.5417114187211866,0.5574151065578214,0.8035175879396984,0.6376531759326183,0.4708648261332768,0.5417114187211866,25.748506450653075,632.5213300704957,domain
374,ST,Mouse Brain,06B,SpaGCN,0.2675471715518361,0.474762810000254,0.4527715966194413,0.7989949748743719,0.5814783368646989,0.4011432006502325,0.4747628100002538,29.641700506210327,1722.311490058899,domain
375,ST,Mouse Brain,06B,SpaceFlow,0.3618409145293062,0.5224604906323276,0.5347535472707694,0.8301507537688442,0.629065432384617,0.4467684146796883,0.5224604906323276,18.325075817108157,752.0481698989868,domain
376,ST,Mouse Brain,06B,SpatialMGCN,0.2486787540839106,0.488440573236207,0.4395501401488978,0.7864321608040201,0.5892782954179231,0.4170710736590443,0.488440573236207,8.728439044952392,835.9143976211548,domain
377,ST,Mouse Brain,06B,stLearn,0.5718324931572144,0.5947494607270729,0.7060979937352918,0.8407035175879397,0.6131140159713748,0.5791173969319187,0.5947494607270729,46.78291277885437,1171.7783039093017,domain
378,ST,Mouse Brain,07A,BASS,0.3571466709748741,0.5366581410371843,0.534403870017846,0.8440748440748441,0.6589855458521638,0.4526354743069646,0.5366581410371843,175.0669979572296,359.3,domain
379,ST,Mouse Brain,07A,Banksy,0.2933306588218989,0.4688605049371681,0.4842566155538714,0.7713097713097713,0.5600353832908166,0.4032161162960453,0.4688605049371681,15.34992356300354,1016.9022190093996,domain
380,ST,Mouse Brain,07A,BayesSpace,0.3780100608846414,0.5694958567553978,0.5522030416417953,0.8627858627858627,0.701375507285416,0.4793615037150884,0.5694958567553979,248.5800799846649,1355.42,domain
381,ST,Mouse Brain,07A,CCST,0.3650438955878632,0.4935762174713963,0.5423339642606821,0.8070686070686071,0.5902102202628621,0.4243533689606389,0.4935762174713963,89.99876894950867,723.5379247665405,domain
382,ST,Mouse Brain,07A,CellCharter,0.4104285502011752,0.5493350517120896,0.5775970686622633,0.8478170478170478,0.6622213654671715,0.4698704000719048,0.5493350517120896,80.36094703674317,1307.1203029632568,domain
383,ST,Mouse Brain,07A,DeepST,0.372253713684443,0.5406441046363447,0.5472141807208015,0.8498960498960499,0.6603110915651601,0.457705300700541,0.5406441046363447,71.87759132385254,941.4207536697388,domain
384,ST,Mouse Brain,07A,GraphST,0.4741113832429318,0.5176807171013592,0.6360805015998329,0.8336798336798337,0.5587607057174699,0.4822274406461319,0.5176807171013591,22.57716841697693,971.6755889892578,domain
385,ST,Mouse Brain,07A,PRECAST,0.3900966187306469,0.5676656776150879,0.5622399736623336,0.8191268191268192,0.6972042239228432,0.4787207369214369,0.5676656776150879,10.82902808189392,297.18,domain
386,ST,Mouse Brain,07A,SEDR,0.2357831862307658,0.44183777262028,0.4512463936981753,0.7571725571725572,0.513822530067167,0.3875579821634114,0.4418377726202799,22.822624254226685,1260.640606689453,domain
387,ST,Mouse Brain,07A,STAGATE,0.4739842439678431,0.5843194406370454,0.6292815478728626,0.8706860706860707,0.6967148983403925,0.5032523428763017,0.5843194406370453,30.31301145553589,708.4011325836182,domain
388,ST,Mouse Brain,07A,SpaGCN,0.3654890033297097,0.5587522761942805,0.5415969116992359,0.8586278586278586,0.6904774538276841,0.4692345101127405,0.5587522761942806,29.768131446838375,1782.58618850708,domain
389,ST,Mouse Brain,07A,SpaceFlow,0.3298128652855532,0.5108104702177709,0.5108465156238342,0.8070686070686071,0.6325105652950274,0.4283936865627366,0.5108104702177709,22.63435878753662,797.0328716278076,domain
390,ST,Mouse Brain,07A,SpatialMGCN,0.2290730643006313,0.4360531559631287,0.4292374848311934,0.7401247401247402,0.5296498653924403,0.3705684149581938,0.4360531559631287,9.96669716835022,844.4852224349976,domain
391,ST,Mouse Brain,07A,stLearn,0.5690559012164329,0.5835648795390604,0.7068094005888834,0.8553014553014553,0.6119395825580074,0.5585921349795249,0.5835648795390604,55.139679193496704,1248.950918006897,domain
392,ST,Mouse Brain,07B,BASS,0.4016504700594492,0.5540195485619547,0.5737376099224503,0.8495575221238937,0.6802695263164873,0.4672951044183648,0.5540195485619547,128.96818394660949,362.74,domain
393,ST,Mouse Brain,07B,Banksy,0.2478565547312911,0.4662069287524493,0.4576928780761636,0.7477876106194691,0.5438980532387879,0.4079367048874561,0.4662069287524493,14.884492111206054,988.0969818115234,domain
394,ST,Mouse Brain,07B,BayesSpace,0.3885030389273576,0.5458271648350269,0.5630140468106671,0.8495575221238937,0.6566780103119004,0.4669957277498017,0.5458271648350269,234.49623198509212,1242.86,domain
395,ST,Mouse Brain,07B,CCST,0.4120010736148399,0.5354167750087205,0.5811279602365622,0.8243362831858407,0.6466299036624621,0.4569357103400843,0.5354167750087205,92.19824075698853,715.329235458374,domain
396,ST,Mouse Brain,07B,CellCharter,0.3365574424162117,0.5038819635203712,0.5191692321877353,0.8243362831858407,0.6203154040050145,0.4242679772490683,0.5038819635203712,77.98473052978515,1290.1450723648072,domain
397,ST,Mouse Brain,07B,DeepST,0.3367215918858348,0.5403919648141764,0.5191528322264845,0.8353982300884957,0.6657090506329868,0.4547999879552211,0.5403919648141764,66.95813903808593,907.6922437667848,domain
398,ST,Mouse Brain,07B,GraphST,0.5092920074540692,0.4894042004929445,0.6643819737071281,0.8185840707964601,0.5261851861388331,0.4574293327734466,0.4894042004929445,21.51192584037781,945.6457103729248,domain
399,ST,Mouse Brain,07B,PRECAST,0.4710701240695158,0.6058900824526321,0.6292875827272081,0.8650442477876105,0.7074317378740802,0.5298392722707912,0.6058900824526321,10.240503978729247,297.76,domain
400,ST,Mouse Brain,07B,SEDR,0.2978097218710726,0.4805207531891485,0.4888572807871931,0.813716814159292,0.5781163353280324,0.4112241563443018,0.4805207531891485,21.76705813407898,1257.5945835113523,domain
401,ST,Mouse Brain,07B,STAGATE,0.4131611498164149,0.5833292137147512,0.5824218855771669,0.8672566371681416,0.7100003431398078,0.4950771192814114,0.5833292137147512,27.9733256816864,682.2175144195556,domain
402,ST,Mouse Brain,07B,SpaGCN,0.345950748275547,0.5671030185912478,0.5268231518940389,0.8539823008849557,0.7078008905052577,0.4730661249553637,0.5671030185912478,31.56412630081177,1789.4185182571412,domain
403,ST,Mouse Brain,07B,SpaceFlow,0.3154330027901614,0.5021844128697713,0.5005125076255592,0.8230088495575221,0.6223508301297025,0.4209511321557913,0.5021844128697713,24.72631616592407,781.4878831863404,domain
404,ST,Mouse Brain,07B,SpatialMGCN,0.3939070482044652,0.5859584607620785,0.5676919976635922,0.8672566371681416,0.7013572865992646,0.5031688527852298,0.5859584607620786,9.454821348190308,807.0953535079956,domain
405,ST,Mouse Brain,07B,stLearn,0.5723053959262361,0.6021281928339127,0.707838537324684,0.8495575221238937,0.6476581672701741,0.5634264810462815,0.6021281928339128,51.49553108215332,1224.1437225341797,domain
406,ST,Mouse Brain,08A,BASS,0.3531643963396007,0.5366409572325812,0.5457232179292856,0.8461538461538461,0.7045400954309223,0.433365507472637,0.5366409572325812,156.58790998458863,377.4,domain
407,ST,Mouse Brain,08A,Banksy,0.2563526452871018,0.4159219808476949,0.468378139102769,0.7984084880636605,0.5315452701201793,0.3416132604866994,0.4159219808476949,12.960278367996215,912.457466506958,domain
408,ST,Mouse Brain,08A,BayesSpace,0.386528597755386,0.5953589762313908,0.5738060041578535,0.8912466843501325,0.7593951356736134,0.4896008104999594,0.5953589762313908,198.47355999946595,1070.16,domain
409,ST,Mouse Brain,08A,CCST,0.3119851319417087,0.498506897864612,0.5099811362801867,0.8413793103448276,0.6526003468259657,0.403305698840386,0.498506897864612,86.79880137443543,688.1724363327027,domain
410,ST,Mouse Brain,08A,CellCharter,0.3261331787433956,0.5233932620153858,0.5215273005514212,0.8594164456233422,0.6947552416861371,0.4198815977951945,0.5233932620153858,65.02706327438355,1145.4865322113037,domain
411,ST,Mouse Brain,08A,DeepST,0.2931397644392587,0.5241742059503526,0.4924743316442524,0.8509283819628648,0.6997578348601048,0.4190419995415422,0.5241742059503526,60.54240083694458,819.0308391571045,domain
412,ST,Mouse Brain,08A,GraphST,0.5373016000971135,0.5670643290569679,0.6907183917414519,0.8514588859416445,0.6715978747087142,0.4906890614490373,0.5670643290569679,19.987916898727416,876.2720657348633,domain
413,ST,Mouse Brain,08A,PRECAST,0.4328301382872044,0.60667402935982,0.611482168242609,0.8938992042440319,0.7704735315575221,0.5003101502633717,0.60667402935982,9.656693983078004,311.58000000000004,domain
414,ST,Mouse Brain,08A,SEDR,0.1911055692583179,0.4229381410974569,0.4297431798928861,0.773474801061008,0.5312777153734157,0.3515703897964921,0.4229381410974569,20.315776014328,1147.8308492660522,domain
415,ST,Mouse Brain,08A,STAGATE,0.2779020690863847,0.5187713667989307,0.4786710593022757,0.8424403183023873,0.700096480699911,0.4120513882260742,0.5187713667989307,24.8650673866272,613.0106773376465,domain
416,ST,Mouse Brain,08A,SpaGCN,0.2920691424504458,0.5443522605602228,0.4918314016479111,0.8832891246684349,0.7354148089130058,0.4320933593700481,0.5443522605602227,33.23679494857788,1783.081663131714,domain
417,ST,Mouse Brain,08A,SpaceFlow,0.2788091352450823,0.4952319411920665,0.4797833115942388,0.8376657824933688,0.6611100533368459,0.3959162439830942,0.4952319411920665,20.2630437374115,740.1427206039428,domain
418,ST,Mouse Brain,08A,SpatialMGCN,0.2496401203883394,0.4901115171900791,0.4555145946003697,0.8435013262599471,0.6456057793810055,0.3949804164511411,0.490111517190079,9.027312803268432,831.9561088562011,domain
419,ST,Mouse Brain,08A,stLearn,0.4648714856352461,0.5356723361774278,0.6365879923027143,0.8594164456233422,0.6400570861353085,0.4614421842218611,0.5356723361774278,44.83147921562195,1151.562915420532,domain
420,ST,Mouse Brain,08B,BASS,0.4694157508818015,0.5863689695283115,0.6174371046019461,0.829004329004329,0.6400007078603082,0.5410308552108821,0.5863689695283115,195.74721999168395,386.84,domain
421,ST,Mouse Brain,08B,Banksy,0.3199293462291256,0.5297824926463353,0.4913985289902961,0.8051948051948052,0.6516280127604654,0.4463256959748986,0.5297824926463354,15.520402526855468,998.7494045257567,domain
422,ST,Mouse Brain,08B,BayesSpace,0.3543813945812076,0.584052453958521,0.5215051550736958,0.8419913419913418,0.7234261113922063,0.4897066629853845,0.5840524539585211,241.257407951355,1243.74,domain
423,ST,Mouse Brain,08B,CCST,0.3697669705216575,0.5344101350700429,0.5341766656573663,0.8025974025974026,0.6592727876347749,0.4493618719592133,0.5344101350700429,90.1045582294464,716.0041484832764,domain
424,ST,Mouse Brain,08B,CellCharter,0.3041841866793069,0.5192850867656055,0.4769122865734279,0.8073593073593074,0.6554756765040624,0.4299686645149223,0.5192850867656054,78.57378396987914,1341.2119125366212,domain
425,ST,Mouse Brain,08B,DeepST,0.3008634687158673,0.5392744286467185,0.4740337813203748,0.8,0.6726608461418606,0.450145501706325,0.5392744286467186,66.84497108459473,919.6499538421632,domain
426,ST,Mouse Brain,08B,GraphST,0.5039488103867932,0.5033856928299908,0.6536876486845581,0.79004329004329,0.5127283332718542,0.4943774319450104,0.5033856928299908,21.52611169815064,955.3102611541748,domain
427,ST,Mouse Brain,08B,PRECAST,0.3229419600579872,0.554152845772088,0.4939560781580711,0.8484848484848484,0.6981307583656674,0.4594076273180696,0.554152845772088,11.043147993087768,310.66,domain
428,ST,Mouse Brain,08B,SEDR,0.2031066743706119,0.4606378422835104,0.4023046844034242,0.770995670995671,0.5541432197894214,0.3941786496797973,0.4606378422835104,24.20634365081787,1245.6530355453492,domain
429,ST,Mouse Brain,08B,STAGATE,0.3220145808328383,0.5216314880619299,0.4922372805434786,0.8077922077922078,0.6497028571615606,0.4358108295636295,0.5216314880619298,28.848831844329837,691.5751216888427,domain
430,ST,Mouse Brain,08B,SpaGCN,0.395311938484903,0.5431011224267868,0.5561255653339713,0.8441558441558442,0.6657526600030235,0.4586112276119779,0.5431011224267868,39.378415536880496,1749.1675588607789,domain
431,ST,Mouse Brain,08B,SpaceFlow,0.2880980846090596,0.5118214403005962,0.4623911059745877,0.8012987012987013,0.6480893263443976,0.4229256199738668,0.5118214403005962,22.701700019836423,787.5683885574341,domain
432,ST,Mouse Brain,08B,SpatialMGCN,0.3030307044751452,0.5385331134093212,0.476570768196222,0.8246753246753247,0.6663313792440948,0.4518676697820686,0.5385331134093212,10.581963109970092,838.3833028793335,domain
433,ST,Mouse Brain,08B,stLearn,0.4888161641253346,0.5497192101235543,0.6336270087288229,0.7978354978354978,0.6063217786993575,0.503639906983547,0.5497192101235543,52.48859939575196,1231.9697547912597,domain
434,ST,Mouse Brain,09A,BASS,0.4502851118665207,0.5992263571704612,0.5988978877758317,0.8278008298755186,0.7066035631631125,0.5201787255453878,0.5992263571704611,167.8761199951172,405.12,domain
435,ST,Mouse Brain,09A,Banksy,0.2904985864373464,0.5193408838881161,0.4627446504953777,0.7883817427385892,0.6307780961044831,0.4413663397879591,0.519340883888116,16.27199959754944,1018.8570573806762,domain
436,ST,Mouse Brain,09A,BayesSpace,0.3700135078445741,0.5983890408809895,0.5318732862973778,0.8672199170124483,0.7123291669564674,0.515872937069386,0.5983890408809895,248.12570791244508,1253.2,domain
437,ST,Mouse Brain,09A,CCST,0.5189949011441511,0.5752814459804757,0.6525273855747752,0.8099585062240664,0.6520233776301975,0.5148961952537362,0.5752814459804757,89.16016798019409,725.3743612289429,domain
438,ST,Mouse Brain,09A,CellCharter,0.3757554555338036,0.5474256076396501,0.5361582477983854,0.8385892116182573,0.6599912599122442,0.4677998545246399,0.5474256076396501,79.92030725479125,1263.1969902038577,domain
439,ST,Mouse Brain,09A,DeepST,0.3734288594650887,0.5683363134766127,0.5341459146293986,0.8070539419087137,0.6814804376911525,0.4875039983891682,0.5683363134766127,70.75168595314025,943.2702230453492,domain
440,ST,Mouse Brain,09A,GraphST,0.4368496619185098,0.519145395073556,0.5893186310306361,0.7925311203319502,0.585238006630813,0.4664660430206973,0.5191453950735558,21.71740736961365,973.7217966079712,domain
441,ST,Mouse Brain,09A,PRECAST,0.3682557029643846,0.5440102460554168,0.5303823594411866,0.8008298755186722,0.6506787869238078,0.4673891542066479,0.5440102460554167,10.959795999526978,299.16,domain
442,ST,Mouse Brain,09A,SEDR,0.2282049730449745,0.4636613029839764,0.4139061311336612,0.7572614107883817,0.551728681622577,0.3998947197444134,0.4636613029839764,24.65044379234314,1261.956414985657,domain
443,ST,Mouse Brain,09A,STAGATE,0.4348847006470089,0.5763227906670952,0.5855123055000533,0.829045643153527,0.6789670958504171,0.500738680628876,0.5763227906670952,30.21123766899109,709.9679750442505,domain
444,ST,Mouse Brain,09A,SpaGCN,0.3457665357033298,0.5283045132546503,0.5110944991360209,0.8091286307053942,0.635556809669936,0.4520239833191163,0.5283045132546503,32.410559463500974,1667.4370504379272,domain
445,ST,Mouse Brain,09A,SpaceFlow,0.3428810835412766,0.5244762145543405,0.5086150487262658,0.7692946058091287,0.635589421891863,0.4464463327074791,0.5244762145543405,24.96572732925415,798.5334138870239,domain
446,ST,Mouse Brain,09A,SpatialMGCN,0.251505077867539,0.5106695292414162,0.4383557263123302,0.8112033195020747,0.5987380521840071,0.4451868842277312,0.5106695292414161,10.255318021774292,810.4015344619751,domain
447,ST,Mouse Brain,09A,stLearn,0.6008253227850252,0.6037255466386392,0.7154986857019193,0.8186721991701245,0.6449297972391937,0.5681353250667973,0.6037255466386391,55.37578177452088,1255.1191898345946,domain
448,ST,Mouse Brain,09B,BASS,0.4092588437102694,0.5928998759778137,0.5643620041864982,0.8562874251497006,0.7239387191367537,0.5020285861528514,0.5928998759778137,201.16142797470093,419.74,domain
449,ST,Mouse Brain,09B,Banksy,0.322154294807872,0.5093149178732189,0.4892206527783505,0.7924151696606786,0.6104634439551188,0.4369208949737445,0.5093149178732189,16.62179799079895,1038.819180679321,domain
450,ST,Mouse Brain,09B,BayesSpace,0.3853251810024907,0.5638345266464906,0.5424090234691561,0.8463073852295409,0.6645793965774921,0.4896131298668574,0.5638345266464905,260.8073360443115,1468.86,domain
451,ST,Mouse Brain,09B,CCST,0.380989813309002,0.5194699991331914,0.5389671336756677,0.7868263473053891,0.6252173001985001,0.4443983717845687,0.5194699991331914,91.47443199157716,737.3451393127441,domain
452,ST,Mouse Brain,09B,CellCharter,0.3985423769374294,0.5599049271072394,0.5540102741346754,0.8271457085828343,0.6862757503063578,0.4729465255024546,0.5599049271072395,80.46002397537231,1331.910704612732,domain
453,ST,Mouse Brain,09B,DeepST,0.3391808015519265,0.5439322403953794,0.5027937737197747,0.8079840319361278,0.6716559711189781,0.457059248293979,0.5439322403953794,73.25211081504821,966.1842113494872,domain
454,ST,Mouse Brain,09B,GraphST,0.3290183682170194,0.4931619836868082,0.4941720565242617,0.8023952095808383,0.6017949531979753,0.4177515880289092,0.4931619836868082,22.02909979820252,992.159935760498,domain
455,ST,Mouse Brain,09B,PRECAST,0.3713653847072849,0.5754678158650327,0.5307145159367622,0.8622754491017964,0.6979857175147881,0.4895387503253321,0.5754678158650327,12.310258054733277,281.56,domain
456,ST,Mouse Brain,09B,SEDR,0.2214766477194547,0.4667550345423502,0.4020345798156748,0.755688622754491,0.5703548842586187,0.3951334443152984,0.4667550345423502,23.221787452697757,1280.0492977142335,domain
457,ST,Mouse Brain,09B,STAGATE,0.3348722800509215,0.5557026572719398,0.5001787149142468,0.8395209580838323,0.6923504776032113,0.4641115854158107,0.5557026572719398,30.01571640968323,727.9692029953003,domain
458,ST,Mouse Brain,09B,SpaGCN,0.3517977077931468,0.5275975409344948,0.5146644576807408,0.8223552894211575,0.6513496870046163,0.4433617345334707,0.5275975409344948,43.28325533866882,1774.5824110031128,domain
459,ST,Mouse Brain,09B,SpaceFlow,0.2912386286244845,0.4722957727787582,0.4602893235825401,0.7688622754491018,0.5862431963964811,0.3954462061522147,0.4722957727787582,22.05451707839966,809.806304359436,domain
460,ST,Mouse Brain,09B,SpatialMGCN,0.2919274570661204,0.5363665243526555,0.4608957547927427,0.8023952095808383,0.6637246767793663,0.4500157061536985,0.5363665243526556,10.516027402877809,850.2878549575805,domain
461,ST,Mouse Brain,09B,stLearn,0.4702087454725671,0.5599843726216378,0.611868609164947,0.8371257485029939,0.6397655149487245,0.4979600278349705,0.5599843726216379,57.45668077468872,1290.8845388412476,domain
462,ST,Mouse Brain,10A,BASS,0.6419300060679086,0.621317568854489,0.7357656599827548,0.7953586497890295,0.6466174449785125,0.597922938247401,0.621317568854489,172.71204199790955,437.0,domain
463,ST,Mouse Brain,10A,Banksy,0.2620342459408364,0.4744825664748823,0.4376750124139386,0.7067510548523207,0.5256065725335419,0.4324222865042889,0.4744825664748823,16.30556740760803,1010.7223360061646,domain
464,ST,Mouse Brain,10A,BayesSpace,0.4739290115543696,0.5927928667693224,0.6041625934180598,0.7953586497890295,0.653213969959953,0.5426030704416114,0.5927928667693224,245.3260640621185,1300.1,domain
465,ST,Mouse Brain,10A,CCST,0.436000502980182,0.5714946567631304,0.5735889853540439,0.8029535864978902,0.646247309816865,0.5123162745594678,0.5714946567631304,94.61232438087464,718.8163187026978,domain
466,ST,Mouse Brain,10A,CellCharter,0.3559127134029645,0.5080541617674917,0.5049925555098429,0.7611814345991561,0.5901173336708968,0.4460488089546023,0.5080541617674917,79.31935143470764,1299.0488189697269,domain
467,ST,Mouse Brain,10A,DeepST,0.4751870396043694,0.5937809071872613,0.6047943324962065,0.810548523206751,0.6736907091496936,0.5310936797112767,0.5937809071872614,70.36919937133788,934.16153755188,domain
468,ST,Mouse Brain,10A,GraphST,0.6877484729309229,0.6317141617180164,0.7744227469765159,0.7974683544303798,0.6173901690698066,0.6467185996420778,0.6317141617180164,22.264064741134643,966.6583539962768,domain
469,ST,Mouse Brain,10A,PRECAST,0.4497082063563945,0.5780741774647571,0.5841389777406365,0.7911392405063291,0.6550059790104736,0.5173145212742702,0.578074177464757,10.880916023254397,308.34000000000003,domain
470,ST,Mouse Brain,10A,SEDR,0.2083403940317497,0.474647532357659,0.3914026300685602,0.7130801687763714,0.5335714047803595,0.4275940053565873,0.4746475323576591,24.08325972557068,1248.6458478927611,domain
471,ST,Mouse Brain,10A,STAGATE,0.4172752987397768,0.560114996507863,0.557366768448911,0.7881856540084389,0.641917166184418,0.496809148986029,0.5601149965078629,28.6992949962616,702.9569499969482,domain
472,ST,Mouse Brain,10A,SpaGCN,0.3798882425320977,0.5236389590617843,0.5259168662339023,0.7742616033755274,0.6053300325073488,0.4613750369012809,0.5236389590617844,35.93528385162354,1753.2865854263305,domain
473,ST,Mouse Brain,10A,SpaceFlow,0.2937869087039103,0.4762580863288611,0.4515322318203777,0.7367088607594937,0.5558329424709975,0.4166297000177471,0.4762580863288611,32.61837677955627,794.054835510254,domain
474,ST,Mouse Brain,10A,SpatialMGCN,0.3332351397101182,0.5652061949948669,0.486712432443234,0.7932489451476793,0.6479474837794523,0.5012037212209752,0.5652061949948669,9.897483682632446,800.6811513900757,domain
475,ST,Mouse Brain,10A,stLearn,0.5506214442445232,0.5273488074438237,0.6717897698918536,0.7506329113924051,0.5382724895641803,0.5172435898619063,0.5273488074438237,54.85134754180908,1239.1224401474,domain
476,ST,Mouse Brain,10B,BASS,0.4622851004531126,0.5626235015793843,0.5961375907493156,0.7886497064579256,0.6282837894648781,0.5093886339717529,0.5626235015793843,235.71427392959595,429.6,domain
477,ST,Mouse Brain,10B,Banksy,0.1688603922267363,0.4199687193349925,0.3503678504523693,0.6947162426614482,0.4908602533312345,0.3669698194369866,0.4199687193349925,16.73914771080017,1049.6330501556397,domain
478,ST,Mouse Brain,10B,BayesSpace,0.5020178960791774,0.6145986113771923,0.6302112788391662,0.8571428571428571,0.712984849017424,0.5400728536485018,0.6145986113771923,265.44777593612673,1337.2,domain
479,ST,Mouse Brain,10B,CCST,0.3306674604131526,0.5096366952921187,0.4852230033002216,0.7526418786692759,0.600261790803256,0.4428131267398495,0.5096366952921187,92.09402303695676,732.6091762542725,domain
480,ST,Mouse Brain,10B,CellCharter,0.3419596312981668,0.5135519902132759,0.4940442227566823,0.7690802348336595,0.611893220430187,0.4425315346915323,0.513551990213276,69.7085470199585,1372.0965827941895,domain
481,ST,Mouse Brain,10B,DeepST,0.4159184336078285,0.5566950460534711,0.5726881061397475,0.7882583170254402,0.6063084289210701,0.5639268405142416,0.5566950460534711,75.08637118339539,978.3734544754028,domain
482,ST,Mouse Brain,10B,GraphST,0.5057852891832251,0.5573632751640905,0.6309823302095688,0.7964774951076321,0.5976140576500808,0.5221923321324552,0.5573632751640905,23.38048996925354,1002.0772365570068,domain
483,ST,Mouse Brain,10B,PRECAST,0.495474368140988,0.6001301127666975,0.6240593995578796,0.8317025440313112,0.6903103198928023,0.5307892867112873,0.6001301127666974,11.901435947418213,307.98,domain
484,ST,Mouse Brain,10B,SEDR,0.1802945136500829,0.4279641879264418,0.3615161498912115,0.7041095890410959,0.4996269492415909,0.3743247049965187,0.4279641879264418,24.899087047576906,1229.591258239746,domain
485,ST,Mouse Brain,10B,STAGATE,0.4593773285357022,0.5761608061060626,0.5952520413063034,0.8180039138943249,0.6760712855115245,0.5019847124116472,0.5761608061060626,31.240091609954835,737.4919988632203,domain
486,ST,Mouse Brain,10B,SpaGCN,0.3605963355001317,0.5403917353994608,0.5111751627519675,0.7808219178082192,0.6388595413724376,0.4682240764318536,0.5403917353994607,43.91770582199096,1774.551586341858,domain
487,ST,Mouse Brain,10B,SpaceFlow,0.2657874747232903,0.4840267120657097,0.4263235016083692,0.7620352250489237,0.583987944599061,0.4133080309801011,0.4840267120657097,26.29388370513916,816.0482889175415,domain
488,ST,Mouse Brain,10B,SpatialMGCN,0.3010690904730045,0.4987305215133529,0.4739344595317643,0.7808219178082192,0.55793761866385,0.4508837431443681,0.4987305215133529,9.945092725753783,808.7727163314819,domain
489,ST,Mouse Brain,10B,stLearn,0.4507549217243815,0.5220685878288069,0.5946799263558675,0.7596868884540118,0.5437479180229079,0.5024752089593997,0.5220685878288069,58.247602891922,1279.1535943984986,domain
490,ST,Mouse Brain,11A,BASS,0.461327753213031,0.5803247931673194,0.5656210380920255,0.743801652892562,0.6150363253120426,0.5493220549801487,0.5803247931673194,167.60876994132997,422.36,domain
491,ST,Mouse Brain,11A,Banksy,0.3346406012820007,0.5625047505201398,0.4596615253494091,0.7520661157024794,0.6059827268525156,0.5248480176184708,0.5625047505201398,15.738006162643432,1023.9501619338988,domain
492,ST,Mouse Brain,11A,BayesSpace,0.307552100184528,0.518982634463939,0.4324214312990088,0.7210743801652892,0.5718000303867635,0.4750976736431915,0.518982634463939,252.0625020027161,1285.72,domain
493,ST,Mouse Brain,11A,CCST,0.4623926205901844,0.5489354171478469,0.5667464218196624,0.7177685950413223,0.5974064018728266,0.5077423360480164,0.5489354171478469,94.11253108978272,734.2913782119751,domain
494,ST,Mouse Brain,11A,CellCharter,0.4273907822185451,0.545109589800538,0.5364228867526052,0.728099173553719,0.5940402763611472,0.5036847657022558,0.545109589800538,79.64811329841613,1325.053744697571,domain
495,ST,Mouse Brain,11A,DeepST,0.4116917409089093,0.5539572226077757,0.5232705697443977,0.731404958677686,0.5966529664375618,0.5177211392212586,0.5539572226077757,71.45004711151122,947.2427030563352,domain
496,ST,Mouse Brain,11A,GraphST,0.4020319269524338,0.4905909618746425,0.5185790469406377,0.6838842975206612,0.5092827617367901,0.4732226476782758,0.4905909618746425,21.352618360519408,978.7255525588988,domain
497,ST,Mouse Brain,11A,PRECAST,0.4412940603797213,0.567290065751246,0.5487753695425167,0.7520661157024794,0.6192833380266781,0.5233510004016012,0.5672900657512459,11.39800796508789,283.82,domain
498,ST,Mouse Brain,11A,SEDR,0.2577856593029073,0.5297012997366447,0.3987370543249621,0.7231404958677686,0.5661362919415266,0.4977682325487279,0.5297012997366446,22.291284370422364,1278.0284379959107,domain
499,ST,Mouse Brain,11A,STAGATE,0.3852637292061711,0.5617592675457412,0.5005741174308522,0.7404958677685951,0.6192006633236574,0.5140997119234271,0.5617592675457412,30.38541622161865,713.4325155258178,domain
500,ST,Mouse Brain,11A,SpaGCN,0.3656961108022306,0.5432317126433687,0.4833947586983406,0.7272727272727273,0.5957888292725264,0.4991955115095005,0.5432317126433688,38.95914568901062,1724.869934463501,domain
501,ST,Mouse Brain,11A,SpaceFlow,0.3479188408191578,0.4890318906212664,0.4696144281044502,0.6855371900826446,0.5271229574961238,0.4561084349820961,0.4890318906212664,22.46625986099243,802.7097131729126,domain
502,ST,Mouse Brain,11A,SpatialMGCN,0.3668751418104852,0.5487723136260158,0.4847988393209663,0.7252066115702479,0.5964835443855491,0.5081283911664506,0.5487723136260159,10.466353940963746,822.3273267745972,domain
503,ST,Mouse Brain,11A,stLearn,0.606424943689521,0.6138379237815459,0.6875074239024583,0.7417355371900827,0.6146745880093468,0.6132818351347984,0.6138379237815459,55.67179064750671,1272.1220737457274,domain
504,ST,Mouse Brain,12A,BASS,0.4626032424212889,0.5974861288564137,0.5671213644760777,0.7524950099800399,0.6425709148104849,0.5583131325443523,0.5974861288564137,180.10551800727845,425.42,domain
505,ST,Mouse Brain,12A,Banksy,0.2919932558883249,0.5803310813780526,0.4285275802707647,0.6766467065868264,0.6055687147829569,0.5571128890954834,0.5803310813780527,15.875972938537595,1035.822650527954,domain
506,ST,Mouse Brain,12A,BayesSpace,0.4484695849078936,0.5998091718180258,0.5553313237286216,0.7744510978043913,0.627731192663644,0.5742653571095523,0.599809171818026,261.04029593467715,1368.42,domain
507,ST,Mouse Brain,12A,CCST,0.5209335912134975,0.5661887446097889,0.6158919565050481,0.7105788423153693,0.5836855318526164,0.5502858332230461,0.5661887446097889,90.30160431861876,733.1498022079468,domain
508,ST,Mouse Brain,12A,CellCharter,0.459210071485026,0.5677159838453545,0.5635303736434426,0.718562874251497,0.6028240234248521,0.5365794376493374,0.5677159838453545,79.63033142089844,1372.155819129944,domain
509,ST,Mouse Brain,12A,DeepST,0.4387535547385106,0.5878096290698865,0.5464502088042125,0.7265469061876247,0.623171696988814,0.5562508190529473,0.5878096290698867,71.88718614578247,964.1756368637084,domain
510,ST,Mouse Brain,12A,GraphST,0.449763042690301,0.5222061272503543,0.5567252580713168,0.6986027944111777,0.5381842820379673,0.5071493681166197,0.5222061272503543,22.049404287338252,988.6274688720704,domain
511,ST,Mouse Brain,12A,PRECAST,0.5214392274570496,0.6608446301925857,0.6171887141377607,0.8163672654690618,0.7072873666364297,0.6201252362544414,0.6608446301925858,10.589807939529418,292.68,domain
512,ST,Mouse Brain,12A,SEDR,0.2633329003075214,0.521100974723606,0.3977936436516074,0.6854291417165669,0.5576957229595697,0.4890175662979469,0.5211009747236058,22.52648243904114,1268.850500679016,domain
513,ST,Mouse Brain,12A,STAGATE,0.4020859827026297,0.5731889779562958,0.5149274642647946,0.7377245508982037,0.6107455804697391,0.5399877021922794,0.5731889779562958,29.611800813674925,725.9380727767945,domain
514,ST,Mouse Brain,12A,SpaGCN,0.4303405585561916,0.5958827228358199,0.5391979814378133,0.7684630738522954,0.6379828189762379,0.5589949855288197,0.5958827228358198,35.63813905715942,1818.436583518982,domain
515,ST,Mouse Brain,12A,SpaceFlow,0.3211196203211814,0.5086731560011419,0.4441235772808345,0.6710578842315369,0.5542350865968585,0.4700424375755158,0.5086731560011419,19.822178268432616,806.8092124938964,domain
516,ST,Mouse Brain,12A,SpatialMGCN,0.3198664015909883,0.5404093863589556,0.446260362051481,0.6826347305389222,0.572199178462767,0.5119659827862313,0.5404093863589556,10.632418966293336,813.2773620605469,domain
517,ST,Mouse Brain,12A,stLearn,0.6237286926860557,0.5822814492280397,0.7055712281225773,0.7333333333333334,0.5692006411091395,0.5963262862825182,0.5822814492280397,57.59262099266052,1286.9646354675292,domain
518,ST,Mouse Brain,12B,BASS,0.4583803648037921,0.6136870469404825,0.5712482555376284,0.7841328413284133,0.6719425382001343,0.5647268485328647,0.6136870469404826,165.91984996795654,439.1,domain
519,ST,Mouse Brain,12B,Banksy,0.3549323469447255,0.5860058395566761,0.4811955744486942,0.7398523985239852,0.6426365891435609,0.5385476670977177,0.5860058395566761,17.283283472061157,1079.2179712295533,domain
520,ST,Mouse Brain,12B,BayesSpace,0.4653462937620334,0.6293101497147227,0.5776929190738739,0.7896678966789668,0.6905911931498862,0.5780184797442824,0.6293101497147228,279.9180679321289,1519.66,domain
521,ST,Mouse Brain,12B,CCST,0.4774993801111074,0.5963833526857901,0.5853352029870809,0.7653136531365313,0.647425984537946,0.5530069789197616,0.5963833526857901,96.38875308036803,750.5301319122315,domain
522,ST,Mouse Brain,12B,CellCharter,0.4073491259143353,0.588929121523874,0.5261154860464972,0.7575645756457565,0.6449848709352193,0.5419369526855148,0.588929121523874,82.3886221408844,1402.3610591888428,domain
523,ST,Mouse Brain,12B,DeepST,0.4020565025016928,0.5949951212420661,0.5218480833553141,0.7476014760147601,0.6422857878960734,0.554348534155268,0.5949951212420661,77.01877570152283,1013.4228601455688,domain
524,ST,Mouse Brain,12B,GraphST,0.3265083441482937,0.5083048312698544,0.4571804048420836,0.6955719557195572,0.5509153776882754,0.4718124966845866,0.5083048312698544,24.39066615104675,1028.2658800125123,domain
525,ST,Mouse Brain,12B,PRECAST,0.3729618825427632,0.6032619661431154,0.4969334110061935,0.7564575645756457,0.6594488754950512,0.5558978933495768,0.6032619661431154,12.908150005340577,275.98,domain
526,ST,Mouse Brain,12B,SEDR,0.2967899726687706,0.5545399833380606,0.4308232382236054,0.7328413284132841,0.6088853827648368,0.5091584897436559,0.5545399833380606,24.91025109291077,1305.9636150360109,domain
527,ST,Mouse Brain,12B,STAGATE,0.3722084494853631,0.5797544917662265,0.4964111216390485,0.7667896678966789,0.6366151509246823,0.5322302375190446,0.5797544917662265,32.40473108291626,764.4488622665406,domain
528,ST,Mouse Brain,12B,SpaGCN,0.3346192071027684,0.5510474275316471,0.4632860187619653,0.7416974169741697,0.6095260392452924,0.5028075110817135,0.5510474275316473,41.83029508590698,1793.410076713562,domain
529,ST,Mouse Brain,12B,SpaceFlow,0.3240963337271004,0.5271087385074404,0.454036032399305,0.696309963099631,0.5799877406486335,0.4830792877357804,0.5271087385074406,28.08743166923523,831.4571165084839,domain
530,ST,Mouse Brain,12B,SpatialMGCN,0.3480932006011122,0.5737263440470357,0.4769436884938842,0.7361623616236163,0.6141510024937696,0.5382947004893281,0.5737263440470358,11.1536789894104,829.040908241272,domain
531,ST,Mouse Brain,12B,stLearn,0.599945992932081,0.6294347110851037,0.6863559492455442,0.7678966789667896,0.6435605391490891,0.6159504263807791,0.6294347110851037,62.30654373168945,1323.761145401001,domain
532,ST,Mouse Brain,13A,BASS,0.4724600917444154,0.618280377031578,0.5884284199439629,0.7925407925407926,0.657063070846233,0.583820760013271,0.618280377031578,184.0431200504303,468.04,domain
533,ST,Mouse Brain,13A,Banksy,0.3442019708497791,0.5759077004991178,0.479316389796342,0.7342657342657343,0.6435677016894605,0.5211208642390528,0.5759077004991177,14.369276762008669,949.0812267303468,domain
534,ST,Mouse Brain,13A,BayesSpace,0.4461077427190451,0.6101007357861649,0.5664134035420578,0.7878787878787878,0.659166071281669,0.5678337634365183,0.610100735786165,225.4607879638672,1241.04,domain
535,ST,Mouse Brain,13A,CCST,0.4561487881709384,0.5737799867169459,0.5747885945101636,0.7557109557109557,0.6305044757569848,0.5264804994133502,0.5737799867169459,89.98344049453735,705.6248151779175,domain
536,ST,Mouse Brain,13A,CellCharter,0.3824560611398719,0.5776027660965384,0.5126455300738202,0.7832167832167831,0.6507017850891026,0.5193207556938263,0.5776027660965384,76.35184502601624,1322.0176187515258,domain
537,ST,Mouse Brain,13A,DeepST,0.3722809005994072,0.5807736556658212,0.5037372764164125,0.7766899766899767,0.6433772513567144,0.529397364865636,0.5807736556658212,65.27191181182862,879.8916723251343,domain
538,ST,Mouse Brain,13A,GraphST,0.6157325877364253,0.5897111823652686,0.7066133692081343,0.7645687645687645,0.5862546232543935,0.5932087429880638,0.5897111823652686,21.00761890411377,923.5423049926758,domain
539,ST,Mouse Brain,13A,PRECAST,0.4607671365152265,0.6172560128642786,0.5796557845448602,0.8181818181818181,0.6811772007705525,0.5643022846262644,0.6172560128642787,10.493882036209106,310.44,domain
540,ST,Mouse Brain,13A,SEDR,0.1890028326801614,0.4597244955033688,0.3505342542642896,0.6522144522144522,0.5073067628191932,0.4203345728236438,0.4597244955033689,21.3045994758606,1208.5332281112671,domain
541,ST,Mouse Brain,13A,STAGATE,0.4720527305615571,0.5916706823332747,0.5881625259480445,0.7883449883449883,0.6453526592499472,0.5462403516459087,0.5916706823332747,27.47747187614441,660.4295661926269,domain
542,ST,Mouse Brain,13A,SpaGCN,0.4205441820869268,0.6169800789450833,0.5456834162302676,0.8065268065268064,0.6874593052574808,0.5596083043182616,0.6169800789450834,36.89236946105957,1691.2437986373902,domain
543,ST,Mouse Brain,13A,SpaceFlow,0.2868404755497115,0.5180299504660156,0.4281778934467432,0.7291375291375292,0.5857130782558424,0.4643940608624907,0.5180299504660155,25.76985592842102,768.2914735794068,domain
544,ST,Mouse Brain,13A,SpatialMGCN,0.3689310992554959,0.5658270552600758,0.5012798829021055,0.7645687645687645,0.6226125477051535,0.5185340604722388,0.5658270552600758,9.499962663650512,796.950496673584,domain
545,ST,Mouse Brain,13A,stLearn,0.7088595534353221,0.6225564375711143,0.7862552362392661,0.7785547785547785,0.6008788964534992,0.6458749144056757,0.6225564375711143,49.4714581489563,1205.746615791321,domain
546,ST,Mouse Brain,13B,BASS,0.4005921542767726,0.6098708311283678,0.5011588419193675,0.7455268389662028,0.6569589942024363,0.5690813799481654,0.6098708311283678,158.21099810600282,448.04,domain
547,ST,Mouse Brain,13B,Banksy,0.2768400022774085,0.5210692346583901,0.4042601405902085,0.6381709741550696,0.5377469962976489,0.5053948471625623,0.5210692346583901,16.13973126411438,1038.7701770782471,domain
548,ST,Mouse Brain,13B,BayesSpace,0.4730724296248941,0.6307788705566761,0.5637978895189573,0.7634194831013916,0.6655345195011519,0.5994730919316218,0.6307788705566761,261.0757559776306,1322.0,domain
549,ST,Mouse Brain,13B,CCST,0.4051844348428874,0.5764223977933209,0.5068468243921499,0.7125248508946322,0.603349551235501,0.5518201011456892,0.5764223977933208,91.64549174308776,735.213376045227,domain
550,ST,Mouse Brain,13B,CellCharter,0.4079021951485155,0.5942039335667979,0.5077723150075185,0.7447316103379722,0.6323319941561292,0.5605831770446204,0.5942039335667979,81.61020240783691,1373.204375076294,domain
551,ST,Mouse Brain,13B,DeepST,0.4085188458162992,0.5362806858955137,0.5587841764089756,0.6560636182902584,0.5077934809202674,0.6353835330715959,0.5362806858955137,75.21341648101807,967.099951171875,domain
552,ST,Mouse Brain,13B,GraphST,0.2568727005555841,0.498748800904761,0.3987699911279188,0.6441351888667992,0.4875512056887098,0.5104728375536719,0.498748800904761,20.997616958618163,991.4802583694458,domain
553,ST,Mouse Brain,13B,PRECAST,0.4443829408613736,0.6112844499313619,0.5390615145179153,0.7495029821073559,0.6469426012524833,0.5793517669776458,0.6112844499313619,11.643284034729003,287.48,domain
554,ST,Mouse Brain,13B,SEDR,0.2935688805594625,0.5244444400438631,0.4114929002999173,0.6612326043737575,0.5532832596739092,0.4985108410036142,0.5244444400438631,23.42208847999573,1258.8387617111207,domain
555,ST,Mouse Brain,13B,STAGATE,0.3895467638277814,0.5928714528333666,0.4913495704837594,0.7367793240556659,0.6363534513574722,0.5549517384088609,0.5928714528333666,30.46518521308899,728.3192028045654,domain
556,ST,Mouse Brain,13B,SpaGCN,0.4553089192616249,0.5882573114745588,0.5484842539166253,0.73558648111332,0.6210870671405031,0.5587239776760317,0.5882573114745587,47.66560626029968,1770.212129020691,domain
557,ST,Mouse Brain,13B,SpaceFlow,0.3141567962193471,0.5109436986200496,0.4248463426305174,0.6679920477137177,0.5505550456498415,0.4766896343306491,0.5109436986200495,29.047351026535036,808.8416471481323,domain
558,ST,Mouse Brain,13B,SpatialMGCN,0.4104041002311323,0.5940042036243919,0.5095876093845452,0.7236580516898609,0.6349082330541996,0.5580516665437901,0.5940042036243919,9.8154324054718,818.4117366790772,domain
559,ST,Mouse Brain,13B,stLearn,0.4397041449456376,0.5810306224233739,0.5402055139715817,0.7248508946322068,0.5849528608003443,0.5772924555681604,0.581030622423374,58.87897891998291,1281.459529876709,domain
560,ST,Mouse Brain,14A,BASS,0.4816817369985687,0.6241889326592098,0.566716582019598,0.7486818980667839,0.6454497712873779,0.6042840744292847,0.6241889326592099,144.14445004463195,459.28,domain
561,ST,Mouse Brain,14A,Banksy,0.4471576428438353,0.6430351913501497,0.5381364848758531,0.7697715289982425,0.6919978612825148,0.6005434276156494,0.6430351913501499,18.272014093399047,1104.952565574646,domain
562,ST,Mouse Brain,14A,BayesSpace,0.4797779907605347,0.6235543327223727,0.5650650907799157,0.773286467486819,0.6477863066108286,0.6010698962910662,0.6235543327223727,294.0923200130463,1459.3,domain
563,ST,Mouse Brain,14A,CCST,0.5919666874570252,0.6267254842258455,0.6605585184807413,0.7289982425307557,0.655658246095812,0.6003623441723593,0.6267254842258455,99.00822043418884,759.97242603302,domain
564,ST,Mouse Brain,14A,CellCharter,0.4867531582296558,0.6233935225221536,0.5715970782118813,0.7599297012302284,0.6626963889664259,0.5885368184659256,0.6233935225221535,83.06067867279053,1374.1648986816408,domain
565,ST,Mouse Brain,14A,DeepST,0.4353311277844922,0.6188781285797106,0.5273777640733462,0.7578207381370825,0.6620099380524038,0.5810780065665491,0.6188781285797106,76.87921314239502,1045.0956655502318,domain
566,ST,Mouse Brain,14A,GraphST,0.4095670357569703,0.5582498924398593,0.5066445190270579,0.6959578207381371,0.5553114304627054,0.5612196179265758,0.5582498924398592,24.91467127799988,1052.207914543152,domain
567,ST,Mouse Brain,14A,PRECAST,0.4207916864912605,0.5761252456451128,0.5139932804771613,0.7451669595782073,0.6054183337604713,0.5495360162654239,0.5761252456451127,14.044324016571045,268.28000000000003,domain
568,ST,Mouse Brain,14A,SEDR,0.3370703018010115,0.5698395861771506,0.4427492394219709,0.6833040421792619,0.6055201139111311,0.5382991674946249,0.5698395861771506,25.095790004730222,1315.1006896972656,domain
569,ST,Mouse Brain,14A,STAGATE,0.4274969037255066,0.618380147807159,0.5202148174929049,0.7803163444639719,0.6617489915650305,0.5803560933352863,0.618380147807159,33.857719850540164,789.0805297851563,domain
570,ST,Mouse Brain,14A,SpaGCN,0.3435306872536613,0.5491811197306762,0.4456451350529627,0.7240773286467487,0.595347637048379,0.5096593422265534,0.5491811197306762,40.633536195755006,1855.4538173675544,domain
571,ST,Mouse Brain,14A,SpaceFlow,0.3253728954705784,0.5091813861067507,0.4292452578609465,0.6586994727592267,0.5491856691831335,0.4746157530339586,0.5091813861067507,23.57413024902344,844.8482065200806,domain
572,ST,Mouse Brain,14A,SpatialMGCN,0.369302493112159,0.5909214629317081,0.4687138552272142,0.7521968365553603,0.6383118103318752,0.5500816127157313,0.590921462931708,11.24313998222351,830.6004789352417,domain
573,ST,Mouse Brain,14A,stLearn,0.595366651409521,0.5877014689942804,0.6688381107281449,0.7040421792618629,0.5882964097296697,0.5877390140007014,0.5877014689942804,66.39513716697692,1356.531427764893,domain
574,ST,Mouse Brain,14B,BASS,0.4608297534701381,0.6186423313679239,0.5505523894328299,0.7474226804123711,0.6624524092094425,0.5802674081768928,0.618642331367924,167.31539607048035,456.52,domain
575,ST,Mouse Brain,14B,Banksy,0.3908052855538083,0.6092705200725789,0.4884416073825394,0.7577319587628866,0.6532647952649195,0.5708279725857812,0.6092705200725789,18.5293749332428,1116.8967586517333,domain
576,ST,Mouse Brain,14B,BayesSpace,0.4300353389388757,0.5803474461903456,0.5228724271392039,0.7336769759450171,0.6073101864098569,0.5556770609796101,0.5803474461903457,300.0334139823914,1484.1,domain
577,ST,Mouse Brain,14B,CCST,0.5318388085293831,0.6219350092349207,0.6109988076624874,0.7353951890034365,0.6593495668353745,0.588592733687719,0.6219350092349208,97.22353348731994,763.3518394470215,domain
578,ST,Mouse Brain,14B,CellCharter,0.485238672528852,0.5966026187447535,0.5706910497140328,0.7206185567010308,0.6314085572535963,0.5656289785445379,0.5966026187447535,94.42903761863708,1425.4547155380249,domain
579,ST,Mouse Brain,14B,DeepST,0.4241533310292404,0.6132757840726759,0.5180416390133837,0.7353951890034365,0.6563525743504149,0.5756086181171318,0.6132757840726759,80.30238552093506,1061.4896392822266,domain
580,ST,Mouse Brain,14B,GraphST,0.4566416162238108,0.5618895262750455,0.549352809178568,0.7027491408934707,0.5548438188799532,0.5691164755972513,0.5618895262750456,23.827337884902956,1062.6271869659424,domain
581,ST,Mouse Brain,14B,PRECAST,0.4548295226018519,0.5895480184383922,0.5443147429282572,0.7474226804123711,0.6214421237229951,0.5607678808376277,0.5895480184383921,14.620917987823486,263.78000000000003,domain
582,ST,Mouse Brain,14B,SEDR,0.3274004302865881,0.5692161565634228,0.4353067079598766,0.7024054982817869,0.597393470509533,0.543752174947311,0.5692161565634227,25.23693037033081,1293.256090927124,domain
583,ST,Mouse Brain,14B,STAGATE,0.3769018594291113,0.5783551333133073,0.4761578160259862,0.738831615120275,0.6165334418412426,0.5446337290812511,0.5783551333133073,34.33746814727783,800.0559562683105,domain
584,ST,Mouse Brain,14B,SpaGCN,0.4597759092500018,0.6037885615482068,0.549633461794015,0.7525773195876289,0.6467946681104133,0.5661449459241055,0.6037885615482069,39.8194926738739,1751.593963241577,domain
585,ST,Mouse Brain,14B,SpaceFlow,0.3041322717821969,0.4903112209102085,0.4114810546903181,0.6498281786941581,0.5259499770298856,0.4592134434488862,0.4903112209102086,22.94904398918152,850.8469968795777,domain
586,ST,Mouse Brain,14B,SpatialMGCN,0.333417954421737,0.538468618502458,0.437378622384131,0.6993127147766323,0.5831402542701437,0.5001541577861736,0.538468618502458,11.27144021987915,861.290001296997,domain
587,ST,Mouse Brain,14B,stLearn,0.5300415245148005,0.5716042763467094,0.611586669203158,0.7192439862542954,0.5683262708112105,0.5752931809745946,0.5716042763467094,65.87922682762147,1370.109398651123,domain
588,ST,Mouse Brain,15A,BASS,0.6510283907445827,0.618783274077118,0.7128561534269295,0.7210144927536232,0.6099494734320751,0.6278767120511113,0.618783274077118,175.66001405715943,471.02,domain
589,ST,Mouse Brain,15A,Banksy,0.3848744224739652,0.5642556208150433,0.482999690525161,0.6902173913043478,0.604951305300431,0.5286901042447375,0.5642556208150433,17.239335441589354,1086.4474130630492,domain
590,ST,Mouse Brain,15A,BayesSpace,0.442013889557341,0.5896992191645826,0.5329134589507344,0.7409420289855072,0.6139947302000778,0.5672532487247051,0.5896992191645826,286.11755003929136,1426.86,domain
591,ST,Mouse Brain,15A,CCST,0.5851389253433545,0.5920279200815907,0.6559277603799218,0.7079710144927536,0.6085118681667755,0.5765130827274577,0.5920279200815908,97.10736784934996,746.4209579467773,domain
592,ST,Mouse Brain,15A,CellCharter,0.4142605719128507,0.5522445286205799,0.5085633983134661,0.7,0.5900051934788055,0.5190598348962918,0.5522445286205799,82.38469762802124,1395.9408695220948,domain
593,ST,Mouse Brain,15A,DeepST,0.3921733452068013,0.5685785053444417,0.489286725726543,0.7155797101449275,0.6044021249128726,0.536786784366494,0.5685785053444417,74.41684608459472,1023.7799436569214,domain
594,ST,Mouse Brain,15A,GraphST,0.4597041826003474,0.5718358427269818,0.548794844487306,0.7137681159420289,0.5842318251260413,0.5599549565996672,0.5718358427269817,23.729391431808477,1034.5916774749755,domain
595,ST,Mouse Brain,15A,PRECAST,0.4073560358255365,0.5717225568854555,0.5026736887097967,0.7192028985507246,0.6052330522989374,0.5417281934372316,0.5717225568854555,13.448280000686646,289.18,domain
596,ST,Mouse Brain,15A,SEDR,0.2736316699542146,0.5052518177643276,0.3878553838688995,0.6264492753623189,0.5307095221570108,0.4821481500217016,0.5052518177643275,25.10726914405823,1294.426524925232,domain
597,ST,Mouse Brain,15A,STAGATE,0.3900883485375274,0.5413592352214481,0.4873783515716939,0.7170289855072464,0.5770127426054865,0.5099149662105293,0.5413592352214482,31.70820894241333,772.1867015838623,domain
598,ST,Mouse Brain,15A,SpaGCN,0.4852510344177376,0.5879252794902959,0.5705580798007406,0.7318840579710145,0.6203350018489632,0.5587339365820055,0.5879252794902959,40.95300607681274,1736.3243881225585,domain
599,ST,Mouse Brain,15A,SpaceFlow,0.2648339048049609,0.4538640548649765,0.3755041507912823,0.6068840579710144,0.4887333419405962,0.4236468971883049,0.4538640548649766,28.573731088638304,834.1136306762695,domain
600,ST,Mouse Brain,15A,SpatialMGCN,0.2819198307300249,0.5255581288907288,0.3945294129326168,0.6721014492753623,0.5548318309230436,0.4992186556315635,0.5255581288907287,11.494770097732545,851.326639175415,domain
601,ST,Mouse Brain,15A,stLearn,0.525923606177195,0.5130387015653631,0.6216036855788414,0.666304347826087,0.4892202565080072,0.5398729564703636,0.5130387015653631,63.06065936088562,1323.616033172607,domain
602,ST,Mouse Brain,15B,BASS,0.648012208526004,0.6574711728204103,0.7051301129717792,0.7018518518518518,0.6369778119760032,0.6793270265482249,0.6574711728204103,180.15633606910703,471.02,domain
603,ST,Mouse Brain,15B,Banksy,0.2723818350442433,0.515469940605138,0.3844209879481463,0.6444444444444445,0.5298301497534854,0.5018676118690801,0.515469940605138,17.026767349243165,1075.7684951782226,domain
604,ST,Mouse Brain,15B,BayesSpace,0.4148820401100995,0.6262791448903378,0.5030642543826107,0.7481481481481481,0.6432394936733875,0.6101902093138482,0.6262791448903379,279.6634180545807,1404.0,domain
605,ST,Mouse Brain,15B,CCST,0.4935072891736225,0.5964188568343074,0.5700783336897193,0.6966666666666667,0.618582766483039,0.5758026161918468,0.5964188568343075,95.32997059822084,745.2680671691894,domain
606,ST,Mouse Brain,15B,CellCharter,0.4137164167611571,0.5719495886685759,0.4999591045519226,0.7007407407407407,0.6054135965001233,0.5420754699509823,0.5719495886685759,78.46886205673218,1347.1826545715332,domain
607,ST,Mouse Brain,15B,DeepST,0.4913509297881145,0.6401845583061118,0.5682805944317532,0.7585185185185186,0.6733086691784355,0.6101790987512595,0.6401845583061118,75.49013142585754,1010.5080797195436,domain
608,ST,Mouse Brain,15B,GraphST,0.3083807083559715,0.5113143387425281,0.4295375967619668,0.6296296296296297,0.4847279328407675,0.5409864155001736,0.511314338742528,23.863943767547607,1025.1702573776245,domain
609,ST,Mouse Brain,15B,PRECAST,0.4512610849644023,0.6097469099171711,0.5330042289892385,0.7203703703703703,0.6359204975876975,0.5856426858213987,0.6097469099171712,13.171340036392213,288.98,domain
610,ST,Mouse Brain,15B,SEDR,0.3403089036102504,0.5822643285626753,0.4366689347349365,0.7025925925925927,0.6101549126381659,0.5568404495417523,0.5822643285626753,28.387834119796757,1310.7201425552369,domain
611,ST,Mouse Brain,15B,STAGATE,0.5008020578031915,0.6201958534653517,0.5761527095808361,0.7488888888888889,0.645826515139789,0.5965242855012386,0.6201958534653517,31.63739666938782,762.0772981643677,domain
612,ST,Mouse Brain,15B,SpaGCN,0.508276388372248,0.6504232167567293,0.5841119543952983,0.7814814814814814,0.690531089579459,0.6147187265761609,0.6504232167567293,46.10804772377014,1785.209122276306,domain
613,ST,Mouse Brain,15B,SpaceFlow,0.4004466022687539,0.5737800432687864,0.4881704197083222,0.6888888888888889,0.6075245302718886,0.5435931343852546,0.5737800432687864,23.80471315383911,828.9221923828125,domain
614,ST,Mouse Brain,15B,SpatialMGCN,0.3724126232559384,0.5878702859539737,0.4644750369386675,0.6962962962962963,0.6155186512545788,0.5625990080478376,0.5878702859539738,11.006422996520996,851.8571397781373,domain
615,ST,Mouse Brain,15B,stLearn,0.5319379009245107,0.571766396926967,0.6109867777281782,0.7103703703703703,0.5595708822265572,0.5847594707639123,0.5717663969269671,62.62359237670898,1313.0728942871094,domain
616,ST,Mouse Brain,16A,BASS,0.4759299896259078,0.62640103154922,0.5629517929782007,0.7396021699819169,0.6363648872989119,0.6167443829985533,0.6264010315492201,161.06445198059083,467.82,domain
617,ST,Mouse Brain,16A,Banksy,0.3382947830162746,0.6032896022926634,0.4477639604634483,0.6799276672694394,0.6186399375974291,0.588682599509042,0.6032896022926633,17.093013525009155,1067.696889877319,domain
618,ST,Mouse Brain,16A,BayesSpace,0.4688506458504534,0.6242238188101246,0.556968671963691,0.7504520795660036,0.6531935942010919,0.5977145915037164,0.6242238188101246,285.88926005363464,1428.8,domain
619,ST,Mouse Brain,16A,CCST,0.5340449602434284,0.6178612573091682,0.6132281546249951,0.7160940325497288,0.6508751537543387,0.588130225213967,0.6178612573091682,92.30278844833374,748.7604312896729,domain
620,ST,Mouse Brain,16A,CellCharter,0.4699922747062606,0.5972393563095229,0.5579438176322576,0.7157323688969258,0.6321619305778178,0.5660707086013598,0.5972393563095229,82.3581796169281,1354.333008003235,domain
621,ST,Mouse Brain,16A,DeepST,0.4114014943052734,0.6022535432052427,0.5074936722581483,0.7226039783001809,0.6441397665277905,0.5654901061326958,0.6022535432052427,76.39068803787231,1025.2525993347167,domain
622,ST,Mouse Brain,16A,GraphST,0.4330535711815438,0.5821972329463198,0.5260358896144394,0.6962025316455697,0.5952469750168932,0.5697074010752421,0.5821972329463198,24.128869819641118,1035.751602745056,domain
623,ST,Mouse Brain,16A,PRECAST,0.449808319081418,0.6008461884667953,0.5404699989688293,0.7359855334538878,0.6299270584258548,0.5743318946023462,0.6008461884667953,13.4905659198761,284.58000000000004,domain
624,ST,Mouse Brain,16A,SEDR,0.2217092540942222,0.5138831342636248,0.3607753385970508,0.6209764918625679,0.5194643886217144,0.5085286597007656,0.5138831342636248,24.760952615737917,1222.8432573318482,domain
625,ST,Mouse Brain,16A,STAGATE,0.409283874003954,0.6051645368111928,0.5054527880170152,0.749005424954792,0.6454326828114907,0.5696259388315414,0.6051645368111929,33.75480694770813,773.3582693099976,domain
626,ST,Mouse Brain,16A,SpaGCN,0.4326877512705624,0.6114489502783875,0.5256347904506176,0.7359855334538878,0.6480653807889929,0.5787489754445966,0.6114489502783875,43.01719455718994,1687.6951665878296,domain
627,ST,Mouse Brain,16A,SpaceFlow,0.4120299992743782,0.6077628101075401,0.5077435594405643,0.7146473779385172,0.647163774413314,0.5728858828935441,0.6077628101075401,31.628872108459472,834.6312772750855,domain
628,ST,Mouse Brain,16A,SpatialMGCN,0.5118215092587379,0.6167365678875343,0.5938309360166993,0.7432188065099458,0.6417865353099774,0.593568623615576,0.6167365678875342,11.039431858062745,851.7210163116455,domain
629,ST,Mouse Brain,16A,stLearn,0.5276357680839263,0.5592273798547979,0.6126864878927034,0.6878842676311031,0.5557469713930485,0.56307107432116,0.5592273798547979,62.58332929611206,1327.4645977020264,domain
630,ST,Mouse Brain,16B,BASS,0.5389993961341268,0.6706153629616142,0.6079477505402298,0.7621832358674464,0.6950829370382356,0.6478117782003983,0.6706153629616141,171.83533997535704,475.84,domain
631,ST,Mouse Brain,16B,Banksy,0.3235949451371436,0.5674814625162145,0.4246362280283741,0.6393762183235867,0.5830644159038101,0.5527097661347841,0.5674814625162146,16.2615975856781,1051.4877655029295,domain
632,ST,Mouse Brain,16B,BayesSpace,0.4343806859004709,0.6183455700354324,0.5161245883670303,0.7660818713450293,0.649514461006368,0.5900311627580851,0.6183455700354324,267.62754402160647,1352.5,domain
633,ST,Mouse Brain,16B,CCST,0.5512212200854488,0.6217103419178901,0.6181979944724276,0.7107212475633528,0.6445758059692757,0.6004905973579532,0.6217103419178901,95.43137335777284,739.8224563598633,domain
634,ST,Mouse Brain,16B,CellCharter,0.4962209027608506,0.6130392104707235,0.5703358779189875,0.7212475633528265,0.6434697738466457,0.5854401202644437,0.6130392104707235,80.02395448684692,1384.4138679504397,domain
635,ST,Mouse Brain,16B,DeepST,0.4593571679343657,0.6163785715475137,0.5381724470146142,0.7407407407407407,0.6432605387101724,0.5918996101221529,0.6163785715475137,72.79586300849914,980.166312599182,domain
636,ST,Mouse Brain,16B,GraphST,0.4888581429983579,0.5829308424991788,0.5708449355127453,0.6783625730994152,0.5647092455911231,0.6023675687690043,0.5829308424991788,23.748214054107667,1003.30668258667,domain
637,ST,Mouse Brain,16B,PRECAST,0.4917923997336803,0.6139596305944645,0.5665469088530698,0.7582846003898636,0.6342517965196861,0.5949256597533399,0.6139596305944646,12.752576065063476,292.48,domain
638,ST,Mouse Brain,16B,SEDR,0.2306667826963032,0.522856769161415,0.3611487745860352,0.620662768031189,0.5228978464453088,0.5229096500669634,0.522856769161415,25.69807724952698,1288.3205944061278,domain
639,ST,Mouse Brain,16B,STAGATE,0.4172151789412147,0.6061974318720763,0.5010997325178609,0.7372319688109161,0.63455389013382,0.580267607752728,0.6061974318720764,31.32845993041992,738.8042804718018,domain
640,ST,Mouse Brain,16B,SpaGCN,0.4966561061082694,0.5999020813769326,0.5708244397678639,0.7446393762183235,0.618248781138924,0.5826128864268834,0.5999020813769327,36.83505415916443,1732.7744789123535,domain
641,ST,Mouse Brain,16B,SpaceFlow,0.3995964710043976,0.5647267373400895,0.4853270653945573,0.6732943469785575,0.5984616155292565,0.5345991792724755,0.5647267373400895,25.17824206352234,816.9897220611572,domain
642,ST,Mouse Brain,16B,SpatialMGCN,0.3342353873221623,0.5814985317701966,0.4351065112273626,0.6900584795321637,0.593520513862214,0.5699539003327952,0.5814985317701966,10.5258816242218,853.9185485839844,domain
643,ST,Mouse Brain,16B,stLearn,0.567134903855445,0.5571884045272076,0.6354729653656428,0.6986354775828459,0.5534408095090338,0.5610688224430738,0.5571884045272076,58.87171449661255,1299.735834503174,domain
644,ST,Mouse Brain,17B,BASS,0.5268501427197665,0.6544379612097272,0.6022246615059583,0.7504187604690117,0.6762368071977597,0.6340006207099638,0.6544379612097273,173.26087398529052,478.16,domain
645,ST,Mouse Brain,17B,Banksy,0.4050967574320673,0.6280937397045934,0.4970174048121171,0.7252931323283082,0.6563418715900395,0.60217680445061,0.6280937397045934,18.0695059299469,1133.9365922927857,domain
646,ST,Mouse Brain,17B,BayesSpace,0.4880450626863714,0.6423808526796305,0.5686647097344636,0.7621440536013401,0.6689896864075084,0.6178077623061807,0.6423808526796304,307.947924041748,1512.72,domain
647,ST,Mouse Brain,17B,CCST,0.574537319706883,0.6201122645093744,0.6429041277017513,0.7125628140703518,0.642953093335336,0.598968071595239,0.6201122645093744,98.00712966918944,769.4754356384277,domain
648,ST,Mouse Brain,17B,CellCharter,0.4858237269598959,0.6238730707087147,0.56610241704907,0.7242881072026801,0.6557683425541816,0.5951541854291609,0.6238730707087147,94.02319045066834,1347.890987205505,domain
649,ST,Mouse Brain,17B,DeepST,0.5062239253551316,0.6639640961096653,0.5851485996519982,0.7738693467336683,0.6984516307202069,0.6328182237208482,0.6639640961096653,79.9098874092102,1078.033441734314,domain
650,ST,Mouse Brain,17B,GraphST,0.4703055439242201,0.5984133812121943,0.5555163039713247,0.7102177554438861,0.5978168214567362,0.5990111327676116,0.5984133812121942,24.559368705749517,1078.235376167297,domain
651,ST,Mouse Brain,17B,PRECAST,0.4532980927791181,0.6257419388735762,0.538489736339171,0.7386934673366834,0.6535906578070501,0.6001694345901722,0.6257419388735763,14.564257955551149,268.28000000000003,domain
652,ST,Mouse Brain,17B,SEDR,0.3314319694867941,0.5991441786370493,0.4337083202103674,0.7065326633165829,0.6280133056443443,0.5728564395872942,0.5991441786370493,26.15580220222473,1302.0304597854615,domain
653,ST,Mouse Brain,17B,STAGATE,0.3945804311356523,0.6269888511688728,0.4870182836664319,0.7460636515912897,0.6637374642965621,0.5940986205454835,0.6269888511688727,35.72898678779602,814.6720275878906,domain
654,ST,Mouse Brain,17B,SpaGCN,0.4640454635490549,0.617490340319765,0.5481592612459945,0.7420435510887772,0.6526435592543137,0.5859304758196886,0.6174903403197651,50.818570375442505,1764.9533433914185,domain
655,ST,Mouse Brain,17B,SpaceFlow,0.2864317397484133,0.468155884132346,0.3906787353698359,0.6033500837520938,0.499153688597348,0.4408007382228779,0.468155884132346,24.219410562515257,861.0277458190918,domain
656,ST,Mouse Brain,17B,SpatialMGCN,0.4611704504760993,0.6342223654271728,0.5466604360679571,0.7520938023450586,0.6773714434870175,0.596241337080659,0.6342223654271728,12.505038404464722,865.4328125,domain
657,ST,Mouse Brain,17B,stLearn,0.622279637604304,0.6208296078914477,0.6849569058406588,0.7276381909547739,0.6198726921558599,0.6217971431710559,0.6208296078914477,67.61158123016358,1383.4869535446169,domain
658,ST,Mouse Brain,18A,BASS,0.448654348860605,0.6423099015372417,0.534499903044057,0.7670753064798599,0.6850627713508048,0.6045797538909882,0.6423099015372417,296.6860599517822,508.82,domain
659,ST,Mouse Brain,18A,Banksy,0.3725953612586046,0.6309635768789472,0.4675702950399119,0.7600700525394045,0.6854162435539164,0.5845260946968578,0.6309635768789471,18.262884187698365,1105.804268836975,domain
660,ST,Mouse Brain,18A,BayesSpace,0.4147505793718599,0.6179550122207118,0.5042533338236517,0.7478108581436077,0.6498873043862713,0.5890137496122475,0.6179550122207117,294.8869599819183,1474.6,domain
661,ST,Mouse Brain,18A,CCST,0.454172826993894,0.6006439631929158,0.5391495986749512,0.7071803852889668,0.6413773884210112,0.5647954824771091,0.6006439631929158,97.03882608413696,757.8933532714843,domain
662,ST,Mouse Brain,18A,CellCharter,0.4872028421870705,0.64185469826979,0.569056233994958,0.7793345008756567,0.6908048069970779,0.5994816431339746,0.64185469826979,78.50569190979004,1414.920016288757,domain
663,ST,Mouse Brain,18A,DeepST,0.4588157091757714,0.6380724878466294,0.5445238564523948,0.7821366024518388,0.6867787591101197,0.5958536747192397,0.6380724878466294,77.1309356212616,1046.4151361465454,domain
664,ST,Mouse Brain,18A,GraphST,0.5649845782201305,0.6194435290227763,0.6360429692225118,0.7110332749562172,0.6225220977912336,0.6163952594089355,0.6194435290227763,25.717101335525516,1052.4276176452636,domain
665,ST,Mouse Brain,18A,PRECAST,0.4040922556192149,0.6132980967096497,0.4948662645269385,0.7460595446584939,0.647963758587548,0.582153256165861,0.6132980967096496,14.663057994842529,269.58000000000004,domain
666,ST,Mouse Brain,18A,SEDR,0.2979937487040475,0.5755187366032364,0.4017146598391296,0.6896672504378284,0.6162819211435014,0.5398727114518955,0.5755187366032363,25.013216543197636,1312.9676679611207,domain
667,ST,Mouse Brain,18A,STAGATE,0.3504047439192822,0.5985638969477474,0.4472452789142922,0.7267950963222417,0.6494200136369591,0.5550965241982391,0.5985638969477473,34.04050636291504,789.8805404663086,domain
668,ST,Mouse Brain,18A,SpaGCN,0.4130884304655753,0.6055626877301009,0.5032605247673249,0.7635726795096323,0.650825302883718,0.5661864104296703,0.605562687730101,57.49678287506104,1800.4033655166627,domain
669,ST,Mouse Brain,18A,SpaceFlow,0.4138394448183219,0.5993038411407652,0.5046577280974229,0.7204903677758319,0.6484235278358639,0.5571198110142135,0.5993038411407653,24.001836442947383,844.7822956085205,domain
670,ST,Mouse Brain,18A,SpatialMGCN,0.4291201067707254,0.6168364767405149,0.5183011347248524,0.7670753064798599,0.6665168135585168,0.5740484763833676,0.6168364767405149,10.78093466758728,858.8364253997803,domain
671,ST,Mouse Brain,18A,stLearn,0.4950466898230375,0.5759986323456346,0.5752685133266372,0.6942206654991243,0.5861927328519191,0.5661812872492058,0.5759986323456346,66.54039750099182,1349.8070428848266,domain
672,ST,Mouse Brain,19A,BASS,0.5212488240367519,0.6292080415735765,0.588609833804343,0.7184801381692574,0.6575921678104885,0.6031728554654242,0.6292080415735765,152.44778203964233,509.2600000000001,domain
673,ST,Mouse Brain,19A,Banksy,0.3326384058715393,0.5652274985027466,0.4256823292741321,0.6753022452504318,0.5854647583693801,0.546342542820611,0.5652274985027468,18.17969298362732,1116.1832717895509,domain
674,ST,Mouse Brain,19A,BayesSpace,0.4006407825821677,0.5947571707363953,0.4821544815646607,0.7288428324697754,0.628470760545477,0.564476480352395,0.5947571707363952,298.91662607192995,1489.86,domain
675,ST,Mouse Brain,19A,CCST,0.3965327513790205,0.56339760038003,0.4800380176609898,0.6590673575129534,0.5849598847326828,0.5434037926115936,0.5633976003800298,97.56919050216676,761.1910133361816,domain
676,ST,Mouse Brain,19A,CellCharter,0.4611839727336737,0.610283834898843,0.5360716655142317,0.730915371329879,0.6467937997243235,0.5776952103316851,0.610283834898843,94.00495176315307,1375.8214227676392,domain
677,ST,Mouse Brain,19A,DeepST,0.4774187084485891,0.6241890374075866,0.5507211816528166,0.7440414507772021,0.660836342381198,0.5914621513543586,0.6241890374075866,78.95590596199035,1057.546731376648,domain
678,ST,Mouse Brain,19A,GraphST,0.3690650853181705,0.5800719632223436,0.4643656508454007,0.6545768566493955,0.5713304855558861,0.5890850901059795,0.5800719632223436,24.895414686203004,1062.6318756103517,domain
679,ST,Mouse Brain,19A,PRECAST,0.4013507946070919,0.6025367307639259,0.4827289109949543,0.7253886010362695,0.6398320367749611,0.569349780043149,0.6025367307639259,14.927576065063477,272.18,domain
680,ST,Mouse Brain,19A,SEDR,0.3265520153614645,0.5687410350647706,0.4188098018230768,0.6787564766839378,0.5965684254089523,0.5434722248921678,0.5687410350647706,24.16075134277344,1289.7464136123658,domain
681,ST,Mouse Brain,19A,STAGATE,0.4253319474521524,0.5995564849668036,0.5041921957805005,0.7392055267702936,0.6363555288561173,0.5667838485729193,0.5995564849668036,33.02972092628479,798.9060592651367,domain
682,ST,Mouse Brain,19A,SpaGCN,0.4179538859427467,0.590130792958937,0.4975205834067002,0.7322970639032815,0.6227552594029856,0.5607543849115173,0.590130792958937,47.08108878135681,1753.3132112503051,domain
683,ST,Mouse Brain,19A,SpaceFlow,0.410313312548622,0.5790005615105146,0.4909117641866025,0.6898100172711572,0.6178078237768412,0.5447823894588999,0.5790005615105147,35.519421911239625,851.506106376648,domain
684,ST,Mouse Brain,19A,SpatialMGCN,0.3963095538603999,0.565635034390801,0.4783173233522665,0.7063903281519862,0.6032863429094275,0.532407310693588,0.565635034390801,12.847159099578857,860.7462842941284,domain
685,ST,Mouse Brain,19A,stLearn,0.5302112301188143,0.5966289995980643,0.6027725760864241,0.6849740932642486,0.5842819178565266,0.6095629745459441,0.5966289995980643,65.5512493610382,1357.6390209197998,domain
686,ST,Mouse Brain,19B,BASS,0.5566479563786603,0.692102949504132,0.625450196678894,0.8020134228187918,0.7112989374797521,0.6739158280969701,0.692102949504132,161.44982800483703,506.6,domain
687,ST,Mouse Brain,19B,Banksy,0.3216017320561503,0.5747917620202677,0.4243137784296695,0.6812080536912751,0.5985565273789237,0.552842020762965,0.5747917620202678,17.936372995376587,1132.8560249328614,domain
688,ST,Mouse Brain,19B,BayesSpace,0.5221756770501026,0.6608983959739334,0.5963726285807796,0.8003355704697986,0.6969423797271753,0.6283992769808903,0.6608983959739334,308.0232880115509,1589.98,domain
689,ST,Mouse Brain,19B,CCST,0.5704675052781827,0.6372388958266868,0.6374590930566998,0.7328859060402685,0.6668838351935776,0.6102055732167522,0.6372388958266869,96.5304208278656,765.6633218765259,domain
690,ST,Mouse Brain,19B,CellCharter,0.497996163988592,0.6283561308468714,0.575879102950202,0.7476510067114094,0.6715060425064695,0.5905006375622615,0.6283561308468715,94.11278734207151,1384.5479074478149,domain
691,ST,Mouse Brain,19B,DeepST,0.4459005437122122,0.6303733356480608,0.5296622958291769,0.7523489932885906,0.6630423872006179,0.600937847562298,0.6303733356480608,80.14819989204406,1076.9942361831663,domain
692,ST,Mouse Brain,19B,GraphST,0.4411982020483952,0.5872415858841287,0.5314783689426276,0.6828859060402684,0.5771994281204724,0.5976393590575519,0.5872415858841287,25.16426720619201,1077.421883964539,domain
693,ST,Mouse Brain,19B,PRECAST,0.4352108129032658,0.6124038817174162,0.5205275054670649,0.7516778523489933,0.6533205917965144,0.5763102405203095,0.6124038817174162,15.19939398765564,270.98,domain
694,ST,Mouse Brain,19B,SEDR,0.3095508012801346,0.5774774544192856,0.4119842621731089,0.6956375838926174,0.6084376523214217,0.5496460589867317,0.5774774544192856,26.02688822746277,1316.3177545547485,domain
695,ST,Mouse Brain,19B,STAGATE,0.4078420853665617,0.6081523160325837,0.4958913997156774,0.7476510067114094,0.640023134483372,0.5793096263152153,0.6081523160325837,33.88893098831177,813.8935033798218,domain
696,ST,Mouse Brain,19B,SpaGCN,0.4510857622910079,0.6235821472845522,0.5353006641446482,0.7768456375838926,0.6697307875597097,0.5833833832495516,0.6235821472845522,57.39274306297303,1706.797433280945,domain
697,ST,Mouse Brain,19B,SpaceFlow,0.267720210019167,0.4597470880940466,0.369918426083217,0.6067114093959731,0.4953888623013557,0.4288903393318179,0.4597470880940466,27.373183298110963,860.403186416626,domain
698,ST,Mouse Brain,19B,SpatialMGCN,0.452165293136375,0.6557530759242729,0.5355753861681911,0.790268456375839,0.6995055030399866,0.6171516866941956,0.6557530759242729,12.409952974319458,862.8638927459717,domain
699,ST,Mouse Brain,19B,stLearn,0.5918962541989432,0.614054775610712,0.6607419367569628,0.7281879194630873,0.6121406318654902,0.6166074566508667,0.614054775610712,67.28731365203858,1367.88889541626,domain
700,ST,Mouse Brain,20A,BASS,0.6019528204741127,0.686422403075485,0.6693697250402426,0.78,0.7007070330301567,0.6727085508333537,0.686422403075485,199.12956805229183,515.98,domain
701,ST,Mouse Brain,20A,Banksy,0.3454407298547378,0.6152167227151949,0.4474366165193489,0.7581818181818182,0.673613609722937,0.5661371786347078,0.615216722715195,17.42393732070923,1083.8954488754273,domain
702,ST,Mouse Brain,20A,BayesSpace,0.4371219398276411,0.6319197995645542,0.5290041995259476,0.7654545454545455,0.6841807652661243,0.5870761444829892,0.6319197995645542,284.4401180267334,1434.5,domain
703,ST,Mouse Brain,20A,CCST,0.4682394159002808,0.5946027369344706,0.5551077432210546,0.708,0.6355852609072133,0.5586386651594342,0.5946027369344706,97.90932507514954,746.4839506149292,domain
704,ST,Mouse Brain,20A,CellCharter,0.4255507454340373,0.6039951380037254,0.5187497837187691,0.7330909090909091,0.6570202269749371,0.5589440979139887,0.6039951380037254,82.1856984615326,1394.4694974899292,domain
705,ST,Mouse Brain,20A,DeepST,0.4473888175778177,0.6256433329081313,0.5386560807686775,0.7534545454545455,0.68078020507012,0.5788461043435822,0.6256433329081313,77.7082094192505,1021.3034154891968,domain
706,ST,Mouse Brain,20A,GraphST,0.4019912021119959,0.5804655135927885,0.4983279002956655,0.7072727272727273,0.6108437246765228,0.5529656685074156,0.5804655135927885,24.461887884140012,1032.5224073410034,domain
707,ST,Mouse Brain,20A,PRECAST,0.4163899810425063,0.6200660950249848,0.5106610705788531,0.7654545454545455,0.6729187298895284,0.5749112039618139,0.6200660950249848,14.230339956283569,280.12,domain
708,ST,Mouse Brain,20A,SEDR,0.3240162812087848,0.5854177634541173,0.4285950619223851,0.7221818181818183,0.6374306538835115,0.5413009778823505,0.5854177634541173,24.45835781097412,1297.519124031067,domain
709,ST,Mouse Brain,20A,STAGATE,0.470433954377856,0.6460685815182801,0.5594510749166628,0.7883636363636364,0.7042572128620499,0.5967669368680073,0.64606858151828,33.933014965057374,770.2643709182739,domain
710,ST,Mouse Brain,20A,SpaGCN,0.4527623813420522,0.6377389429455729,0.5445654466074376,0.7945454545454546,0.6971383889889335,0.5876669727451289,0.6377389429455729,47.02402467727661,1686.4652763366698,domain
711,ST,Mouse Brain,20A,SpaceFlow,0.3450712717286917,0.5378384951393711,0.4472987538655542,0.6709090909090909,0.5941604881259448,0.4913086639567149,0.537838495139371,31.79005308151245,832.4762073516846,domain
712,ST,Mouse Brain,20A,SpatialMGCN,0.399568579435918,0.619054303037585,0.4956285849713793,0.7509090909090909,0.6716584354003012,0.5740915837888477,0.619054303037585,11.2380024433136,851.4015081405639,domain
713,ST,Mouse Brain,20A,stLearn,0.5347055670912498,0.5702412572524921,0.6137906756357768,0.7109090909090909,0.5786471822685462,0.5621326643903313,0.570241257252492,63.7941189289093,1319.3043884277345,domain
714,ST,Mouse Brain,20B,BASS,0.4194692373315029,0.6426916296995275,0.5089083747146765,0.7685009487666035,0.6818312291052385,0.6078016009589807,0.6426916296995276,200.13056597709652,518.8199999999999,domain
715,ST,Mouse Brain,20B,Banksy,0.3166290117090901,0.5810063904063525,0.4180370542327931,0.7058823529411765,0.6243740304087088,0.5432719234788955,0.5810063904063524,16.78978023529053,1061.6342515945437,domain
716,ST,Mouse Brain,20B,BayesSpace,0.3939049960506204,0.6327635534303785,0.486525274637457,0.7912713472485768,0.6833963696401019,0.5891159692161909,0.6327635534303786,272.76607604026793,1390.6,domain
717,ST,Mouse Brain,20B,CCST,0.3929926755574922,0.565480059846327,0.4862477278743465,0.6967741935483871,0.5997736275036785,0.5349417633910287,0.5654800598463271,95.79584317207336,742.3450412750244,domain
718,ST,Mouse Brain,20B,CellCharter,0.408364573644829,0.5854567807386534,0.4994122710087043,0.7282732447817837,0.6326316158190942,0.5448733144676611,0.5854567807386533,81.38523650169373,1295.323112487793,domain
719,ST,Mouse Brain,20B,DeepST,0.4683597313069344,0.6445502473984099,0.5530755802049707,0.7905123339658444,0.6943528939111498,0.6014359146820237,0.6445502473984099,79.83863716125488,1004.7649488449096,domain
720,ST,Mouse Brain,20B,GraphST,0.3993412370115102,0.5807604435571396,0.4941927667005711,0.698292220113852,0.59051816584223,0.5713199525521194,0.5807604435571396,23.567518043518067,1012.463818359375,domain
721,ST,Mouse Brain,20B,PRECAST,0.4816060746479945,0.6456590947867592,0.5637612835693853,0.7855787476280834,0.6904563497489697,0.6063206204120647,0.6456590947867591,14.15248794555664,301.66,domain
722,ST,Mouse Brain,20B,SEDR,0.2483483744379848,0.541025272017696,0.3683230217393136,0.678178368121442,0.5683288523657423,0.5165082407525694,0.541025272017696,22.62118124961853,1290.4597263336182,domain
723,ST,Mouse Brain,20B,STAGATE,0.4044551080261244,0.6229071674404872,0.4961025286355074,0.771157495256167,0.6747590120127258,0.5784752996801578,0.6229071674404874,31.856811428070067,749.9214700698852,domain
724,ST,Mouse Brain,20B,SpaGCN,0.4849304457421919,0.6310022488534182,0.5667816241003,0.777988614800759,0.67012280269749,0.5961973300278529,0.6310022488534182,54.699960994720456,1726.6819076538086,domain
725,ST,Mouse Brain,20B,SpaceFlow,0.3795609503132583,0.5755859630157414,0.4745039301169415,0.7294117647058823,0.6274586401652119,0.531635327035952,0.5755859630157414,23.89919395446777,820.7326906204223,domain
726,ST,Mouse Brain,20B,SpatialMGCN,0.3443816531054542,0.6188487358896292,0.4440767670379159,0.7552182163187856,0.658212272103012,0.583927693136454,0.6188487358896293,11.257311248779295,851.2411905288697,domain
727,ST,Mouse Brain,20B,stLearn,0.4489966033304329,0.5561015568506799,0.5404275512531254,0.6732447817836812,0.5564174741784376,0.5558296955793853,0.5561015568506799,61.14928679466247,1305.3848220825196,domain
728,Slideseq,Brain,Mouse_Cortex,DeepST,0.0875075998098254,0.1481904454283308,0.1849759776290222,0.3259383861200557,0.1481192732128605,0.1483716154408238,0.1481904454283309,3525.8221729278566,40001.57015228272,celltype
729,Slideseq,Brain,Mouse_Cortex_data,BASS,0.0947786131584056,0.1821902455168768,0.2352259569012441,0.3395732205507761,0.1610392976819315,0.2097371883693616,0.1821902455168769,5467.58853750229,11713.66,celltype
730,Slideseq,Brain,Mouse_Cortex_data,Banksy,0.0890383730522784,0.1938192683976917,0.1969421695985204,0.392030602486452,0.1921232629532839,0.19555653861948,0.1938192683976917,44.39516048431396,1890.9637044906617,celltype
731,Slideseq,Brain,Mouse_Cortex_data,CCST,0.0623410082669408,0.1353343793181259,0.1603032362025878,0.3107992502523188,0.1372881993675658,0.1334442134683836,0.1353343793181259,34590.60145878792,114250.29700565338,celltype
732,Slideseq,Brain,Mouse_Cortex_data,CellCharter,0.0747097218629435,0.1604242698254831,0.1724336984714909,0.3450964321389237,0.1637164643717777,0.1572962527933142,0.1604242698254831,1667.4708676815033,1035.1444631576535,celltype
733,Slideseq,Brain,Mouse_Cortex_data,GraphST,0.0817946442595922,0.1380672345098894,0.1783478395889588,0.3336617484500409,0.1402008907726542,0.1359975471027884,0.1380672345098894,150.49496269226074,54825.78979511261,celltype
734,Slideseq,Brain,Mouse_Cortex_data,PRECAST,0.0501496237913191,0.090900841206658,0.1420261342843846,0.2975821907710452,0.0942989401547255,0.0877391276509605,0.090900841206658,1186.9309796333314,2751.74,celltype
735,Slideseq,Brain,Mouse_Cortex_data,SEDR,0.0839704197728707,0.1751124613597145,0.2000310146826379,0.3314845965300139,0.1690527824744893,0.1816227326831792,0.1751124613597146,379.4046607494354,41793.741904068,celltype
736,Slideseq,Brain,Mouse_Cortex_data,STAGATE,0.0568537127041984,0.1536486537832617,0.1657909049403222,0.3295717787283125,0.1525365441304072,0.1547791549853852,0.1536486537832617,335.5095962524414,786.4803449630738,celltype
737,Slideseq,Brain,Mouse_Cortex_data,SpaGCN,0.0548296465288791,0.1231901882511591,0.1741048176700971,0.3138126592012303,0.1191325695147886,0.1275339556184588,0.1231901882511591,4835.333213233947,34372.126633644104,celltype
738,Slideseq,Brain,Mouse_Cortex_data,SpaceFlow,0.0849503688133849,0.140126471640871,0.1774037053547305,0.3298072763973662,0.143537555229424,0.1369010595919789,0.140126471640871,1081.2736840724945,1052.1578916549684,celltype
739,Slideseq,Brain,Mouse_Cortex_data,SpatialMGCN,0.0390531016282881,0.0962368759115345,0.1516257269250915,0.2814293988235882,0.0948139520037675,0.0977073622648795,0.0962368759115345,459.44132828712463,8274.09457950592,celltype
740,Slideseq,Brain,Mouse_Cortex_data,stLearn,0.0687558700009824,0.1509566916228834,0.2642575138497077,0.3159321382227135,0.1189500741534118,0.2068719866131756,0.1509566916228835,11.67417950630188,1861.84588432312,celltype
741,Slideseq,Mouse OB,GSM5173925_OB1_Slide1,BASS,0.3002955705614886,0.3405595577957289,0.4966758242081569,0.6544879898862199,0.3403735569960683,0.3407457619908215,0.340559557795729,1771.1975200176244,4922.44,domain
742,Slideseq,Mouse OB,GSM5173925_OB1_Slide1,Banksy,0.1728250385017995,0.2330531952891546,0.4295000268063667,0.5424652338811631,0.2173878431324278,0.2532324998820793,0.2330531952891546,27.96196460723877,2205.164272880554,domain
743,Slideseq,Mouse OB,GSM5173925_OB1_Slide1,CCST,0.2740877009389965,0.3112966159837785,0.5139424680995127,0.6340328697850822,0.2761595391873642,0.3566854946395322,0.3112966159837785,5209.163304328919,17535.278180122375,domain
744,Slideseq,Mouse OB,GSM5173925_OB1_Slide1,CellCharter,0.2633329402412371,0.2942893792264998,0.46319983581231,0.6371302149178255,0.2978829633457946,0.2907918289271111,0.2942893792264998,551.6370072841644,239.99883937835693,domain
745,Slideseq,Mouse OB,GSM5173925_OB1_Slide1,DeepST,0.2786824224331248,0.329184175839578,0.488416922346841,0.644740834386852,0.3243165306355616,0.3342726341427902,0.329184175839578,1124.6335156440734,15034.848622703552,domain
746,Slideseq,Mouse OB,GSM5173925_OB1_Slide1,GraphST,0.129490617197624,0.2040547709030384,0.431974807652823,0.4846396965865992,0.1830659569589215,0.2304796420553025,0.2040547709030384,44.820326471328734,8141.96159210205,domain
747,Slideseq,Mouse OB,GSM5173925_OB1_Slide1,PRECAST,0.1062537486559524,0.1529222727963771,0.3723476304443236,0.5429023079355043,0.1485761582509041,0.1575303121275203,0.1529222727963771,103.47273406982424,1158.4,domain
748,Slideseq,Mouse OB,GSM5173925_OB1_Slide1,SEDR,0.1998924410419702,0.3209231246638517,0.4463003992868802,0.613109987357775,0.3090182317730832,0.3340901627363801,0.3209231246638517,98.77570877075196,8325.148081970216,domain
749,Slideseq,Mouse OB,GSM5173925_OB1_Slide1,STAGATE,0.2588027120774881,0.3461488204910742,0.4730466148314275,0.6318963337547409,0.3416426250964203,0.3507754784153735,0.3461488204910742,124.80268378257752,314.632116317749,domain
750,Slideseq,Mouse OB,GSM5173925_OB1_Slide1,SpaGCN,0.3035811109654086,0.3744927124955941,0.4983574736965021,0.654614412136536,0.3747239528005879,0.3742617574090991,0.374492712495594,751.8391591072083,5506.2168022155765,domain
751,Slideseq,Mouse OB,GSM5173925_OB1_Slide1,SpaceFlow,0.2539449170595841,0.2856026139261891,0.4608931407876778,0.6197977243994943,0.2866385686047524,0.2845831220167155,0.2856026139261891,145.3556833267212,436.4405752182007,domain
752,Slideseq,Mouse OB,GSM5173925_OB1_Slide1,SpatialMGCN,0.1588898676944374,0.2389374696613067,0.42016268472639,0.5872313527180784,0.2297799480566757,0.2488552059303118,0.2389374696613069,134.15828824043274,2482.7344453811647,domain
753,Slideseq,Mouse OB,GSM5173925_OB1_Slide1,stLearn,0.2402109676616128,0.3103209820485334,0.4708031980404469,0.6220353982300886,0.2987073825346616,0.3228741753236938,0.3103209820485334,8.9654212474823,2302.010300064087,domain
754,Slideseq,Mouse OB,GSM5173926_OB1_Slide2,BASS,0.59097083769765,0.5879603582541004,0.6980536689361273,0.8091538461538461,0.5935592901777347,0.5824660665991936,0.5879603582541004,1401.83506565094,3753.2399999999993,domain
755,Slideseq,Mouse OB,GSM5173926_OB1_Slide2,Banksy,0.4659059286408828,0.4870418044617356,0.6249492768347622,0.7376923076923076,0.461129767433926,0.5160393484255977,0.4870418044617355,23.734011268615724,1882.8302658081047,domain
756,Slideseq,Mouse OB,GSM5173926_OB1_Slide2,CCST,0.5264457620340219,0.5298063407307019,0.6873674783058169,0.7489384615384616,0.4770386438266231,0.6044591198392681,0.5298063407307019,3594.9500381946564,11930.03664302826,domain
757,Slideseq,Mouse OB,GSM5173926_OB1_Slide2,CellCharter,0.5335743677318441,0.5359942493654171,0.6552699863358553,0.7796923076923077,0.5419933121246411,0.530134107225406,0.5359942493654171,540.0703763961792,276.2047485351562,domain
758,Slideseq,Mouse OB,GSM5173926_OB1_Slide2,DeepST,0.6479334019125209,0.6160290766332693,0.7486288576613918,0.8325846153846154,0.6022406073610458,0.6318024440569434,0.6160290766332693,874.1417907238007,12259.997814178469,domain
759,Slideseq,Mouse OB,GSM5173926_OB1_Slide2,GraphST,0.2520290817502079,0.4062875571090403,0.529822480730336,0.5624615384615385,0.3537101398925353,0.4772248840463661,0.4062875571090403,33.36554751396179,5609.260232162475,domain
760,Slideseq,Mouse OB,GSM5173926_OB1_Slide2,PRECAST,0.2512263495427196,0.2833668698867243,0.4615197897240605,0.543,0.2787953131803702,0.2880908505186211,0.2833668698867244,81.27158908843992,985.7,domain
761,Slideseq,Mouse OB,GSM5173926_OB1_Slide2,SEDR,0.5233089913847022,0.534141985233612,0.6678379086142315,0.7675538461538461,0.5046413001049558,0.5673331784159268,0.534141985233612,83.08407893180848,6031.612444496155,domain
762,Slideseq,Mouse OB,GSM5173926_OB1_Slide2,STAGATE,0.5793557600875257,0.563903519623373,0.6929263478460003,0.7936923076923076,0.5612101744278696,0.567043162645583,0.5639035196233732,100.76263122558592,361.27118225097655,domain
763,Slideseq,Mouse OB,GSM5173926_OB1_Slide2,SpaGCN,0.6065025742437992,0.6039483336354614,0.7087531341780708,0.8077692307692308,0.6118973127540832,0.5962032317356172,0.6039483336354614,535.8865046024323,4455.983311271668,domain
764,Slideseq,Mouse OB,GSM5173926_OB1_Slide2,SpaceFlow,0.519203041832361,0.5253394337296072,0.6613354860233034,0.7726153846153847,0.4994452782948343,0.5540803458025931,0.5253394337296072,115.5642376422882,381.0104648590088,domain
765,Slideseq,Mouse OB,GSM5173926_OB1_Slide2,SpatialMGCN,0.4277510213703731,0.5110169823894112,0.5959094873838153,0.7330769230769231,0.4930113970034416,0.5303876083587262,0.5110169823894112,116.99168090820312,1760.7519487380982,domain
766,Slideseq,Mouse OB,GSM5173926_OB1_Slide2,stLearn,0.391306859038537,0.4645234868746358,0.5576908779662595,0.7158,0.4615963152971972,0.4674880213810734,0.4645234868746357,7.915562152862549,1955.8509536743163,domain
767,Slideseq,Mouse OB,GSM5173927_OB1_Slide3,BASS,0.5816761794758009,0.5701480933994459,0.692039877376009,0.7742274412855377,0.5724317352393281,0.5678825997430329,0.5701480933994459,1469.3324002265929,4977.780000000001,domain
768,Slideseq,Mouse OB,GSM5173927_OB1_Slide3,Banksy,0.5544853228559419,0.5825349246577859,0.7014857534002721,0.761433868974042,0.5267504804248986,0.6515343524743447,0.5825349246577859,27.74416813850403,2295.2140800476072,domain
769,Slideseq,Mouse OB,GSM5173927_OB1_Slide3,CCST,0.553843947483397,0.5423105617753367,0.6961496384718708,0.7579851668726824,0.4936694950250279,0.6015913249706379,0.5423105617753368,5403.678839921951,18225.506156921387,domain
770,Slideseq,Mouse OB,GSM5173927_OB1_Slide3,CellCharter,0.4918214509759739,0.5049807383871437,0.6285797139131158,0.7274783683559951,0.5024648697033932,0.5079818885294767,0.5049807383871437,686.7620757579804,262.8608793258667,domain
771,Slideseq,Mouse OB,GSM5173927_OB1_Slide3,DeepST,0.5691151622107088,0.5764879352691494,0.7019154586677521,0.7610754017305316,0.5319830235277534,0.6319913292517221,0.5764879352691494,1140.0074184417724,15867.20945854187,domain
772,Slideseq,Mouse OB,GSM5173927_OB1_Slide3,GraphST,0.2304439623802983,0.3808102541867833,0.4946579730268925,0.5788627935723115,0.3425777414504014,0.4286484705270231,0.3808102541867834,43.240492010116576,8508.475226974488,domain
773,Slideseq,Mouse OB,GSM5173927_OB1_Slide3,PRECAST,0.2279553720205838,0.2791467544622183,0.4802043931175458,0.5687619754002101,0.2582142553543432,0.3037724959485431,0.2791467544622184,100.02134981155392,1187.04,domain
774,Slideseq,Mouse OB,GSM5173927_OB1_Slide3,SEDR,0.4995410063741111,0.4893387542793637,0.6365221891527229,0.7339307787391842,0.4841566597894786,0.4953092134572925,0.4893387542793636,88.85496301651001,8735.946065330505,domain
775,Slideseq,Mouse OB,GSM5173927_OB1_Slide3,STAGATE,0.5718419218946754,0.5620746300725055,0.6903300315544255,0.7688009888751545,0.552496439043464,0.572950402247956,0.5620746300725055,114.17360191345216,341.9942834854126,domain
776,Slideseq,Mouse OB,GSM5173927_OB1_Slide3,SpaGCN,0.5629639749401248,0.5605455384521459,0.6775162424284069,0.7646477132262052,0.5641505673787532,0.5569862906103795,0.5605455384521459,756.0225453853607,5688.166581535339,domain
777,Slideseq,Mouse OB,GSM5173927_OB1_Slide3,SpaceFlow,0.5373345717488831,0.5299398014257892,0.6639496402543393,0.7481211372064277,0.5243522221643582,0.5359957426768645,0.5299398014257892,190.4660448074341,477.5313701629639,domain
778,Slideseq,Mouse OB,GSM5173927_OB1_Slide3,SpatialMGCN,0.5625621718196384,0.5632600115141839,0.687274438900486,0.7634734239802224,0.5473765463200437,0.5800928191382915,0.5632600115141839,136.001606464386,2571.1559986114503,domain
779,Slideseq,Mouse OB,GSM5173927_OB1_Slide3,stLearn,0.3927824018951258,0.4550880790090671,0.5611253371847745,0.6924598269468479,0.44813908306892,0.4622559763799302,0.4550880790090671,8.970318365097047,2386.6979444503786,domain
780,Slideseq,Mouse OB,GSM5173928_OB1_Slide4,BASS,0.5242139606761422,0.5242727978540133,0.6515518517041263,0.7327264358410475,0.5205749653443849,0.5280235402890404,0.5242727978540134,2102.777821159364,5616.56,domain
781,Slideseq,Mouse OB,GSM5173928_OB1_Slide4,Banksy,0.5062201778502631,0.5288445622804779,0.6505243477883574,0.7010177466373446,0.5066095225706413,0.5531209852934896,0.528844562280478,38.99560446739197,2724.383392715454,domain
782,Slideseq,Mouse OB,GSM5173928_OB1_Slide4,CCST,0.5106836310047616,0.5266037039665628,0.6664966180528692,0.7108065258528103,0.4771555367915445,0.587493251408658,0.5266037039665628,7785.38978433609,26263.94866847992,domain
783,Slideseq,Mouse OB,GSM5173928_OB1_Slide4,CellCharter,0.4690209684896239,0.4903365272034333,0.6077112062818294,0.7244412622104024,0.491551598279991,0.4891399643135499,0.4903365272034333,773.1171439170837,296.0885639190674,domain
784,Slideseq,Mouse OB,GSM5173928_OB1_Slide4,DeepST,0.5080428864560836,0.5140867987814348,0.6393918555111647,0.7394875466680304,0.5112144058103323,0.5172905000343183,0.5140867987814348,1489.0596422195435,19613.220839309688,domain
785,Slideseq,Mouse OB,GSM5173928_OB1_Slide4,GraphST,0.1866161646377467,0.3353807459433734,0.462228841465247,0.530762542832302,0.3018495912480892,0.3772925274017224,0.3353807459433734,54.83438382148743,12283.807552528382,domain
786,Slideseq,Mouse OB,GSM5173928_OB1_Slide4,PRECAST,0.1714836663432086,0.2184867909642012,0.3962231789539336,0.4860052192600931,0.21601094564942,0.2210200489480293,0.2184867909642012,128.8926312923431,1403.18,domain
787,Slideseq,Mouse OB,GSM5173928_OB1_Slide4,SEDR,0.4023123304130247,0.4102537320470478,0.5790183318425243,0.6524829949368384,0.3851938655445537,0.4391070505824287,0.4102537320470478,92.67204217910766,12058.45699710846,domain
788,Slideseq,Mouse OB,GSM5173928_OB1_Slide4,STAGATE,0.4988259078217896,0.5168416752253513,0.6440931651583459,0.7126579041579297,0.4962828061411257,0.539732604421534,0.5168416752253513,141.328542137146,387.6798938751221,domain
789,Slideseq,Mouse OB,GSM5173928_OB1_Slide4,SpaGCN,0.508954319566488,0.5249608816435629,0.6370238831441406,0.7373804531273973,0.5266168663661958,0.5233152790005542,0.524960881643563,1009.7056447982789,7456.981705284119,domain
790,Slideseq,Mouse OB,GSM5173928_OB1_Slide4,SpaceFlow,0.4933267066498514,0.5105852443589736,0.6409953117117697,0.7003222011967474,0.4883220713778192,0.5349845864150998,0.5105852443589736,180.97535367012023,463.8524116516113,domain
791,Slideseq,Mouse OB,GSM5173928_OB1_Slide4,SpatialMGCN,0.4638210422632093,0.4671551777931451,0.6185215688763919,0.665064184524114,0.450559607065111,0.4850200378849423,0.4671551777931451,190.01817049980164,3622.765804672241,domain
792,Slideseq,Mouse OB,GSM5173928_OB1_Slide4,stLearn,0.3471502861033099,0.4390543235129588,0.5319664788721116,0.6455070833120237,0.4274741037332126,0.4512794293327327,0.4390543235129588,10.217912817001343,2898.1109477996824,domain
793,Slideseq,Mouse OB,GSM5173929_OB1_Slide5,BASS,0.7530420988874922,0.7025220215563499,0.8220790408206515,0.8913925191527715,0.7027755368525404,0.702268689097569,0.7025220215563498,2131.886295175552,5896.4800000000005,domain
794,Slideseq,Mouse OB,GSM5173929_OB1_Slide5,Banksy,0.653027633659391,0.6563162541426737,0.7633370524858479,0.8347003154574132,0.6124181614187124,0.7069935008522656,0.6563162541426737,37.37360987663269,3093.091149902344,domain
795,Slideseq,Mouse OB,GSM5173929_OB1_Slide5,CCST,0.6438617095912788,0.6260380702879859,0.7575568298810766,0.8160612888688599,0.5715039597717098,0.6920789626028722,0.6260380702879859,9846.484048128128,33526.15009498596,domain
796,Slideseq,Mouse OB,GSM5173929_OB1_Slide5,CellCharter,0.5869121993241782,0.5936560608541059,0.6981838743320331,0.8025416854438937,0.6060598414959854,0.5817521736409068,0.5936560608541059,971.7996383666992,322.0633371353149,domain
797,Slideseq,Mouse OB,GSM5173929_OB1_Slide5,DeepST,0.6582649798140026,0.629101204731331,0.7548200060501146,0.8319603424966202,0.6269064189027261,0.6313231425056746,0.6291012047313309,1816.826652765274,22815.01831893921,domain
798,Slideseq,Mouse OB,GSM5173929_OB1_Slide5,GraphST,0.3377608837573757,0.4547525079340929,0.5674674252691888,0.629202343397927,0.4185447605859257,0.4978180844886285,0.4547525079340929,64.87364273071289,15714.968126487733,domain
799,Slideseq,Mouse OB,GSM5173929_OB1_Slide5,PRECAST,0.7449416348394934,0.6964107255647863,0.8166627295957893,0.894613477574938,0.6944682693574721,0.6983640785099426,0.6964107255647863,154.58146839141853,1575.48,domain
800,Slideseq,Mouse OB,GSM5173929_OB1_Slide5,SEDR,0.5974391691000353,0.5982873969122803,0.7191301984354085,0.8093195132942768,0.5759466311041622,0.6237430265779366,0.5982873969122803,105.84551048278809,15049.042657089234,domain
801,Slideseq,Mouse OB,GSM5173929_OB1_Slide5,STAGATE,0.7135695403711524,0.6629427510391667,0.7932122775726786,0.8727174402884181,0.6651715793304512,0.6607288222549483,0.6629427510391667,146.28158106803895,412.9768686294556,domain
802,Slideseq,Mouse OB,GSM5173929_OB1_Slide5,SpaGCN,0.777982453098701,0.7288331940287881,0.8387797117682304,0.9018026137899956,0.7382653924598731,0.7196389697956335,0.7288331940287881,1214.5361694335938,9566.235013961792,domain
803,Slideseq,Mouse OB,GSM5173929_OB1_Slide5,SpaceFlow,0.6318196228685219,0.6089996720983053,0.7343381405247904,0.8164218116268589,0.6091228147987292,0.6092713975951913,0.6089996720983054,181.75751056671143,442.9542930603028,domain
804,Slideseq,Mouse OB,GSM5173929_OB1_Slide5,SpatialMGCN,0.5508624358841996,0.6064816093003852,0.6817267984174415,0.8188373141054528,0.5984135331793344,0.6147702134242072,0.6064816093003853,231.11416454315184,4477.553333854676,domain
805,Slideseq,Mouse OB,GSM5173929_OB1_Slide5,stLearn,0.626119015707543,0.622610501807231,0.7327312600413398,0.8472374943668319,0.6194684526775542,0.6257845886112435,0.622610501807231,11.95739154815674,3250.07473487854,domain
806,Slideseq,Mouse OB,GSM5173930_OB1_Slide6,BASS,0.6892540363043228,0.6466486031195684,0.770456276003278,0.8364160868827423,0.6464031601189015,0.6468942325832767,0.6466486031195684,2534.724829292298,6923.6,domain
807,Slideseq,Mouse OB,GSM5173930_OB1_Slide6,Banksy,0.5296173885820977,0.5222383197810414,0.6779425501010826,0.7245036483964025,0.4738720200180931,0.5816000014690865,0.5222383197810414,36.40601630210877,3305.07753314972,domain
808,Slideseq,Mouse OB,GSM5173930_OB1_Slide6,CCST,0.6010406435029206,0.6034107711360701,0.7259802418098434,0.7465722043101986,0.5461011658762394,0.674160085402204,0.6034107711360701,11140.787749767303,37726.511105537415,domain
809,Slideseq,Mouse OB,GSM5173930_OB1_Slide6,CellCharter,0.5182723801072016,0.5399546376668061,0.6454057876498178,0.713193619548617,0.5375153061739997,0.5424395012542472,0.5399546376668062,1066.2883761405944,359.4429229736328,domain
810,Slideseq,Mouse OB,GSM5173930_OB1_Slide6,DeepST,0.5975739789375265,0.591733974990057,0.7087087600505819,0.7568471067368063,0.5772555753405803,0.6070193093244515,0.591733974990057,1987.402285432816,24330.21588573456,domain
811,Slideseq,Mouse OB,GSM5173930_OB1_Slide6,GraphST,0.2806559179422629,0.4160954744540438,0.5231989350534967,0.6068640760223994,0.3758969151418817,0.4659212728796029,0.416095474454044,68.96783971786499,17697.1381860733,domain
812,Slideseq,Mouse OB,GSM5173930_OB1_Slide6,PRECAST,0.574760313176343,0.5975037100808671,0.6949373470970412,0.7906147906147906,0.5775209184932063,0.6189189129794895,0.5975037100808672,154.0456657886504,1665.66,domain
813,Slideseq,Mouse OB,GSM5173930_OB1_Slide6,SEDR,0.5913300644602566,0.5606337424952419,0.7024277708562826,0.7872221279484134,0.5537813490308675,0.5682421508434073,0.5606337424952419,109.50801682472228,16700.525421333314,domain
814,Slideseq,Mouse OB,GSM5173930_OB1_Slide6,STAGATE,0.6745881584131693,0.625470166487246,0.7595147073714213,0.8347276429662311,0.6254636427668361,0.6254766929066078,0.625470166487246,164.7202031135559,463.5617076873779,domain
815,Slideseq,Mouse OB,GSM5173930_OB1_Slide6,SpaGCN,0.7004190171964912,0.6561586064367418,0.7783010147324313,0.8537247581876803,0.6570363333767942,0.6552832214578294,0.656158606436742,1452.043400621414,10817.582760810852,domain
816,Slideseq,Mouse OB,GSM5173930_OB1_Slide6,SpaceFlow,0.6228842206606425,0.6101539493251977,0.7254986773737822,0.767732903444765,0.5985384353839379,0.6222420923437131,0.6101539493251977,212.69685401916504,486.4862937927246,domain
817,Slideseq,Mouse OB,GSM5173930_OB1_Slide6,SpatialMGCN,0.4584215606594845,0.5516763406826498,0.6204513677112434,0.7162311216697776,0.5232797740048813,0.5833317166598495,0.5516763406826498,246.56614289283752,5073.472617149353,domain
818,Slideseq,Mouse OB,GSM5173930_OB1_Slide6,stLearn,0.5157472089431472,0.545089644143378,0.6453223211065948,0.7784914305107755,0.5400571245028843,0.5502168412805137,0.545089644143378,12.5605637550354,3466.384266281128,domain
819,Slideseq,Mouse OB,GSM5173931_OB1_Slide7,BASS,0.5808566048323138,0.5680945295191047,0.6923244438980315,0.8181892034607416,0.5715878495169149,0.5646436497375769,0.5680945295191046,2764.0565490245813,7733.74,domain
820,Slideseq,Mouse OB,GSM5173931_OB1_Slide7,Banksy,0.3917246072280609,0.4233723779385626,0.5740650453282683,0.6842276290669808,0.3984246421115132,0.4516530615994583,0.4233723779385626,37.77811150550842,3366.3272693634035,domain
821,Slideseq,Mouse OB,GSM5173931_OB1_Slide7,CCST,0.463174682302109,0.5015826077997232,0.6399758431260909,0.7216296356472643,0.4480039111700447,0.5697260393105337,0.5015826077997231,12015.353547096252,41169.83423614502,domain
822,Slideseq,Mouse OB,GSM5173931_OB1_Slide7,CellCharter,0.4062198991955683,0.4602596909222713,0.5623179579877313,0.7146512855924286,0.4651090881170633,0.4555111007283634,0.4602596909222714,1013.5776277542114,308.4147451400757,domain
823,Slideseq,Mouse OB,GSM5173931_OB1_Slide7,DeepST,0.4270052694430759,0.4664539924407087,0.5778888712234611,0.7250903773508266,0.4711747575307637,0.4618283029551197,0.4664539924407087,2079.40273308754,25262.377673721312,domain
824,Slideseq,Mouse OB,GSM5173931_OB1_Slide7,GraphST,0.2021023446114967,0.300427826562857,0.500097993017636,0.552256387343109,0.2599716273961376,0.355795998561907,0.300427826562857,74.48927431106567,19234.858260536195,domain
825,Slideseq,Mouse OB,GSM5173931_OB1_Slide7,PRECAST,0.2168764444565649,0.2705329586523473,0.45975700939323,0.5759434537108502,0.2568216151191483,0.2857909331876752,0.2705329586523474,179.21170759201067,1729.08,domain
826,Slideseq,Mouse OB,GSM5173931_OB1_Slide7,SEDR,0.381913087571388,0.4586558474060171,0.5707821553383742,0.6981193387221252,0.4345198573392125,0.4880727457631571,0.4586558474060171,124.72706360816956,17967.064399528503,domain
827,Slideseq,Mouse OB,GSM5173931_OB1_Slide7,STAGATE,0.4898377182719767,0.5134564995745835,0.6410947442344395,0.7531337584792234,0.492654714624143,0.536919077940255,0.5134564995745834,173.97917370796205,419.249888420105,domain
828,Slideseq,Mouse OB,GSM5173931_OB1_Slide7,SpaGCN,0.5684516376071658,0.5599259765151009,0.6820583274320404,0.8091311588610421,0.5657714997616977,0.5542000093371692,0.5599259765151008,1514.407568502426,11755.69897670746,domain
829,Slideseq,Mouse OB,GSM5173931_OB1_Slide7,SpaceFlow,0.4118047879588677,0.4510574633402164,0.5669350071690689,0.7222795401925343,0.4552320085634641,0.4469602977643078,0.4510574633402164,170.01398687362672,434.769314956665,domain
830,Slideseq,Mouse OB,GSM5173931_OB1_Slide7,SpatialMGCN,0.3356962753502825,0.402048303459088,0.5154784355908912,0.6715138714001381,0.4018037447717081,0.402293160030086,0.402048303459088,264.22886338233945,5495.683890533447,domain
831,Slideseq,Mouse OB,GSM5173931_OB1_Slide7,stLearn,0.4934772509648074,0.5021138912740541,0.6347500276601452,0.7831268532434298,0.4969245519301656,0.5074127642226011,0.502113891274054,13.69894332885742,3536.814378738404,domain
832,Slideseq,Mouse OB,GSM5173932_OB1_Slide8,BASS,0.4289001617210405,0.4801727597783399,0.5789580912930643,0.7220397309557328,0.4851636628228409,0.4752834945229535,0.4801727597783399,1916.1660429477693,5336.9400000000005,domain
833,Slideseq,Mouse OB,GSM5173932_OB1_Slide8,Banksy,0.3902187513886992,0.446577099961524,0.5742078083779475,0.6717764221283695,0.42144705153707,0.4748940887839702,0.446577099961524,30.6165295124054,2692.4171602249144,domain
834,Slideseq,Mouse OB,GSM5173932_OB1_Slide8,CCST,0.4802343593933449,0.5230967592384296,0.652691291217688,0.7233849522915689,0.4687725885293631,0.5916820450457592,0.5230967592384295,7483.82049202919,25367.633045196533,domain
835,Slideseq,Mouse OB,GSM5173932_OB1_Slide8,CellCharter,0.4185385524897876,0.4972025494922582,0.5718704833108583,0.7231972469888941,0.5016255690294107,0.4928599125964625,0.4972025494922582,715.7522877693176,290.8231351852417,domain
836,Slideseq,Mouse OB,GSM5173932_OB1_Slide8,DeepST,0.4263410713447252,0.5089727481710513,0.5803252761486496,0.7271077741279524,0.5102069307788246,0.507769877348782,0.5089727481710514,1461.231314611435,18909.32522354126,domain
837,Slideseq,Mouse OB,GSM5173932_OB1_Slide8,GraphST,0.2417813341089297,0.3663436328558431,0.5382648633112243,0.5737525418426404,0.3105928491945521,0.4464871702985337,0.3663436328558431,53.872891664505005,11827.051106262206,domain
838,Slideseq,Mouse OB,GSM5173932_OB1_Slide8,PRECAST,0.2567467212804317,0.3279367351956957,0.4692349840794858,0.6078952857738841,0.3203942259277013,0.3358429275955277,0.3279367351956957,113.92477898597711,1328.6,domain
839,Slideseq,Mouse OB,GSM5173932_OB1_Slide8,SEDR,0.3980591029333159,0.4678605842260722,0.5895235313984188,0.6834141508942072,0.4336306514833065,0.508334223123408,0.4678605842260722,84.75503182411194,11609.078934669496,domain
840,Slideseq,Mouse OB,GSM5173932_OB1_Slide8,STAGATE,0.5662994986898486,0.5776793698486598,0.6914469364851951,0.8061525626987851,0.5638375098754281,0.5922179537114607,0.5776793698486598,137.27104082107545,372.92510929107664,domain
841,Slideseq,Mouse OB,GSM5173932_OB1_Slide8,SpaGCN,0.610527290878707,0.6159027419000129,0.7132292646946122,0.832733719172011,0.621718509760676,0.6101947710379052,0.6159027419000128,973.1056647777556,7195.671630096435,domain
842,Slideseq,Mouse OB,GSM5173932_OB1_Slide8,SpaceFlow,0.4335937092416779,0.5009299115658952,0.5825705158617097,0.7347202669586527,0.5059543385620666,0.4960099364892412,0.5009299115658952,138.56227068901063,435.63303527832034,domain
843,Slideseq,Mouse OB,GSM5173932_OB1_Slide8,SpatialMGCN,0.5086701770924729,0.567971552839236,0.6702547788909932,0.7373689973408415,0.5267868978127116,0.6161420726752879,0.567971552839236,175.16342000961305,3466.827124977112,domain
844,Slideseq,Mouse OB,GSM5173932_OB1_Slide8,stLearn,0.5005201285148567,0.5332240851217349,0.6432995706259138,0.7890713801553784,0.5231653502655246,0.543677215747388,0.5332240851217349,10.138525438308717,2751.1095666885376,domain
845,Slideseq,Mouse OB,GSM5173933_OB1_Slide9,BASS,0.6304271480612911,0.6016053398832663,0.7330170061784291,0.8256154851471159,0.5964735189449691,0.6068262314425985,0.6016053398832663,2865.065111255645,7748.92,domain
846,Slideseq,Mouse OB,GSM5173933_OB1_Slide9,Banksy,0.53521716247631,0.5800950816715006,0.6915339092401578,0.755218819540108,0.5175747722498354,0.659794825246553,0.5800950816715006,44.40288071632385,3900.314123535156,domain
847,Slideseq,Mouse OB,GSM5173933_OB1_Slide9,CCST,0.5603365795689011,0.5644610930785268,0.703653812710629,0.7614284200487443,0.5079852815190438,0.6351321674024775,0.5644610930785268,15836.900400877,54722.40093135834,domain
848,Slideseq,Mouse OB,GSM5173933_OB1_Slide9,CellCharter,0.4746449573888796,0.5001152215301992,0.6157323213649426,0.728444774116068,0.502708214949524,0.4975747234869755,0.5001152215301992,1261.8560237407685,389.6798748016357,domain
849,Slideseq,Mouse OB,GSM5173933_OB1_Slide9,DeepST,0.5232572631796305,0.5186585118682199,0.6484830903312397,0.7605383066652538,0.5353959012988746,0.5040483044664684,0.5186585118682199,2599.0258053302764,30184.085360336303,domain
850,Slideseq,Mouse OB,GSM5173933_OB1_Slide9,GraphST,0.2582489827207258,0.3734145342538464,0.5095648771772955,0.608032213627212,0.3406801885673915,0.4131081386040698,0.3734145342538464,93.11345343589782,25329.251743888854,domain
851,Slideseq,Mouse OB,GSM5173933_OB1_Slide9,PRECAST,0.1937434989103632,0.2988487689418461,0.4424855802062015,0.5881500847936687,0.2844139463551516,0.3148271486762262,0.2988487689418461,184.6778397560119,1966.9,domain
852,Slideseq,Mouse OB,GSM5173933_OB1_Slide9,SEDR,0.5458050839422909,0.5504415231490817,0.6837971619050893,0.767842887923422,0.5244983429370351,0.5809174368093915,0.5504415231490818,148.79938354492188,23119.904973983765,domain
853,Slideseq,Mouse OB,GSM5173933_OB1_Slide9,STAGATE,0.5837010194009341,0.5644489679427492,0.7030082792316803,0.8063791459150152,0.5517090084942531,0.5777912415857787,0.5644489679427492,193.9201416492462,507.1543388366699,domain
854,Slideseq,Mouse OB,GSM5173933_OB1_Slide9,SpaGCN,0.6664907576273412,0.6383512750724818,0.7554849138676274,0.853131291724065,0.643821144621745,0.6329735659635543,0.6383512750724818,2125.861259031296,15477.633640480042,domain
855,Slideseq,Mouse OB,GSM5173933_OB1_Slide9,SpaceFlow,0.5039013022019396,0.5181569457471379,0.6382873095364684,0.7438522129207729,0.5187196118382167,0.517693895371302,0.5181569457471378,305.5794024467468,531.7690536499024,domain
856,Slideseq,Mouse OB,GSM5173933_OB1_Slide9,SpatialMGCN,0.5347756402376499,0.5116377806908321,0.6653111112866174,0.7462823637455406,0.505162589931907,0.5182811252688991,0.5116377806908322,339.11114873886106,7128.534495162964,domain
857,Slideseq,Mouse OB,GSM5173933_OB1_Slide9,stLearn,0.4813121199440822,0.5135684972119191,0.6254962361022128,0.7715870156476281,0.5095332538931687,0.5176681679543602,0.5135684972119192,15.315685606002807,4199.588899993896,domain
858,Slideseq,Mouse OB,GSM5173934_OB1_Slide10,BASS,0.6704476464943859,0.6532556487611771,0.7642133168297599,0.8421369904302616,0.6663692234403763,0.6406482409528476,0.6532556487611771,2573.0549157619475,7248.659999999999,domain
859,Slideseq,Mouse OB,GSM5173934_OB1_Slide10,Banksy,0.5253029291552361,0.5244400538256158,0.6723163813139744,0.7439529801823525,0.5010822573696969,0.5500819562878821,0.5244400538256158,39.67902088165283,3683.215894889832,domain
860,Slideseq,Mouse OB,GSM5173934_OB1_Slide10,CCST,0.6073679862921393,0.6019756964529283,0.7191708698449591,0.8254992088011454,0.6129738563471137,0.5913657261499379,0.6019756964529283,13908.074736595154,47636.949370384216,domain
861,Slideseq,Mouse OB,GSM5173934_OB1_Slide10,CellCharter,0.5669833693583664,0.5718395722758733,0.6892070820411171,0.8092306533041971,0.5846908464889686,0.5595612703474212,0.5718395722758735,1213.999227666855,397.1748514175415,domain
862,Slideseq,Mouse OB,GSM5173934_OB1_Slide10,DeepST,0.5891524415976895,0.5959274824466114,0.7045972614535734,0.829025695124708,0.6171942958761074,0.5767953776416829,0.5959274824466114,2367.211335229874,28164.495652580263,domain
863,Slideseq,Mouse OB,GSM5173934_OB1_Slide10,GraphST,0.3597538478657975,0.4659276012307914,0.5800144074045307,0.6955768216411725,0.4375537125324357,0.4982365693879678,0.4659276012307914,82.39629349708557,22331.7991399765,domain
864,Slideseq,Mouse OB,GSM5173934_OB1_Slide10,PRECAST,0.2691686362066134,0.3306461746749677,0.4903082051252203,0.605629026788742,0.3282424569257486,0.3330853569550925,0.3306461746749677,173.48901934623723,1858.2,domain
865,Slideseq,Mouse OB,GSM5173934_OB1_Slide10,SEDR,0.5898111619146186,0.6031443855220227,0.7071188328292813,0.8249943485796096,0.6129444358207548,0.593665141222586,0.6031443855220227,131.93850626945496,20643.445620536804,domain
866,Slideseq,Mouse OB,GSM5173934_OB1_Slide10,STAGATE,0.7058218232046619,0.6545915459160229,0.793056491404593,0.8699043026147238,0.6520097888357725,0.6571938325790316,0.6545915459160229,186.15350642204285,520.8660612106323,domain
867,Slideseq,Mouse OB,GSM5173934_OB1_Slide10,SpaGCN,0.6623952155101807,0.6543200808733319,0.75740718084656,0.8410067063521967,0.6715404732343372,0.6379607766718889,0.654320080873332,1855.3815788269044,13628.669776153563,domain
868,Slideseq,Mouse OB,GSM5173934_OB1_Slide10,SpaceFlow,0.578209743844388,0.6027482326895349,0.6985356839859947,0.8199758872730012,0.61299087965615,0.5928550879397317,0.602748232689535,200.3178512096405,516.2413551330567,domain
869,Slideseq,Mouse OB,GSM5173934_OB1_Slide10,SpatialMGCN,0.3599780672607399,0.412948786669178,0.5473560317106833,0.6655489413005802,0.4114239100041055,0.4144850088054744,0.412948786669178,295.17224225997927,6335.631728172302,domain
870,Slideseq,Mouse OB,GSM5173934_OB1_Slide10,stLearn,0.535954955580823,0.5566735635521514,0.6701089398751173,0.7843794740411423,0.5624516945015208,0.5510129446273139,0.5566735635521514,15.7328848361969,3995.5833614349367,domain
871,Slideseq,Mouse OB,GSM5173935_OB1_Slide11,BASS,0.5233078764179656,0.4923274802534544,0.6575937182790806,0.7795846659759449,0.5056103171222084,0.4797246822479037,0.4923274802534544,1704.1357789993283,6251.859999999999,domain
872,Slideseq,Mouse OB,GSM5173935_OB1_Slide11,Banksy,0.3956751862930954,0.4673760855592849,0.6030148750983191,0.7163836208838236,0.4281631573808288,0.5144957000995517,0.4673760855592849,36.012011194229125,3083.346432685852,domain
873,Slideseq,Mouse OB,GSM5173935_OB1_Slide11,CCST,0.4327454998919932,0.4405669098357246,0.5967166697189954,0.7233839362133428,0.4436589356076802,0.4401633878897583,0.4405669098357246,9806.689604759216,33546.314920425415,domain
874,Slideseq,Mouse OB,GSM5173935_OB1_Slide11,CellCharter,0.3758627499475791,0.4169785683047403,0.5539372787284971,0.7080138744988513,0.4252369567246443,0.4095800471194554,0.4169785683047403,968.5965272903444,286.6816762924194,domain
875,Slideseq,Mouse OB,GSM5173935_OB1_Slide11,DeepST,0.3680058566235723,0.4324303727742843,0.5594916385913502,0.7009865309248164,0.429223563379536,0.4374064942270733,0.4324303727742843,1903.7468947410584,23035.030064964296,domain
876,Slideseq,Mouse OB,GSM5173935_OB1_Slide11,GraphST,0.3712126919230549,0.4324735852737477,0.5627387936595618,0.7038154871841074,0.4280300112200357,0.4370103887070541,0.4324735852737477,69.05006418228149,15707.592986869811,domain
877,Slideseq,Mouse OB,GSM5173935_OB1_Slide11,PRECAST,0.2119049786004295,0.3345885048464324,0.4913668234903524,0.5889084110465378,0.3097148240009441,0.3638063614802165,0.3345885048464324,140.3815068721771,1508.08,domain
878,Slideseq,Mouse OB,GSM5173935_OB1_Slide11,SEDR,0.3687497957601814,0.4335525337320246,0.5645892995263819,0.7073832154601558,0.4260811121551624,0.4434688400754827,0.4335525337320246,102.33465924263,15103.45001564026,domain
879,Slideseq,Mouse OB,GSM5173935_OB1_Slide11,STAGATE,0.3709554469938684,0.4430400384773647,0.5695385662035625,0.7224649758998154,0.4303112978989933,0.4565447741002669,0.4430400384773646,147.5600782394409,375.3012357711792,domain
880,Slideseq,Mouse OB,GSM5173935_OB1_Slide11,SpaGCN,0.4298070564467892,0.4584788277083818,0.5897732382079229,0.7193116807063381,0.4713921090774793,0.4462541731396746,0.4584788277083818,1236.8447895526886,9535.959286117552,domain
881,Slideseq,Mouse OB,GSM5173935_OB1_Slide11,SpaceFlow,0.394925180191813,0.4413861256093053,0.565518897626814,0.7242037929636469,0.45262824454085,0.430698146142414,0.4413861256093052,134.25729489326477,403.4693092346191,domain
882,Slideseq,Mouse OB,GSM5173935_OB1_Slide11,SpatialMGCN,0.3845034463648937,0.4282088099694133,0.5555826017096623,0.6944006486778683,0.4419459908402691,0.4152998806118623,0.4282088099694133,219.80309610366825,4476.011894416809,domain
883,Slideseq,Mouse OB,GSM5173935_OB1_Slide11,stLearn,0.3683395628719011,0.4338535798756378,0.5598927652734906,0.7033830352718591,0.430846397135496,0.4369030399854534,0.4338535798756376,12.362628316879272,3242.450136566162,domain
884,Slideseq,Mouse OB,GSM5173936_OB1_Slide12,BASS,0.7637433739118316,0.7084589265127254,0.8300741079252283,0.8961217805567963,0.7101326532657226,0.7067930708924473,0.7084589265127255,2281.3261068820952,7309.359999999999,domain
885,Slideseq,Mouse OB,GSM5173936_OB1_Slide12,Banksy,0.5502970915607202,0.6037249050137129,0.7045128297116112,0.7728524638975733,0.5490639400753429,0.6704724521057033,0.6037249050137129,44.119407415390015,3787.592408180237,domain
886,Slideseq,Mouse OB,GSM5173936_OB1_Slide12,CCST,0.6521930950632466,0.6178967391019737,0.748853971665747,0.8248697335119844,0.6222149432331296,0.6136706906550489,0.6178967391019737,14308.126449108124,49339.90097141266,domain
887,Slideseq,Mouse OB,GSM5173936_OB1_Slide12,CellCharter,0.5658928113142276,0.5695391222380614,0.6849791779655388,0.7746985261277356,0.5762178370091575,0.5630375303843083,0.5695391222380612,1179.030774497986,434.86056995391846,domain
888,Slideseq,Mouse OB,GSM5173936_OB1_Slide12,DeepST,0.639257884337012,0.6281895648886248,0.747910564420392,0.800915587315766,0.6054133003225529,0.6556848128488638,0.6281895648886248,2357.5104649066925,28413.725985336303,domain
889,Slideseq,Mouse OB,GSM5173936_OB1_Slide12,GraphST,0.5005328311938565,0.4782624782861698,0.6459237604526441,0.7203364597290457,0.4686800472070661,0.4882449244477312,0.4782624782861698,83.5455924987793,22884.07081241608,domain
890,Slideseq,Mouse OB,GSM5173936_OB1_Slide12,PRECAST,0.1920939943624817,0.2714404933778489,0.4273446084511231,0.5756504261733726,0.2681066957101694,0.2748582437987838,0.271440493377849,176.28368411064145,1883.5,domain
891,Slideseq,Mouse OB,GSM5173936_OB1_Slide12,SEDR,0.6955572775395175,0.6463341048325227,0.7814068948719959,0.8615751079350901,0.645837869067531,0.6469023123357689,0.6463341048325227,143.3785479068756,21063.77721557617,domain
892,Slideseq,Mouse OB,GSM5173936_OB1_Slide12,STAGATE,0.7277032433994098,0.6740889228249055,0.805621710232507,0.8761798421914545,0.6691576744022345,0.6790933931797856,0.6740889228249054,180.3186692237854,555.0845970153808,domain
893,Slideseq,Mouse OB,GSM5173936_OB1_Slide12,SpaGCN,0.7819056680873272,0.7275340087029835,0.8424605661077893,0.9024862289712668,0.7327334903910361,0.7224077981949629,0.7275340087029836,1791.4049964427948,14004.509747314452,domain
894,Slideseq,Mouse OB,GSM5173936_OB1_Slide12,SpaceFlow,0.6060432688788291,0.5907083477308025,0.7153308507807428,0.7895340181628703,0.5949067694270305,0.5865811119634431,0.5907083477308025,193.97973370552063,546.9872245788574,domain
895,Slideseq,Mouse OB,GSM5173936_OB1_Slide12,SpatialMGCN,0.4137443600699727,0.4676736075741959,0.5743047046682571,0.6909706714306982,0.4726696951586352,0.4627820319395473,0.4676736075741959,308.1550893306732,6491.286264991761,domain
896,Slideseq,Mouse OB,GSM5173936_OB1_Slide12,stLearn,0.4703066457676216,0.5259607719839645,0.6238914857054745,0.771222271847551,0.5200458189842083,0.5320118261762619,0.5259607719839645,15.2764741897583,4030.177035140992,domain
897,Slideseq,Mouse OB,GSM5173937_OB1_Slide13,BASS,0.3206907362059413,0.3714992838911982,0.5275510260280026,0.6836531019593466,0.3808214218404637,0.362622634551264,0.3714992838911982,2531.1505025386823,6599.860000000001,domain
898,Slideseq,Mouse OB,GSM5173937_OB1_Slide13,Banksy,0.2721218427020775,0.3462146842256235,0.5369458489352158,0.6471139353945171,0.3153200246462692,0.3838209814277307,0.3462146842256235,41.07354259490967,3384.1758657455443,domain
899,Slideseq,Mouse OB,GSM5173937_OB1_Slide13,CCST,0.3743474810065166,0.3741033890985781,0.5884944301061961,0.6644995722840035,0.3503197451675455,0.4014429981638724,0.3741033890985782,12076.674239397047,41030.6891746521,domain
900,Slideseq,Mouse OB,GSM5173937_OB1_Slide13,CellCharter,0.3452361859617475,0.3247020053583864,0.539267052621795,0.7003299523402176,0.3373562339930689,0.3129822263201544,0.3247020053583864,1029.2853155136108,314.9401636123657,domain
901,Slideseq,Mouse OB,GSM5173937_OB1_Slide13,DeepST,0.2813747549934394,0.3333583499277718,0.5047169803656051,0.6599942971200456,0.3380779876244216,0.3288333969309981,0.3333583499277719,2182.3896774292,26230.22121696472,domain
902,Slideseq,Mouse OB,GSM5173937_OB1_Slide13,GraphST,0.2978077769264187,0.3018518218372884,0.5487918138700576,0.6764430323027415,0.2787784267618292,0.3290892457298356,0.3018518218372884,80.79572215080262,19131.39018554688,domain
903,Slideseq,Mouse OB,GSM5173937_OB1_Slide13,PRECAST,0.1335817552094584,0.1328751265917868,0.3967700660450398,0.5882185195746934,0.1358250386058186,0.1300506259845206,0.1328751265917868,160.93240160942088,1726.3,domain
904,Slideseq,Mouse OB,GSM5173937_OB1_Slide13,SEDR,0.2844890965505329,0.3364638709931739,0.5340047328178151,0.6426331011446494,0.315627907931898,0.3611175750047233,0.3364638709931739,122.72371110916136,18086.5814661026,domain
905,Slideseq,Mouse OB,GSM5173937_OB1_Slide13,STAGATE,0.3341250926588022,0.3347222555952392,0.5406402351852261,0.6967371379689599,0.340606597579456,0.3292090669957237,0.3347222555952392,162.09176387786866,416.3889705657959,domain
906,Slideseq,Mouse OB,GSM5173937_OB1_Slide13,SpaGCN,0.3471344855057162,0.3259421064582665,0.5404138926498255,0.6808831316957921,0.3390018695196251,0.3138512499486867,0.3259421064582665,1624.67762465477,11670.960223960876,domain
907,Slideseq,Mouse OB,GSM5173937_OB1_Slide13,SpaceFlow,0.4051197563110603,0.3641145002026253,0.5832827039041005,0.7311743859220334,0.375732946739614,0.3531933175883462,0.3641145002026253,181.5827314853668,432.7050958633423,domain
908,Slideseq,Mouse OB,GSM5173937_OB1_Slide13,SpatialMGCN,0.1735116524764377,0.2427031291507467,0.4155772402906011,0.628620310399609,0.2534530495063066,0.2328279967486401,0.2427031291507467,267.41322870254515,5468.573061180115,domain
909,Slideseq,Mouse OB,GSM5173937_OB1_Slide13,stLearn,0.2040094365294401,0.2644547176168946,0.4640522596842568,0.6288158377123304,0.2613981715242461,0.2675836006449919,0.2644547176168946,15.874610185623167,3657.934861755371,domain
910,Slideseq,Mouse OB,GSM5173938_OB1_Slide14,BASS,0.3415194561331356,0.3595653816752961,0.512535478805862,0.6446106324174931,0.3592386309184418,0.35989272737516,0.359565381675296,1561.608824300766,5252.42,domain
911,Slideseq,Mouse OB,GSM5173938_OB1_Slide14,Banksy,0.2144848416082985,0.2502885559196734,0.4728953652821689,0.5274481114181976,0.2197437597498811,0.2906958223208019,0.2502885559196734,32.503743410110474,2579.424736022949,domain
912,Slideseq,Mouse OB,GSM5173938_OB1_Slide14,CCST,0.3208385900404587,0.3363768065621771,0.5075413376973674,0.6189671056196824,0.3286430794514209,0.3445211845992232,0.3363768065621771,6864.317613601685,23408.43400001526,domain
913,Slideseq,Mouse OB,GSM5173938_OB1_Slide14,CellCharter,0.3059444014067404,0.3068405542001197,0.4861348431117933,0.5955671164580285,0.306370788988865,0.3073145629031277,0.3068405542001198,742.2444292068482,247.36587142944336,domain
914,Slideseq,Mouse OB,GSM5173938_OB1_Slide14,DeepST,0.2888312979502661,0.3259517141068538,0.4938722238781178,0.570097003197312,0.3134357397771893,0.3402368142395208,0.3259517141068538,1411.6194785118105,18478.32327270508,domain
915,Slideseq,Mouse OB,GSM5173938_OB1_Slide14,GraphST,0.1634782597223713,0.2493035520354663,0.4706031030663912,0.5383406492169295,0.2140152091617516,0.2985267572903742,0.2493035520354663,54.66472220420837,10952.378085517885,domain
916,Slideseq,Mouse OB,GSM5173938_OB1_Slide14,PRECAST,0.1432394646394171,0.205070361571595,0.4115179910525682,0.4925486370779818,0.188928313709474,0.2242284559684932,0.205070361571595,118.41472473144526,1335.1,domain
917,Slideseq,Mouse OB,GSM5173938_OB1_Slide14,SEDR,0.2283544240740223,0.264920832911356,0.4601489719389272,0.5519319351866905,0.2467359419544791,0.2879864143917501,0.264920832911356,85.04852313995362,10941.0845703125,domain
918,Slideseq,Mouse OB,GSM5173938_OB1_Slide14,STAGATE,0.1983917378664435,0.296779651636907,0.4393384970897759,0.5929333983634097,0.2807691102821018,0.314940131339137,0.2967796516369071,121.22646474838255,311.2287139892578,domain
919,Slideseq,Mouse OB,GSM5173938_OB1_Slide14,SpaGCN,0.3851741011044656,0.3866162936030023,0.5510498238097864,0.7027041673440633,0.3799818314724957,0.3934865473387301,0.3866162936030023,1007.301903820038,6631.379650115967,domain
920,Slideseq,Mouse OB,GSM5173938_OB1_Slide14,SpaceFlow,0.3288610243370907,0.3294984811424441,0.5084844860336425,0.6040752181217147,0.3254621875158204,0.333695451502317,0.3294984811424441,128.21631894111633,419.0835620880127,domain
921,Slideseq,Mouse OB,GSM5173938_OB1_Slide14,SpatialMGCN,0.3634566792599855,0.361455728544592,0.5300275299674209,0.6278653877418306,0.3599674086294994,0.3629564067602908,0.361455728544592,166.13435492515563,3254.3792266845703,domain
922,Slideseq,Mouse OB,GSM5173938_OB1_Slide14,stLearn,0.2274298679050296,0.3056025564278003,0.4743545007871006,0.5717227551075705,0.2740130464530589,0.3458726968720177,0.3056025564278004,10.071874141693115,2650.4773160934446,domain
923,Slideseq,Mouse OB,GSM5173939_OB1_Slide15,BASS,0.3307638848261614,0.3209020841898856,0.531186115999706,0.7116310061449619,0.3362957813221808,0.3068559730726295,0.3209020841898856,2217.817561435701,8595.079999999998,domain
924,Slideseq,Mouse OB,GSM5173939_OB1_Slide15,Banksy,0.2497588181163976,0.3228400223858235,0.4993340028950544,0.6810172503146517,0.3225016659523514,0.3231790895462634,0.3228400223858235,40.06192555427551,3721.142954254152,domain
925,Slideseq,Mouse OB,GSM5173939_OB1_Slide15,CCST,0.2977741442254313,0.3455372853715116,0.5158162876224921,0.6903753609239653,0.3552860442585029,0.3364806812676345,0.3455372853715116,14390.68658876419,49769.718101501465,domain
926,Slideseq,Mouse OB,GSM5173939_OB1_Slide15,CellCharter,0.2317694720654587,0.2819421973195612,0.4570512977802338,0.6298215739986673,0.2984436925825749,0.2671730596633515,0.2819421973195613,1099.0991914272308,373.4974100112915,domain
927,Slideseq,Mouse OB,GSM5173939_OB1_Slide15,DeepST,0.2702697058773485,0.3030885143931406,0.4978933249135755,0.6633671429629081,0.3107590956575997,0.295788816288714,0.3030885143931406,2300.4578006744387,28402.48873310089,domain
928,Slideseq,Mouse OB,GSM5173939_OB1_Slide15,GraphST,0.1811385852922223,0.2754099940934308,0.4632552834066129,0.6604723476715777,0.2694375716225316,0.2816531911262465,0.2754099940934308,87.41984810829163,23103.24649124145,domain
929,Slideseq,Mouse OB,GSM5173939_OB1_Slide15,PRECAST,0.1166441942075578,0.1778386609389907,0.3860775556695693,0.5530788314140779,0.1842188257454472,0.1718856390343899,0.1778386609389907,169.60825629234313,1884.26,domain
930,Slideseq,Mouse OB,GSM5173939_OB1_Slide15,SEDR,0.274101808544903,0.3594372610758743,0.5241382648595706,0.7066928259421041,0.3488963770880112,0.3706538330268497,0.3594372610758743,137.1847945690155,21231.97949543,domain
931,Slideseq,Mouse OB,GSM5173939_OB1_Slide15,STAGATE,0.256908436637512,0.292076674645719,0.4784898029351656,0.6555045531946398,0.3062244229057816,0.2791784656019649,0.2920766746457189,187.42964959144592,492.2953634262085,domain
932,Slideseq,Mouse OB,GSM5173939_OB1_Slide15,SpaGCN,0.3685253569380669,0.3960297440963459,0.5640494697196369,0.7367291034278522,0.4054635194600368,0.3870249718557069,0.3960297440963459,2503.8733162403105,14130.475607299804,domain
933,Slideseq,Mouse OB,GSM5173939_OB1_Slide15,SpaceFlow,0.2725715670156605,0.2895881282511562,0.5032172377645768,0.67778929443992,0.2931681282203865,0.2860946445284687,0.2895881282511563,236.9436005115509,511.61542282104494,domain
934,Slideseq,Mouse OB,GSM5173939_OB1_Slide15,SpatialMGCN,0.2961966450296944,0.3200964778406519,0.5042077554450826,0.673909824535426,0.337580625336389,0.3043342438493965,0.3200964778406519,305.8861451625824,6535.583279037475,domain
935,Slideseq,Mouse OB,GSM5173939_OB1_Slide15,stLearn,0.2217427949495176,0.2908246104130149,0.4816427114696505,0.6308136521803509,0.2861931550484365,0.2956084595825853,0.2908246104130149,16.659911632537842,4020.502967643738,domain
936,Slideseq,Mouse OB,GSM5173940_OB1_Slide16,BASS,0.3382002156436937,0.3954089791472954,0.5423709455309057,0.7098043502022079,0.4223716272510984,0.3716821598357442,0.3954089791472954,1979.078748464584,5371.1,domain
937,Slideseq,Mouse OB,GSM5173940_OB1_Slide16,Banksy,0.1538342269455005,0.2856764062716149,0.4765474601105369,0.6235994971853309,0.2633941245986236,0.3120771092592129,0.2856764062716149,30.473244142532348,2540.162496185302,domain
938,Slideseq,Mouse OB,GSM5173940_OB1_Slide16,CCST,0.3799523489862143,0.3256439390411576,0.6834125708633901,0.657601923707509,0.2417948785897769,0.4988588650039681,0.3256439390411576,6768.823575019836,23106.35075378418,domain
939,Slideseq,Mouse OB,GSM5173940_OB1_Slide16,CellCharter,0.3365003259514081,0.398744467299586,0.5399376539899121,0.7211826429117936,0.4274190005874561,0.3736760358107937,0.398744467299586,669.2232930660248,262.0102609634399,domain
940,Slideseq,Mouse OB,GSM5173940_OB1_Slide16,DeepST,0.3367152123171417,0.4161576163836714,0.5407190450008049,0.7225707727620506,0.4452680081837114,0.3906206163112803,0.4161576163836714,1319.8665366649627,18039.70909423828,domain
941,Slideseq,Mouse OB,GSM5173940_OB1_Slide16,GraphST,0.0484921022890548,0.2876172226186677,0.3951033293639222,0.6052574051808941,0.2827190719800646,0.2926880879654547,0.2876172226186677,50.88129315376282,10787.370166587829,domain
942,Slideseq,Mouse OB,GSM5173940_OB1_Slide16,PRECAST,0.1717821901903104,0.1516381099976832,0.4916952750406366,0.6083090939026398,0.1434212890337315,0.1608536575232274,0.1516381099976832,111.60095062255849,1321.1,domain
943,Slideseq,Mouse OB,GSM5173940_OB1_Slide16,SEDR,0.2869506429015112,0.398678232614954,0.5227598440973351,0.6911247130833972,0.4063285619329268,0.3940481474706004,0.3986782326149539,79.53028931617737,10730.641873931883,domain
944,Slideseq,Mouse OB,GSM5173940_OB1_Slide16,STAGATE,0.2663550429076219,0.3885172115969355,0.5001392972668224,0.676062957700295,0.4067504126181585,0.3718485403408341,0.3885172115969356,124.1127516746521,343.527561378479,domain
945,Slideseq,Mouse OB,GSM5173940_OB1_Slide16,SpaGCN,0.2473541547352487,0.3581740246309557,0.4788016000577935,0.6355339381353153,0.3816956681296226,0.3373831021405063,0.3581740246309557,996.8794086456298,6544.104027938843,domain
946,Slideseq,Mouse OB,GSM5173940_OB1_Slide16,SpaceFlow,0.3399522963147875,0.4180584925950894,0.5430197084425379,0.7257405180894088,0.4473180844735799,0.3923922426639995,0.4180584925950894,128.72971825599672,437.8405994415283,domain
947,Slideseq,Mouse OB,GSM5173940_OB1_Slide16,SpatialMGCN,0.2404609511153838,0.3998469908585808,0.4973169308601763,0.6681604546945021,0.4027279693720075,0.3970069386473873,0.3998469908585808,157.52984523773193,3179.4061698913574,domain
948,Slideseq,Mouse OB,GSM5173940_OB1_Slide16,stLearn,0.1502237037067384,0.2654092155657214,0.4208096503702691,0.6026232375122964,0.276947939978038,0.2547935309616476,0.2654092155657214,9.663351774215698,2672.479113960266,domain
949,Slideseq,Mouse OB,GSM5173941_OB1_Slide17,BASS,0.1721187467851151,0.2179184232575058,0.4583424635834811,0.6501531910474113,0.2446693978832214,0.1964405579183978,0.2179184232575058,2081.598184251786,5788.179999999999,domain
950,Slideseq,Mouse OB,GSM5173941_OB1_Slide17,Banksy,0.1943015010782957,0.2605591269870452,0.4818500181404782,0.6941891260320923,0.2855574255556413,0.2395853231083276,0.2605591269870452,31.948550319671632,2655.848147583008,domain
951,Slideseq,Mouse OB,GSM5173941_OB1_Slide17,CCST,0.1876243418439226,0.2297172382769822,0.4891380611652333,0.673521316923716,0.2459250518455742,0.2156685743284589,0.2297172382769822,7507.10489821434,25583.58374118805,domain
952,Slideseq,Mouse OB,GSM5173941_OB1_Slide17,CellCharter,0.1848802900580792,0.235674734476881,0.4742340877010068,0.6569247546346783,0.2618243831386465,0.2144527711696474,0.2356747344768811,729.2346898555755,274.5018054962158,domain
953,Slideseq,Mouse OB,GSM5173941_OB1_Slide17,DeepST,0.1764051952991054,0.2255173729448499,0.4650516025510252,0.6486160876564366,0.2514627905898122,0.2044262532046827,0.2255173729448499,1434.8825248241424,19116.117789268494,domain
954,Slideseq,Mouse OB,GSM5173941_OB1_Slide17,GraphST,0.1256275463347302,0.272898767696738,0.4481924875204058,0.6809991172041335,0.2966288905948847,0.2526841927247831,0.272898767696738,56.11594705581665,11917.110370635986,domain
955,Slideseq,Mouse OB,GSM5173941_OB1_Slide17,PRECAST,0.0753699777495821,0.1948466655958086,0.4256200250247216,0.6391645451239154,0.207157100274297,0.1839172716439673,0.1948466655958086,132.1258395671844,1383.9,domain
956,Slideseq,Mouse OB,GSM5173941_OB1_Slide17,SEDR,0.1760950599539437,0.2333559165875333,0.4855858471487869,0.6677260217063925,0.2485660868644988,0.2200107083247602,0.2333559165875333,90.25691246986388,11714.627251243592,domain
957,Slideseq,Mouse OB,GSM5173941_OB1_Slide17,STAGATE,0.1364343444246473,0.2080815395872998,0.4332555478619584,0.6268889235083346,0.2335531829150677,0.1876194903904944,0.2080815395872998,125.7578688621521,364.1507511138916,domain
958,Slideseq,Mouse OB,GSM5173941_OB1_Slide17,SpaGCN,0.1232695709240494,0.2784836944688381,0.4472587014081431,0.668536116736771,0.3010649985302446,0.2590534555611532,0.2784836944688381,1086.4828543663025,7229.312403106689,domain
959,Slideseq,Mouse OB,GSM5173941_OB1_Slide17,SpaceFlow,0.1675959126623357,0.2186045516302285,0.4560265890807695,0.6440359349846808,0.2451738189390981,0.1972333692814661,0.2186045516302285,168.37440266609192,466.9017002105713,domain
960,Slideseq,Mouse OB,GSM5173941_OB1_Slide17,SpatialMGCN,0.1513717220908713,0.2146227450140897,0.4432825212195752,0.6260580568105104,0.2411932756854723,0.1933254669884959,0.2146227450140897,173.8609523296356,3520.654539680481,domain
961,Slideseq,Mouse OB,GSM5173941_OB1_Slide17,stLearn,0.0144645178234631,0.2178742175184513,0.4224770026129164,0.6500493327101833,0.2189259609967095,0.2168325332547135,0.2178742175184513,10.728794145584107,2859.7609626770018,domain
962,Slideseq,Mouse OB,GSM5173942_OB1_Slide18,BASS,0.2168191259322616,0.2605383295060341,0.4517970709425334,0.5650106574848336,0.2520087587239958,0.2696655166867532,0.260538329506034,1426.1197703838347,4954.780000000001,domain
963,Slideseq,Mouse OB,GSM5173942_OB1_Slide18,Banksy,0.1897037909451623,0.2300039561947481,0.4354205294667089,0.5508553314751052,0.2201410800205094,0.2407920478658767,0.2300039561947481,31.242202854156496,2505.568239212036,domain
964,Slideseq,Mouse OB,GSM5173942_OB1_Slide18,CCST,0.2112188895699703,0.2238816804423798,0.4901274684818858,0.5345138547302837,0.1950446866422013,0.264416391876372,0.2238816804423798,6783.190308094025,23057.9038066864,domain
965,Slideseq,Mouse OB,GSM5173942_OB1_Slide18,CellCharter,0.1742521470738288,0.1745376545213085,0.4122645224927006,0.517582117286987,0.1723334995249826,0.1768948137970291,0.1745376545213084,655.4989545822143,230.55515403747563,domain
966,Slideseq,Mouse OB,GSM5173942_OB1_Slide18,DeepST,0.173563157351373,0.1773911430909223,0.4405610341510053,0.4950647647155271,0.1638318135737637,0.1959989225281748,0.1773911430909223,1418.4620555400847,17906.978943824768,domain
967,Slideseq,Mouse OB,GSM5173942_OB1_Slide18,GraphST,0.2033327881866959,0.1937814491275336,0.4311447707320921,0.5470842214570695,0.1921094069306322,0.1954828524228953,0.1937814491275337,50.48874578475952,10767.842027282715,domain
968,Slideseq,Mouse OB,GSM5173942_OB1_Slide18,PRECAST,0.0939399589636867,0.1622162850969923,0.39171040218297,0.4944213520017502,0.1488387728718668,0.1782359967594915,0.1622162850969923,111.46335344314583,1321.56,domain
969,Slideseq,Mouse OB,GSM5173942_OB1_Slide18,SEDR,0.210097250505317,0.2086341101182351,0.4578671143170922,0.5393999016232168,0.1961714407992871,0.2238618080332188,0.2086341101182351,82.7477843284607,10705.325117301942,domain
970,Slideseq,Mouse OB,GSM5173942_OB1_Slide18,STAGATE,0.1862551085992748,0.2052734925778194,0.4380590855970486,0.536656282450675,0.1940925357935608,0.2183560276948761,0.2052734925778194,121.4391921043396,303.4206310272217,domain
971,Slideseq,Mouse OB,GSM5173942_OB1_Slide18,SpaGCN,0.2747934699767519,0.3061559649130891,0.4855835934161766,0.5976936109744767,0.2994041712302293,0.3132193003528823,0.3061559649130891,1110.5501173019409,6514.544372177124,domain
972,Slideseq,Mouse OB,GSM5173942_OB1_Slide18,SpaceFlow,0.1736603221702109,0.1586261515924203,0.4089060973450126,0.5124337323058425,0.1576938710444905,0.1595769103353247,0.1586261515924204,137.75869035720825,430.27877311706544,domain
973,Slideseq,Mouse OB,GSM5173942_OB1_Slide18,SpatialMGCN,0.2387060289287753,0.2700206599231969,0.4517246292054883,0.563917582117287,0.2695762791276869,0.2704665082094996,0.2700206599231969,174.92747349739074,3201.318529510498,domain
974,Slideseq,Mouse OB,GSM5173942_OB1_Slide18,stLearn,0.2469192012505911,0.3097320634610011,0.5065522989582165,0.5826856861780619,0.2775541462915418,0.3504730014054826,0.3097320634610011,9.626056337356568,2593.15992565155,domain
975,Slideseq,Mouse OB,GSM5173943_OB1_Slide19,BASS,0.3067628303563676,0.2572847943715237,0.5569772087889142,0.7260415768135944,0.2971380060430161,0.2268578133971074,0.2572847943715238,1183.563629436493,3745.02,domain
976,Slideseq,Mouse OB,GSM5173943_OB1_Slide19,Banksy,0.3131882296951097,0.3189320079867758,0.5699347124471823,0.7330285517122401,0.3534516795008413,0.2905550978818804,0.3189320079867758,22.04727277755737,1625.6886222839355,domain
977,Slideseq,Mouse OB,GSM5173943_OB1_Slide19,CCST,0.3327937844918518,0.3446505673121907,0.6130130077754922,0.7662037436384025,0.3446017316577515,0.3497438783306971,0.3446505673121907,2824.1087775230408,9452.450831413267,domain
978,Slideseq,Mouse OB,GSM5173943_OB1_Slide19,CellCharter,0.2350020712506681,0.2734494012772477,0.5021624086282082,0.6878633658242044,0.3193690613586912,0.2391701995138573,0.2734494012772477,474.3373620510101,152.67439346313478,domain
979,Slideseq,Mouse OB,GSM5173943_OB1_Slide19,DeepST,0.251545916762099,0.2806468145377679,0.5295627732270021,0.7073406365910463,0.3104023820422695,0.2564589757938715,0.2806468145377679,794.0535424232482,10774.392396736144,domain
980,Slideseq,Mouse OB,GSM5173943_OB1_Slide19,GraphST,0.3943904934583188,0.3663315274026074,0.6302572040584512,0.7668420598637109,0.3982217156971,0.3391702670918335,0.3663315274026074,31.09870915412903,4451.230066871643,domain
981,Slideseq,Mouse OB,GSM5173943_OB1_Slide19,PRECAST,0.2233253851356548,0.2686545504230047,0.5156084794720801,0.737082722332442,0.2980450607312548,0.2445402053978181,0.2686545504230047,72.85880293846115,892.9,domain
982,Slideseq,Mouse OB,GSM5173943_OB1_Slide19,SEDR,0.2364790003240779,0.274801018465957,0.5184249285764829,0.7152937117225913,0.3045720338770353,0.250731867645667,0.274801018465957,85.25344352722168,5001.827646827698,domain
983,Slideseq,Mouse OB,GSM5173943_OB1_Slide19,STAGATE,0.3718504973390573,0.3474921207336373,0.6166255939622205,0.7781937376002761,0.3754678070817535,0.3233962573657943,0.3474921207336373,80.91862487792969,187.5303907394409,domain
984,Slideseq,Mouse OB,GSM5173943_OB1_Slide19,SpaGCN,0.4575484167810271,0.4531335358223988,0.6629199111874644,0.8570689209005435,0.500344681427851,0.414063632294327,0.4531335358223987,439.1807539939881,3493.451191329956,domain
985,Slideseq,Mouse OB,GSM5173943_OB1_Slide19,SpaceFlow,0.2530042964888471,0.2771740409629956,0.5335410681533191,0.7153799706719571,0.3022000215364975,0.255976279598635,0.2771740409629956,105.08636178970336,319.7142206192017,domain
986,Slideseq,Mouse OB,GSM5173943_OB1_Slide19,SpatialMGCN,0.3410496938731887,0.3641000475730619,0.5875668952610611,0.8119554903821271,0.4014087706342685,0.3331368240028055,0.3641000475730619,97.0028145313263,1735.0998697280884,domain
987,Slideseq,Mouse OB,GSM5173943_OB1_Slide19,stLearn,0.4257582736202353,0.4517164965992147,0.65019705678046,0.8536358147157767,0.4826367579378193,0.4245199609180804,0.4517164965992147,7.19232439994812,1529.43980884552,domain
988,Slideseq,Mouse OB,GSM5173944_OB1_Slide20,BASS,0.0672151209447268,0.1443429858799546,0.5918662418996459,0.7431007404083464,0.1585271320885965,0.1324886238712986,0.1443429858799547,542.6402903556823,2731.3,domain
989,Slideseq,Mouse OB,GSM5173944_OB1_Slide20,Banksy,0.669503997174838,0.5720433242844349,0.8890326892704404,0.9187794480592328,0.5227774228534361,0.6315608412897192,0.5720433242844349,12.548981618881225,660.2934169769287,domain
990,Slideseq,Mouse OB,GSM5173944_OB1_Slide20,CCST,0.3369421049685791,0.2044692480516353,0.7797881829861764,0.8170518285842494,0.1938827721384521,0.2173101666206661,0.2044692480516353,502.46778655052185,1553.1032581329346,domain
991,Slideseq,Mouse OB,GSM5173944_OB1_Slide20,CellCharter,0.3260625773153127,0.3359706908583829,0.7046621564466955,0.7901727619474983,0.3696954977172392,0.3079009311608057,0.3359706908583829,106.29991989135742,74.80998630523682,domain
992,Slideseq,Mouse OB,GSM5173944_OB1_Slide20,DeepST,0.4256015552346158,0.3778183925673395,0.7479680704956676,0.8538927529728516,0.406258827955844,0.3637588634969286,0.3778183925673395,329.35386633872986,3938.6357666015615,domain
993,Slideseq,Mouse OB,GSM5173944_OB1_Slide20,GraphST,-0.0822138280842242,0.0841630154037038,0.6247730431741075,0.7431007404083464,0.0781152087868767,0.0912258708157749,0.0841630154037038,16.604787588119507,749.3922693252564,domain
994,Slideseq,Mouse OB,GSM5173944_OB1_Slide20,PRECAST,0.321606156959237,0.2597431720620445,0.707217623883379,0.7863554757630161,0.2833491550382672,0.2397679635102422,0.2597431720620445,1173.784272193908,605.6600000000001,domain
995,Slideseq,Mouse OB,GSM5173944_OB1_Slide20,SEDR,0.2193907262403963,0.1775793116275074,0.8062692298661274,0.7998653803006506,0.1429551756413917,0.2857032888546792,0.1775793116275074,43.52396950721741,1191.5457931518554,domain
996,Slideseq,Mouse OB,GSM5173944_OB1_Slide20,STAGATE,0.7779760737055824,0.6434803020785781,0.9180809398267676,0.945254655597936,0.6280599230975331,0.6596769551026642,0.6434803020785782,34.904649114608766,250.0590282440185,domain
997,Slideseq,Mouse OB,GSM5173944_OB1_Slide20,SpaGCN,0.337822992125582,0.3040096071058474,0.7117131496998695,0.7922369306708549,0.3337737547417381,0.2791192538044516,0.3040096071058475,81.50838222503663,1102.5041988372802,domain
998,Slideseq,Mouse OB,GSM5173944_OB1_Slide20,SpaceFlow,0.2614059792293268,0.1506957477188712,0.7007178014709312,0.7676912721561588,0.1572528714284732,0.144663586848259,0.1506957477188711,37.36291995048523,271.2002742767334,domain
999,Slideseq,Mouse OB,GSM5173944_OB1_Slide20,SpatialMGCN,0.7382360384298469,0.6478540717207678,0.9097766810603244,0.9362800089746466,0.6040395951652053,0.6985218945190057,0.6478540717207677,47.21426401138306,314.2883485794067,domain
1000,Slideseq,Mouse OB,GSM5173944_OB1_Slide20,stLearn,0.2518762155977316,0.224151234652915,0.6720387114070183,0.7522997531972179,0.2469508601563859,0.2052057342950424,0.224151234652915,2.7718424797058105,552.5974452972412,domain
1001,Stereoseq,MOSAT,E16.5_E1S3_cell_bin_whole_brain_sub1,BASS,0.2038310805546111,0.4553619848959538,0.2512669247580301,0.5155753535605259,0.4867394765437701,0.4277849747708531,0.4553619848959538,4173.47534198761,22034.78,celltype
1002,Stereoseq,MOSAT,E16.5_E1S3_cell_bin_whole_brain_sub1,Banksy,0.2316229192382177,0.4505434915613948,0.2778268328561575,0.5079558905987166,0.4761718319483393,0.4275532719205509,0.4505434915613948,195.99019837379456,4413.854022598267,celltype
1003,Stereoseq,MOSAT,E16.5_E1S3_cell_bin_whole_brain_sub1,CCST,0.1702496708322743,0.3077005945220403,0.2305050823305118,0.3595726122982992,0.2983931554292591,0.3176464831447846,0.3077005945220402,20912.78873829841,44059.891705513,celltype
1004,Stereoseq,MOSAT,E16.5_E1S3_cell_bin_whole_brain_sub1,CellCharter,0.1902325658771799,0.4150549664979038,0.2383845213756563,0.4746869353934334,0.4479925240680374,0.3866419297272983,0.4150549664979038,1662.064974975586,875.2309766769409,celltype
1005,Stereoseq,MOSAT,E16.5_E1S3_cell_bin_whole_brain_sub1,DeepST,0.2417335859828796,0.4474468332687258,0.2875700369254143,0.5039312192386767,0.467354572121034,0.4292068870019523,0.4474468332687258,1160.6041259288788,36966.21601257324,celltype
1006,Stereoseq,MOSAT,E16.5_E1S3_cell_bin_whole_brain_sub1,GraphST,0.2202474359198085,0.4404665358539832,0.2670104099791712,0.5058563329387578,0.4702066436707611,0.4142647009045534,0.4404665358539833,180.8829068183899,32356.496329689027,celltype
1007,Stereoseq,MOSAT,E16.5_E1S3_cell_bin_whole_brain_sub1,PRECAST,0.1811095610811221,0.3750857600703448,0.2288922667396761,0.4335555417107968,0.3991757186265252,0.3537379378815694,0.3750857600703448,4021.447208023071,2510.16,celltype
1008,Stereoseq,MOSAT,E16.5_E1S3_cell_bin_whole_brain_sub1,SEDR,0.2005310081678803,0.4362022042364408,0.2479529800566229,0.4980561958756463,0.4658260658263818,0.4101309296099439,0.4362022042364408,357.96449770927427,32198.732984542847,celltype
1009,Stereoseq,MOSAT,E16.5_E1S3_cell_bin_whole_brain_sub1,STAGATE,0.2014024661686679,0.4379309873142663,0.2490710725257122,0.4976263161173758,0.4705274327753391,0.4095629646893924,0.4379309873142663,343.76925430297854,873.768754196167,celltype
1010,Stereoseq,MOSAT,E16.5_E1S3_cell_bin_whole_brain_sub1,SpaGCN,0.2670725308048879,0.4410461948375084,0.320371722322524,0.4558905987165909,0.4303532525398713,0.4522840493519552,0.4410461948375084,1987.7604579925537,20170.11956806183,celltype
1011,Stereoseq,MOSAT,E16.5_E1S3_cell_bin_whole_brain_sub1,SpaceFlow,0.1686200581587,0.3983215244983233,0.217365015286873,0.4565323032832845,0.4324854316957596,0.369171088549752,0.3983215244983234,2442.673768854141,1501.7995460510251,celltype
1012,Stereoseq,MOSAT,E16.5_E1S3_cell_bin_whole_brain_sub1,SpatialMGCN,0.1920582683502291,0.4352389750158895,0.2396713261269724,0.4986293688866737,0.4661992732388241,0.4081347428171279,0.4352389750158895,494.06643018722536,9137.410794067382,celltype
1013,Stereoseq,MOSAT,E16.5_E1S3_cell_bin_whole_brain_sub1,stLearn,0.1863183462798455,0.4257896038663719,0.2344851470334957,0.4642701389321537,0.4431019253196687,0.4098462309900347,0.4257896038663719,24.99972190856933,5620.763905143738,celltype
1014,Stereoseq,Mouse Hemi-Brain,Cell_Bin_Data_Whole_sub1,BASS,0.0921231948543213,0.2836162362257958,0.1597786212615928,0.4014830970556161,0.3005851974826228,0.268460796462617,0.2836162362257957,3341.031928014755,16022.28,celltype
1015,Stereoseq,Mouse Hemi-Brain,Cell_Bin_Data_Whole_sub1,Banksy,0.0786161585839454,0.3053002319684409,0.1664792311777508,0.3999825517993457,0.307849868923811,0.3028370054158135,0.3053002319684409,146.44379506111144,3466.3670185089118,celltype
1016,Stereoseq,Mouse Hemi-Brain,Cell_Bin_Data_Whole_sub1,CCST,0.0988803755156903,0.2390197602486183,0.2025675705790851,0.3416881134133042,0.2167457678293856,0.2664472911456096,0.2390197602486182,10496.763087320329,23354.598569869995,celltype
1017,Stereoseq,Mouse Hemi-Brain,Cell_Bin_Data_Whole_sub1,CellCharter,0.0741258480681675,0.2333366060296408,0.1376088406772084,0.3629400218102508,0.2536423686326802,0.2160446070831025,0.2333366060296408,1640.7340626239777,891.8473140716553,celltype
1018,Stereoseq,Mouse Hemi-Brain,Cell_Bin_Data_Whole_sub1,DeepST,0.0754903523143864,0.2239288141034175,0.1406719076653378,0.3624601962922573,0.2402088814957629,0.2097283380120394,0.2239288141034176,901.9521127223968,27087.40532035828,celltype
1019,Stereoseq,Mouse Hemi-Brain,Cell_Bin_Data_Whole_sub1,GraphST,0.0801576366795556,0.2320385705381213,0.1477803030375289,0.3747437295528898,0.2470716789348765,0.21872992013673,0.2320385705381213,130.02195792198182,16736.17928123474,celltype
1020,Stereoseq,Mouse Hemi-Brain,Cell_Bin_Data_Whole_sub1,PRECAST,0.097374091426219,0.279773929074833,0.1607057500736723,0.3950272628135223,0.3058927325455193,0.2577645725403943,0.279773929074833,2482.31726808548,1784.16,celltype
1021,Stereoseq,Mouse Hemi-Brain,Cell_Bin_Data_Whole_sub1,SEDR,0.0561936861827499,0.1926803813457579,0.1211250887790737,0.3394198473282442,0.2071907257984225,0.1800747674186018,0.1926803813457579,261.2449520111084,18837.699768066406,celltype
1022,Stereoseq,Mouse Hemi-Brain,Cell_Bin_Data_Whole_sub1,STAGATE,0.057965737521639,0.1930402904606913,0.1218070282230969,0.3413304252998909,0.2092266332085824,0.1791798123189046,0.1930402904606912,233.81977467536927,900.1632266998291,celltype
1023,Stereoseq,Mouse Hemi-Brain,Cell_Bin_Data_Whole_sub1,SpaGCN,0.1196870350612591,0.2933040098813343,0.1862196644202518,0.4097273718647763,0.3082758895101235,0.2797190365270482,0.2933040098813343,599.3847836494446,10529.461441612244,celltype
1024,Stereoseq,Mouse Hemi-Brain,Cell_Bin_Data_Whole_sub1,SpaceFlow,0.0695642224038533,0.1860180628886454,0.1330779763303935,0.3353369683751362,0.2016303704932699,0.1726508317896455,0.1860180628886454,472.4279349327088,680.7861427307129,celltype
1025,Stereoseq,Mouse Hemi-Brain,Cell_Bin_Data_Whole_sub1,SpatialMGCN,0.0777882586886167,0.2672423962644911,0.1444255064777251,0.3873936750272628,0.2851154482116577,0.2514779787093141,0.2672423962644912,397.0951042175293,4937.336717033386,celltype
1026,Stereoseq,Mouse Hemi-Brain,Cell_Bin_Data_Whole_sub1,stLearn,0.1003041122253823,0.3072740095895385,0.1671721040577066,0.4134089422028353,0.3233461392378928,0.2927320893961463,0.3072740095895385,22.198375082015996,4207.192138671875,celltype
1027,Stereoseq,Mouse Hemi-Brain,Cell_Bin_Data_Whole_sub2,BASS,0.1548370098412243,0.3690213957628361,0.2178759240465762,0.4939390072731912,0.3904658689147897,0.3498097649641845,0.369021395762836,3529.562485933304,16818.46,celltype
1028,Stereoseq,Mouse Hemi-Brain,Cell_Bin_Data_Whole_sub2,Banksy,0.1539468367239211,0.3874450364165828,0.2477950011521412,0.477759346688784,0.3730094121320758,0.4034569667517775,0.3874450364165828,103.6784656047821,3205.6207986831664,celltype
1029,Stereoseq,Mouse Hemi-Brain,Cell_Bin_Data_Whole_sub2,CCST,0.1437480119381969,0.2677598930259949,0.2420026223019087,0.3685168644464293,0.2417226823544446,0.3002943528192653,0.267759893025995,10819.098672103884,24438.33160457611,celltype
1030,Stereoseq,Mouse Hemi-Brain,Cell_Bin_Data_Whole_sub2,CellCharter,0.1215079523233392,0.3042513861546611,0.1836877653152682,0.4312534558291863,0.3284382518013734,0.2833871657134929,0.3042513861546611,1663.019676589966,862.9032945632935,celltype
1031,Stereoseq,Mouse Hemi-Brain,Cell_Bin_Data_Whole_sub2,DeepST,0.1386138246552432,0.3107373400883472,0.2011338587151461,0.4518991110544,0.3320405190487149,0.2920135309901384,0.3107373400883472,961.4952184200288,27868.534954833984,celltype
1032,Stereoseq,Mouse Hemi-Brain,Cell_Bin_Data_Whole_sub2,GraphST,0.1360750308343018,0.3115885875237419,0.2005398807597579,0.4501297265109948,0.3277952514796393,0.2969089845799721,0.311588587523742,176.82052931785583,17573.944620323182,celltype
1033,Stereoseq,Mouse Hemi-Brain,Cell_Bin_Data_Whole_sub2,PRECAST,0.1468237147904048,0.3417157682205846,0.2100917882888216,0.4707783921735431,0.362481969446821,0.323199989286573,0.3417157682205845,2554.282648038864,1830.4,celltype
1034,Stereoseq,Mouse Hemi-Brain,Cell_Bin_Data_Whole_sub2,SEDR,0.1021669116714367,0.2800847712993373,0.1660323315024256,0.4095529752030964,0.2969846086928836,0.265015887680401,0.2800847712993373,373.8534267902375,19634.54781322479,celltype
1035,Stereoseq,Mouse Hemi-Brain,Cell_Bin_Data_Whole_sub2,STAGATE,0.1065596860473691,0.2761880720448865,0.1694887405722135,0.416902726383395,0.294449114463933,0.2600622600390836,0.2761880720448865,179.90835876464843,870.7078283309936,celltype
1036,Stereoseq,Mouse Hemi-Brain,Cell_Bin_Data_Whole_sub2,SpaGCN,0.164024185670145,0.3374887892812646,0.2307063139192404,0.4458763982816554,0.3398213818710447,0.3351880010169987,0.3374887892812646,808.9338341712952,11036.892030334471,celltype
1037,Stereoseq,Mouse Hemi-Brain,Cell_Bin_Data_Whole_sub2,SpaceFlow,0.1004610441616132,0.268406263054639,0.1622637953734867,0.4028752498830334,0.2897396586610922,0.2500007934181517,0.2684062630546391,406.1827954292297,668.8207124710083,celltype
1038,Stereoseq,Mouse Hemi-Brain,Cell_Bin_Data_Whole_sub2,SpatialMGCN,0.1319227882277072,0.33906618818306,0.1950345346061633,0.4687593041555016,0.3603179547880025,0.3201816827024134,0.33906618818306,289.32609419822694,5203.388198089599,celltype
1039,Stereoseq,Mouse Hemi-Brain,Cell_Bin_Data_Whole_sub2,stLearn,0.1491965054533042,0.3686597999347411,0.2158990601171374,0.4662073072178979,0.3730619731230112,0.3644212168413695,0.3686597999347411,20.674097728729247,4248.943379974366,celltype
1040,Stereoseq,Mouse Hemi-Brain,Data_Whole_sub1,BASS,0.5836211987003406,0.7052571382353664,0.6202920832024552,0.7731650253006148,0.7327580645020554,0.67974579960844,0.7052571382353665,3650.4773559570312,13274.02,domain
1041,Stereoseq,Mouse Hemi-Brain,Data_Whole_sub1,Banksy,0.5042977273913501,0.6440202822685499,0.5455611388986414,0.7137167419337287,0.6642776459372339,0.6249634854508076,0.6440202822685499,62.256039476394655,2610.4007579803465,domain
1042,Stereoseq,Mouse Hemi-Brain,Data_Whole_sub1,CCST,0.4468339309860379,0.6303953289357345,0.4962100454334547,0.6465857772457696,0.6231913396388045,0.6378252319459855,0.6303953289357344,6612.145520019531,15502.662653541563,domain
1043,Stereoseq,Mouse Hemi-Brain,Data_Whole_sub1,CellCharter,0.4510986979904077,0.6398057517537512,0.4989299602355779,0.6846727243049132,0.6748733772620953,0.6082061138068744,0.6398057517537511,1131.4164674282074,1194.2886987686156,domain
1044,Stereoseq,Mouse Hemi-Brain,Data_Whole_sub1,DeepST,0.5642022805255215,0.6775643338402284,0.6021547184760483,0.740051145328908,0.7048447516034514,0.652335261300147,0.6775643338402284,832.2704191207886,21430.874165725712,domain
1045,Stereoseq,Mouse Hemi-Brain,Data_Whole_sub1,GraphST,0.5940018576120145,0.6629463727022954,0.6293357211123504,0.7283312476195658,0.6676965843140774,0.6582632727504792,0.6629463727022953,125.17040376663208,13528.243858337402,domain
1046,Stereoseq,Mouse Hemi-Brain,Data_Whole_sub1,PRECAST,0.4154320397010896,0.6027414147358581,0.4628318450633951,0.6839986766651963,0.6285631695491156,0.5789574911647725,0.602741414735858,1137.3234239578246,1690.22,domain
1047,Stereoseq,Mouse Hemi-Brain,Data_Whole_sub1,SEDR,0.5332447741833628,0.6714015288976988,0.5724757052451419,0.7427498775776702,0.6915720540854498,0.6524032745828784,0.6714015288976987,106.87268209457396,13252.670566558838,domain
1048,Stereoseq,Mouse Hemi-Brain,Data_Whole_sub1,STAGATE,0.5645333660802999,0.6808329910564352,0.6017412351930826,0.7471461994667827,0.70493441533812,0.6583301249216416,0.6808329910564352,140.22336115837098,1209.599447631836,domain
1049,Stereoseq,Mouse Hemi-Brain,Data_Whole_sub1,SpaGCN,0.6238102988665457,0.7091685031273742,0.6556316103000012,0.7713694977963981,0.7149161967589253,0.7035124915754241,0.7091685031273741,154.7544466972351,8290.646809196473,domain
1050,Stereoseq,Mouse Hemi-Brain,Data_Whole_sub1,SpaceFlow,0.4691903861143107,0.6432380079467083,0.5137458109388893,0.6845747864410469,0.6712955681558135,0.6174349417111106,0.6432380079467082,165.17295861244202,903.8515640258788,domain
1051,Stereoseq,Mouse Hemi-Brain,Data_Whole_sub1,SpatialMGCN,0.5532911997974919,0.6781831583895145,0.590719630016273,0.7279503781489743,0.6937690802024701,0.6632821431693632,0.6781831583895144,251.65210390090945,3481.7626316070555,domain
1052,Stereoseq,Mouse Hemi-Brain,Data_Whole_sub1,stLearn,0.5308558445710923,0.651917294585705,0.5701426082427608,0.7238043419119647,0.6626015726476863,0.6416045210880847,0.651917294585705,16.49226312637329,3663.155334854126,domain
1053,Stereoseq,Mouse Hemi-Brain,Data_Whole_sub2,BASS,0.4906157351113579,0.7066341786214292,0.5596780408985368,0.8107723277851427,0.7601905129081162,0.6601274100617618,0.7066341786214291,3299.893745994568,14954.579999999998,domain
1054,Stereoseq,Mouse Hemi-Brain,Data_Whole_sub2,Banksy,0.4254451203337949,0.6291831210191577,0.4944752135982428,0.7404725647197524,0.670864072890288,0.592412325996051,0.6291831210191577,65.4607602596283,2837.288257789612,domain
1055,Stereoseq,Mouse Hemi-Brain,Data_Whole_sub2,CCST,0.4033298837917756,0.6066334749696686,0.4723042390312712,0.6957332940541071,0.6070415680266059,0.6062890792703299,0.6066334749696686,8026.905955934524,18805.4472240448,domain
1056,Stereoseq,Mouse Hemi-Brain,Data_Whole_sub2,CellCharter,0.3799007334759213,0.6380060292275646,0.4597160833820432,0.7295388695182439,0.6985040148445935,0.5871722784366021,0.6380060292275646,1199.0460099220277,1225.420789718628,domain
1057,Stereoseq,Mouse Hemi-Brain,Data_Whole_sub2,DeepST,0.4258725275469993,0.6723748705492486,0.501272895319468,0.7786910197869102,0.7286950278972344,0.6241797557568056,0.6723748705492486,906.312712097168,24018.85879573822,domain
1058,Stereoseq,Mouse Hemi-Brain,Data_Whole_sub2,GraphST,0.426344406114964,0.6321350428697973,0.4965181582891477,0.7381548583492905,0.6765436289263457,0.5931973395557025,0.6321350428697972,128.25066633224486,16518.857863044737,domain
1059,Stereoseq,Mouse Hemi-Brain,Data_Whole_sub2,PRECAST,0.3849692463510284,0.6405616444374114,0.4601143621185778,0.757815611310235,0.6915142972897396,0.5966023610062895,0.6405616444374115,1224.9444479942322,1758.98,domain
1060,Stereoseq,Mouse Hemi-Brain,Data_Whole_sub2,SEDR,0.4867534069494466,0.6751517475011222,0.5540831452182942,0.7944321696862572,0.724050221588954,0.6324979786188244,0.6751517475011222,104.80977077484133,15612.832320976257,domain
1061,Stereoseq,Mouse Hemi-Brain,Data_Whole_sub2,STAGATE,0.4286532405636469,0.6736462380182238,0.4987545188505461,0.7837776795797123,0.7222534597806183,0.6311771364973208,0.6736462380182238,161.70252366065978,1241.5171813964844,domain
1062,Stereoseq,Mouse Hemi-Brain,Data_Whole_sub2,SpaGCN,0.5444399269577899,0.7222206415797555,0.6028710327173754,0.8419993126135414,0.7629299765660843,0.6856356691804879,0.7222206415797556,289.4680739402771,9266.36800479889,domain
1063,Stereoseq,Mouse Hemi-Brain,Data_Whole_sub2,SpaceFlow,0.3565987936330592,0.597634704052808,0.4330524172028752,0.6809741248097412,0.6456295171301825,0.5563545619369172,0.597634704052808,953.4146112918854,1114.5690839767456,domain
1064,Stereoseq,Mouse Hemi-Brain,Data_Whole_sub2,SpatialMGCN,0.4710961477312655,0.6803298478500297,0.5363558704551901,0.7941768547159621,0.7224315636087109,0.6428650903969216,0.6803298478500297,248.9106827259064,4140.553882217408,domain
1065,Stereoseq,Mouse Hemi-Brain,Data_Whole_sub2,stLearn,0.4129205137550126,0.6418962867389005,0.4823189312881831,0.758491677713949,0.6765257496789759,0.6107568843913964,0.6418962867389005,17.8333477973938,4006.964136505127,domain
1066,Stereoseq,Mouse Olfactory Bulb,S1_sub1,BASS,0.4206791191400068,0.5330383373643793,0.4941733529463966,0.6265277616109882,0.5337547087875325,0.5323238862996325,0.5330383373643792,8410.889578056336,27188.54,domain
1067,Stereoseq,Mouse Olfactory Bulb,S1_sub1,Banksy,0.214205742269304,0.3330059602072029,0.3861308973782272,0.402910022116168,0.2778249048801554,0.4158973020463151,0.3330059602072029,159.41125087738038,4625.997455596924,domain
1068,Stereoseq,Mouse Olfactory Bulb,S1_sub1,CCST,0.3093530492695941,0.4396631599186458,0.4184818233079976,0.4768827843091607,0.4021749452919031,0.4855052757021234,0.4396631599186458,16794.7515815258,51683.00757598877,domain
1069,Stereoseq,Mouse Olfactory Bulb,S1_sub1,CellCharter,0.2115495960773404,0.3830353180126385,0.3024910854723017,0.4793330229309742,0.3977905059519648,0.3693525918761857,0.3830353180126385,1694.272704219818,1138.11169090271,domain
1070,Stereoseq,Mouse Olfactory Bulb,S1_sub1,DeepST,0.2964376810102208,0.4619902529619279,0.3818187739113565,0.5417180770573856,0.4667566139625892,0.4576111718481941,0.4619902529619279,2310.8222740650176,43797.22854442596,domain
1071,Stereoseq,Mouse Olfactory Bulb,S1_sub1,GraphST,0.2992207178807903,0.4340182211496207,0.3935133901270682,0.536375276452101,0.4306892488084243,0.4373990563215889,0.4340182211496207,331.6459305763245,47085.04272994995,domain
1072,Stereoseq,Mouse Olfactory Bulb,S1_sub1,PRECAST,0.0073567608796281,0.0256329048092687,0.125169115712615,0.2366366742953883,0.0266649174950445,0.0246777995768931,0.0256329048092687,1683.4714480400085,2264.08,domain
1073,Stereoseq,Mouse Olfactory Bulb,S1_sub1,SEDR,0.3459601978247772,0.473761327584879,0.4277923676579886,0.5647829123501339,0.4737576379443959,0.4739259554673176,0.473761327584879,227.3578732967377,40793.59680767059,domain
1074,Stereoseq,Mouse Olfactory Bulb,S1_sub1,STAGATE,0.3656999350292126,0.475000374874854,0.4494116335934486,0.5939413339541381,0.4736559405750482,0.4763669859260024,0.475000374874854,328.63876543045046,1697.6296627044678,domain
1075,Stereoseq,Mouse Olfactory Bulb,S1_sub1,SpaGCN,0.371976375788444,0.5019921701386155,0.4479187700411787,0.59573972762193,0.5089486943740127,0.495223251020174,0.5019921701386155,1047.6041353702544,23582.62916545868,domain
1076,Stereoseq,Mouse Olfactory Bulb,S1_sub1,SpaceFlow,0.2789507862444159,0.4360369338273386,0.3636878271155865,0.5317076009777674,0.4486365314779567,0.4242244122430371,0.4360369338273386,519.6238570213318,833.3523710250854,domain
1077,Stereoseq,Mouse Olfactory Bulb,S1_sub1,SpatialMGCN,0.3178609122176535,0.4550187052951059,0.3977344834702122,0.5745838668373879,0.4718154477893092,0.4393767868680339,0.4550187052951059,392.778066444397,10560.439725494383,domain
1078,Stereoseq,Mouse Olfactory Bulb,S1_sub1,stLearn,0.4058799735772503,0.517845501823441,0.4791404112667731,0.6314282388546153,0.5233482385194342,0.5126248440342305,0.5178455018234409,35.801855897903444,14069.870973968504,domain
1079,Stereoseq,Mouse Olfactory Bulb,S1_sub2,BASS,0.4670565882930627,0.5500334251797139,0.5372293059992097,0.671097125681007,0.5649486323838052,0.5358855132982592,0.5500334251797139,4192.948970079422,31400.88,domain
1080,Stereoseq,Mouse Olfactory Bulb,S1_sub2,Banksy,0.2583112830582629,0.3982385831106996,0.3871915787278485,0.4913864362201766,0.3694186853092652,0.4322967432693398,0.3982385831106996,97.09096455574036,2862.883634185791,domain
1081,Stereoseq,Mouse Olfactory Bulb,S1_sub2,CCST,0.345366299299961,0.4682902504599008,0.446119505162028,0.5504884463648319,0.443055773601528,0.4965768061229925,0.4682902504599008,6548.629475688935,20648.75698299408,domain
1082,Stereoseq,Mouse Olfactory Bulb,S1_sub2,CellCharter,0.2557749895434681,0.4212862904362332,0.3484840566689988,0.5396111215479993,0.443778215941416,0.4010317408541775,0.4212862904362331,1402.1695923805237,660.5835050582886,domain
1083,Stereoseq,Mouse Olfactory Bulb,S1_sub2,DeepST,0.33557449061144,0.4668984164778661,0.4237218425439598,0.5590268645500658,0.4745898545939744,0.4599916811600038,0.466898416477866,1232.5542585849762,25036.640715026857,domain
1084,Stereoseq,Mouse Olfactory Bulb,S1_sub2,GraphST,0.3374550651084763,0.4411581005163824,0.4373347829164105,0.5614784895735487,0.4355580770187479,0.4469039999333873,0.4411581005163824,141.2412160396576,18537.62638874054,domain
1085,Stereoseq,Mouse Olfactory Bulb,S1_sub2,PRECAST,0.0214016366821977,0.0343295132804289,0.1412393049461197,0.2704086806611905,0.0363734693996592,0.0325030499557267,0.0343295132804289,1043.642012023926,1451.1799999999998,domain
1086,Stereoseq,Mouse Olfactory Bulb,S1_sub2,SEDR,0.375521375426502,0.4677505303199653,0.4606617382936048,0.5636952846139395,0.4725742568417327,0.4630738771981749,0.4677505303199652,110.86273860931396,18905.50108604431,domain
1087,Stereoseq,Mouse Olfactory Bulb,S1_sub2,STAGATE,0.336380703150388,0.4841861494309687,0.4205609606268681,0.6352808566597783,0.5087885561336535,0.4618533021076929,0.4841861494309686,173.44539370536805,1030.8895458221436,domain
1088,Stereoseq,Mouse Olfactory Bulb,S1_sub2,SpaGCN,0.4485758526071903,0.5445399206502697,0.527020330295099,0.6473792973886906,0.5395153731322269,0.5496589359367053,0.5445399206502698,696.5194799900055,10650.005434799194,domain
1089,Stereoseq,Mouse Olfactory Bulb,S1_sub2,SpaceFlow,0.3231627734028198,0.4584029991712753,0.4091688613206584,0.592861168513996,0.478351957273554,0.4400676000488238,0.4584029991712753,155.8417760848999,513.9338676452637,domain
1090,Stereoseq,Mouse Olfactory Bulb,S1_sub2,SpatialMGCN,0.3682741664568469,0.4715439548311673,0.4497710780835534,0.6171331955664099,0.4905944864614632,0.4539176410093993,0.4715439548311673,197.7464693069458,4399.036058616638,domain
1091,Stereoseq,Mouse Olfactory Bulb,S1_sub2,stLearn,0.3450068184906214,0.4972869205669557,0.4311565980428138,0.6253240653766673,0.5074385417788108,0.4876307272871753,0.4972869205669557,24.17659878730774,8493.858385276795,domain
1092,Stereoseq,Mouse Olfactory Bulb,S1_sub3,BASS,0.4065299077647267,0.5375006710274091,0.4779109605571611,0.622325480873136,0.5342828209162914,0.54075751659071,0.5375006710274091,6009.588291978836,24715.74,domain
1093,Stereoseq,Mouse Olfactory Bulb,S1_sub3,Banksy,0.2422208779479753,0.3653219723155639,0.4003332691135624,0.4520783805201354,0.3123783336885011,0.4411352294475781,0.3653219723155639,98.32887182235716,3770.005612182618,domain
1094,Stereoseq,Mouse Olfactory Bulb,S1_sub3,CCST,0.3139953170764492,0.4446369300870115,0.4255429117355783,0.4774439881852892,0.4027265562354181,0.4966982434798111,0.4446369300870116,10899.048059082032,34283.885277557376,domain
1095,Stereoseq,Mouse Olfactory Bulb,S1_sub3,CellCharter,0.2450768414255769,0.4034324234013254,0.330625484824743,0.4884158201858655,0.4139255773263871,0.393484856184488,0.4034324234013253,1724.0502527713777,1021.6457237243652,domain
1096,Stereoseq,Mouse Olfactory Bulb,S1_sub3,DeepST,0.2917847980254789,0.4561981249553805,0.372088543150386,0.538433830415676,0.4644184479633839,0.4482729308463343,0.4561981249553805,1682.9816493034364,34014.89252777099,domain
1097,Stereoseq,Mouse Olfactory Bulb,S1_sub3,GraphST,0.3121610610228852,0.4432855558129032,0.3992962365308294,0.5502125207117643,0.4393915425952395,0.4472492058845855,0.4432855558129032,242.76095986366272,31086.20490474701,domain
1098,Stereoseq,Mouse Olfactory Bulb,S1_sub3,PRECAST,0.0091920183184351,0.0327736725282235,0.1287426181751615,0.2493152769324406,0.0335313171409098,0.0320495095568454,0.0327736725282235,1396.197251987457,1828.56,domain
1099,Stereoseq,Mouse Olfactory Bulb,S1_sub3,SEDR,0.319133344161345,0.4657436115720414,0.3994839211984003,0.545940494200706,0.4685071426268105,0.4631778252186853,0.4657436115720413,163.4577310562134,28761.35054836273,domain
1100,Stereoseq,Mouse Olfactory Bulb,S1_sub3,STAGATE,0.3637680214956427,0.4909890103557134,0.441872916666151,0.6093076867660832,0.4918085454448374,0.4901722405884037,0.4909890103557134,219.36481499671936,1409.9818292617797,domain
1101,Stereoseq,Mouse Olfactory Bulb,S1_sub3,SpaGCN,0.437922720576317,0.5596280612112722,0.5082711725715683,0.64851235501765,0.5533185794179803,0.5660830965636282,0.5596280612112722,827.4846244812012,15732.17537059784,domain
1102,Stereoseq,Mouse Olfactory Bulb,S1_sub3,SpaceFlow,0.2945498349998727,0.4487438528341454,0.3739421830562166,0.5450471868021036,0.4599612264644722,0.4380850168948645,0.4487438528341454,300.62686076164243,675.4591083526611,domain
1103,Stereoseq,Mouse Olfactory Bulb,S1_sub3,SpatialMGCN,0.2879934772053582,0.443285398011566,0.3695650043246052,0.5639002953677689,0.4511518728145315,0.4356885482732494,0.443285398011566,272.3231380939484,7178.431599998474,domain
1104,Stereoseq,Mouse Olfactory Bulb,S1_sub3,stLearn,0.4110509337067342,0.545850784315866,0.4778729835125273,0.6551040991283049,0.5603412900226725,0.5320913324873675,0.545850784315866,31.290859985351563,11356.155333900451,domain
1105,Stereoseq,Mouse Olfactory Bulb,S1_sub4,BASS,0.411129613379135,0.5204401158670948,0.48632452716661,0.6427079852990311,0.5280451954500059,0.513050987766553,0.5204401158670949,4997.926448011398,26531.340000000004,domain
1106,Stereoseq,Mouse Olfactory Bulb,S1_sub4,Banksy,0.266822700136074,0.3836191358777661,0.4176106418791103,0.4261025726695623,0.3302338392783012,0.4580116045796883,0.3836191358777661,104.52664041519164,3218.01789932251,domain
1107,Stereoseq,Mouse Olfactory Bulb,S1_sub4,CCST,0.2989213657318682,0.445410149940799,0.4244297699736574,0.4458820581356498,0.388846773556497,0.521742780916651,0.445410149940799,8226.399054336547,25890.003488731385,domain
1108,Stereoseq,Mouse Olfactory Bulb,S1_sub4,CellCharter,0.2279453401224109,0.3872299386448752,0.3199283108549092,0.4927831607083194,0.4030624455218913,0.3726035131352646,0.3872299386448752,1663.9791862487791,836.2711071014404,domain
1109,Stereoseq,Mouse Olfactory Bulb,S1_sub4,DeepST,0.2752681021619919,0.4334784712480373,0.3642861577645129,0.5161042432342132,0.4446204325572244,0.4231894008397782,0.4334784712480374,1408.3857011318207,28643.5610376358,domain
1110,Stereoseq,Mouse Olfactory Bulb,S1_sub4,GraphST,0.2981688109804354,0.4446470326677267,0.3948823696999814,0.5458987637821584,0.4359342495070081,0.4537151939935687,0.4446470326677267,189.50801892280575,23305.971665382385,domain
1111,Stereoseq,Mouse Olfactory Bulb,S1_sub4,PRECAST,0.0204039012054893,0.042656604791181,0.1487315274206815,0.2701324714344243,0.0439944681568966,0.04139770839342,0.042656604791181,1161.689233970642,1600.72,domain
1112,Stereoseq,Mouse Olfactory Bulb,S1_sub4,SEDR,0.3036183929218398,0.4446954205634832,0.3946171224796504,0.5156949548947545,0.4454713897552864,0.4441531493477432,0.4446954205634832,144.4390714645386,22713.5815908432,domain
1113,Stereoseq,Mouse Olfactory Bulb,S1_sub4,STAGATE,0.3505384901006118,0.4763500391925278,0.4335016839448515,0.61111760775142,0.4838829770148513,0.4690811738274223,0.4763500391925278,190.28641085624696,1197.932863998413,domain
1114,Stereoseq,Mouse Olfactory Bulb,S1_sub4,SpaGCN,0.4365837476618234,0.5423361679716948,0.511094344047096,0.6310975609756098,0.5340607684110148,0.5508720625630321,0.5423361679716949,1428.8961871147155,12445.959615135193,domain
1115,Stereoseq,Mouse Olfactory Bulb,S1_sub4,SpaceFlow,0.2961180452030046,0.4444966334263106,0.3836463614410851,0.5540344136318075,0.453390281563701,0.4361314667501658,0.4444966334263105,126.56525559425354,577.1671741485595,domain
1116,Stereoseq,Mouse Olfactory Bulb,S1_sub4,SpatialMGCN,0.2890832366461114,0.4364567535196842,0.3757658397902345,0.557968593384564,0.4505367527394767,0.4232301302369123,0.4364567535196842,240.4442792415619,5470.085670852661,domain
1117,Stereoseq,Mouse Olfactory Bulb,S1_sub4,stLearn,0.3407574737174938,0.5018511311476884,0.4222826296389012,0.6241814233210825,0.5128611773600883,0.4914403377563562,0.5018511311476885,28.161895418167116,9752.501557922364,domain
1118,Stereoseq,Mouse Olfactory Bulb,S2_sub1,BASS,0.3433112545677021,0.4928165174072913,0.4458607077492197,0.578813785733369,0.4641184539632476,0.5252974943913108,0.4928165174072912,4982.789208030701,23472.86,domain
1119,Stereoseq,Mouse Olfactory Bulb,S2_sub1,Banksy,0.2006631452934387,0.3293094420510871,0.3956560614386989,0.360359337429869,0.263979989324918,0.4387770734916677,0.3293094420510871,90.23561534881593,3977.337994575501,domain
1120,Stereoseq,Mouse Olfactory Bulb,S2_sub1,CCST,0.2302981530123825,0.4026675957592468,0.3722198736432038,0.4079949238578679,0.3524452704069842,0.4699264558457993,0.4026675957592468,12895.04245300293,39420.83517456055,domain
1121,Stereoseq,Mouse Olfactory Bulb,S2_sub1,CellCharter,0.2079449139607543,0.377911766933998,0.3049530960484093,0.4795752070531659,0.3890824607722091,0.3673796373951281,0.3779117669339981,1679.3473910331727,1000.7267316818236,domain
1122,Stereoseq,Mouse Olfactory Bulb,S2_sub1,DeepST,0.2272706391926778,0.4012962783426744,0.3263175432328752,0.479835693294149,0.4039099079314102,0.3987860355325142,0.4012962783426743,2004.349843502045,34496.73071308136,domain
1123,Stereoseq,Mouse Olfactory Bulb,S2_sub1,GraphST,0.3079051920647906,0.4187575388630611,0.4452916692620893,0.4650013358268768,0.3737842839017375,0.4760332623172086,0.4187575388630611,249.3319461345673,35984.50050010681,domain
1124,Stereoseq,Mouse Olfactory Bulb,S2_sub1,PRECAST,0.0191799633419516,0.0366574747818034,0.139044105188566,0.2444965716347888,0.0383858553964419,0.0350780337879136,0.0366574747818034,1358.352060031891,1976.56,domain
1125,Stereoseq,Mouse Olfactory Bulb,S2_sub1,SEDR,0.2252469483313403,0.3980434098503379,0.3255933073863251,0.4714266631044616,0.399263185704926,0.3969462341677702,0.3980434098503379,185.8596722602844,31452.70739784241,domain
1126,Stereoseq,Mouse Olfactory Bulb,S2_sub1,STAGATE,0.2975539155838754,0.4502512075986354,0.3975916457477831,0.546186214266631,0.4447822862381564,0.4558581095833031,0.4502512075986354,256.4695285797119,1481.4849550247193,domain
1127,Stereoseq,Mouse Olfactory Bulb,S2_sub1,SpaGCN,0.3138907071263221,0.4955514423485301,0.4206576162918627,0.5192693026983702,0.4591887508654362,0.538168456632003,0.4955514423485301,828.3870577335358,18152.11135807037,domain
1128,Stereoseq,Mouse Olfactory Bulb,S2_sub1,SpaceFlow,0.2171599598739509,0.395188710158089,0.3142603686466635,0.4810780122896072,0.4027645446175073,0.3879964465820468,0.395188710158089,450.9275648117065,720.3049701690674,domain
1129,Stereoseq,Mouse Olfactory Bulb,S2_sub1,SpatialMGCN,0.2565696120735774,0.4234189973026797,0.3529966362453982,0.5334624632647609,0.4275507230966525,0.4193663627855492,0.4234189973026797,308.22487392425535,8201.606341362,domain
1130,Stereoseq,Mouse Olfactory Bulb,S2_sub1,stLearn,0.3263353318115274,0.4956358051608903,0.4141431586520713,0.5841704515094843,0.4984841035366134,0.4930008675193378,0.4956358051608903,31.221775388717653,11118.35049533844,domain
1131,Stereoseq,Mouse Olfactory Bulb,S2_sub2,BASS,0.3402977474841046,0.5192789742384823,0.4385700287202711,0.5934966110857001,0.4989522177283785,0.5413322457951084,0.5192789742384822,4198.129575967789,26066.36,domain
1132,Stereoseq,Mouse Olfactory Bulb,S2_sub2,Banksy,0.1997132170199366,0.3534709874309676,0.4037164444475797,0.4234105368206577,0.2750208285646614,0.4950745585941047,0.3534709874309676,73.72952008247375,3218.3195692062377,domain
1133,Stereoseq,Mouse Olfactory Bulb,S2_sub2,CCST,0.2400625950995968,0.3939483429617401,0.4073690188349867,0.4165245956172813,0.3225341940420573,0.505992541457514,0.3939483429617402,8220.839121246338,25852.88778781891,domain
1134,Stereoseq,Mouse Olfactory Bulb,S2_sub2,CellCharter,0.2470389145293426,0.3905997481906167,0.3380462487340837,0.5087030645764896,0.3964941689810747,0.3849261508312895,0.3905997481906167,1625.2773982048034,830.5769344329834,domain
1135,Stereoseq,Mouse Olfactory Bulb,S2_sub2,DeepST,0.264696909486254,0.4259232799057522,0.3563849169987795,0.5285375691296935,0.4235403308243661,0.4284123406707357,0.4259232799057522,1503.1451216697692,26637.87985496521,domain
1136,Stereoseq,Mouse Olfactory Bulb,S2_sub2,GraphST,0.2691989034549558,0.4361146556693777,0.4093926078797125,0.479396232691588,0.3933475050250528,0.4893160999150384,0.4361146556693778,181.84958362579343,23501.12269744873,domain
1137,Stereoseq,Mouse Olfactory Bulb,S2_sub2,PRECAST,0.0286301204570699,0.0490242990179121,0.166351446984907,0.2571155769755388,0.0492207037849635,0.0488294554442874,0.0490242990179121,1073.350931930542,1506.44,domain
1138,Stereoseq,Mouse Olfactory Bulb,S2_sub2,SEDR,0.2452980645470677,0.4235739038344145,0.3446895279040651,0.5156971183833008,0.4190507382842462,0.4282568357940125,0.4235739038344145,135.02781262397767,22015.93140926361,domain
1139,Stereoseq,Mouse Olfactory Bulb,S2_sub2,STAGATE,0.3264223137024768,0.4854759100203656,0.4195434718414839,0.5800407501351408,0.4762233838854155,0.4951446391080216,0.4854759100203656,214.8589781284332,1200.1146507263184,domain
1140,Stereoseq,Mouse Olfactory Bulb,S2_sub2,SpaGCN,0.3617889048352376,0.5444502133505406,0.4485907131141884,0.6134558609505593,0.5279876095523742,0.561972461626559,0.5444502133505404,481.7149484157562,11869.585898399351,domain
1141,Stereoseq,Mouse Olfactory Bulb,S2_sub2,SpaceFlow,0.2653077372798756,0.422856423062489,0.3534582473039548,0.5206952472036259,0.4275538835843558,0.4186217039774045,0.422856423062489,161.66690225601195,580.4186859130859,domain
1142,Stereoseq,Mouse Olfactory Bulb,S2_sub2,SpatialMGCN,0.291341017759624,0.451173063770504,0.3851592528800175,0.5235144912470373,0.4455029218795715,0.4569893998994566,0.451173063770504,276.45883083343506,5518.649473762513,domain
1143,Stereoseq,Mouse Olfactory Bulb,S2_sub2,stLearn,0.3209735625350992,0.5199560486968211,0.4113260241701935,0.5826520853257933,0.5093340584067699,0.5319030530743831,0.5199560486968211,28.27141575813293,8866.553320121766,domain
1144,Stereoseq,Mouse Olfactory Bulb,S2_sub3,BASS,0.3651670961387374,0.5302788067290984,0.4734657793563777,0.5770195467912126,0.4934798489755486,0.573008221910477,0.5302788067290983,4248.720071983337,21820.16,domain
1145,Stereoseq,Mouse Olfactory Bulb,S2_sub3,Banksy,0.0837306279618493,0.2379355474757899,0.3318929139271162,0.3798218301331949,0.1861301205822709,0.34453564029733,0.2379355474757899,77.25928330421448,3082.113424873352,domain
1146,Stereoseq,Mouse Olfactory Bulb,S2_sub3,CCST,0.204516127565369,0.3758019473098998,0.37800767442607,0.4450614080608891,0.3148368389024475,0.4660751675933352,0.3758019473098998,7659.221362161636,23899.83732280731,domain
1147,Stereoseq,Mouse Olfactory Bulb,S2_sub3,CellCharter,0.2016183462403276,0.3748978131243148,0.3082730610081013,0.5054315862307559,0.3935541780845187,0.3579586954085393,0.3748978131243148,1602.1953838825225,708.4719814300537,domain
1148,Stereoseq,Mouse Olfactory Bulb,S2_sub3,DeepST,0.2576219504324434,0.4294588354712959,0.3611644021220609,0.5044369486248054,0.440063502441055,0.4195361100759521,0.4294588354712959,1391.2355813503266,25435.916360855103,domain
1149,Stereoseq,Mouse Olfactory Bulb,S2_sub3,GraphST,0.2136088293375349,0.4010857017455475,0.3388528511294668,0.4926050856253242,0.3866823296691826,0.4166035989538813,0.4010857017455475,173.3989613056183,21745.16693439484,domain
1150,Stereoseq,Mouse Olfactory Bulb,S2_sub3,PRECAST,0.0159221720157985,0.0298002604293346,0.1485245681256984,0.2579262650367701,0.0314665315141659,0.0283015851474752,0.0298002604293346,1011.8801441192628,1453.4,domain
1151,Stereoseq,Mouse Olfactory Bulb,S2_sub3,SEDR,0.2489100132373089,0.4232329788828565,0.3528711899447286,0.5191316381248919,0.4346153744825853,0.4125152539087538,0.4232329788828565,123.53602938652038,20679.573877334595,domain
1152,Stereoseq,Mouse Olfactory Bulb,S2_sub3,STAGATE,0.2907099145204738,0.4645596080985749,0.3921483128017382,0.5919218128351497,0.4763117683188833,0.4533755958426626,0.4645596080985749,196.86477646827697,1117.8267501831056,domain
1153,Stereoseq,Mouse Olfactory Bulb,S2_sub3,SpaGCN,0.3575804557790456,0.5336524829382476,0.4581998124329097,0.5768465663380038,0.5149191484265464,0.5538003593900273,0.5336524829382475,547.5862535953522,10917.964266967774,domain
1154,Stereoseq,Mouse Olfactory Bulb,S2_sub3,SpaceFlow,0.2454873459910439,0.4232119733743532,0.351025545043215,0.5202473620480885,0.4334661045720039,0.4136920698095284,0.4232119733743532,233.53125686645507,554.3808645248413,domain
1155,Stereoseq,Mouse Olfactory Bulb,S2_sub3,SpatialMGCN,0.2782763982884828,0.4386840257657821,0.3813794309080806,0.5546185781006746,0.4465717234226259,0.4310701293393232,0.4386840257657821,219.2174711227417,5042.902836227417,domain
1156,Stereoseq,Mouse Olfactory Bulb,S2_sub3,stLearn,0.3194471883513606,0.5210776480166696,0.4229634213337825,0.5837744334890157,0.5143647237378645,0.5281936317601408,0.5210776480166696,24.12881631851197,8437.960122871398,domain
1157,Stereoseq,Mouse Olfactory Bulb,S2_sub4,BASS,0.3760039499019234,0.5225560169049549,0.4598017159752586,0.6117155414655234,0.5234745822152707,0.5216406696467184,0.522556016904955,4844.008319997787,21681.14,domain
1158,Stereoseq,Mouse Olfactory Bulb,S2_sub4,Banksy,0.1630510538548732,0.3363988838588253,0.3407375006869441,0.4178471071402838,0.2858388886095206,0.4104811793236068,0.3363988838588253,111.71677899360655,3704.604532241821,domain
1159,Stereoseq,Mouse Olfactory Bulb,S2_sub4,CCST,0.2417706080305793,0.3921463795469071,0.4122039683134592,0.4407089847971756,0.3168403013637552,0.5163128752477544,0.3921463795469071,11056.7613448143,33995.68070392609,domain
1160,Stereoseq,Mouse Olfactory Bulb,S2_sub4,CellCharter,0.1950204203476991,0.3617422051802016,0.2955234656794468,0.477714532747316,0.374659059476591,0.3497021067844186,0.3617422051802015,1685.186392068863,929.0232219696044,domain
1161,Stereoseq,Mouse Olfactory Bulb,S2_sub4,DeepST,0.2795405805261605,0.4334362097835065,0.3727933755365526,0.5003242308523669,0.4415901249236985,0.4256392307503996,0.4334362097835065,1719.895280599594,31519.118487739564,domain
1162,Stereoseq,Mouse Olfactory Bulb,S2_sub4,GraphST,0.2308469229780985,0.3976120714558832,0.3513789706647608,0.4784926867929966,0.3802071344531231,0.4166869643420362,0.3976120714558832,236.84440145492556,31040.697899627685,domain
1163,Stereoseq,Mouse Olfactory Bulb,S2_sub4,PRECAST,0.0114375203048433,0.0309860854891608,0.1425818470818818,0.2503220769080617,0.0321294341407504,0.0299213143432309,0.0309860854891608,1255.3032620429992,1837.82,domain
1164,Stereoseq,Mouse Olfactory Bulb,S2_sub4,SEDR,0.2584474240648778,0.4164618699197969,0.3551723514893922,0.4937315368542402,0.4221133990922979,0.410997043123921,0.4164618699197969,165.3587582588196,27767.74954776764,domain
1165,Stereoseq,Mouse Olfactory Bulb,S2_sub4,STAGATE,0.2694255170517093,0.4582417069045739,0.3661618219219402,0.5699185820304057,0.4658421093057508,0.4508901885274946,0.4582417069045739,232.8265992641449,1373.6019739151002,domain
1166,Stereoseq,Mouse Olfactory Bulb,S2_sub4,SpaGCN,0.3172986503696153,0.513202668661605,0.4250966516371461,0.5410692412998055,0.4807917470769989,0.5502991957772235,0.5132026686616051,1014.9564077854156,15634.401043319702,domain
1167,Stereoseq,Mouse Olfactory Bulb,S2_sub4,SpaceFlow,0.2475055307776398,0.4255810480662193,0.349469133217841,0.4985373585993226,0.4272093056515064,0.4240114914091863,0.4255810480662193,678.3205111980438,681.0441738128662,domain
1168,Stereoseq,Mouse Olfactory Bulb,S2_sub4,SpatialMGCN,0.2728486966941336,0.4205758774253106,0.3778520721285339,0.513977952302039,0.418593864799459,0.4225767487275466,0.4205758774253106,292.1818833351135,7059.80470085144,domain
1169,Stereoseq,Mouse Olfactory Bulb,S2_sub4,stLearn,0.3413541714651464,0.5333846592042188,0.4404798447871434,0.5884141508754233,0.5156883324828347,0.5526438930291612,0.533384659204219,28.330650520324703,10356.420147705076,domain
1170,VisiumHD,Mouse Brain,FFPE_sub1,BASS,0.2355152989776602,0.4600643622149017,0.4027815090463848,0.7038911270511938,0.5470032753262549,0.3969710765151317,0.4600643622149017,3040.081223964691,6139.4,domain
1171,VisiumHD,Mouse Brain,FFPE_sub1,Banksy,0.2247580382907693,0.4585886408943717,0.3910730485193466,0.7026628672496807,0.5540520334052415,0.3911871629983757,0.4585886408943717,37.46060743331909,3299.3838102340696,domain
1172,VisiumHD,Mouse Brain,FFPE_sub1,CCST,0.2962595869177437,0.5082157448700555,0.470583843508552,0.7071632111624251,0.5529217527939482,0.4707922137170429,0.5082157448700555,5950.137255573272,18786.7360458374,domain
1173,VisiumHD,Mouse Brain,FFPE_sub1,CellCharter,0.190906043902475,0.4079806723376364,0.3590759398372392,0.657905080082539,0.4967268498612012,0.3461445396125514,0.4079806723376364,1043.6018632411956,1378.6126308441162,domain
1174,VisiumHD,Mouse Brain,FFPE_sub1,DeepST,0.2360657979143647,0.4818580077356891,0.4029880875953061,0.7152992040876487,0.5720730014911996,0.4162274961600458,0.4818580077356891,1131.507594060898,18586.551432418823,domain
1175,VisiumHD,Mouse Brain,FFPE_sub1,GraphST,0.2021316418424334,0.4225266596395902,0.3691204935729638,0.6806524516065638,0.5147656718919281,0.358320496567918,0.4225266596395902,88.2216697692871,17084.03969478607,domain
1176,VisiumHD,Mouse Brain,FFPE_sub1,PRECAST,0.2357264635456964,0.4771056482357648,0.40363301169811,0.7424584848187089,0.5674278699316943,0.4115895157701724,0.4771056482357647,322.85849990844724,1508.06,domain
1177,VisiumHD,Mouse Brain,FFPE_sub1,SEDR,0.2181536180075946,0.4552047421216835,0.3844034149956092,0.7014640856834038,0.551811365730602,0.3873912271870574,0.4552047421216835,121.19252762794494,12793.227910614014,domain
1178,VisiumHD,Mouse Brain,FFPE_sub1,STAGATE,0.2310060968306699,0.4621083469736283,0.3968295589747191,0.7066129507713471,0.5579284594678285,0.394401520309418,0.4621083469736283,141.1046778202057,1414.565414428711,domain
1179,VisiumHD,Mouse Brain,FFPE_sub1,SpaGCN,0.3101783064957314,0.5503602421733376,0.468415199944466,0.8078313844944482,0.6568390528880523,0.4736038888226733,0.5503602421733376,299.02264738082886,9107.197359848022,domain
1180,VisiumHD,Mouse Brain,FFPE_sub1,SpaceFlow,0.2286974715652715,0.4490901878775388,0.3966645402049736,0.6910484425665717,0.5307834711667515,0.3891941065111891,0.4490901878775388,338.8349461555481,1117.028653335571,domain
1181,VisiumHD,Mouse Brain,FFPE_sub1,SpatialMGCN,0.2209559574724205,0.469150779096006,0.3874640960576282,0.6994595656873341,0.5683471690778457,0.3994658707628996,0.4691507790960061,418.5327848911285,4652.335651779174,domain
1182,VisiumHD,Mouse Brain,FFPE_sub1,stLearn,0.4185185350694407,0.6206309362944017,0.5621930391356883,0.8395696177655498,0.6831224541641021,0.5686242225055854,0.6206309362944017,11.047232818603517,3375.8144481658937,domain
1183,VisiumHD,Mouse Brain,FFPE_sub2,BASS,0.2673854164871835,0.4759873546955663,0.392302714115776,0.6852098862298941,0.5583002167091473,0.4148273772480506,0.4759873546955661,4743.910053920746,7606.26,domain
1184,VisiumHD,Mouse Brain,FFPE_sub2,Banksy,0.1941770992808522,0.4378702759585058,0.3327630264902171,0.6131424087877599,0.4906731852364373,0.3953277893794046,0.4378702759585057,57.800834608078006,4082.563827514648,domain
1185,VisiumHD,Mouse Brain,FFPE_sub2,CCST,0.3098232394530762,0.4938305332108418,0.4318671462832886,0.6934954884268341,0.5576197582769987,0.4431548365259159,0.4938305332108418,9119.25792350769,28617.155973243716,domain
1186,VisiumHD,Mouse Brain,FFPE_sub2,CellCharter,0.2109600854490801,0.4301246995962823,0.3389762540449635,0.64966653589643,0.5071954343623059,0.3733938784937282,0.4301246995962822,1345.9450610160827,1457.6727151870728,domain
1187,VisiumHD,Mouse Brain,FFPE_sub2,DeepST,0.2702969932154414,0.4780609441419344,0.39502642625763,0.6984935268732836,0.5537166813433085,0.4206141465043019,0.4780609441419344,1464.5130385875702,24175.205521011358,domain
1188,VisiumHD,Mouse Brain,FFPE_sub2,GraphST,0.2448468798619326,0.4483173617566483,0.3713310137156158,0.6668497449980384,0.5222199943505549,0.3927384728270425,0.4483173617566483,143.34049606323242,26124.732369422916,domain
1189,VisiumHD,Mouse Brain,FFPE_sub2,PRECAST,0.2682465951812368,0.4833114154546071,0.3934798260159848,0.6686543742644174,0.5600230842703516,0.4250836761054886,0.4833114154546071,459.3686019420624,1856.1,domain
1190,VisiumHD,Mouse Brain,FFPE_sub2,SEDR,0.2661253468276991,0.4871694268726694,0.3918265269364634,0.6922793252255787,0.5596058074117477,0.4313993810213012,0.4871694268726694,153.3684796333313,18934.52910938263,domain
1191,VisiumHD,Mouse Brain,FFPE_sub2,STAGATE,0.2400250140786033,0.4669685681790579,0.3676336842191147,0.7001490780698314,0.5404013442323156,0.4111148854736758,0.4669685681790579,176.94198751449585,1358.852497291565,domain
1192,VisiumHD,Mouse Brain,FFPE_sub2,SpaGCN,0.3368508747727134,0.5466020614064968,0.455740543484861,0.7770498234601805,0.6280552960402901,0.4839774336932437,0.5466020614064968,412.8578116893768,13569.811553382871,domain
1193,VisiumHD,Mouse Brain,FFPE_sub2,SpaceFlow,0.2311295679018448,0.4431839939517636,0.3581407028157128,0.6529776382895254,0.5212977148771145,0.3854391335779796,0.4431839939517636,555.3238725662231,1197.4435173034667,domain
1194,VisiumHD,Mouse Brain,FFPE_sub2,SpatialMGCN,0.248784275802592,0.4952659478498248,0.3753458053934675,0.6959670459003531,0.5748275912822901,0.4350721153051983,0.4952659478498248,559.4812141895294,6761.763188743591,domain
1195,VisiumHD,Mouse Brain,FFPE_sub2,stLearn,0.4201703910083528,0.613001861995385,0.5287055083356886,0.791290702236171,0.6869886674178336,0.5534906325999499,0.613001861995385,19.358994770050053,4058.8992097854616,domain
1196,VisiumHD,Mouse Brain,FFPE_sub3,BASS,0.4743897836460535,0.5841389931370807,0.5424959026339848,0.6559083263246426,0.6173848116489562,0.5542907535195506,0.5841389931370807,3932.7243600845336,8573.539999999999,domain
1197,VisiumHD,Mouse Brain,FFPE_sub3,Banksy,0.4122852088557273,0.5779036248913025,0.487656036820211,0.6918979534622932,0.6261394157250094,0.5365681218935795,0.5779036248913025,55.58144202232361,4447.383261871338,domain
1198,VisiumHD,Mouse Brain,FFPE_sub3,CCST,0.4452795218758911,0.602015452375414,0.5198159130034365,0.6681174656574151,0.6200789015922293,0.5851561162434642,0.602015452375414,11442.018122911451,35647.27680091858,domain
1199,VisiumHD,Mouse Brain,FFPE_sub3,CellCharter,0.3570192361438759,0.5318335167146405,0.4372445810890106,0.6213204373423045,0.5753365283155292,0.4944568436294795,0.5318335167146406,1578.421879482269,1482.3005279541017,domain
1200,VisiumHD,Mouse Brain,FFPE_sub3,DeepST,0.447460545482247,0.6133316501707895,0.5200273105879881,0.6824642556770396,0.6383642778349545,0.590220026240977,0.6133316501707895,1711.7363802909852,27679.603568077087,domain
1201,VisiumHD,Mouse Brain,FFPE_sub3,GraphST,0.4406524569411411,0.5777774222227221,0.5128217782478548,0.6547518923465097,0.6097976456906704,0.5489521696653887,0.5777774222227221,147.76618013381955,32493.173660850523,domain
1202,VisiumHD,Mouse Brain,FFPE_sub3,PRECAST,0.5014798213875036,0.6269039972428649,0.566513824629269,0.6869568264648164,0.6608546333819054,0.5962712567641159,0.626903997242865,624.779888010025,2085.06,domain
1203,VisiumHD,Mouse Brain,FFPE_sub3,SEDR,0.3945968160211932,0.5778293400661516,0.4714540131399385,0.684622932436221,0.6198640091700346,0.5413067388787475,0.5778293400661516,203.8408194065094,23146.89444160461,domain
1204,VisiumHD,Mouse Brain,FFPE_sub3,STAGATE,0.4331862362975182,0.595505904255542,0.505838608815151,0.7249789739276704,0.6341864435403579,0.5612729329855997,0.595505904255542,200.49414963722228,1424.1006185531617,domain
1205,VisiumHD,Mouse Brain,FFPE_sub3,SpaGCN,0.5241527778981062,0.6473591322315678,0.5870395195223612,0.7346790019624334,0.6744935587352537,0.622688229542225,0.6473591322315679,565.380750465393,16924.574560928344,domain
1206,VisiumHD,Mouse Brain,FFPE_sub3,SpaceFlow,0.4043608539497014,0.5785768130775859,0.4801150284455849,0.6603167928231006,0.6161639849106642,0.5453654869733395,0.5785768130775859,549.3513737678528,1240.9239288330075,domain
1207,VisiumHD,Mouse Brain,FFPE_sub3,SpatialMGCN,0.4552759168379432,0.6390761192302813,0.5264505313336177,0.7426128399215026,0.6875049451964623,0.5971320419445109,0.6390761192302813,644.9871637821198,8056.830443382263,domain
1208,VisiumHD,Mouse Brain,FFPE_sub3,stLearn,0.6452049851793105,0.7190680640811585,0.6929754394408695,0.8001261564339781,0.7366901005567641,0.7023573300444488,0.7190680640811584,17.736734676361085,4611.654406738281,domain
1209,VisiumHD,Mouse Brain,FFPE_sub4,BASS,0.2327913956368878,0.469443422537966,0.4079336655430737,0.7595370068470818,0.6006482649627679,0.385282749228376,0.469443422537966,5127.028372049332,7263.06,domain
1210,VisiumHD,Mouse Brain,FFPE_sub4,Banksy,0.2952886131978049,0.5044112794045681,0.4670180644432085,0.8076296054776655,0.6357580321265665,0.418043960500127,0.504411279404568,56.75197496414184,3855.265227890015,domain
1211,VisiumHD,Mouse Brain,FFPE_sub4,CCST,0.2844298363842995,0.4869034394823598,0.4582913185100993,0.7585343984349527,0.5762895033853762,0.4216134052790742,0.4869034394823598,8469.185354423524,26641.778490448,domain
1212,VisiumHD,Mouse Brain,FFPE_sub4,CellCharter,0.2238697443522506,0.4305964292435055,0.3990032285931112,0.7278121943267036,0.5538843267229954,0.3522272572438678,0.4305964292435054,1250.762657880783,1393.4526460647585,domain
1213,VisiumHD,Mouse Brain,FFPE_sub4,DeepST,0.2424047265334469,0.4834457306392558,0.4172884543489384,0.7832083469188131,0.6180885074674165,0.3970351670261646,0.4834457306392557,1406.1508224010468,23094.818196487427,domain
1214,VisiumHD,Mouse Brain,FFPE_sub4,GraphST,0.2581259844137318,0.4641563368341053,0.4325200306841708,0.7561134659276165,0.5826412628489266,0.3857174907282056,0.4641563368341053,137.4697440624237,24257.571653366093,domain
1215,VisiumHD,Mouse Brain,FFPE_sub4,PRECAST,0.2441473078039384,0.5023667009247862,0.4193396244960475,0.8037169872839909,0.6515102523197376,0.4087872368282322,0.5023667009247861,460.6678719520569,1802.36,domain
1216,VisiumHD,Mouse Brain,FFPE_sub4,SEDR,0.2841881293602381,0.4960673698068404,0.456263373187536,0.8026002608412129,0.6185889932028731,0.4142517401953602,0.4960673698068404,143.97367844581603,17702.05478286743,domain
1217,VisiumHD,Mouse Brain,FFPE_sub4,STAGATE,0.2607089659492455,0.4846023795105342,0.4347018010715503,0.8245353765895012,0.6111388937006049,0.4014968915209487,0.4846023795105342,187.8946382522583,1281.532855796814,domain
1218,VisiumHD,Mouse Brain,FFPE_sub4,SpaGCN,0.2411009529028013,0.5276688388221655,0.4160764380129141,0.8214541897619825,0.6739944991136027,0.4336093240156055,0.5276688388221655,308.8233031272888,12812.10982837677,domain
1219,VisiumHD,Mouse Brain,FFPE_sub4,SpaceFlow,0.2148724905472545,0.4520514298339665,0.390477655794184,0.7580290185849364,0.5807571004171749,0.3700674001979288,0.4520514298339665,277.3946416378021,1131.829277801514,domain
1220,VisiumHD,Mouse Brain,FFPE_sub4,SpatialMGCN,0.2540472639841137,0.5134614592177871,0.4287265851633303,0.8197424193022498,0.6593927302146996,0.4204258128983938,0.5134614592177871,555.7370937347412,6345.702944183349,domain
1221,VisiumHD,Mouse Brain,FFPE_sub4,stLearn,0.295386142761652,0.5518825280348285,0.4679056264089711,0.801434626671014,0.6479490992554419,0.4811930655131657,0.5518825280348285,17.06620135307312,3934.784913063049,domain
1222,VisiumHD,Mouse Brain,FixedForzen_sub1,BASS,0.1284395329972727,0.4434273911940137,0.398856996921777,0.9475892381459776,0.7801344184638149,0.3097422389557155,0.4434273911940137,3074.602651977539,4512.780000000001,domain
1223,VisiumHD,Mouse Brain,FixedForzen_sub1,Banksy,0.1272601574726179,0.4263555642140826,0.4007002321726357,0.9437266915290357,0.7402585391352448,0.2993975239172047,0.4263555642140826,34.51292772293091,2637.50549030304,domain
1224,VisiumHD,Mouse Brain,FixedForzen_sub1,CCST,0.1969294535245609,0.4701872680578507,0.4910440217429366,0.9360415556739478,0.7274862088707634,0.3473454884669426,0.4701872680578507,723.0508415699005,9418.392615699768,domain
1225,VisiumHD,Mouse Brain,FixedForzen_sub1,CellCharter,0.1015500685479236,0.3749816592777563,0.3617016620140063,0.8950186467767715,0.6739952286430343,0.2597731397102893,0.3749816592777563,817.2391495704651,1398.7111129760742,domain
1226,VisiumHD,Mouse Brain,FixedForzen_sub1,DeepST,0.1193113696336681,0.4313648154895546,0.3872008327573023,0.9393846563665424,0.7578297724456464,0.3015180860798149,0.4313648154895547,694.9789698600769,13246.47094669342,domain
1227,VisiumHD,Mouse Brain,FixedForzen_sub1,GraphST,0.1257802167162247,0.3967891860562686,0.3993943990677194,0.920418220564731,0.6990651985133058,0.277009982291215,0.3967891860562686,67.27103161811829,9767.550819015503,domain
1228,VisiumHD,Mouse Brain,FixedForzen_sub1,PRECAST,0.11201321411028,0.4079614141852462,0.376524806101294,0.929075652637187,0.730552789922685,0.2829976740430615,0.4079614141852462,305.9692399978638,1180.74,domain
1229,VisiumHD,Mouse Brain,FixedForzen_sub1,SEDR,0.1367071018993315,0.4361299844751659,0.4107209236310433,0.941928609483218,0.7555296325347532,0.30658377881138,0.4361299844751659,84.45655546188354,7695.859745788574,domain
1230,VisiumHD,Mouse Brain,FixedForzen_sub1,STAGATE,0.1197919885481,0.4245987415792159,0.3881381835330668,0.942781033564198,0.7488097582343869,0.2963149448359574,0.424598741579216,113.15090274810792,1358.9127933502198,domain
1231,VisiumHD,Mouse Brain,FixedForzen_sub1,SpaGCN,0.1353908792527273,0.44624425352029,0.4090298910402729,0.9453249866808738,0.7724826215507374,0.3137558851498349,0.44624425352029,159.68975481987,5546.554398155213,domain
1232,VisiumHD,Mouse Brain,FixedForzen_sub1,SpaceFlow,0.1071574275844986,0.4020355282821465,0.3692461302149484,0.9277437400106552,0.7201662170954105,0.2788992806415741,0.4020355282821466,582.2753749847412,1268.2523128509522,domain
1233,VisiumHD,Mouse Brain,FixedForzen_sub1,SpatialMGCN,0.1429313006486821,0.456611989445235,0.4176392492546383,0.9515316995205116,0.7959809581870584,0.3201929307014547,0.456611989445235,316.9016593933105,3061.365335083008,domain
1234,VisiumHD,Mouse Brain,FixedForzen_sub1,stLearn,0.1686216774626609,0.4911904831292698,0.4544547363646679,0.952184336707512,0.7963372876523749,0.3551512740304134,0.4911904831292698,9.156681728363036,2688.712238121033,domain
1235,VisiumHD,Mouse Brain,FixedForzen_sub2,BASS,0.2570736894855244,0.5330052851075503,0.4294513496416224,0.8256643411460376,0.7003184555962356,0.4302211063645761,0.5330052851075503,5454.898575973511,7230.94,domain
1236,VisiumHD,Mouse Brain,FixedForzen_sub2,Banksy,0.2256453372453445,0.5061515548822892,0.3974081799266208,0.807948577251705,0.6705261598267361,0.4065008354358941,0.5061515548822891,61.54880614280701,4165.722322845459,domain
1237,VisiumHD,Mouse Brain,FixedForzen_sub2,CCST,0.3019203845008659,0.542977285063266,0.46974961071024,0.8272007525280237,0.687371695446931,0.4487338317191918,0.542977285063266,12831.41701698303,28857.598563957214,domain
1238,VisiumHD,Mouse Brain,FixedForzen_sub2,CellCharter,0.204934195777776,0.4852184098482904,0.3754918832331679,0.7987222701262052,0.6494099817031276,0.3873284229088828,0.4852184098482904,1585.668319129944,1594.0199062347413,domain
1239,VisiumHD,Mouse Brain,FixedForzen_sub2,DeepST,0.271315110869349,0.5382103825119569,0.4417007068351465,0.8323430273575292,0.6945787138645139,0.4393305503521714,0.5382103825119569,1398.2134510040282,24250.688067245486,domain
1240,VisiumHD,Mouse Brain,FixedForzen_sub2,GraphST,0.2358278623275177,0.5111445017925951,0.406199373957241,0.8220192835306106,0.6668226012315878,0.4143980740839187,0.5111445017925952,141.02192988395691,26352.390418052677,domain
1241,VisiumHD,Mouse Brain,FixedForzen_sub2,PRECAST,0.2766684673022181,0.570707616352755,0.4472647517106325,0.8710511875832875,0.7397759900655027,0.464541354660691,0.570707616352755,747.5308980464936,1921.96,domain
1242,VisiumHD,Mouse Brain,FixedForzen_sub2,SEDR,0.2107901470236442,0.5097045351856817,0.381249496028913,0.8240260249274908,0.6769181743139022,0.408743623113749,0.5097045351856817,163.42854180336,18971.339141654964,domain
1243,VisiumHD,Mouse Brain,FixedForzen_sub2,STAGATE,0.2106904891784619,0.5001183938960547,0.3810337054399232,0.8299756996158971,0.6644108974864228,0.4009800267189068,0.5001183938960547,188.91416993141172,1590.9883054733275,domain
1244,VisiumHD,Mouse Brain,FixedForzen_sub2,SpaGCN,0.268668051661415,0.5498224367615787,0.4400212511212307,0.8448773222544486,0.7116658432827174,0.4480254126650721,0.5498224367615787,1090.102153491974,13892.221720314026,domain
1245,VisiumHD,Mouse Brain,FixedForzen_sub2,SpaceFlow,0.2355519783650908,0.5064885355312405,0.4073278419025385,0.8163361291839774,0.6706202017189081,0.4069245578717513,0.5064885355312405,414.3556278705597,1372.9910676956176,domain
1246,VisiumHD,Mouse Brain,FixedForzen_sub2,SpatialMGCN,0.293363572192496,0.5692529500239765,0.4645190453002096,0.8660108175903426,0.7424444904119845,0.4615945187004741,0.5692529500239765,565.7439384937286,6707.34100971222,domain
1247,VisiumHD,Mouse Brain,FixedForzen_sub2,stLearn,0.3495465935510299,0.6159326922801809,0.5124957467433249,0.879352512346163,0.7598591304895301,0.517887393487328,0.6159326922801809,16.668857955932616,4350.212322807312,domain
1248,VisiumHD,Mouse Brain,FixedForzen_sub3,BASS,0.3224017480632391,0.529512082609897,0.5175071201866978,0.9217839300582849,0.7759397765304381,0.4018804382236952,0.5295120826098971,4405.491072034836,5656.24,domain
1249,VisiumHD,Mouse Brain,FixedForzen_sub3,Banksy,0.3409742401562452,0.5473707216487093,0.5328191021060523,0.922928809325562,0.7789434965854051,0.4219336945532767,0.5473707216487094,54.33415293693543,3277.294891166687,domain
1250,VisiumHD,Mouse Brain,FixedForzen_sub3,CCST,0.4672257050410232,0.5893162776087303,0.6339924094736086,0.918359700249792,0.7555497328739981,0.4831892752891325,0.5893162776087302,7329.783536911011,16943.151122474672,domain
1251,VisiumHD,Mouse Brain,FixedForzen_sub3,CellCharter,0.2534408358477431,0.4862453308948092,0.4522877313915427,0.8991569525395503,0.7280998467098255,0.3650214971979515,0.4862453308948092,1229.9561254501343,1484.7093158721923,domain
1252,VisiumHD,Mouse Brain,FixedForzen_sub3,DeepST,0.2681559008197174,0.5225576068726203,0.4662625850744225,0.9157993338884264,0.7666282982108094,0.3963956660755955,0.5225576068726204,961.6102566719056,17437.374422645567,domain
1253,VisiumHD,Mouse Brain,FixedForzen_sub3,GraphST,0.3967252465753429,0.5500176629060476,0.5795845283219367,0.9255308076602832,0.7706426473456615,0.4276010375375665,0.5500176629060476,87.26005291938782,15390.848207473757,domain
1254,VisiumHD,Mouse Brain,FixedForzen_sub3,PRECAST,0.2517004422215034,0.4834022917302188,0.4509092008815242,0.8682348043297253,0.7250641529720611,0.362561540751681,0.4834022917302188,424.56392993927,1576.16,domain
1255,VisiumHD,Mouse Brain,FixedForzen_sub3,SEDR,0.3578831619756319,0.5382572716418323,0.5466886925868609,0.9231994171523732,0.763415032759741,0.4157672397017435,0.5382572716418325,126.61070594787596,11601.219960784912,domain
1256,VisiumHD,Mouse Brain,FixedForzen_sub3,STAGATE,0.2816965500113507,0.525337237981321,0.4795073555382732,0.9303705245628642,0.7731634424296802,0.3978392953944368,0.525337237981321,144.29663705825806,1394.36869430542,domain
1257,VisiumHD,Mouse Brain,FixedForzen_sub3,SpaGCN,0.2808358220795817,0.5497458240195533,0.4786051174599887,0.9306931723563696,0.8040028589653627,0.4176779536692576,0.5497458240195533,361.3694799423218,8336.423352813721,domain
1258,VisiumHD,Mouse Brain,FixedForzen_sub3,SpaceFlow,0.2295098875711363,0.5031991247206105,0.4294741765229048,0.9159554537885096,0.764730483949856,0.3749752814350219,0.5031991247206105,971.4272460460664,1406.0140268325806,domain
1259,VisiumHD,Mouse Brain,FixedForzen_sub3,SpatialMGCN,0.2624049785933753,0.5294909359715689,0.4621259153584062,0.9243963363863448,0.7909106551626902,0.3979730021713329,0.5294909359715689,416.1778515338898,4516.4954822540285,domain
1260,VisiumHD,Mouse Brain,FixedForzen_sub3,stLearn,0.3453912488011655,0.5663534149137919,0.5369542980892786,0.9142693588676104,0.7896894198477955,0.4415156105839658,0.5663534149137918,10.972701692581175,3300.2961847305296,domain
1261,VisiumHD,Mouse Brain,FixedForzen_sub4,BASS,0.2269183501251789,0.4654925659176115,0.3727812621676171,0.7466921423453546,0.5875408954641508,0.3854285118365748,0.4654925659176114,4595.053351974488,6370.9800000000005,domain
1262,VisiumHD,Mouse Brain,FixedForzen_sub4,Banksy,0.245807689624148,0.4600223359438565,0.3914482162058158,0.720038213518032,0.5602589908502026,0.3902094606683524,0.4600223359438565,69.05438227653504,3494.327790260315,domain
1263,VisiumHD,Mouse Brain,FixedForzen_sub4,CCST,0.3329221908278669,0.4984052665726668,0.4705867727950023,0.7406544064962981,0.5772358702730422,0.4385593582014879,0.4984052665726668,8629.00111579895,19846.912034988403,domain
1264,VisiumHD,Mouse Brain,FixedForzen_sub4,CellCharter,0.2029905665272347,0.4262894457649078,0.3489150812305472,0.6921232385956533,0.547977363209169,0.348839142078486,0.4262894457649078,1254.8268635749816,1519.644236373901,domain
1265,VisiumHD,Mouse Brain,FixedForzen_sub4,DeepST,0.2335476936879676,0.4890812553881721,0.3792608565063666,0.7425555290183903,0.618293527526115,0.4045411426904469,0.4890812553881722,1048.077225255966,19235.442065620424,domain
1266,VisiumHD,Mouse Brain,FixedForzen_sub4,GraphST,0.2133337874967483,0.4433635420337419,0.3592090965253311,0.7078098877477907,0.5653783948455265,0.3646648677192574,0.4433635420337419,101.48796577453614,18080.58079586029,domain
1267,VisiumHD,Mouse Brain,FixedForzen_sub4,PRECAST,0.2470631930452512,0.5148788809438886,0.3919209727286217,0.7720563649390972,0.6458573778921922,0.4280676713685044,0.5148788809438885,543.8196100234985,1608.7,domain
1268,VisiumHD,Mouse Brain,FixedForzen_sub4,SEDR,0.3165985485163191,0.4984910430480721,0.4569476653610286,0.7624265583950323,0.6158079825179871,0.4187453350294817,0.4984910430480721,194.70731263160707,13432.54715652466,domain
1269,VisiumHD,Mouse Brain,FixedForzen_sub4,STAGATE,0.2306719861513721,0.4670692878776961,0.376203357483761,0.7310054931932172,0.585799375570493,0.3883688260887833,0.4670692878776961,155.98887357711791,1443.3592435836792,domain
1270,VisiumHD,Mouse Brain,FixedForzen_sub4,SpaGCN,0.3047140241384276,0.5470658289719491,0.4482194940633345,0.8174635777406257,0.6812433627853611,0.4571060490722534,0.547065828971949,548.4416946411133,9769.779381370545,domain
1271,VisiumHD,Mouse Brain,FixedForzen_sub4,SpaceFlow,0.219304844023753,0.4617278646442228,0.3660379528564072,0.7379603534750417,0.59303274846583,0.3780486358987249,0.4617278646442228,782.0337965011598,1333.2207906723022,domain
1272,VisiumHD,Mouse Brain,FixedForzen_sub4,SpatialMGCN,0.2602084203234773,0.4943868484554342,0.4060559538240788,0.7666778122760927,0.6291736911632821,0.4071891312757848,0.4943868484554342,479.6942843914032,4831.428574562073,domain
1273,VisiumHD,Mouse Brain,FixedForzen_sub4,stLearn,0.404896787938119,0.6374551578754335,0.5357082072131799,0.8524193933604012,0.7503122682552321,0.5544572611427709,0.6374551578754335,12.41166081428528,3580.4239345550536,domain
1274,VisiumHD,Mouse Brain,FixedForzen_sub5,BASS,0.2478528477432494,0.4762398171508484,0.3969253752203268,0.7734959162544576,0.6072135350910517,0.3917424227197253,0.4762398171508484,2343.6557919502256,5200.719999999999,domain
1275,VisiumHD,Mouse Brain,FixedForzen_sub5,Banksy,0.3232017223542576,0.5250301557844796,0.4671507690100536,0.8030599332796504,0.652444027825539,0.4392502655015648,0.5250301557844795,21.984915018081665,1695.8146669387818,domain
1276,VisiumHD,Mouse Brain,FixedForzen_sub5,CCST,0.4163269081761171,0.5121145925159596,0.5455223128270926,0.7737489934430001,0.5725666283265237,0.4633205381933519,0.5121145925159595,1591.9937363624572,4295.760346603393,domain
1277,VisiumHD,Mouse Brain,FixedForzen_sub5,CellCharter,0.2536339499876715,0.4448859080106038,0.4021163824260644,0.7416311975152421,0.5640830971266138,0.3672973868880246,0.4448859080106038,482.2118879795074,1247.952334022522,domain
1278,VisiumHD,Mouse Brain,FixedForzen_sub5,DeepST,0.2819389865145457,0.5007631454997454,0.4291826157990752,0.7761187162084436,0.6292212592027934,0.4158811532184578,0.5007631454997454,390.2605157375336,7427.543585586548,domain
1279,VisiumHD,Mouse Brain,FixedForzen_sub5,GraphST,0.2472481903062143,0.4451264681516625,0.3954027784188293,0.7533647762567584,0.5596830473721741,0.3694973245938229,0.4451264681516625,34.4164701461792,3889.5510314941407,domain
1280,VisiumHD,Mouse Brain,FixedForzen_sub5,PRECAST,0.248735268677967,0.4631730414362344,0.3997067058309126,0.7242291762540267,0.5634309467701618,0.3932053769285018,0.4631730414362344,199.35220794677736,1516.58,domain
1281,VisiumHD,Mouse Brain,FixedForzen_sub5,SEDR,0.2912627648934395,0.4850468130589164,0.4372865781135965,0.7751984355228345,0.6049894861339672,0.4048232055008934,0.4850468130589164,41.04359121322632,3338.8589540481566,domain
1282,VisiumHD,Mouse Brain,FixedForzen_sub5,STAGATE,0.2834048569084441,0.5013473784352167,0.4300036133298024,0.7851374669274128,0.6280274297433952,0.4172118729446131,0.5013473784352167,77.03272595405579,1011.1747798919678,domain
1283,VisiumHD,Mouse Brain,FixedForzen_sub5,SpaGCN,0.3219787675965146,0.546790817626138,0.4657360791828321,0.7925917404808467,0.6778222926452422,0.4582522981631822,0.5467908176261379,145.35224132537843,2501.082949256897,domain
1284,VisiumHD,Mouse Brain,FixedForzen_sub5,SpaceFlow,0.2838033718252514,0.4747862876868792,0.4303684861377468,0.7666628321638099,0.5908469485627122,0.3968548625968863,0.4747862876868792,105.46340737342834,935.130661392212,domain
1285,VisiumHD,Mouse Brain,FixedForzen_sub5,SpatialMGCN,0.2834294613065789,0.5138080072299155,0.4301189121154796,0.8085125963418843,0.6456764898351098,0.4266966581775562,0.5138080072299155,164.29985103607177,1791.151714515686,domain
1286,VisiumHD,Mouse Brain,FixedForzen_sub5,stLearn,0.3662813990842464,0.5308955325935746,0.5031709368515165,0.7826987231105488,0.6232204951915161,0.4627044397798212,0.5308955325935746,5.993731021881104,1757.808814430237,domain
1287,VisiumHD,Mouse Brain,FixedForzen_sub6,BASS,0.1823074035986143,0.4251730873655857,0.3188560522593757,0.6115719198867084,0.4871049716979997,0.3772131550245004,0.4251730873655857,4787.537946033478,5453.56,domain
1288,VisiumHD,Mouse Brain,FixedForzen_sub6,Banksy,0.2800928550552133,0.4858300278589026,0.4186862970372561,0.6504147278980377,0.5237119584448646,0.4530586965616763,0.4858300278589026,63.31973361968994,3264.463270187378,domain
1289,VisiumHD,Mouse Brain,FixedForzen_sub6,CCST,0.2186821259705492,0.4344596929288294,0.3656343717133574,0.5785757637062512,0.454258117394032,0.4163478193155541,0.4344596929288294,7774.232443857193,17813.24968185425,domain
1290,VisiumHD,Mouse Brain,FixedForzen_sub6,CellCharter,0.1575638530592348,0.3700187103636987,0.2925913777313212,0.5640602872749343,0.4310550997658556,0.3241279442269282,0.3700187103636987,1190.2894192695617,1388.2877563476563,domain
1291,VisiumHD,Mouse Brain,FixedForzen_sub6,DeepST,0.2665050218074448,0.4797952350340873,0.395249367047096,0.6795771798502933,0.5480063402373109,0.426710222136813,0.4797952350340873,1014.8405750274658,17988.135725975037,domain
1292,VisiumHD,Mouse Brain,FixedForzen_sub6,GraphST,0.180214487736512,0.4097641427427118,0.3128378220915881,0.5903803358284443,0.4792422200586864,0.3578804691716695,0.4097641427427119,89.59769787788392,16280.252241706849,domain
1293,VisiumHD,Mouse Brain,FixedForzen_sub6,PRECAST,0.277046655174951,0.49567676449814,0.4060038380699909,0.7078191381751973,0.5598352830197457,0.4447116959394005,0.4956767644981401,469.1976840019226,1411.22,domain
1294,VisiumHD,Mouse Brain,FixedForzen_sub6,SEDR,0.2417111150662618,0.4830306922810593,0.376018347365723,0.6610155775844628,0.5377967556579307,0.438399229583455,0.4830306922810593,120.85022172927856,12178.748841667177,domain
1295,VisiumHD,Mouse Brain,FixedForzen_sub6,STAGATE,0.2399826956534824,0.413846309629984,0.3750524298879312,0.6441432328545418,0.4653376346305959,0.3726196616828622,0.413846309629984,158.49943165779115,1277.468091583252,domain
1296,VisiumHD,Mouse Brain,FixedForzen_sub6,SpaGCN,0.308912700415723,0.5482100159317203,0.4340654109063546,0.722112077685616,0.615828804987672,0.4940087936835337,0.5482100159317203,972.5864619255066,8704.477214622497,domain
1297,VisiumHD,Mouse Brain,FixedForzen_sub6,SpaceFlow,0.1629183629777316,0.385286001613316,0.2951285115638097,0.593940926562816,0.4527231935314036,0.3353635653326314,0.385286001613316,268.0936381816864,1132.416898727417,domain
1298,VisiumHD,Mouse Brain,FixedForzen_sub6,SpatialMGCN,0.2109941691445365,0.4675036536787883,0.3427498350945604,0.6568278373457415,0.5443400193783695,0.4097193334079942,0.4675036536787883,414.448473405838,4667.44387588501,domain
1299,VisiumHD,Mouse Brain,FixedForzen_sub6,stLearn,0.3790930909740103,0.5974188610453631,0.4963590439325487,0.7700991300829456,0.6454602023644649,0.5562117794542647,0.597418861045363,11.739659976959228,3368.427956390381,domain
1300,VisiumHD,Mouse Brain,FreshFrozen_sub1,BASS,0.2198512929195614,0.4670098469083271,0.3110479551966996,0.5790544227811678,0.532831457277347,0.4156623439170725,0.4670098469083271,3919.435019922256,5642.9,domain
1301,VisiumHD,Mouse Brain,FreshFrozen_sub1,Banksy,0.2462097061326678,0.4645193257659288,0.3357159881260077,0.5731507664831076,0.5232160267763722,0.4176639285970868,0.4645193257659288,56.779860734939575,4150.074230575561,domain
1302,VisiumHD,Mouse Brain,FreshFrozen_sub1,CCST,0.2306526219760258,0.4789394883630713,0.3209963303185849,0.5947015924988838,0.5406655461522176,0.4298924965501155,0.4789394883630713,1209.7532839775083,16066.507443809507,domain
1303,VisiumHD,Mouse Brain,FreshFrozen_sub1,CellCharter,0.2009467102353373,0.4479054624858807,0.293093047607021,0.570422185841147,0.5187331470952878,0.3940958555457136,0.4479054624858808,1608.8488712787628,1955.7300914764403,domain
1304,VisiumHD,Mouse Brain,FreshFrozen_sub1,DeepST,0.2486021795547063,0.4811049238356588,0.3378111053431257,0.5834499181425807,0.5346353871632603,0.4373837753080165,0.4811049238356589,957.5673433303832,18562.85087070465,domain
1305,VisiumHD,Mouse Brain,FreshFrozen_sub1,GraphST,0.2053257079273254,0.4477883543225159,0.2964882071085216,0.5682889318847051,0.5115869112636474,0.3981377246151747,0.4477883543225157,102.20373821258544,17225.214716529845,domain
1306,VisiumHD,Mouse Brain,FreshFrozen_sub1,PRECAST,0.2716508515791426,0.5301795790562571,0.3621242610899919,0.6531229845711167,0.6063135111302501,0.4710326711722358,0.5301795790562571,771.5698039531708,2291.7,domain
1307,VisiumHD,Mouse Brain,FreshFrozen_sub1,SEDR,0.2336216134116081,0.4783278309586077,0.325321939172397,0.6188817780423674,0.5491936387440655,0.4236813956289041,0.4783278309586077,154.42156867980958,12545.319156646729,domain
1308,VisiumHD,Mouse Brain,FreshFrozen_sub1,STAGATE,0.2360266153613947,0.4809680592567177,0.3276902720322845,0.6160539762861538,0.5528639628008973,0.4256216441561601,0.4809680592567179,153.31846709251403,2305.1114488601684,domain
1309,VisiumHD,Mouse Brain,FreshFrozen_sub1,SpaGCN,0.2555098302605974,0.4996884895173738,0.3466992452157161,0.617145408542938,0.5715704617502616,0.4439085662507773,0.4996884895173738,880.5119379043579,9431.242906951904,domain
1310,VisiumHD,Mouse Brain,FreshFrozen_sub1,SpaceFlow,0.2250602787874149,0.4733214993080238,0.3175385535736199,0.6122240412759835,0.5474639053331919,0.4168759619278449,0.4733214993080238,255.37489361763,2013.902352142334,domain
1311,VisiumHD,Mouse Brain,FreshFrozen_sub1,SpatialMGCN,0.2457039219997197,0.4913620953202001,0.335991274693149,0.6143969836781267,0.5606937427731438,0.437298805929134,0.4913620953202001,469.0925971508026,4778.493972969055,domain
1312,VisiumHD,Mouse Brain,FreshFrozen_sub1,stLearn,0.3743712270921157,0.612358454950032,0.4560942959435728,0.7049362504340924,0.6748885397485017,0.5604951645702265,0.612358454950032,12.169823265075683,3329.200498008728,domain
1313,VisiumHD,Mouse Brain,FreshFrozen_sub2,BASS,0.1139725278676158,0.3517024954964421,0.2433290712496179,0.5638213180008845,0.4183977365982826,0.3033470588861953,0.3517024954964421,2628.994072008133,5188.5,domain
1314,VisiumHD,Mouse Brain,FreshFrozen_sub2,Banksy,0.1216699197469623,0.3629873597187048,0.2505256238176596,0.5691287041132242,0.4375320854929999,0.3101460816245048,0.3629873597187047,40.963457107543945,2446.5707834243776,domain
1315,VisiumHD,Mouse Brain,FreshFrozen_sub2,CCST,0.1551570300240933,0.3711675371432972,0.308889836681485,0.5525519681556833,0.3851844386913353,0.358382830140956,0.3711675371432972,2600.5408395767213,6590.304421043396,domain
1316,VisiumHD,Mouse Brain,FreshFrozen_sub2,CellCharter,0.0928528691440481,0.3385937477457332,0.2165313287110498,0.5469969040247677,0.4191962936788934,0.2840120219446115,0.3385937477457332,828.2466745376587,1622.028934669495,domain
1317,VisiumHD,Mouse Brain,FreshFrozen_sub2,DeepST,0.1234633492057502,0.384876906002626,0.2501346301435033,0.5736930561698363,0.4710356419982683,0.3253732747002404,0.3848769060026261,428.3628254413605,9847.578456115723,domain
1318,VisiumHD,Mouse Brain,FreshFrozen_sub2,GraphST,0.093170987333729,0.3313246313384829,0.217702209669576,0.5421494913754976,0.4083402473542098,0.2787504841827334,0.3313246313384829,66.11544599533082,6165.3601978302,domain
1319,VisiumHD,Mouse Brain,FreshFrozen_sub2,PRECAST,0.1238369424033954,0.3878602744007114,0.2505747164573626,0.5868353534459878,0.4767097670873653,0.3269273340973748,0.3878602744007114,437.56297998428346,2595.24,domain
1320,VisiumHD,Mouse Brain,FreshFrozen_sub2,SEDR,0.0971858253912095,0.3354416827563954,0.2220727921176071,0.5578062804068995,0.411029668959242,0.2833538659586405,0.3354416827563954,81.40393772125245,4875.040958404541,domain
1321,VisiumHD,Mouse Brain,FreshFrozen_sub2,STAGATE,0.1045291959455095,0.3487438111871478,0.2302183892072712,0.5679610791685095,0.4274863591058833,0.2945004758187383,0.3487438111871478,112.20964140892028,1713.7417739868165,domain
1322,VisiumHD,Mouse Brain,FreshFrozen_sub2,SpaGCN,0.1371724742353342,0.3804498847852298,0.2675899093429811,0.5799734630694383,0.4523360481893714,0.3284370092537411,0.3804498847852298,634.3927283287047,3657.006623649597,domain
1323,VisiumHD,Mouse Brain,FreshFrozen_sub2,SpaceFlow,0.0980561157559919,0.3431118514885903,0.2210796955909272,0.5653250773993808,0.426731491613149,0.2868977177754388,0.3431118514885903,107.21398663520812,1438.755931854248,domain
1324,VisiumHD,Mouse Brain,FreshFrozen_sub2,SpatialMGCN,0.1095140678455459,0.3680860920524137,0.2343160544792844,0.5807872622733304,0.4564422938579004,0.3084141740232745,0.3680860920524137,248.54244804382324,2459.76731338501,domain
1325,VisiumHD,Mouse Brain,FreshFrozen_sub2,stLearn,0.2095843655757352,0.5145520028730818,0.3396609413639544,0.6408314904909332,0.6034078704173054,0.4485662711100186,0.5145520028730818,7.853977108001709,2130.654365158081,domain
1326,VisiumHD,Mouse Brain,FreshFrozen_sub3,BASS,0.3545722304498863,0.617279101494908,0.4098194298536435,0.6351929291009314,0.6563065835372345,0.5826326628386683,0.617279101494908,4445.968802118301,6352.18,domain
1327,VisiumHD,Mouse Brain,FreshFrozen_sub3,Banksy,0.4744833120104103,0.6537777428696155,0.5196865612619848,0.6816194639802319,0.6797197594876359,0.6297431222563035,0.6537777428696154,96.37294158935546,3676.089996910095,domain
1328,VisiumHD,Mouse Brain,FreshFrozen_sub3,CCST,0.4010051845050816,0.6369027833215325,0.452031275889824,0.6672210606348603,0.6726630725730194,0.6047611297240905,0.6369027833215325,8622.520524120331,20214.20994720459,domain
1329,VisiumHD,Mouse Brain,FreshFrozen_sub3,CellCharter,0.316238574784098,0.5744033183407534,0.3744023635794618,0.6077551796236457,0.6205418739602935,0.5346605771664057,0.5744033183407534,1611.332920885086,1990.28761959076,domain
1330,VisiumHD,Mouse Brain,FreshFrozen_sub3,DeepST,0.4048665811012215,0.6266300290386774,0.4561958307717287,0.6505702337958563,0.6653770326558122,0.5921990813528615,0.6266300290386774,975.145582151413,19507.085116004942,domain
1331,VisiumHD,Mouse Brain,FreshFrozen_sub3,GraphST,0.3641096653704071,0.6135454195204266,0.4183890541912827,0.6408002280935183,0.6554400074898394,0.5766847320990598,0.6135454195204266,142.88372406959533,18668.1492811203,domain
1332,VisiumHD,Mouse Brain,FreshFrozen_sub3,PRECAST,0.4445314031736639,0.670954865062926,0.4965935352498412,0.7070423873788253,0.7204707384554779,0.6278074704987077,0.670954865062926,901.8833520412444,2208.3,domain
1333,VisiumHD,Mouse Brain,FreshFrozen_sub3,SEDR,0.3735394894899764,0.6294353893226929,0.4271832547641924,0.6665652917696255,0.671173361641603,0.5925855893638468,0.6294353893226929,158.54634833335876,13511.550616073608,domain
1334,VisiumHD,Mouse Brain,FreshFrozen_sub3,STAGATE,0.3790570815976657,0.6295402104804219,0.4319760016848096,0.6634575175822087,0.6704961461637623,0.5933175712584632,0.6295402104804219,178.02741041183472,2378.294713592529,domain
1335,VisiumHD,Mouse Brain,FreshFrozen_sub3,SpaGCN,0.4059315837726608,0.6519262620483588,0.4586219969799373,0.6760977000570234,0.6943361731109408,0.6144920215043798,0.6519262620483588,327.5723426818848,10159.983855438231,domain
1336,VisiumHD,Mouse Brain,FreshFrozen_sub3,SpaceFlow,0.3614392911226515,0.6051726674321313,0.4189364887705836,0.6463124881201292,0.6540440191464061,0.5631043420718673,0.6051726674321312,203.0451741218567,2086.8542442321777,domain
1337,VisiumHD,Mouse Brain,FreshFrozen_sub3,SpatialMGCN,0.3625185322479105,0.6279803724464883,0.4170662482882298,0.6606158524995248,0.671175373527354,0.5900254087105068,0.6279803724464883,511.6627600669861,5144.109642028809,domain
1338,VisiumHD,Mouse Brain,FreshFrozen_sub3,stLearn,0.4996376891527173,0.7153925341079728,0.5470740256494159,0.7375308876639421,0.7604322174167936,0.6753926019102827,0.7153925341079728,14.88303084373474,3522.434608650208,domain
1339,VisiumHD,Mouse Brain,FreshFrozen_sub4,BASS,0.2302547330512206,0.4845719014981163,0.3200888902440241,0.5673098547204606,0.5423504193433802,0.4379188499235984,0.4845719014981163,4984.602566003799,6359.56,domain
1340,VisiumHD,Mouse Brain,FreshFrozen_sub4,Banksy,0.293192383923849,0.5137207261524844,0.3802576982456904,0.5978950209148562,0.5721727177442195,0.4661044511778097,0.5137207261524844,65.962358045578,3967.589908790588,domain
1341,VisiumHD,Mouse Brain,FreshFrozen_sub4,CCST,0.2813486554419365,0.4967738629626816,0.3686344229393525,0.5623982368551252,0.5316856054508137,0.466199078900684,0.4967738629626816,9589.480250120165,22332.93734779358,domain
1342,VisiumHD,Mouse Brain,FreshFrozen_sub4,CellCharter,0.1840147796278155,0.4481096530288457,0.2754159856702748,0.5384878334008005,0.5152393517194724,0.3964580055513717,0.4481096530288457,1624.9335817813874,2248.913917541504,domain
1343,VisiumHD,Mouse Brain,FreshFrozen_sub4,DeepST,0.2562445420462102,0.5026552435595237,0.3449501897184113,0.571915620923852,0.5580992082255253,0.4572510664823657,0.5026552435595237,1031.328953933716,20837.45235862732,domain
1344,VisiumHD,Mouse Brain,FreshFrozen_sub4,GraphST,0.2967151897551062,0.4891591494692652,0.382605893664788,0.5647011199568209,0.5340061955606964,0.4512612137858074,0.4891591494692652,124.62065253257752,20785.898874664308,domain
1345,VisiumHD,Mouse Brain,FreshFrozen_sub4,PRECAST,0.2731530269552935,0.5110693985739467,0.3644873052455726,0.585346107138038,0.5857538211467965,0.4532760722635591,0.5110693985739467,987.4660740375518,2666.96,domain
1346,VisiumHD,Mouse Brain,FreshFrozen_sub4,SEDR,0.2460418439048426,0.4886926618153981,0.335684517875859,0.5750730895515674,0.5492268038965543,0.4401975810270576,0.4886926618153981,182.3336349010468,14863.3167552948,domain
1347,VisiumHD,Mouse Brain,FreshFrozen_sub4,STAGATE,0.2337137567271629,0.4921466063698408,0.3243686958868682,0.5943867224396169,0.559727943973779,0.4391552852167518,0.4921466063698408,204.68701624870295,2704.100893211365,domain
1348,VisiumHD,Mouse Brain,FreshFrozen_sub4,SpaGCN,0.2815747504780872,0.5415346059825868,0.3709786668944679,0.6374848198623668,0.6080024100723654,0.4882932318013602,0.5415346059825868,554.3959842681885,11057.823275756837,domain
1349,VisiumHD,Mouse Brain,FreshFrozen_sub4,SpaceFlow,0.2126149919946984,0.4819724330770012,0.3047083638307183,0.5830252327621104,0.5533205284314098,0.4269583580593853,0.4819724330770012,260.6301217556,2412.6567111969,domain
1350,VisiumHD,Mouse Brain,FreshFrozen_sub4,SpatialMGCN,0.2646442511179974,0.5097599361310958,0.3558768960829034,0.614608914676382,0.5845754541260941,0.4519477487221081,0.5097599361310958,625.1289976596833,5601.037673187256,domain
1351,VisiumHD,Mouse Brain,FreshFrozen_sub4,stLearn,0.3715866293988381,0.6201622618653421,0.4535145464379141,0.6682498987990824,0.6802144829220336,0.569928520250928,0.6201622618653421,15.94928822517395,3697.8985855102537,domain
1352,VisiumHD,Mouse Brain,FreshFrozen_sub5,BASS,0.1508187337428136,0.3787244693813443,0.2869836224413863,0.658046111396904,0.4898278909924576,0.3087038472010538,0.3787244693813444,4971.145100021362,6212.76,domain
1353,VisiumHD,Mouse Brain,FreshFrozen_sub5,Banksy,0.1959562220264487,0.419684744539151,0.3342383878123501,0.6918112519291025,0.5269982659460218,0.3486820472612224,0.419684744539151,59.03526220321656,3819.076557731628,domain
1354,VisiumHD,Mouse Brain,FreshFrozen_sub5,CCST,0.1873119275296198,0.4087700418004747,0.3254901698183202,0.6741523640274985,0.513500777042742,0.3395448671086316,0.4087700418004747,8918.05698814392,20743.521784591678,domain
1355,VisiumHD,Mouse Brain,FreshFrozen_sub5,CellCharter,0.145853433256909,0.3508362541550983,0.2815060849002362,0.6320347939952299,0.4591970108180493,0.2838605594670108,0.3508362541550983,1413.0231084346772,1897.7566633224487,domain
1356,VisiumHD,Mouse Brain,FreshFrozen_sub5,DeepST,0.2007333381017463,0.4150740999239558,0.3390298599103215,0.68995931347332,0.5254279703866734,0.3430672705323165,0.4150740999239558,1089.9474301338196,19847.08924598694,domain
1357,VisiumHD,Mouse Brain,FreshFrozen_sub5,GraphST,0.1919193780644557,0.3844582708770535,0.3301704321846833,0.6544451199551046,0.4851875213948428,0.3183632291625189,0.3844582708770535,122.89159889221192,19187.68791770935,domain
1358,VisiumHD,Mouse Brain,FreshFrozen_sub5,PRECAST,0.2049705039138865,0.4280590619521424,0.3451649299157076,0.6909226955993079,0.5571678697773282,0.3475285748015675,0.4280590619521424,794.027575969696,2928.78,domain
1359,VisiumHD,Mouse Brain,FreshFrozen_sub5,SEDR,0.2036772402318993,0.4304060024894038,0.3429069920989321,0.7216854510592527,0.550674301968989,0.3533179078381218,0.4304060024894039,157.3565495967865,13890.36181640625,domain
1360,VisiumHD,Mouse Brain,FreshFrozen_sub5,STAGATE,0.1713679866067983,0.38587545789022,0.3089279623144211,0.6695505775616144,0.4953481231392064,0.3160406835917299,0.38587545789022,181.172926902771,2282.827597618103,domain
1361,VisiumHD,Mouse Brain,FreshFrozen_sub5,SpaGCN,0.2866211153287225,0.5141252399236682,0.4238386957536393,0.7620352616564561,0.6361690381169365,0.43142793933806,0.5141252399236682,463.6082925319672,10268.645474624636,domain
1362,VisiumHD,Mouse Brain,FreshFrozen_sub5,SpaceFlow,0.1647095230336771,0.3898889763611015,0.3017184668746083,0.6637048122340177,0.5067853967667144,0.3168765207601344,0.3898889763611015,234.84771046638488,1991.6151596069333,domain
1363,VisiumHD,Mouse Brain,FreshFrozen_sub5,SpatialMGCN,0.2100577721164925,0.4423445144737975,0.3493033672253677,0.7141935182154048,0.5667013184768562,0.3627581060849041,0.4423445144737975,488.6623487949372,5135.427260589599,domain
1364,VisiumHD,Mouse Brain,FreshFrozen_sub5,stLearn,0.2962958013138686,0.5389761246696705,0.4361667495959832,0.771463311976804,0.6760166583124734,0.4481479495701038,0.5389761246696705,13.029076290130616,3488.858377075195,domain
1365,VisiumHD,Mouse Brain,FreshFrozen_sub6,BASS,0.2246064209765447,0.4118574149439192,0.3239301296913557,0.548489666136725,0.4651278959723464,0.3695350551863107,0.4118574149439192,3653.360075902938,5487.4400000000005,domain
1366,VisiumHD,Mouse Brain,FreshFrozen_sub6,Banksy,0.3371686233913807,0.4837732050069483,0.4288225308528772,0.6052691346808994,0.5434498369642676,0.4359060378477403,0.4837732050069483,52.380432796478274,3283.474249267578,domain
1367,VisiumHD,Mouse Brain,FreshFrozen_sub6,CCST,0.3651992287784104,0.4705086217382548,0.4538734726215828,0.5951623892800363,0.508618422646256,0.4378172734120874,0.4705086217382548,6085.819581794739,14497.152024269104,domain
1368,VisiumHD,Mouse Brain,FreshFrozen_sub6,CellCharter,0.2192839480544078,0.4161730829738628,0.3191371092776479,0.5636270724506018,0.4871616030406802,0.3632464378059704,0.4161730829738628,1385.3574359416962,2005.036823654175,domain
1369,VisiumHD,Mouse Brain,FreshFrozen_sub6,DeepST,0.3151000083646954,0.4681737908551637,0.4085851277360618,0.6041221894163071,0.5275821109665914,0.4208829277594165,0.4681737908551638,831.6766861915588,15950.524436569214,domain
1370,VisiumHD,Mouse Brain,FreshFrozen_sub6,GraphST,0.2571981700757417,0.4287785371356026,0.3550721771049194,0.5769929593459006,0.4951506599191351,0.3780968148789705,0.4287785371356024,79.77256126403809,13469.328903388978,domain
1371,VisiumHD,Mouse Brain,FreshFrozen_sub6,PRECAST,0.354785979423147,0.4833575232566142,0.4456520699534166,0.5969225528049057,0.5504371472091104,0.4308513527218897,0.483357523256614,609.9379079818725,2542.36,domain
1372,VisiumHD,Mouse Brain,FreshFrozen_sub6,SEDR,0.2561465116945169,0.4478511609864358,0.354187811190142,0.5942425618896208,0.5164268599198895,0.3953862852000377,0.4478511609864358,93.65134863853454,9972.722554779051,domain
1373,VisiumHD,Mouse Brain,FreshFrozen_sub6,STAGATE,0.2805436153252759,0.4457706695935297,0.3764392237665624,0.5880763116057233,0.5036259503734252,0.3998489021624047,0.4457706695935296,141.79366674423218,2227.6869941711425,domain
1374,VisiumHD,Mouse Brain,FreshFrozen_sub6,SpaGCN,0.3569900106320846,0.5147884983795856,0.4488124599613756,0.6492277992277993,0.5853984653296747,0.4593971400096362,0.5147884983795856,725.9314912319184,7441.177982330322,domain
1375,VisiumHD,Mouse Brain,FreshFrozen_sub6,SpaceFlow,0.2751525238635462,0.4637155857613778,0.373088818082218,0.6144901203724733,0.5380419579608888,0.4074520570394888,0.4637155857613778,286.61565055847166,1936.7108959198,domain
1376,VisiumHD,Mouse Brain,FreshFrozen_sub6,SpatialMGCN,0.2959538222974741,0.4832772665974261,0.3925295351333547,0.6173404496933909,0.5584892363577258,0.4259267180486339,0.4832772665974262,388.4218644618988,4123.431622886657,domain
1377,VisiumHD,Mouse Brain,FreshFrozen_sub6,stLearn,0.4246276974797359,0.5848929439956307,0.508423396923507,0.6461617079264138,0.6528877552843095,0.5297565510615454,0.5848929439956307,10.878651332855224,3015.397185516357,domain
1378,seqFISH,OB,OB_0,BASS,0.4651055769523896,0.6156866163917468,0.6150959442361393,0.746031746031746,0.5381389818775364,0.7193469238998157,0.6156866163917468,33.91870999336243,201.38,celltype
1379,seqFISH,OB,OB_0,Banksy,0.1294942957482439,0.2761140964190462,0.2862371516660104,0.4809523809523809,0.2810453536451743,0.2714758794879895,0.2761140964190461,3.622682380676269,47.78986568450928,celltype
1380,seqFISH,OB,OB_0,CCST,0.0887739684969617,0.2124376377775826,0.26355074600198,0.4396825396825396,0.2072660677642696,0.217943869700249,0.2124376377775826,53.84544868469239,58.76076374053955,celltype
1381,seqFISH,OB,OB_0,CellCharter,0.3497092985844868,0.5051969659189213,0.4547995651865943,0.6952380952380952,0.5350557018541163,0.4785360058312533,0.5051969659189213,15.147876644134522,92.23558025360109,celltype
1382,seqFISH,OB,OB_0,DeepST,0.2768507063827369,0.4060768335107145,0.3927723252757576,0.6396825396825397,0.4278922346275088,0.3863892949290823,0.4060768335107145,38.95331416130066,165.92539405822754,celltype
1383,seqFISH,OB,OB_0,GraphST,0.1181124363393776,0.2742976573178803,0.3418793661577363,0.4444444444444445,0.2374141487599165,0.3247490994562222,0.2742976573178803,8.502486324310302,99.82430248260496,celltype
1384,seqFISH,OB,OB_0,PRECAST,0.3503164266364065,0.5945206369377923,0.4581040485029474,0.7619047619047619,0.6239556323117021,0.5677377119057271,0.5945206369377923,4.997391939163208,120.6,celltype
1385,seqFISH,OB,OB_0,SEDR,0.0195043631555195,0.1391362452807867,0.2965911301538371,0.3746031746031745,0.1177772294319208,0.1713151372442994,0.1391362452807867,4.96295804977417,63.92307052612305,celltype
1386,seqFISH,OB,OB_0,STAGATE,0.1372621458563381,0.2559453990284865,0.3084142546252174,0.5277777777777778,0.2472899540737533,0.265228722387236,0.2559453990284866,9.475585889816283,80.40577182769775,celltype
1387,seqFISH,OB,OB_0,SpaGCN,0.4568906838829118,0.5957540471112218,0.547304940110393,0.7777777777777778,0.6341180004008912,0.5617672905743716,0.5957540471112218,9.85828504562378,65.21131992340088,celltype
1388,seqFISH,OB,OB_0,SpaceFlow,0.0953113461124766,0.2551676183301809,0.2324614457632098,0.4484126984126984,0.2714380188771345,0.2407411594300343,0.2551676183301809,15.963366317749024,80.40178070068359,celltype
1389,seqFISH,OB,OB_0,SpatialMGCN,0.0234497264118507,0.1488514946292441,0.3896542945852971,0.3928571428571428,0.0995172770687407,0.2951851795860137,0.1488514946292441,10.259580850601196,22.43225593566894,celltype
1390,seqFISH,OB,OB_0,stLearn,0.4378436498305647,0.5724168885672134,0.5409801383998445,0.7206349206349205,0.5599425908539589,0.5860156739085858,0.5724168885672134,1.117484712600708,56.61577186584473,celltype
1391,seqFISH,OB,OB_1,BASS,0.0001123055166797,0.0397626573538872,0.6725154200800105,0.6403508771929824,0.022475934590316,0.1722232423076325,0.0397626573538872,26.58201398849487,202.98,celltype
1392,seqFISH,OB,OB_1,Banksy,0.0047593952802459,0.0481815114564102,0.3892815267069663,0.6345029239766082,0.058150748793476,0.0411346897779646,0.0481815114564102,3.606066417694092,64.24928989410401,celltype
1393,seqFISH,OB,OB_1,CCST,0.0002797581724698,0.0372489620337609,0.2994773295412541,0.6345029239766082,0.0505482701911796,0.0295048512590848,0.0372489620337609,60.66792945861816,81.03037338256836,celltype
1394,seqFISH,OB,OB_1,CellCharter,0.0217313836903269,0.0636903472960056,0.3160703209267424,0.6345029239766082,0.0868881839824721,0.0502729578815433,0.0636903472960056,16.17096290588379,124.51987495422364,celltype
1395,seqFISH,OB,OB_1,DeepST,0.0084107020594952,0.0467523782810116,0.3182342216999949,0.6345029239766082,0.0614294568395318,0.0377375638100978,0.0467523782810116,39.21534566879272,207.7340686798096,celltype
1396,seqFISH,OB,OB_1,GraphST,0.0301714988648321,0.0923435267409992,0.4495227212176685,0.6345029239766082,0.1031984444260706,0.0835548214983959,0.0923435267409992,9.66413369178772,134.8459659576416,celltype
1397,seqFISH,OB,OB_1,PRECAST,0.0849654086844967,0.160929772661104,0.5206288847053483,0.6871345029239766,0.1702702000190711,0.1525608199258086,0.1609297726611041,5.121361970901489,119.3,celltype
1398,seqFISH,OB,OB_1,SEDR,0.0153729886976508,0.0613093866358245,0.4040629563695121,0.6345029239766082,0.0710205858604303,0.0539987017485519,0.0613093866358245,6.899711465835571,77.65540733337403,celltype
1399,seqFISH,OB,OB_1,STAGATE,0.0189668234547677,0.0481838299923327,0.3895357432812988,0.6444444444444445,0.0569671115521889,0.0417775032862101,0.0481838299923327,7.523712348937988,108.58915519714355,celltype
1400,seqFISH,OB,OB_1,SpaGCN,0.0373296053030321,0.0885253681323049,0.3190264854835379,0.6461988304093568,0.1223982122138202,0.0693368756302944,0.0885253681323049,6.340299892425537,99.694095993042,celltype
1401,seqFISH,OB,OB_1,SpaceFlow,-0.0021809560350821,0.0364531280066762,0.2942734960398506,0.6345029239766082,0.0499246643399321,0.0287096110561982,0.0364531280066762,12.188552522659302,108.58141536712648,celltype
1402,seqFISH,OB,OB_1,SpatialMGCN,0.029615875244199,0.0683351653855122,0.6860331001584324,0.6461988304093568,0.0381347394253564,0.3284397241165992,0.0683351653855122,6.504504632949829,31.618965911865235,celltype
1403,seqFISH,OB,OB_1,stLearn,0.0462350668789006,0.1027123293510235,0.4548024755907173,0.6578947368421053,0.105817665006607,0.0999651231856437,0.1027123293510235,1.14020938873291,76.901149559021,celltype
1404,seqFISH,OB,OB_2,BASS,0.1039017631872049,0.1689679215640214,0.660246981278994,0.6163934426229508,0.1062106800102129,0.412998337685795,0.1689679215640214,28.815020036697387,208.6,celltype
1405,seqFISH,OB,OB_2,Banksy,0.0201840549732032,0.0632040195197298,0.4014739562024854,0.6131147540983607,0.0711069559974472,0.0568879259304056,0.0632040195197298,3.4648959636688232,57.42397708892823,celltype
1406,seqFISH,OB,OB_2,CCST,0.0098469809625092,0.038677558335651,0.3031989650255872,0.579672131147541,0.0485909182555444,0.032125885655633,0.038677558335651,55.892999935150144,77.97547645568848,celltype
1407,seqFISH,OB,OB_2,CellCharter,0.0170817209170968,0.0626290480477547,0.2950600629615732,0.5829508196721311,0.0812993863682146,0.0509415476076473,0.0626290480477547,16.190721607208253,112.86696434020996,celltype
1408,seqFISH,OB,OB_2,DeepST,0.0079802322247411,0.0477638850747907,0.3030501717911885,0.5783606557377049,0.0598921943286178,0.0397710480616571,0.0477638850747907,37.33142004013062,190.49602794647217,celltype
1409,seqFISH,OB,OB_2,GraphST,0.0384647337475208,0.0666102599100751,0.3854216123327776,0.5770491803278689,0.0740587899188261,0.0605230947294293,0.0666102599100751,8.228761434555054,120.42183170318604,celltype
1410,seqFISH,OB,OB_2,PRECAST,0.0406294034306074,0.1255383014497254,0.3497753280073893,0.6262295081967213,0.1540691999095614,0.1059231941005681,0.1255383014497253,4.898850011825561,127.96,celltype
1411,seqFISH,OB,OB_2,SEDR,-0.0005138791412069,0.0394618473344691,0.4048284427161315,0.5790163934426229,0.04160557010906,0.0379754338274547,0.0394618473344691,6.645156526565552,71.98850650787354,celltype
1412,seqFISH,OB,OB_2,STAGATE,-0.0403685572056294,0.0522529037304,0.4001573281473164,0.5757377049180328,0.0537343625011488,0.0512314232543231,0.0522529037304,7.485405683517456,96.9738676071167,celltype
1413,seqFISH,OB,OB_2,SpaGCN,0.0390571463790299,0.0969849598630032,0.2986809696845073,0.5934426229508196,0.1284463382897708,0.0779034509364285,0.0969849598630032,15.763703012466433,92.11280899047853,celltype
1414,seqFISH,OB,OB_2,SpaceFlow,0.011973565037043,0.0370417718942296,0.279013501173974,0.5737704918032787,0.0488695567038218,0.0298236865048549,0.0370417718942296,13.510562992095949,96.96683273315428,celltype
1415,seqFISH,OB,OB_2,SpatialMGCN,-0.0185451046234657,0.0320751378175961,0.5043465997100445,0.580327868852459,0.0259699028219528,0.0419331558628165,0.0320751378175961,6.347575330734253,31.12020950317383,celltype
1416,seqFISH,OB,OB_2,stLearn,0.0657132764281715,0.1122055475537848,0.436102813213636,0.6045901639344262,0.11596093173035,0.1098920169497514,0.1122055475537848,1.1020918369293211,69.94579830169678,celltype
1417,seqFISH,OB,OB_3,BASS,0.1472786751911272,0.2053149743695526,0.7208450417196756,0.6842105263157895,0.1281110122347979,0.516688928974548,0.2053149743695526,24.88810596466065,206.8,celltype
1418,seqFISH,OB,OB_3,Banksy,0.030771756239232,0.0655044097477381,0.4959381114609549,0.6594427244582043,0.06929498617832,0.0626528707870688,0.065504409747738,3.6578044414520265,60.73843650817871,celltype
1419,seqFISH,OB,OB_3,CCST,0.0049289778623707,0.0421906120594538,0.3858568802501334,0.6501547987616099,0.0504054363970272,0.0363315284944002,0.0421906120594538,60.20924897193909,83.88288879394531,celltype
1420,seqFISH,OB,OB_3,CellCharter,0.0080881827755058,0.0457381166531188,0.3314656681322036,0.6501547987616099,0.0612609123172227,0.0364946354695445,0.0457381166531188,15.978715133666991,119.51251335144045,celltype
1421,seqFISH,OB,OB_3,DeepST,0.0083190219478572,0.0442054753400307,0.3318593889503931,0.6501547987616099,0.0589458428142981,0.0353710923619118,0.0442054753400307,38.20948204994202,198.8453531265259,celltype
1422,seqFISH,OB,OB_3,GraphST,0.0482788865061283,0.0759645452118652,0.4844042620422161,0.6625386996904025,0.0791379386396544,0.0730358428999794,0.0759645452118652,7.543555688858032,127.43548946380616,celltype
1423,seqFISH,OB,OB_3,PRECAST,0.0416774122533729,0.104157267746757,0.3927689869753074,0.6842105263157895,0.1314032605499934,0.0862695808686194,0.104157267746757,4.452164030075073,123.56,celltype
1424,seqFISH,OB,OB_3,SEDR,-0.0025864752395257,0.0313997358198702,0.4219533180987217,0.6501547987616099,0.0348375508013678,0.0286945079249598,0.0313997358198702,6.984582233428955,74.77271633148193,celltype
1425,seqFISH,OB,OB_3,STAGATE,0.0114562364237694,0.0394375580947664,0.4704091781863171,0.6513931888544892,0.0411256893286776,0.037915143580358,0.0394375580947664,7.359605503082276,102.61865558624268,celltype
1426,seqFISH,OB,OB_3,SpaGCN,0.0346129283631082,0.0830706757958233,0.3460036368542643,0.6873065015479877,0.1118934609941843,0.066055382185237,0.0830706757958233,8.09484691619873,105.33879852294922,celltype
1427,seqFISH,OB,OB_3,SpaceFlow,0.0035868367455928,0.0309285410684258,0.3325245326146208,0.6501547987616099,0.0410760472198743,0.0248033713085954,0.0309285410684258,17.398343229293822,102.6118272781372,celltype
1428,seqFISH,OB,OB_3,SpatialMGCN,-0.0644738392487518,0.0271810545939494,0.5590421696899902,0.6501547987616099,0.0232000942927708,0.0328112093829227,0.0271810545939494,6.716008138656616,34.066149139404295,celltype
1429,seqFISH,OB,OB_3,stLearn,0.0817858792552899,0.1214496532581818,0.5216358144955788,0.6792569659442724,0.1215110206249659,0.122774199727358,0.1214496532581818,1.2595748901367188,74.29505882263183,celltype
1430,seqFISH,OB,OB_4,BASS,0.1590247186566669,0.1496404538774877,0.7003283084443896,0.6734104046242775,0.0966722885062386,0.331000466129188,0.1496404538774877,27.09507598876953,202.4,celltype
1431,seqFISH,OB,OB_4,Banksy,0.0055939767500339,0.0532339824711708,0.38995153967335,0.6479768786127168,0.0621583961745554,0.0466870194885125,0.0532339824711708,3.745821237564087,64.96870269775391,celltype
1432,seqFISH,OB,OB_4,CCST,0.0160323167196826,0.0360297603962226,0.3548645470381277,0.6473988439306358,0.0439480077330304,0.0305613162309756,0.0360297603962226,60.950692081451415,90.75414524078369,celltype
1433,seqFISH,OB,OB_4,CellCharter,0.0154072020568562,0.057936749394467,0.302466927524594,0.6479768786127168,0.0771216122717664,0.0463956309461485,0.057936749394467,16.7852126121521,127.97840843200684,celltype
1434,seqFISH,OB,OB_4,DeepST,0.0225338793754826,0.0552278654512662,0.3360752437862298,0.6473988439306358,0.0697274016739757,0.0457689582967664,0.0552278654512662,39.44824557304382,209.54740772247317,celltype
1435,seqFISH,OB,OB_4,GraphST,-0.0160106529778416,0.0903292190999502,0.4029690479391689,0.6589595375722543,0.1024098675444458,0.080797988230856,0.0903292190999502,8.456411600112915,136.39727458953857,celltype
1436,seqFISH,OB,OB_4,PRECAST,0.130726988329148,0.1405599675003076,0.4410694377234791,0.684971098265896,0.1712949868370313,0.1191764443251625,0.1405599675003076,4.906587982177735,123.62,celltype
1437,seqFISH,OB,OB_4,SEDR,-0.0028963382183247,0.0446881035316127,0.3922637878370075,0.6479768786127168,0.0499072664774163,0.0404951005821924,0.0446881035316127,6.731814813613892,78.26626377105713,celltype
1438,seqFISH,OB,OB_4,STAGATE,-0.0071202552569579,0.0274689634149205,0.3452074184675095,0.6473988439306358,0.0336762798243532,0.0231938433718361,0.0274689634149205,8.282458925247193,109.83194942474366,celltype
1439,seqFISH,OB,OB_4,SpaGCN,0.035553449082116,0.1061683943900785,0.3153897149607804,0.6473988439306358,0.1418810567416324,0.0848187878802334,0.1061683943900785,5.885685443878174,104.21220512390136,celltype
1440,seqFISH,OB,OB_4,SpaceFlow,0.0160299468226782,0.0522664480463552,0.3019534144190864,0.6473988439306358,0.0694963446215919,0.0418829901690904,0.0522664480463552,18.069256258010864,109.82513217926024,celltype
1441,seqFISH,OB,OB_4,SpatialMGCN,0.0389807431823059,0.0489436910431875,0.6324645506359741,0.653179190751445,0.0338140585620543,0.0885756312776099,0.0489436910431875,6.9208344459533695,36.07179203033447,celltype
1442,seqFISH,OB,OB_4,stLearn,0.0682834059751595,0.1336010228756666,0.4668398256502569,0.6786127167630058,0.1369487806814138,0.1327284847871053,0.1336010228756666,1.0957571506500243,79.69728145599365,celltype
1443,seqFISH,OB,OB_5,BASS,0.2885103581189608,0.3932897421752144,0.6955871723994371,0.7216494845360825,0.2843308375610695,0.6376413826190694,0.3932897421752143,29.37505002021789,209.82,celltype
1444,seqFISH,OB,OB_5,Banksy,0.0485124695124161,0.1555905209443655,0.3460076644913789,0.6350515463917527,0.1769639616266124,0.1389094692940143,0.1555905209443655,3.680977869033813,60.54210014343262,celltype
1445,seqFISH,OB,OB_5,CCST,0.0277083426897733,0.0990788885942143,0.2953248764566079,0.6130584192439863,0.1172398936263363,0.0858243784967889,0.0990788885942143,55.749962949752806,78.2832103729248,celltype
1446,seqFISH,OB,OB_5,CellCharter,0.1243681546664589,0.2803508036899441,0.3602497820905413,0.7058419243986254,0.3425151921232807,0.2373005778326348,0.2803508036899441,21.282707166671752,108.30503959655762,celltype
1447,seqFISH,OB,OB_5,DeepST,0.0718398848439184,0.1987647176018767,0.3131725613515814,0.679725085910653,0.2436532653751482,0.1678548704439821,0.1987647176018767,36.24659523963928,183.9716905593872,celltype
1448,seqFISH,OB,OB_5,GraphST,0.319868178450463,0.3091084675035737,0.6017726373245246,0.7079037800687286,0.2991097752801951,0.3197987544255769,0.3091084675035737,8.448805236816407,114.96741275787352,celltype
1449,seqFISH,OB,OB_5,PRECAST,0.44662005070784,0.5267901212689329,0.6641742563129354,0.8109965635738832,0.536614792308853,0.5173187342339823,0.5267901212689329,4.758239984512329,128.64,celltype
1450,seqFISH,OB,OB_5,SEDR,0.0615855036894891,0.110494560173127,0.4122745495903608,0.6219931271477663,0.1116628498685659,0.1094577209253823,0.110494560173127,7.02029972076416,69.88068180084228,celltype
1451,seqFISH,OB,OB_5,STAGATE,0.0684173435448255,0.1218164530059647,0.395038928154025,0.6419243986254296,0.127265981089416,0.1168148359529372,0.1218164530059647,7.064747190475464,92.58449630737304,celltype
1452,seqFISH,OB,OB_5,SpaGCN,0.116206464992125,0.2944095149721659,0.3469553389853632,0.7285223367697594,0.3643685370690004,0.2469876985831398,0.2944095149721659,2.99086103439331,89.51327419281006,celltype
1453,seqFISH,OB,OB_5,SpaceFlow,0.0218740004251468,0.085500683724612,0.2718748370098747,0.6116838487972509,0.1039719910470858,0.0726278385883556,0.085500683724612,12.702682876586914,92.57738399505617,celltype
1454,seqFISH,OB,OB_5,SpatialMGCN,0.1027505818028371,0.1606401651451472,0.5138647430217343,0.6460481099656358,0.1447636529879637,0.1804280626686667,0.1606401651451472,6.209215497970581,30.471475028991694,celltype
1455,seqFISH,OB,OB_5,stLearn,0.2167507700273174,0.3263441742763081,0.4812269411489133,0.7292096219931272,0.3457451865919818,0.3101008129273359,0.3263441742763081,1.1104690551757812,67.38578548431397,celltype
1456,seqFISH,OB,OB_6,BASS,0.4137068348483604,0.5332949910966633,0.6491003531548004,0.7120418848167539,0.4176435510890203,0.7375265965129139,0.5332949910966633,22.30033197402954,225.14,celltype
1457,seqFISH,OB,OB_6,Banksy,0.2391061821077305,0.3994547279621422,0.4078655321457783,0.6680628272251308,0.4239317272712217,0.3778069054171585,0.3994547279621422,3.347590494155884,23.33171672821045,celltype
1458,seqFISH,OB,OB_6,CCST,0.1572422285966491,0.2505128065642158,0.3746166495892542,0.5759162303664922,0.2390859367849757,0.2634718182322521,0.2505128065642158,53.40573835372925,42.268856620788576,celltype
1459,seqFISH,OB,OB_6,CellCharter,0.3440553707434818,0.4413331889811731,0.4858934609810008,0.7162303664921466,0.4735354503562251,0.4133720265670132,0.4413331889811732,14.11424527168274,69.34881038665772,celltype
1460,seqFISH,OB,OB_6,DeepST,0.3013471692439924,0.3803674402441131,0.4539168331073814,0.6534031413612565,0.4015943669093127,0.3613531749455093,0.3803674402441131,32.425604820251465,135.0368932723999,celltype
1461,seqFISH,OB,OB_6,GraphST,0.062909306381086,0.1818806374429849,0.3502170215950557,0.518324607329843,0.1606460206246833,0.2095840070190787,0.1818806374429849,8.56582589149475,75.99865188598633,celltype
1462,seqFISH,OB,OB_6,PRECAST,0.519935003660236,0.6326470377362393,0.6278224591048376,0.837696335078534,0.6782559001519454,0.5927855702440716,0.6326470377362392,3.4695759773254395,125.18,celltype
1463,seqFISH,OB,OB_6,SEDR,0.0636163261646599,0.1563417202727192,0.4372072262761117,0.4827225130890052,0.1226481589700154,0.2156962036952908,0.1563417202727192,4.268322467803955,45.35391750335693,celltype
1464,seqFISH,OB,OB_6,STAGATE,0.1394842820168091,0.2088574201944531,0.3876250382222537,0.5549738219895288,0.1914846315056196,0.2296971044366746,0.2088574201944531,6.279170370101928,61.21951103210449,celltype
1465,seqFISH,OB,OB_6,SpaGCN,0.4426988698444204,0.5834302324546182,0.5640942939740303,0.8062827225130891,0.639482412332139,0.5364123893425501,0.5834302324546182,10.706915855407717,44.23663902282715,celltype
1466,seqFISH,OB,OB_6,SpaceFlow,0.23179645162725,0.3133975371581153,0.3870419823780042,0.6020942408376964,0.3440714773385873,0.2877453591592878,0.3133975371581153,10.141775751113892,61.21217079162598,celltype
1467,seqFISH,OB,OB_6,SpatialMGCN,0.0302395010473354,0.1108411780562637,0.4993383182651548,0.4450261780104712,0.0639771195424401,0.4143793612885728,0.1108411780562637,5.385858011245728,17.170641136169433,celltype
1468,seqFISH,OB,OB_6,stLearn,0.340990592115947,0.431477329407539,0.5146198265996116,0.6596858638743456,0.4071148324260637,0.4631167963451501,0.431477329407539,0.9563902378082276,42.10097198486328,celltype
1469,seqFISH,SVZ,SVZ_0,BASS,0.1913013105412752,0.3926472273128923,0.532109838647436,0.5169491525423728,0.2715609213378188,0.7086088411177162,0.3926472273128923,20.6952600479126,235.5,celltype
1470,seqFISH,SVZ,SVZ_0,Banksy,0.0675921778870335,0.2659387319201567,0.224140374909901,0.4830508474576271,0.2828679255470763,0.2509295602942972,0.2659387319201567,3.455847644805908,33.12107925415039,celltype
1471,seqFISH,SVZ,SVZ_0,CCST,0.0799356723005534,0.2195783713181182,0.3522217270639665,0.4542372881355933,0.1806676676988469,0.2835556200675452,0.2195783713181182,62.01149473190308,33.69819984436035,celltype
1472,seqFISH,SVZ,SVZ_0,CellCharter,0.0881463459049047,0.2860290328689679,0.2430058147669609,0.4813559322033898,0.3036299760287514,0.2704172164241907,0.2860290328689679,18.82218580245972,45.82577972412109,celltype
1473,seqFISH,SVZ,SVZ_0,DeepST,0.0360533025486833,0.2023657837491609,0.2069164056442758,0.4203389830508475,0.2101603492690062,0.1952194181065695,0.2023657837491608,34.16930708885193,83.55375442504882,celltype
1474,seqFISH,SVZ,SVZ_0,GraphST,0.0686367091475382,0.2236786536208044,0.2833130247145788,0.4237288135593219,0.2084641128346712,0.2412888763106964,0.2236786536208044,9.792452621459962,47.55677757263184,celltype
1475,seqFISH,SVZ,SVZ_0,PRECAST,0.2463554556919144,0.4865680831118543,0.3806649088925726,0.6271186440677966,0.5138819270405511,0.4620112676382213,0.4865680831118543,3.3049560546875,135.52,celltype
1476,seqFISH,SVZ,SVZ_0,SEDR,0.0277885392991079,0.1706001481607006,0.3312805305744731,0.4271186440677966,0.1451884985931836,0.2072554121817567,0.1706001481607006,4.401259660720825,28.259042739868164,celltype
1477,seqFISH,SVZ,SVZ_0,STAGATE,0.0269409376194779,0.1799072794864804,0.3375695863436504,0.4406779661016949,0.1503089525637311,0.2240206659074966,0.1799072794864804,5.44787745475769,38.3291467666626,celltype
1478,seqFISH,SVZ,SVZ_0,SpaGCN,0.1149610316952572,0.2562045115342919,0.2698512998987455,0.4576271186440678,0.2699581850238429,0.2437843285477347,0.2562045115342919,7.1043760776519775,33.05938453674317,celltype
1479,seqFISH,SVZ,SVZ_0,SpaceFlow,0.0363552305745973,0.2105185094126714,0.2028160938896714,0.435593220338983,0.2217883453144258,0.200371661783317,0.2105185094126714,11.356355142593385,38.32670059204101,celltype
1480,seqFISH,SVZ,SVZ_0,SpatialMGCN,0.0492797731963061,0.1744628193982799,0.4619427801920811,0.4406779661016949,0.1071948533451025,0.4683940474206194,0.1744628193982799,6.150249958038331,12.397797584533691,celltype
1481,seqFISH,SVZ,SVZ_0,stLearn,0.2155775063130658,0.3470213359238658,0.5075415431504695,0.483050847457627,0.2568586653358021,0.5423470723469321,0.3470213359238658,0.6369208335876465,27.95810718536377,celltype
1482,seqFISH,SVZ,SVZ_1,BASS,0.1069359290064703,0.2999429543488639,0.4858499122551555,0.4814814814814814,0.2032056752031888,0.5724713888614906,0.2999429543488639,23.458833980560303,236.1,celltype
1483,seqFISH,SVZ,SVZ_1,Banksy,0.0490409655164867,0.2282050922625218,0.1980338453037122,0.4666666666666666,0.253872200172763,0.2072527925711457,0.2282050922625218,3.4427674293518065,31.961285972595213,celltype
1484,seqFISH,SVZ,SVZ_1,CCST,0.0527405215162994,0.2269440752255692,0.2341593327376234,0.4518518518518518,0.2378682679662057,0.2174232818604732,0.2269440752255691,61.87196688652038,31.042287063598632,celltype
1485,seqFISH,SVZ,SVZ_1,CellCharter,0.0362853947539498,0.2193168325464621,0.188192140024259,0.4444444444444443,0.2435646177703217,0.1994705963409107,0.2193168325464621,15.27312707901001,42.24702491760254,celltype
1486,seqFISH,SVZ,SVZ_1,DeepST,0.0143454032633637,0.1690969616131637,0.1779499912363975,0.4203703703703704,0.1842973202457671,0.156233864580752,0.1690969616131637,30.54203119277954,76.48898410797119,celltype
1487,seqFISH,SVZ,SVZ_1,GraphST,0.0633387224939028,0.2286780767877409,0.2814234565803472,0.4629629629629629,0.2210509995554011,0.2368502879158022,0.2286780767877409,8.527270889282226,43.66071186065675,celltype
1488,seqFISH,SVZ,SVZ_1,PRECAST,0.1378898176900011,0.3762532497493189,0.2891298137232345,0.6018518518518519,0.4050072707842653,0.35131143483452,0.3762532497493189,3.326802062988281,135.7,celltype
1489,seqFISH,SVZ,SVZ_1,SEDR,-0.0101244576659389,0.1890093491638359,0.2768205437322931,0.4166666666666666,0.1732734334775625,0.2082212356978177,0.189009349163836,4.189157629013062,25.9348876953125,celltype
1490,seqFISH,SVZ,SVZ_1,STAGATE,0.0114139944074697,0.1557275130370641,0.3293522375082401,0.4259259259259259,0.1324783947904843,0.1888736390519997,0.1557275130370641,5.26191201210022,35.193560409545896,celltype
1491,seqFISH,SVZ,SVZ_1,SpaGCN,0.0518798466358608,0.2444162824569164,0.1962292672786422,0.4537037037037037,0.2742355414025094,0.2204458915643607,0.2444162824569164,10.1306254863739,36.45530223846436,celltype
1492,seqFISH,SVZ,SVZ_1,SpaceFlow,0.0204037937654186,0.1742913366114471,0.1727324058491308,0.4481481481481481,0.1937487829056524,0.1583872454680358,0.1742913366114471,9.672936296463012,35.18862457275391,celltype
1493,seqFISH,SVZ,SVZ_1,SpatialMGCN,0.0168736428649935,0.1416098968702978,0.420715100927502,0.4166666666666667,0.0934357716410562,0.2923320523009718,0.1416098968702978,5.872109031677246,12.224040985107422,celltype
1494,seqFISH,SVZ,SVZ_1,stLearn,0.0709501774503809,0.2080815968423359,0.3828166060667762,0.4296296296296296,0.161634184779483,0.2962869315970445,0.2080815968423359,0.7828302383422852,25.676538276672364,celltype
1495,seqFISH,SVZ,SVZ_2,BASS,0.2266515707860295,0.4554708504097902,0.4808790991516541,0.5444444444444444,0.3620031997706968,0.6140040146782183,0.4554708504097901,19.549494075775147,237.1,celltype
1496,seqFISH,SVZ,SVZ_2,Banksy,0.0530468472137343,0.3258503027018622,0.1797652447931514,0.4822222222222222,0.353035594327638,0.3026081051701977,0.3258503027018622,3.064897632598877,33.053860092163085,celltype
1497,seqFISH,SVZ,SVZ_2,CCST,0.0646539383278755,0.2794511531535421,0.2684183227641371,0.4377777777777777,0.2613004521141909,0.3014148592743464,0.2794511531535421,60.14029459953308,26.2002779006958,celltype
1498,seqFISH,SVZ,SVZ_2,CellCharter,0.0997121991985651,0.3621798274702542,0.2226433233613597,0.4977777777777777,0.3909200423493155,0.3374078612363486,0.3621798274702542,12.130379819869995,35.69943103790283,celltype
1499,seqFISH,SVZ,SVZ_2,DeepST,0.0341059525118822,0.2299775185496642,0.2217090178539126,0.4244444444444444,0.2475568838661579,0.4147432090448796,0.2299775185496643,30.885162544250488,63.88005962371826,celltype
1500,seqFISH,SVZ,SVZ_2,GraphST,0.0436655636235654,0.3153516476509196,0.2085458998124912,0.4444444444444445,0.3159138482703689,0.3147914444624773,0.3153516476509196,9.62691855430603,36.64614982604981,celltype
1501,seqFISH,SVZ,SVZ_2,PRECAST,0.262557035638462,0.5186384953746546,0.3838298366031783,0.6666666666666666,0.5254188912231869,0.5120308685206685,0.5186384953746545,3.4204999923706056,135.86,celltype
1502,seqFISH,SVZ,SVZ_2,SEDR,0.0008271851946673,0.2474221098560076,0.23397651902691,0.3977777777777777,0.2298767264655522,0.2681609986370639,0.2474221098560076,4.174660968780517,21.758937644958497,celltype
1503,seqFISH,SVZ,SVZ_2,STAGATE,-0.0169732900834355,0.2421437844153374,0.2394584966269913,0.3888888888888889,0.2179377640104157,0.2723986991618766,0.2421437844153374,5.414687824249268,29.548211097717285,celltype
1504,seqFISH,SVZ,SVZ_2,SpaGCN,0.1248530750197805,0.3702709711212629,0.2490637977528243,0.5111111111111111,0.3963038996143627,0.3474473927052746,0.3702709711212629,15.292891025543211,34.33169956207276,celltype
1505,seqFISH,SVZ,SVZ_2,SpaceFlow,0.0273553563675664,0.2617239656974875,0.149636308248847,0.4155555555555555,0.2869577170960212,0.2405947898425937,0.2617239656974875,12.159454536437988,29.541994285583492,celltype
1506,seqFISH,SVZ,SVZ_2,SpatialMGCN,0.0579621926887829,0.2422967834113198,0.4136999569039497,0.4444444444444445,0.1638967845905395,0.4644813645356008,0.2422967834113198,6.069130182266235,11.892426490783691,celltype
1507,seqFISH,SVZ,SVZ_2,stLearn,0.1353328376917293,0.3002589434182895,0.408060484206805,0.4622222222222222,0.2337319915788085,0.4450858033394562,0.3002589434182895,0.6721969604492187,21.906192779541016,celltype
1508,seqFISH,SVZ,SVZ_3,BASS,0.4742539193772279,0.4576607745031575,0.7674830110229808,0.7714285714285715,0.366110336694739,0.6102651586228206,0.4576607745031574,21.7695360660553,236.62,celltype
1509,seqFISH,SVZ,SVZ_3,Banksy,0.0509333671682097,0.3396530868576002,0.278651584620188,0.740952380952381,0.446159343790094,0.2741985239481204,0.3396530868576002,3.1774142742156983,37.96537780761719,celltype
1510,seqFISH,SVZ,SVZ_3,CCST,0.0549679966012521,0.1597335276609909,0.3353305377125177,0.6533333333333333,0.1901860353211678,0.1381082562790714,0.1597335276609909,61.22202882766724,30.232992935180665,celltype
1511,seqFISH,SVZ,SVZ_3,CellCharter,0.0817073098161859,0.3656792122797177,0.317606824181779,0.7523809523809524,0.4708453557907022,0.2989385694243994,0.3656792122797177,13.166542768478394,41.16096515655518,celltype
1512,seqFISH,SVZ,SVZ_3,DeepST,0.0200130251030253,0.2159481110991325,0.2518891437995684,0.6704761904761904,0.2803765488024045,0.1756182522323762,0.2159481110991325,31.512846899032592,74.35733528137207,celltype
1513,seqFISH,SVZ,SVZ_3,GraphST,0.0093218415713522,0.2386284539405542,0.3550328111065433,0.6666666666666666,0.2648631901734455,0.217122445209821,0.2386284539405542,9.819578886032104,42.49209003448486,celltype
1514,seqFISH,SVZ,SVZ_3,PRECAST,0.2905083107812719,0.6237804228960375,0.5141689483812328,0.9047619047619048,0.7917548801458992,0.5146046647980607,0.6237804228960375,3.3676459789276123,134.56,celltype
1515,seqFISH,SVZ,SVZ_3,SEDR,-0.0175728738281862,0.1649543133139011,0.3652447179710277,0.6476190476190476,0.183870562729645,0.1495992080202931,0.1649543133139011,3.887528419494629,25.238848304748537,celltype
1516,seqFISH,SVZ,SVZ_3,STAGATE,-0.0984398744285239,0.1245522943230711,0.4105341296074629,0.6571428571428571,0.1203370577607536,0.1290735581090907,0.1245522943230711,5.258824205398559,34.25271511077881,celltype
1517,seqFISH,SVZ,SVZ_3,SpaGCN,0.0332253600295992,0.239633286958285,0.2681431039508103,0.6571428571428571,0.3103627663610447,0.1951581295061535,0.239633286958285,15.323717164993289,37.56999588012695,celltype
1518,seqFISH,SVZ,SVZ_3,SpaceFlow,0.0043296810334418,0.1588078620243854,0.2272302802417335,0.6495238095238095,0.2090865419794879,0.1280252740350508,0.1588078620243853,13.199058723449706,34.24749565124512,celltype
1519,seqFISH,SVZ,SVZ_3,SpatialMGCN,0.2928906760840939,0.3428768057425551,0.7144325281896948,0.7428571428571429,0.2486485449293233,0.5521024606702964,0.3428768057425551,6.123370361328125,12.795054054260254,celltype
1520,seqFISH,SVZ,SVZ_3,stLearn,0.37460610569007,0.3788910677046883,0.6934117076373398,0.7409523809523809,0.3175551254278923,0.4827943446600106,0.3788910677046883,0.6825365543365478,24.99175605773926,celltype
1521,seqFISH,SVZ,SVZ_4,BASS,0.7093544453710142,0.6954834139296661,0.8256103459829071,0.8514851485148516,0.6497306952847742,0.7481678795731633,0.6954834139296661,30.82107005119324,235.32,celltype
1522,seqFISH,SVZ,SVZ_4,Banksy,0.0401778003478715,0.3460099885393216,0.2397747579632756,0.689108910891089,0.4304204976864084,0.2893170742271733,0.3460099885393217,3.220449304580689,32.379405403137206,celltype
1523,seqFISH,SVZ,SVZ_4,CCST,0.0895567473658025,0.2525880925808644,0.3531749001675022,0.6356435643564357,0.2758228207428591,0.2334819479775073,0.2525880925808644,60.66953792572021,29.12549705505371,celltype
1524,seqFISH,SVZ,SVZ_4,CellCharter,0.0790443788424012,0.3609843082543889,0.2714765773193193,0.6811881188118812,0.4548866639423737,0.2992221864312042,0.3609843082543889,10.421606063842772,39.67832355499267,celltype
1525,seqFISH,SVZ,SVZ_4,DeepST,0.0760287844820969,0.357498828425086,0.2710317418734974,0.689108910891089,0.4473309002133552,0.2977313776035439,0.357498828425086,31.535506391525267,71.56291828155517,celltype
1526,seqFISH,SVZ,SVZ_4,GraphST,-0.0272279712375409,0.2144849195717277,0.2472670189247233,0.594059405940594,0.2430372710334782,0.1919360137976683,0.2144849195717277,10.07899956703186,40.934082412719725,celltype
1527,seqFISH,SVZ,SVZ_4,PRECAST,0.2235189355653125,0.535543044700669,0.418190257418758,0.8217821782178218,0.6552173702595473,0.4528337408996916,0.535543044700669,3.541249990463257,135.84,celltype
1528,seqFISH,SVZ,SVZ_4,SEDR,0.0356409197694454,0.2277238634556699,0.3444464345394163,0.6178217821782178,0.2487082657153288,0.2102973364813253,0.2277238634556699,3.977933073043823,24.31117820739746,celltype
1529,seqFISH,SVZ,SVZ_4,STAGATE,-0.0373362637088102,0.2109655584252505,0.3200908382998567,0.6039603960396039,0.2217274676632893,0.2011999845208209,0.2109655584252505,5.349602937698364,32.999514770507815,celltype
1530,seqFISH,SVZ,SVZ_4,SpaGCN,0.118952825364768,0.3918623973565252,0.3187619304070331,0.693069306930693,0.4816494268249089,0.330290965867486,0.3918623973565252,13.33138074874878,33.63860321044922,celltype
1531,seqFISH,SVZ,SVZ_4,SpaceFlow,0.0189617938704985,0.2538714883938174,0.2004486241730228,0.6178217821782178,0.3255945034856831,0.2080466305977592,0.2538714883938174,14.012736320495604,32.993988609313966,celltype
1532,seqFISH,SVZ,SVZ_4,SpatialMGCN,0.0374532176818719,0.1789605283494613,0.5517636383578841,0.6336633663366337,0.1248283531787371,0.315990887588406,0.1789605283494613,6.160241651535034,11.546418380737304,celltype
1533,seqFISH,SVZ,SVZ_4,stLearn,0.4325186661079808,0.4303856696883125,0.6487677336700879,0.7049504950495049,0.3998353957706413,0.4691991465859842,0.4303856696883125,0.7727223873138428,24.079755592346192,celltype
1534,seqFISH,SVZ,SVZ_5,BASS,-0.0137940001597651,0.0792969275649179,0.3556404529489419,0.3079710144927536,0.049758360647,0.1951397315344097,0.0792969275649179,40.02460799217224,206.84,celltype
1535,seqFISH,SVZ,SVZ_5,Banksy,0.0607068135818225,0.2736290200484862,0.1771617987540919,0.4202898550724637,0.3018024966427962,0.250290019936585,0.2736290200484862,3.653716802597046,52.090528869628905,celltype
1536,seqFISH,SVZ,SVZ_5,CCST,0.0485963857919114,0.2282176354644201,0.1729689048180112,0.3731884057971014,0.2455031078903888,0.2132356864431907,0.2282176354644201,55.31370606422424,73.9140199661255,celltype
1537,seqFISH,SVZ,SVZ_5,CellCharter,0.1029124121395332,0.3181769770873028,0.2263109878731962,0.4637681159420289,0.340402244991082,0.2987163277197239,0.3181769770873028,14.195754528045654,102.9437686920166,celltype
1538,seqFISH,SVZ,SVZ_5,DeepST,0.0773705909534827,0.2452191567129338,0.2509593983215494,0.4326086956521739,0.2693911090535943,0.4250769910136309,0.2452191567129338,34.45519590377808,177.0450252532959,celltype
1539,seqFISH,SVZ,SVZ_5,GraphST,0.0550607391559426,0.2596565283275955,0.1999621982949547,0.4094202898550724,0.2667981896172317,0.2528872358321092,0.2596565283275955,11.236257696151734,109.12545661926268,celltype
1540,seqFISH,SVZ,SVZ_5,PRECAST,0.1962585377024907,0.4927517210440063,0.4232546113665774,0.5398550724637681,0.4319803832346388,0.5734210411070623,0.4927517210440063,6.577320003509522,130.1,celltype
1541,seqFISH,SVZ,SVZ_5,SEDR,0.0813748850340352,0.2326339611318681,0.2542895339046728,0.3840579710144927,0.2304179425797901,0.2349279913140477,0.2326339611318681,5.679771995544433,67.55660057067871,celltype
1542,seqFISH,SVZ,SVZ_5,STAGATE,0.0278636786004375,0.2212133366901955,0.1506766652178783,0.3514492753623188,0.2403942020698329,0.2048763557511704,0.2212133366901955,7.821957063674927,87.882373046875,celltype
1543,seqFISH,SVZ,SVZ_5,SpaGCN,0.187808307270783,0.4253891912223449,0.2984606281304808,0.5434782608695652,0.4626893271255114,0.393654373155946,0.4253891912223449,24.8288782119751,78.2977689743042,celltype
1544,seqFISH,SVZ,SVZ_5,SpaceFlow,0.0416825189026759,0.2351777402658607,0.1558217253833456,0.4043478260869565,0.2607637512355821,0.2141642396584286,0.2351777402658607,7.594104433059693,87.87567539215088,celltype
1545,seqFISH,SVZ,SVZ_5,SpatialMGCN,0.0802442630508351,0.2573899198071494,0.4255388467611114,0.3768115942028985,0.1711570747747807,0.5187460149397858,0.2573899198071494,6.200496053695678,24.50461406707764,celltype
1546,seqFISH,SVZ,SVZ_5,stLearn,0.1065839190384067,0.2570734490683301,0.2926500361050496,0.422463768115942,0.2309048102072765,0.2923946727969382,0.2570734490683301,1.107438278198242,63.972528266906735,celltype
1547,seqFISH,SVZ,SVZ_6,BASS,0.3130846050093716,0.2360598482302199,0.884128134326097,0.888888888888889,0.1656442082195623,0.4106115148843375,0.2360598482302199,12.780068016052246,240.72,celltype
1548,seqFISH,SVZ,SVZ_6,Banksy,0.3508934874337532,0.4246369454203927,0.7270869126214656,0.948148148148148,0.683343646577153,0.3080408354251792,0.4246369454203928,3.34599027633667,17.30947494506836,celltype
1549,seqFISH,SVZ,SVZ_6,CCST,0.0520987939445551,0.0888985234241137,0.6388444175740655,0.8629629629629629,0.1194584499225515,0.0713480290289456,0.0888985234241137,61.24568328857422,29.39411449432373,celltype
1550,seqFISH,SVZ,SVZ_6,CellCharter,-0.0269756633159555,0.1575706527508658,0.4457599685154099,0.8518518518518519,0.2883336047269026,0.1084630784696041,0.1575706527508658,12.962387990951536,42.025416946411134,celltype
1551,seqFISH,SVZ,SVZ_6,DeepST,0.0274152557604263,0.0749232051285146,0.4817925418922094,0.8592592592592592,0.1323615368851408,0.0523612004710511,0.0749232051285146,30.590760278701783,76.4747766494751,celltype
1552,seqFISH,SVZ,SVZ_6,GraphST,-0.1330448246192044,0.079560555585001,0.6028871030614433,0.8518518518518519,0.1042650570047419,0.0643204951985346,0.079560555585001,8.613284587860107,43.65915107727051,celltype
1553,seqFISH,SVZ,SVZ_6,PRECAST,0.2330784885485384,0.4357530688607535,0.617751706806209,0.972222222222222,0.7872140526187981,0.3012544653393336,0.4357530688607535,2.329142045974732,137.74,celltype
1554,seqFISH,SVZ,SVZ_6,SEDR,-0.0397889661873632,0.0693335726980593,0.7185059817575733,0.8518518518518519,0.0787796595261682,0.0622394256821384,0.0693335726980592,3.840221834182739,25.933378791809083,celltype
1555,seqFISH,SVZ,SVZ_6,STAGATE,0.133589346415013,0.0632429415663607,0.6856293318581631,0.8518518518518519,0.0889058916064806,0.0490767823691328,0.0632429415663607,5.446112489700317,35.19218578338623,celltype
1556,seqFISH,SVZ,SVZ_6,SpaGCN,0.0081471733233334,0.0382131451630708,0.4356874050663378,0.8518518518518519,0.0728354149582427,0.0259010818183795,0.0382131451630708,6.7880449295043945,32.77055358886719,celltype
1557,seqFISH,SVZ,SVZ_6,SpaceFlow,0.0184496451417209,0.0492647714926728,0.449831704887444,0.8518518518518519,0.0931075813727291,0.0334936234039686,0.0492647714926728,19.485714435577396,35.18590869903564,celltype
1558,seqFISH,SVZ,SVZ_6,SpatialMGCN,0.2411328457840085,0.1845694160681186,0.8776115414047039,0.8796296296296295,0.1220509307339331,0.3783965006790715,0.1845694160681185,6.218238115310669,10.183407211303711,celltype
1559,seqFISH,SVZ,SVZ_6,stLearn,0.3057805669669949,0.2795280374743473,0.7247096209306354,0.8574074074074074,0.3673038236470406,0.2286205580432884,0.2795280374743473,0.6716207981109619,25.47544174194336,celltype
1560,STARmap,Mouse Medial Prefrontal Cortex,BZ14,BASS,0.5497003295937941,0.5902237916407026,0.6022336690360859,0.6810661764705882,0.5802869642901777,0.6005068643286057,0.5902237916407027,471.9908839702606,507.4,celltype
1561,STARmap,Mouse Medial Prefrontal Cortex,BZ14,Banksy,0.3786847904375218,0.4593955330023727,0.4627214768933292,0.5836397058823529,0.4443146284073197,0.4755361571431552,0.4593955330023727,6.575611639022827,17.69539031982422,celltype
1562,STARmap,Mouse Medial Prefrontal Cortex,BZ14,CCST,0.1413807998901302,0.2324732159880491,0.2470756477241256,0.4016544117647059,0.218140496036756,0.2491298261045909,0.2324732159880491,90.3368748664856,88.4670602798462,celltype
1563,STARmap,Mouse Medial Prefrontal Cortex,BZ14,CellCharter,0.2497550603464608,0.3548444878125744,0.320021293998314,0.494485294117647,0.36961703967118,0.3412174257858548,0.3548444878125745,99.41473045349122,11.931122779846191,celltype
1564,STARmap,Mouse Medial Prefrontal Cortex,BZ14,DeepST,0.2804824635694686,0.3735976925354726,0.3496391010672187,0.5347426470588236,0.3845949787041011,0.3632326708667678,0.3735976925354727,42.78643827438354,37.70744800567627,celltype
1565,STARmap,Mouse Medial Prefrontal Cortex,BZ14,GraphST,0.2124460082556726,0.2987028401654459,0.2960272476524391,0.4705882352941176,0.2949877231134521,0.3025127281943377,0.298702840165446,11.126865243911745,39.88730373382569,celltype
1566,STARmap,Mouse Medial Prefrontal Cortex,BZ14,PRECAST,0.4109550320099061,0.4819636946081628,0.4687552370004077,0.5983455882352942,0.4989144360074362,0.4661269172699233,0.4819636946081626,7.240633964538574,79.35999999999999,celltype
1567,STARmap,Mouse Medial Prefrontal Cortex,BZ14,SEDR,0.1939357930758496,0.2800407594993245,0.2830573351019995,0.4573529411764706,0.2773990764940459,0.2828034991398331,0.2800407594993245,11.610665702819825,30.124715042114257,celltype
1568,STARmap,Mouse Medial Prefrontal Cortex,BZ14,STAGATE,0.187523025091019,0.2734021248699967,0.266580612106208,0.453860294117647,0.2783277535451317,0.268668295079758,0.2734021248699966,13.009930324554444,21.24020347595215,celltype
1569,STARmap,Mouse Medial Prefrontal Cortex,BZ14,SpaGCN,0.4212323557662653,0.4491019991689845,0.4929269619741472,0.5477941176470589,0.4199130131466339,0.4826521037602835,0.4491019991689845,20.14442596435547,33.98756580352783,celltype
1570,STARmap,Mouse Medial Prefrontal Cortex,BZ14,SpaceFlow,0.1407367204992559,0.2560883823832258,0.217964636392806,0.4290441176470588,0.2680377598089049,0.2451604264879513,0.2560883823832258,12.705607461929322,37.5568941116333,celltype
1571,STARmap,Mouse Medial Prefrontal Cortex,BZ14,SpatialMGCN,0.2943165302498826,0.374224879561585,0.4216022090983821,0.4990808823529412,0.3241702001481836,0.4425599607885163,0.374224879561585,23.32580237388611,32.92260456085205,celltype
1572,STARmap,Mouse Medial Prefrontal Cortex,BZ14,stLearn,0.4825077347367526,0.5655496498064054,0.5342751158905882,0.6744485294117647,0.5839107846719209,0.548332267407623,0.5655496498064054,1.298117208480835,4.390799522399902,celltype
1573,STARmap,Mouse Medial Prefrontal Cortex,BZ14,BASS,0.7698086180042341,0.7348618008489519,0.8502581879468953,0.9209558823529412,0.7629446284447697,0.7087729500734178,0.7348618008489519,471.9908839702606,507.4,domain
1574,STARmap,Mouse Medial Prefrontal Cortex,BZ14,Banksy,0.4906728171471075,0.5490835201674913,0.6827842020508573,0.7931985294117647,0.53928264898904,0.5592472256487728,0.5490835201674913,5.202308177947998,17.694912147521972,domain
1575,STARmap,Mouse Medial Prefrontal Cortex,BZ14,CCST,0.46036073587612,0.4946581413146774,0.6463870623125294,0.7702205882352942,0.5083204130564235,0.4823864440765535,0.4946581413146775,86.03193764686584,81.19088191986084,domain
1576,STARmap,Mouse Medial Prefrontal Cortex,BZ14,CellCharter,0.5865708947374937,0.6218951524301481,0.7224714690389579,0.8654411764705883,0.679781845912374,0.5731341140518328,0.6218951524301481,92.56545572280884,11.920492553710938,domain
1577,STARmap,Mouse Medial Prefrontal Cortex,BZ14,DeepST,0.6586110084581314,0.6113378030152912,0.7803156817106521,0.8678308823529411,0.6248621526521029,0.5985813507812179,0.6113378030152912,66.85714750289917,37.12732906341553,domain
1578,STARmap,Mouse Medial Prefrontal Cortex,BZ14,GraphST,0.6474013876094794,0.6084385973145682,0.7719889345264168,0.8685661764705882,0.6237977652257192,0.5938176019137743,0.6084385973145682,11.03589186668396,39.8877347946167,domain
1579,STARmap,Mouse Medial Prefrontal Cortex,BZ14,PRECAST,0.3776582311833387,0.4465934687213826,0.5892686645380929,0.7913602941176471,0.471155680878167,0.424465311395023,0.4465934687213826,2.956183958053589,74.0,domain
1580,STARmap,Mouse Medial Prefrontal Cortex,BZ14,SEDR,0.3137706337165681,0.3856735670145811,0.565394196665484,0.7119485294117648,0.3869041606489233,0.3866462709696071,0.3856735670145811,10.463425397872925,30.125686264038087,domain
1581,STARmap,Mouse Medial Prefrontal Cortex,BZ14,STAGATE,0.7444280897996493,0.6947629864573838,0.8377032672339624,0.8979779411764707,0.6952616546321705,0.69426524588004,0.6947629864573838,10.46294183731079,21.309704208374026,domain
1582,STARmap,Mouse Medial Prefrontal Cortex,BZ14,SpaGCN,0.2584993945899301,0.3115786954981976,0.4863904823211104,0.6884191176470589,0.3479635522849029,0.2820826810854562,0.3115786954981976,7.214632177352906,32.15077934265137,domain
1583,STARmap,Mouse Medial Prefrontal Cortex,BZ14,SpaceFlow,0.6715322580332433,0.6663924717038684,0.781467253197291,0.8972426470588235,0.7217976691215552,0.6189560862653202,0.6663924717038684,12.795129299163818,32.276075172424314,domain
1584,STARmap,Mouse Medial Prefrontal Cortex,BZ14,SpatialMGCN,0.2804273738840407,0.273301155000363,0.5338584661809489,0.6829044117647058,0.2794589501434641,0.2674088795906119,0.2733011550003629,15.70109715461731,32.926690864562985,domain
1585,STARmap,Mouse Medial Prefrontal Cortex,BZ14,stLearn,0.2114793034231828,0.2247052658052019,0.4635691450669674,0.6452205882352942,0.2450208842462046,0.2075008835677937,0.2247052658052019,1.2685791492462155,4.390909194946289,domain
1586,STARmap,Mouse Medial Prefrontal Cortex,BZ5,BASS,0.4026136524701389,0.5221023866407276,0.469159868844247,0.5862726406101049,0.5109274422106765,0.5337770959886903,0.5221023866407276,489.8775780200958,480.9,celltype
1587,STARmap,Mouse Medial Prefrontal Cortex,BZ5,Banksy,0.3104680661229585,0.4371291788904242,0.3897993829482057,0.5319351763584367,0.4278071589302883,0.4468823603975996,0.4371291788904242,5.344130373001098,17.06958293914795,celltype
1588,STARmap,Mouse Medial Prefrontal Cortex,BZ5,CCST,0.1265493094463367,0.2397176281075857,0.2297546225705095,0.3645376549094375,0.2258584779074868,0.255560036345928,0.2397176281075857,85.94739727973938,83.59078731536866,celltype
1589,STARmap,Mouse Medial Prefrontal Cortex,BZ5,CellCharter,0.2364699204833507,0.3691479339616087,0.3046140988956058,0.4795042897998093,0.3832022574894566,0.3561039976137051,0.3691479339616087,100.54889645576478,11.810256004333496,celltype
1590,STARmap,Mouse Medial Prefrontal Cortex,BZ5,DeepST,0.2457928558730134,0.3610334386719328,0.3180932009277916,0.5023832221163012,0.3650269262424818,0.3571636994926808,0.3610334386719328,41.59903182983398,35.450013160705566,celltype
1591,STARmap,Mouse Medial Prefrontal Cortex,BZ5,GraphST,0.2177776780792057,0.3252486029680896,0.2937174176286746,0.4852240228789323,0.3270389027241431,0.323477797668078,0.3252486029680896,11.44438557624817,37.21465492248535,celltype
1592,STARmap,Mouse Medial Prefrontal Cortex,BZ5,PRECAST,0.3847791599609871,0.4972108063438271,0.442809286036762,0.5996186844613918,0.5097661998039984,0.4852590176626753,0.497210806343827,6.816972064971924,68.47999999999999,celltype
1593,STARmap,Mouse Medial Prefrontal Cortex,BZ5,SEDR,0.19166494033436,0.2938915966533109,0.2749433450977282,0.4305052430886558,0.2915436164874081,0.2963454695355981,0.2938915966533109,11.128923416137695,31.73893795013428,celltype
1594,STARmap,Mouse Medial Prefrontal Cortex,BZ5,STAGATE,0.2082214028663234,0.3087609404322514,0.2880630004593266,0.4619637750238322,0.3065078203338703,0.3110609642553943,0.3087609404322514,11.980241870880128,20.006807136535645,celltype
1595,STARmap,Mouse Medial Prefrontal Cortex,BZ5,SpaGCN,0.3584435632449763,0.4254303384577745,0.4275258169527555,0.5424213536701621,0.4107448217718712,0.4412049061901371,0.4254303384577745,17.241943693161012,31.119742012023927,celltype
1596,STARmap,Mouse Medial Prefrontal Cortex,BZ5,SpaceFlow,0.1719366759355005,0.2871654988810198,0.2457632375085323,0.4162059103908483,0.2967605082870476,0.2781734633348021,0.2871654988810198,9.640506553649905,35.01690940856933,celltype
1597,STARmap,Mouse Medial Prefrontal Cortex,BZ5,SpatialMGCN,0.2708431286941143,0.4508273162626364,0.4325974379971334,0.4470924690181125,0.3694888579588665,0.5780858552406174,0.4508273162626364,16.11023006439209,32.038383102416994,celltype
1598,STARmap,Mouse Medial Prefrontal Cortex,BZ5,stLearn,0.3964413065229945,0.5104612414996096,0.4536742380362783,0.6091515729265968,0.5197711436678599,0.501564646152823,0.5104612414996095,1.4851367950439454,4.238329696655273,celltype
1599,STARmap,Mouse Medial Prefrontal Cortex,BZ5,BASS,0.8148335300256433,0.7896520499477252,0.8732842777560486,0.9294566253574832,0.8033711853439062,0.7763936094618652,0.7896520499477252,489.8775780200958,480.9,domain
1600,STARmap,Mouse Medial Prefrontal Cortex,BZ5,Banksy,0.5519105690731887,0.6159587305557434,0.6911719793361957,0.8020972354623451,0.6294017716139075,0.6030890316433895,0.6159587305557434,5.060063743591309,18.361580085754397,domain
1601,STARmap,Mouse Medial Prefrontal Cortex,BZ5,CCST,0.5046624611685678,0.5116432556208442,0.6880221084420868,0.7431839847473785,0.4659024419255771,0.5680458789727894,0.5116432556208442,83.72548699378967,76.61796741485595,domain
1602,STARmap,Mouse Medial Prefrontal Cortex,BZ5,CellCharter,0.5693675132323541,0.6111558686221386,0.6997936071235572,0.804003813155386,0.6362571213023015,0.5879824444372166,0.6111558686221386,102.04370584487914,17.801057815551758,domain
1603,STARmap,Mouse Medial Prefrontal Cortex,BZ5,DeepST,0.5387588912292461,0.5743929592476874,0.6817858851404113,0.7837940896091515,0.5948814613959348,0.5558721876730295,0.5743929592476874,68.2785177230835,40.93924198150635,domain
1604,STARmap,Mouse Medial Prefrontal Cortex,BZ5,GraphST,0.4922725664450266,0.5682344923298445,0.6770185520828857,0.7797902764537655,0.5458906513860354,0.5924855064935628,0.5682344923298444,10.925775814056395,37.30250816345215,domain
1605,STARmap,Mouse Medial Prefrontal Cortex,BZ5,PRECAST,0.1971111583192411,0.3077946163437284,0.4662997218834762,0.6434699714013346,0.3042834306098971,0.3113877805544139,0.3077946163437285,2.780794048309326,64.5,domain
1606,STARmap,Mouse Medial Prefrontal Cortex,BZ5,SEDR,0.7106051892239348,0.6760919124125471,0.8054867303256493,0.8831267874165872,0.672633143050191,0.6795928492093111,0.6760919124125472,10.642082500457764,28.15951805114746,domain
1607,STARmap,Mouse Medial Prefrontal Cortex,BZ5,STAGATE,0.7416658103085572,0.6864334439806632,0.826862616187489,0.892469018112488,0.6822015443095694,0.6908795395244399,0.6864334439806632,13.42097535133362,26.85714855194092,domain
1608,STARmap,Mouse Medial Prefrontal Cortex,BZ5,SpaGCN,0.2797616875544551,0.3143778028280917,0.4888714360991934,0.6387035271687321,0.3333125514592975,0.2974786962338006,0.3143778028280918,9.883388662338255,32.73923168182373,domain
1609,STARmap,Mouse Medial Prefrontal Cortex,BZ5,SpaceFlow,0.7740082163529396,0.7567694353943444,0.8455545729545862,0.9061963775023832,0.7675975986479112,0.746403665450136,0.7567694353943444,11.64218726158142,38.8282335281372,domain
1610,STARmap,Mouse Medial Prefrontal Cortex,BZ5,SpatialMGCN,0.3394894270976353,0.3543697676775312,0.5591226474410432,0.6444232602478551,0.3426857983198267,0.3668785973713844,0.3543697676775312,15.866030359268189,32.171310615539554,domain
1611,STARmap,Mouse Medial Prefrontal Cortex,BZ5,stLearn,0.2563167519884938,0.2811607169128641,0.4827602770708325,0.6074356530028598,0.2901609438394282,0.2727036766555483,0.2811607169128641,1.4163002967834473,4.299184226989746,domain
1612,STARmap,Mouse Medial Prefrontal Cortex,BZ9,BASS,0.4515614110904475,0.5558322922713483,0.5100276117606087,0.6125356125356125,0.5446597715072331,0.5674727725604597,0.5558322922713483,505.1758580684662,480.62,celltype
1613,STARmap,Mouse Medial Prefrontal Cortex,BZ9,Banksy,0.3850645061384844,0.4937545783533891,0.4570299701359706,0.5565052231718899,0.4810891871600762,0.5071048712765494,0.4937545783533891,5.359630584716797,17.132903861999512,celltype
1614,STARmap,Mouse Medial Prefrontal Cortex,BZ9,CCST,0.1642517459236603,0.2820801794890182,0.267718893037062,0.4039886039886039,0.2613245057572558,0.3065383999725496,0.2820801794890182,87.84374799728394,84.09471321105957,celltype
1615,STARmap,Mouse Medial Prefrontal Cortex,BZ9,CellCharter,0.2680598553792546,0.4032672428882226,0.3342230689822835,0.5023741690408358,0.4162167201032932,0.3911237928593198,0.4032672428882224,102.99480996131896,11.869361686706544,celltype
1616,STARmap,Mouse Medial Prefrontal Cortex,BZ9,DeepST,0.2668885178720346,0.3949979204574348,0.334993473818805,0.5128205128205128,0.4031178618074891,0.3872333986113735,0.3949979204574348,39.06732902526856,35.68797206878662,celltype
1617,STARmap,Mouse Medial Prefrontal Cortex,BZ9,GraphST,0.2665647417211806,0.3591727633877869,0.3388961629046216,0.48338081671415,0.3590956267192438,0.3592499332026208,0.3591727633877868,9.02379469871521,37.483285140991214,celltype
1618,STARmap,Mouse Medial Prefrontal Cortex,BZ9,PRECAST,0.3446111300595723,0.4743214532798397,0.4060779087364231,0.5565052231718899,0.4852737771891545,0.4638525920450962,0.4743214532798397,6.95828800201416,68.44,celltype
1619,STARmap,Mouse Medial Prefrontal Cortex,BZ9,SEDR,0.2429111865414134,0.3669578008642941,0.3188393116705045,0.4943969610636277,0.3674442683210235,0.3665449262031224,0.3669578008642941,11.360116910934448,28.31747455596924,celltype
1620,STARmap,Mouse Medial Prefrontal Cortex,BZ9,STAGATE,0.2706649558227758,0.3619149286185393,0.3444840806221601,0.4976258309591642,0.3575058929510172,0.3664391643663515,0.3619149286185393,11.111238384246828,20.14743251800537,celltype
1621,STARmap,Mouse Medial Prefrontal Cortex,BZ9,SpaGCN,0.3542574132353651,0.472941862769654,0.4182227448683696,0.5574548907882241,0.4654272268715601,0.4807031385452879,0.4729418627696539,19.104896593093876,31.70368137359619,celltype
1622,STARmap,Mouse Medial Prefrontal Cortex,BZ9,SpaceFlow,0.1712720949677546,0.2906398388118903,0.2448238506266308,0.417094017094017,0.2997691631797864,0.2820515382294323,0.2906398388118903,11.3646559715271,34.89273662567139,celltype
1623,STARmap,Mouse Medial Prefrontal Cortex,BZ9,SpatialMGCN,0.3042505080533405,0.451110066365716,0.4457044147134138,0.5213675213675214,0.3804026600941937,0.5541042916306532,0.451110066365716,16.604254007339478,31.744760513305664,celltype
1624,STARmap,Mouse Medial Prefrontal Cortex,BZ9,stLearn,0.4066117930204475,0.5257187445414979,0.4630795777158175,0.6005698005698006,0.5328523417869441,0.5187961843893836,0.5257187445414978,1.445399236679077,4.2536266326904295,celltype
1625,STARmap,Mouse Medial Prefrontal Cortex,BZ9,BASS,0.5640450207959214,0.5444264908270711,0.707378242494121,0.7958214624881291,0.5802983779264493,0.5127313462844489,0.5444264908270711,505.1758580684662,480.62,domain
1626,STARmap,Mouse Medial Prefrontal Cortex,BZ9,Banksy,0.4561103679232557,0.5388895972737744,0.6326371506739972,0.811965811965812,0.5720865493083137,0.5093340384770768,0.5388895972737744,5.213532590866089,17.151200675964354,domain
1627,STARmap,Mouse Medial Prefrontal Cortex,BZ9,CCST,0.5486778954757432,0.5672146545638254,0.7045646467146254,0.8110161443494777,0.5774776483577214,0.5624293010185196,0.5672146545638254,84.05660138130187,77.12839336395264,domain
1628,STARmap,Mouse Medial Prefrontal Cortex,BZ9,CellCharter,0.4870538254383925,0.5366699371153609,0.6524007681753773,0.7735992402659069,0.576944812999084,0.501658297987974,0.5366699371153609,101.72521061897278,11.867898941040036,domain
1629,STARmap,Mouse Medial Prefrontal Cortex,BZ9,DeepST,0.4563110360783388,0.4661375665686854,0.6500792049332139,0.7585944919278252,0.4775839709512404,0.4571568430648446,0.4661375665686854,64.20017795562744,35.704330635070804,domain
1630,STARmap,Mouse Medial Prefrontal Cortex,BZ9,GraphST,0.6217416863721237,0.5741342170308316,0.7538289848156369,0.8271604938271604,0.5869542514464028,0.5618622330612053,0.5741342170308317,9.816186237335206,37.49564056396484,domain
1631,STARmap,Mouse Medial Prefrontal Cortex,BZ9,PRECAST,0.2708010204992268,0.264679467763244,0.5345754895666159,0.6771130104463438,0.2662358240241304,0.2631412019843742,0.264679467763244,2.822665977478027,64.42,domain
1632,STARmap,Mouse Medial Prefrontal Cortex,BZ9,SEDR,0.4835683277529556,0.4874350774394278,0.6733876453734519,0.7699905033238366,0.4830400501738461,0.4940684033597882,0.4874350774394278,10.79384708404541,28.3271900177002,domain
1633,STARmap,Mouse Medial Prefrontal Cortex,BZ9,STAGATE,0.525956144315064,0.4975476059982376,0.705468826811468,0.7654320987654321,0.4879955489849937,0.5074810739605916,0.4975476059982376,10.286973905563354,20.15652389526367,domain
1634,STARmap,Mouse Medial Prefrontal Cortex,BZ9,SpaGCN,0.2719813836525963,0.327764079840645,0.5029078026719157,0.6752136752136753,0.3518039040465529,0.3067995398787395,0.327764079840645,10.546157550811769,30.39333610534668,domain
1635,STARmap,Mouse Medial Prefrontal Cortex,BZ9,SpaceFlow,0.4184110392428696,0.5232026824749951,0.6004312808532408,0.7654320987654322,0.5709684506986841,0.4828119058128902,0.523202682474995,11.376745319366456,26.836414527893066,domain
1636,STARmap,Mouse Medial Prefrontal Cortex,BZ9,SpatialMGCN,0.3832396762792958,0.3752186358488743,0.6172928949252804,0.7132003798670465,0.3623952791118559,0.3889827917032114,0.3752186358488743,14.372800827026367,32.036145973205564,domain
1637,STARmap,Mouse Medial Prefrontal Cortex,BZ9,stLearn,0.2831963301049304,0.3084708691095797,0.5219963612530123,0.6632478632478632,0.3217792089776097,0.2962200699692093,0.3084708691095797,1.334255313873291,4.253164291381836,domain
1638,STARmap,Mouse Visual Cortex,20180410_BY3_1kgenes,BASS,0.5642579506029869,0.6711321935194162,0.6074599035688207,0.7537634408602151,0.6828315650913978,0.6598269737064244,0.6711321935194163,261.752919960022,505.3,celltype
1639,STARmap,Mouse Visual Cortex,20180410_BY3_1kgenes,Banksy,0.3482456484925174,0.532962371615768,0.4114861189065134,0.6440860215053763,0.5452444152152597,0.5212214632129823,0.5329623716157679,4.422676229476929,88.08772869110108,celltype
1640,STARmap,Mouse Visual Cortex,20180410_BY3_1kgenes,CCST,0.3212485554609686,0.430433141203251,0.3981918279903388,0.5767741935483871,0.4170133743226169,0.4448542417954053,0.430433141203251,79.91151418685914,76.39960289001465,celltype
1641,STARmap,Mouse Visual Cortex,20180410_BY3_1kgenes,CellCharter,0.3634891221235803,0.4992164310259561,0.4242788947033057,0.6219354838709676,0.5168420463775346,0.4828287694405754,0.4992164310259562,84.46844825744628,44.00461406707764,celltype
1642,STARmap,Mouse Visual Cortex,20180410_BY3_1kgenes,DeepST,0.4007626381838779,0.4785406287750171,0.4604201085822968,0.6161290322580645,0.4824200523222471,0.4747501519474618,0.4785406287750171,41.18315987586975,62.08143310546875,celltype
1643,STARmap,Mouse Visual Cortex,20180410_BY3_1kgenes,GraphST,0.3437565843446863,0.4427636789720569,0.4095057158748764,0.5913978494623656,0.4450632571573229,0.4404877418200301,0.4427636789720569,10.200929307937622,44.88701267242432,celltype
1644,STARmap,Mouse Visual Cortex,20180410_BY3_1kgenes,PRECAST,0.5374149986930022,0.6406451006785622,0.5829428566439591,0.7430107526881721,0.6587222222076186,0.6235336488884039,0.6406451006785622,16.96360402107239,96.44,celltype
1645,STARmap,Mouse Visual Cortex,20180410_BY3_1kgenes,SEDR,0.2688016911446519,0.4250098233994415,0.3377879483286077,0.5825806451612904,0.4395814860641748,0.4114755150706753,0.4250098233994415,10.42291588783264,31.717580032348632,celltype
1646,STARmap,Mouse Visual Cortex,20180410_BY3_1kgenes,STAGATE,0.2978560836644329,0.4256079152899031,0.3704346562729848,0.5774193548387097,0.4246598671574325,0.4266598387391491,0.4256079152899032,10.931087732315063,30.126595497131348,celltype
1647,STARmap,Mouse Visual Cortex,20180410_BY3_1kgenes,SpaGCN,0.3758849515320789,0.507801518038858,0.4363655223097657,0.6172043010752688,0.5161164051753169,0.4997502968929895,0.5078015180388578,20.13277792930603,38.6321496963501,celltype
1648,STARmap,Mouse Visual Cortex,20180410_BY3_1kgenes,SpaceFlow,0.2618816922541156,0.413512178983331,0.3293271937532152,0.5733333333333334,0.4336487069258027,0.3951921609457117,0.413512178983331,19.15615086555481,61.08483486175537,celltype
1649,STARmap,Mouse Visual Cortex,20180410_BY3_1kgenes,SpatialMGCN,0.3353908216714135,0.4848206198008702,0.4006418366194513,0.6258064516129033,0.4924112781433715,0.4774604329420497,0.4848206198008702,13.387182760238648,34.53371810913086,celltype
1650,STARmap,Mouse Visual Cortex,20180410_BY3_1kgenes,stLearn,0.4711801246172611,0.6319421052824568,0.5229128703348309,0.7223655913978495,0.6513326342004235,0.6137591558756552,0.6319421052824568,1.2558690547943114,21.98941326141357,celltype
1651,STARmap,Mouse Visual Cortex,20180505_BY3_1kgenes,BASS,0.505997270169881,0.6384462132799559,0.558707909779435,0.7067108533554267,0.638785253050867,0.6381075332136203,0.6384462132799558,465.420790052414,454.36,celltype
1652,STARmap,Mouse Visual Cortex,20180505_BY3_1kgenes,Banksy,0.3064844224772398,0.4464702900888977,0.3752936372464631,0.6115990057995029,0.4587054418417793,0.4349185239978279,0.4464702900888977,6.323499155044556,104.83656578063965,celltype
1653,STARmap,Mouse Visual Cortex,20180505_BY3_1kgenes,CCST,0.2569017057613979,0.3360043782278782,0.3360734094156662,0.5206296603148302,0.3365834789925869,0.3354717882160061,0.3360043782278782,96.43114261627196,114.47629947662354,celltype
1654,STARmap,Mouse Visual Cortex,20180505_BY3_1kgenes,CellCharter,0.3530217354484691,0.4579508443189206,0.4160860338111717,0.5865782932891467,0.4805202878096633,0.4374115596458483,0.4579508443189206,94.23125195503236,38.27007617950439,celltype
1655,STARmap,Mouse Visual Cortex,20180505_BY3_1kgenes,DeepST,0.3275669483891756,0.4046304454262222,0.3971614841992156,0.5786246893123447,0.4099628709536506,0.3994398958988175,0.4046304454262222,49.1640064239502,75.8504186630249,celltype
1656,STARmap,Mouse Visual Cortex,20180505_BY3_1kgenes,GraphST,0.2360539948008098,0.3629951353989463,0.3089391251062473,0.5376967688483845,0.3783677723463385,0.3488228729172596,0.3629951353989463,11.357561206817628,63.756170463562015,celltype
1657,STARmap,Mouse Visual Cortex,20180505_BY3_1kgenes,PRECAST,0.5629663303158431,0.6315980379525309,0.6080295886235486,0.7373653686826843,0.6566200780002707,0.6084130395768744,0.6315980379525308,18.404572057724,111.96,celltype
1658,STARmap,Mouse Visual Cortex,20180505_BY3_1kgenes,SEDR,0.2519488857974727,0.3541533270661232,0.3280821110446055,0.5371996685998343,0.3608336188998632,0.3478260163797726,0.3541533270661232,13.77469277381897,39.3979606628418,celltype
1659,STARmap,Mouse Visual Cortex,20180505_BY3_1kgenes,STAGATE,0.286031245497152,0.3580013994024781,0.3621415417578253,0.543993371996686,0.3580045225171235,0.3580085689866755,0.3580013994024781,14.908961057662964,29.686976051330568,celltype
1660,STARmap,Mouse Visual Cortex,20180505_BY3_1kgenes,SpaGCN,0.503409118834485,0.5374053258254912,0.5552472403949401,0.6628003314001657,0.5396584622645902,0.535170925371469,0.5374053258254912,23.028075075149538,41.67616863250733,celltype
1661,STARmap,Mouse Visual Cortex,20180505_BY3_1kgenes,SpaceFlow,0.173008589832705,0.3050146152600724,0.2482261009987025,0.492294946147473,0.3229777340303695,0.2889465236962468,0.3050146152600724,18.15492424964905,46.453969192504886,celltype
1662,STARmap,Mouse Visual Cortex,20180505_BY3_1kgenes,SpatialMGCN,0.2461299354059135,0.3742137884372868,0.3345563900473818,0.5451532725766363,0.3682086735588494,0.3804180256260329,0.3742137884372868,27.718380784988405,44.87451095581055,celltype
1663,STARmap,Mouse Visual Cortex,20180505_BY3_1kgenes,stLearn,0.523389897467719,0.6351496917628869,0.5719470560258142,0.728417564208782,0.6565192114580352,0.6151464971240591,0.6351496917628869,1.4116141319274902,14.454579544067382,celltype
1664,STARmap,Mouse Visual Cortex,20180505_BY3_1kgenes,BASS,0.6196337333563375,0.6837330845702966,0.6904746025287606,0.7738193869096934,0.6506380949778968,0.7203752867429011,0.6837330845702967,465.420790052414,454.36,domain
1665,STARmap,Mouse Visual Cortex,20180505_BY3_1kgenes,Banksy,0.5594557490977953,0.6756728577441597,0.644494583413854,0.7524440762220381,0.6488174909586364,0.7058038014757553,0.6756728577441597,5.805286550521851,104.83623924255372,domain
1666,STARmap,Mouse Visual Cortex,20180505_BY3_1kgenes,CCST,0.5592820347480353,0.6319861127733883,0.6385283519925343,0.7287489643744822,0.6105691572504991,0.6550193849179632,0.6319861127733883,96.4811198234558,114.45553283691406,domain
1667,STARmap,Mouse Visual Cortex,20180505_BY3_1kgenes,CellCharter,0.4477457287366866,0.5454591043889307,0.5402588755898801,0.6341342170671085,0.5442708724206244,0.5468806857988262,0.5454591043889307,93.37485637664795,38.24836006164551,domain
1668,STARmap,Mouse Visual Cortex,20180505_BY3_1kgenes,DeepST,0.5254472369201357,0.6017370142472312,0.6043021873292611,0.715990057995029,0.5957783776858416,0.6081872897005043,0.6017370142472312,66.9092679977417,75.81004524230957,domain
1669,STARmap,Mouse Visual Cortex,20180505_BY3_1kgenes,GraphST,0.4655293036656696,0.5656623201159278,0.5493095113176386,0.7058823529411765,0.5722381927483017,0.5592358636897713,0.5656623201159279,11.520322942733763,63.756747817993165,domain
1670,STARmap,Mouse Visual Cortex,20180505_BY3_1kgenes,PRECAST,0.3120218510008103,0.3162315288393447,0.4223998666053908,0.5476387738193869,0.3176269214008088,0.3148483430754327,0.3162315288393447,9.99833607673645,112.76,domain
1671,STARmap,Mouse Visual Cortex,20180505_BY3_1kgenes,SEDR,0.548381859804944,0.6453564237374192,0.6237650134597035,0.7466445733222866,0.6368362061715406,0.6542371661140035,0.6453564237374191,13.354732990264893,39.39878807067871,domain
1672,STARmap,Mouse Visual Cortex,20180505_BY3_1kgenes,STAGATE,0.5582348260585135,0.6271795441992405,0.6308202299019781,0.7497928748964374,0.6236796031441838,0.6307768412617709,0.6271795441992406,13.414196014404297,29.68638172149658,domain
1673,STARmap,Mouse Visual Cortex,20180505_BY3_1kgenes,SpaGCN,0.2649099292567288,0.318847600598633,0.3805446671011949,0.5410107705053853,0.3221133453638344,0.3156474106843425,0.3188476005986331,5.500001573562622,37.74518146514893,domain
1674,STARmap,Mouse Visual Cortex,20180505_BY3_1kgenes,SpaceFlow,0.537638719014668,0.634986794148554,0.6123443077120786,0.740182270091135,0.6351864827580483,0.6348244496072776,0.634986794148554,17.5535071849823,32.083326148986814,domain
1675,STARmap,Mouse Visual Cortex,20180505_BY3_1kgenes,SpatialMGCN,0.3150194002651516,0.4435934049388671,0.4335257797220048,0.5617232808616405,0.4365828513557087,0.4508327808264302,0.4435934049388671,20.747096681594847,44.88004283905029,domain
1676,STARmap,Mouse Visual Cortex,20180505_BY3_1kgenes,stLearn,0.2066554549405458,0.2450404923035962,0.3337456239565428,0.4518641259320629,0.2461116932029884,0.2439786805775325,0.2450404923035963,1.884621810913086,14.455866241455078,domain
1677,MERFISH,Hypothalamus,Animal1_Bregma-0.04,BASS,0.4663823217896782,0.6846014322303334,0.5855962110208988,0.7771501457725948,0.7138853739347151,0.6576253071262864,0.6846014322303333,882.9818720340729,1572.6,celltype
1678,MERFISH,Hypothalamus,Animal1_Bregma-0.04,Banksy,0.3455738340670464,0.5727336796235429,0.5198148398716693,0.7224854227405247,0.5674640157515387,0.5781346199549812,0.572733679623543,12.282991027832033,89.51513080596924,celltype
1679,MERFISH,Hypothalamus,Animal1_Bregma-0.04,CCST,0.089227111161725,0.1541618518277709,0.2704684099655133,0.4870991253644314,0.1658540617625891,0.144014746416599,0.1541618518277709,493.6061764717102,1992.3092361450197,celltype
1680,MERFISH,Hypothalamus,Animal1_Bregma-0.04,CellCharter,0.3293023646050151,0.4770969622285324,0.474563750576089,0.6890306122448979,0.5052003994055159,0.4523245418425586,0.4770969622285324,8.24090609550476,89.48564872741699,celltype
1681,MERFISH,Hypothalamus,Animal1_Bregma-0.04,DeepST,0.291504906262119,0.4120834599049879,0.5781703730993032,0.6314139941690962,0.3325042320430578,0.5417690175062861,0.412083459904988,258.6484882354736,759.4829181671142,celltype
1682,MERFISH,Hypothalamus,Animal1_Bregma-0.04,GraphST,0.0731636526733014,0.1777512810352532,0.2713168044410596,0.5100218658892128,0.186466472530916,0.1698143856278513,0.1777512810352532,18.378074645996094,946.5168865203856,celltype
1683,MERFISH,Hypothalamus,Animal1_Bregma-0.04,PRECAST,0.4234592286675688,0.6297853847851448,0.5464282917181104,0.8627915451895044,0.7000794645254937,0.5723195172369773,0.6297853847851448,31.08577404022217,139.06,celltype
1684,MERFISH,Hypothalamus,Animal1_Bregma-0.04,SEDR,0.3220508657916642,0.5284763083496891,0.4689529394815311,0.7289358600583091,0.5589067200340196,0.5016806777417395,0.5284763083496891,23.643690299987792,709.0424680709839,celltype
1685,MERFISH,Hypothalamus,Animal1_Bregma-0.04,STAGATE,0.081311806318757,0.1683639480644306,0.2699833478252914,0.5018586005830903,0.1779562076283949,0.1597885489897423,0.1683639480644306,40.70990171432495,354.81249980926515,celltype
1686,MERFISH,Hypothalamus,Animal1_Bregma-0.04,SpaGCN,0.3058469449442532,0.4981520619089503,0.4499777428085713,0.7206632653061225,0.5307623428550774,0.4693170102816003,0.4981520619089503,20.429155683517457,590.9129371643066,celltype
1687,MERFISH,Hypothalamus,Animal1_Bregma-0.04,SpaceFlow,0.06646747584698,0.1334071461728102,0.2378457450557541,0.4864431486880466,0.1474578688947815,0.121802032100067,0.1334071461728102,54.01373205184937,388.592604637146,celltype
1688,MERFISH,Hypothalamus,Animal1_Bregma-0.04,SpatialMGCN,0.6174207019207332,0.6936395460271116,0.7042051604457148,0.8582361516034986,0.7332745286283203,0.6580695459962406,0.6936395460271116,39.71798596382141,475.5649127960205,celltype
1689,MERFISH,Hypothalamus,Animal1_Bregma-0.04,stLearn,0.4426074952206237,0.656259766222828,0.561680376898163,0.8162900874635568,0.7096843991935311,0.6104725827934364,0.656259766222828,1.6104389667510983,24.37520084381104,celltype
1690,MERFISH,Hypothalamus,Animal1_Bregma-0.04,BASS,0.4834538075830269,0.5624543940721682,0.5780889603440962,0.7403425655976676,0.5583163440771597,0.5666542417158543,0.5624543940721684,981.9589499950408,1615.2,domain
1691,MERFISH,Hypothalamus,Animal1_Bregma-0.04,Banksy,0.2633323262532013,0.4788870167299187,0.4229367298851353,0.5924927113702624,0.4545991559999788,0.5067361954407491,0.4788870167299187,12.716409635543824,89.57823371887207,domain
1692,MERFISH,Hypothalamus,Animal1_Bregma-0.04,CCST,0.1950775803032449,0.3497105424585127,0.3430425614824891,0.4833454810495626,0.341211724509353,0.3587874644915169,0.3497105424585127,490.94590935707095,1999.3030033111568,domain
1693,MERFISH,Hypothalamus,Animal1_Bregma-0.04,CellCharter,0.1078419647313709,0.2080076763701489,0.277282478337093,0.3946793002915451,0.2031137028026648,0.2135538851535075,0.2080076763701489,9.431062507629395,89.55716972351074,domain
1694,MERFISH,Hypothalamus,Animal1_Bregma-0.04,DeepST,0.1117330643535826,0.2780448222150541,0.4091900888196215,0.4009839650145772,0.2140154716767093,0.3967699757040155,0.2780448222150541,278.9804950714112,703.307219696045,domain
1695,MERFISH,Hypothalamus,Animal1_Bregma-0.04,GraphST,0.3594385477308015,0.4598209661461945,0.4728513925410945,0.6434037900874635,0.4608216606142593,0.4588246083647684,0.4598209661461944,16.96950945854187,946.5822275161744,domain
1696,MERFISH,Hypothalamus,Animal1_Bregma-0.04,PRECAST,0.1337850780614917,0.2192384149473648,0.2850456151807644,0.4442419825072886,0.2203563382417284,0.2181317774112957,0.2192384149473646,28.0717679977417,111.92,domain
1697,MERFISH,Hypothalamus,Animal1_Bregma-0.04,SEDR,0.1716281413136203,0.2922754030872063,0.3177172005450404,0.4919825072886297,0.2931094482165026,0.2917583101289713,0.2922754030872063,25.347416925430306,703.4614526748658,domain
1698,MERFISH,Hypothalamus,Animal1_Bregma-0.04,STAGATE,0.3242195210628927,0.4728939638397295,0.4548587476677339,0.6258381924198251,0.4590773843256134,0.487958208660891,0.4728939638397293,44.65962471961975,355.15294857025145,domain
1699,MERFISH,Hypothalamus,Animal1_Bregma-0.04,SpaGCN,0.1049179593169984,0.1935106630624573,0.2585098876629875,0.4165451895043731,0.1947597094702282,0.1922775355040437,0.1935106630624573,46.81073832511902,596.7375154495239,domain
1700,MERFISH,Hypothalamus,Animal1_Bregma-0.04,SpaceFlow,0.4590919837202729,0.58784184214012,0.551411639289605,0.7229956268221575,0.5911286119500334,0.5845924010544026,0.58784184214012,61.33050675392151,391.4589893341064,domain
1701,MERFISH,Hypothalamus,Animal1_Bregma-0.04,SpatialMGCN,0.0716301115666081,0.1743912700273312,0.2952191771163004,0.3460276967930029,0.1595760141702435,0.1922390024846886,0.1743912700273312,53.57902979850769,475.5191915512085,domain
1702,MERFISH,Hypothalamus,Animal1_Bregma-0.04,stLearn,0.1143683581930699,0.1990307808977601,0.2675087025638459,0.4119169096209912,0.2006899478259193,0.197421811669344,0.1990307808977601,1.556671714782715,24.44513702392578,domain
1703,MERFISH,Hypothalamus,Animal1_Bregma-0.09,BASS,0.3630584269151481,0.6325424532726919,0.5089806380513391,0.8108691740147561,0.6952567380118162,0.5802060890405163,0.6325424532726919,888.2979719161988,1562.12,celltype
1704,MERFISH,Hypothalamus,Animal1_Bregma-0.09,Banksy,0.3208572236372231,0.5849379941013994,0.5128321243179353,0.7354687781176894,0.5843351256754272,0.5855421077912216,0.5849379941013995,14.80779514312744,90.63806457519532,celltype
1705,MERFISH,Hypothalamus,Animal1_Bregma-0.09,CCST,0.0978142772253763,0.1738274201728301,0.2885165256637701,0.5250674824545618,0.19015537980656,0.1600946009582185,0.1738274201728301,504.71572761535646,2036.0597608566284,celltype
1706,MERFISH,Hypothalamus,Animal1_Bregma-0.09,CellCharter,0.3051540113712855,0.4998001792737288,0.4593317949461344,0.755803491092316,0.5588961273520926,0.4522907495691285,0.4998001792737288,9.999185943603516,90.59265422821044,celltype
1707,MERFISH,Hypothalamus,Animal1_Bregma-0.09,DeepST,0.2407623881475153,0.3944691845972912,0.4740375874854833,0.6644232499550117,0.3732956761531829,0.4198220518072518,0.3944691845972912,262.9172471046448,720.8849725723267,celltype
1708,MERFISH,Hypothalamus,Animal1_Bregma-0.09,GraphST,0.1005035936217401,0.183555016498407,0.2891139587973026,0.5492172035270829,0.2015561906128801,0.1685056201109254,0.183555016498407,16.627899265289308,970.0878145217896,celltype
1709,MERFISH,Hypothalamus,Animal1_Bregma-0.09,PRECAST,0.412384683862026,0.61886723310479,0.5492986193287466,0.8691740147561633,0.6964113377414403,0.5568617185074414,0.61886723310479,30.58869800567627,138.8,celltype
1710,MERFISH,Hypothalamus,Animal1_Bregma-0.09,SEDR,0.2197783822999906,0.396996914938826,0.3930114937175504,0.6369623897786576,0.4347777243188155,0.3653193657378601,0.396996914938826,24.84148907661438,721.0386018753052,celltype
1711,MERFISH,Hypothalamus,Animal1_Bregma-0.09,STAGATE,0.0828361546195218,0.1608872458991862,0.2816083337058001,0.5279827244916322,0.174693490329098,0.149139825387249,0.1608872458991863,43.525829029083255,363.8622226715088,celltype
1712,MERFISH,Hypothalamus,Animal1_Bregma-0.09,SpaGCN,0.2859280462173005,0.4629830517494974,0.4501766199571032,0.7070361705956452,0.4896047439127642,0.4391071100713196,0.4629830517494975,20.44874062538147,602.4363319396973,celltype
1713,MERFISH,Hypothalamus,Animal1_Bregma-0.09,SpaceFlow,0.0893233878066129,0.1520594749657222,0.271105439893348,0.5208205866474718,0.1713553036969325,0.1366802730113547,0.1520594749657222,53.87064442634583,400.2984170913696,celltype
1714,MERFISH,Hypothalamus,Animal1_Bregma-0.09,SpatialMGCN,0.3672113634913994,0.6059441296534088,0.5121973987759578,0.8243656649271189,0.6663806524678246,0.5555584790916446,0.6059441296534089,46.39550790786743,487.3651573181152,celltype
1715,MERFISH,Hypothalamus,Animal1_Bregma-0.09,stLearn,0.4093582599101474,0.64482125179672,0.5465493360945202,0.8576210185351808,0.7212090281912746,0.5830851136676227,0.64482125179672,1.5760298252105711,24.670879936218263,celltype
1716,MERFISH,Hypothalamus,Animal1_Bregma-0.09,BASS,0.5710135803987267,0.6368130054094484,0.6432647384479764,0.7675004498830305,0.6539525164873063,0.6205489713985848,0.6368130054094484,970.221399974823,1678.5400000000002,domain
1717,MERFISH,Hypothalamus,Animal1_Bregma-0.09,Banksy,0.3067983266814482,0.4976883868010149,0.4491183467529168,0.6109411552996221,0.48269360165483,0.5136446607243523,0.497688386801015,11.149425506591797,90.65256042480468,domain
1718,MERFISH,Hypothalamus,Animal1_Bregma-0.09,CCST,0.329075342976917,0.4416523220820655,0.4429744911849528,0.5934497030771999,0.448421551588842,0.4352058957071957,0.4416523220820654,499.0746915817261,2043.0719583511352,domain
1719,MERFISH,Hypothalamus,Animal1_Bregma-0.09,CellCharter,0.1754420261081872,0.282770611187009,0.3161463530818381,0.479467338491992,0.287506839922709,0.278240839591495,0.282770611187009,9.753859424591065,90.6030487060547,domain
1720,MERFISH,Hypothalamus,Animal1_Bregma-0.09,DeepST,0.1699676204628558,0.329981925257958,0.4447599274795035,0.4348029512326795,0.2639218612167525,0.4529870982855883,0.329981925257958,276.0112530708313,720.91044921875,domain
1721,MERFISH,Hypothalamus,Animal1_Bregma-0.09,GraphST,0.3988532591356613,0.5022125061997044,0.5012733073813836,0.6557495051286666,0.5081742866928558,0.4963889880418256,0.5022125061997044,15.375572872161865,970.1271240234375,domain
1722,MERFISH,Hypothalamus,Animal1_Bregma-0.09,PRECAST,0.1774460511476589,0.2463514114506492,0.3248643713204645,0.4543818607162137,0.2462736449951171,0.2464292270347178,0.2463514114506492,28.265700006484984,129.07999999999998,domain
1723,MERFISH,Hypothalamus,Animal1_Bregma-0.09,SEDR,0.2648306312255906,0.3831472113301692,0.4149836385861091,0.5407953931977686,0.3710466660827902,0.3965250392885989,0.3831472113301692,24.23760118484497,721.0614349365235,domain
1724,MERFISH,Hypothalamus,Animal1_Bregma-0.09,STAGATE,0.4193931741868201,0.5148035286616472,0.53221974245255,0.6603563073600863,0.4994992422336367,0.5312115014613552,0.5148035286616472,43.72980170249939,363.8839723587036,domain
1725,MERFISH,Hypothalamus,Animal1_Bregma-0.09,SpaGCN,0.2028165227217455,0.3008532839426853,0.3454315541879889,0.5049487133345331,0.2986864497570983,0.303051786659737,0.3008532839426853,38.82943711280823,609.2886592864991,domain
1726,MERFISH,Hypothalamus,Animal1_Bregma-0.09,SpaceFlow,0.5390106910608079,0.6271039408646166,0.6175649721848957,0.7620658628756523,0.6363108066354726,0.6184388751496319,0.6271039408646166,60.76667666435242,404.9799062728882,domain
1727,MERFISH,Hypothalamus,Animal1_Bregma-0.09,SpatialMGCN,0.2067353462902596,0.2786408041471433,0.3592265065928494,0.4865934856937196,0.2725692907476187,0.2849889673208418,0.2786408041471433,52.988502168655394,487.21935710906985,domain
1728,MERFISH,Hypothalamus,Animal1_Bregma-0.09,stLearn,0.1876936953975643,0.2692754540583484,0.3267719133671469,0.4826345150260932,0.2731376313517925,0.2655569037311545,0.2692754540583484,1.4960139751434327,24.69301471710205,domain
1729,MERFISH,Hypothalamus,Animal1_Bregma-0.14,BASS,0.4308725094234636,0.6518827690679895,0.5673197530203954,0.8580830239622005,0.7224203612334213,0.5938945230240514,0.6518827690679895,917.8364759922028,1746.84,celltype
1730,MERFISH,Hypothalamus,Animal1_Bregma-0.14,Banksy,0.2957166606635286,0.5607634641644673,0.4850364293585357,0.7404657441781978,0.5787157496276301,0.5438914596427894,0.5607634641644672,12.90122299194336,96.63917808532716,celltype
1731,MERFISH,Hypothalamus,Animal1_Bregma-0.14,CCST,0.0828525478849696,0.169503702534868,0.2793324409420917,0.5423894701316233,0.1875552296822085,0.1546314265243799,0.169503702534868,566.4448423862457,2310.646358299256,celltype
1732,MERFISH,Hypothalamus,Animal1_Bregma-0.14,CellCharter,0.2949856417191524,0.4601037300564893,0.4565672403784136,0.7234897063786703,0.507078683490645,0.4212328884323022,0.4601037300564893,8.37035026550293,96.57931938171389,celltype
1733,MERFISH,Hypothalamus,Animal1_Bregma-0.14,DeepST,0.2446420849119277,0.3924471891712119,0.48920799388731,0.6712116098548768,0.3670685276519516,0.423412763138381,0.392447189171212,284.30423521995544,818.7911834716797,celltype
1734,MERFISH,Hypothalamus,Animal1_Bregma-0.14,GraphST,0.0468027114648044,0.1768266031080159,0.2643500529696451,0.5578805264934188,0.1942327227869686,0.1622835968230689,0.1768266031080159,17.08808183670044,1101.219734764099,celltype
1735,MERFISH,Hypothalamus,Animal1_Bregma-0.14,PRECAST,0.3971240389401588,0.6044934307713133,0.5392689847770797,0.8287208909888626,0.6719738683383514,0.5493291280022559,0.6044934307713135,32.631594038009645,137.62,celltype
1736,MERFISH,Hypothalamus,Animal1_Bregma-0.14,SEDR,0.2795323871621814,0.5098256456562661,0.4474997299953194,0.7369220384745191,0.5576048649887834,0.4697111018866028,0.5098256456562661,24.774490833282467,818.9510078430176,celltype
1737,MERFISH,Hypothalamus,Animal1_Bregma-0.14,STAGATE,0.1141681857789935,0.190714205169757,0.3026285702098251,0.5722240971987851,0.2127650441420326,0.1728058674800855,0.190714205169757,44.01782984733582,412.8495222091675,celltype
1738,MERFISH,Hypothalamus,Animal1_Bregma-0.14,SpaGCN,0.3280107805989783,0.4924269629578768,0.4805837090193125,0.7956463044211948,0.551210031977564,0.444973363723091,0.4924269629578768,10.361679792404177,685.2212863922119,celltype
1739,MERFISH,Hypothalamus,Animal1_Bregma-0.14,SpaceFlow,0.0764030212994104,0.1367711842339901,0.2603413757690275,0.531859601754978,0.1558111528620862,0.1219007432847183,0.1367711842339901,76.64413571357727,463.42978916168215,celltype
1740,MERFISH,Hypothalamus,Animal1_Bregma-0.14,SpatialMGCN,0.4070838658717289,0.6605470438480042,0.5518025076045753,0.8346270671616605,0.7137203424532601,0.6147473875138231,0.6605470438480043,52.10025458335876,552.9982675552368,celltype
1741,MERFISH,Hypothalamus,Animal1_Bregma-0.14,stLearn,0.4356357193902494,0.6475466948957136,0.5709623782809604,0.8666216672291597,0.7186439984597062,0.5893284457942536,0.6475466948957136,1.6341954231262208,26.288343048095705,celltype
1742,MERFISH,Hypothalamus,Animal1_Bregma-0.14,BASS,0.5903021454964401,0.6371534269992978,0.6645768975580453,0.78889638879514,0.6502479839107592,0.6245758501099378,0.6371534269992979,1013.1473540306092,1690.0400000000002,domain
1743,MERFISH,Hypothalamus,Animal1_Bregma-0.14,Banksy,0.2868339867225645,0.5079133862145668,0.4433338483466211,0.6424232197097536,0.4942823840450702,0.5223175234551405,0.5079133862145667,11.441374254226684,96.6481237411499,domain
1744,MERFISH,Hypothalamus,Animal1_Bregma-0.14,CCST,0.3077263847656938,0.4635269804681171,0.4261555513533464,0.6289233884576443,0.4812074049356241,0.4471274857706526,0.4635269804681171,555.5906924724579,2318.108562278748,domain
1745,MERFISH,Hypothalamus,Animal1_Bregma-0.14,CellCharter,0.2109883244643826,0.3203048062611832,0.3655491290336387,0.5296996287546405,0.3172406197570444,0.3234296610375649,0.3203048062611832,10.760610103607178,96.59005699157714,domain
1746,MERFISH,Hypothalamus,Animal1_Bregma-0.14,DeepST,0.2204705533898146,0.376670669394853,0.4660296393501569,0.5096523793452581,0.3173724679877797,0.4726909528901116,0.376670669394853,296.88360767364503,818.8003421783447,domain
1747,MERFISH,Hypothalamus,Animal1_Bregma-0.14,GraphST,0.4056796760802935,0.4953003382938333,0.5266925278881821,0.6727978400269997,0.4868413043810117,0.5040585273349094,0.4953003382938333,15.40107808113098,1101.2449377059936,domain
1748,MERFISH,Hypothalamus,Animal1_Bregma-0.14,PRECAST,0.1983129864381753,0.2730594616418222,0.3686890841232563,0.4971312858589266,0.2645263364641219,0.28216146304036,0.2730594616418223,29.99534206390381,127.92,domain
1749,MERFISH,Hypothalamus,Animal1_Bregma-0.14,SEDR,0.2271387469843571,0.3373767948003064,0.380272160687996,0.5362807964900439,0.3341682994344964,0.3407584341648734,0.3373767948003064,24.30241870880127,818.9606081008911,domain
1750,MERFISH,Hypothalamus,Animal1_Bregma-0.14,STAGATE,0.361236317387226,0.4923609024003649,0.4890823186089895,0.6221734728315896,0.4833743321448477,0.5017439080266605,0.4923609024003649,44.46594052314758,412.88069858551023,domain
1751,MERFISH,Hypothalamus,Animal1_Bregma-0.14,SpaGCN,0.1881214916145145,0.2657711685459315,0.333798962781388,0.4947688153898076,0.2705601885231409,0.261148734937116,0.2657711685459314,61.4142707824707,699.8333026885987,domain
1752,MERFISH,Hypothalamus,Animal1_Bregma-0.14,SpaceFlow,0.4621097843452499,0.5672107099902812,0.5570718434182738,0.6987512656091799,0.5831295662697838,0.5521637371792474,0.5672107099902812,68.0827051639557,448.5061925888061,domain
1753,MERFISH,Hypothalamus,Animal1_Bregma-0.14,SpatialMGCN,0.2048004531316646,0.2830905242963448,0.3721770251483154,0.4934188322645967,0.2755172239915503,0.2910919356530149,0.2830905242963448,59.505827569961546,552.8985441207885,domain
1754,MERFISH,Hypothalamus,Animal1_Bregma-0.14,stLearn,0.1962360143921565,0.267513516019223,0.3410938599891396,0.4861964225447181,0.2716876389193087,0.2634800296233412,0.2675135160192231,1.5515219211578368,26.30899257659912,domain
1755,MERFISH,Hypothalamus,Animal1_Bregma-0.19,BASS,0.4446515053748136,0.6663746710676044,0.5747702447163773,0.8800620368774773,0.7347934441315946,0.6096119171909864,0.6663746710676044,907.3506021022796,1712.48,celltype
1756,MERFISH,Hypothalamus,Animal1_Bregma-0.19,Banksy,0.3929058556554655,0.5925601681436999,0.5424787013803924,0.75357573668792,0.6253321100101852,0.5630521483595592,0.5925601681437,12.30469341278076,94.63707294464112,celltype
1757,MERFISH,Hypothalamus,Animal1_Bregma-0.19,CCST,0.0944705749774801,0.1788698712694506,0.2913425846622351,0.5485438566258832,0.1930278618785258,0.166666133065679,0.1788698712694506,542.7478426456452,2227.896389770508,celltype
1758,MERFISH,Hypothalamus,Animal1_Bregma-0.19,CellCharter,0.2190474748923403,0.4165986853857024,0.3957154794507366,0.6857832155781493,0.4525241573415618,0.3867397745454711,0.4165986853857024,7.111450052261352,94.58683414459227,celltype
1759,MERFISH,Hypothalamus,Animal1_Bregma-0.19,DeepST,0.3774057546888033,0.4465912245338422,0.6219343654943161,0.6978114768223332,0.3884773539172131,0.5340547350084865,0.4465912245338423,279.8520173549652,785.4630546569824,celltype
1760,MERFISH,Hypothalamus,Animal1_Bregma-0.19,GraphST,0.1015062031833568,0.1963950870641243,0.304273071908185,0.5555747027399621,0.2095107852519583,0.1848247714048776,0.1963950870641243,15.76809377670288,1056.5856378555295,celltype
1761,MERFISH,Hypothalamus,Animal1_Bregma-0.19,PRECAST,0.3672729476297848,0.6143690892518038,0.5118437538507513,0.795278304325349,0.6744444934024415,0.5641206596892894,0.614369089251804,32.51265001296997,138.0,celltype
1762,MERFISH,Hypothalamus,Animal1_Bregma-0.19,SEDR,0.2872396918354373,0.4753598305879817,0.4495503499998173,0.7257625366189902,0.516296920883607,0.440694951870478,0.4753598305879817,24.73072214126587,785.6205204010009,celltype
1763,MERFISH,Hypothalamus,Animal1_Bregma-0.19,STAGATE,0.0992013738205329,0.1955834166515918,0.2959907310985079,0.5581251077029122,0.2108441208753539,0.182390305473221,0.1955834166515918,43.35572628974914,396.09158382415774,celltype
1764,MERFISH,Hypothalamus,Animal1_Bregma-0.19,SpaGCN,0.3135418421502304,0.5087900117774254,0.4688736313295719,0.7504738928140617,0.5543275175575453,0.4701662761022419,0.5087900117774253,16.040260124206544,658.2285095214844,celltype
1765,MERFISH,Hypothalamus,Animal1_Bregma-0.19,SpaceFlow,0.0614795909775194,0.1343244548585433,0.2416965840227793,0.5099431328623126,0.1514050416416048,0.1207092815422471,0.1343244548585433,41.71008515357971,416.41781959533694,celltype
1766,MERFISH,Hypothalamus,Animal1_Bregma-0.19,SpatialMGCN,0.4580381135696913,0.6508083664205148,0.5861713378329495,0.8619679476133035,0.7040218726469896,0.6050738484291849,0.6508083664205148,46.885018825531006,530.5122169494629,celltype
1767,MERFISH,Hypothalamus,Animal1_Bregma-0.19,stLearn,0.4529116574658819,0.6575080050783371,0.5820733924193169,0.8806824056522489,0.728859738220697,0.5989448850936394,0.6575080050783371,1.499024486541748,25.755043983459476,celltype
1768,MERFISH,Hypothalamus,Animal1_Bregma-0.19,BASS,0.6199219634830195,0.7102494189381381,0.69406096104375,0.7453041530242978,0.6816547175482515,0.7413481993631698,0.7102494189381381,986.7832720279694,1650.58,domain
1769,MERFISH,Hypothalamus,Animal1_Bregma-0.19,Banksy,0.3866341028326424,0.5874679614437651,0.5200888595437101,0.6675857315181802,0.5555693698036784,0.6232526593592075,0.5874679614437651,12.05450372695923,94.64659595489502,domain
1770,MERFISH,Hypothalamus,Animal1_Bregma-0.19,CCST,0.3243194110754889,0.4416083768102232,0.4447759215427844,0.5690504911252801,0.4203922150934945,0.4654700443400631,0.4416083768102232,538.4956191062927,2234.3529193878176,domain
1771,MERFISH,Hypothalamus,Animal1_Bregma-0.19,CellCharter,0.1742463729825476,0.2879782319765835,0.3248895856778629,0.4163019128037222,0.2772823676921182,0.3002055696204026,0.2879782319765834,9.843776845932007,94.59845199584962,domain
1772,MERFISH,Hypothalamus,Animal1_Bregma-0.19,DeepST,0.1342094103495435,0.3081951744757529,0.4149333916731573,0.3793555057728761,0.2380553090081438,0.4401647165044166,0.3081951744757529,292.1686604499817,785.4713548660278,domain
1773,MERFISH,Hypothalamus,Animal1_Bregma-0.19,GraphST,0.4926613085434731,0.5763663430941143,0.5835105379015443,0.718766155436843,0.5619429457767884,0.5915496562564864,0.5763663430941143,15.0896719455719,1056.610354614258,domain
1774,MERFISH,Hypothalamus,Animal1_Bregma-0.19,PRECAST,0.2566287092092549,0.3181155067453793,0.3841671162129677,0.4976736170946062,0.3138916019486065,0.322454640685497,0.3181155067453792,30.51636395454407,128.3,domain
1775,MERFISH,Hypothalamus,Animal1_Bregma-0.19,SEDR,0.2717860360915273,0.3937095281990009,0.4141168270737269,0.5153541271755988,0.375194120809975,0.4142224687196921,0.3937095281990009,22.780887889862065,785.629789352417,domain
1776,MERFISH,Hypothalamus,Animal1_Bregma-0.19,STAGATE,0.4277763782414434,0.563234557230665,0.5357621490806581,0.6713768740306738,0.5438274605338985,0.5847050228206956,0.563234557230665,43.90159645080566,396.1358291625976,domain
1777,MERFISH,Hypothalamus,Animal1_Bregma-0.19,SpaGCN,0.2180783511943807,0.2776327997166847,0.3409978068750026,0.4771669825952093,0.2800795075600553,0.2752284693869353,0.2776327997166846,55.30466918945312,662.0949440002441,domain
1778,MERFISH,Hypothalamus,Animal1_Bregma-0.19,SpaceFlow,0.4474666863408842,0.5841393189708037,0.5368595711206553,0.6846458728244011,0.5779553164749026,0.5904779242841798,0.5841393189708037,52.53413286209106,426.1792289733887,domain
1779,MERFISH,Hypothalamus,Animal1_Bregma-0.19,SpatialMGCN,0.1873726343853068,0.2656146934726623,0.3322387306421751,0.4325348957435809,0.2568920595220238,0.2749504919407403,0.2656146934726624,60.49810166358948,530.537371635437,domain
1780,MERFISH,Hypothalamus,Animal1_Bregma-0.19,stLearn,0.1993689623567099,0.2666388173374875,0.3318596328072568,0.4458728244011717,0.2645544111705485,0.2687906077961065,0.2666388173374875,1.4335793495178222,25.7686487197876,domain
1781,MERFISH,Hypothalamus,Animal1_Bregma-0.24,BASS,0.5321388938090834,0.7144782552958755,0.6351893703640613,0.8996933068735341,0.7761459781207937,0.661888703510935,0.7144782552958755,842.5564499378204,1657.2599999999998,celltype
1782,MERFISH,Hypothalamus,Animal1_Bregma-0.24,Banksy,0.4209083450191823,0.6394297678254873,0.5667730668651367,0.757712430092008,0.638792470016852,0.6400683385173165,0.6394297678254874,12.596951103210449,90.4105535507202,celltype
1783,MERFISH,Hypothalamus,Animal1_Bregma-0.24,CCST,0.0943147597834508,0.1877626644213501,0.2763361843180547,0.5145228215767635,0.2004410469024028,0.1765934655190829,0.1877626644213501,499.5245391368866,2027.0947853088376,celltype
1784,MERFISH,Hypothalamus,Animal1_Bregma-0.24,CellCharter,0.405646229882723,0.5690530097669555,0.5295248553420063,0.8012267725058632,0.6193414927364227,0.5263266514890604,0.5690530097669555,8.189117765426635,90.36032962799072,celltype
1785,MERFISH,Hypothalamus,Animal1_Bregma-0.24,DeepST,0.4787263166719641,0.509035324588966,0.6210177692291555,0.7629442540140718,0.4931756515298963,0.5259557008546293,0.509035324588966,260.484362745285,717.2930084228516,celltype
1786,MERFISH,Hypothalamus,Animal1_Bregma-0.24,GraphST,0.0676116555920034,0.1921313414500317,0.2669180276544056,0.5134403752480606,0.2031677284869116,0.1822322046338581,0.1921313414500317,14.452458381652832,965.2759704589844,celltype
1787,MERFISH,Hypothalamus,Animal1_Bregma-0.24,PRECAST,0.5028900494967441,0.6609455265355808,0.6105165879303197,0.8715497023272596,0.7174452459174636,0.6126950197808434,0.6609455265355808,32.49515600204468,139.07999999999998,celltype
1788,MERFISH,Hypothalamus,Animal1_Bregma-0.24,SEDR,0.3510083147071874,0.5193646065806877,0.5023536019428316,0.7266101389139455,0.5327114232210415,0.5067585050156492,0.5193646065806877,25.90923204421997,717.4464710235595,celltype
1789,MERFISH,Hypothalamus,Animal1_Bregma-0.24,STAGATE,0.0859433709981287,0.1909542434021433,0.2619350492335534,0.5224607613205846,0.2088495148258149,0.1758903520512431,0.1909542434021433,41.13437261581421,361.7210535049438,celltype
1790,MERFISH,Hypothalamus,Animal1_Bregma-0.24,SpaGCN,0.4274365078667321,0.5624764153941988,0.5477065282509981,0.8242828793072343,0.6137948149131796,0.5190772033820793,0.5624764153941988,11.072425031661988,599.4394809722901,celltype
1791,MERFISH,Hypothalamus,Animal1_Bregma-0.24,SpaceFlow,0.0886075067844954,0.1494297058617246,0.2534948157423305,0.5069817788201335,0.1666975379503668,0.1354157439627014,0.1494297058617246,45.96893382072449,384.3915138244629,celltype
1792,MERFISH,Hypothalamus,Animal1_Bregma-0.24,SpatialMGCN,0.4670248857696079,0.6531400875151573,0.5813258192792957,0.848277106260148,0.6992697731176108,0.6127199523259416,0.6531400875151573,42.94815726280213,484.9416175842285,celltype
1793,MERFISH,Hypothalamus,Animal1_Bregma-0.24,stLearn,0.5334071104405524,0.699601416395882,0.6361467682274667,0.8934872812556378,0.7581946776880987,0.6494874531319524,0.699601416395882,1.4177451133728027,24.609799957275392,celltype
1794,MERFISH,Hypothalamus,Animal1_Bregma-0.24,BASS,0.6731745248519435,0.691044652276119,0.7306339988870778,0.8085874075410426,0.679331038566612,0.7031693060245071,0.691044652276119,947.7674999713896,1507.4,domain
1795,MERFISH,Hypothalamus,Animal1_Bregma-0.24,Banksy,0.2619217688041805,0.508912143408093,0.4270399490121881,0.6126646220458236,0.4761282323490202,0.5465445876397662,0.5089121434080929,10.765214776992796,90.41890945434572,domain
1796,MERFISH,Hypothalamus,Animal1_Bregma-0.24,CCST,0.3357329419553568,0.4647352164518903,0.4542669675197516,0.6027061158217573,0.4503929153868046,0.4801870924092862,0.4647352164518904,494.10780453681946,2034.085552406311,domain
1797,MERFISH,Hypothalamus,Animal1_Bregma-0.24,CellCharter,0.1924815426633546,0.2855079152861495,0.3323940381265281,0.4519574237777377,0.2817028774120603,0.2896619249041857,0.2855079152861496,10.184246110916138,90.37155170440674,domain
1798,MERFISH,Hypothalamus,Animal1_Bregma-0.24,DeepST,0.1745077125725436,0.3079131886203675,0.3969129026108599,0.4465451921342233,0.2671912667668782,0.3683493843445989,0.3079131886203675,271.971053981781,717.3010684967041,domain
1799,MERFISH,Hypothalamus,Animal1_Bregma-0.24,GraphST,0.4231990562286982,0.5434723821187895,0.5361067066015754,0.6842864874616633,0.5218194613868992,0.5670000743042342,0.5434723821187896,14.00072832107544,965.2992994308472,domain
1800,MERFISH,Hypothalamus,Animal1_Bregma-0.24,PRECAST,0.1868302266337671,0.2581158808320247,0.3351257147795056,0.4598592819772686,0.251576050932252,0.2650047968786352,0.2581158808320247,30.53386597633362,129.38,domain
1801,MERFISH,Hypothalamus,Animal1_Bregma-0.24,SEDR,0.2039583936176034,0.3406126745916327,0.3636410884312889,0.4776474833122857,0.323006330210671,0.3605642499709759,0.3406126745916327,23.74893627166748,717.4558235168457,domain
1802,MERFISH,Hypothalamus,Animal1_Bregma-0.24,STAGATE,0.4341070046963368,0.5653353468418021,0.5330884572762384,0.6867400324733899,0.5608621013491248,0.5700974988638373,0.5653353468418021,40.74114336967468,361.7775491714477,domain
1803,MERFISH,Hypothalamus,Animal1_Bregma-0.24,SpaGCN,0.1920822496829103,0.2601989025899967,0.331318116985357,0.4627458055204762,0.257139272217552,0.2633322211804191,0.2601989025899967,25.19120397567749,604.7012830734253,domain
1804,MERFISH,Hypothalamus,Animal1_Bregma-0.24,SpaceFlow,0.4868483946758246,0.6226383367563961,0.5682462151372254,0.775067652895544,0.6369324493634088,0.6089726604220881,0.6226383367563961,43.85758566856384,381.321084022522,domain
1805,MERFISH,Hypothalamus,Animal1_Bregma-0.24,SpatialMGCN,0.1197997828410553,0.2278424034189178,0.3124800052268472,0.402670034277467,0.2113662979402448,0.2471043037938412,0.2278424034189178,53.87813739776611,484.7282314300537,domain
1806,MERFISH,Hypothalamus,Animal1_Bregma-0.24,stLearn,0.1906186489799628,0.2653366493129636,0.3259305485932607,0.4606169944073606,0.2646765725600676,0.2660148655171543,0.2653366493129636,1.344244909286499,24.62666568756104,domain
1807,MERFISH,Hypothalamus,Animal1_Bregma-0.29,BASS,0.6135924936466602,0.6829284179403868,0.6973847643203588,0.8316113829980061,0.695896981651077,0.6704343691664676,0.6829284179403868,883.4164919376374,1500.48,celltype
1808,MERFISH,Hypothalamus,Animal1_Bregma-0.29,Banksy,0.3745815428249857,0.5829711502424502,0.5450272794962926,0.7420699655609932,0.5628370642738744,0.6045991709561636,0.58297115024245,13.230875015258787,89.98624401092529,celltype
1809,MERFISH,Hypothalamus,Animal1_Bregma-0.29,CCST,0.0780955896080186,0.1594959448469259,0.2591897839657974,0.4663766539786115,0.1669230017852745,0.1527046878232297,0.1594959448469259,496.96402316093446,2010.6076768875123,celltype
1810,MERFISH,Hypothalamus,Animal1_Bregma-0.29,CellCharter,0.3515317581338599,0.5182009876114919,0.4853499618855507,0.7327895595432301,0.5418354486974863,0.4980263662433065,0.518200987611492,7.6137047290802,89.94472999572754,celltype
1811,MERFISH,Hypothalamus,Animal1_Bregma-0.29,DeepST,0.2990619687394201,0.4270238084020755,0.5396475631761861,0.6414718143918796,0.3739326100540815,0.5042472070567587,0.4270238084020755,265.48965392112734,710.6460552215576,celltype
1812,MERFISH,Hypothalamus,Animal1_Bregma-0.29,GraphST,0.038072413394692,0.1538549153079582,0.2375751115404552,0.4701830705093347,0.1613731756410557,0.1470060108615011,0.1538549153079582,15.703374481201172,956.3718999862672,celltype
1813,MERFISH,Hypothalamus,Animal1_Bregma-0.29,PRECAST,0.4962372700443538,0.6546130948415747,0.5987584474606589,0.8647815841943085,0.7074481404894947,0.609121476220629,0.6546130948415747,33.418438005447385,139.0,celltype
1814,MERFISH,Hypothalamus,Animal1_Bregma-0.29,SEDR,0.3770340498737376,0.5471217797785248,0.5054348854099063,0.7500090628965017,0.5741876199675262,0.5226401042810085,0.5471217797785248,22.17223424911499,710.7991500854492,celltype
1815,MERFISH,Hypothalamus,Animal1_Bregma-0.29,STAGATE,0.0524241703817461,0.1327879306330789,0.2412983452759761,0.4654341127424325,0.1405538196738975,0.1258465044513733,0.1327879306330789,43.020677709579466,358.5555097579956,celltype
1816,MERFISH,Hypothalamus,Animal1_Bregma-0.29,SpaGCN,0.4475585530295545,0.5413350598408833,0.5643296740949773,0.7467826717418887,0.5505595988001886,0.5324145384957687,0.5413350598408831,13.881753063201904,595.7351299285889,celltype
1817,MERFISH,Hypothalamus,Animal1_Bregma-0.29,SpaceFlow,0.0639617589540739,0.1254746605490579,0.2259182899384624,0.469784303063259,0.1385738273145622,0.1146387887589243,0.1254746605490579,32.72942962646484,370.1582447052002,celltype
1818,MERFISH,Hypothalamus,Animal1_Bregma-0.29,SpatialMGCN,0.5627280518868943,0.663405925709323,0.6578757200965205,0.842305600870038,0.6763648319588065,0.6509342600461551,0.663405925709323,54.892126655578615,480.4215860366821,celltype
1819,MERFISH,Hypothalamus,Animal1_Bregma-0.29,stLearn,0.4990202958012348,0.6515185151390176,0.6010911906270826,0.8608664129055648,0.7010371019628119,0.6085947749851389,0.6515185151390176,1.3220430850982663,24.495441436767575,celltype
1820,MERFISH,Hypothalamus,Animal1_Bregma0.01,BASS,0.553837034972583,0.6971154633989725,0.654328295896805,0.8259647808167851,0.7066449953156639,0.6878395344103332,0.6971154633989725,867.9176019668579,1518.1799999999998,celltype
1821,MERFISH,Hypothalamus,Animal1_Bregma0.01,Banksy,0.3545219165341366,0.597936420337397,0.5192214733817806,0.6995129261895842,0.5827150761147878,0.6139742998164246,0.597936420337397,12.979341411590577,87.0756706237793,celltype
1822,MERFISH,Hypothalamus,Animal1_Bregma0.01,CCST,0.1322961429486218,0.2040223825818866,0.3075887300113968,0.4843387036343199,0.2094757191448462,0.1989094999222187,0.2040223825818866,464.4954089641571,1871.1239196777344,celltype
1823,MERFISH,Hypothalamus,Animal1_Bregma0.01,CellCharter,0.3973088118535057,0.525867115455741,0.5230650529584316,0.7068565005620082,0.5375922018050105,0.5150236278777889,0.525867115455741,7.556749296188355,87.05423889160156,celltype
1824,MERFISH,Hypothalamus,Animal1_Bregma0.01,DeepST,0.3021834888875999,0.4353682563379323,0.5548712444108401,0.6247283626826527,0.3640966771860505,0.5413772376922663,0.4353682563379323,257.3564563274384,665.7248880386353,celltype
1825,MERFISH,Hypothalamus,Animal1_Bregma0.01,GraphST,0.0786283182962986,0.2122551330385719,0.3023982518491205,0.4932559010865492,0.209004085844508,0.2156089180383797,0.2122551330385719,16.13547215461731,896.190744972229,celltype
1826,MERFISH,Hypothalamus,Animal1_Bregma0.01,PRECAST,0.5062964675312863,0.6427731012132216,0.6046312304966129,0.8531285125515173,0.6915625071543484,0.6004141672948803,0.6427731012132216,29.675868034362797,139.84,celltype
1827,MERFISH,Hypothalamus,Animal1_Bregma0.01,SEDR,0.3556192986993128,0.5582931090000175,0.4884687537538951,0.7158111652304233,0.5765168403276217,0.5415173832740708,0.5582931090000175,24.0304633140564,665.8756338119507,celltype
1828,MERFISH,Hypothalamus,Animal1_Bregma0.01,STAGATE,0.144658240812358,0.2345177435444648,0.3215170559146775,0.513600599475459,0.2404855064494178,0.2290152211895945,0.2345177435444648,40.11710906028748,335.93896160125735,celltype
1829,MERFISH,Hypothalamus,Animal1_Bregma0.01,SpaGCN,0.4615088314003916,0.5505811586000865,0.5676260211298035,0.8040464593480705,0.5769483669889398,0.5265186468131265,0.5505811586000866,180.68719658851623,649.4271993637085,celltype
1830,MERFISH,Hypothalamus,Animal1_Bregma0.01,SpaceFlow,0.0903245764475913,0.1668830477898159,0.2482319831085201,0.491232671412514,0.1809189427931095,0.1548718164584544,0.1668830477898159,42.72192063331604,360.7153640747071,celltype
1831,MERFISH,Hypothalamus,Animal1_Bregma0.01,SpatialMGCN,0.5609160231784848,0.7170509167348881,0.7009955266478496,0.750468340202323,0.6599884331184591,0.7849144847603212,0.7170509167348881,36.25998568534851,450.14986515045166,celltype
1832,MERFISH,Hypothalamus,Animal1_Bregma0.01,stLearn,0.5163609601874093,0.6662888352238269,0.6126404907846691,0.8397527163731734,0.713247810835834,0.6251964291127454,0.6662888352238269,1.5654343605041503,23.71607131958008,celltype
1833,MERFISH,Hypothalamus,Animal1_Bregma0.06,BASS,0.5346346454071003,0.6673559242866507,0.618442273873979,0.8162081227774658,0.6904464354137612,0.6457598605226262,0.6673559242866507,841.1973799705505,1512.98,celltype
1834,MERFISH,Hypothalamus,Animal1_Bregma0.06,Banksy,0.5170204593705368,0.6224576847360044,0.6331052587763504,0.6887516376567472,0.5981021694979709,0.6488809806507729,0.6224576847360043,10.77012300491333,87.15806941986084,celltype
1835,MERFISH,Hypothalamus,Animal1_Bregma0.06,CCST,0.1568416148211201,0.2289372867761828,0.3197184330635421,0.4921953958450308,0.2272522370563207,0.2306498945213924,0.2289372867761828,464.5490621089936,1874.1678993225096,celltype
1836,MERFISH,Hypothalamus,Animal1_Bregma0.06,CellCharter,0.3229698565571396,0.4803151933678616,0.4478313437334362,0.6625491297024144,0.4896499283006338,0.4722176999789213,0.4803151933678616,7.474942111968994,87.12999095916749,celltype
1837,MERFISH,Hypothalamus,Animal1_Bregma0.06,DeepST,0.3584223648563222,0.4698971948317606,0.5498718358117536,0.6515815085158151,0.4159841374006587,0.5434541815319456,0.4698971948317607,251.9439537525177,666.9598781585694,celltype
1838,MERFISH,Hypothalamus,Animal1_Bregma0.06,GraphST,0.1319950543703725,0.2321069703074777,0.2922656954701255,0.5105745835672842,0.2374014664976379,0.2270434766407809,0.2321069703074778,17.71666102409363,897.8454431533813,celltype
1839,MERFISH,Hypothalamus,Animal1_Bregma0.06,PRECAST,0.5110609276221308,0.6512156612307837,0.5968861840592681,0.8205128205128205,0.683408108520788,0.6219196724583261,0.6512156612307837,29.40556197166443,150.07999999999998,celltype
1840,MERFISH,Hypothalamus,Animal1_Bregma0.06,SEDR,0.3809780064972867,0.5209762096999004,0.4955799011241303,0.6928691746209995,0.5314077990497512,0.5116682137766023,0.5209762096999004,23.11814489364624,667.1106960296631,celltype
1841,MERFISH,Hypothalamus,Animal1_Bregma0.06,STAGATE,0.1451962771554592,0.2504886810977403,0.3157475217865738,0.5069436646078982,0.2482780817414436,0.2528154113907431,0.2504886810977403,42.28743686676025,336.2540718078613,celltype
1842,MERFISH,Hypothalamus,Animal1_Bregma0.06,SpaGCN,0.4439115238180974,0.5572279181369216,0.546972106413843,0.7173872356354108,0.5618561133615442,0.5526753479233102,0.5572279181369217,13.098866748809815,559.8933813095093,celltype
1843,MERFISH,Hypothalamus,Animal1_Bregma0.06,SpaceFlow,0.1074048299232927,0.185958185938138,0.2553822825389084,0.4690997566909975,0.1948255512009535,0.1778752461716834,0.185958185938138,55.29866409301758,368.85024642944336,celltype
1844,MERFISH,Hypothalamus,Animal1_Bregma0.06,SpatialMGCN,0.5913954698383342,0.7065536693108447,0.6970383635291645,0.7780273254725809,0.6682052411797264,0.7495717363492873,0.7065536693108446,50.38665008544922,451.1499797821045,celltype
1845,MERFISH,Hypothalamus,Animal1_Bregma0.06,stLearn,0.529738391380129,0.6562603122935764,0.6127247677854157,0.8254164327157028,0.68825524829051,0.6271313051709871,0.6562603122935764,1.5733294010162353,23.73261413574219,celltype
1846,MERFISH,Hypothalamus,Animal1_Bregma0.11,BASS,0.6278339602694097,0.7429756655909063,0.6997349630962649,0.9140039447731756,0.8001822115431005,0.6934029703771817,0.7429756655909063,822.471734046936,1508.88,celltype
1847,MERFISH,Hypothalamus,Animal1_Bregma0.11,Banksy,0.5042862419331299,0.6307004185978664,0.6150027534978941,0.7287968441814595,0.6364181598570532,0.6250845017812942,0.6307004185978663,9.654041385650634,82.71572513580323,celltype
1848,MERFISH,Hypothalamus,Animal1_Bregma0.11,CCST,0.138131759554421,0.195879988307954,0.2906249457117194,0.5279289940828402,0.210050526303956,0.183528088220798,0.195879988307954,425.28239741325376,1686.1226745605468,celltype
1849,MERFISH,Hypothalamus,Animal1_Bregma0.11,CellCharter,0.4050859260018109,0.5093545946223511,0.5197927829267341,0.7598027613412228,0.534804326894949,0.4866686283960538,0.5093545946223511,8.062021780014039,82.71005973815917,celltype
1850,MERFISH,Hypothalamus,Animal1_Bregma0.11,DeepST,0.3513402870009276,0.4714298100291781,0.5385730846062362,0.687534516765286,0.4292184719479886,0.5236122858410364,0.4714298100291781,244.0490090370178,601.2111097335816,celltype
1851,MERFISH,Hypothalamus,Animal1_Bregma0.11,GraphST,0.1282081517282113,0.1896623271820241,0.2816726647858571,0.5374753451676528,0.2043403590368711,0.1769516608826881,0.1896623271820241,15.049382495880128,809.7424285888671,celltype
1852,MERFISH,Hypothalamus,Animal1_Bregma0.11,PRECAST,0.5428099454787243,0.6576480001581968,0.629265452227842,0.8686390532544379,0.7219558849924596,0.6038594962506888,0.6576480001581967,27.542718029022215,151.44,celltype
1853,MERFISH,Hypothalamus,Animal1_Bregma0.11,SEDR,0.4396680214013356,0.5536039253843782,0.5460933163442244,0.7715581854043393,0.5851237126230069,0.5257598978565927,0.5536039253843782,22.643813800811767,601.3567859649659,celltype
1854,MERFISH,Hypothalamus,Animal1_Bregma0.11,STAGATE,0.1703437169087845,0.2335732554081803,0.321370856495452,0.5523865877712032,0.2480308434153814,0.2207149373601648,0.2335732554081803,37.44840760231018,302.9873809814453,celltype
1855,MERFISH,Hypothalamus,Animal1_Bregma0.11,SpaGCN,0.4950339096870005,0.5734456395552038,0.5878782673040859,0.8224852071005916,0.6076175637057537,0.5429126668747111,0.5734456395552038,10.568472337722778,504.3107542037964,celltype
1856,MERFISH,Hypothalamus,Animal1_Bregma0.11,SpaceFlow,0.126878306003515,0.165793140139849,0.2698993966428089,0.5200788954635108,0.1825934546515155,0.1518249278939802,0.165793140139849,56.14274368286133,332.80651054382326,celltype
1857,MERFISH,Hypothalamus,Animal1_Bregma0.11,SpatialMGCN,0.5315572112037817,0.6635870836849505,0.6247201511432593,0.8516765285996055,0.6877451007494385,0.6410686430568748,0.6635870836849506,40.51150760650635,406.93947887420654,celltype
1858,MERFISH,Hypothalamus,Animal1_Bregma0.11,stLearn,0.6129344408179478,0.7177045229687706,0.6874098915530638,0.9042603550295858,0.7759847902554349,0.667643869937844,0.7177045229687706,1.3326456546783447,22.53303546905517,celltype
1859,MERFISH,Hypothalamus,Animal1_Bregma0.16,BASS,0.7188818090375103,0.7506648985727964,0.7755487825162567,0.9050106403559685,0.7755751047093316,0.7273050478552981,0.7506648985727964,826.5705720424652,1569.12,celltype
1860,MERFISH,Hypothalamus,Animal1_Bregma0.16,Banksy,0.3783292224907377,0.5716088028372106,0.5087052522196582,0.7680402398916618,0.5849546831615768,0.5588583173110527,0.5716088028372106,10.269720602035523,84.32580947875977,celltype
1861,MERFISH,Hypothalamus,Animal1_Bregma0.16,CCST,0.1450932960188483,0.2010959223433899,0.3101673199724762,0.5094215515573612,0.2071192253801224,0.1955243759506378,0.2010959223433899,438.79666900634766,1769.216631126404,celltype
1862,MERFISH,Hypothalamus,Animal1_Bregma0.16,CellCharter,0.3533931979089709,0.4721142601391735,0.4782082475808067,0.7061327142580771,0.4951669646787177,0.4513816345328489,0.4721142601391735,7.127192783355713,84.30468273162842,celltype
1863,MERFISH,Hypothalamus,Animal1_Bregma0.16,DeepST,0.3944948912155088,0.4725149852863997,0.577141295097346,0.6982395047397949,0.418308140994854,0.5431543386097675,0.4725149852863997,250.3160790920257,624.65882396698,celltype
1864,MERFISH,Hypothalamus,Animal1_Bregma0.16,GraphST,0.1778097073461665,0.2335592244704512,0.357549322070807,0.5455600696459664,0.2316436529610518,0.2355067416974525,0.2335592244704512,15.071459102630616,841.1636510848999,celltype
1865,MERFISH,Hypothalamus,Animal1_Bregma0.16,PRECAST,0.6104614494659911,0.689479753790378,0.6871917217964301,0.8307216095956665,0.7255254198363186,0.6568462184431503,0.689479753790378,26.463930082321166,151.28,celltype
1866,MERFISH,Hypothalamus,Animal1_Bregma0.16,SEDR,0.5394396218946191,0.5982448801997415,0.6371247412338256,0.77968659315148,0.6030280241346508,0.593601311130455,0.5982448801997416,21.934369230270384,624.807544517517,celltype
1867,MERFISH,Hypothalamus,Animal1_Bregma0.16,STAGATE,0.208547940398618,0.2336431230483913,0.3966211559966157,0.5566260398529697,0.2262424792305217,0.2416617099421355,0.2336431230483913,39.09970393180847,314.6565422058105,celltype
1868,MERFISH,Hypothalamus,Animal1_Bregma0.16,SpaGCN,0.6479151776322628,0.6210610739665069,0.7183771778012877,0.8210485587154188,0.6362960947938838,0.606538546691765,0.6210610739665069,16.546516752243043,525.6339994430542,celltype
1869,MERFISH,Hypothalamus,Animal1_Bregma0.16,SpaceFlow,0.1857572357664697,0.1899743148371897,0.3400273256794304,0.5185142193847939,0.1963245969725345,0.1840441406699958,0.1899743148371897,41.76776633262634,339.33401279449464,celltype
1870,MERFISH,Hypothalamus,Animal1_Bregma0.16,SpatialMGCN,0.4706390449690715,0.6574694254453032,0.5773337662735116,0.8129231959760108,0.6709283570757655,0.6445398515151449,0.6574694254453031,42.487353801727295,422.57729263305663,celltype
1871,MERFISH,Hypothalamus,Animal1_Bregma0.16,stLearn,0.6719973930159032,0.716773774878919,0.7378428490988198,0.8802863223060553,0.7511302169773468,0.6854613198444781,0.716773774878919,1.4224693298339843,22.972881317138672,celltype
1872,MERFISH,Hypothalamus,Animal1_Bregma0.21,BASS,0.6504589497395945,0.7356373097019012,0.723885312039092,0.9085021934405682,0.7953790372951879,0.6842431142055482,0.7356373097019013,793.4515200138092,1430.52,celltype
1873,MERFISH,Hypothalamus,Animal1_Bregma0.21,Banksy,0.4963528796213866,0.6263793787052057,0.5991609019272852,0.8065594317944434,0.663194963071436,0.5934362709957579,0.6263793787052057,10.466205596923828,78.11254348754883,celltype
1874,MERFISH,Hypothalamus,Animal1_Bregma0.21,CCST,0.1114924749627535,0.1887988331510531,0.2792002355589272,0.5209108000835596,0.2025935906053395,0.1768447305274513,0.1887988331510531,385.23414545059205,1503.86227645874,celltype
1875,MERFISH,Hypothalamus,Animal1_Bregma0.21,CellCharter,0.2912237228356639,0.4522717748055213,0.4312934893822255,0.6893252559013996,0.4856031653361066,0.4236029537200817,0.4522717748055211,6.895793151855469,78.08431892395019,celltype
1876,MERFISH,Hypothalamus,Animal1_Bregma0.21,DeepST,0.4888140778349703,0.5212207551020006,0.62406691605537,0.7645289325255902,0.4956771846012747,0.5507351824344393,0.5212207551020006,230.70354371070863,536.6544509887696,celltype
1877,MERFISH,Hypothalamus,Animal1_Bregma0.21,GraphST,0.1379974794332323,0.203474718184719,0.2969926352763939,0.547106747440986,0.2207354977723748,0.188717629119272,0.203474718184719,14.906746625900269,723.2146915435791,celltype
1878,MERFISH,Hypothalamus,Animal1_Bregma0.21,PRECAST,0.5880642336776906,0.6750748959839115,0.6734624082297473,0.8734071443492792,0.7400572363410656,0.6205832313165464,0.6750748959839115,26.99843797683716,152.52,celltype
1879,MERFISH,Hypothalamus,Animal1_Bregma0.21,SEDR,0.4106982436050016,0.5380955606773077,0.525491787234247,0.7696260706078963,0.5793457376173679,0.502440782136358,0.5380955606773077,19.993554162979127,536.7968189239502,celltype
1880,MERFISH,Hypothalamus,Animal1_Bregma0.21,STAGATE,0.1672650934637868,0.2119866007126687,0.3190941476285401,0.5542928765406309,0.2312667920408234,0.1956780093582052,0.2119866007126688,35.6597779750824,270.4462823867798,celltype
1881,MERFISH,Hypothalamus,Animal1_Bregma0.21,SpaGCN,0.424987424875167,0.5443536269494339,0.5377249300217377,0.7927720910800083,0.5777821672458322,0.514581656449862,0.5443536269494339,20.59596700668335,456.83187980651854,celltype
1882,MERFISH,Hypothalamus,Animal1_Bregma0.21,SpaceFlow,0.1632430358822343,0.17854413036593,0.317540096179475,0.5268017547524546,0.1920753715467629,0.1667980772163249,0.17854413036593,37.74305276870727,289.3763380050659,celltype
1883,MERFISH,Hypothalamus,Animal1_Bregma0.21,SpatialMGCN,0.4517042969315055,0.627338334028449,0.5592529159126413,0.8096929183204512,0.6742930149240205,0.5864973421492412,0.627338334028449,44.22851834297181,363.62162017822266,celltype
1884,MERFISH,Hypothalamus,Animal1_Bregma0.21,stLearn,0.6354293210069004,0.7250789348232617,0.7119805833245294,0.907081679548778,0.7855283060298556,0.6732801468455795,0.7250789348232617,1.3927237510681152,21.29437961578369,celltype
1885,MERFISH,Hypothalamus,Animal1_Bregma0.26,BASS,0.6191928979624193,0.7249763668156877,0.6983737635889085,0.8756208609271523,0.7580965619190925,0.6946289828640981,0.7249763668156876,832.4242980003357,1418.86,celltype
1886,MERFISH,Hypothalamus,Animal1_Bregma0.26,Banksy,0.4052440513376557,0.5994757847336625,0.5212087001580801,0.8172599337748345,0.649535758543357,0.5565799511893709,0.5994757847336625,10.500118494033812,78.84478702545167,celltype
1887,MERFISH,Hypothalamus,Animal1_Bregma0.26,CCST,0.1086834461866695,0.1686395464557001,0.2762488281552496,0.5077400662251655,0.1808706274351269,0.1579606875073749,0.1686395464557001,391.0853040218353,1550.859417724609,celltype
1888,MERFISH,Hypothalamus,Animal1_Bregma0.26,CellCharter,0.3282573061825315,0.4845267943519243,0.463049667529105,0.7165149006622518,0.5193601301622959,0.455077844089184,0.4845267943519243,8.153536510467529,78.82307777404785,celltype
1889,MERFISH,Hypothalamus,Animal1_Bregma0.26,DeepST,0.4335725494949994,0.4989375546006652,0.5752248468298788,0.7661837748344371,0.4918289074714176,0.5110550278962018,0.4989375546006652,225.99343538284305,546.674356842041,celltype
1890,MERFISH,Hypothalamus,Animal1_Bregma0.26,GraphST,0.1258809169647095,0.1625716809702113,0.2826103301034258,0.5254552980132451,0.1782541437070662,0.1494255071991424,0.1625716809702113,15.148233795166016,736.646347618103,celltype
1891,MERFISH,Hypothalamus,Animal1_Bregma0.26,PRECAST,0.4832608289925303,0.643211706796832,0.587180120755825,0.8483029801324504,0.7120071201123448,0.5865392277460799,0.643211706796832,26.05235199928284,152.42000000000002,celltype
1892,MERFISH,Hypothalamus,Animal1_Bregma0.26,SEDR,0.4575842724941824,0.5682436030528291,0.5671721540116776,0.7947433774834437,0.60237254173194,0.5378569637768019,0.5682436030528291,20.4165668964386,546.8169414520264,celltype
1893,MERFISH,Hypothalamus,Animal1_Bregma0.26,STAGATE,0.1334428238947542,0.1928449142598505,0.2911630391825329,0.5486754966887417,0.2108027907113959,0.1777128399843249,0.1928449142598505,35.21124839782715,275.44695987701414,celltype
1894,MERFISH,Hypothalamus,Animal1_Bregma0.26,SpaGCN,0.4246165527730449,0.5273739106712035,0.5383338297460596,0.7951158940397351,0.5586159537052143,0.4994413599500367,0.5273739106712036,25.85348958969116,468.5191230773926,celltype
1895,MERFISH,Hypothalamus,Animal1_Bregma0.26,SpaceFlow,0.109991923244971,0.1316486891846389,0.2654964288340283,0.4972268211920528,0.1456558014442125,0.1201062290167048,0.1316486891846389,38.24875884056091,294.57718601226804,celltype
1896,MERFISH,Hypothalamus,Animal1_Bregma0.26,SpatialMGCN,0.571195167407067,0.7169192615683224,0.6627671718300451,0.8673427152317881,0.7440865241251895,0.6916659219446805,0.7169192615683225,41.938065958023074,370.30352382659913,celltype
1897,MERFISH,Hypothalamus,Animal1_Bregma0.26,stLearn,0.5977392763810618,0.6978537098505464,0.681721748207533,0.8711506622516556,0.7518505789086418,0.6514200084096912,0.6978537098505464,1.345138168334961,21.490595626831052,celltype
1898,MERFISH,Hypothalamus,Animal2_Bregma-0.04,BASS,0.434353167278841,0.6497948737824136,0.5414623484639675,0.7709207110045936,0.6868438259777716,0.6165382645974059,0.6497948737824136,853.694959974289,1443.5400000000002,celltype
1899,MERFISH,Hypothalamus,Animal2_Bregma-0.04,Banksy,0.4758282587617848,0.6347380097368756,0.5967121309645007,0.7371679648492111,0.6312481027543693,0.6382667197197363,0.6347380097368754,10.590556192398072,81.69074420928955,celltype
1900,MERFISH,Hypothalamus,Animal2_Bregma-0.04,CCST,0.118902410690414,0.1907349739936759,0.2888127551014715,0.4854403834631515,0.1965967853835397,0.1853584651008507,0.1907349739936759,414.1608640670776,1649.6924081802367,celltype
1901,MERFISH,Hypothalamus,Animal2_Bregma-0.04,CellCharter,0.3711434231978213,0.5074105216628769,0.4929739125192083,0.712482524465748,0.5282668798473404,0.4882456895496562,0.5074105216628769,6.633536434173584,81.65436897277831,celltype
1902,MERFISH,Hypothalamus,Animal2_Bregma-0.04,DeepST,0.3131358389580193,0.4319332639366618,0.552627838097324,0.6262432594367885,0.3607594318763858,0.5383159961633962,0.4319332639366619,242.30800504684447,586.5223037719727,celltype
1903,MERFISH,Hypothalamus,Animal2_Bregma-0.04,GraphST,0.0761238234193403,0.18076426872664,0.2681166036704264,0.4679448771719592,0.1848259379388955,0.1768772764774589,0.18076426872664,21.732328987121583,790.0575687408448,celltype
1904,MERFISH,Hypothalamus,Animal2_Bregma-0.04,PRECAST,0.3900998643098742,0.5996972287203738,0.5022147814240105,0.743958458158578,0.6458000925902068,0.559738215045588,0.5996972287203737,27.33310604095459,151.1,celltype
1905,MERFISH,Hypothalamus,Animal2_Bregma-0.04,SEDR,0.3855205341023674,0.5421914440199418,0.5136838627764941,0.7119632514479728,0.5523164051438878,0.5327986911264817,0.5421914440199418,20.57185931205749,586.6683099746704,celltype
1906,MERFISH,Hypothalamus,Animal2_Bregma-0.04,STAGATE,0.1280496850412654,0.2173374166180757,0.2886281981019419,0.5061314160175754,0.2283294076903628,0.2074255763255016,0.2173374166180757,38.86954421997071,295.9298749923706,celltype
1907,MERFISH,Hypothalamus,Animal2_Bregma-0.04,SpaGCN,0.3484574323492064,0.5154753601215395,0.4681086700357105,0.7167964849211105,0.5460057906329961,0.4881784027312151,0.5154753601215395,15.036536359786988,491.2974630355835,celltype
1908,MERFISH,Hypothalamus,Animal2_Bregma-0.04,SpaceFlow,0.0829522629166076,0.154041854767171,0.2378397311576833,0.464070301577791,0.166197862867153,0.1435563864213026,0.154041854767171,29.167767143249517,311.01637115478513,celltype
1909,MERFISH,Hypothalamus,Animal2_Bregma-0.04,SpatialMGCN,0.3650610761378148,0.6088607340909432,0.513688119800107,0.731575793888556,0.5965636490819654,0.6216754537174624,0.6088607340909432,39.62946305274964,397.0209217071533,celltype
1910,MERFISH,Hypothalamus,Animal2_Bregma-0.04,stLearn,0.4712143338376452,0.651290863240847,0.5714966265506722,0.8062312762133013,0.6945910148267096,0.6131682956122553,0.651290863240847,1.469152069091797,22.262580490112303,celltype
1911,MERFISH,Hypothalamus,Animal2_Bregma-0.09,BASS,0.3988016731372607,0.6331313688751629,0.528258918364414,0.7521848902699554,0.6706418535413898,0.5995947084384978,0.6331313688751627,881.802442073822,1395.24,celltype
1912,MERFISH,Hypothalamus,Animal2_Bregma-0.09,Banksy,0.3569567103438955,0.5802471150868462,0.5444174897225054,0.7158671586715867,0.5543454977133861,0.6086878621863601,0.5802471150868462,13.992864513397215,84.00028572082519,celltype
1913,MERFISH,Hypothalamus,Animal2_Bregma-0.09,CCST,0.099007032489644,0.1939630410962869,0.2905853237300479,0.5009516410953584,0.2023498833685894,0.1863253871167552,0.1939630410962869,436.5562974452972,1757.3900505065917,celltype
1914,MERFISH,Hypothalamus,Animal2_Bregma-0.09,CellCharter,0.3847212221660671,0.5288091673576898,0.5165795175634854,0.7277141192464557,0.5566867475275029,0.5037296177525113,0.5288091673576898,8.348888444900513,83.95889415740967,celltype
1915,MERFISH,Hypothalamus,Animal2_Bregma-0.09,DeepST,0.3034587067118325,0.4105694635762232,0.5777181543606493,0.623732763643426,0.3350733452740552,0.5307843641073601,0.4105694635762232,251.0817673206329,619.8866361618042,celltype
1916,MERFISH,Hypothalamus,Animal2_Bregma-0.09,GraphST,0.0571494832258433,0.1895890891246905,0.2520774187612439,0.5096135171878035,0.2011595767586878,0.1792772499517904,0.1895890891246905,15.552991390228277,834.7701072692871,celltype
1917,MERFISH,Hypothalamus,Animal2_Bregma-0.09,PRECAST,0.324779152660021,0.5728292610872886,0.4606545107488659,0.7389784424160031,0.6335820171383364,0.5227079684464463,0.5728292610872886,29.996024084091182,150.2,celltype
1918,MERFISH,Hypothalamus,Animal2_Bregma-0.09,SEDR,0.3293456339992864,0.5010797515978078,0.481833627066374,0.6981938240435036,0.5173805230502089,0.485836958463728,0.5010797515978078,23.43732137680054,620.0341596603394,celltype
1919,MERFISH,Hypothalamus,Animal2_Bregma-0.09,STAGATE,0.0764220343013315,0.1971712107146325,0.2620182997537343,0.5138861914934939,0.2113645537013926,0.1847871435444316,0.1971712107146325,38.056757831573485,312.8404884338379,celltype
1920,MERFISH,Hypothalamus,Animal2_Bregma-0.09,SpaGCN,0.3129263347227036,0.5066801559704789,0.4568245546930328,0.7148960963293843,0.5364479716333281,0.480042323148867,0.5066801559704789,16.153061389923096,518.1876304626464,celltype
1921,MERFISH,Hypothalamus,Animal2_Bregma-0.09,SpaceFlow,0.0719308781081429,0.1501568228401721,0.239249596043728,0.482423771606137,0.1671093914133362,0.1363304517553847,0.1501568228401721,49.54401516914368,339.7362874984741,celltype
1922,MERFISH,Hypothalamus,Animal2_Bregma-0.09,SpatialMGCN,0.4504845054500873,0.5999210330783928,0.5777529713162965,0.7663624004661099,0.6115295842269135,0.5887449974577067,0.5999210330783928,39.36129317283631,419.5382556915283,celltype
1923,MERFISH,Hypothalamus,Animal2_Bregma-0.09,stLearn,0.3994675253435139,0.615068462386074,0.5261147123624267,0.767216935327248,0.6629224493038967,0.5739017371658676,0.615068462386074,1.5055347442626954,22.88250102996826,celltype
1924,MERFISH,Hypothalamus,Animal2_Bregma-0.14,BASS,0.4202350230796424,0.6335201626966573,0.5623463538442707,0.8005469462169554,0.6739210105757151,0.5976893233929429,0.6335201626966573,872.0401740074158,1526.28,celltype
1925,MERFISH,Hypothalamus,Animal2_Bregma-0.14,Banksy,0.3021704786017608,0.5187436280577112,0.499219007526155,0.7082953509571559,0.5216661702782744,0.5158536494544256,0.5187436280577112,10.900782251358033,89.4644639968872,celltype
1926,MERFISH,Hypothalamus,Animal2_Bregma-0.14,CCST,0.0939735989107297,0.1781286323191435,0.2885810528246507,0.5200729261622608,0.1926634559907707,0.1657200372187329,0.1781286323191435,491.4337975502014,1990.4252319335935,celltype
1927,MERFISH,Hypothalamus,Animal2_Bregma-0.14,CellCharter,0.3177879742893886,0.5034129419287344,0.4677458980913264,0.7449772105742936,0.5538477014027332,0.4622626851368755,0.5034129419287344,9.85365171432495,89.42629375457764,celltype
1928,MERFISH,Hypothalamus,Animal2_Bregma-0.14,DeepST,0.2318082170821522,0.3647885879687962,0.498769612964459,0.6337283500455788,0.3284132892058147,0.4102385571665502,0.3647885879687962,265.7994285106659,702.5080757141113,celltype
1929,MERFISH,Hypothalamus,Animal2_Bregma-0.14,GraphST,0.0556502523938676,0.1772927177429744,0.2601053804324235,0.5323609845031905,0.1937497227502742,0.1634125380989678,0.1772927177429745,15.492612600326538,945.469532585144,celltype
1930,MERFISH,Hypothalamus,Animal2_Bregma-0.14,PRECAST,0.3617246132892368,0.5579044400129475,0.5076218050640854,0.7529626253418414,0.6083003090081684,0.515219997610429,0.5579044400129474,32.042127990722655,148.76,celltype
1931,MERFISH,Hypothalamus,Animal2_Bregma-0.14,SEDR,0.3044355802617501,0.5057032237600076,0.4699878827794742,0.713327256153145,0.5367575369026115,0.478727441599585,0.5057032237600076,22.41218466758728,702.6603733062744,celltype
1932,MERFISH,Hypothalamus,Animal2_Bregma-0.14,STAGATE,0.1025065618566559,0.203714625564135,0.2976228540833589,0.5482588878760255,0.2212577957328392,0.1889146288351162,0.203714625564135,40.9302680015564,354.37740535736083,celltype
1933,MERFISH,Hypothalamus,Animal2_Bregma-0.14,SpaGCN,0.3018088823945581,0.4709593091822725,0.4559983648725639,0.740200546946217,0.5114912094425978,0.4363794602394985,0.4709593091822727,12.869051933288574,588.9369253158569,celltype
1934,MERFISH,Hypothalamus,Animal2_Bregma-0.14,SpaceFlow,0.0612114472615897,0.1348681748594615,0.2376534316091322,0.488714676390155,0.1538326581622055,0.1200680147731537,0.1348681748594616,36.34076218605041,373.6940326690674,celltype
1935,MERFISH,Hypothalamus,Animal2_Bregma-0.14,SpatialMGCN,0.427206485724651,0.603825982291138,0.5623723808504045,0.8145852324521423,0.6438212831389591,0.5685091994183611,0.603825982291138,43.20143122673035,474.9578994750976,celltype
1936,MERFISH,Hypothalamus,Animal2_Bregma-0.14,stLearn,0.4590518703315688,0.6412356030670774,0.5846219445547896,0.84718322698268,0.7042395756322639,0.5888219203636281,0.6412356030670774,1.5024527072906495,24.35300807952881,celltype
1937,MERFISH,Hypothalamus,Animal2_Bregma-0.19,BASS,0.3869904249627798,0.6195679162349852,0.5339988502636592,0.8092444444444444,0.6643162604433214,0.5804676167781466,0.6195679162349853,877.8201639652252,1656.72,celltype
1938,MERFISH,Hypothalamus,Animal2_Bregma-0.19,Banksy,0.4076369673907735,0.6250500168777979,0.5747980464295933,0.7655111111111111,0.6301288649907253,0.620052385342132,0.6250500168777979,11.919368600845337,91.74223384857176,celltype
1939,MERFISH,Hypothalamus,Animal2_Bregma-0.19,CCST,0.0886573868505501,0.1759150739000962,0.2814249508301305,0.5511822222222222,0.195907461510457,0.1596612556670806,0.1759150739000962,509.21875457763673,2079.642929649353,celltype
1940,MERFISH,Hypothalamus,Animal2_Bregma-0.19,CellCharter,0.2568429861140903,0.4590513978468832,0.426053220895738,0.7075911111111111,0.50300243328148,0.4227012294011318,0.4590513978468831,7.432668590545655,91.70840606689453,celltype
1941,MERFISH,Hypothalamus,Animal2_Bregma-0.19,DeepST,0.3110327646133431,0.4190975035604464,0.5325270537105857,0.7051022222222223,0.3976174110750017,0.4513033359651371,0.4190975035604464,273.6851095676422,738.4591648101807,celltype
1942,MERFISH,Hypothalamus,Animal2_Bregma-0.19,GraphST,0.0733969066273166,0.193278585873854,0.3185932502349409,0.5598222222222222,0.1984255837653248,0.188391854734214,0.193278585873854,15.553746652603149,993.6283168792723,celltype
1943,MERFISH,Hypothalamus,Animal2_Bregma-0.19,PRECAST,0.3303384492774582,0.5524525569884898,0.482668417546628,0.7884444444444444,0.6202323944494104,0.4980274424617033,0.5524525569884898,32.03512797355652,148.5,celltype
1944,MERFISH,Hypothalamus,Animal2_Bregma-0.19,SEDR,0.2668469919283393,0.460456529466996,0.4383941171592942,0.7031466666666667,0.5001591674588809,0.4270922776299904,0.460456529466996,22.81133408546448,738.613752746582,celltype
1945,MERFISH,Hypothalamus,Animal2_Bregma-0.19,STAGATE,0.0581497726716202,0.1631471069427872,0.2671437302660352,0.5491911111111112,0.1789584017048219,0.1499153890724844,0.1631471069427872,40.438122844696046,372.2956827163696,celltype
1946,MERFISH,Hypothalamus,Animal2_Bregma-0.19,SpaGCN,0.3085265352851139,0.4892096153235791,0.463217678109466,0.7836444444444445,0.550998844709503,0.4398811665223366,0.4892096153235791,10.420084142684937,617.3316665649414,celltype
1947,MERFISH,Hypothalamus,Animal2_Bregma-0.19,SpaceFlow,0.0940051246161372,0.1445645676032425,0.2788052281290122,0.5399822222222221,0.1634181662190141,0.1296113098652158,0.1445645676032425,62.65391473770141,409.557488822937,celltype
1948,MERFISH,Hypothalamus,Animal2_Bregma-0.19,SpatialMGCN,0.4755637070139286,0.67610100071956,0.6039795972347523,0.8961777777777777,0.7477789115874153,0.6169624275339184,0.67610100071956,49.58657093048096,499.02922916412354,celltype
1949,MERFISH,Hypothalamus,Animal2_Bregma-0.19,stLearn,0.4006905969832721,0.6175136385409331,0.5419613403896124,0.8564622222222222,0.692905684583897,0.5569261696189576,0.6175136385409331,1.5947276592254638,24.972719764709478,celltype
1950,MERFISH,Hypothalamus,Animal2_Bregma-0.24,BASS,0.4606920518779255,0.6342677545717254,0.5663917330456386,0.8432637571157496,0.6824165947775755,0.5924655349481125,0.6342677545717254,858.4145959854126,1533.1,celltype
1951,MERFISH,Hypothalamus,Animal2_Bregma-0.24,Banksy,0.4296355244602048,0.6030401755261647,0.571472192822004,0.7385199240986717,0.590174248080327,0.6164795646150276,0.6030401755261647,14.232347631454468,85.9670976638794,celltype
1952,MERFISH,Hypothalamus,Animal2_Bregma-0.24,CCST,0.116054203495081,0.1929690722342549,0.2854727864724399,0.4991271347248577,0.2012895599772418,0.1855584919848381,0.1929690722342549,453.8367670059204,1829.688197517395,celltype
1953,MERFISH,Hypothalamus,Animal2_Bregma-0.24,CellCharter,0.4078995478283777,0.5320939501171247,0.5245050742436559,0.7513851992409867,0.5596725461338506,0.5074074770882336,0.5320939501171246,7.874517822265625,85.95743255615234,celltype
1954,MERFISH,Hypothalamus,Animal2_Bregma-0.24,DeepST,0.4144284070968098,0.471717854409325,0.576004301670453,0.714876660341556,0.4469410645736429,0.5017865065484021,0.4717178544093251,259.08496708869933,649.0443649291992,celltype
1955,MERFISH,Hypothalamus,Animal2_Bregma-0.24,GraphST,0.0706856590401319,0.1844242412789176,0.2513578968105229,0.5072106261859582,0.1940684223329359,0.1756932116613473,0.1844242412789176,15.95693325996399,873.8406831741333,celltype
1956,MERFISH,Hypothalamus,Animal2_Bregma-0.24,PRECAST,0.4835026321898311,0.636062038445604,0.5855829204618622,0.8426944971537,0.6841271757021601,0.594307422014256,0.636062038445604,30.29336996078491,150.26,celltype
1957,MERFISH,Hypothalamus,Animal2_Bregma-0.24,SEDR,0.3612023851122308,0.514231396863811,0.4999719951008569,0.7159013282732448,0.5218387795332008,0.5072017808244349,0.5142313968638109,21.26869640350342,649.1941209793091,celltype
1958,MERFISH,Hypothalamus,Animal2_Bregma-0.24,STAGATE,0.084377491221251,0.200152961682244,0.2551217829868567,0.4975332068311194,0.2125131297060816,0.1891515628690425,0.200152961682244,39.81023225784302,327.1925468444824,celltype
1959,MERFISH,Hypothalamus,Animal2_Bregma-0.24,SpaGCN,0.4224829966326715,0.544500202330334,0.5339379551568832,0.7944971537001898,0.5900778523852868,0.5054585522834266,0.544500202330334,9.686204147338866,542.5104955673218,celltype
1960,MERFISH,Hypothalamus,Animal2_Bregma-0.24,SpaceFlow,0.1007265078885529,0.1613977165712873,0.2578731449275986,0.4969639468690702,0.1746159538664548,0.1500400025223636,0.1613977165712873,55.23331136703492,356.4679096221924,celltype
1961,MERFISH,Hypothalamus,Animal2_Bregma-0.24,SpatialMGCN,0.4405269670204054,0.636397838100087,0.5787609031849196,0.8024667931688805,0.6275966142646854,0.6454494243079268,0.6363978381000871,39.91294898986816,439.1751468658448,celltype
1962,MERFISH,Hypothalamus,Animal2_Bregma-0.24,stLearn,0.4743993160640156,0.6398051553840747,0.578027970985798,0.8508159392789374,0.6901630404784165,0.5962970809764828,0.6398051553840747,1.3609549045562743,23.41205291748047,celltype
1963,MERFISH,Hypothalamus,Animal2_Bregma-0.29,BASS,0.6820032794845763,0.7293072924578149,0.7456808083590584,0.8786643370219375,0.7452540608437388,0.7140286773691271,0.7293072924578149,844.6720759391785,1477.64,celltype
1964,MERFISH,Hypothalamus,Animal2_Bregma-0.29,Banksy,0.3606071645404146,0.5430524826326207,0.5148640463731782,0.7291788002329644,0.5290789057674355,0.5577841990061793,0.5430524826326207,11.37039475440979,84.03375873565673,celltype
1965,MERFISH,Hypothalamus,Animal2_Bregma-0.29,CCST,0.1067300697220162,0.1826782076101747,0.2692148313838038,0.4742768394486507,0.1909999497383616,0.1750628388429173,0.1826782076101747,436.3442567348481,1758.5479709625245,celltype
1966,MERFISH,Hypothalamus,Animal2_Bregma-0.29,CellCharter,0.3621989648455287,0.4930339164558517,0.4841422345688349,0.6923315860997865,0.5098016789493952,0.4776008391675813,0.4930339164558518,8.549785232543945,84.01412162780761,celltype
1967,MERFISH,Hypothalamus,Animal2_Bregma-0.29,DeepST,0.3147326525286055,0.4128032305919458,0.5213386222777816,0.6365365948359542,0.3714306526882133,0.468040599470596,0.4128032305919458,257.0982016563416,620.3627771377563,celltype
1968,MERFISH,Hypothalamus,Animal2_Bregma-0.29,GraphST,0.0936197373878566,0.2020712232677151,0.2862245968944252,0.4835954183653658,0.2021094802102815,0.2020329808055843,0.2020712232677151,16.72939786911011,835.4080320358277,celltype
1969,MERFISH,Hypothalamus,Animal2_Bregma-0.29,PRECAST,0.6061407132499613,0.666090767056897,0.6836309308530958,0.8408076101727818,0.688175347758089,0.6453795672412223,0.6660907670568968,29.401970052719115,150.74,celltype
1970,MERFISH,Hypothalamus,Animal2_Bregma-0.29,SEDR,0.3143612266443754,0.4484954788126944,0.451563823047728,0.6524946612308289,0.4560734000570129,0.4412955882192911,0.4484954788126944,22.601366090774537,620.5103540420532,celltype
1971,MERFISH,Hypothalamus,Animal2_Bregma-0.29,STAGATE,0.0914196251383104,0.1691714239410034,0.263856405963279,0.4671714230246554,0.175328246181139,0.1634542632096305,0.1691714239410034,41.14125866889954,312.78982334136964,celltype
1972,MERFISH,Hypothalamus,Animal2_Bregma-0.29,SpaGCN,0.5182853745658549,0.5580059868431839,0.6126099484426929,0.7839254513686663,0.5713743436678933,0.5452488833579081,0.5580059868431839,14.156287479400635,522.0397216796875,celltype
1973,MERFISH,Hypothalamus,Animal2_Bregma-0.29,SpaceFlow,0.0800136902752357,0.1486576198237337,0.2351693119500675,0.4585905649388467,0.1595258980131342,0.1392045523905889,0.1486576198237337,45.36629667282104,335.64970989227294,celltype
1974,MERFISH,Hypothalamus,Animal2_Bregma-0.29,SpatialMGCN,0.6455466899373794,0.6743098490029232,0.7161603286696991,0.844496214327315,0.6940668089688437,0.655646541235437,0.6743098490029232,41.31419100761413,419.8015470504761,celltype
1975,MERFISH,Hypothalamus,Animal2_Bregma-0.29,stLearn,0.6273253915822652,0.6905411824130903,0.7003871715989012,0.8626674432149098,0.718360862010786,0.6651917317139597,0.6905411824130903,1.4465495586395265,22.89140834808349,celltype
1976,MERFISH,Hypothalamus,Animal2_Bregma0.01,BASS,0.4746702775216306,0.6075903968809373,0.5701447335649602,0.7173824130879346,0.6018745358307006,0.6134158632055,0.6075903968809373,865.6789040088654,1351.1799999999998,celltype
1977,MERFISH,Hypothalamus,Animal2_Bregma0.01,Banksy,0.5413181684369154,0.6549441056143741,0.6506475937826718,0.7458077709611451,0.6248567494731601,0.6880754953246223,0.654944105614374,10.003644275665284,79.78821067810058,celltype
1978,MERFISH,Hypothalamus,Animal2_Bregma0.01,CCST,0.1672555374897171,0.2275157085727422,0.323362123703624,0.4861758691206543,0.2260703015846989,0.2290386736437348,0.2275157085727422,400.155033159256,1583.269817352295,celltype
1979,MERFISH,Hypothalamus,Animal2_Bregma0.01,CellCharter,0.4494464629790204,0.5492315190113946,0.5504262367584991,0.7271165644171779,0.5540774591086095,0.5452091790877713,0.5492315190113946,9.034859228134156,79.75583057403564,celltype
1980,MERFISH,Hypothalamus,Animal2_Bregma0.01,DeepST,0.3702727809171546,0.4618827875044314,0.5234776545214037,0.6759509202453987,0.4282511063026386,0.5016149477698881,0.4618827875044314,231.94937014579773,559.7257265090942,celltype
1981,MERFISH,Hypothalamus,Animal2_Bregma0.01,GraphST,0.159019097407061,0.2355408583517029,0.3274456044971935,0.5190184049079755,0.2333484650909593,0.2377748389968633,0.2355408583517028,15.47768292427063,754.1415916442871,celltype
1982,MERFISH,Hypothalamus,Animal2_Bregma0.01,PRECAST,0.6563806987759653,0.6811412253942605,0.718861574748974,0.8335378323108384,0.6913777320892589,0.671203418650102,0.6811412253942604,26.78238997459412,151.04000000000002,celltype
1983,MERFISH,Hypothalamus,Animal2_Bregma0.01,SEDR,0.3040004915378855,0.4463996451564572,0.4485145663885245,0.6425357873210634,0.4406159305395853,0.4532951640145949,0.4463996451564571,22.710901260375977,559.8697523117065,celltype
1984,MERFISH,Hypothalamus,Animal2_Bregma0.01,STAGATE,0.1280141755990448,0.2079398103377064,0.2860635854020353,0.4857668711656441,0.2111144837988813,0.2049028782742644,0.2079398103377064,40.18766198158264,282.69158573150634,celltype
1985,MERFISH,Hypothalamus,Animal2_Bregma0.01,SpaGCN,0.5670094003054638,0.5953321575431846,0.648679986483131,0.7789366053169734,0.5978288269816243,0.5928562546999403,0.5953321575431846,14.002989721298215,471.2957834243774,celltype
1986,MERFISH,Hypothalamus,Animal2_Bregma0.01,SpaceFlow,0.1057308753228275,0.1808914661119633,0.244698649291279,0.4803680981595091,0.1916563988725143,0.171278782168569,0.1808914661119633,31.88270230293274,294.4753263473511,celltype
1987,MERFISH,Hypothalamus,Animal2_Bregma0.01,SpatialMGCN,0.6379098135330287,0.7062504977971927,0.7093809874885243,0.8179959100204499,0.7038201168851145,0.7086977217027589,0.7062504977971927,40.32848892211914,379.019775390625,celltype
1988,MERFISH,Hypothalamus,Animal2_Bregma0.01,stLearn,0.5446297231672832,0.6470743186183612,0.6235122303973971,0.8173415132924335,0.6670318296922404,0.6287120537861594,0.6470743186183612,1.3827411651611328,21.74976768493652,celltype
1989,MERFISH,Hypothalamus,Animal2_Bregma0.06,BASS,0.681580869756719,0.7752961362303027,0.7427144984711226,0.9229603981822116,0.8236414042132587,0.7323116495777701,0.7752961362303027,810.2639880180359,1379.56,celltype
1990,MERFISH,Hypothalamus,Animal2_Bregma0.06,Banksy,0.4004460978887174,0.6157476399789654,0.5215147563800165,0.7753732958234149,0.6297517212373814,0.6023528403491794,0.6157476399789653,9.908321523666382,75.41352310180665,celltype
1991,MERFISH,Hypothalamus,Animal2_Bregma0.06,CCST,0.1710901652445333,0.2182912417772859,0.3187151358303375,0.5350789872322008,0.231160684110088,0.2067988989177533,0.2182912417772859,361.8938206672668,1414.2537788391114,celltype
1992,MERFISH,Hypothalamus,Animal2_Bregma0.06,CellCharter,0.4870145558259452,0.5714064424996834,0.5828773423139422,0.7903916901103657,0.6006885756282351,0.5449640655096668,0.5714064424996834,7.104869937896728,75.38052635192871,celltype
1993,MERFISH,Hypothalamus,Animal2_Bregma0.06,DeepST,0.5302681588846028,0.5375496347848182,0.6314794654749523,0.7925557238692924,0.5344001068000874,0.541380386839094,0.5375496347848182,212.94233798980716,500.4941801071167,celltype
1994,MERFISH,Hypothalamus,Animal2_Bregma0.06,GraphST,0.1276987984630639,0.2182282653318093,0.3070129419587377,0.5420904566111231,0.2220751969442198,0.2145123424251429,0.2182282653318093,14.149759244918824,674.7348625183106,celltype
1995,MERFISH,Hypothalamus,Animal2_Bregma0.06,PRECAST,0.655407337495343,0.7184084018095445,0.7220683787204025,0.8991560268340187,0.7782157637571384,0.6671376074897771,0.7184084018095445,25.112432098388677,152.34,celltype
1996,MERFISH,Hypothalamus,Animal2_Bregma0.06,SEDR,0.4203072776264259,0.5489729137158386,0.5253851529834378,0.7520017312270071,0.5861637007786367,0.5163393091643954,0.5489729137158386,20.05079846382141,500.6337007522583,celltype
1997,MERFISH,Hypothalamus,Animal2_Bregma0.06,STAGATE,0.212441375157044,0.2469123701873041,0.3593067562990627,0.5665873187621726,0.2573754278130933,0.2373236597369828,0.2469123701873041,35.63504333496094,252.70305080413817,celltype
1998,MERFISH,Hypothalamus,Animal2_Bregma0.06,SpaGCN,0.5657760675630348,0.5970224254628299,0.6461016998495067,0.8392122917117508,0.6253836012023626,0.5711220152015051,0.5970224254628299,11.715117645263671,421.715496635437,celltype
1999,MERFISH,Hypothalamus,Animal2_Bregma0.06,SpaceFlow,0.1708491910093368,0.1997097246436126,0.3159267269795063,0.5344297771045229,0.2132332521966346,0.1878440233284832,0.1997097246436126,48.01473593711853,283.598846244812,celltype
2000,MERFISH,Hypothalamus,Animal2_Bregma0.06,SpatialMGCN,0.7010979933540745,0.7198188446375006,0.758382021942901,0.8615018394286951,0.7450062585948458,0.6962788236527734,0.7198188446375007,36.95241541862488,339.3676485061645,celltype
2001,MERFISH,Hypothalamus,Animal2_Bregma0.06,stLearn,0.6670806249001672,0.7502420420976612,0.7307242039628716,0.908288249296689,0.7996213334759579,0.7066251595107942,0.7502420420976612,1.2998294353485107,20.565578651428225,celltype
2002,MERFISH,Hypothalamus,Animal2_Bregma0.11,BASS,0.7038629247024081,0.7570324209567729,0.7597503970228302,0.9146316437512828,0.8037498462746525,0.7154475102017285,0.757032420956773,795.7425339221954,1358.22,celltype
2003,MERFISH,Hypothalamus,Animal2_Bregma0.11,Banksy,0.4765263470662846,0.6237535785874111,0.5767999338308623,0.7783706135850605,0.6371529174809669,0.610906208520418,0.6237535785874112,9.913647413253784,79.51131248474121,celltype
2004,MERFISH,Hypothalamus,Animal2_Bregma0.11,CCST,0.1674422432375676,0.2401169069762443,0.3109964680330465,0.5525959367945824,0.2549766386333906,0.2269464604756702,0.2401169069762443,398.0063316345215,1573.7206270217896,celltype
2005,MERFISH,Hypothalamus,Animal2_Bregma0.11,CellCharter,0.3876378749454374,0.5220917785034818,0.4965487395050936,0.7388877488200287,0.5537787669554787,0.4939510756704175,0.5220917785034818,6.265548753738403,79.48537349700928,celltype
2006,MERFISH,Hypothalamus,Animal2_Bregma0.11,DeepST,0.4471008509839851,0.5138621062171844,0.5938489956170916,0.724276626308229,0.4725860656497819,0.567501739742982,0.5138621062171844,231.2053376674652,555.8846578598022,celltype
2007,MERFISH,Hypothalamus,Animal2_Bregma0.11,GraphST,0.2020492943999524,0.2430476732206049,0.3519481689774993,0.553252616458034,0.2487182598703206,0.2376298928821076,0.2430476732206049,15.547088003158567,748.9919008255005,celltype
2008,MERFISH,Hypothalamus,Animal2_Bregma0.11,PRECAST,0.662500302565289,0.7020042094457829,0.7247922845701342,0.8844654217114714,0.7432216900336243,0.665118181874657,0.7020042094457828,25.50379199981689,151.45999999999998,celltype
2009,MERFISH,Hypothalamus,Animal2_Bregma0.11,SEDR,0.4973681445578474,0.5726126780837892,0.5879250296292173,0.7923660989123743,0.6072364659672191,0.541794166277952,0.5726126780837892,20.90165877342224,556.0280149459838,celltype
2010,MERFISH,Hypothalamus,Animal2_Bregma0.11,STAGATE,0.1765916784867977,0.2337621697171071,0.3530623150105332,0.5415555099528012,0.2309652253321701,0.2366687388644063,0.2337621697171071,36.93976988792419,280.56036586761473,celltype
2011,MERFISH,Hypothalamus,Animal2_Bregma0.11,SpaGCN,0.5707226570384268,0.5978291351825125,0.6482680384810839,0.8387030576646829,0.6404111908263822,0.560556741009612,0.5978291351825126,18.816978311538698,471.3644697189331,celltype
2012,MERFISH,Hypothalamus,Animal2_Bregma0.11,SpaceFlow,0.2049801718328588,0.2133919167978352,0.3373228941674978,0.5478760517135235,0.2289277913819997,0.199836545131045,0.2133919167978352,46.57296905517578,313.04571266174315,celltype
2013,MERFISH,Hypothalamus,Animal2_Bregma0.11,SpatialMGCN,0.6715137505406776,0.7103057384280973,0.7322472522182985,0.867227580545865,0.7418828462452924,0.6813069508790984,0.7103057384280973,35.62866439819336,376.4914741516113,celltype
2014,MERFISH,Hypothalamus,Animal2_Bregma0.11,stLearn,0.6788039598352865,0.7315050600155808,0.7387300430957382,0.8986661194336139,0.7767515424241911,0.691250439809241,0.7315050600155808,1.3100054264068604,21.671448516845704,celltype
2015,MERFISH,Hypothalamus,Animal2_Bregma0.16,BASS,0.7380052937218063,0.7771552436538919,0.7873971675408596,0.9085726814295112,0.8116281814434604,0.7454913872207473,0.7771552436538918,824.4095079898834,1309.1,celltype
2016,MERFISH,Hypothalamus,Animal2_Bregma0.16,Banksy,0.5695555777667521,0.6343097842180463,0.6605163357205813,0.8000438500328875,0.6390611321430119,0.6296285663629472,0.6343097842180463,10.094883728027344,74.43799991607666,celltype
2017,MERFISH,Hypothalamus,Animal2_Bregma0.16,CCST,0.1754804229476126,0.2396174236411562,0.3247791205275515,0.5383468537601404,0.2496104410388614,0.2304221273048465,0.2396174236411562,351.86892557144165,1382.6195043563844,celltype
2018,MERFISH,Hypothalamus,Animal2_Bregma0.16,CellCharter,0.390702038245817,0.5617414693876317,0.508754704139504,0.7501425126068845,0.5837581325592033,0.542128689319681,0.5617414693876316,6.668124723434448,74.40361518859864,celltype
2019,MERFISH,Hypothalamus,Animal2_Bregma0.16,DeepST,0.5539450118929609,0.550376715737849,0.6538787211687291,0.7746546809910108,0.5235330592254274,0.5802632055595414,0.550376715737849,214.92239985466003,487.7332424163818,celltype
2020,MERFISH,Hypothalamus,Animal2_Bregma0.16,GraphST,0.1809002750737653,0.2334112033294628,0.3225340984000481,0.5490024117518089,0.2483020073597919,0.2202053696712234,0.2334112033294628,20.93045301437378,657.6247917175293,celltype
2021,MERFISH,Hypothalamus,Animal2_Bregma0.16,PRECAST,0.6480279193432888,0.7201623760657437,0.713935911012641,0.8835781626836219,0.7642900751657752,0.6808521213363073,0.7201623760657437,24.951837968826293,152.74,celltype
2022,MERFISH,Hypothalamus,Animal2_Bregma0.16,SEDR,0.462840307234004,0.560625061467937,0.5596358752685892,0.7492655119491339,0.5891600166838051,0.5347776714341267,0.560625061467937,20.98531045913696,487.8722415924073,celltype
2023,MERFISH,Hypothalamus,Animal2_Bregma0.16,STAGATE,0.2071296651257482,0.2601651941764529,0.3434593183136677,0.5643060732295548,0.2770384644062279,0.2452504854708666,0.260165194176453,34.557566452026364,246.1622076034546,celltype
2024,MERFISH,Hypothalamus,Animal2_Bregma0.16,SpaGCN,0.5086708804482112,0.5607981422496081,0.5965454945539644,0.8017978513483885,0.5960172313954689,0.5295090685350533,0.5607981422496082,15.508813858032228,411.0813119888306,celltype
2025,MERFISH,Hypothalamus,Animal2_Bregma0.16,SpaceFlow,0.1861577830068081,0.2120748740863036,0.3192731317144316,0.5363297522473142,0.2297878916745478,0.1968994901348582,0.2120748740863036,51.36533598899841,274.2349849700928,celltype
2026,MERFISH,Hypothalamus,Animal2_Bregma0.16,SpatialMGCN,0.7806914942911242,0.7690120691612055,0.8222520493955792,0.8901556676167507,0.7917817224674376,0.7475154039736014,0.7690120691612056,38.663898944854736,330.69160385131835,celltype
2027,MERFISH,Hypothalamus,Animal2_Bregma0.16,stLearn,0.6489984886767446,0.7276412909082566,0.7155559799735064,0.8924797193597895,0.7792234335829116,0.6825502387935751,0.7276412909082566,1.2607772827148438,20.30575771331787,celltype
2028,MERFISH,Hypothalamus,Animal2_Bregma0.21,BASS,0.6078376974297862,0.6729595534207338,0.682324963673261,0.8258967629046369,0.6852582801004123,0.6610945079354845,0.6729595534207338,812.2999380111694,1305.92,celltype
2029,MERFISH,Hypothalamus,Animal2_Bregma0.21,Banksy,0.5370080378087808,0.6417855443772874,0.6331680649395417,0.7554680664916885,0.6439095040818176,0.6396755505277146,0.6417855443772874,10.51642279624939,74.61558151245117,celltype
2030,MERFISH,Hypothalamus,Animal2_Bregma0.21,CCST,0.1753082318221482,0.2411099703922676,0.3299445444158976,0.526421697287839,0.2473433976609751,0.2353148424571162,0.2411099703922676,356.32178955078126,1388.404264831543,celltype
2031,MERFISH,Hypothalamus,Animal2_Bregma0.21,CellCharter,0.3917951359080787,0.5211731201763219,0.5058497430958323,0.7063429571303587,0.5402886081848445,0.5034620395629451,0.5211731201763219,6.936164093017578,74.58532314300537,celltype
2032,MERFISH,Hypothalamus,Animal2_Bregma0.21,DeepST,0.5023247119493871,0.5214199387785614,0.6175664369804744,0.75748031496063,0.5011966703199195,0.5439373695449798,0.5214199387785614,218.8351751804352,490.0604272842408,celltype
2033,MERFISH,Hypothalamus,Animal2_Bregma0.21,GraphST,0.1746225489323915,0.2500329826620852,0.3405602914065906,0.5564304461942258,0.2537882246998807,0.2463872510144466,0.2500329826620851,15.561928176879883,660.7440418243408,celltype
2034,MERFISH,Hypothalamus,Animal2_Bregma0.21,PRECAST,0.6402786921320899,0.6994811560525923,0.7088648523155223,0.8766404199475065,0.7315631487410053,0.6700947982841706,0.6994811560525924,23.400065994262697,152.57999999999998,celltype
2035,MERFISH,Hypothalamus,Animal2_Bregma0.21,SEDR,0.370458266113439,0.4647989343939178,0.4936620256322914,0.6684601924759405,0.4729641454976013,0.457459352898245,0.4647989343939177,20.51814384460449,490.1995431900024,celltype
2036,MERFISH,Hypothalamus,Animal2_Bregma0.21,STAGATE,0.2024401937704038,0.2705644974161298,0.3501611702981294,0.5775590551181102,0.2786911867044639,0.2628985035644661,0.2705644974161298,33.6825083732605,247.42140922546383,celltype
2037,MERFISH,Hypothalamus,Animal2_Bregma0.21,SpaGCN,0.4964994439714471,0.5867833387069115,0.5911962163121407,0.7784339457567804,0.605425828038427,0.5692546454095876,0.5867833387069116,6.722149324417114,410.7382734298706,celltype
2038,MERFISH,Hypothalamus,Animal2_Bregma0.21,SpaceFlow,0.1577314641485706,0.2061786046335747,0.3027292165973693,0.5307961504811899,0.2187533901915949,0.1950008608998588,0.2061786046335747,37.13923907279968,272.89604358673097,celltype
2039,MERFISH,Hypothalamus,Animal2_Bregma0.21,SpatialMGCN,0.7714384002826407,0.7567667102430191,0.8165761847819846,0.8847331583552055,0.764330859417044,0.749350810123827,0.7567667102430191,39.47119297981262,332.35316276550293,celltype
2040,MERFISH,Hypothalamus,Animal2_Bregma0.21,stLearn,0.5859271588741632,0.6764143291079068,0.6640707380048507,0.8622484689413824,0.7148490936071515,0.6419028348628746,0.6764143291079069,1.2546714305877686,20.349513816833497,celltype
2041,MERFISH,Hypothalamus,Animal2_Bregma0.26,BASS,0.6212336083560696,0.7406472013535134,0.69491824936631,0.8754216325612771,0.7737910036336029,0.7102260765971375,0.7406472013535135,776.4014440536499,1308.36,celltype
2042,MERFISH,Hypothalamus,Animal2_Bregma0.26,Banksy,0.5150876114348525,0.666720293990744,0.6092080352237214,0.838317967168878,0.7020410630668088,0.6347833635505877,0.6667202939907441,12.76549940109253,72.5838228225708,celltype
2043,MERFISH,Hypothalamus,Animal2_Bregma0.26,CCST,0.1173473769109698,0.1945179196066234,0.2770179640589053,0.5111310996177199,0.2072346626449119,0.1833032308119879,0.1945179196066234,338.0763907432556,1303.977479171753,celltype
2044,MERFISH,Hypothalamus,Animal2_Bregma0.26,CellCharter,0.4336817607793339,0.5711036514586376,0.544831964737867,0.760422756914774,0.6026021578360733,0.5437956309953131,0.5711036514586376,7.819310569763184,72.55972957611084,celltype
2045,MERFISH,Hypothalamus,Animal2_Bregma0.26,DeepST,0.4308282862368601,0.5025749703402705,0.5655096903314123,0.7549359118506859,0.4917811624098882,0.5144687525228335,0.5025749703402705,210.3293361186981,463.9437223434449,celltype
2046,MERFISH,Hypothalamus,Animal2_Bregma0.26,GraphST,0.1324127534768595,0.1967754898426747,0.3021779636426038,0.5212502810883742,0.2027431984430915,0.1911490527785084,0.1967754898426747,16.900218152999877,625.7231761932374,celltype
2047,MERFISH,Hypothalamus,Animal2_Bregma0.26,PRECAST,0.6104444160153571,0.7011398552714083,0.6881046429050168,0.8882392624241062,0.7654936646006565,0.6467671880322187,0.7011398552714083,25.481623935699464,152.92000000000002,celltype
2048,MERFISH,Hypothalamus,Animal2_Bregma0.26,SEDR,0.385389878419175,0.5061484005415318,0.4976724485689563,0.7547560152912076,0.5483328722212104,0.4700506699547541,0.5061484005415318,20.724198150634766,464.0805362701416,celltype
2049,MERFISH,Hypothalamus,Animal2_Bregma0.26,STAGATE,0.1073167603221431,0.1681078605307059,0.2766579000388313,0.4929165729705419,0.1752272917385415,0.1615775260794724,0.1681078605307059,35.68769311904907,234.31976146698,celltype
2050,MERFISH,Hypothalamus,Animal2_Bregma0.26,SpaGCN,0.5394292262572249,0.6001429716875071,0.6289971074638102,0.8174049921295256,0.6179425173318673,0.5833401316053443,0.6001429716875071,19.274583101272587,395.6496625900269,celltype
2051,MERFISH,Hypothalamus,Animal2_Bregma0.26,SpaceFlow,0.1139627896594755,0.1586266149281662,0.2662348300972872,0.5002473577692826,0.1719945765453515,0.1471935366549923,0.1586266149281662,31.970653295516968,244.0829792022705,celltype
2052,MERFISH,Hypothalamus,Animal2_Bregma0.26,SpatialMGCN,0.5692140055599749,0.7090696458815721,0.6542963392701477,0.8628288733977962,0.740250997832349,0.6804089989796603,0.709069645881572,38.90389246940613,314.6993349075317,celltype
2053,MERFISH,Hypothalamus,Animal2_Bregma0.26,stLearn,0.6023257784107583,0.7142588368502573,0.6796592424278154,0.8718237013717113,0.7579734414120356,0.67556074309365,0.7142588368502573,1.3366584777832031,19.803968238830567,celltype
2054,MERFISH,Hypothalamus,Animal3_Bregma0.01,BASS,0.522060158710678,0.7010860696642651,0.610434749519567,0.8281063914251687,0.7287720463458897,0.6754266781505727,0.701086069664265,824.7908560276031,1458.28,celltype
2055,MERFISH,Hypothalamus,Animal3_Bregma0.01,Banksy,0.3811503095829698,0.6084810058889526,0.5429024689895412,0.7012703453751489,0.570947154970604,0.6512970271396062,0.6084810058889525,13.129584169387815,82.19576816558838,celltype
2056,MERFISH,Hypothalamus,Animal3_Bregma0.01,CCST,0.1161578944334934,0.1957596083920958,0.2948215012650875,0.4541881699086939,0.1927045442132829,0.1989145765048607,0.1957596083920958,419.6742262840271,1667.5563886642456,celltype
2057,MERFISH,Hypothalamus,Animal3_Bregma0.01,CellCharter,0.3635959010420579,0.5209510687287413,0.4844822496317422,0.6833664152441445,0.5293661094735957,0.5130716339006952,0.5209510687287414,7.62291145324707,82.16229133605957,celltype
2058,MERFISH,Hypothalamus,Animal3_Bregma0.01,DeepST,0.3261881317128777,0.4743080835832338,0.5565240692656845,0.6156411274315203,0.394357279853175,0.5951621415896583,0.4743080835832337,238.29813170433044,593.7271894454956,celltype
2059,MERFISH,Hypothalamus,Animal3_Bregma0.01,GraphST,0.0821195420337056,0.1945000452658952,0.2697725563938585,0.4696308058753472,0.1943521592292916,0.1946481565321445,0.1945000452658952,14.599218559265136,799.7132722854615,celltype
2060,MERFISH,Hypothalamus,Animal3_Bregma0.01,PRECAST,0.3891780096082418,0.5881880296935131,0.498886409570176,0.7187375942834459,0.6156746250545666,0.563050807710581,0.588188029693513,28.441751956939697,150.34,celltype
2061,MERFISH,Hypothalamus,Animal3_Bregma0.01,SEDR,0.3930333581999609,0.5547058176182972,0.5217440311488685,0.6802699483922192,0.5497340314830872,0.5597849281805527,0.5547058176182973,22.86709098815918,593.8735631942749,celltype
2062,MERFISH,Hypothalamus,Animal3_Bregma0.01,STAGATE,0.0746606382846835,0.1717905897926467,0.2732361726484613,0.4272727272727272,0.1689272720020412,0.1751028411695224,0.1717905897926467,41.49363298416138,299.80145225524905,celltype
2063,MERFISH,Hypothalamus,Animal3_Bregma0.01,SpaGCN,0.3645685145495251,0.5267174520707674,0.4784424906272734,0.6984914648670107,0.5503578973815423,0.5050242968928189,0.5267174520707674,30.86034045219421,504.8296051025391,celltype
2064,MERFISH,Hypothalamus,Animal3_Bregma0.01,SpaceFlow,0.0745633864019606,0.1436231188142308,0.2244148410714402,0.4319174275506153,0.1541878040449877,0.1344172227203268,0.1436231188142308,42.61203308105469,320.383518409729,celltype
2065,MERFISH,Hypothalamus,Animal3_Bregma0.01,SpatialMGCN,0.5523368213168157,0.6787670749785367,0.6497779917932528,0.7838427947598253,0.6662652966452414,0.6917469909169967,0.6787670749785367,37.96763744354248,401.85980587005616,celltype
2066,MERFISH,Hypothalamus,Animal3_Bregma0.01,stLearn,0.4913737053548541,0.6592719269072855,0.584024595118226,0.8331877729257642,0.7021822271075895,0.6213619574494416,0.6592719269072855,1.4315348625183106,22.399207496643065,celltype
2067,MERFISH,Hypothalamus,Animal3_Bregma0.06,BASS,0.6638360726501733,0.7229426405020155,0.727805619125868,0.8469250048197416,0.7327615658181752,0.7133833807588555,0.7229426405020156,828.0447740077973,1496.58,celltype
2068,MERFISH,Hypothalamus,Animal3_Bregma0.06,Banksy,0.4502769200887889,0.6222833327147991,0.5565950750738459,0.7250819356082514,0.6267735309538269,0.6178570123109561,0.6222833327147991,10.518238973617551,84.62003803253174,celltype
2069,MERFISH,Hypothalamus,Animal3_Bregma0.06,CCST,0.1489673025356706,0.221434670260345,0.3188741322523404,0.4923848081742818,0.220140692289693,0.2227719639334524,0.221434670260345,442.3736907958984,1779.9026405334473,celltype
2070,MERFISH,Hypothalamus,Animal3_Bregma0.06,CellCharter,0.3979142274680532,0.5540277504686024,0.5263636261007989,0.682398303450935,0.5446417728585753,0.5643912288206119,0.5540277504686024,9.845452499389648,84.5737211227417,celltype
2071,MERFISH,Hypothalamus,Animal3_Bregma0.06,DeepST,0.3535303304314531,0.466066955741833,0.5451165479523716,0.6465394254867939,0.4056888691896835,0.5503593380871423,0.466066955741833,249.3283336162567,628.9708765029907,celltype
2072,MERFISH,Hypothalamus,Animal3_Bregma0.06,GraphST,0.1348616893627042,0.2188592515723438,0.3034699276702385,0.4987468671679197,0.2215443775046146,0.2162384338703607,0.2188592515723438,15.589900732040403,846.9437067031861,celltype
2073,MERFISH,Hypothalamus,Animal3_Bregma0.06,PRECAST,0.4732943380554256,0.5890248014724904,0.5645585911746874,0.790052053209948,0.6260869222087092,0.556105341599857,0.5890248014724904,30.412270069122314,150.06,celltype
2074,MERFISH,Hypothalamus,Animal3_Bregma0.06,SEDR,0.4111094826756864,0.5355351601790705,0.5289231912119552,0.6820512820512821,0.5333261770204019,0.5380933448599536,0.5355351601790705,23.171907472610474,629.1202707290649,celltype
2075,MERFISH,Hypothalamus,Animal3_Bregma0.06,STAGATE,0.1845251550020987,0.2637293779654253,0.3509445645290866,0.5239637555427029,0.2595757597920374,0.2680986139696996,0.2637293779654253,38.90985360145569,317.38622760772705,celltype
2076,MERFISH,Hypothalamus,Animal3_Bregma0.06,SpaGCN,0.4873501697727026,0.573983525189768,0.5808039873342336,0.7462887989203779,0.5835520913486041,0.5647236903394007,0.573983525189768,21.01073303222656,527.5052379608154,celltype
2077,MERFISH,Hypothalamus,Animal3_Bregma0.06,SpaceFlow,0.1026288043654954,0.1667185305796808,0.2506897612832804,0.472951609793715,0.1756041541088645,0.1586922208389141,0.1667185305796808,59.55640964508056,357.592501449585,celltype
2078,MERFISH,Hypothalamus,Animal3_Bregma0.06,SpatialMGCN,0.5453403131418834,0.7006750133781787,0.6563496840414468,0.7524580682475419,0.6723277274869076,0.7315179297746572,0.7006750133781788,38.8230637550354,425.69496936798095,celltype
2079,MERFISH,Hypothalamus,Animal3_Bregma0.06,stLearn,0.584552362993626,0.6913316741603609,0.6589608386999304,0.8493541546173125,0.7215929618769724,0.6636332285786338,0.691331674160361,1.476229238510132,23.0468017578125,celltype
2080,MERFISH,Hypothalamus,Animal3_Bregma0.11,BASS,0.6661901796200974,0.7181006793249861,0.7297618865758654,0.8675862068965519,0.7390973020446073,0.6982640663127622,0.7181006793249861,801.3656419754028,1432.3200000000002,celltype
2081,MERFISH,Hypothalamus,Animal3_Bregma0.11,Banksy,0.5009888314984693,0.61305498110317,0.6129470532493165,0.7960591133004926,0.6144838643105827,0.6116327277543814,0.6130549811031699,10.30726432800293,82.7965919494629,celltype
2082,MERFISH,Hypothalamus,Animal3_Bregma0.11,CCST,0.1763546176530315,0.2392134824920453,0.3246128720779645,0.5583448275862068,0.2537953364932714,0.2262395185609172,0.2392134824920453,424.76671867370607,1689.0223138809204,celltype
2083,MERFISH,Hypothalamus,Animal3_Bregma0.11,CellCharter,0.4230531676849171,0.5464898106887357,0.5293394274118202,0.7522364532019704,0.5783670705367985,0.5179783323915055,0.5464898106887357,7.875329637527466,82.78389186859131,celltype
2084,MERFISH,Hypothalamus,Animal3_Bregma0.11,DeepST,0.4812455917295214,0.5004863308698295,0.5928252848510105,0.7657536945812808,0.4966586637756722,0.5048753513373996,0.5004863308698295,234.77249598503116,602.3841466903687,celltype
2085,MERFISH,Hypothalamus,Animal3_Bregma0.11,GraphST,0.1786224965454343,0.2307122571204138,0.3312806311930809,0.5497536945812808,0.2425805602968849,0.2199511046567882,0.2307122571204138,15.642139148712156,811.3147775650025,celltype
2086,MERFISH,Hypothalamus,Animal3_Bregma0.11,PRECAST,0.5964148766965964,0.6802892268598838,0.6728208681658236,0.8900492610837439,0.7413472930888337,0.6285234401710119,0.6802892268598838,27.384371948242187,151.12,celltype
2087,MERFISH,Hypothalamus,Animal3_Bregma0.11,SEDR,0.4650377960093322,0.5329201403740068,0.5662499439576272,0.7484137931034482,0.5547223827492814,0.512830031296686,0.5329201403740068,23.185184955596924,602.5306159973145,celltype
2088,MERFISH,Hypothalamus,Animal3_Bregma0.11,STAGATE,0.211911466834536,0.2563041659761755,0.3593477790884494,0.5601970443349753,0.2674274440591518,0.2462012694227602,0.2563041659761755,40.17003817558289,303.6723720550537,celltype
2089,MERFISH,Hypothalamus,Animal3_Bregma0.11,SpaGCN,0.5560574179287175,0.5944148223079061,0.6375678752626337,0.8338916256157635,0.6330863958848367,0.5601957172416631,0.5944148223079061,15.896317720413208,506.9950757980347,celltype
2090,MERFISH,Hypothalamus,Animal3_Bregma0.11,SpaceFlow,0.1914540379710576,0.2079103226544253,0.3343054386935744,0.5417931034482758,0.2210777878546886,0.1962334685800268,0.2079103226544253,129.39534182548522,427.4698471069336,celltype
2091,MERFISH,Hypothalamus,Animal3_Bregma0.11,SpatialMGCN,0.6676745958604607,0.7199192042448399,0.7302176031342429,0.8727093596059113,0.7637507321939213,0.6808455887392808,0.7199192042448399,44.27363362312317,407.7280359268189,celltype
2092,MERFISH,Hypothalamus,Animal3_Bregma0.11,stLearn,0.6521075670850364,0.7268306721492008,0.7185425377052774,0.904591133004926,0.7827039713245268,0.6784820885287309,0.7268306721492008,1.4514910697937011,22.556798934936523,celltype
2093,MERFISH,Hypothalamus,Animal3_Bregma0.16,BASS,0.7332235784755727,0.7821758483906215,0.7888692626908281,0.92507204610951,0.8300912361233482,0.7394902261726337,0.7821758483906214,806.3316059589386,1418.06,celltype
2094,MERFISH,Hypothalamus,Animal3_Bregma0.16,Banksy,0.411041085728258,0.6186113081584871,0.5276328407859856,0.7871552079044875,0.6522398534357811,0.5882804189901172,0.6186113081584872,10.120240545272829,79.2673749923706,celltype
2095,MERFISH,Hypothalamus,Animal3_Bregma0.16,CCST,0.1628881052694804,0.2312107040269794,0.3157032472876186,0.5467270481679704,0.2478350420842631,0.2166819730207438,0.2312107040269794,394.87860016822816,1565.3479997634888,celltype
2096,MERFISH,Hypothalamus,Animal3_Bregma0.16,CellCharter,0.4159981768396917,0.549564055285513,0.5302662240616588,0.7653355290242898,0.5884806305094152,0.5160702029795041,0.549564055285513,7.450008726119995,79.24101848602295,celltype
2097,MERFISH,Hypothalamus,Animal3_Bregma0.16,DeepST,0.4793614447785928,0.5218573946597951,0.5975964747018297,0.768546727048168,0.5170272040004475,0.5274622800045812,0.5218573946597951,230.56318554878237,552.5058422088623,celltype
2098,MERFISH,Hypothalamus,Animal3_Bregma0.16,GraphST,0.2044344990582457,0.2226947794724612,0.350643100177231,0.5584602717167558,0.2397645847570796,0.2078939713607485,0.2226947794724612,15.815522289276124,744.4631099700928,celltype
2099,MERFISH,Hypothalamus,Animal3_Bregma0.16,PRECAST,0.5883215639295841,0.6846449759894382,0.6718975437453579,0.8820502264306299,0.7495039338971022,0.6301172462435717,0.6846449759894382,26.869708013534545,151.45999999999998,celltype
2100,MERFISH,Hypothalamus,Animal3_Bregma0.16,SEDR,0.3761748017632852,0.5176086759826077,0.4974014462871036,0.7158913132976534,0.5492792392409187,0.4896132399891959,0.5176086759826077,20.636496925354,552.6490705490112,celltype
2101,MERFISH,Hypothalamus,Animal3_Bregma0.16,STAGATE,0.1630706930917024,0.2053001334240272,0.3227918554711997,0.5482503087690407,0.2180962641560269,0.1939485463442385,0.2053001334240272,37.47162880897522,278.81739139556885,celltype
2102,MERFISH,Hypothalamus,Animal3_Bregma0.16,SpaGCN,0.4379150374642087,0.5359717870161474,0.5444064474065755,0.8186496500617538,0.5840785125295127,0.4951865138251513,0.5359717870161474,14.590965509414673,465.25267486572267,celltype
2103,MERFISH,Hypothalamus,Animal3_Bregma0.16,SpaceFlow,0.2027578403177067,0.2037123505497082,0.3466220159189311,0.5452037875668999,0.2197259609191484,0.189874357916206,0.2037123505497082,29.83734211921692,290.775138092041,celltype
2104,MERFISH,Hypothalamus,Animal3_Bregma0.16,SpatialMGCN,0.7769043534216692,0.7656394375248088,0.8230609585013966,0.9094277480444628,0.7920031853446378,0.7409743096539064,0.7656394375248088,47.02043895721435,374.1679126739502,celltype
2105,MERFISH,Hypothalamus,Animal3_Bregma0.16,stLearn,0.6843713889256439,0.746099749255272,0.7496977577047075,0.91300946891725,0.800144534016815,0.6989518315699366,0.746099749255272,1.315004014968872,21.60891513824463,celltype
2106,MERFISH,Hypothalamus,Animal3_Bregma0.21,BASS,0.7001098477635613,0.7614751890614595,0.7645638242392991,0.9268344709897612,0.8182794791569361,0.7120455697955143,0.7614751890614595,809.3906179904938,1420.74,celltype
2107,MERFISH,Hypothalamus,Animal3_Bregma0.21,Banksy,0.5218100275045272,0.6521200220538335,0.623347973341705,0.8464163822525597,0.6794724585928131,0.6268845335447598,0.6521200220538333,10.21483497619629,76.50334739685059,celltype
2108,MERFISH,Hypothalamus,Animal3_Bregma0.21,CCST,0.0897642198117915,0.1720565376705797,0.2605501506395621,0.502901023890785,0.1860688211441102,0.1600324285121507,0.1720565376705797,371.19490842819215,1450.0255044937137,celltype
2109,MERFISH,Hypothalamus,Animal3_Bregma0.21,CellCharter,0.3296304590628783,0.5081223678994632,0.4626890226638031,0.7276877133105801,0.5492002511556642,0.4729927944575763,0.5081223678994633,8.009397029876709,76.47111663818359,celltype
2110,MERFISH,Hypothalamus,Animal3_Bregma0.21,DeepST,0.380863286909577,0.4753361166463702,0.5332260481213096,0.7397610921501706,0.4715213503356774,0.4815674003423537,0.4753361166463702,221.26250834465023,514.9366161346436,celltype
2111,MERFISH,Hypothalamus,Animal3_Bregma0.21,GraphST,0.1237641245562495,0.1770734482021483,0.2823994958425335,0.5155716723549488,0.1938488786173868,0.1629702170872566,0.1770734482021483,16.048410987854005,694.098978805542,celltype
2112,MERFISH,Hypothalamus,Animal3_Bregma0.21,PRECAST,0.5771485862724514,0.6755638026630704,0.665648258328617,0.8937713310580204,0.7426347345515215,0.619604340264919,0.6755638026630705,26.51946997642517,152.12,celltype
2113,MERFISH,Hypothalamus,Animal3_Bregma0.21,SEDR,0.4148794400859227,0.5444824867287557,0.5347027327040489,0.771160409556314,0.5741892352342267,0.5179386442419527,0.5444824867287557,23.04478874206543,515.0775323867798,celltype
2114,MERFISH,Hypothalamus,Animal3_Bregma0.21,STAGATE,0.1687882520863814,0.2032377020325118,0.3276028177938189,0.5426621160409557,0.2172926730826003,0.1909038164676882,0.2032377020325118,36.30005464553833,259.8647222518921,celltype
2115,MERFISH,Hypothalamus,Animal3_Bregma0.21,SpaGCN,0.3786935552017885,0.4989526577384212,0.4977479560404192,0.7662116040955631,0.5392192577686103,0.4642820495902434,0.4989526577384212,28.495439529418945,438.5633262634277,celltype
2116,MERFISH,Hypothalamus,Animal3_Bregma0.21,SpaceFlow,0.1333845086459038,0.1518573766025471,0.2850324749893425,0.5061860068259385,0.1690370933122259,0.1378498013990731,0.1518573766025471,46.42748098373413,280.7397413253784,celltype
2117,MERFISH,Hypothalamus,Animal3_Bregma0.21,SpatialMGCN,0.6811837773883782,0.732112371072467,0.7480631605524277,0.8944112627986348,0.7657998366234674,0.701263838252889,0.7321123710724671,50.89583649635315,349.0758493423462,celltype
2118,MERFISH,Hypothalamus,Animal3_Bregma0.21,stLearn,0.653620180700216,0.7293893933671209,0.7278378524514444,0.9091723549488056,0.790614449328612,0.6769787892993259,0.7293893933671209,1.3447787761688232,20.858034133911133,celltype
2119,MERFISH,Hypothalamus,Animal3_Bregma0.26,BASS,0.5559441272086244,0.7068270179389298,0.6529156228395244,0.8628434365460096,0.7312271903710925,0.6840026709573186,0.7068270179389297,802.5277661323547,1308.26,celltype
2120,MERFISH,Hypothalamus,Animal3_Bregma0.26,Banksy,0.6124314311216623,0.6637408097599298,0.7071643281481657,0.8231574356737899,0.6688354292536299,0.6587232165031033,0.6637408097599297,10.817056226730347,74.84364700317383,celltype
2121,MERFISH,Hypothalamus,Animal3_Bregma0.26,CCST,0.0916875142896179,0.1618442974441068,0.2833468350866521,0.5166593981683384,0.1691649918251457,0.1551450807164863,0.1618442974441068,357.4001571178436,1395.7431127548218,celltype
2122,MERFISH,Hypothalamus,Animal3_Bregma0.26,CellCharter,0.382626722715106,0.5393670788125716,0.5102542098708872,0.7693850850414304,0.5756885577615213,0.5074928321475454,0.5393670788125716,6.99693603515625,74.81506690979003,celltype
2123,MERFISH,Hypothalamus,Animal3_Bregma0.26,DeepST,0.4111761059545936,0.4768220390814695,0.5978495344086924,0.7348887919755779,0.4313219676177932,0.5344538784052212,0.4768220390814693,224.3502583026886,493.0303243637085,celltype
2124,MERFISH,Hypothalamus,Animal3_Bregma0.26,GraphST,0.0555162411002757,0.139952827887404,0.2624673193821634,0.495202791103358,0.1423297073004349,0.1376540313850739,0.139952827887404,14.093789100646973,664.7268577575684,celltype
2125,MERFISH,Hypothalamus,Animal3_Bregma0.26,PRECAST,0.5513828466700909,0.6867060844883173,0.6498713227431004,0.8573920627998255,0.7469893496048445,0.6354261522901593,0.6867060844883173,23.396083927154542,152.56,celltype
2126,MERFISH,Hypothalamus,Animal3_Bregma0.26,SEDR,0.3859543634010729,0.5292809747563298,0.5117002546592189,0.7780636720453554,0.5728901999164667,0.4919809082334889,0.5292809747563298,19.744587373733523,493.1691560745239,celltype
2127,MERFISH,Hypothalamus,Animal3_Bregma0.26,STAGATE,0.0562824510826151,0.1352836048612796,0.2793343303643211,0.4989533362407327,0.133655555133779,0.1370470686238433,0.1352836048612796,35.122620820999146,248.9293119430542,celltype
2128,MERFISH,Hypothalamus,Animal3_Bregma0.26,SpaGCN,0.4993366775327025,0.5815550081691448,0.6083870955530334,0.8179241168774531,0.594626979291958,0.5690454090198855,0.5815550081691447,6.704146671295166,412.3597890853882,celltype
2129,MERFISH,Hypothalamus,Animal3_Bregma0.26,SpaceFlow,0.081970432132222,0.1383108467994199,0.2605141637079113,0.5098124727431312,0.1484755351355825,0.1294517529296351,0.1383108467994199,56.99159045219422,287.3668281555176,celltype
2130,MERFISH,Hypothalamus,Animal3_Bregma0.26,SpatialMGCN,0.5832491371765918,0.7146849193101514,0.6854545773314216,0.855865678150894,0.7092355222872708,0.7202187054019464,0.7146849193101513,37.35387616157532,334.1804494857788,celltype
2131,MERFISH,Hypothalamus,Animal3_Bregma0.26,stLearn,0.5661572811735707,0.7092459429122021,0.6612189127437331,0.8768861753161797,0.7518705395495042,0.6714411184316373,0.7092459429122021,1.1699217796325685,20.412406539916997,celltype
2132,MERFISH,Mouse Primary Motor Cortex,mouse1_slice1,BASS,0.6222530710592951,0.8306295091061975,0.6710652797573751,0.8835155592935241,0.8787933372604275,0.7874707759639521,0.8306295091061975,347.16226601600647,1254.64,celltype
2133,MERFISH,Mouse Primary Motor Cortex,mouse1_slice1,Banksy,0.5842943926785923,0.8221157527980264,0.640471542180257,0.904457527333894,0.8836769764857193,0.7685864638103967,0.8221157527980264,11.964916133880616,67.74661617279052,celltype
2134,MERFISH,Mouse Primary Motor Cortex,mouse1_slice1,CCST,0.2337115981404602,0.3078835653545148,0.3051017306184885,0.4600504625735913,0.30995947499473,0.3058589869672802,0.3078835653545148,197.17421302795407,398.7353672027588,celltype
2135,MERFISH,Mouse Primary Motor Cortex,mouse1_slice1,CellCharter,0.4183137525314391,0.6689222902975035,0.4822600049746277,0.7489486963835155,0.7204463972364463,0.6243278803502125,0.6689222902975035,12.14836015701294,149.28409271240236,celltype
2136,MERFISH,Mouse Primary Motor Cortex,mouse1_slice1,DeepST,0.4912928727638475,0.6896787233348948,0.54706587529065,0.82228763666947,0.7340016712435176,0.6504341022535824,0.6896787233348948,121.95559945106508,148.31475372314452,celltype
2137,MERFISH,Mouse Primary Motor Cortex,mouse1_slice1,GraphST,0.2458258469978528,0.3598303479152269,0.312526274153159,0.5332211942809083,0.3831761464233681,0.3391659609017324,0.3598303479152269,18.88108401298523,199.38212909698487,celltype
2138,MERFISH,Mouse Primary Motor Cortex,mouse1_slice1,PRECAST,0.5495224019223944,0.7879287287462566,0.6081107109937255,0.8633305298570229,0.8473047480722512,0.7363294524543458,0.7879287287462567,39.22876601219177,146.1,celltype
2139,MERFISH,Mouse Primary Motor Cortex,mouse1_slice1,SEDR,0.3153182616083566,0.57689100608466,0.3832856439125447,0.6843566021867116,0.6257877521881519,0.5350819577373128,0.57689100608466,20.36942024230957,143.88400001525878,celltype
2140,MERFISH,Mouse Primary Motor Cortex,mouse1_slice1,STAGATE,0.1798911729711981,0.3129518831904804,0.2488195297880486,0.4915054667788057,0.337754892977491,0.2915438186682725,0.3129518831904804,34.93586668968201,80.1157636642456,celltype
2141,MERFISH,Mouse Primary Motor Cortex,mouse1_slice1,SpaGCN,0.4859894784462376,0.7247871210868467,0.5481171006604918,0.8212783851976451,0.7813632493982017,0.6758508253931023,0.7247871210868467,8.61809482574463,137.66437091827393,celltype
2142,MERFISH,Mouse Primary Motor Cortex,mouse1_slice1,SpaceFlow,0.1584755555800562,0.314833419969866,0.2279047167179079,0.4746846089150546,0.3454811806155043,0.2891835864417326,0.314833419969866,54.93028888702393,137.31588726043702,celltype
2143,MERFISH,Mouse Primary Motor Cortex,mouse1_slice1,SpatialMGCN,0.5936809631707803,0.827663044382945,0.6504766408444301,0.9163162321278384,0.8893284435004345,0.7739947978818201,0.827663044382945,42.17816848754883,76.32296657562256,celltype
2144,MERFISH,Mouse Primary Motor Cortex,mouse1_slice1,stLearn,0.5934918940795421,0.8256485269162488,0.6481097187957638,0.8975609756097562,0.8828839756117753,0.7754153837115917,0.8256485269162488,1.316080665588379,25.30457649230957,celltype
2145,MERFISH,Mouse Primary Motor Cortex,mouse1_slice10,BASS,0.7425976033511597,0.8505886275357881,0.7673669607477761,0.8968221213371853,0.8684240542752134,0.8334710547743265,0.8505886275357879,504.37081203460696,764.9799999999999,celltype
2146,MERFISH,Mouse Primary Motor Cortex,mouse1_slice10,Banksy,0.6516472086137385,0.826315479315096,0.6949678103993382,0.8988856789104416,0.8749065008210166,0.7828378172149257,0.8263154793150959,12.203770208358764,68.73269500732422,celltype
2147,MERFISH,Mouse Primary Motor Cortex,mouse1_slice10,CCST,0.2346372739862191,0.3372722807265081,0.3042062282744365,0.4956665290961617,0.3358435983383894,0.3387426751347156,0.3372722807265081,201.1644681930542,416.7798198699951,celltype
2148,MERFISH,Mouse Primary Motor Cortex,mouse1_slice10,CellCharter,0.4387058099125929,0.654907996103239,0.4942236294433976,0.7443664878250102,0.6957408016449493,0.6186334713754836,0.6549079961032391,12.220483207702635,62.22024707794189,celltype
2149,MERFISH,Mouse Primary Motor Cortex,mouse1_slice10,DeepST,0.5374805900126465,0.6839278269914316,0.5806731405476638,0.809492364836979,0.7066623605172507,0.6626210381197618,0.6839278269914316,129.17880229949952,148.3005687713623,celltype
2150,MERFISH,Mouse Primary Motor Cortex,mouse1_slice10,GraphST,0.2422705485348667,0.3888608046034533,0.3058127029066416,0.5385885266198926,0.4153694243343695,0.3655327317654011,0.3888608046034533,17.926001691818236,204.0174259185791,celltype
2151,MERFISH,Mouse Primary Motor Cortex,mouse1_slice10,PRECAST,0.5741922365588606,0.791215205263883,0.6245424978783336,0.8683450268262485,0.8415759988479596,0.7465413831153103,0.791215205263883,38.86287999153137,143.3,celltype
2152,MERFISH,Mouse Primary Motor Cortex,mouse1_slice10,SEDR,0.4210378301880998,0.5946540756013527,0.4764741707696763,0.6880726372265786,0.631165180092102,0.5621547700216414,0.5946540756013529,21.349728679656984,148.93173809051513,celltype
2153,MERFISH,Mouse Primary Motor Cortex,mouse1_slice10,STAGATE,0.2070889752941077,0.3800900190445735,0.272043495910386,0.5267849773008667,0.4093895887017384,0.3547092004730665,0.3800900190445735,27.620852947235107,80.47692947387695,celltype
2154,MERFISH,Mouse Primary Motor Cortex,mouse1_slice10,SpaGCN,0.5387152557516417,0.7433952027286802,0.5848618002053867,0.8241848947585637,0.7789576621134315,0.7109381019081003,0.7433952027286802,16.280764722824095,141.8508783340454,celltype
2155,MERFISH,Mouse Primary Motor Cortex,mouse1_slice10,SpaceFlow,0.1757500629592812,0.3394925174100561,0.241126866450986,0.4931077177053239,0.363654499901122,0.3183475444315261,0.3394925174100561,36.89182262420654,104.39039707183838,celltype
2156,MERFISH,Mouse Primary Motor Cortex,mouse1_slice10,SpatialMGCN,0.5747837054326036,0.802111596790823,0.6145036439175166,0.8609162195625257,0.8347485121368864,0.771930725112445,0.8021115967908228,38.80599312782287,78.9293369293213,celltype
2157,MERFISH,Mouse Primary Motor Cortex,mouse1_slice10,stLearn,0.6813132504349717,0.8354788938741702,0.7176518512352299,0.8956665290961616,0.873230217056064,0.8009630231974059,0.8354788938741704,1.1842132091522215,25.600355911254884,celltype
2158,MERFISH,Mouse Primary Motor Cortex,mouse1_slice102,BASS,0.7206910852283479,0.8532987121506255,0.7442870682579017,0.8866438864953201,0.8726426739895301,0.8347937513563439,0.8532987121506255,980.2355680942536,2044.26,celltype
2159,MERFISH,Mouse Primary Motor Cortex,mouse1_slice102,Banksy,0.689029373387018,0.8561263198230706,0.717892612606462,0.9102659337394148,0.8905003993859946,0.8243073488131282,0.8561263198230709,13.893390417099,192.90823783874512,celltype
2160,MERFISH,Mouse Primary Motor Cortex,mouse1_slice102,CCST,0.1769267337470604,0.3221687758875393,0.23442828503761,0.4468578220175308,0.3249166607829798,0.3195143153485912,0.3221687758875393,1018.3880884647368,3028.741091537476,celltype
2161,MERFISH,Mouse Primary Motor Cortex,mouse1_slice102,CellCharter,0.4672469143456231,0.6868888250323394,0.5072121113641233,0.7506165502897044,0.7124671365970745,0.663123945571647,0.6868888250323394,17.683863592147826,173.35637969970702,celltype
2162,MERFISH,Mouse Primary Motor Cortex,mouse1_slice102,DeepST,0.5566472974656256,0.6868413503477735,0.5891913255420318,0.8044867033130293,0.7024921891482869,0.6719030799950556,0.6868413503477735,282.3480766296387,1076.6734912872314,celltype
2163,MERFISH,Mouse Primary Motor Cortex,mouse1_slice102,GraphST,0.2712265098734727,0.3876050968590828,0.320797090583829,0.5262219581042936,0.4016392757370545,0.3745185761709338,0.3876050968590829,22.81124954223633,1453.1241212844848,celltype
2164,MERFISH,Mouse Primary Motor Cortex,mouse1_slice102,PRECAST,0.668500027523178,0.8071658033658886,0.6994501048851599,0.8500965681176644,0.8409096680431212,0.776025594560974,0.8071658033658886,110.90894203186036,134.95999999999998,celltype
2165,MERFISH,Mouse Primary Motor Cortex,mouse1_slice102,SEDR,0.4336382295962228,0.6569475362739317,0.4773819253551544,0.6920517010845343,0.6886495390983122,0.6280623810707311,0.6569475362739317,37.12613615989685,1078.03692779541,celltype
2166,MERFISH,Mouse Primary Motor Cortex,mouse1_slice102,STAGATE,0.2106139055611115,0.3636382675622441,0.2627186472153876,0.481146932105185,0.3818943610405992,0.3470491006706981,0.3636382675622441,65.96276531219482,553.7047204971313,celltype
2167,MERFISH,Mouse Primary Motor Cortex,mouse1_slice102,SpaGCN,0.6240545426617649,0.7605057099329355,0.6536296791211516,0.834199970286733,0.7809292212549054,0.7411232378381665,0.7605057099329354,49.87233629226685,949.0638568878172,celltype
2168,MERFISH,Mouse Primary Motor Cortex,mouse1_slice102,SpaceFlow,0.1946295056157661,0.335056300611748,0.2472560405812477,0.4627247065814887,0.3536783702543215,0.3182993884665335,0.335056300611748,144.9155996799469,679.406907081604,celltype
2169,MERFISH,Mouse Primary Motor Cortex,mouse1_slice102,SpatialMGCN,0.5966377719036963,0.8131755318285002,0.6286753290374233,0.8613876095676719,0.8426900407442958,0.7856585044366893,0.8131755318285002,58.88393397331238,551.5342266082764,celltype
2170,MERFISH,Mouse Primary Motor Cortex,mouse1_slice102,stLearn,0.7110680136054297,0.8548749659749213,0.7380723794800204,0.9058386569603328,0.886353037650047,0.8255571086129277,0.8548749659749213,2.229965686798096,72.31633682250977,celltype
2171,MERFISH,Mouse Primary Motor Cortex,mouse1_slice21,BASS,0.6153258590850266,0.8231771037231873,0.6597880528451779,0.8730939498278406,0.8620437283817729,0.7876640080972146,0.8231771037231871,424.7983880996704,1878.62,celltype
2172,MERFISH,Mouse Primary Motor Cortex,mouse1_slice21,Banksy,0.5854881291979457,0.8084309838670395,0.640454837399857,0.8844072798819479,0.8672682928848163,0.7570697746057944,0.8084309838670393,10.471935367584228,57.70145816802979,celltype
2173,MERFISH,Mouse Primary Motor Cortex,mouse1_slice21,CCST,0.2095414254699319,0.3322491556704948,0.2833361164775211,0.4855878012788981,0.3317386583191514,0.332788325422491,0.3322491556704948,161.1472004890442,299.01802864074705,celltype
2174,MERFISH,Mouse Primary Motor Cortex,mouse1_slice21,CellCharter,0.3815583177343418,0.6398697121705995,0.4434850348458311,0.7246433841613379,0.686139982112484,0.5994831904732691,0.6398697121705995,11.329158067703249,52.22509326934814,celltype
2175,MERFISH,Mouse Primary Motor Cortex,mouse1_slice21,DeepST,0.4786238126573446,0.6867220620323404,0.5331336084087714,0.8233152975897688,0.727442890931552,0.6503520484791248,0.6867220620323404,121.94803466796876,108.10463199615478,celltype
2176,MERFISH,Mouse Primary Motor Cortex,mouse1_slice21,GraphST,0.2560114518059567,0.3949967602210792,0.3204361494614414,0.5538612887358584,0.4167398822267288,0.3754099970707983,0.3949967602210792,14.55054874420166,147.006925201416,celltype
2177,MERFISH,Mouse Primary Motor Cortex,mouse1_slice21,PRECAST,0.5720890904649473,0.8061409000109572,0.6290761850002029,0.8745696015740286,0.8663570526795571,0.7537514037172213,0.8061409000109572,33.595175981521606,157.11999999999998,celltype
2178,MERFISH,Mouse Primary Motor Cortex,mouse1_slice21,SEDR,0.3468558831924814,0.5381356073867789,0.4088554531991882,0.6482046237088047,0.5749537369936053,0.5057655267730025,0.5381356073867789,22.199922561645508,106.8300220489502,celltype
2179,MERFISH,Mouse Primary Motor Cortex,mouse1_slice21,STAGATE,0.182357996447065,0.3815065793279181,0.2496448282278364,0.52926709296606,0.4113668417430302,0.3556879337339596,0.3815065793279181,30.283142805099487,58.6860876083374,celltype
2180,MERFISH,Mouse Primary Motor Cortex,mouse1_slice21,SpaGCN,0.4903678519507788,0.7150207347111108,0.5475232152056358,0.8175110673880963,0.7616424348633271,0.6737774321171168,0.7150207347111107,6.783954286575318,103.95615577697754,celltype
2181,MERFISH,Mouse Primary Motor Cortex,mouse1_slice21,SpaceFlow,0.1650247388788862,0.3408105709802895,0.2327457738312587,0.4969995081160846,0.3715565841238373,0.3147649715179226,0.3408105709802894,30.506908416748047,78.13071155548096,celltype
2182,MERFISH,Mouse Primary Motor Cortex,mouse1_slice21,SpatialMGCN,0.5985668628218992,0.8318860714580751,0.6503877297440085,0.9212985735366452,0.8878120845313472,0.7825884205251269,0.8318860714580751,40.056463670730594,57.177322196960446,celltype
2183,MERFISH,Mouse Primary Motor Cortex,mouse1_slice21,stLearn,0.6121303786880505,0.8330939685991989,0.6628808095468328,0.9035907525823904,0.8876632687317857,0.7848500930312616,0.8330939685991989,1.138024425506592,21.51316566467285,celltype
2184,MERFISH,Mouse Primary Motor Cortex,mouse1_slice31,BASS,0.6778748477649913,0.8211341308177669,0.7078768470300488,0.8580167417900837,0.8433446867247832,0.8000634415984014,0.8211341308177669,459.3639680385589,903.4,celltype
2185,MERFISH,Mouse Primary Motor Cortex,mouse1_slice31,Banksy,0.6419859077097607,0.8165446030616025,0.68076872411218,0.8831294269156471,0.8572632701226027,0.779518682543867,0.8165446030616023,12.372460174560548,87.7169231414795,celltype
2186,MERFISH,Mouse Primary Motor Cortex,mouse1_slice31,CCST,0.2190753655034121,0.320953673691393,0.2846000961813438,0.4560849967804249,0.3208111154094029,0.3213467834116509,0.320953673691393,286.6563745975494,668.6652715682983,celltype
2187,MERFISH,Mouse Primary Motor Cortex,mouse1_slice31,CellCharter,0.4647568072825537,0.6745731792323906,0.5132868929556104,0.7495170637475853,0.7086590022392808,0.6436263527537912,0.6745731792323906,10.492067289352416,79.63111896514893,celltype
2188,MERFISH,Mouse Primary Motor Cortex,mouse1_slice31,DeepST,0.5139594952944977,0.6663367507132487,0.5553153411157259,0.7860914359304572,0.6842300441020777,0.6493596255558798,0.6663367507132487,144.83652329444885,238.4572555541992,celltype
2189,MERFISH,Mouse Primary Motor Cortex,mouse1_slice31,GraphST,0.2733447561946326,0.3804217090982535,0.3312840873071411,0.5264005151320026,0.3930885245936344,0.3685457554791886,0.3804217090982535,21.059461307525638,325.95328216552736,celltype
2190,MERFISH,Mouse Primary Motor Cortex,mouse1_slice31,PRECAST,0.6126684974493257,0.7875814905346551,0.6544696491812845,0.851577591757888,0.8296321063081447,0.7495879800407264,0.7875814905346552,47.482125997543335,152.44,celltype
2191,MERFISH,Mouse Primary Motor Cortex,mouse1_slice31,SEDR,0.3622735978796604,0.5916178927205291,0.4174630045192079,0.6608499678042499,0.626884639961933,0.5601092528172766,0.591617892720529,24.8311589717865,239.2685102462769,celltype
2192,MERFISH,Mouse Primary Motor Cortex,mouse1_slice31,STAGATE,0.2243288416810514,0.3791042788026705,0.2841992286808986,0.5144236960721185,0.399976068623408,0.3603057355581079,0.3791042788026706,31.5310661315918,126.7571533203125,celltype
2193,MERFISH,Mouse Primary Motor Cortex,mouse1_slice31,SpaGCN,0.5802110137694954,0.7506909488474048,0.6197299123599453,0.8303283966516419,0.7808964759888706,0.7227351359622783,0.750690948847405,6.78606424331665,221.8590925216675,celltype
2194,MERFISH,Mouse Primary Motor Cortex,mouse1_slice31,SpaceFlow,0.182539774239233,0.3329215862945041,0.2438720271825067,0.4743721828718609,0.3532410680672292,0.3148168182639703,0.3329215862945041,30.16835384368897,145.43722019195556,celltype
2195,MERFISH,Mouse Primary Motor Cortex,mouse1_slice31,SpatialMGCN,0.6433324524043231,0.8145738496868423,0.6759915683306427,0.8792659368963298,0.8444340686066146,0.7867532933535875,0.8145738496868423,42.24138770103455,125.30839862823488,celltype
2196,MERFISH,Mouse Primary Motor Cortex,mouse1_slice31,stLearn,0.6537104911481547,0.8241506214164117,0.6865947191404584,0.8786864133934321,0.8535301604940873,0.796757054387977,0.8241506214164117,1.4193973541259766,32.541363906860354,celltype
2197,MERFISH,Mouse Primary Motor Cortex,mouse1_slice40,BASS,0.7526601412876539,0.8675106899105562,0.7771874814962968,0.910074537148353,0.8934904959562606,0.8429990124617254,0.8675106899105562,641.5198239326477,1383.2599999999998,celltype
2198,MERFISH,Mouse Primary Motor Cortex,mouse1_slice40,Banksy,0.6601129076926452,0.8445605632704334,0.6974647180996653,0.9074296705938928,0.8888744668754835,0.8044552891657842,0.8445605632704336,14.984764909744262,116.17922916412354,celltype
2199,MERFISH,Mouse Primary Motor Cortex,mouse1_slice40,CCST,0.1757530848269206,0.3009740656693679,0.2373034522725115,0.4369800432796345,0.3069597092935426,0.2952284238605337,0.3009740656693679,444.7538945198059,1178.7092525482178,celltype
2200,MERFISH,Mouse Primary Motor Cortex,mouse1_slice40,CellCharter,0.4399061789805084,0.6562110374151295,0.4862659023174176,0.7317143544121183,0.6876645722537511,0.6275422052238524,0.6562110374151295,12.665799713134763,106.32074947357178,celltype
2201,MERFISH,Mouse Primary Motor Cortex,mouse1_slice40,DeepST,0.5613891221686665,0.7004201242449004,0.5973298840344412,0.8230824717480164,0.7216626144636853,0.68042237318402,0.7004201242449005,164.38280906677247,418.9486888885498,celltype
2202,MERFISH,Mouse Primary Motor Cortex,mouse1_slice40,GraphST,0.298192539726205,0.3793354003674359,0.3507389537811147,0.5193556143303679,0.3978208635683899,0.3624915761605639,0.3793354003674359,19.08531007766724,569.1541841506958,celltype
2203,MERFISH,Mouse Primary Motor Cortex,mouse1_slice40,PRECAST,0.6784578443115161,0.8082726875728363,0.7133977837154669,0.8646309208944458,0.8504761277563894,0.7700597730544714,0.8082726875728363,68.2352080821991,147.94,celltype
2204,MERFISH,Mouse Primary Motor Cortex,mouse1_slice40,SEDR,0.457433243013076,0.6539981178273868,0.5035571788245807,0.7190670834335177,0.6872594786157867,0.623808777368797,0.6539981178273868,24.58844423294067,420.1461133956909,celltype
2205,MERFISH,Mouse Primary Motor Cortex,mouse1_slice40,STAGATE,0.2146709041504203,0.366965528211299,0.2714005781050514,0.486270738158211,0.3912465020060513,0.345522327972236,0.3669655282112989,44.60891156196594,219.1441909790039,celltype
2206,MERFISH,Mouse Primary Motor Cortex,mouse1_slice40,SpaGCN,0.6215064634329263,0.769987713661603,0.6577091688088559,0.856936763645107,0.8050297459419713,0.7378691078268579,0.7699877136616031,7.731195640563965,379.3151647567749,celltype
2207,MERFISH,Mouse Primary Motor Cortex,mouse1_slice40,SpaceFlow,0.1696658615026335,0.3220394535193321,0.2273732499995861,0.4656888675162299,0.3442381066743877,0.3025306415220478,0.3220394535193321,44.21999688148499,250.3162979125977,celltype
2208,MERFISH,Mouse Primary Motor Cortex,mouse1_slice40,SpatialMGCN,0.6500947884381483,0.8352428820671836,0.6852540424263908,0.8930031257513825,0.8752661733207411,0.7987198252307501,0.8352428820671836,47.338490629196166,217.56910934448243,celltype
2209,MERFISH,Mouse Primary Motor Cortex,mouse1_slice40,stLearn,0.7221439263373631,0.8624689409990275,0.7497574548389674,0.9199326761240684,0.894094787905685,0.8330489459804633,0.8624689409990275,1.6798423767089845,42.74941501617432,celltype
2210,MERFISH,Mouse Primary Motor Cortex,mouse1_slice50,BASS,0.6842590992554125,0.8467438303010795,0.7187554370239981,0.8938193343898574,0.8807899005501246,0.8152318425245244,0.8467438303010795,479.32787399291993,1288.28,celltype
2211,MERFISH,Mouse Primary Motor Cortex,mouse1_slice50,Banksy,0.6682255103690975,0.8500707851596628,0.7070277180722091,0.9232510753905364,0.8938444200416461,0.810384381961667,0.850070785159663,12.269238090515136,121.32927837371828,celltype
2212,MERFISH,Mouse Primary Motor Cortex,mouse1_slice50,CCST,0.2232507754064153,0.3084717112597217,0.2847022884053029,0.4552863934797373,0.3172819637408828,0.3001458132660084,0.3084717112597217,489.72181234359743,1324.5266227722168,celltype
2213,MERFISH,Mouse Primary Motor Cortex,mouse1_slice50,CellCharter,0.389158008547569,0.6352531262835611,0.4429779317440325,0.7154629839257415,0.6704785973647251,0.6035959786302351,0.6352531262835611,14.819751119613649,112.48667068481446,celltype
2214,MERFISH,Mouse Primary Motor Cortex,mouse1_slice50,DeepST,0.5078084844407498,0.6806390172593342,0.554334286428308,0.8142630744849445,0.7139523692396977,0.650407729696516,0.6806390172593341,138.73116760253907,470.2592615127563,celltype
2215,MERFISH,Mouse Primary Motor Cortex,mouse1_slice50,GraphST,0.2487892003627016,0.3751029541937701,0.3081782820717312,0.5392800543355218,0.3956728358114897,0.3565661172975548,0.3751029541937702,20.247921800613405,638.0551839828491,celltype
2216,MERFISH,Mouse Primary Motor Cortex,mouse1_slice50,PRECAST,0.567243404857518,0.7847958736076313,0.620489429910625,0.8639347973737831,0.8392273384910925,0.7369950922874533,0.7847958736076315,75.08563199043274,147.38000000000002,celltype
2217,MERFISH,Mouse Primary Motor Cortex,mouse1_slice50,SEDR,0.4440311778585226,0.6397157798696947,0.4965705501144482,0.7304958116368576,0.6773685964283969,0.6060309274676433,0.6397157798696947,30.356004762649537,471.6929834365845,celltype
2218,MERFISH,Mouse Primary Motor Cortex,mouse1_slice50,STAGATE,0.2047532900101565,0.3513371718967827,0.2659496053039859,0.4958116368575956,0.374436640759223,0.3309255897365733,0.3513371718967827,60.368563652038574,245.06985263824464,celltype
2219,MERFISH,Mouse Primary Motor Cortex,mouse1_slice50,SpaGCN,0.5528320463975339,0.7312983272071,0.59731104974969,0.8281639121575729,0.7642435278514105,0.7010761611634967,0.7312983272070999,40.19532871246338,422.9670686721802,celltype
2220,MERFISH,Mouse Primary Motor Cortex,mouse1_slice50,SpaceFlow,0.163399131698927,0.315228862342393,0.2254235237356068,0.4721304052524337,0.3378594403890276,0.295439989684048,0.315228862342393,41.78289022445679,271.989998626709,celltype
2221,MERFISH,Mouse Primary Motor Cortex,mouse1_slice50,SpatialMGCN,0.5931439129588308,0.8223192082012757,0.6378599456350567,0.8874801901743264,0.8683042513597604,0.7809598873540249,0.8223192082012755,52.14436073303223,243.67565307617187,celltype
2222,MERFISH,Mouse Primary Motor Cortex,mouse1_slice50,stLearn,0.6464583311650444,0.8387611683365028,0.6866819453240185,0.901109350237718,0.8801823735826332,0.8011097784802257,0.8387611683365026,1.6947489261627198,44.38622531890869,celltype
2223,MERFISH,Mouse Primary Motor Cortex,mouse1_slice62,BASS,0.7099926029903546,0.8589448551174726,0.7382121788912281,0.9165101231475684,0.8931402661761452,0.8272713488364921,0.8589448551174724,518.7175220012665,1461.46,celltype
2224,MERFISH,Mouse Primary Motor Cortex,mouse1_slice62,Banksy,0.6509938590014598,0.8425146024364045,0.6846586814014709,0.902108119390524,0.8813870324638927,0.8069261719282499,0.8425146024364045,14.717955255508423,138.13839359283446,celltype
2225,MERFISH,Mouse Primary Motor Cortex,mouse1_slice62,CCST,0.1719930997028013,0.29574096123879,0.2320462377550186,0.4347735337090378,0.3009289741485033,0.2907416906257704,0.29574096123879,563.5269690513611,1547.9627687454224,celltype
2226,MERFISH,Mouse Primary Motor Cortex,mouse1_slice62,CellCharter,0.4735404760964005,0.6912353823298018,0.5169108538192944,0.748945940304738,0.7246440195831958,0.6608015579994407,0.6912353823298018,14.656275415420533,123.58400840759278,celltype
2227,MERFISH,Mouse Primary Motor Cortex,mouse1_slice62,DeepST,0.5580512617402305,0.7044903895577599,0.5936374017570907,0.8171989146316008,0.7305250537249364,0.680252598228164,0.7044903895577599,182.31393117904665,553.9489467620849,celltype
2228,MERFISH,Mouse Primary Motor Cortex,mouse1_slice62,GraphST,0.2218103949084139,0.3534220011414442,0.2762763841289883,0.5001043623460656,0.3724349810877918,0.3362559763075218,0.3534220011414442,20.6128689289093,751.2140623092652,celltype
2229,MERFISH,Mouse Primary Motor Cortex,mouse1_slice62,PRECAST,0.6171876500240319,0.7977357832468815,0.6560561292008569,0.8476309747443123,0.8402616385026389,0.7593070598105481,0.7977357832468814,81.54748797416687,143.8,celltype
2230,MERFISH,Mouse Primary Motor Cortex,mouse1_slice62,SEDR,0.4323723837800703,0.6479537708171896,0.4805088542289544,0.7051972448340639,0.6857757264522044,0.6140869979463414,0.6479537708171896,30.885611724853515,554.8597942352295,celltype
2231,MERFISH,Mouse Primary Motor Cortex,mouse1_slice62,STAGATE,0.1797924504193185,0.3428401174421823,0.2355943735955563,0.4629096222083072,0.3639923499397452,0.3240123066765148,0.3428401174421823,43.5951189994812,288.2783420562744,celltype
2232,MERFISH,Mouse Primary Motor Cortex,mouse1_slice62,SpaGCN,0.5877157394803251,0.749434313326208,0.623810135426592,0.8384470882905448,0.7797731161715317,0.7213678951637426,0.749434313326208,19.163897657394408,498.98293285369874,celltype
2233,MERFISH,Mouse Primary Motor Cortex,mouse1_slice62,SpaceFlow,0.168179819176853,0.3110107816339128,0.2244618102961727,0.4552285535378835,0.3277987204922352,0.2958596177657249,0.3110107816339128,42.1294198513031,317.6500244140625,celltype
2234,MERFISH,Mouse Primary Motor Cortex,mouse1_slice62,SpatialMGCN,0.5950547847832275,0.8172462947004867,0.632016235367404,0.8653725735754539,0.8561474431494076,0.7817266371892646,0.8172462947004867,47.6467251777649,286.3895629882812,celltype
2235,MERFISH,Mouse Primary Motor Cortex,mouse1_slice62,stLearn,0.6955001650971457,0.8494572955351625,0.7246059647072303,0.9003548319766228,0.88271094643827,0.8186831176036093,0.8494572955351625,1.736970567703247,51.95315036773682,celltype
2236,MERFISH,Mouse Primary Motor Cortex,mouse1_slice71,BASS,0.7056921175451543,0.8516806878443436,0.7346824188430239,0.8971637376022272,0.8876763404091358,0.8184905485210943,0.8516806878443436,828.5025260448456,1686.56,celltype
2237,MERFISH,Mouse Primary Motor Cortex,mouse1_slice71,Banksy,0.6464931987299863,0.8427491424634589,0.6815976334973021,0.8931616495562903,0.882216180155212,0.8066621100359892,0.8427491424634589,14.664026165008544,165.51867961883545,celltype
2238,MERFISH,Mouse Primary Motor Cortex,mouse1_slice71,CCST,0.1731777380357181,0.2905454153495826,0.2364649907990155,0.4104054289194362,0.2880833482127935,0.2930738601678304,0.2905454153495826,770.7108129024506,2209.3109952926634,celltype
2239,MERFISH,Mouse Primary Motor Cortex,mouse1_slice71,CellCharter,0.5285429499243929,0.7223652883573933,0.5676186067682923,0.7791891421611276,0.7543573746575587,0.6929858493949148,0.7223652883573933,15.452316570281983,148.13683280944824,celltype
2240,MERFISH,Mouse Primary Motor Cortex,mouse1_slice71,DeepST,0.5347348744527072,0.6900745252317236,0.5712402238038331,0.8010092222028884,0.714816779950084,0.6669897873415023,0.6900745252317236,244.8404214382172,790.1385808944702,celltype
2241,MERFISH,Mouse Primary Motor Cortex,mouse1_slice71,GraphST,0.2509882777269329,0.3533492441786685,0.3029863179821083,0.4969549330085261,0.3694971761714868,0.3385536213536542,0.3533492441786685,28.705390548706056,1068.634786605835,celltype
2242,MERFISH,Mouse Primary Motor Cortex,mouse1_slice71,PRECAST,0.6271817943005752,0.8033036610887428,0.6653155368105018,0.8524447537845832,0.8456954109405986,0.7649589474622476,0.8033036610887428,97.95626802444458,139.2,celltype
2243,MERFISH,Mouse Primary Motor Cortex,mouse1_slice71,SEDR,0.4418165344186684,0.6483121294732785,0.4853247690747758,0.6870715155733427,0.677857993766691,0.6212358953646502,0.6483121294732785,29.10345587730408,791.2281211853027,celltype
2244,MERFISH,Mouse Primary Motor Cortex,mouse1_slice71,STAGATE,0.1652323400553624,0.3421463664429123,0.2209240942158742,0.459613711501653,0.3595524847791624,0.3263484720849236,0.3421463664429123,55.88883008956909,408.3679109573365,celltype
2245,MERFISH,Mouse Primary Motor Cortex,mouse1_slice71,SpaGCN,0.5988324112452698,0.7573727646264853,0.6310320050953065,0.8103358273882024,0.7804276372832409,0.7356409503976198,0.7573727646264854,47.13828077316284,703.1173742294311,celltype
2246,MERFISH,Mouse Primary Motor Cortex,mouse1_slice71,SpaceFlow,0.1562682201220582,0.3055455185894459,0.2114893954613682,0.4425961371150165,0.3234625874545688,0.2895342068795786,0.3055455185894459,110.99049863815308,504.7214359283447,celltype
2247,MERFISH,Mouse Primary Motor Cortex,mouse1_slice71,SpatialMGCN,0.638947878869195,0.8263147186093563,0.6726121279640889,0.879241343309553,0.8637616788849586,0.7919797454429516,0.8263147186093563,58.252571201324464,406.3283992767334,celltype
2248,MERFISH,Mouse Primary Motor Cortex,mouse1_slice71,stLearn,0.7286892769212618,0.8646032720863246,0.7529850042616336,0.9097616147555246,0.8917323180396923,0.8391646776314525,0.8646032720863246,2.026661157608032,62.18297328948975,celltype
2249,MERFISH,Mouse Primary Motor Cortex,mouse1_slice81,BASS,0.7573533650361969,0.8696408885242276,0.7785350114976786,0.9138946968256988,0.8943364941885752,0.8462724899056984,0.8696408885242276,793.7056780338287,1711.7599999999998,celltype
2250,MERFISH,Mouse Primary Motor Cortex,mouse1_slice81,Banksy,0.6814553595210994,0.8434529567755472,0.711259728120069,0.8969777608819616,0.8786542743104633,0.8109635179384282,0.8434529567755474,13.551642513275146,152.09221725463868,celltype
2251,MERFISH,Mouse Primary Motor Cortex,mouse1_slice81,CCST,0.1869662021946903,0.2965476379139682,0.2481310730311704,0.4139137046188937,0.2919781121096224,0.3013637410147617,0.2965476379139682,659.6563196659088,1870.463815307617,celltype
2252,MERFISH,Mouse Primary Motor Cortex,mouse1_slice81,CellCharter,0.5383336921921963,0.6997401954645773,0.573707640535116,0.7586390420072229,0.7232007917600309,0.6778056172935747,0.6997401954645773,14.218758010864258,135.76733436584473,celltype
2253,MERFISH,Mouse Primary Motor Cortex,mouse1_slice81,DeepST,0.5671740223926327,0.6984932238998806,0.6000978097032449,0.8178673256034974,0.7207524092061586,0.6775972586095466,0.6984932238998807,231.76924614906312,665.0706865310669,celltype
2254,MERFISH,Mouse Primary Motor Cortex,mouse1_slice81,GraphST,0.2481026227608894,0.3780634510164877,0.2998208822881227,0.5312678198061205,0.3903757920282619,0.3665040189123875,0.3780634510164877,24.395805978775023,900.6567489624024,celltype
2255,MERFISH,Mouse Primary Motor Cortex,mouse1_slice81,PRECAST,0.6426622638799664,0.8171098843443622,0.6775826617154188,0.871317240068428,0.8564822336058956,0.7811983241796717,0.8171098843443623,87.07657999992371,141.36,celltype
2256,MERFISH,Mouse Primary Motor Cortex,mouse1_slice81,SEDR,0.4374302872289254,0.6431254276448659,0.4812645956859902,0.6958753088766395,0.6740488239294219,0.6149329046473155,0.6431254276448658,27.94532098770141,666.0180366516113,celltype
2257,MERFISH,Mouse Primary Motor Cortex,mouse1_slice81,STAGATE,0.1707243417776135,0.3403643880212825,0.225056785879445,0.4731800038015586,0.357179644753732,0.3250637030113416,0.3403643880212825,52.895860242843625,344.93459701538086,celltype
2258,MERFISH,Mouse Primary Motor Cortex,mouse1_slice81,SpaGCN,0.6420241639371917,0.775420140313444,0.6717247433833388,0.8511689792815054,0.8003383736145337,0.7520066955730133,0.7754201403134438,19.08363332748413,595.4727970123291,celltype
2259,MERFISH,Mouse Primary Motor Cortex,mouse1_slice81,SpaceFlow,0.1741168253343562,0.307685418193362,0.2280225624641165,0.4434137996578597,0.3243526059587995,0.2926487140078598,0.307685418193362,29.588444328308107,359.3587127685547,celltype
2260,MERFISH,Mouse Primary Motor Cortex,mouse1_slice81,SpatialMGCN,0.5826902460286467,0.8227887010441209,0.6176329136280033,0.8743584869796617,0.8579831608281069,0.7903678217236441,0.8227887010441212,61.74056673049927,342.86979999542234,celltype
2261,MERFISH,Mouse Primary Motor Cortex,mouse1_slice81,stLearn,0.7054294174188515,0.8576268101262443,0.7326245093121772,0.9083444212126972,0.8886373255583593,0.8287217247707057,0.8576268101262443,1.8328685283660888,57.291192054748535,celltype
2262,MERFISH,Mouse Primary Motor Cortex,mouse1_slice91,BASS,0.667610315098802,0.8492279995878012,0.6970426853539428,0.8680445151033387,0.8696136311486068,0.8297762428998074,0.8492279995878009,745.8327619552613,1589.5,celltype
2263,MERFISH,Mouse Primary Motor Cortex,mouse1_slice91,Banksy,0.7311847992471713,0.8702188176895149,0.7572969286849536,0.9178590355060944,0.8992126574181315,0.8430363049550376,0.8702188176895149,12.3399555683136,162.66880702972412,celltype
2264,MERFISH,Mouse Primary Motor Cortex,mouse1_slice91,CCST,0.2316063697818745,0.3276859321494764,0.2905783375720071,0.4424659954071718,0.3252275241650893,0.3302039426708913,0.3276859321494764,753.2688769340515,2152.148940658569,celltype
2265,MERFISH,Mouse Primary Motor Cortex,mouse1_slice91,CellCharter,0.4834118096609021,0.695669953336461,0.527565807649292,0.76350468115174,0.7289027685831814,0.6653547376901253,0.695669953336461,16.341960620880126,145.92999935150146,celltype
2266,MERFISH,Mouse Primary Motor Cortex,mouse1_slice91,DeepST,0.550444665063093,0.6882580478199631,0.5856327188247097,0.8110227874933758,0.7049452617400699,0.6723665904588266,0.6882580478199631,229.7023488998413,767.0104110717773,celltype
2267,MERFISH,Mouse Primary Motor Cortex,mouse1_slice91,GraphST,0.2413906331290423,0.3911932773919865,0.2951725903609449,0.53117823706059,0.4111665276215047,0.3730706136554122,0.3911932773919865,28.91071147918701,1037.5335807800293,celltype
2268,MERFISH,Mouse Primary Motor Cortex,mouse1_slice91,PRECAST,0.6403507864148739,0.8177839811726997,0.6763497389515597,0.8717541070482246,0.8552181722407844,0.7834894639990021,0.8177839811726997,92.30889797210692,139.84,celltype
2269,MERFISH,Mouse Primary Motor Cortex,mouse1_slice91,SEDR,0.4222613288478649,0.6641921387279732,0.4700062417048677,0.707401519166225,0.6981969563726356,0.6333712884777789,0.6641921387279732,27.969566059112548,768.12276096344,celltype
2270,MERFISH,Mouse Primary Motor Cortex,mouse1_slice91,STAGATE,0.195849573580237,0.3707803753822489,0.2512228943728864,0.4804451510333862,0.389725462161391,0.353591956591528,0.3707803753822489,57.308107709884645,396.64744262695314,celltype
2271,MERFISH,Mouse Primary Motor Cortex,mouse1_slice91,SpaGCN,0.6114118229600063,0.7756610666388057,0.6466743165037588,0.8588588588588589,0.8055812852634924,0.7478837992317602,0.7756610666388057,20.885641527175903,682.9699369430542,celltype
2272,MERFISH,Mouse Primary Motor Cortex,mouse1_slice91,SpaceFlow,0.1837326169347707,0.3413347262820478,0.2394012606863622,0.4717541070482246,0.3617423129691848,0.323107081051004,0.3413347262820478,36.30260348320007,412.1511297225952,celltype
2273,MERFISH,Mouse Primary Motor Cortex,mouse1_slice91,SpatialMGCN,0.6395100177667262,0.845743899906289,0.6748417821462004,0.8982511923688394,0.8825453132847375,0.8118888047935661,0.845743899906289,61.31447200775146,394.5887010574341,celltype
2274,MERFISH,Mouse Primary Motor Cortex,mouse1_slice91,stLearn,0.6746637479284191,0.8574806300503728,0.7069049737005221,0.9114644055820528,0.8915290497663356,0.825937848125681,0.8574806300503728,2.064335250854492,61.03852481842041,celltype
2275,Xenium,Mouse Brain,MultiSection1_sub1,BASS,0.4879426987476652,0.6850333542630928,0.5325200268271977,0.6837778697734934,0.6869736697878843,0.683103968475296,0.6850333542630928,3717.076641988754,5020.68,domain
2276,Xenium,Mouse Brain,MultiSection1_sub1,Banksy,0.3862347512648711,0.6686641569596217,0.4464113642722697,0.7254598143000769,0.7165668297162306,0.6267686542535291,0.6686641569596218,40.915369272232056,416.5741918563843,domain
2277,Xenium,Mouse Brain,MultiSection1_sub1,CCST,0.3351034040271626,0.6433189292995181,0.394776797960552,0.6679874622981844,0.6866570697572907,0.6051427598533782,0.6433189292995181,5703.120911121368,18783.120045089723,domain
2278,Xenium,Mouse Brain,MultiSection1_sub1,CellCharter,0.3411555586647971,0.6538690147863505,0.4059200404133426,0.7041338931929741,0.7086836713512443,0.6069315689025826,0.6538690147863505,1289.9187505722043,71.19693202972412,domain
2279,Xenium,Mouse Brain,MultiSection1_sub1,DeepST,0.3541868718238655,0.5736722194674317,0.4113257359355203,0.635164705186587,0.6067586830560634,0.5440225244500303,0.5736722194674317,581.5184380531311,6585.111415481568,domain
2280,Xenium,Mouse Brain,MultiSection1_sub1,GraphST,0.4239858507929301,0.7053355339729318,0.4867761087436421,0.7540363120231829,0.76076141135724,0.657437408922422,0.7053355339729318,76.95410628318787,10970.727537345889,domain
2281,Xenium,Mouse Brain,MultiSection1_sub1,PRECAST,0.2423431460717727,0.4352452746217719,0.3052411963108916,0.5423147436276539,0.4686130861934578,0.4063135316496703,0.435245274621772,224.8652279853821,348.76,domain
2282,Xenium,Mouse Brain,MultiSection1_sub1,SEDR,0.3170803702760402,0.6257219541582542,0.3795828012791314,0.6698917736116861,0.674115123730542,0.5838238457861042,0.625721954158254,120.6147161960602,6595.335227012634,domain
2283,Xenium,Mouse Brain,MultiSection1_sub1,STAGATE,0.369383375612711,0.6766788899480375,0.4319152015943205,0.7310426400141936,0.7301409336042866,0.630519959017277,0.6766788899480375,128.77720823287964,131.68999862670898,domain
2284,Xenium,Mouse Brain,MultiSection1_sub1,SpaGCN,0.3020840868158062,0.5262342198332878,0.3617346378847765,0.6086107989827902,0.5564946127071666,0.4990950321239894,0.5262342198332878,344.4119029521942,5481.731772422791,domain
2285,Xenium,Mouse Brain,MultiSection1_sub1,SpaceFlow,0.4113054287940179,0.7052872539050496,0.4705562123451624,0.7406469927257674,0.7585233789322828,0.6590582686207886,0.7052872539050496,601.4292137622833,671.2017097473145,domain
2286,Xenium,Mouse Brain,MultiSection1_sub1,SpatialMGCN,0.1809672665986997,0.4309635939943318,0.2451295603415411,0.5392985983795612,0.4541875060606172,0.4099991590632128,0.4309635939943317,101.90721483230593,2273.7695339202883,domain
2287,Xenium,Mouse Brain,MultiSection1_sub1,stLearn,0.2268572820980767,0.4297777572269367,0.2897614041432458,0.5239694837069016,0.4625157918215219,0.40137079437008,0.4297777572269367,5.116626644134522,62.94265327453613,domain
2288,Xenium,Mouse Brain,MultiSection1_sub2,BASS,0.4564450802824403,0.6874522496353409,0.5083674086503854,0.5259089420242384,0.6309432504045461,0.7550792035756295,0.6874522496353407,3126.3810720920565,4194.66,domain
2289,Xenium,Mouse Brain,MultiSection1_sub2,Banksy,0.4138162392963259,0.6681997089899193,0.448729619256884,0.5598427775958074,0.6663857506306423,0.6700235698005718,0.6681997089899193,36.73953166007996,376.167134475708,domain
2290,Xenium,Mouse Brain,MultiSection1_sub2,CCST,0.4209362468873546,0.667520771289565,0.4557822576108317,0.5766393711103832,0.6664644317257854,0.6686435091216787,0.667520771289565,4667.980840682983,15255.301919364929,domain
2291,Xenium,Mouse Brain,MultiSection1_sub2,CellCharter,0.3602457244345671,0.6265972832964577,0.3959353038842287,0.530533901080904,0.6437298646613194,0.6103689358756375,0.6265972832964577,1166.8089295864106,65.47118034362794,domain
2292,Xenium,Mouse Brain,MultiSection1_sub2,DeepST,0.3528112611708424,0.5562048902699182,0.394247145635735,0.456324926301998,0.5536964802771636,0.5588023751707347,0.5562048902699182,532.2460259437561,5370.899059486389,domain
2293,Xenium,Mouse Brain,MultiSection1_sub2,GraphST,0.4861270976545194,0.700977393796497,0.5158989906074671,0.6227317392728464,0.7016576118195706,0.7002984933631624,0.7009773937964972,90.38940935134887,8944.510585784912,domain
2294,Xenium,Mouse Brain,MultiSection1_sub2,PRECAST,0.2282447194236118,0.4282413205822997,0.2704519479962071,0.4025548640681297,0.4387281276967965,0.4182441370975375,0.4282413205822996,179.50398206710815,343.86,domain
2295,Xenium,Mouse Brain,MultiSection1_sub2,SEDR,0.383665255876126,0.6386988890005159,0.4182345572192232,0.5516410088437602,0.6525317792221792,0.625458842755412,0.6386988890005159,111.93611588478088,5379.723009681702,domain
2296,Xenium,Mouse Brain,MultiSection1_sub2,STAGATE,0.4281885635194346,0.6804596058488858,0.4609047712045694,0.5832689158205044,0.6863038659480509,0.6747259468878386,0.6804596058488858,127.37132334709167,112.8525005340576,domain
2297,Xenium,Mouse Brain,MultiSection1_sub2,SpaGCN,0.312130847650454,0.5577669242882842,0.3613178076561315,0.4306583688175564,0.5380257606407002,0.5790119471839404,0.5577669242882843,279.0640391349792,4470.504615783691,domain
2298,Xenium,Mouse Brain,MultiSection1_sub2,SpaceFlow,0.4445439554763467,0.7017531488743497,0.4763238234719542,0.6517130691123485,0.7224147344296952,0.6822432921663765,0.7017531488743497,228.6286793231964,402.6296487808228,domain
2299,Xenium,Mouse Brain,MultiSection1_sub2,SpatialMGCN,0.2023105101097383,0.4231181362228312,0.2460792595236714,0.400524074680642,0.4327892027217974,0.4138698400096225,0.4231181362228312,86.92862215042115,1861.3564149856568,domain
2300,Xenium,Mouse Brain,MultiSection1_sub2,stLearn,0.2378072389105747,0.4181464751989909,0.2818700161283501,0.3808581722895512,0.4227245491371949,0.4136781642134164,0.4181464751989909,4.432718801498413,57.02114696502686,domain
2301,Xenium,Mouse Brain,MultiSection1_sub3,BASS,0.5778359530606342,0.6971051294668226,0.6468296394094464,0.8258229140086757,0.7385617113480027,0.6600552344446288,0.6971051294668227,3501.599006032944,5763.9400000000005,domain
2302,Xenium,Mouse Brain,MultiSection1_sub3,Banksy,0.4285640151100189,0.6530204284920886,0.5154970711104593,0.7945394233222761,0.6991284465495681,0.6126178460383538,0.6530204284920887,32.504854393005374,480.9629404067993,domain
2303,Xenium,Mouse Brain,MultiSection1_sub3,CCST,0.4809925765446735,0.6542835728786169,0.561199233759995,0.78312834906864,0.6855051075884291,0.6259365454300607,0.6542835728786169,7523.720907878876,25029.42954597473,domain
2304,Xenium,Mouse Brain,MultiSection1_sub3,CellCharter,0.4452257746512931,0.6459691145751106,0.5331198150852117,0.7927940801224802,0.7033052675409275,0.5972894353075716,0.6459691145751107,1487.927962064743,81.66754894256592,domain
2305,Xenium,Mouse Brain,MultiSection1_sub3,DeepST,0.4748887976564633,0.5701122074702547,0.5571949938267027,0.7115080377647359,0.5800082609425813,0.5612020079327306,0.5701122074702547,832.7395666122436,8835.508631896973,domain
2306,Xenium,Mouse Brain,MultiSection1_sub3,GraphST,0.4736821929709932,0.6752984752861134,0.5569954028862794,0.8090329165603471,0.7301383192310691,0.6281210317109696,0.6752984752861134,81.20459146499634,14717.424467277528,domain
2307,Xenium,Mouse Brain,MultiSection1_sub3,PRECAST,0.2977089414575017,0.4462219196246243,0.3983340051748982,0.6767542740495024,0.4904241804985415,0.4093288365809321,0.4462219196246241,147.4435080051422,329.02,domain
2308,Xenium,Mouse Brain,MultiSection1_sub3,SEDR,0.3860257463434661,0.6282446503716324,0.4780636285208799,0.7716662413881092,0.6739729970678199,0.5884060458179119,0.6282446503716324,89.6542006969452,8847.494098091125,domain
2309,Xenium,Mouse Brain,MultiSection1_sub3,STAGATE,0.4135795213898725,0.652975319682301,0.5021041614556984,0.7603266139321255,0.6923612700670525,0.6178376333315019,0.6529753196823009,116.43213000297548,144.5713056564331,domain
2310,Xenium,Mouse Brain,MultiSection1_sub3,SpaGCN,0.3627486544111781,0.5428304893767321,0.4573456308096572,0.7377392191885686,0.5887954978956816,0.5035224230802308,0.5428304893767321,1155.7456394195556,7361.631359291076,domain
2311,Xenium,Mouse Brain,MultiSection1_sub3,SpaceFlow,0.4664531074240651,0.7068242045604578,0.5540736759645538,0.8305384026537382,0.7717579627996415,0.6519971312657546,0.7068242045604578,561.2762674808503,604.845294380188,domain
2312,Xenium,Mouse Brain,MultiSection1_sub3,SpatialMGCN,0.2128698395274252,0.4315821311635427,0.323417124854329,0.638938504720592,0.4615657319184655,0.4052564188624242,0.4315821311635427,95.97507257461548,3036.7662313461306,domain
2313,Xenium,Mouse Brain,MultiSection1_sub3,stLearn,0.2275136519148116,0.3649492445299664,0.3356936286585804,0.5823016075529471,0.3918650800628988,0.341512051126049,0.3649492445299664,3.3173395156860352,72.65884017944336,domain
2314,Xenium,Mouse Brain,MultiSection1_sub4,BASS,0.5650002079703755,0.7514302834239623,0.5953955097008222,0.6056172216616212,0.7031034064007482,0.8068908524414116,0.7514302834239623,5831.375322008133,6461.46,domain
2315,Xenium,Mouse Brain,MultiSection1_sub4,Banksy,0.5628211036720315,0.7606722041170179,0.583408230182638,0.7202741338715103,0.7848510674381735,0.7379385714586004,0.7606722041170179,179.84366369247434,571.6595176696777,domain
2316,Xenium,Mouse Brain,MultiSection1_sub4,CCST,0.5376933189702802,0.7411410727214888,0.5560892116233134,0.690489404641776,0.7530925280827065,0.729582300730286,0.7411410727214888,11075.40549340248,37241.61050186157,domain
2317,Xenium,Mouse Brain,MultiSection1_sub4,CellCharter,0.4700091580968178,0.7294601355965391,0.4986393505861622,0.6815708699491234,0.7622115390673028,0.6994127241430804,0.7294601355965391,1522.8486602783205,92.63716106414796,domain
2318,Xenium,Mouse Brain,MultiSection1_sub4,DeepST,0.5384812504629424,0.6773279976125504,0.5570597825813236,0.6410528086108308,0.69159039957347,0.6636491534779898,0.6773279976125504,708.3122959136963,13002.502670288086,domain
2319,Xenium,Mouse Brain,MultiSection1_sub4,GraphST,0.6139098706188788,0.777359615540004,0.6291239863317852,0.739572822065254,0.7870067100526092,0.767946164379133,0.7773596155400041,192.89406933784483,21662.06671295166,domain
2320,Xenium,Mouse Brain,MultiSection1_sub4,PRECAST,0.4881032422294537,0.5871340707600344,0.5090455395222582,0.566389169189371,0.604447854909192,0.5707845375479969,0.5871340707600344,576.141892004013,325.74,domain
2321,Xenium,Mouse Brain,MultiSection1_sub4,SEDR,0.4877005464209835,0.7191680154712746,0.511627504450427,0.6814244870501177,0.7446660073701029,0.6953620020642981,0.7191680154712746,315.95130453109743,13019.14930973053,domain
2322,Xenium,Mouse Brain,MultiSection1_sub4,STAGATE,0.5229691287922279,0.7742657718751872,0.5479612996298614,0.7444248234106963,0.8045694302970781,0.7461619968643142,0.7742657718751871,262.71193227767947,179.31899719238282,domain
2323,Xenium,Mouse Brain,MultiSection1_sub4,SpaGCN,0.4236105973415319,0.6419364937537865,0.4461575357901052,0.5844685502859065,0.6489025677350797,0.6351183950944598,0.6419364937537865,838.5095710277558,10833.148042678831,domain
2324,Xenium,Mouse Brain,MultiSection1_sub4,SpaceFlow,0.5068768089997826,0.7714964343655021,0.5331074282248984,0.7303565422132526,0.8019589424809428,0.7432733734759086,0.771496434365502,1131.6493718147278,802.8351724624633,domain
2325,Xenium,Mouse Brain,MultiSection1_sub4,SpatialMGCN,0.4307425942316902,0.6758298019877512,0.4547800632103213,0.6374032963336697,0.6979583767919478,0.6550612680002353,0.6758298019877513,414.2953139781952,4445.155534934997,domain
2326,Xenium,Mouse Brain,MultiSection1_sub4,stLearn,0.4285220064192844,0.5495682234566518,0.4519071770415515,0.5215691220988901,0.5664329763523004,0.5336838922320402,0.5495682234566518,10.693382263183594,86.99574928283691,domain
2327,Xenium,Mouse Brain,MultiSection1_sub5,BASS,0.4180018687915239,0.6319647984548039,0.4900081188317474,0.7396081731893206,0.6780582799546473,0.5917391726997536,0.6319647984548038,3873.964355993271,6012.84,domain
2328,Xenium,Mouse Brain,MultiSection1_sub5,Banksy,0.4087020941400771,0.6424306099167716,0.4837709395928077,0.7776219198578576,0.701533802635638,0.592512317251144,0.6424306099167716,49.21897420883179,521.391222190857,domain
2329,Xenium,Mouse Brain,MultiSection1_sub5,CCST,0.4023316065356804,0.6180016552482197,0.4748319025595084,0.7499322018048347,0.6645391579944806,0.5775732764607705,0.6180016552482197,8974.591561031342,30031.76078605652,domain
2330,Xenium,Mouse Brain,MultiSection1_sub5,CellCharter,0.4002261265572613,0.6481045295303082,0.4797054490727353,0.7691214289054098,0.7160060337953442,0.5919745206278794,0.6481045295303081,1518.6988333702088,87.6390645980835,domain
2331,Xenium,Mouse Brain,MultiSection1_sub5,DeepST,0.4153970366710727,0.57182201304659,0.4854842316009228,0.7036236966381446,0.5971433315905588,0.5487500037450795,0.5718220130465901,921.005728673935,10519.87538547516,domain
2332,Xenium,Mouse Brain,MultiSection1_sub5,GraphST,0.4215532562205115,0.6686216660759575,0.4934985389103913,0.7832328049749848,0.7221308812010188,0.6224953495835538,0.6686216660759574,106.47560086250306,17524.485299110413,domain
2333,Xenium,Mouse Brain,MultiSection1_sub5,PRECAST,0.2686416605964093,0.4398652589210171,0.3515826015346441,0.6262682938233506,0.485007923052515,0.4024104486716158,0.4398652589210171,221.11120200157168,348.6,domain
2334,Xenium,Mouse Brain,MultiSection1_sub5,SEDR,0.3358362406169433,0.6075418395105766,0.4144147816695699,0.7378500958526207,0.662402422696839,0.5611032112854103,0.6075418395105766,123.92633986473083,10533.75781097412,domain
2335,Xenium,Mouse Brain,MultiSection1_sub5,STAGATE,0.4002092497934765,0.6449447068839459,0.4754835116848472,0.7807079066722775,0.7041656374613192,0.5949204777638663,0.6449447068839458,124.62592072486878,156.95401191711426,domain
2336,Xenium,Mouse Brain,MultiSection1_sub5,SpaGCN,0.3578471654142934,0.532929507696079,0.433362609898224,0.6989760134661243,0.5714281680321687,0.4992909282048959,0.532929507696079,883.7267718315125,8764.877134513856,domain
2337,Xenium,Mouse Brain,MultiSection1_sub5,SpaceFlow,0.4267376689233425,0.6748081725089794,0.5032083268732965,0.7894889418805817,0.7404718044328497,0.619847712643917,0.6748081725089794,462.9172731876373,524.2920984268188,domain
2338,Xenium,Mouse Brain,MultiSection1_sub5,SpatialMGCN,0.3293241966501917,0.5777463567348723,0.4069312094345959,0.7146397344181045,0.6181589181565496,0.5422935458377907,0.5777463567348725,148.28164563179016,3605.466502380371,domain
2339,Xenium,Mouse Brain,MultiSection1_sub5,stLearn,0.2297078369779005,0.3936743289754368,0.3143382639034775,0.5828493944919811,0.4271894232036384,0.3650605978697875,0.3936743289754368,4.075619077682495,78.8398494720459,domain
2340,Xenium,Mouse Brain,MultiSection1_sub6,BASS,0.5834208577780087,0.7564948477690657,0.6151603787108383,0.6181856718948707,0.7020368174592405,0.8201121560666105,0.7564948477690656,5370.348751974106,7006.56,domain
2341,Xenium,Mouse Brain,MultiSection1_sub6,Banksy,0.5684699224281885,0.748108515969018,0.5856237141565378,0.6804154302670623,0.7603370653865915,0.7362670855688911,0.7481085159690181,121.96759457588196,564.8357290267944,domain
2342,Xenium,Mouse Brain,MultiSection1_sub6,CCST,0.5291061179079511,0.7323367707293134,0.5474162236207222,0.6743535396354388,0.7425308838118561,0.7224369334251357,0.7323367707293134,10969.57962527275,36181.68476524353,domain
2343,Xenium,Mouse Brain,MultiSection1_sub6,CellCharter,0.4429072598296377,0.7167029503375553,0.4704546194520302,0.6502755404832556,0.7434977090281927,0.6917892816340753,0.7167029503375553,1512.740104007721,90.9986047744751,domain
2344,Xenium,Mouse Brain,MultiSection1_sub6,DeepST,0.5225452920435909,0.6719664649739581,0.540305738446221,0.6242221280203476,0.6752627278883735,0.6687089203848757,0.6719664649739581,659.6490385532379,12791.160856819151,domain
2345,Xenium,Mouse Brain,MultiSection1_sub6,GraphST,0.5863545425792684,0.761936231242333,0.6023257624298723,0.6849088596863078,0.7576572146771084,0.7662638554864402,0.761936231242333,182.5654188156128,21310.2507894516,domain
2346,Xenium,Mouse Brain,MultiSection1_sub6,PRECAST,0.4706159963414952,0.5475665589432196,0.4906757423787,0.5145400593471811,0.5588757052573119,0.5367060278106816,0.5475665589432196,601.413256072998,342.24,domain
2347,Xenium,Mouse Brain,MultiSection1_sub6,SEDR,0.4828044341106917,0.7077951461660469,0.5063317802376417,0.6551589656634167,0.7292436226740917,0.6875777553133855,0.707795146166047,249.1082890987396,12808.222816848756,domain
2348,Xenium,Mouse Brain,MultiSection1_sub6,STAGATE,0.5485969225705744,0.7613688450789475,0.5676381842826828,0.7010258584145824,0.7780181044201362,0.7454195988212752,0.7613688450789475,321.27214608192446,176.9387565612793,domain
2349,Xenium,Mouse Brain,MultiSection1_sub6,SpaGCN,0.40636313635682,0.6188124210237784,0.4285685188350064,0.5595167443832132,0.6214036886629283,0.6162426749303075,0.6188124210237785,1009.5629771709442,10653.72070198059,domain
2350,Xenium,Mouse Brain,MultiSection1_sub6,SpaceFlow,0.5132045553133538,0.7590251466093779,0.5366898646393232,0.7035353963543874,0.7803201363771948,0.7388632917865939,0.759025146609378,1149.1058029651642,881.4097860336303,domain
2351,Xenium,Mouse Brain,MultiSection1_sub6,SpatialMGCN,0.3934275882872872,0.6218826120222644,0.4164906403439751,0.5902924968206867,0.6365349301492349,0.6078896754389658,0.6218826120222642,450.240435552597,4372.864403533936,domain
2352,Xenium,Mouse Brain,MultiSection1_sub6,stLearn,0.4184878605604835,0.5441175786183716,0.4413617584314687,0.5208223823654091,0.5580914508700243,0.5308396514648785,0.5441175786183716,10.61803388595581,86.02498531341553,domain
2353,Xenium,Mouse Brain,MultiSection1_sub7,BASS,0.5894551767129853,0.7206160255283035,0.6203493055242554,0.6987889273356401,0.7169666115889998,0.7243027811219069,0.7206160255283035,3155.3777659893035,5190.280000000001,domain
2354,Xenium,Mouse Brain,MultiSection1_sub7,Banksy,0.454263117389,0.7001965237342579,0.4960501040879922,0.7071510957324106,0.7255516827026264,0.6765536519648733,0.700196523734258,62.30512080192566,420.08821392059326,domain
2355,Xenium,Mouse Brain,MultiSection1_sub7,CCST,0.4808616357532216,0.6763729269558189,0.51941242963052,0.6712572087658593,0.690938527346612,0.6624309685862013,0.676372926955819,5973.718119335174,19628.472596359257,domain
2356,Xenium,Mouse Brain,MultiSection1_sub7,CellCharter,0.439276408232469,0.6835603563808403,0.4841525836253911,0.6824106113033449,0.7147186928227973,0.6550079056876215,0.6835603563808403,1315.8992871761322,69.96207981109619,domain
2357,Xenium,Mouse Brain,MultiSection1_sub7,DeepST,0.4743262349882476,0.6212851201575829,0.5132842090028886,0.6251903114186851,0.6333028176362848,0.6097239054700909,0.6212851201575829,647.5587242126464,6922.783198738098,domain
2358,Xenium,Mouse Brain,MultiSection1_sub7,GraphST,0.5032111083969634,0.7183206392787531,0.5416116142437893,0.7314302191464821,0.7384465639099838,0.6992626490859067,0.7183206392787531,72.0549204826355,11531.169691848756,domain
2359,Xenium,Mouse Brain,MultiSection1_sub7,PRECAST,0.2954811444705515,0.4405835402076855,0.3455373702779756,0.5055363321799308,0.4571589956173174,0.4251679992667653,0.4405835402076855,205.35804800987245,363.64,domain
2360,Xenium,Mouse Brain,MultiSection1_sub7,SEDR,0.4235019950993496,0.64781429721448,0.4663373325255219,0.6444521337946943,0.6672833183134125,0.6294770408207973,0.6478142972144799,105.07471866607666,6934.435261154174,domain
2361,Xenium,Mouse Brain,MultiSection1_sub7,STAGATE,0.4674144332523678,0.7069600115192848,0.5085543205745404,0.7066897347174164,0.7314141319755728,0.6840937430992694,0.7069600115192849,122.732555437088,128.5447443008423,domain
2362,Xenium,Mouse Brain,MultiSection1_sub7,SpaGCN,0.3524682920787398,0.5400256376258219,0.3994173303353153,0.5470588235294118,0.5471192916048913,0.5331135742327385,0.5400256376258221,519.3979859828949,5767.643134880066,domain
2363,Xenium,Mouse Brain,MultiSection1_sub7,SpaceFlow,0.4735198795971215,0.7190058334431667,0.5158130208851812,0.7163321799307958,0.7482247942357398,0.6919967800478977,0.7190058334431667,192.77016501426695,435.7610897064209,domain
2364,Xenium,Mouse Brain,MultiSection1_sub7,SpatialMGCN,0.2151056961767425,0.4607129053400937,0.2716852987488819,0.4900230680507497,0.4691268358063746,0.4525954698786013,0.4607129053400937,125.26246891021728,2388.2635272979737,domain
2365,Xenium,Mouse Brain,MultiSection1_sub7,stLearn,0.2899131260772936,0.443489713939862,0.3404646662998454,0.4879584775086504,0.4565549890055412,0.4311756268132283,0.4434897139398619,5.125343656539917,63.8640001296997,domain
2366,Xenium,Mouse Brain,MultiSection1_sub8,BASS,0.4499930082353549,0.6701348721240676,0.4997694976599264,0.585192051445455,0.6390698192814563,0.7043743655677503,0.6701348721240676,3605.3446040153503,4825.88,domain
2367,Xenium,Mouse Brain,MultiSection1_sub8,Banksy,0.392647214320897,0.6408602816768364,0.4359382249130287,0.5564567522159782,0.6486184218489708,0.6332855384826352,0.6408602816768363,32.80219912528992,419.57300491333007,domain
2368,Xenium,Mouse Brain,MultiSection1_sub8,CCST,0.3845526086369196,0.6469943591061045,0.4282268800445252,0.6033717629337814,0.6592124829608456,0.6352609611449902,0.6469943591061046,5939.4868325710295,19472.08676548004,domain
2369,Xenium,Mouse Brain,MultiSection1_sub8,CellCharter,0.3389212439245096,0.6115569566014256,0.3853137705644546,0.5550779213255316,0.6326525722757598,0.5918322054695204,0.6115569566014256,1320.3999306678772,69.99950580596924,domain
2370,Xenium,Mouse Brain,MultiSection1_sub8,DeepST,0.3645502441353466,0.5597344529321913,0.4114355131714688,0.5033080354556515,0.5612835971015129,0.5582468143300805,0.5597344529321913,651.2145269870758,6860.388700675964,domain
2371,Xenium,Mouse Brain,MultiSection1_sub8,GraphST,0.4627560597315897,0.6784985799714903,0.5021358504887379,0.6082498117142692,0.6742148018494372,0.6828371421066706,0.6784985799714904,74.65475106239319,11426.959266090393,domain
2372,Xenium,Mouse Brain,MultiSection1_sub8,PRECAST,0.244685150663101,0.4133799950161515,0.2958408971313692,0.426742367186142,0.4287185151770918,0.399101114415019,0.4133799950161515,196.521767950058,374.66,domain
2373,Xenium,Mouse Brain,MultiSection1_sub8,SEDR,0.3762966533217493,0.6184374668010265,0.4203782693037394,0.5589942645269683,0.6334127501316866,0.6041764618233316,0.6184374668010265,98.63149728775024,6871.632452392578,domain
2374,Xenium,Mouse Brain,MultiSection1_sub8,STAGATE,0.4018651887507534,0.6572675514488268,0.4451104691129564,0.5946468918370893,0.6796826141272427,0.6362853170100278,0.6572675514488268,132.54517521858216,128.39166831970215,domain
2375,Xenium,Mouse Brain,MultiSection1_sub8,SpaGCN,0.3707253828356051,0.5616209959790565,0.4188158223405714,0.5058803082092579,0.5506135197973849,0.5730775573158094,0.5616209959790563,470.2353095531464,5713.293640327453,domain
2376,Xenium,Mouse Brain,MultiSection1_sub8,SpaceFlow,0.4474321641490401,0.6879053045596144,0.4877946961126905,0.6599501766989166,0.7072941737675023,0.669561365312869,0.6879053045596144,206.27189898490903,421.8649896621704,domain
2377,Xenium,Mouse Brain,MultiSection1_sub8,SpatialMGCN,0.2292591373508517,0.4254761564940804,0.2818508743822054,0.4272637738253867,0.4374762518862667,0.4141168169071486,0.4254761564940806,102.38199577331542,2367.138473510742,domain
2378,Xenium,Mouse Brain,MultiSection1_sub8,stLearn,0.2726491045698351,0.4163869650547055,0.3239390708410966,0.4261050924048432,0.4239850310504637,0.4090763213513654,0.4163869650547056,4.738035058975219,63.75246353149414,domain
2379,CosMx,Mouse Brain,Hemisphere_sub1,BASS,0.4555420557964009,0.6923395942183699,0.4951444109440713,0.7151918158567775,0.7282373299141635,0.6598146848358313,0.6923395942183699,1364.2676179885864,3476.38,celltype
2380,CosMx,Mouse Brain,Hemisphere_sub1,Banksy,0.3739668480575647,0.673200042043191,0.4193504982934076,0.6803273657289003,0.7143630292170297,0.6365302178525912,0.673200042043191,52.585298204422,954.2789421081544,celltype
2381,CosMx,Mouse Brain,Hemisphere_sub1,CCST,0.1700354583126387,0.3295287286892617,0.217856435342057,0.4222813299232736,0.3428673134057251,0.3171953216585977,0.3295287286892617,2049.8396207809446,6392.839789199829,celltype
2382,CosMx,Mouse Brain,Hemisphere_sub1,CellCharter,0.296567135135986,0.5823022269431037,0.3463534859754308,0.60476726342711,0.6244781926191187,0.5454703096667025,0.5823022269431039,791.9605514526368,279.0936487197876,celltype
2383,CosMx,Mouse Brain,Hemisphere_sub1,DeepST,0.324989195670596,0.5425266729959553,0.3691429239549399,0.6313657289002558,0.5694472258065256,0.5180597338480802,0.5425266729959553,143.40375289916992,2289.232444763184,celltype
2384,CosMx,Mouse Brain,Hemisphere_sub1,GraphST,0.1895484547892305,0.374195853479217,0.2371377327843806,0.4798976982097186,0.3962357651839993,0.3544786095019381,0.3741958534792169,50.56996273994446,3803.090449142456,celltype
2385,CosMx,Mouse Brain,Hemisphere_sub1,PRECAST,0.3606970270503247,0.6336780088776977,0.4080592026964881,0.6391815856777494,0.6756975833744814,0.5965786027829837,0.6336780088776975,320.0983699798584,575.5,celltype
2386,CosMx,Mouse Brain,Hemisphere_sub1,SEDR,0.3440128873171962,0.6158074724671385,0.3895245821289667,0.6403887468030691,0.6526377619813009,0.5829207884904011,0.6158074724671385,56.67366347312928,2307.340245246887,celltype
2387,CosMx,Mouse Brain,Hemisphere_sub1,STAGATE,0.1758647510272495,0.3697492021224786,0.2243036276255507,0.4753964194373402,0.3958652435470242,0.3468664872071633,0.3697492021224786,142.24914350509644,189.35732421875,celltype
2388,CosMx,Mouse Brain,Hemisphere_sub1,SpaGCN,0.3758073238618136,0.61107671623244,0.4149481951079935,0.6136061381074169,0.6260159893116057,0.5968338470779457,0.61107671623244,265.05583209991454,1921.8648670196533,celltype
2389,CosMx,Mouse Brain,Hemisphere_sub1,SpaceFlow,0.1307683595755249,0.313001275021366,0.1791478836662695,0.4092071611253196,0.3369420169451883,0.2922378841003577,0.313001275021366,130.22348456382753,318.86724281311035,celltype
2390,CosMx,Mouse Brain,Hemisphere_sub1,SpatialMGCN,0.4153206015206582,0.6940809339956685,0.4596113944083444,0.7213299232736573,0.7341738480543982,0.658140185150214,0.6940809339956685,157.09306864738463,1219.718590927124,celltype
2391,CosMx,Mouse Brain,Hemisphere_sub1,stLearn,0.3859780964790024,0.6613105110712003,0.4306687074227425,0.6865882352941176,0.7010269142290374,0.6258629025648401,0.6613105110712003,4.648986101150513,153.56219825744628,celltype
2392,CosMx,Mouse Brain,Hemisphere_sub1,BASS,0.2402046401393057,0.5010663739769474,0.4068227440733561,0.7614322250639386,0.5931774789000537,0.4337169704755153,0.5010663739769474,1364.2676179885864,3476.38,niche
2393,CosMx,Mouse Brain,Hemisphere_sub1,Banksy,0.2979442716241621,0.538917143848886,0.4706119765184812,0.7441432225063939,0.5962234706334707,0.4916609023167749,0.5389171438488861,22.572439765930177,954.1637552261352,niche
2394,CosMx,Mouse Brain,Hemisphere_sub1,CCST,0.2323896017912367,0.49083456024641,0.4077300419102954,0.7249104859335038,0.5508898304766965,0.4427792537636342,0.49083456024641,2010.8324332237244,6393.529248619079,niche
2395,CosMx,Mouse Brain,Hemisphere_sub1,CellCharter,0.1627602444217488,0.3986976665857243,0.3351304242516141,0.6931150895140664,0.4732477126396654,0.3444458311724773,0.3986976665857243,792.2952805995941,277.45564727783204,niche
2396,CosMx,Mouse Brain,Hemisphere_sub1,DeepST,0.1979560878643262,0.3703268032010045,0.3930004401127863,0.6497800511508951,0.3965369371946372,0.3477514758206089,0.3703268032010045,345.40177445411683,2289.202207946777,niche
2397,CosMx,Mouse Brain,Hemisphere_sub1,GraphST,0.2385274262934055,0.4954870315916931,0.4049626737961612,0.761841432225064,0.590059878955745,0.4270421302480494,0.4954870315916929,33.57604560852051,3800.152744102478,niche
2398,CosMx,Mouse Brain,Hemisphere_sub1,PRECAST,0.1534129438616263,0.2946127721040649,0.3254261850220515,0.6566751918158568,0.3507539265351825,0.2539637156033208,0.2946127721040649,97.3287799835205,464.94,niche
2399,CosMx,Mouse Brain,Hemisphere_sub1,SEDR,0.1629230457937784,0.3311136733874843,0.3382267403701443,0.6847058823529412,0.3882175604332738,0.2886591141954966,0.3311136733874843,36.09056086540223,2307.2621105194094,niche
2400,CosMx,Mouse Brain,Hemisphere_sub1,STAGATE,0.260905425324335,0.5137182237374126,0.4356610161827845,0.7385984654731458,0.5807161228257665,0.4607184663720455,0.5137182237374126,82.71889653205872,188.10442447662356,niche
2401,CosMx,Mouse Brain,Hemisphere_sub1,SpaGCN,0.1557126507650887,0.2959656654098436,0.3366638306937508,0.661381074168798,0.3424325953036269,0.2606027633374249,0.2959656654098436,347.0877851963043,1910.7248514175412,niche
2402,CosMx,Mouse Brain,Hemisphere_sub1,SpaceFlow,0.2026341828472611,0.4594404745199217,0.3724435238803144,0.7250332480818414,0.5421985241939475,0.3986460616224701,0.4594404745199217,78.81660227775573,281.8730922698975,niche
2403,CosMx,Mouse Brain,Hemisphere_sub1,SpatialMGCN,0.1262845610481317,0.2626615491748735,0.3099285638423635,0.6304859335038363,0.3045625154944059,0.2308955094531951,0.2626615491748735,57.13630013465881,1218.156410598755,niche
2404,CosMx,Mouse Brain,Hemisphere_sub1,stLearn,0.1063395176764639,0.1932425989360064,0.2888056286190755,0.5778414322250639,0.2248701817352469,0.1694149809422934,0.1932425989360064,2.890985202789307,153.49203510284423,niche
2405,CosMx,Mouse Brain,Hemisphere_sub2,BASS,0.5417322237838028,0.7026460728613876,0.5705310738035658,0.7124329932560954,0.7264743073470554,0.6803313205433718,0.7026460728613876,1584.5888759613038,3431.9800000000005,celltype
2406,CosMx,Mouse Brain,Hemisphere_sub2,Banksy,0.4855126181918682,0.6905598258629331,0.519542380194734,0.679405153034757,0.7247033972349348,0.65948876716941,0.690559825862933,72.48619928359986,1123.5502759933472,celltype
2407,CosMx,Mouse Brain,Hemisphere_sub2,CCST,0.2164466105242879,0.3670993346163478,0.2614402213169896,0.4160989106000345,0.3674193595601118,0.3668048918935105,0.3670993346163478,2787.1698083877563,8815.123557662964,celltype
2408,CosMx,Mouse Brain,Hemisphere_sub2,CellCharter,0.3375321928438413,0.5875981165903406,0.3806138909932976,0.5808576863219782,0.6260258829283664,0.553617597224451,0.5875981165903404,943.7136881828308,318.051727104187,celltype
2409,CosMx,Mouse Brain,Hemisphere_sub2,DeepST,0.2955068159729762,0.4928412664495495,0.4130287848567828,0.4247622341345322,0.4186255715095002,0.626590840636949,0.4928412664495495,368.6845239162445,3179.166562271118,celltype
2410,CosMx,Mouse Brain,Hemisphere_sub2,GraphST,0.2570134314062773,0.4079498187044013,0.2986050510502639,0.4623897630987377,0.4218046448717177,0.3949762138619364,0.4079498187044013,65.09574031829834,5283.692464447022,celltype
2411,CosMx,Mouse Brain,Hemisphere_sub2,PRECAST,0.4684697496973361,0.6620435409776817,0.5051400164491464,0.6713643437662113,0.6999580896948514,0.628025363882369,0.6620435409776818,418.4027139186859,578.92,celltype
2412,CosMx,Mouse Brain,Hemisphere_sub2,SEDR,0.4159385301914035,0.623228306710712,0.4534486525930946,0.6306242434722462,0.6545855465056718,0.5947442662750243,0.623228306710712,89.32303867340087,3204.0114183425903,celltype
2413,CosMx,Mouse Brain,Hemisphere_sub2,STAGATE,0.1689595416706873,0.3528248192382736,0.2135051690851636,0.4265779007435586,0.3751325209918249,0.3330373503995286,0.3528248192382736,129.43334431648253,215.6322431564331,celltype
2414,CosMx,Mouse Brain,Hemisphere_sub2,SpaGCN,0.5356956039727853,0.6504309285364442,0.5631687740971683,0.6701538993601937,0.6604097154725659,0.6407492116973148,0.6504309285364442,257.12781472206115,2663.9615592956543,celltype
2415,CosMx,Mouse Brain,Hemisphere_sub2,SpaceFlow,0.1395739299076784,0.3460643614231472,0.1849022681012393,0.4020404634272868,0.3733951118505514,0.3224621768888506,0.3460643614231472,155.43451671600343,364.81632595062257,celltype
2416,CosMx,Mouse Brain,Hemisphere_sub2,SpatialMGCN,0.4339676127190919,0.6998725006672584,0.4776865601373085,0.7340480719349819,0.7463291633690687,0.6588604900730319,0.6998725006672583,152.94401984214784,1675.4555032730102,celltype
2417,CosMx,Mouse Brain,Hemisphere_sub2,stLearn,0.4240043389801049,0.6692268762674843,0.4651410443111194,0.7083693584644648,0.7107170476445486,0.6323167527332677,0.6692268762674842,5.416163492202759,178.71340656280518,celltype
2418,CosMx,Mouse Brain,Hemisphere_sub2,BASS,0.6881015023660931,0.7253226706408995,0.7315439547809289,0.8430745287912847,0.7450232345788105,0.7066371456496631,0.7253226706408994,1584.5888759613038,3431.9800000000005,niche
2419,CosMx,Mouse Brain,Hemisphere_sub2,Banksy,0.6927339444099792,0.7155395456975056,0.7349475783494229,0.8468787826387688,0.7469719216204386,0.686645681597487,0.7155395456975056,22.956267023086543,1123.5494401931762,niche
2420,CosMx,Mouse Brain,Hemisphere_sub2,CCST,0.664333556457087,0.7186114674361483,0.7109077589269783,0.8249870309527927,0.734755671745739,0.7031775259073345,0.7186114674361482,2766.3310039520265,8815.122523117065,niche
2421,CosMx,Mouse Brain,Hemisphere_sub2,CellCharter,0.4484354511647021,0.5663816049349911,0.5207132078250807,0.6899533114300536,0.6058057392984284,0.5318044176106648,0.5663816049349911,945.4826986312868,320.81902561187746,niche
2422,CosMx,Mouse Brain,Hemisphere_sub2,DeepST,0.5217676223234424,0.5691517355229256,0.602520508940878,0.6495071762061213,0.5577011980981502,0.5818492915945458,0.5691517355229256,429.729727268219,3179.1652574539185,niche
2423,CosMx,Mouse Brain,Hemisphere_sub2,GraphST,0.670622446204604,0.7077409540733601,0.7177417581116725,0.8279439737160643,0.7157493055014028,0.6999098268638965,0.7077409540733599,45.04605679512024,5283.682393455505,niche
2424,CosMx,Mouse Brain,Hemisphere_sub2,PRECAST,0.3623561522654592,0.382461969760861,0.4457625678325547,0.5611274425038907,0.405326083259705,0.3620396108376492,0.382461969760861,122.8403779029846,570.18,niche
2425,CosMx,Mouse Brain,Hemisphere_sub2,SEDR,0.4262286901897351,0.5159481521010021,0.501470108582333,0.6606086806155974,0.546588308374641,0.4885722294961206,0.5159481521010022,45.77369594573975,3204.011281967163,niche
2426,CosMx,Mouse Brain,Hemisphere_sub2,STAGATE,0.666144464834513,0.7246543456730326,0.7124411277462683,0.8415874113781774,0.7462543823876348,0.7042809381735141,0.7246543456730326,84.25924172401429,215.6316759109497,niche
2427,CosMx,Mouse Brain,Hemisphere_sub2,SpaGCN,0.3244311594220389,0.3777271029166887,0.4217794464644591,0.496195746152516,0.3844054244719653,0.3712768653932786,0.3777271029166887,433.61785678863527,2673.0729480743407,niche
2428,CosMx,Mouse Brain,Hemisphere_sub2,SpaceFlow,0.567048381931949,0.6665837856958202,0.6258918435402159,0.7684074010029397,0.6949146640261149,0.6405419437161393,0.6665837856958202,102.2270812034607,337.05803775787354,niche
2429,CosMx,Mouse Brain,Hemisphere_sub2,SpatialMGCN,0.2380316085072274,0.3798861419045029,0.3407360351670715,0.5573231886564067,0.3975713863687698,0.3637072809560557,0.3798861419045029,73.38821864128113,1675.4525733947753,niche
2430,CosMx,Mouse Brain,Hemisphere_sub2,stLearn,0.2448738377315389,0.3120616790894203,0.3424483403136643,0.4490057063807712,0.3300933459814916,0.2958982071005315,0.3120616790894203,3.02060489654541,178.71133365631104,niche
2431,CosMx,Mouse Brain,Hemisphere_sub3,BASS,0.3216877162392633,0.6396194903250706,0.408934194261758,0.7696045736064793,0.7377250030096854,0.5645442246543881,0.6396194903250706,1437.1249540805816,3119.54,celltype
2432,CosMx,Mouse Brain,Hemisphere_sub3,Banksy,0.3568833898083152,0.650270479330328,0.4437369321168273,0.7741781800857551,0.7467726819300973,0.575855203016283,0.6502704793303279,76.85325860977173,1016.3462671279908,celltype
2433,CosMx,Mouse Brain,Hemisphere_sub3,CCST,0.1413111704539492,0.3246636134343636,0.2183272962179068,0.5187232015245355,0.3639478629258674,0.2930426564272003,0.3246636134343637,2322.4764159202578,7335.38199558258,celltype
2434,CosMx,Mouse Brain,Hemisphere_sub3,CellCharter,0.2169317423769192,0.5308255117474323,0.307083231384246,0.6631157694140067,0.6256985352140205,0.4609545563100407,0.5308255117474323,850.9707397937775,285.4429248809814,celltype
2435,CosMx,Mouse Brain,Hemisphere_sub3,DeepST,0.2456492565153118,0.520536309987016,0.3305801646602445,0.7000666984278228,0.6006014086193563,0.4593330689123233,0.520536309987016,110.04378180503844,2625.713546562195,celltype
2436,CosMx,Mouse Brain,Hemisphere_sub3,GraphST,0.1852466028639187,0.3656361531465468,0.2630579009515749,0.5472129585516913,0.416215784425044,0.3260176367985077,0.3656361531465468,89.13409371376038,4364.121329879761,celltype
2437,CosMx,Mouse Brain,Hemisphere_sub3,PRECAST,0.2597483955776073,0.5908257780258019,0.352142865857899,0.7284421152929966,0.6945853254685231,0.5140371401506687,0.590825778025802,340.20397992134093,483.14,celltype
2438,CosMx,Mouse Brain,Hemisphere_sub3,SEDR,0.3001719129156786,0.5809941219861872,0.3852461438970003,0.7232968080038114,0.6670137373204488,0.5146394780795133,0.5809941219861872,97.19344906806946,2650.1222780227663,celltype
2439,CosMx,Mouse Brain,Hemisphere_sub3,STAGATE,0.1029007062628291,0.3060299913246693,0.1781467634987129,0.5152548832777513,0.3596341097231244,0.2663347489799907,0.3060299913246693,141.53077368736268,191.7913547515869,celltype
2440,CosMx,Mouse Brain,Hemisphere_sub3,SpaGCN,0.3096943193199063,0.5830600825996777,0.3927693981284504,0.7113863744640305,0.6620312701233315,0.5209213587056308,0.5830600825996777,235.20028614997864,2219.056641960144,celltype
2441,CosMx,Mouse Brain,Hemisphere_sub3,SpaceFlow,0.1009174221577689,0.3075856507897377,0.17652515543024,0.5061648404001906,0.3646887975704062,0.2659485271446172,0.3075856507897377,111.54400615692138,324.89619941711425,celltype
2442,CosMx,Mouse Brain,Hemisphere_sub3,SpatialMGCN,0.3236479044241309,0.6406877547332047,0.4068625964319533,0.7771319676036208,0.7306684003529093,0.5704390922940644,0.6406877547332047,152.27297525405885,1390.1604049682617,celltype
2443,CosMx,Mouse Brain,Hemisphere_sub3,stLearn,0.2800313574417316,0.611366834145295,0.3727949447911485,0.7500714626012387,0.7139540368319431,0.5345650849286622,0.6113668341452949,4.9538719177246096,160.6323169708252,celltype
2444,CosMx,Mouse Brain,Hemisphere_sub3,BASS,0.3720722382021365,0.5837012608392551,0.4977046658327673,0.7914244878513578,0.6593067357268025,0.5236518966011501,0.5837012608392551,1437.1249540805816,3119.54,niche
2445,CosMx,Mouse Brain,Hemisphere_sub3,Banksy,0.6670101969434111,0.6992082446043747,0.7413486430296203,0.8527870414483087,0.748606602111953,0.6559256328575995,0.6992082446043747,22.83813147544861,1016.3464374542236,niche
2446,CosMx,Mouse Brain,Hemisphere_sub3,CCST,0.5165032914046087,0.6418704205121921,0.6191197937098027,0.832777513101477,0.6872532281255376,0.6021221019150927,0.6418704205121921,2299.814202451706,7335.379944229126,niche
2447,CosMx,Mouse Brain,Hemisphere_sub3,CellCharter,0.3626699686503624,0.5345532537114555,0.4892708042409115,0.7575988565983802,0.6022108871208937,0.4805737086272936,0.5345532537114555,848.0708765029907,282.1156534194946,niche
2448,CosMx,Mouse Brain,Hemisphere_sub3,DeepST,0.4963774936691404,0.5049275359716494,0.6069555038029316,0.6804001905669367,0.5118045404293421,0.4983524114191633,0.5049275359716493,394.852215719223,2625.7124452590942,niche
2449,CosMx,Mouse Brain,Hemisphere_sub3,GraphST,0.4593945394002808,0.6110240275496059,0.5717308632431513,0.8172463077656026,0.6671630606157055,0.5635994474378845,0.6110240275496059,38.13450002670288,4364.12308883667,niche
2450,CosMx,Mouse Brain,Hemisphere_sub3,PRECAST,0.2107639690716371,0.3146238922327278,0.3572020652191961,0.5838018103858981,0.3504875874820675,0.2854184103473731,0.3146238922327278,95.8917359828949,533.5600000000001,niche
2451,CosMx,Mouse Brain,Hemisphere_sub3,SEDR,0.3367647787069482,0.4098097964036647,0.4676301272406804,0.6731777036684136,0.4531012949596411,0.374128733844872,0.4098097964036647,36.355568170547485,2650.122576713562,niche
2452,CosMx,Mouse Brain,Hemisphere_sub3,STAGATE,0.4566901863900883,0.6308483594312543,0.570044954219421,0.8162363030014292,0.6960244856184896,0.5768339232338737,0.6308483594312542,75.06594376564026,191.79166831970215,niche
2453,CosMx,Mouse Brain,Hemisphere_sub3,SpaGCN,0.2947708459493959,0.3436659576599336,0.436150757481203,0.5796093377798952,0.3661602688478399,0.323775470339338,0.3436659576599336,338.5896637916565,2201.240665817261,niche
2454,CosMx,Mouse Brain,Hemisphere_sub3,SpaceFlow,0.4348347619474942,0.5988168214245999,0.5510871931844381,0.7979418770843258,0.6601606277914479,0.5479455919114908,0.5988168214246,201.52706055641173,395.1238292694092,niche
2455,CosMx,Mouse Brain,Hemisphere_sub3,SpatialMGCN,0.2142359832463816,0.312096166529737,0.3587935021899243,0.5971414959504526,0.3512616851045594,0.280788388556896,0.312096166529737,59.820527696609496,1390.1580629348755,niche
2456,CosMx,Mouse Brain,Hemisphere_sub3,stLearn,0.1668229184915715,0.2198818135283405,0.3220728660797635,0.5264030490709862,0.2426736899603464,0.2010103449990579,0.2198818135283405,2.753360843658448,160.62986793518067,niche
2457,CosMx,Mouse Brain,Hemisphere_sub4,BASS,0.5140056279193332,0.7097077806527028,0.5355104837938263,0.668033288459185,0.7235984708433179,0.6963403558445947,0.7097077806527028,2480.8422659397124,4767.1,celltype
2458,CosMx,Mouse Brain,Hemisphere_sub4,Banksy,0.4896938484689817,0.7103778212649523,0.5134499652321074,0.688679476196304,0.7319421745531484,0.69005169521682,0.7103778212649523,112.08706769943235,1579.51064453125,celltype
2459,CosMx,Mouse Brain,Hemisphere_sub4,CCST,0.2598408579882413,0.4431246606703162,0.2907581204184462,0.4645331048831232,0.4517553432478859,0.4348498143044601,0.4431246606703162,5406.970382022858,17553.4085855484,celltype
2460,CosMx,Mouse Brain,Hemisphere_sub4,CellCharter,0.3660018704017721,0.6199799105703627,0.396699555987888,0.597038306204871,0.6484999219659778,0.5938684484833002,0.6199799105703627,1309.2701081752778,440.7495742797852,celltype
2461,CosMx,Mouse Brain,Hemisphere_sub4,DeepST,0.4131015514826177,0.6062261066122707,0.4387594051573789,0.6398971974054584,0.6218661010140524,0.5913689677504166,0.6062261066122707,210.09462451934812,6273.939960098267,celltype
2462,CosMx,Mouse Brain,Hemisphere_sub4,GraphST,0.2883236401750726,0.4765671452151591,0.3182362999130541,0.490209276710317,0.4913965329862789,0.4626065819457053,0.4765671452151592,95.26376552581787,10439.3458940506,celltype
2463,CosMx,Mouse Brain,Hemisphere_sub4,PRECAST,0.4410655543308016,0.6558355227863656,0.4660953491780024,0.6044547790968058,0.6765550596407603,0.6363473493277362,0.6558355227863655,628.9372179508209,838.86,celltype
2464,CosMx,Mouse Brain,Hemisphere_sub4,SEDR,0.3811748014443559,0.6172124524321433,0.4100594536785794,0.6147717537633093,0.641497062386946,0.5947038491490532,0.6172124524321433,104.52894396781922,6313.541815376282,celltype
2465,CosMx,Mouse Brain,Hemisphere_sub4,STAGATE,0.2708214588065052,0.4760760487349501,0.3011822647085381,0.4866846163260311,0.4899273948017306,0.4629878664533387,0.4760760487349501,215.34583292007449,296.1599655151367,celltype
2466,CosMx,Mouse Brain,Hemisphere_sub4,SpaGCN,0.4573972626743786,0.6717002319390274,0.480637698041028,0.6316240362256762,0.6774740356573343,0.6660240115790755,0.6717002319390275,629.6791726112366,5232.74815826416,celltype
2467,CosMx,Mouse Brain,Hemisphere_sub4,SpaceFlow,0.204026999046732,0.4166729008720867,0.2377244972919069,0.4327499694039897,0.438534192787503,0.3968920303508573,0.4166729008720867,657.869158411026,728.8157133102417,celltype
2468,CosMx,Mouse Brain,Hemisphere_sub4,SpatialMGCN,0.4741228596066427,0.713649852614133,0.4982897853741883,0.7058499571655856,0.7359949265837061,0.6926216083788254,0.7136498526141332,273.7537644863129,2352.532403564453,celltype
2469,CosMx,Mouse Brain,Hemisphere_sub4,stLearn,0.4500178112814338,0.6863224700419952,0.4763868653381081,0.663566270958267,0.7113198333323355,0.6630260580040828,0.6863224700419952,7.758680963516236,249.04407405853271,celltype
2470,CosMx,Mouse Brain,Hemisphere_sub4,BASS,0.5874341287478541,0.7123387809115699,0.6270943485717707,0.7405458328233998,0.7183884742873013,0.7063901280154102,0.7123387809115699,2480.8422659397124,4767.1,niche
2471,CosMx,Mouse Brain,Hemisphere_sub4,Banksy,0.621742229228777,0.758871404584008,0.659720475040136,0.8401052502753641,0.7874421168624727,0.7323013608513017,0.7588714045840079,35.433488035202025,1579.3721797943117,niche
2472,CosMx,Mouse Brain,Hemisphere_sub4,CCST,0.4907475446606583,0.6994121853186492,0.5387713314652791,0.7023252967812997,0.7179195985134256,0.6818729880392562,0.6994121853186492,5447.758886432648,17555.955613517763,niche
2473,CosMx,Mouse Brain,Hemisphere_sub4,CellCharter,0.4434815970520269,0.6371440994572055,0.495492167014531,0.6809203279892302,0.6638871998334619,0.6125029233200877,0.6371440994572055,1308.6575781345368,438.1424095153809,niche
2474,CosMx,Mouse Brain,Hemisphere_sub4,DeepST,0.446966057177473,0.6189872930115229,0.509834940843425,0.6311345000611921,0.6071539568880019,0.6315345210430006,0.6189872930115228,608.1341021060944,6273.939604949951,niche
2475,CosMx,Mouse Brain,Hemisphere_sub4,GraphST,0.537622935377928,0.7016608172574269,0.5818918242702983,0.7768327010157875,0.7265787656531767,0.6783953156139935,0.701660817257427,68.77175569534302,10439.343335914613,niche
2476,CosMx,Mouse Brain,Hemisphere_sub4,PRECAST,0.2704648067863904,0.4119901623568746,0.3358429102041218,0.4975523191775791,0.4276308910860453,0.3974531920649412,0.4119901623568743,249.16636805534364,764.5600000000001,niche
2477,CosMx,Mouse Brain,Hemisphere_sub4,SEDR,0.4115342517877704,0.595971294851185,0.4664736382936787,0.6495410598457961,0.6120981125236826,0.5806841946528891,0.5959712948511849,72.90517148971557,6313.540369606018,niche
2478,CosMx,Mouse Brain,Hemisphere_sub4,STAGATE,0.60111801927556,0.7636701016631009,0.6395429036089983,0.8129849467629422,0.7849755593161019,0.7434936850281525,0.7636701016631009,145.22854018211365,296.15766010284426,niche
2479,CosMx,Mouse Brain,Hemisphere_sub4,SpaGCN,0.2802393589688749,0.4566052469738094,0.3547408394520017,0.5258842246970995,0.4550039597943211,0.4582178447202002,0.4566052469738094,775.337494134903,5251.756304550171,niche
2480,CosMx,Mouse Brain,Hemisphere_sub4,SpaceFlow,0.4500917123464837,0.6427897629203867,0.501792119620963,0.6757434830498104,0.6674506367132885,0.6199665594171094,0.6427897629203867,140.23513765335085,452.7771854400635,niche
2481,CosMx,Mouse Brain,Hemisphere_sub4,SpatialMGCN,0.2891851138159085,0.466412060782562,0.3572464842574593,0.5576428833680088,0.4713076128645711,0.4616171650252139,0.466412060782562,140.42976508140563,2352.5346755981445,niche
2482,CosMx,Mouse Brain,Hemisphere_sub4,stLearn,0.2512061146527941,0.3946031267789512,0.3196712860878895,0.4668339248561987,0.4057716615970307,0.3840354719611635,0.3946031267789512,3.715010929107666,249.0432538986206,niche
2483,CosMx,Mouse Brain,Hippocampus_sub1,BASS,0.5141667898992252,0.7209932131550596,0.5364252535875843,0.6720471829892907,0.7300669139566972,0.7121422901161204,0.7209932131550597,3168.7889999866484,5451.32,celltype
2484,CosMx,Mouse Brain,Hippocampus_sub1,Banksy,0.4753952046587205,0.7183035605812513,0.5026288850806144,0.7060272129960163,0.7440481495824341,0.6942837032604079,0.7183035605812513,118.57812957763672,1862.2173871994016,celltype
2485,CosMx,Mouse Brain,Hippocampus_sub1,CCST,0.2194813570123322,0.4288005775506188,0.2531755508854407,0.4481556210874851,0.4397196081908101,0.4184263283247373,0.4288005775506188,7535.937493228912,24573.20829715729,celltype
2486,CosMx,Mouse Brain,Hippocampus_sub1,CellCharter,0.3326175880977811,0.6070627380865024,0.3673795156304006,0.5795229965337059,0.6383767964686768,0.5786783447308828,0.6070627380865025,1588.428156042099,524.3811599731446,celltype
2487,CosMx,Mouse Brain,Hippocampus_sub1,DeepST,0.4407968137955742,0.6261605454575536,0.4662993602653803,0.6541362719230173,0.6390973793142507,0.6137410904068973,0.6261605454575536,307.4201816082001,8743.50196800232,celltype
2488,CosMx,Mouse Brain,Hippocampus_sub1,GraphST,0.2692406337331959,0.4747996299378983,0.3012028291950374,0.4830565471571214,0.4868306313590437,0.4633489296891999,0.4747996299378983,151.47346210479736,14551.06399230957,celltype
2489,CosMx,Mouse Brain,Hippocampus_sub1,PRECAST,0.4646342109747933,0.6752652240262855,0.4927768691151378,0.6354182834083502,0.702434220909739,0.6501196677572684,0.6752652240262854,719.2330599784851,919.08,celltype
2490,CosMx,Mouse Brain,Hippocampus_sub1,SEDR,0.3889335123812427,0.6205108774917918,0.4185995676729533,0.6194319416420921,0.6430110958846458,0.5995377058961993,0.6205108774917918,176.473588514328,8788.888375091552,celltype
2491,CosMx,Mouse Brain,Hippocampus_sub1,STAGATE,0.2469445575170182,0.4633496482636839,0.2800078288708538,0.4876092917378033,0.4803860285324079,0.4474855636303957,0.4633496482636839,297.7638956546783,353.4619140625,celltype
2492,CosMx,Mouse Brain,Hippocampus_sub1,SpaGCN,0.4519363996456427,0.66910125717948,0.4766589126943755,0.6462827875213409,0.674625477161343,0.6636667733440453,0.66910125717948,465.4726446628571,7331.914789962769,celltype
2493,CosMx,Mouse Brain,Hippocampus_sub1,SpaceFlow,0.1797381692252388,0.4153308786023326,0.2156108820958552,0.4350250918309276,0.4383245455496527,0.394630283114616,0.4153308786023326,473.3424515247345,623.8275115966796,celltype
2494,CosMx,Mouse Brain,Hippocampus_sub1,SpatialMGCN,0.5659525383213216,0.7413876580563458,0.5859695641336619,0.7388897511511201,0.7603820537933779,0.723319097503665,0.7413876580563458,323.6138132095337,3184.4282468795777,celltype
2495,CosMx,Mouse Brain,Hippocampus_sub1,stLearn,0.4832673268684067,0.7188350025677466,0.5106607816960577,0.7095969786331419,0.7454354512168172,0.6940786225137839,0.7188350025677466,9.209683656692505,295.7497589111328,celltype
2496,CosMx,Mouse Brain,Hippocampus_sub1,BASS,0.6646084958898196,0.7518174386586218,0.6982268642649485,0.7653267111593978,0.7445358826823243,0.7592428284667881,0.7518174386586218,3168.7889999866484,5451.32,niche
2497,CosMx,Mouse Brain,Hippocampus_sub1,Banksy,0.6534232098468695,0.7637828825866937,0.6870017197636336,0.7713797920223499,0.7656358468752712,0.7619388655989884,0.7637828825866937,46.03037643432617,1862.216543197632,niche
2498,CosMx,Mouse Brain,Hippocampus_sub1,CCST,0.5340466654182148,0.7301534992211323,0.5788569302006682,0.7220859847896943,0.737697042514903,0.7228379373567577,0.7301534992211323,7533.460845041275,24573.20612163544,niche
2499,CosMx,Mouse Brain,Hippocampus_sub1,CellCharter,0.413797742489055,0.6159554324623164,0.4670589963128976,0.645237725697139,0.6384847222634347,0.594983391486325,0.6159554324623164,1586.1388204574585,519.6636362075806,niche
2500,CosMx,Mouse Brain,Hippocampus_sub1,DeepST,0.4284712296794447,0.5908244912722969,0.4885902230434049,0.5984996637177298,0.581591989354272,0.600368739598046,0.5908244912722969,765.3972966194153,8743.501112747192,niche
2501,CosMx,Mouse Brain,Hippocampus_sub1,GraphST,0.6132064726257479,0.7196903887275786,0.649539299890263,0.7817269387966268,0.7286576322005758,0.7109411733015087,0.7196903887275787,84.5706241607666,14551.063073158264,niche
2502,CosMx,Mouse Brain,Hippocampus_sub1,PRECAST,0.24272845903753,0.3887144089887505,0.3093294603984081,0.4820735682135651,0.4017615989882623,0.376487978680945,0.3887144089887505,297.1182159900665,871.74,niche
2503,CosMx,Mouse Brain,Hippocampus_sub1,SEDR,0.4558917276055861,0.6365960928676817,0.5058181602869662,0.6816389880490454,0.6522464944294118,0.6217023151578938,0.6365960928676817,99.13244590759275,8788.847701835632,niche
2504,CosMx,Mouse Brain,Hippocampus_sub1,STAGATE,0.6172561804499488,0.7478578743213271,0.6539258686966244,0.8142894096952766,0.769630226554633,0.727389923031618,0.7478578743213272,152.99738011360168,353.46085319519045,niche
2505,CosMx,Mouse Brain,Hippocampus_sub1,SpaGCN,0.2754865417217991,0.4372119315325477,0.3468308229433618,0.496714780899167,0.435666260326939,0.4387686093549156,0.4372119315325477,869.0036813735962,7293.135700416565,niche
2506,CosMx,Mouse Brain,Hippocampus_sub1,SpaceFlow,0.5216416678496513,0.6948647523084657,0.5661113849981231,0.717967820373532,0.7108802801520211,0.6797495763526308,0.6948647523084656,142.91496062278748,466.3167112350464,niche
2507,CosMx,Mouse Brain,Hippocampus_sub1,SpatialMGCN,0.2630352078332819,0.4454306834507554,0.3337650838157686,0.5541931812302757,0.447625134548271,0.4432576436735694,0.4454306834507554,138.57357807159423,3203.041174125671,niche
2508,CosMx,Mouse Brain,Hippocampus_sub1,stLearn,0.1994768684203236,0.3500898754351312,0.2746266359881922,0.4195250659630606,0.3551683852964723,0.3451622076240081,0.3500898754351312,4.432017230987549,295.75142230987547,niche
2509,CosMx,Mouse Brain,Hippocampus_sub2,BASS,0.5428708237037868,0.7394306652585015,0.5641540240518385,0.7186292192733832,0.7567773977061664,0.7228613510952946,0.7394306652585015,2621.0298260211944,5258.18,celltype
2510,CosMx,Mouse Brain,Hippocampus_sub2,Banksy,0.5152776542645952,0.7363066814311794,0.5390996541207721,0.7165678948724555,0.7577508013502117,0.7160428830634037,0.7363066814311795,113.76218214035036,1887.4514120101928,celltype
2511,CosMx,Mouse Brain,Hippocampus_sub2,CCST,0.2041113022216503,0.4295489525176609,0.2376401319860543,0.4379283689770677,0.4402772621301016,0.4193413648689217,0.429548952517661,7565.837476968765,24746.94639072418,celltype
2512,CosMx,Mouse Brain,Hippocampus_sub2,CellCharter,0.3435771920732441,0.6202973105964369,0.3756180143773527,0.5814171605256377,0.647859507134475,0.5949907144304171,0.6202973105964369,1600.6884696483612,549.232818031311,celltype
2513,CosMx,Mouse Brain,Hippocampus_sub2,DeepST,0.3802855909985481,0.6056706822055304,0.4265532842709909,0.5985776861633599,0.598948399885337,0.626765095824074,0.6056706822055304,419.18650951385496,8820.763214683533,celltype
2514,CosMx,Mouse Brain,Hippocampus_sub2,GraphST,0.2614883902286639,0.4775763544169976,0.2931196192028439,0.4729708837928369,0.4879933468066822,0.4675948013507495,0.4775763544169976,177.52138071060182,14672.142420196533,celltype
2515,CosMx,Mouse Brain,Hippocampus_sub2,PRECAST,0.5065416322990218,0.6964951330694779,0.5297691029989631,0.6612728678175728,0.7175731459724655,0.6766200767248063,0.6964951330694779,740.7278460025788,968.9,celltype
2516,CosMx,Mouse Brain,Hippocampus_sub2,SEDR,0.3772269796329335,0.6157339293803428,0.4062687674229113,0.6052357639783561,0.6377438184660189,0.5951958539348475,0.6157339293803428,222.5290906906128,8857.133328819275,celltype
2517,CosMx,Mouse Brain,Hippocampus_sub2,STAGATE,0.2125151188959183,0.4265552983631928,0.2456413397106951,0.4470497294511723,0.4404099276346541,0.4135525452091176,0.4265552983631928,285.333842420578,373.5120536804199,celltype
2518,CosMx,Mouse Brain,Hippocampus_sub2,SpaGCN,0.4572891050365436,0.6769526321875988,0.481253169848416,0.6557072919350683,0.6823442778744365,0.6716455243072549,0.6769526321875988,257.43991961479185,7377.681516647339,celltype
2519,CosMx,Mouse Brain,Hippocampus_sub2,SpaceFlow,0.1781810908139672,0.4141248600900633,0.2130539813308839,0.4229631538263333,0.4354452148865892,0.3947955422805012,0.4141248600900633,743.2500775337219,771.9716278076172,celltype
2520,CosMx,Mouse Brain,Hippocampus_sub2,SpatialMGCN,0.5287960096690064,0.7355895323157801,0.5515644131040681,0.7306364339087864,0.7577089803959993,0.7147248986678316,0.7355895323157801,286.3508008956909,3234.4428256988526,celltype
2521,CosMx,Mouse Brain,Hippocampus_sub2,stLearn,0.4978540237239727,0.7307267230513931,0.5233881637866901,0.7165885081164648,0.7555517524691451,0.7075013827949875,0.7307267230513931,9.091020584106444,304.5142082214355,celltype
2522,CosMx,Mouse Brain,Hippocampus_sub2,BASS,0.6508267543629037,0.7440807055030203,0.686282593423246,0.7640298892038134,0.7430083325403861,0.7451561784199193,0.7440807055030203,2621.0298260211944,5258.18,niche
2523,CosMx,Mouse Brain,Hippocampus_sub2,Banksy,0.60849243710605,0.7250493347339646,0.6472330214605677,0.7480030919866014,0.7286455965691582,0.7214883975638086,0.7250493347339647,35.56052689552307,1887.45283203125,niche
2524,CosMx,Mouse Brain,Hippocampus_sub2,CCST,0.4857139604669761,0.6989017659758205,0.5359856065520613,0.6956660654470498,0.7087868991752811,0.6893385818187892,0.6989017659758205,7574.35602350235,24746.94637260437,niche
2525,CosMx,Mouse Brain,Hippocampus_sub2,CellCharter,0.3960676295734344,0.603974162906163,0.4529754440154526,0.6461015202267457,0.6285487725601048,0.5812789347677381,0.6039741629061631,1599.1413539409637,553.79172706604,niche
2526,CosMx,Mouse Brain,Hippocampus_sub2,DeepST,0.4377974131995074,0.5918569265268726,0.4958985126924959,0.6083895903117753,0.5897188624089232,0.5941102366165113,0.5918569265268725,760.6035074234009,8820.762977027893,niche
2527,CosMx,Mouse Brain,Hippocampus_sub2,GraphST,0.5725615956207342,0.6971568288645036,0.6153260874731362,0.7390878639525895,0.6989691677327576,0.6953538640226542,0.6971568288645036,83.63001585006714,14672.138826179504,niche
2528,CosMx,Mouse Brain,Hippocampus_sub2,PRECAST,0.2355161973300162,0.3818600592911104,0.3061322582217691,0.4513269775830971,0.3938103362221351,0.3706136905961188,0.3818600592911104,295.7262060165405,882.4200000000001,niche
2529,CosMx,Mouse Brain,Hippocampus_sub2,SEDR,0.4186072401194046,0.6107875751410521,0.4748262948842167,0.6343828910074722,0.6223075778714119,0.5997433615467542,0.6107875751410521,106.0872371673584,8857.132112693787,niche
2530,CosMx,Mouse Brain,Hippocampus_sub2,STAGATE,0.5953995324659466,0.7483742654793488,0.6348074049922964,0.7815099201236795,0.7642016571388781,0.7332023696740452,0.7483742654793488,137.27836580276488,373.5121904373169,niche
2531,CosMx,Mouse Brain,Hippocampus_sub2,SpaGCN,0.250178813760654,0.4239679474007674,0.3352283442314417,0.4810100489564545,0.4153517315405611,0.4329492121582921,0.4239679474007674,857.2069646835328,7377.6800729751585,niche
2532,CosMx,Mouse Brain,Hippocampus_sub2,SpaceFlow,0.4315535780163039,0.6515474218378924,0.485554585530731,0.684782272610152,0.6777854713020843,0.6272800933473258,0.6515474218378924,195.6714713573456,503.6076152801514,niche
2533,CosMx,Mouse Brain,Hippocampus_sub2,SpatialMGCN,0.2448323519999088,0.427818346801145,0.3167081706616986,0.5329038907498067,0.4360250640178497,0.4199148506069786,0.427818346801145,139.38925557136537,3214.2358921051027,niche
2534,CosMx,Mouse Brain,Hippocampus_sub2,stLearn,0.2084589269092464,0.3594439644069422,0.2873690875057388,0.4348673022416903,0.3639221018261482,0.3550834698879811,0.3594439644069422,4.533748769760132,304.5178457260132,niche
