,Technology,Dataset,Sample,Method,ARI,NMI,FMI,Purity,Homogeneity,Completeness,V_measure,Time,Memory,PAS,CHAOS,ASW,Level,Organ
0,ST,Mouse Brain,02A,BASS,0.8052990468176914,0.7405950612814577,0.9063084692748611,0.9541666666666668,0.7685565354266193,0.714596741834558,0.7405950612814576,126.24016795158386,520.1600000000001,0.0375,0.1945228746426957,0.2311533870490888,domain,Brain
1,ST,Mouse Brain,02A,Banksy,0.026022890962097922,0.1747637475614787,0.5278473340096619,0.6625,0.191033279974213,0.1613381523588629,0.17476374756147872,9.617151165008545,765.0474033355713,0.1341666666666666,0.20428211316153622,0.0013037385638829005,domain,Brain
2,ST,Mouse Brain,02A,BayesSpace,0.5059690821993016,0.6037625196910669,0.7302592837118542,0.9541666666666668,0.7491118187659961,0.5056515372297625,0.6037625196910668,126.66970195770264,773.46,0.0666666666666666,0.1970385929158098,0.1979660199497313,domain,Brain
3,ST,Mouse Brain,02A,CCST,0.5255599455386678,0.5580649808775625,0.7443842990612445,0.9225,0.671517281997693,0.4786568081575718,0.5580649808775625,72.69884963035584,643.0426044464111,0.01916666666666664,0.19341109171102136,0.3125748284908587,domain,Brain
4,ST,Mouse Brain,02A,CellCharter,0.3111609906252062,0.37822106600741856,0.6152312227699618,0.8291666666666666,0.46665072315406614,0.3180316008047167,0.37822106600741856,29.87712354660034,1150.6324579238892,0.20999999999999996,0.20750714210758453,0.14980542897587185,domain,Brain
5,ST,Mouse Brain,02A,DeepST,0.36401953178716745,0.4487044669891098,0.6531808524874516,0.8858333333333335,0.5502681177510576,0.3792485481408077,0.4487044669891098,54.75679354667663,657.5514711380005,0.08749999999999995,0.19782099488293584,0.17612610931711042,domain,Brain
6,ST,Mouse Brain,02A,GraphST,0.2402272447598342,0.3538784931418321,0.6369532158928006,0.7375,0.3425535353991568,0.3659778687730893,0.3538784931418321,16.54355082511902,749.5757604598999,0.0166666666666666,0.1918978906750351,0.316954254590703,domain,Brain
7,ST,Mouse Brain,02A,PRECAST,0.443274434135556,0.4023154870588426,0.6997619178708963,0.8083333333333333,0.4860857841953442,0.3431740845230157,0.4023154870588426,6.7693099021911625,296.14,0.2375,0.20625800494282923,0.1750616939686795,domain,Brain
8,ST,Mouse Brain,02A,SEDR,-0.09243923188238756,0.11867258672108143,0.5798830273243073,0.6625,0.10520732101772907,0.1365482294258549,0.11867258672108143,16.366377353668213,986.6411073684692,0.018333333333333302,0.19297591512638143,0.01010590509733106,domain,Brain
9,ST,Mouse Brain,02A,STAGATE,0.3374427582054492,0.33340545460803217,0.634054675100632,0.7633333333333334,0.4088448391107439,0.2814706805361669,0.33340545460803217,23.1186704158783,571.2793558120727,0.25916666666666666,0.21016506302102536,0.12305682731127184,domain,Brain
10,ST,Mouse Brain,02A,SpaGCN,0.3228097304549689,0.4230430041247361,0.6202718350376538,0.8791666666666667,0.5261198764016131,0.35373884799968,0.4230430041247361,23.322753381729125,1692.213105583191,0.1208333333333333,0.1970821469379881,0.1593220013517486,domain,Brain
11,ST,Mouse Brain,02A,SpaceFlow,0.48408326713000394,0.5967852024303342,0.7158367502925886,0.9491666666666667,0.7457154117693733,0.4974456783855232,0.5967852024303342,20.684442472457885,675.0001096725464,0.05499999999999998,0.1963674208031505,0.2615791041551285,domain,Brain
12,ST,Mouse Brain,02A,SpatialMGCN,0.4290370667238935,0.5054373606816311,0.6997748586714031,0.9041666666666668,0.595347351514639,0.4391208607958255,0.5054373606816311,11.705913257598876,819.186220741272,0.0541666666666666,0.1934045390998768,0.0880085414773673,domain,Brain
13,ST,Mouse Brain,02A,stLearn,0.2624761893095597,0.1940057458775931,0.670142175452754,0.7291666666666667,0.2079987875950451,0.18507558614283132,0.19400574587759306,34.250695371627806,1021.2498481750488,0.19666666666666663,0.2078661128738851,0.04726374038182394,domain,Brain
14,ST,Mouse Brain,02B,BASS,0.6079407610889918,0.6415184337986599,0.8045823623143236,0.9541284403669724,0.748471129549961,0.5613100928107813,0.6415184337986599,125.61033401489257,424.48,0.0229357798165137,0.2127566596267611,0.2716119014436989,domain,Brain
15,ST,Mouse Brain,02B,Banksy,-0.0205808974116575,0.2181104998176146,0.5038975191600207,0.7110091743119266,0.2583530013418721,0.1887151739097691,0.2181104998176146,8.962079954147338,742.9331848144532,0.11009174311926602,0.23596489044270016,-0.0018827138158028001,domain,Brain
16,ST,Mouse Brain,02B,BayesSpace,0.43202809023662947,0.542398465702996,0.6859002257134135,0.9495412844036697,0.7537982944037711,0.42360115353213834,0.5423984657029959,116.50472402572632,739.42,0.1743119266055046,0.22139016359486813,0.065249217768254,domain,Brain
17,ST,Mouse Brain,02B,CCST,0.31452115923348073,0.43018733414766774,0.6134188048405079,0.9,0.5888474510548678,0.3390635128064197,0.43018733414766774,69.6813576221466,630.7715705871582,0.03669724770642198,0.21348813095243885,0.27454473302256244,domain,Brain
18,ST,Mouse Brain,02B,CellCharter,0.07131168489502004,0.14232384668665005,0.4433808212343349,0.7522935779816514,0.20211420818047957,0.10985201919331881,0.14232384668665005,14.415443658828735,1135.8245315551758,0.534862385321101,0.2420304645533649,-0.02456565622867774,domain,Brain
19,ST,Mouse Brain,02B,DeepST,0.3213697211136668,0.44775086883214277,0.607847885529613,0.9229357798165138,0.633120416621263,0.34648575938141757,0.44775086883214277,49.70576705932617,631.2005947113037,0.08532110091743116,0.21828631619426303,0.19285810856699398,domain,Brain
20,ST,Mouse Brain,02B,GraphST,0.4301237867458242,0.4920333832757774,0.6884645259778339,0.9357798165137616,0.6658009192871421,0.3901960308745749,0.4920333832757774,15.980125522613525,716.709062385559,0.0963302752293578,0.2181950778983907,0.23930152653291561,domain,Brain
21,ST,Mouse Brain,02B,PRECAST,0.3872555127887645,0.5330800183095792,0.6516154898088051,0.9357798165137616,0.7612519020260211,0.41014596952075,0.5330800183095792,6.3885640621185305,240.11999999999998,0.2522935779816513,0.2257595215765921,0.1242581649346209,domain,Brain
22,ST,Mouse Brain,02B,SEDR,-0.08685632116058062,0.1263640729172377,0.563224710679572,0.7220183486238533,0.13057103880638032,0.12419185804004396,0.12636407291723778,10.462404918670654,968.0694364547729,0.044036697247706355,0.2134822633156499,-0.03723351835806022,domain,Brain
23,ST,Mouse Brain,02B,STAGATE,0.39785999663195293,0.481526924423178,0.6687445270638903,0.9073394495412843,0.6323923317833946,0.3893877307340944,0.4815269244231781,18.819690895080566,566.5631818771362,0.16055045871559628,0.21915958307741912,-0.0007333017846586,domain,Brain
24,ST,Mouse Brain,02B,SpaGCN,0.2958551497347629,0.41396690652666124,0.5864991108641331,0.8761467889908257,0.5973305856297314,0.3167374295897134,0.41396690652666124,23.407949495315552,1648.7974040985107,0.2431192660550458,0.2278734046777498,0.1024519765984769,domain,Brain
25,ST,Mouse Brain,02B,SpaceFlow,0.3064433653512525,0.48169646792763476,0.5927830560756407,0.9220183486238532,0.6974989376624269,0.3678775727109388,0.48169646792763476,15.702762174606324,651.072925567627,0.03761467889908252,0.2153779185521703,0.18401600030594958,domain,Brain
26,ST,Mouse Brain,02B,SpatialMGCN,0.0500291194768697,0.23663390725985184,0.569805063296263,0.7935779816513762,0.2672936375050717,0.212284017147048,0.23663390725985184,7.759532833099366,810.3130443572998,0.0871559633027523,0.2139835179283091,-0.0998192892556142,domain,Brain
27,ST,Mouse Brain,02B,stLearn,0.2654318152619319,0.23768161728920342,0.6233359661064692,0.7623853211009174,0.3013550928707736,0.1977509719548737,0.23768161728920342,27.000653553009034,995.914359664917,0.2834862385321101,0.23698060493287984,-0.0037597751781447406,domain,Brain
28,ST,Mouse Brain,03A,BASS,0.3272120966094413,0.4240061867510402,0.5836455073907947,0.8587360594795539,0.5469425090548466,0.3461924706085074,0.4240061867510401,173.79383997917176,380.96,0.0446096654275092,0.18505185043778,0.22411652050127867,domain,Brain
29,ST,Mouse Brain,03A,Banksy,0.0152282321086785,0.2782918238820863,0.3759669184211099,0.724907063197026,0.3637154834534756,0.2253623333355715,0.2782918238820863,10.529939174652101,803.8194059371948,0.0817843866171003,0.1918054730102682,0.0437986621697372,domain,Brain
30,ST,Mouse Brain,03A,BayesSpace,0.24698383212444203,0.45476739794215393,0.5251223055399808,0.8847583643122675,0.5881999202810022,0.370679214815855,0.45476739794215393,143.78936400413514,841.3,0.1710037174721189,0.1944827615279908,-0.0184059609260001,domain,Brain
31,ST,Mouse Brain,03A,CCST,0.26997775081470754,0.3804302300504399,0.5348241965928989,0.7962825278810409,0.5194086102735825,0.30022314535962186,0.3804302300504399,80.02878909111023,650.1469711303711,0.04981412639405201,0.1857675418595573,0.21431791726936203,domain,Brain
32,ST,Mouse Brain,03A,CellCharter,0.13344963892274822,0.2418106012810186,0.40807484832839924,0.7442379182156134,0.34498429394928865,0.18615818380309287,0.24181060128101867,30.043720245361328,1221.4290952682495,0.41858736059479557,0.2106019091709752,0.04669663435992112,domain,Brain
33,ST,Mouse Brain,03A,DeepST,0.1841159011423532,0.3780013690175068,0.45397912490042663,0.8438661710037175,0.5364216957556455,0.2918928317517552,0.3780013690175068,54.18520922660828,691.8961368560791,0.13085501858736057,0.1949333419937646,0.15289318071376826,domain,Brain
34,ST,Mouse Brain,03A,GraphST,0.1907213028869853,0.4107080943595346,0.4978081939991455,0.8475836431226765,0.5113132274006758,0.3431838212779405,0.4107080943595345,16.655608797073363,776.9518754959106,0.0743494423791821,0.1868119358656139,0.0894685319095024,domain,Brain
35,ST,Mouse Brain,03A,PRECAST,0.22623881086844708,0.3987523125595337,0.4871862261235506,0.8289962825278809,0.5692597912773498,0.3068446894392665,0.3987523125595337,7.454621934890747,251.76,0.2899628252788104,0.1947878814757787,0.0606889225035547,domain,Brain
36,ST,Mouse Brain,03A,SEDR,-0.08500006061327722,0.20649692178404427,0.3909280107276796,0.6988847583643123,0.24903957398615284,0.17705669609444002,0.20649692178404427,17.645314741134644,1127.9833696365356,0.04386617100371744,0.1848802118446288,0.06512048035420621,domain,Brain
37,ST,Mouse Brain,03A,STAGATE,0.12444876793118995,0.31649832452695065,0.41047745095799604,0.812639405204461,0.4436122540140032,0.24603654789665033,0.3164983245269507,20.490636587142944,577.6061527252198,0.28475836431226764,0.19708403453542306,-0.010456608370335341,domain,Brain
38,ST,Mouse Brain,03A,SpaGCN,0.1282005920876312,0.2932897242896706,0.4064369348472109,0.7843866171003717,0.4154528085945038,0.22664515929938486,0.2932897242896706,26.328511238098145,1677.0340923309327,0.2527881040892193,0.21254407843722092,0.0775216087823423,domain,Brain
39,ST,Mouse Brain,03A,SpaceFlow,0.1917174133647653,0.37732286440243806,0.458294274320056,0.8438661710037175,0.5374903981688121,0.2907158001907576,0.377322864402438,19.22046341896057,680.8861789703369,0.18884758364312262,0.1981641579294392,0.16031396898160616,domain,Brain
40,ST,Mouse Brain,03A,SpatialMGCN,0.1220671892419219,0.3245880802053013,0.5567929040110514,0.7806691449814126,0.3504135748407884,0.302307970551209,0.3245880802053013,7.776114463806152,819.9876844406128,0.0483271375464684,0.1845966005865444,-0.1260430642058632,domain,Brain
41,ST,Mouse Brain,03A,stLearn,0.25695576511922086,0.21537681224836652,0.6009880697789286,0.7353159851301114,0.245773486529376,0.19304433701210513,0.21537681224836658,33.04977087974548,1046.217541694641,0.2840148698884758,0.21171660534847286,-0.09765768429926255,domain,Brain
42,ST,Mouse Brain,03B,BASS,0.370597295099179,0.5222477109916116,0.6269131554809777,0.8974358974358975,0.6360085157906102,0.4430082458983743,0.5222477109916116,161.13519792556764,382.58000000000004,0.0622710622710622,0.1846557917763712,0.0250970559177471,domain,Brain
43,ST,Mouse Brain,03B,Banksy,0.0900162608258663,0.2554016675005136,0.44753339954064864,0.7252747252747253,0.3239296426630946,0.21080536376732623,0.2554016675005136,10.333739471435546,805.9879816055297,0.0879120879120879,0.1872405357930398,0.00024398962504949996,domain,Brain
44,ST,Mouse Brain,03B,BayesSpace,0.3226243019432463,0.45889385824128903,0.5987755654046364,0.8571428571428571,0.553290292383201,0.3920128460272426,0.45889385824128903,143.95410399436952,837.5,0.1282051282051282,0.1880822252188378,0.0025830698139515,domain,Brain
45,ST,Mouse Brain,03B,CCST,0.23079960407619557,0.38600489732200644,0.521398655153642,0.8095238095238095,0.49831764273327367,0.31529979283595283,0.38600489732200644,76.15814399719238,659.1237997055053,0.03150183150183146,0.18445158041600745,0.2182410000427435,domain,Brain
46,ST,Mouse Brain,03B,CellCharter,0.021094104610298738,0.07237722754811113,0.3479435518269836,0.673992673992674,0.0979523063283682,0.057401460860018814,0.07237722754811113,16.76071701049805,1219.3977941513062,0.46520146520146516,0.21090082962864928,-0.03728554718399552,domain,Brain
47,ST,Mouse Brain,03B,DeepST,0.1511459415248524,0.28922541354782527,0.4511195058869446,0.7391941391941392,0.38836752448845124,0.23042800234951918,0.28922541354782527,53.56052293777466,695.7057096481324,0.13333333333333328,0.19509805525064633,0.15096699219731854,domain,Brain
48,ST,Mouse Brain,03B,GraphST,0.2856042488862554,0.4491198267379349,0.5889960416868163,0.8241758241758241,0.4909203547332465,0.4138791472386589,0.4491198267379349,17.305798292160034,778.8497945785523,0.0329670329670329,0.1850543535613467,0.2064267863889145,domain,Brain
49,ST,Mouse Brain,03B,PRECAST,0.23062758290027713,0.330253529144106,0.5157615216906494,0.7985347985347986,0.4350001740227669,0.2661624628779057,0.3302535291441059,7.249070024490356,276.74,0.1978021978021978,0.2012666776819167,0.0833154637454635,domain,Brain
50,ST,Mouse Brain,03B,SEDR,-0.057742102330050483,0.1751629163089647,0.4217372444626887,0.7047619047619047,0.20079583011330665,0.15612271804628067,0.1751629163089647,16.887407779693607,1124.9666900634766,0.04981684981684976,0.18459617825271224,-0.1068920764421536,domain,Brain
51,ST,Mouse Brain,03B,STAGATE,0.17184200803579291,0.3353682191757761,0.4561395360681269,0.8117216117216117,0.4610144678221861,0.26354472598374185,0.3353682191757761,25.32972640991211,576.585598564148,0.29157509157509154,0.19146560697113194,0.024423549713750818,domain,Brain
52,ST,Mouse Brain,03B,SpaGCN,0.1396438475471617,0.3003250737419412,0.4326518750681495,0.7582417582417582,0.41147232014911433,0.2364539385806578,0.3003250737419413,23.60449743270874,1685.4622783660889,0.2564102564102564,0.21076153875866116,0.0351799729907452,domain,Brain
53,ST,Mouse Brain,03B,SpaceFlow,0.16973524057404304,0.3554179400836902,0.4610636793445832,0.7816849816849817,0.48001062517328774,0.28220308888088985,0.3554179400836902,18.221291303634644,681.2261367797852,0.0615384615384615,0.1856948772684732,0.22423493144670797,domain,Brain
54,ST,Mouse Brain,03B,SpatialMGCN,0.3420371512814069,0.3567050382372364,0.6994036187722665,0.7912087912087912,0.354369469265197,0.3590715978747693,0.3567050382372365,7.973816823959351,816.4458488464355,0.0512820512820512,0.1843736878791039,-0.1357527778084633,domain,Brain
55,ST,Mouse Brain,03B,stLearn,0.10284690131617032,0.14583978243160067,0.5659495145421027,0.7135531135531135,0.14845942211818097,0.14338161657127718,0.14583978243160067,33.64546971321106,1045.5392852783202,0.1736263736263736,0.19903216851606956,-0.1152710287625218,domain,Brain
56,ST,Mouse Brain,04A,BASS,0.289474400840308,0.4557956787667729,0.512407343121702,0.8251748251748252,0.5613350930038009,0.3836615539404331,0.4557956787667729,312.42124996185305,377.98,0.1258741258741259,0.1917226148956429,0.1955439286152327,domain,Brain
57,ST,Mouse Brain,04A,Banksy,0.1381253226698801,0.3675487252097995,0.37512612545543,0.7587412587412588,0.4800082725405542,0.2977822976119793,0.3675487252097994,10.395390129089355,822.5371173858642,0.1048951048951049,0.1939088089591469,0.1569595534836358,domain,Brain
58,ST,Mouse Brain,04A,BayesSpace,0.2377306319014943,0.46541430129790073,0.4616141361847306,0.8251748251748252,0.6064893153326427,0.3775846303140895,0.46541430129790073,152.75240197181702,909.14,0.1538461538461538,0.2037594232877315,0.1355523859186513,domain,Brain
59,ST,Mouse Brain,04A,CCST,0.3058326906195691,0.42703381961363684,0.5274738419423938,0.8006993006993006,0.534074775875178,0.35576250318835045,0.42703381961363684,78.46032195091247,656.1801019668579,0.0559440559440559,0.19208853503588624,0.1821248808687326,domain,Brain
60,ST,Mouse Brain,04A,CellCharter,0.20597179021962067,0.3794617229637871,0.4346492147578294,0.7524475524475525,0.4929432509392314,0.30848248503321773,0.3794617229637871,43.59338507652283,1233.170358467102,0.32237762237762235,0.20939428320881345,0.04888509368984844,domain,Brain
61,ST,Mouse Brain,04A,DeepST,0.1909874686499112,0.40708507542199335,0.4198301318183454,0.7839160839160839,0.5333617576205084,0.3291657482227204,0.40708507542199346,52.59950094223022,712.7186849594116,0.1356643356643356,0.20246092590522768,0.1789822271288648,domain,Brain
62,ST,Mouse Brain,04A,GraphST,0.3163870134540794,0.4862077236480623,0.5368460642268913,0.8251748251748252,0.5870498041449531,0.4149316997539064,0.4862077236480623,16.888750267028808,794.2352966308594,0.052447552447552406,0.1916597589311001,0.2110310571730713,domain,Brain
63,ST,Mouse Brain,04A,PRECAST,0.2248219653658728,0.41838796063854666,0.45724847239321526,0.8006993006993006,0.5328126155510667,0.3444214259528528,0.4183879606385467,8.11003999710083,307.78,0.1608391608391608,0.1989532296328186,0.0956222507218687,domain,Brain
64,ST,Mouse Brain,04A,SEDR,-0.03880015679727026,0.304833840969602,0.31959402642783824,0.7195804195804196,0.3587343795683197,0.26502017107367987,0.304833840969602,16.379119873046875,1175.3211339950562,0.0713286713286713,0.1918950964417822,0.09068326125821528,domain,Brain
65,ST,Mouse Brain,04A,STAGATE,0.3242372842301264,0.4235564071464785,0.5431094001511532,0.772027972027972,0.519226180626476,0.35784027560026666,0.4235564071464785,21.225353193283084,582.2981662750244,0.172027972027972,0.20197220781436503,-0.01609122536850758,domain,Brain
66,ST,Mouse Brain,04A,SpaGCN,0.1587196955008729,0.3703238910007512,0.3910232313620306,0.7902097902097902,0.4864555948118598,0.2989544072393867,0.3703238910007513,25.51050786972046,1671.262560081482,0.2587412587412587,0.207182667012975,0.0955862671272375,domain,Brain
67,ST,Mouse Brain,04A,SpaceFlow,0.21622779214268398,0.40277438932867293,0.4450720599474768,0.7678321678321678,0.5211947028280863,0.32821776374750655,0.40277438932867293,19.39582939147949,691.8306123733521,0.0776223776223776,0.19276000505728905,0.1663866787005171,domain,Brain
68,ST,Mouse Brain,04A,SpatialMGCN,0.0786769569519865,0.3498779261943247,0.3963649055866622,0.7482517482517482,0.4118795727934147,0.304100616090049,0.3498779261943248,7.956423664093018,777.8799287796021,0.0804195804195804,0.1915591918622488,-0.029828936247191,domain,Brain
69,ST,Mouse Brain,04A,stLearn,0.40309927474708446,0.3994032413082601,0.6282892986538291,0.7664335664335664,0.4260071194104308,0.3803014585494445,0.39940324130826016,34.82091727256775,1061.196861076355,0.24545454545454543,0.2087863510128261,-0.06240068087094258,domain,Brain
70,ST,Mouse Brain,04B,BASS,0.3217703975246955,0.466201359216612,0.5768994036990988,0.845679012345679,0.5784886735166407,0.3904191961525573,0.466201359216612,152.80383801460266,369.54,0.0462962962962962,0.1719478501013782,0.1611020404117989,domain,Brain
71,ST,Mouse Brain,04B,Banksy,0.05737104340570111,0.2181795315326515,0.4267716975815922,0.7222222222222222,0.2674126770313493,0.1842562524097587,0.2181795315326515,11.778049755096436,860.1505910873414,0.0925925925925925,0.1772225296042123,-0.0060045248823351,domain,Brain
72,ST,Mouse Brain,04B,BayesSpace,0.2317312040908331,0.4451989913814403,0.5024769314492912,0.8549382716049383,0.5713992331735533,0.3646596240593707,0.4451989913814402,171.24070205688477,977.76,0.11111111111111112,0.1795667415156805,-0.0517797703570456,domain,Brain
73,ST,Mouse Brain,04B,CCST,0.17088930048768283,0.35984998558828635,0.4533421095647,0.7913580246913581,0.47382872188355984,0.2902558135515903,0.35984998558828635,80.47588152885437,670.6862749099731,0.05246913580246908,0.17385197623044552,0.1697760257604193,domain,Brain
74,ST,Mouse Brain,04B,CellCharter,0.15114842898037062,0.34088665625842396,0.42344143264791434,0.8111111111111111,0.4660910389836392,0.26877141676993305,0.34088665625842396,58.46583204269409,1257.949758720398,0.2148148148148148,0.1829692230019449,0.0922488537806197,domain,Brain
75,ST,Mouse Brain,04B,DeepST,0.16824192070862204,0.3673870624056984,0.4366940137883075,0.7969135802469136,0.5024810834781743,0.28956572890363586,0.3673870624056984,57.3513925075531,757.1103067398071,0.11049382716049376,0.17818209864204662,0.18379062711888877,domain,Brain
76,ST,Mouse Brain,04B,GraphST,0.1702670293449312,0.3571756419013113,0.4424975254300011,0.7870370370370371,0.482298146466915,0.2836010757278495,0.3571756419013113,18.854717350006105,828.5321699142456,0.0895061728395061,0.1757861277029803,0.0397211442464246,domain,Brain
77,ST,Mouse Brain,04B,PRECAST,0.3146442603259861,0.49405458969974364,0.5634242140811393,0.8950617283950617,0.6551668166291401,0.396541079094094,0.4940545896997436,8.121878004074096,306.48,0.1481481481481481,0.1823952627304238,0.0484606942219953,domain,Brain
78,ST,Mouse Brain,04B,SEDR,-0.016974657173440523,0.21650684798835398,0.34979472500171915,0.7024691358024692,0.2737016631835417,0.17917821786836038,0.21650684798835398,18.925483989715577,1194.9053310394288,0.04444444444444438,0.17215810202204046,0.08011607046871491,domain,Brain
79,ST,Mouse Brain,04B,STAGATE,0.13520452745313943,0.30033232823558365,0.4088268009767835,0.7722222222222223,0.4106507635696611,0.23673901495715483,0.30033232823558365,22.99003586769104,588.5461528778076,0.20061728395061723,0.1854113812429471,0.043654456218657156,domain,Brain
80,ST,Mouse Brain,04B,SpaGCN,0.1792271841093228,0.3790078713808607,0.44322832192309536,0.8395061728395061,0.5217175993593222,0.2976022638734488,0.3790078713808608,24.081434106826784,1758.4892827987671,0.20370370370370366,0.1827072369042197,0.077259883247994,domain,Brain
81,ST,Mouse Brain,04B,SpaceFlow,0.21863495415588569,0.42489498202767173,0.4802948204328554,0.8216049382716049,0.5753785414793648,0.33684224111759165,0.42489498202767173,21.247463083267213,712.0695709228515,0.08333333333333326,0.17574189767551857,0.12929783322480734,domain,Brain
82,ST,Mouse Brain,04B,SpatialMGCN,0.2342453835562376,0.42048098237619,0.4926126220840744,0.8395061728395061,0.573397887265236,0.3319537334694731,0.42048098237619,7.919433212280273,828.689266204834,0.0833333333333333,0.1732514161994857,0.138497109294422,domain,Brain
83,ST,Mouse Brain,04B,stLearn,0.22973137137871075,0.359676634113061,0.5515453696722984,0.7882716049382716,0.40732561564675673,0.3225650131303549,0.359676634113061,38.46918663978577,1099.090742301941,0.17592592592592587,0.1836831959747806,-0.03129635270539864,domain,Brain
84,ST,Mouse Brain,05A,BASS,0.3583468643935691,0.5210163749950468,0.540186407492718,0.8215297450424929,0.6018185549024179,0.4593433892209376,0.5210163749950467,164.84328002929686,384.2,0.0821529745042493,0.1698697065150697,0.059042781338071906,domain,Brain
85,ST,Mouse Brain,05A,Banksy,0.1999495194115468,0.4000332120877957,0.4157235621655734,0.7648725212464589,0.4717991558820976,0.3472175308903863,0.4000332120877957,12.581716537475586,888.8921403884888,0.1019830028328611,0.1706627809740593,0.1362769357215976,domain,Brain
86,ST,Mouse Brain,05A,BayesSpace,0.3460314207890815,0.5343185707753735,0.5295353025576736,0.8583569405099152,0.6331029293137834,0.4622004753455416,0.5343185707753734,186.8175639629364,1034.3799999999999,0.1671388101983003,0.1777470107987391,-0.0321095887997138,domain,Brain
87,ST,Mouse Brain,05A,CCST,0.40982553875982275,0.5033085373764952,0.5807480137433273,0.8028328611898017,0.5968092900022072,0.4352385890007146,0.5033085373764951,88.06417155265808,679.402926826477,0.04645892351274778,0.16977769390504155,0.1194769396421704,domain,Brain
88,ST,Mouse Brain,05A,CellCharter,0.3525678584706587,0.4871375611147579,0.5332530439013908,0.8135977337110483,0.5873012712970611,0.4162226428519181,0.4871375611147579,65.19751677513122,1224.1553804397583,0.18300283286118976,0.1771907945124675,0.043241476299956325,domain,Brain
89,ST,Mouse Brain,05A,DeepST,0.27125942044727036,0.4349754036432403,0.4667157200718986,0.7535410764872521,0.5207970992929443,0.3736129353338992,0.4349754036432403,58.85149435997009,791.4618186950684,0.11048158640226624,0.17279847934066944,0.12696305547803965,domain,Brain
90,ST,Mouse Brain,05A,GraphST,0.41122961098500815,0.4978582375675643,0.5884209061104665,0.8016997167138811,0.5479642151758018,0.4561479600706808,0.4978582375675643,18.573972463607788,855.2189987182617,0.0679886685552408,0.1683520309696696,0.0877037849194858,domain,Brain
91,ST,Mouse Brain,05A,PRECAST,0.3356270699930714,0.4654196586814828,0.5194358005109636,0.7818696883852692,0.5598510192263927,0.3982465038595504,0.46541965868148266,8.713488054275512,305.18,0.2407932011331444,0.1830795220289073,0.0399509297401362,domain,Brain
92,ST,Mouse Brain,05A,SEDR,0.054494848199751325,0.3380487908277322,0.3568359312837719,0.7053824362606232,0.37067078074182425,0.31079233608740253,0.3380487908277322,20.160837745666505,1167.7378007888794,0.047025495750708114,0.1685677068359247,0.042461675837063124,domain,Brain
93,ST,Mouse Brain,05A,STAGATE,0.36995582686177086,0.4934387325477198,0.5490789029057527,0.8045325779036828,0.584248168095692,0.4270831209528196,0.4934387325477198,24.082937908172607,593.3552536010742,0.23739376770538242,0.1815922919718219,0.00259759507753264,domain,Brain
94,ST,Mouse Brain,05A,SpaGCN,0.3021271472360458,0.43941449046864445,0.49084903408570757,0.7988668555240793,0.5330763666011181,0.3737469074636889,0.43941449046864445,27.263061904907225,1691.3793142318725,0.2096317280453258,0.1892059691229218,-0.0120836105412097,domain,Brain
95,ST,Mouse Brain,05A,SpaceFlow,0.2686512932170611,0.44670357106127156,0.4607053025055525,0.7779036827195467,0.5475881243880268,0.3772107889928144,0.44670357106127156,23.18025951385498,727.552036857605,0.30311614730878184,0.1805029709178547,0.00885970543023462,domain,Brain
96,ST,Mouse Brain,05A,SpatialMGCN,0.23502115285568687,0.4294279788917237,0.4324234587893062,0.7592067988668555,0.5255678376247276,0.363021940381153,0.4294279788917237,8.329767370224,827.9214433670044,0.1331444759206798,0.1703967584341111,0.0489189271723999,domain,Brain
97,ST,Mouse Brain,05A,stLearn,0.577036631898267,0.4640797123012412,0.7216488268989086,0.7898016997167139,0.4762946441985683,0.45268829186436743,0.4640797123012412,42.35329160690308,1124.1535747528076,0.2662889518413597,0.1860262995559072,-0.16262172575907383,domain,Brain
98,ST,Mouse Brain,05B,BASS,0.2983164885495487,0.47893275870819957,0.49784656026624996,0.811965811965812,0.573393353397236,0.4111929881591553,0.4789327587081994,146.81286396980286,384.0,0.0683760683760683,0.1713890474453766,-0.009634883055733,domain,Brain
99,ST,Mouse Brain,05B,Banksy,0.1506962809847485,0.3873768395358807,0.3782847809651599,0.6923076923076923,0.4698287642732898,0.3295439899469481,0.3873768395358807,12.458179950714111,874.3109609603882,0.1025641025641025,0.1764793342819128,-0.06172510729392779,domain,Brain
100,ST,Mouse Brain,05B,BayesSpace,0.3095625467004067,0.5074710071337937,0.5030963996142794,0.8319088319088319,0.6255291620743507,0.4269006565950675,0.5074710071337936,184.75377397537233,1017.14,0.1538461538461538,0.1768807986298086,0.0088085665317559,domain,Brain
101,ST,Mouse Brain,05B,CCST,0.416727664179162,0.5330351006810999,0.5914506427135299,0.8262108262108262,0.638607185710111,0.4575157854532465,0.5330351006810998,90.50296773910523,679.2809299468994,0.0632478632478632,0.1723657039159959,0.064489614921779,domain,Brain
102,ST,Mouse Brain,05B,CellCharter,0.35373213477015464,0.49774568624300325,0.5408845898936007,0.8324786324786325,0.6084763933542913,0.4211970250565414,0.49774568624300325,65.37810940742493,1176.0586385726929,0.1698005698005698,0.17919109424621207,0.012508291323274339,domain,Brain
103,ST,Mouse Brain,05B,DeepST,0.32731149087250044,0.488973317507574,0.5187095240556681,0.8216524216524217,0.5971283684294793,0.41401458270464386,0.488973317507574,59.39784107208252,788.9010492324829,0.1185185185185185,0.17616536703592028,0.09701253565241022,domain,Brain
104,ST,Mouse Brain,05B,GraphST,0.3457982704550086,0.4972140373871626,0.5420546716436982,0.8404558404558404,0.5718076765334358,0.43983636258413494,0.4972140373871626,18.597362184524535,853.1529088973999,0.11111111111111112,0.179775732337903,-0.02083083637167,domain,Brain
105,ST,Mouse Brain,05B,PRECAST,0.3025015325098567,0.452979526867498,0.49677101559202563,0.7863247863247863,0.561775784776426,0.3794863385216414,0.452979526867498,8.70595998764038,303.54,0.2564102564102564,0.20501045604022342,0.0270446694605329,domain,Brain
106,ST,Mouse Brain,05B,SEDR,0.2164999949074072,0.42656139167068163,0.456180207096768,0.7772079772079772,0.4924364315359707,0.37655542198219627,0.42656139167068163,20.229916763305663,1168.319322013855,0.0552706552706552,0.17200983253312516,0.032877764668324136,domain,Brain
107,ST,Mouse Brain,05B,STAGATE,0.33147671297241843,0.47963376161855625,0.5225666118626016,0.8017094017094017,0.5827155520947593,0.40757134167530706,0.47963376161855625,23.61358423233032,592.9469493865967,0.21937321937321932,0.1841819100711713,-0.0006951256944896402,domain,Brain
108,ST,Mouse Brain,05B,SpaGCN,0.2948753574092538,0.4454825202912069,0.4910526929467268,0.792022792022792,0.5474436142077073,0.375538640117053,0.4454825202912069,33.25735740661621,1698.0904455184937,0.22792022792022787,0.1986962066561707,-0.0157967703812974,domain,Brain
109,ST,Mouse Brain,05B,SpaceFlow,0.3059972548647057,0.48151287884736166,0.4998535645844613,0.8273504273504274,0.5924392367525754,0.405641451734878,0.48151287884736177,19.15984163284302,726.4099233627319,0.24216524216524213,0.18224557665733834,-0.019308297170709858,domain,Brain
110,ST,Mouse Brain,05B,SpatialMGCN,0.23863667721071372,0.4812153837990626,0.4404696199185071,0.8062678062678061,0.60221694413743,0.40070332286843496,0.4812153837990626,8.476861667633056,829.353122138977,0.150997150997151,0.1749080168425383,0.006270146515303899,domain,Brain
111,ST,Mouse Brain,05B,stLearn,0.42551521408140147,0.4732597536507003,0.6094737737675037,0.811965811965812,0.5242936812434722,0.43150805549294524,0.47325975365070033,42.00327291488647,1123.250880241394,0.26609686609686606,0.19518755453081066,-0.11030452450579784,domain,Brain
112,ST,Mouse Brain,06A,BASS,0.4111304672843188,0.5232748301324476,0.5726874747755337,0.78125,0.5936965714200483,0.467787842340075,0.5232748301324476,178.47720808982848,379.41999999999996,0.09375,0.1655012088911122,0.1413446599171614,domain,Brain
113,ST,Mouse Brain,06A,Banksy,0.3958692504444517,0.5734279438626432,0.5617745133218052,0.8385416666666666,0.6544533648900073,0.5102551624446536,0.5734279438626431,13.329102182388306,908.950442123413,0.0885416666666666,0.168847025460659,0.1625058002566396,domain,Brain
114,ST,Mouse Brain,06A,BayesSpace,0.4485686875741813,0.5928517981285127,0.6019604952571345,0.8333333333333334,0.6904786287297069,0.5194120809152301,0.5928517981285127,202.0050899982452,1094.1399999999999,0.15625,0.1669352201731776,0.05457781850507419,domain,Brain
115,ST,Mouse Brain,06A,CCST,0.44784043957333397,0.5179014670624851,0.6007282612610261,0.7859375,0.6044022057675035,0.4531331964649505,0.5179014670624851,85.11230816841126,691.844072151184,0.04010416666666662,0.1649381154581616,0.15516226772004793,domain,Brain
116,ST,Mouse Brain,06A,CellCharter,0.38586436516440176,0.5298245941366222,0.5507562965773201,0.809375,0.6333547172086291,0.4553898145746282,0.5298245941366222,68.01417469978333,1296.865922355652,0.1515625,0.17253607549511998,0.0799393072835419,domain,Brain
117,ST,Mouse Brain,06A,DeepST,0.33684623213417464,0.5012080787882768,0.5095321181893724,0.7901041666666667,0.5991221779239111,0.43083143581136196,0.5012080787882768,62.56650233268738,829.2446468353271,0.1041666666666666,0.16884002134422632,0.2021977591496989,domain,Brain
118,ST,Mouse Brain,06A,GraphST,0.3423413675500965,0.4427850287870167,0.5188327115458217,0.7838541666666666,0.5092498503149321,0.3916666026761127,0.4427850287870167,19.70451078414917,886.2856130599976,0.046875,0.1653443288632095,0.1226330032262856,domain,Brain
119,ST,Mouse Brain,06A,PRECAST,0.5043742838476287,0.6120864716119543,0.6464605732155618,0.8489583333333334,0.7155142971275196,0.5347833618610471,0.6120864716119543,9.2589280128479,302.0,0.1614583333333333,0.1726544261487499,0.0415505193399349,domain,Brain
120,ST,Mouse Brain,06A,SEDR,0.22972194069492774,0.44010532878115516,0.43918110088476076,0.7817708333333334,0.5016760936242817,0.39209003159587713,0.44010532878115516,20.613583469390868,1219.4652137756348,0.047395833333333304,0.16538401992040125,0.06475046722402947,domain,Brain
121,ST,Mouse Brain,06A,STAGATE,0.3860925184147994,0.5336445322253728,0.5508354843862904,0.8182291666666666,0.6291916417468802,0.4634250518754042,0.5336445322253729,26.884473896026613,621.4396066665649,0.16354166666666664,0.1694668213222991,0.07163721508600233,domain,Brain
122,ST,Mouse Brain,06A,SpaGCN,0.3543294140304163,0.5080907077654904,0.5240891436248278,0.796875,0.611918690226787,0.4343858131321722,0.5080907077654903,28.27861409187317,1678.9178012847901,0.1848958333333333,0.1724180244660557,0.06055076415288639,domain,Brain
123,ST,Mouse Brain,06A,SpaceFlow,0.37448236271799856,0.4700213768704728,0.5418344543832753,0.7692708333333333,0.5521671393770105,0.4091986827488315,0.4700213768704728,18.71441283226013,747.1317985534668,0.23854166666666665,0.17497723586550226,-0.03202350881201586,domain,Brain
124,ST,Mouse Brain,06A,SpatialMGCN,0.4127608432619937,0.5284570989249779,0.5779530191706647,0.8177083333333334,0.5930068252207893,0.4765805553546801,0.5284570989249779,8.637374877929688,835.1213764190674,0.1067708333333333,0.1661268593054286,-0.0057103874708173,domain,Brain
125,ST,Mouse Brain,06A,stLearn,0.6622450228822879,0.5895017447844307,0.774302571817983,0.8270833333333334,0.5815563338255053,0.5981330926107863,0.5895017447844308,46.41164803504944,1157.1249984741212,0.1583333333333333,0.17154603861986295,-0.12828390157133365,domain,Brain
126,ST,Mouse Brain,06B,BASS,0.3414465527164494,0.5355853146847601,0.5174430274470229,0.8266331658291456,0.6484790965731274,0.4561705451163801,0.5355853146847601,148.98593592643738,373.74,0.0954773869346733,0.1593252436982311,0.1182961352251777,domain,Brain
127,ST,Mouse Brain,06B,Banksy,0.3247839897901794,0.5179772737879658,0.5061127186902052,0.8090452261306533,0.6087360386039542,0.4507702304448208,0.5179772737879658,13.463229656219482,933.9640058517456,0.092964824120603,0.1674808724154034,0.1537536127591466,domain,Brain
128,ST,Mouse Brain,06B,BayesSpace,0.3225004614816172,0.555974206557505,0.5027409936196041,0.8341708542713567,0.6618271280179854,0.479312719704009,0.555974206557505,207.29863395690919,1124.76,0.1105527638190954,0.1652898106642758,0.0479473318437984,domain,Brain
129,ST,Mouse Brain,06B,CCST,0.4348421989675161,0.4986253388028077,0.5957750605549477,0.7969849246231157,0.5760745826872479,0.43974106018172954,0.4986253388028077,86.55135445594787,696.4561794281005,0.04623115577889442,0.16003244664328561,0.08708779535895375,domain,Brain
130,ST,Mouse Brain,06B,CellCharter,0.37088267353810755,0.522334784643137,0.5421623810449244,0.8251256281407034,0.6271710404422289,0.44758642674043186,0.522334784643137,66.8887013912201,1303.9175815582275,0.11557788944723613,0.1617919583725292,0.04478978689422012,domain,Brain
131,ST,Mouse Brain,06B,DeepST,0.40177685844261835,0.5296932595412207,0.5740726321358998,0.8015075376884422,0.5799266637193541,0.5300593975823864,0.5296932595412208,63.66605701446533,843.9652006149292,0.08743718592964819,0.1625948560717141,0.15549907288921552,domain,Brain
132,ST,Mouse Brain,06B,GraphST,0.3473820048985522,0.4874709893643526,0.5246955222940674,0.7989949748743719,0.5702143501033592,0.42569824780236126,0.4874709893643526,20.354090213775635,895.9898279190063,0.0653266331658291,0.1599313334379613,0.1383272128216268,domain,Brain
133,ST,Mouse Brain,06B,PRECAST,0.3567152649549289,0.5369516677312027,0.530459108576932,0.8316582914572864,0.650860278625719,0.45697532530032137,0.5369516677312027,9.682961988449097,292.8,0.1758793969849246,0.1715762727212406,0.0685360334701565,domain,Brain
134,ST,Mouse Brain,06B,SEDR,0.11695459628895062,0.3969102776776034,0.3807327390383513,0.7462311557788944,0.44413714535577026,0.3595056524024235,0.39691027767760334,20.979197788238526,1226.4326374053956,0.07336683417085424,0.15932387024744504,0.05723000380997745,domain,Brain
135,ST,Mouse Brain,06B,STAGATE,0.38825043702158635,0.5417114187211866,0.5574151065578214,0.8035175879396984,0.6376531759326183,0.4708648261332768,0.5417114187211866,25.748506450653075,632.5213300704957,0.15125628140703515,0.16662531476707176,0.01901884197026158,domain,Brain
136,ST,Mouse Brain,06B,SpaGCN,0.2675471715518361,0.474762810000254,0.45277159661944133,0.7989949748743719,0.5814783368646989,0.4011432006502325,0.47476281000025383,29.641700506210327,1722.311490058899,0.236180904522613,0.1689275997793603,0.0030035545343153,domain,Brain
137,ST,Mouse Brain,06B,SpaceFlow,0.3618409145293062,0.5224604906323276,0.5347535472707694,0.8301507537688442,0.629065432384617,0.4467684146796883,0.5224604906323276,18.325075817108154,752.0481698989868,0.2648241206030151,0.17175148284689004,-0.01029623193543024,domain,Brain
138,ST,Mouse Brain,06B,SpatialMGCN,0.2486787540839106,0.48844057323620704,0.4395501401488978,0.7864321608040201,0.5892782954179231,0.4170710736590443,0.48844057323620704,8.728439044952392,835.9143976211548,0.0703517587939698,0.1590618320797139,0.0714297565231794,domain,Brain
139,ST,Mouse Brain,06B,stLearn,0.5718324931572144,0.5947494607270729,0.7060979937352918,0.8407035175879397,0.6131140159713748,0.5791173969319187,0.5947494607270729,46.78291277885437,1171.7783039093017,0.14120603015075373,0.16975729208928972,-0.07953725701294789,domain,Brain
140,ST,Mouse Brain,07A,BASS,0.3571466709748741,0.5366581410371843,0.534403870017846,0.8440748440748441,0.6589855458521638,0.4526354743069646,0.5366581410371843,175.0669979572296,359.3,0.0873180873180873,0.1447958132618689,0.11190339333214841,domain,Brain
141,ST,Mouse Brain,07A,Banksy,0.2933306588218989,0.4688605049371681,0.4842566155538714,0.7713097713097713,0.5600353832908166,0.40321611629604537,0.4688605049371681,15.34992356300354,1016.9022190093995,0.1143451143451143,0.150963051035337,0.0638043257094713,domain,Brain
142,ST,Mouse Brain,07A,BayesSpace,0.3780100608846414,0.5694958567553978,0.5522030416417953,0.8627858627858627,0.701375507285416,0.4793615037150884,0.5694958567553979,248.5800799846649,1355.42,0.12266112266112258,0.1517462562294955,0.11664061198950168,domain,Brain
143,ST,Mouse Brain,07A,CCST,0.36504389558786327,0.4935762174713963,0.5423339642606821,0.8070686070686071,0.5902102202628621,0.4243533689606389,0.4935762174713963,89.99876894950867,723.5379247665405,0.05571725571725568,0.14569299307531353,0.13769997650505988,domain,Brain
144,ST,Mouse Brain,07A,CellCharter,0.4104285502011752,0.5493350517120896,0.5775970686622633,0.8478170478170478,0.6622213654671715,0.46987040007190484,0.5493350517120896,80.36094703674317,1307.1203029632568,0.13056133056133054,0.1483455064317024,0.04596500129610058,domain,Brain
145,ST,Mouse Brain,07A,DeepST,0.372253713684443,0.5406441046363447,0.5472141807208015,0.8498960498960499,0.6603110915651601,0.457705300700541,0.5406441046363447,71.87759132385254,941.4207536697388,0.10561330561330559,0.14981784077769789,0.09553140202233867,domain,Brain
146,ST,Mouse Brain,07A,GraphST,0.4741113832429318,0.5176807171013592,0.6360805015998329,0.8336798336798337,0.5587607057174699,0.4822274406461319,0.5176807171013591,22.57716841697693,971.6755889892578,0.0519750519750519,0.1434716233796206,0.088482952826414,domain,Brain
147,ST,Mouse Brain,07A,PRECAST,0.3900966187306469,0.5676656776150879,0.5622399736623336,0.8191268191268192,0.6972042239228432,0.4787207369214369,0.5676656776150879,10.82902808189392,297.18,0.1663201663201663,0.1542500492214869,0.0752901699116136,domain,Brain
148,ST,Mouse Brain,07A,SEDR,0.23578318623076583,0.44183777262028007,0.4512463936981753,0.7571725571725572,0.513822530067167,0.3875579821634114,0.44183777262027996,22.822624254226685,1260.640606689453,0.04781704781704778,0.14401393288004344,0.06672742177006855,domain,Brain
149,ST,Mouse Brain,07A,STAGATE,0.4739842439678431,0.5843194406370454,0.6292815478728626,0.8706860706860707,0.6967148983403925,0.5032523428763017,0.5843194406370453,30.31301145553589,708.4011325836182,0.17130977130977126,0.15339390773642955,0.0202719709277561,domain,Brain
150,ST,Mouse Brain,07A,SpaGCN,0.3654890033297097,0.5587522761942805,0.5415969116992359,0.8586278586278586,0.6904774538276841,0.46923451011274053,0.5587522761942806,29.768131446838378,1782.5861885070801,0.1455301455301455,0.1480524006384922,0.1027710523337112,domain,Brain
151,ST,Mouse Brain,07A,SpaceFlow,0.32981286528555326,0.5108104702177709,0.5108465156238342,0.8070686070686071,0.6325105652950274,0.4283936865627366,0.5108104702177709,22.63435878753662,797.0328716278076,0.10810810810810807,0.14724800915382275,0.12432850983086308,domain,Brain
152,ST,Mouse Brain,07A,SpatialMGCN,0.2290730643006313,0.4360531559631287,0.4292374848311934,0.7401247401247402,0.5296498653924403,0.3705684149581938,0.4360531559631287,9.966697168350219,844.4852224349976,0.1268191268191268,0.1471565251208862,0.013478120180905601,domain,Brain
153,ST,Mouse Brain,07A,stLearn,0.5690559012164329,0.5835648795390604,0.7068094005888834,0.8553014553014553,0.6119395825580074,0.5585921349795249,0.5835648795390604,55.139679193496704,1248.950918006897,0.15925155925155923,0.15233660002827065,-0.11404248154549931,domain,Brain
154,ST,Mouse Brain,07B,BASS,0.4016504700594492,0.5540195485619547,0.5737376099224503,0.8495575221238937,0.6802695263164873,0.4672951044183648,0.5540195485619547,128.96818394660949,362.74,0.0553097345132743,0.1499149283800159,0.1516338744118738,domain,Brain
155,ST,Mouse Brain,07B,Banksy,0.24785655473129112,0.4662069287524493,0.45769287807616366,0.7477876106194691,0.5438980532387879,0.40793670488745615,0.4662069287524493,14.884492111206054,988.0969818115234,0.0884955752212389,0.1510136963569475,0.0110486811864322,domain,Brain
156,ST,Mouse Brain,07B,BayesSpace,0.3885030389273576,0.5458271648350269,0.5630140468106671,0.8495575221238937,0.6566780103119004,0.46699572774980175,0.5458271648350269,234.49623198509215,1242.86,0.0995575221238938,0.1543832462721783,0.0541517423087524,domain,Brain
157,ST,Mouse Brain,07B,CCST,0.41200107361483995,0.5354167750087205,0.5811279602365622,0.8243362831858407,0.6466299036624621,0.45693571034008434,0.5354167750087205,92.19824075698853,715.329235458374,0.04867256637168138,0.14957849332616935,0.1167371851093671,domain,Brain
158,ST,Mouse Brain,07B,CellCharter,0.33655744241621177,0.5038819635203712,0.5191692321877353,0.8243362831858407,0.6203154040050145,0.4242679772490683,0.5038819635203712,77.98473052978515,1290.1450723648072,0.15044247787610615,0.15560821309270728,0.08618688153188554,domain,Brain
159,ST,Mouse Brain,07B,DeepST,0.33672159188583484,0.5403919648141764,0.5191528322264845,0.8353982300884957,0.6657090506329868,0.45479998795522114,0.5403919648141764,66.95813903808593,907.6922437667847,0.09336283185840703,0.15168139401284284,0.1581717963295864,domain,Brain
160,ST,Mouse Brain,07B,GraphST,0.5092920074540692,0.48940420049294453,0.6643819737071281,0.8185840707964601,0.5261851861388331,0.4574293327734466,0.48940420049294453,21.511925840377806,945.6457103729248,0.0508849557522123,0.1494477975595269,0.0656772589560214,domain,Brain
161,ST,Mouse Brain,07B,PRECAST,0.4710701240695158,0.6058900824526321,0.6292875827272081,0.8650442477876105,0.7074317378740802,0.5298392722707912,0.6058900824526321,10.240503978729247,297.76,0.0951327433628318,0.1558614372149274,-0.0026860914963507,domain,Brain
162,ST,Mouse Brain,07B,SEDR,0.29780972187107263,0.4805207531891485,0.4888572807871931,0.813716814159292,0.5781163353280324,0.41122415634430187,0.4805207531891485,21.76705813407898,1257.5945835113525,0.04955752212389378,0.14961110406418066,0.1489467746586813,domain,Brain
163,ST,Mouse Brain,07B,STAGATE,0.41316114981641494,0.5833292137147512,0.5824218855771669,0.8672566371681416,0.7100003431398078,0.49507711928141146,0.5833292137147512,27.9733256816864,682.2175144195556,0.11061946902654862,0.1554334965053073,0.0521537941804226,domain,Brain
164,ST,Mouse Brain,07B,SpaGCN,0.345950748275547,0.5671030185912478,0.5268231518940389,0.8539823008849557,0.7078008905052577,0.47306612495536376,0.5671030185912478,31.56412630081177,1789.4185182571412,0.12168141592920349,0.1551326867990312,0.1333700513599373,domain,Brain
165,ST,Mouse Brain,07B,SpaceFlow,0.3154330027901614,0.5021844128697713,0.5005125076255592,0.8230088495575221,0.6223508301297025,0.4209511321557913,0.5021844128697713,24.72631616592407,781.4878831863404,0.127433628318584,0.15502902465171742,0.058394292209995216,domain,Brain
166,ST,Mouse Brain,07B,SpatialMGCN,0.3939070482044652,0.5859584607620785,0.5676919976635922,0.8672566371681416,0.7013572865992646,0.5031688527852298,0.5859584607620786,9.454821348190308,807.0953535079956,0.10176991150442469,0.1508737559715148,0.080207104748208,domain,Brain
167,ST,Mouse Brain,07B,stLearn,0.5723053959262361,0.6021281928339127,0.707838537324684,0.8495575221238937,0.6476581672701741,0.5634264810462815,0.6021281928339128,51.49553108215332,1224.1437225341797,0.16106194690265485,0.15963912400799182,-0.09053865924888523,domain,Brain
168,ST,Mouse Brain,08A,BASS,0.3531643963396007,0.5366409572325812,0.5457232179292856,0.8461538461538461,0.7045400954309223,0.433365507472637,0.5366409572325812,156.58790998458863,377.4,0.0848806366047745,0.1640664615687886,0.1351274712661157,domain,Brain
169,ST,Mouse Brain,08A,Banksy,0.2563526452871018,0.4159219808476949,0.468378139102769,0.7984084880636605,0.5315452701201793,0.3416132604866994,0.4159219808476949,12.960278367996215,912.457466506958,0.053050397877984004,0.163683553669746,0.10943186533973379,domain,Brain
170,ST,Mouse Brain,08A,BayesSpace,0.386528597755386,0.5953589762313908,0.5738060041578535,0.8912466843501325,0.7593951356736134,0.4896008104999594,0.5953589762313908,198.47355999946595,1070.16,0.0901856763925729,0.1654081209825435,0.11551491531962758,domain,Brain
171,ST,Mouse Brain,08A,CCST,0.31198513194170874,0.49850689786461205,0.5099811362801867,0.8413793103448276,0.6526003468259657,0.40330569884038603,0.49850689786461205,86.79880137443543,688.1724363327027,0.05464190981432352,0.165101050291327,0.21992107039940664,domain,Brain
172,ST,Mouse Brain,08A,CellCharter,0.3261331787433956,0.5233932620153858,0.5215273005514212,0.8594164456233422,0.6947552416861371,0.41988159779519457,0.5233932620153858,65.02706327438355,1145.4865322113037,0.17506631299734746,0.1703378049092366,0.09954655885538084,domain,Brain
173,ST,Mouse Brain,08A,DeepST,0.2931397644392587,0.5241742059503526,0.4924743316442524,0.8509283819628648,0.6997578348601048,0.41904199954154225,0.5241742059503526,60.54240083694458,819.0308391571045,0.1262599469496021,0.1683192215682363,0.17461655173543705,domain,Brain
174,ST,Mouse Brain,08A,GraphST,0.5373016000971135,0.5670643290569679,0.6907183917414519,0.8514588859416445,0.6715978747087142,0.4906890614490373,0.5670643290569679,19.987916898727416,876.2720657348633,0.0636604774535809,0.1664348337401136,0.0104260022514182,domain,Brain
175,ST,Mouse Brain,08A,PRECAST,0.4328301382872044,0.60667402935982,0.611482168242609,0.8938992042440319,0.7704735315575221,0.5003101502633717,0.60667402935982,9.656693983078004,311.58000000000004,0.10610079575596812,0.1749299697246786,0.0677015988923078,domain,Brain
176,ST,Mouse Brain,08A,SEDR,0.1911055692583179,0.4229381410974569,0.42974317989288613,0.773474801061008,0.5312777153734157,0.3515703897964921,0.4229381410974569,20.315776014328,1147.8308492660522,0.05623342175066308,0.16419396191672014,0.15048621876046578,domain,Brain
177,ST,Mouse Brain,08A,STAGATE,0.2779020690863847,0.5187713667989307,0.4786710593022757,0.8424403183023873,0.700096480699911,0.4120513882260742,0.5187713667989307,24.865067386627196,613.0106773376465,0.16657824933687,0.16980287096323615,0.14017995762771182,domain,Brain
178,ST,Mouse Brain,08A,SpaGCN,0.2920691424504458,0.5443522605602228,0.4918314016479111,0.8832891246684349,0.7354148089130058,0.4320933593700481,0.5443522605602227,33.23679494857788,1783.0816631317139,0.2625994694960212,0.1825661617903678,0.0635796763922729,domain,Brain
179,ST,Mouse Brain,08A,SpaceFlow,0.27880913524508233,0.4952319411920665,0.47978331159423887,0.8376657824933688,0.6611100533368459,0.3959162439830942,0.4952319411920665,20.2630437374115,740.1427206039428,0.1745358090185676,0.16991998143333223,0.08653250713703668,domain,Brain
180,ST,Mouse Brain,08A,SpatialMGCN,0.24964012038833944,0.4901115171900791,0.4555145946003697,0.8435013262599471,0.6456057793810055,0.3949804164511411,0.49011151719007906,9.027312803268433,831.9561088562011,0.1511936339522546,0.1689566007496392,0.0879241466664423,domain,Brain
181,ST,Mouse Brain,08A,stLearn,0.4648714856352461,0.5356723361774278,0.6365879923027143,0.8594164456233422,0.6400570861353085,0.4614421842218611,0.5356723361774278,44.83147921562195,1151.5629154205321,0.19840848806366046,0.1774658995680409,-0.04592000719384798,domain,Brain
182,ST,Mouse Brain,08B,BASS,0.4694157508818015,0.5863689695283115,0.6174371046019461,0.829004329004329,0.6400007078603082,0.5410308552108821,0.5863689695283115,195.74721999168395,386.84000000000003,0.05844155844155839,0.1518020283268516,0.031058724169457496,domain,Brain
183,ST,Mouse Brain,08B,Banksy,0.3199293462291256,0.5297824926463353,0.4913985289902961,0.8051948051948052,0.6516280127604654,0.4463256959748986,0.5297824926463354,15.520402526855468,998.7494045257569,0.093073593073593,0.1502322007932429,0.1398241735176983,domain,Brain
184,ST,Mouse Brain,08B,BayesSpace,0.3543813945812076,0.584052453958521,0.5215051550736958,0.8419913419913418,0.7234261113922063,0.4897066629853845,0.5840524539585211,241.257407951355,1243.74,0.1666666666666666,0.1572912988164926,0.0127893750117963,domain,Brain
185,ST,Mouse Brain,08B,CCST,0.3697669705216575,0.5344101350700429,0.5341766656573663,0.8025974025974026,0.6592727876347749,0.4493618719592133,0.5344101350700429,90.10455822944641,716.0041484832764,0.05151515151515146,0.15040373212670705,0.18119769992263263,domain,Brain
186,ST,Mouse Brain,08B,CellCharter,0.3041841866793069,0.5192850867656055,0.47691228657342793,0.8073593073593074,0.6554756765040624,0.4299686645149223,0.5192850867656054,78.57378396987914,1341.2119125366212,0.22987012987012984,0.16141087884130279,-0.0029631500741421394,domain,Brain
187,ST,Mouse Brain,08B,DeepST,0.30086346871586733,0.5392744286467185,0.4740337813203748,0.8,0.6726608461418606,0.45014550170632506,0.5392744286467186,66.84497108459473,919.6499538421631,0.16017316017316013,0.15806144675275519,0.09626410392855769,domain,Brain
188,ST,Mouse Brain,08B,GraphST,0.5039488103867932,0.5033856928299908,0.6536876486845581,0.79004329004329,0.5127283332718542,0.4943774319450104,0.5033856928299908,21.526111698150636,955.3102611541748,0.0367965367965368,0.149445197482465,-0.0716594344859896,domain,Brain
189,ST,Mouse Brain,08B,PRECAST,0.3229419600579872,0.554152845772088,0.4939560781580711,0.8484848484848484,0.6981307583656674,0.4594076273180696,0.554152845772088,11.043147993087768,310.65999999999997,0.1883116883116883,0.1576209771127875,0.0211282810196587,domain,Brain
190,ST,Mouse Brain,08B,SEDR,0.2031066743706119,0.4606378422835104,0.40230468440342426,0.770995670995671,0.5541432197894214,0.3941786496797973,0.4606378422835104,24.20634365081787,1245.6530355453492,0.06450216450216444,0.15044770475152058,0.06602584409218774,domain,Brain
191,ST,Mouse Brain,08B,STAGATE,0.32201458083283835,0.5216314880619299,0.49223728054347865,0.8077922077922078,0.6497028571615606,0.4358108295636295,0.5216314880619298,28.848831844329833,691.5751216888427,0.2666666666666666,0.16075655815974785,-0.00331059389796904,domain,Brain
192,ST,Mouse Brain,08B,SpaGCN,0.395311938484903,0.5431011224267868,0.5561255653339713,0.8441558441558442,0.6657526600030235,0.4586112276119779,0.5431011224267868,39.378415536880496,1749.1675588607789,0.2012987012987013,0.1745536522190295,0.0279238937784368,domain,Brain
193,ST,Mouse Brain,08B,SpaceFlow,0.28809808460905967,0.5118214403005962,0.4623911059745877,0.8012987012987013,0.6480893263443976,0.42292561997386685,0.5118214403005962,22.701700019836426,787.5683885574341,0.10909090909090906,0.1544519754587992,0.18234245800514304,domain,Brain
194,ST,Mouse Brain,08B,SpatialMGCN,0.3030307044751452,0.5385331134093212,0.476570768196222,0.8246753246753247,0.6663313792440948,0.4518676697820686,0.5385331134093212,10.581963109970093,838.3833028793335,0.1017316017316017,0.1541035382027837,0.103038435528373,domain,Brain
195,ST,Mouse Brain,08B,stLearn,0.4888161641253346,0.5497192101235543,0.6336270087288229,0.7978354978354978,0.6063217786993575,0.503639906983547,0.5497192101235543,52.488599395751955,1231.9697547912597,0.24805194805194802,0.1640321573654233,-0.10714461995724563,domain,Brain
196,ST,Mouse Brain,09A,BASS,0.4502851118665207,0.5992263571704612,0.5988978877758317,0.8278008298755186,0.7066035631631125,0.5201787255453878,0.5992263571704611,167.8761199951172,405.12,0.0580912863070539,0.1417776376573249,0.11373231113172491,domain,Brain
197,ST,Mouse Brain,09A,Banksy,0.2904985864373464,0.5193408838881161,0.4627446504953777,0.7883817427385892,0.6307780961044831,0.44136633978795914,0.519340883888116,16.27199959754944,1018.8570573806762,0.0726141078838174,0.1428298401734726,0.1538802812900157,domain,Brain
198,ST,Mouse Brain,09A,BayesSpace,0.3700135078445741,0.5983890408809895,0.5318732862973778,0.8672199170124483,0.7123291669564674,0.515872937069386,0.5983890408809895,248.12570791244508,1253.2,0.1514522821576763,0.150031546193884,-0.0083922591580917,domain,Brain
199,ST,Mouse Brain,09A,CCST,0.5189949011441511,0.5752814459804757,0.6525273855747752,0.8099585062240664,0.6520233776301975,0.5148961952537362,0.5752814459804757,89.16016798019409,725.3743612289429,0.0431535269709543,0.14190581788112916,0.10677582658025223,domain,Brain
200,ST,Mouse Brain,09A,CellCharter,0.3757554555338036,0.5474256076396501,0.5361582477983854,0.8385892116182573,0.6599912599122442,0.4677998545246399,0.5474256076396501,79.92030725479125,1263.1969902038575,0.21244813278008295,0.15231079629471525,0.00698465992848806,domain,Brain
201,ST,Mouse Brain,09A,DeepST,0.3734288594650887,0.5683363134766127,0.5341459146293986,0.8070539419087137,0.6814804376911525,0.4875039983891682,0.5683363134766127,70.75168595314025,943.2702230453491,0.10912863070539416,0.14529660253125096,0.10264278187039658,domain,Brain
202,ST,Mouse Brain,09A,GraphST,0.4368496619185098,0.519145395073556,0.5893186310306361,0.7925311203319502,0.585238006630813,0.4664660430206973,0.5191453950735558,21.717407369613646,973.7217966079712,0.0663900414937759,0.1416304138062253,0.12260932242022379,domain,Brain
203,ST,Mouse Brain,09A,PRECAST,0.3682557029643846,0.5440102460554168,0.5303823594411866,0.8008298755186722,0.6506787869238078,0.4673891542066479,0.5440102460554167,10.959795999526978,299.16,0.23651452282157673,0.1497413435635225,0.0087751444537251,domain,Brain
204,ST,Mouse Brain,09A,SEDR,0.22820497304497459,0.4636613029839764,0.41390613113366126,0.7572614107883817,0.551728681622577,0.3998947197444134,0.4636613029839764,24.65044379234314,1261.956414985657,0.047302904564315296,0.14145965597303106,0.11493674761437181,domain,Brain
205,ST,Mouse Brain,09A,STAGATE,0.43488470064700896,0.5763227906670952,0.5855123055000533,0.829045643153527,0.6789670958504171,0.500738680628876,0.5763227906670952,30.21123766899109,709.9679750442505,0.1975103734439834,0.15583737868686387,0.027266248406850657,domain,Brain
206,ST,Mouse Brain,09A,SpaGCN,0.3457665357033298,0.5283045132546503,0.5110944991360209,0.8091286307053942,0.635556809669936,0.4520239833191163,0.5283045132546503,32.410559463500974,1667.4370504379272,0.23858921161825722,0.1480596889920889,-0.0207598454654009,domain,Brain
207,ST,Mouse Brain,09A,SpaceFlow,0.34288108354127667,0.5244762145543405,0.5086150487262658,0.7692946058091287,0.635589421891863,0.44644633270747913,0.5244762145543405,24.96572732925415,798.5334138870239,0.18132780082987549,0.1496258086351828,0.07083974681145336,domain,Brain
208,ST,Mouse Brain,09A,SpatialMGCN,0.251505077867539,0.5106695292414162,0.4383557263123302,0.8112033195020747,0.5987380521840071,0.4451868842277312,0.5106695292414161,10.255318021774292,810.4015344619751,0.0975103734439834,0.1433863896951293,-0.0629057537457765,domain,Brain
209,ST,Mouse Brain,09A,stLearn,0.6008253227850252,0.6037255466386392,0.7154986857019193,0.8186721991701245,0.6449297972391937,0.5681353250667973,0.6037255466386391,55.375781774520874,1255.1191898345946,0.21908713692946052,0.15539914310106476,-0.04154323463585104,domain,Brain
210,ST,Mouse Brain,09B,BASS,0.40925884371026944,0.5928998759778137,0.5643620041864982,0.8562874251497006,0.7239387191367537,0.5020285861528514,0.5928998759778137,201.16142797470093,419.73999999999995,0.0938123752495009,0.1409626380926613,0.0573141794643088,domain,Brain
211,ST,Mouse Brain,09B,Banksy,0.322154294807872,0.5093149178732189,0.4892206527783505,0.7924151696606786,0.6104634439551188,0.4369208949737445,0.5093149178732189,16.62179799079895,1038.8191806793213,0.0538922155688622,0.1471121796447373,0.1288538924945045,domain,Brain
212,ST,Mouse Brain,09B,BayesSpace,0.3853251810024907,0.5638345266464906,0.5424090234691561,0.8463073852295409,0.6645793965774921,0.4896131298668574,0.5638345266464905,260.8073360443115,1468.8600000000001,0.1417165668662674,0.1522130344031748,-0.0626538667396274,domain,Brain
213,ST,Mouse Brain,09B,CCST,0.38098981330900206,0.5194699991331914,0.5389671336756677,0.7868263473053891,0.6252173001985001,0.4443983717845687,0.5194699991331914,91.47443199157715,737.3451393127441,0.06626746506986024,0.14112641166699452,0.1235904425273369,domain,Brain
214,ST,Mouse Brain,09B,CellCharter,0.39854237693742944,0.5599049271072394,0.5540102741346754,0.8271457085828343,0.6862757503063578,0.4729465255024546,0.5599049271072395,80.46002397537231,1331.910704612732,0.1896207584830339,0.14915965528544223,0.0318229720994681,domain,Brain
215,ST,Mouse Brain,09B,DeepST,0.33918080155192654,0.5439322403953794,0.5027937737197747,0.8079840319361278,0.6716559711189781,0.457059248293979,0.5439322403953794,73.25211081504821,966.1842113494873,0.1177644710578842,0.14471597766832325,0.11025960024724288,domain,Brain
216,ST,Mouse Brain,09B,GraphST,0.3290183682170194,0.4931619836868082,0.4941720565242617,0.8023952095808383,0.6017949531979753,0.4177515880289092,0.4931619836868082,22.029099798202516,992.159935760498,0.0778443113772455,0.1424570212136743,0.1308300372151468,domain,Brain
217,ST,Mouse Brain,09B,PRECAST,0.3713653847072849,0.5754678158650327,0.5307145159367622,0.8622754491017964,0.6979857175147881,0.4895387503253321,0.5754678158650327,12.310258054733277,281.56,0.1596806387225549,0.1516530570221766,-0.0175699261900983,domain,Brain
218,ST,Mouse Brain,09B,SEDR,0.2214766477194547,0.46675503454235023,0.40203457981567486,0.755688622754491,0.5703548842586187,0.3951334443152984,0.46675503454235023,23.221787452697754,1280.0492977142335,0.06946107784431134,0.1410873915601945,0.08059226731329401,domain,Brain
219,ST,Mouse Brain,09B,STAGATE,0.3348722800509215,0.5557026572719398,0.5001787149142468,0.8395209580838323,0.6923504776032113,0.46411158541581077,0.5557026572719398,30.01571640968323,727.9692029953003,0.1768463073852295,0.1566847291192127,0.033714509787025074,domain,Brain
220,ST,Mouse Brain,09B,SpaGCN,0.3517977077931468,0.5275975409344948,0.5146644576807408,0.8223552894211575,0.6513496870046163,0.4433617345334707,0.5275975409344948,43.28325533866882,1774.5824110031128,0.2435129740518962,0.1620595673886067,0.029027651689787205,domain,Brain
221,ST,Mouse Brain,09B,SpaceFlow,0.2912386286244845,0.4722957727787582,0.46028932358254016,0.7688622754491018,0.5862431963964811,0.39544620615221476,0.4722957727787582,22.05451707839966,809.806304359436,0.3760479041916167,0.15869697937797833,-0.02304106423154052,domain,Brain
222,ST,Mouse Brain,09B,SpatialMGCN,0.2919274570661204,0.5363665243526555,0.4608957547927427,0.8023952095808383,0.6637246767793663,0.4500157061536985,0.5363665243526556,10.516027402877807,850.2878549575805,0.1297405189620758,0.1485299945030657,0.1052373491558033,domain,Brain
223,ST,Mouse Brain,09B,stLearn,0.4702087454725671,0.5599843726216378,0.611868609164947,0.8371257485029939,0.6397655149487245,0.49796002783497056,0.5599843726216379,57.45668077468872,1290.8845388412476,0.26467065868263473,0.1622767818560736,-0.03374405041815716,domain,Brain
224,ST,Mouse Brain,10A,BASS,0.6419300060679086,0.621317568854489,0.7357656599827548,0.7953586497890295,0.6466174449785125,0.597922938247401,0.621317568854489,172.71204199790955,437.0,0.0358649789029535,0.1518967213246631,0.0243042744235168,domain,Brain
225,ST,Mouse Brain,10A,Banksy,0.2620342459408364,0.4744825664748823,0.43767501241393864,0.7067510548523207,0.5256065725335419,0.43242228650428893,0.4744825664748823,16.30556740760803,1010.7223360061646,0.0421940928270042,0.1492676216588968,0.0707853010531516,domain,Brain
226,ST,Mouse Brain,10A,BayesSpace,0.4739290115543696,0.5927928667693224,0.6041625934180598,0.7953586497890295,0.653213969959953,0.5426030704416114,0.5927928667693224,245.32606406211852,1300.1,0.1624472573839662,0.162632985444259,-0.0217560618256447,domain,Brain
227,ST,Mouse Brain,10A,CCST,0.43600050298018206,0.5714946567631304,0.5735889853540439,0.8029535864978902,0.646247309816865,0.5123162745594678,0.5714946567631304,94.61232438087464,718.8163187026978,0.04345991561181432,0.1497380443577899,0.13892826301438604,domain,Brain
228,ST,Mouse Brain,10A,CellCharter,0.35591271340296454,0.5080541617674917,0.5049925555098429,0.7611814345991561,0.5901173336708968,0.4460488089546023,0.5080541617674917,79.31935143470764,1299.0488189697267,0.32109704641350206,0.16654567663536657,0.0044873484647499195,domain,Brain
229,ST,Mouse Brain,10A,DeepST,0.4751870396043694,0.5937809071872613,0.6047943324962065,0.810548523206751,0.6736907091496936,0.5310936797112767,0.5937809071872614,70.36919937133788,934.1615375518799,0.1426160337552742,0.15488838867843913,0.09079219409646185,domain,Brain
230,ST,Mouse Brain,10A,GraphST,0.6877484729309229,0.6317141617180164,0.7744227469765159,0.7974683544303798,0.6173901690698066,0.6467185996420778,0.6317141617180164,22.264064741134643,966.6583539962769,0.0485232067510548,0.150038333664412,0.0463950882404144,domain,Brain
231,ST,Mouse Brain,10A,PRECAST,0.4497082063563945,0.5780741774647571,0.5841389777406365,0.7911392405063291,0.6550059790104736,0.5173145212742702,0.578074177464757,10.880916023254395,308.34000000000003,0.2320675105485232,0.1594891537414734,0.0296552498170303,domain,Brain
232,ST,Mouse Brain,10A,SEDR,0.20834039403174978,0.47464753235765905,0.39140263006856024,0.7130801687763714,0.5335714047803595,0.42759400535658737,0.47464753235765916,24.083259725570677,1248.6458478927611,0.05400843881856539,0.14964662363209139,0.06696844781822699,domain,Brain
233,ST,Mouse Brain,10A,STAGATE,0.4172752987397768,0.560114996507863,0.557366768448911,0.7881856540084389,0.641917166184418,0.496809148986029,0.5601149965078629,28.699294996261596,702.9569499969482,0.2426160337552742,0.16390167776253026,0.02743405330028184,domain,Brain
234,ST,Mouse Brain,10A,SpaGCN,0.3798882425320977,0.5236389590617843,0.5259168662339023,0.7742616033755274,0.6053300325073488,0.4613750369012809,0.5236389590617844,35.93528385162354,1753.2865854263305,0.2679324894514768,0.1672388895008272,0.0075248841314578,domain,Brain
235,ST,Mouse Brain,10A,SpaceFlow,0.29378690870391033,0.47625808632886113,0.4515322318203777,0.7367088607594937,0.5558329424709975,0.4166297000177471,0.47625808632886113,32.61837677955627,794.054835510254,0.1755274261603375,0.15499558818505718,-0.02459134337570244,domain,Brain
236,ST,Mouse Brain,10A,SpatialMGCN,0.3332351397101182,0.5652061949948669,0.48671243244323403,0.7932489451476793,0.6479474837794523,0.5012037212209752,0.5652061949948669,9.897483682632446,800.6811513900757,0.1350210970464135,0.1496700758601463,0.050640807732253004,domain,Brain
237,ST,Mouse Brain,10A,stLearn,0.5506214442445232,0.5273488074438237,0.6717897698918536,0.7506329113924051,0.5382724895641803,0.5172435898619063,0.5273488074438237,54.85134754180908,1239.1224401473999,0.19493670886075948,0.16361154058710636,-0.1304979495441327,domain,Brain
238,ST,Mouse Brain,10B,BASS,0.46228510045311266,0.5626235015793843,0.5961375907493156,0.7886497064579256,0.6282837894648781,0.5093886339717529,0.5626235015793843,235.71427392959595,429.6,0.060665362035225004,0.1423008187247185,0.1544486266251021,domain,Brain
239,ST,Mouse Brain,10B,Banksy,0.1688603922267363,0.4199687193349925,0.3503678504523693,0.6947162426614482,0.49086025333123456,0.3669698194369866,0.4199687193349925,16.73914771080017,1049.6330501556397,0.0567514677103718,0.1422610548910327,0.127685406222463,domain,Brain
240,ST,Mouse Brain,10B,BayesSpace,0.5020178960791774,0.6145986113771923,0.6302112788391662,0.8571428571428571,0.712984849017424,0.5400728536485018,0.6145986113771923,265.44777593612673,1337.2,0.12133072407045001,0.1466646160622779,0.0586869401965089,domain,Brain
241,ST,Mouse Brain,10B,CCST,0.3306674604131526,0.5096366952921187,0.48522300330022167,0.7526418786692759,0.600261790803256,0.44281312673984957,0.5096366952921187,92.09402303695677,732.6091762542725,0.054011741682974526,0.14284583056209035,0.19434142255014153,domain,Brain
242,ST,Mouse Brain,10B,CellCharter,0.3419596312981668,0.5135519902132759,0.4940442227566823,0.7690802348336595,0.611893220430187,0.44253153469153234,0.513551990213276,69.7085470199585,1372.0965827941895,0.21800391389432483,0.15209640808348865,0.09069882067716903,domain,Brain
243,ST,Mouse Brain,10B,DeepST,0.4159184336078285,0.5566950460534711,0.5726881061397475,0.7882583170254402,0.6063084289210701,0.5639268405142416,0.5566950460534711,75.08637118339539,978.3734544754028,0.10567514677103713,0.14928260682202787,0.16754976892255674,domain,Brain
244,ST,Mouse Brain,10B,GraphST,0.5057852891832251,0.5573632751640905,0.6309823302095688,0.7964774951076321,0.5976140576500808,0.5221923321324552,0.5573632751640905,23.38048996925354,1002.0772365570068,0.0626223091976516,0.1427774261774159,0.0273541235218056,domain,Brain
245,ST,Mouse Brain,10B,PRECAST,0.495474368140988,0.6001301127666975,0.6240593995578796,0.8317025440313112,0.6903103198928023,0.5307892867112873,0.6001301127666974,11.901435947418213,307.98,0.172211350293542,0.1650859883601406,0.0238734635539185,domain,Brain
246,ST,Mouse Brain,10B,SEDR,0.18029451365008295,0.42796418792644186,0.3615161498912115,0.7041095890410959,0.4996269492415909,0.3743247049965187,0.42796418792644186,24.899087047576906,1229.5912582397461,0.04892367906066532,0.1423862181749836,0.1207294597757971,domain,Brain
247,ST,Mouse Brain,10B,STAGATE,0.45937732853570223,0.5761608061060626,0.5952520413063034,0.8180039138943249,0.6760712855115245,0.5019847124116472,0.5761608061060626,31.240091609954835,737.4919988632203,0.17573385518590995,0.15976539491538239,0.01906415121099306,domain,Brain
248,ST,Mouse Brain,10B,SpaGCN,0.3605963355001317,0.5403917353994608,0.5111751627519675,0.7808219178082192,0.6388595413724376,0.4682240764318536,0.5403917353994607,43.917705821990964,1774.551586341858,0.3228962818003913,0.1609959727027972,-0.0003048214152614,domain,Brain
249,ST,Mouse Brain,10B,SpaceFlow,0.26578747472329034,0.48402671206570974,0.4263235016083692,0.7620352250489237,0.583987944599061,0.4133080309801011,0.4840267120657097,26.29388370513916,816.0482889175415,0.12954990215264184,0.14616902699201623,0.12471140933897233,domain,Brain
250,ST,Mouse Brain,10B,SpatialMGCN,0.3010690904730045,0.4987305215133529,0.47393445953176433,0.7808219178082192,0.55793761866385,0.4508837431443681,0.4987305215133529,9.945092725753785,808.7727163314819,0.0978473581213307,0.1434600002474495,-0.0255431429676717,domain,Brain
251,ST,Mouse Brain,10B,stLearn,0.4507549217243815,0.5220685878288069,0.5946799263558675,0.7596868884540118,0.5437479180229079,0.5024752089593997,0.5220685878288069,58.247602891922,1279.1535943984986,0.210958904109589,0.15470905171870247,-0.07731338480414843,domain,Brain
252,ST,Mouse Brain,11A,BASS,0.461327753213031,0.5803247931673194,0.5656210380920255,0.743801652892562,0.6150363253120426,0.5493220549801487,0.5803247931673194,167.60876994132997,422.36,0.0454545454545454,0.1490746819293522,0.1725639678880832,domain,Brain
253,ST,Mouse Brain,11A,Banksy,0.3346406012820007,0.5625047505201398,0.4596615253494091,0.7520661157024794,0.6059827268525156,0.5248480176184708,0.5625047505201398,15.738006162643433,1023.9501619338989,0.1219008264462809,0.1528179108638281,0.0685833948486325,domain,Brain
254,ST,Mouse Brain,11A,BayesSpace,0.307552100184528,0.518982634463939,0.4324214312990088,0.7210743801652892,0.5718000303867635,0.4750976736431915,0.518982634463939,252.06250200271606,1285.72,0.1776859504132231,0.1554271846742191,0.0789935736907596,domain,Brain
255,ST,Mouse Brain,11A,CCST,0.4623926205901844,0.5489354171478469,0.5667464218196624,0.7177685950413223,0.5974064018728266,0.5077423360480164,0.5489354171478469,94.11253108978272,734.2913782119751,0.06611570247933878,0.1499164724198567,0.2041705667550154,domain,Brain
256,ST,Mouse Brain,11A,CellCharter,0.42739078221854515,0.545109589800538,0.5364228867526052,0.728099173553719,0.5940402763611472,0.5036847657022558,0.545109589800538,79.64811329841613,1325.053744697571,0.16694214876033056,0.1572957640317734,0.09936213926544266,domain,Brain
257,ST,Mouse Brain,11A,DeepST,0.4116917409089093,0.5539572226077757,0.5232705697443977,0.731404958677686,0.5966529664375618,0.5177211392212586,0.5539572226077757,71.45004711151122,947.2427030563352,0.12066115702479334,0.15360190566933013,0.09820454212981608,domain,Brain
258,ST,Mouse Brain,11A,GraphST,0.4020319269524338,0.4905909618746425,0.5185790469406377,0.6838842975206612,0.5092827617367901,0.4732226476782758,0.4905909618746425,21.352618360519408,978.7255525588989,0.0702479338842975,0.1507743873008992,0.1708824966112927,domain,Brain
259,ST,Mouse Brain,11A,PRECAST,0.4412940603797213,0.567290065751246,0.5487753695425167,0.7520661157024794,0.6192833380266781,0.5233510004016012,0.5672900657512459,11.39800796508789,283.82,0.2086776859504132,0.1549734120336676,0.05978961019857669,domain,Brain
260,ST,Mouse Brain,11A,SEDR,0.25778565930290737,0.5297012997366447,0.3987370543249621,0.7231404958677686,0.5661362919415266,0.49776823254872793,0.5297012997366446,22.291284370422364,1278.0284379959107,0.06528925619834706,0.14947616452467205,0.12433618539585825,domain,Brain
261,ST,Mouse Brain,11A,STAGATE,0.3852637292061711,0.5617592675457412,0.5005741174308522,0.7404958677685951,0.6192006633236574,0.5140997119234271,0.5617592675457412,30.38541622161865,713.4325155258178,0.19793388429752062,0.15295050874136307,0.08070560336538234,domain,Brain
262,ST,Mouse Brain,11A,SpaGCN,0.3656961108022306,0.5432317126433687,0.4833947586983406,0.7272727272727273,0.5957888292725264,0.4991955115095005,0.5432317126433688,38.95914568901062,1724.869934463501,0.2148760330578512,0.1648051150378519,0.0924593147182046,domain,Brain
263,ST,Mouse Brain,11A,SpaceFlow,0.34791884081915786,0.48903189062126645,0.4696144281044502,0.6855371900826446,0.5271229574961238,0.4561084349820961,0.48903189062126645,22.46625986099243,802.7097131729126,0.28181818181818175,0.1563690981937014,-0.03173406389861124,domain,Brain
264,ST,Mouse Brain,11A,SpatialMGCN,0.3668751418104852,0.5487723136260158,0.4847988393209663,0.7252066115702479,0.5964835443855491,0.5081283911664506,0.5487723136260159,10.466353940963746,822.3273267745972,0.20247933884297523,0.1521098787680124,0.032305561165009,domain,Brain
265,ST,Mouse Brain,11A,stLearn,0.606424943689521,0.6138379237815459,0.6875074239024583,0.7417355371900827,0.6146745880093468,0.6132818351347984,0.6138379237815459,55.67179064750671,1272.1220737457274,0.17933884297520658,0.15688150849272353,0.006442564518412,domain,Brain
266,ST,Mouse Brain,12A,BASS,0.4626032424212889,0.5974861288564137,0.5671213644760777,0.7524950099800399,0.6425709148104849,0.5583131325443523,0.5974861288564137,180.10551800727845,425.41999999999996,0.0439121756487025,0.1427527098235945,0.1393234594515603,domain,Brain
267,ST,Mouse Brain,12A,Banksy,0.2919932558883249,0.5803310813780526,0.42852758027076476,0.6766467065868264,0.6055687147829569,0.5571128890954834,0.5803310813780527,15.875972938537597,1035.822650527954,0.0638722554890219,0.1456231171758593,0.12291304352082008,domain,Brain
268,ST,Mouse Brain,12A,BayesSpace,0.4484695849078936,0.5998091718180258,0.5553313237286216,0.7744510978043913,0.627731192663644,0.5742653571095523,0.599809171818026,261.04029593467715,1368.42,0.1716566866267465,0.1537587456600191,-0.0439001472251729,domain,Brain
269,ST,Mouse Brain,12A,CCST,0.5209335912134975,0.5661887446097889,0.6158919565050481,0.7105788423153693,0.5836855318526164,0.5502858332230461,0.5661887446097889,90.30160431861877,733.1498022079468,0.05908183632734526,0.14437143619926668,0.12981064799544856,domain,Brain
270,ST,Mouse Brain,12A,CellCharter,0.459210071485026,0.5677159838453545,0.5635303736434426,0.718562874251497,0.6028240234248521,0.5365794376493374,0.5677159838453545,79.63033142089844,1372.155819129944,0.19081836327345306,0.15360011655727562,-0.024165539438541044,domain,Brain
271,ST,Mouse Brain,12A,DeepST,0.4387535547385106,0.5878096290698865,0.5464502088042125,0.7265469061876247,0.623171696988814,0.5562508190529473,0.5878096290698867,71.88718614578247,964.1756368637085,0.11576846307385225,0.14914748043934573,0.09294987261898413,domain,Brain
272,ST,Mouse Brain,12A,GraphST,0.449763042690301,0.5222061272503543,0.5567252580713168,0.6986027944111777,0.5381842820379673,0.5071493681166197,0.5222061272503543,22.049404287338255,988.6274688720703,0.0578842315369261,0.1434054316531514,0.0868347505960056,domain,Brain
273,ST,Mouse Brain,12A,PRECAST,0.5214392274570496,0.6608446301925857,0.6171887141377607,0.8163672654690618,0.7072873666364297,0.6201252362544414,0.6608446301925858,10.589807939529418,292.68,0.1397205588822355,0.1563369021758391,-0.0005230430928931,domain,Brain
274,ST,Mouse Brain,12A,SEDR,0.26333290030752143,0.521100974723606,0.39779364365160746,0.6854291417165669,0.5576957229595697,0.48901756629794696,0.5211009747236058,22.52648243904114,1268.850500679016,0.06626746506986024,0.14403617040194677,0.11657915078535104,domain,Brain
275,ST,Mouse Brain,12A,STAGATE,0.4020859827026297,0.5731889779562958,0.5149274642647946,0.7377245508982037,0.6107455804697391,0.5399877021922794,0.5731889779562958,29.611800813674925,725.9380727767945,0.19361277445109773,0.15105844078013206,-0.04183200930347082,domain,Brain
276,ST,Mouse Brain,12A,SpaGCN,0.4303405585561916,0.5958827228358199,0.5391979814378133,0.7684630738522954,0.6379828189762379,0.5589949855288197,0.5958827228358198,35.63813905715942,1818.436583518982,0.1796407185628742,0.1510744769991431,-0.0233664282321543,domain,Brain
277,ST,Mouse Brain,12A,SpaceFlow,0.32111962032118146,0.5086731560011419,0.4441235772808345,0.6710578842315369,0.5542350865968585,0.47004243757551584,0.5086731560011419,19.822178268432616,806.8092124938964,0.2810379241516966,0.1548588315067136,-0.0059496668893807,domain,Brain
278,ST,Mouse Brain,12A,SpatialMGCN,0.3198664015909883,0.5404093863589556,0.446260362051481,0.6826347305389222,0.572199178462767,0.5119659827862313,0.5404093863589556,10.632418966293335,813.2773620605469,0.1477045908183632,0.1482076070985367,-0.025744220492090197,domain,Brain
279,ST,Mouse Brain,12A,stLearn,0.6237286926860557,0.5822814492280397,0.7055712281225773,0.7333333333333334,0.5692006411091395,0.5963262862825182,0.5822814492280397,57.59262099266052,1286.9646354675292,0.21956087824351295,0.15777106517318248,-0.0581058739603055,domain,Brain
280,ST,Mouse Brain,12B,BASS,0.4583803648037921,0.6136870469404825,0.5712482555376284,0.7841328413284133,0.6719425382001343,0.5647268485328647,0.6136870469404826,165.91984996795654,439.1,0.059040590405904,0.1383520947836371,0.11975238489996372,domain,Brain
281,ST,Mouse Brain,12B,Banksy,0.3549323469447255,0.5860058395566761,0.48119557444869426,0.7398523985239852,0.6426365891435609,0.5385476670977177,0.5860058395566761,17.283283472061157,1079.2179712295533,0.1014760147601476,0.1420851619006225,0.1700773218086239,domain,Brain
282,ST,Mouse Brain,12B,BayesSpace,0.46534629376203346,0.6293101497147227,0.5776929190738739,0.7896678966789668,0.6905911931498862,0.5780184797442824,0.6293101497147228,279.9180679321289,1519.66,0.1088560885608856,0.1432615713553129,0.100467110703689,domain,Brain
283,ST,Mouse Brain,12B,CCST,0.4774993801111074,0.5963833526857901,0.5853352029870809,0.7653136531365313,0.647425984537946,0.5530069789197616,0.5963833526857901,96.38875308036805,750.5301319122315,0.057933579335793295,0.13973046822995633,0.13906060294832828,domain,Brain
284,ST,Mouse Brain,12B,CellCharter,0.40734912591433536,0.588929121523874,0.5261154860464972,0.7575645756457565,0.6449848709352193,0.5419369526855148,0.588929121523874,82.3886221408844,1402.3610591888428,0.1254612546125461,0.14563315217002026,0.11873003261582094,domain,Brain
285,ST,Mouse Brain,12B,DeepST,0.40205650250169284,0.5949951212420661,0.5218480833553141,0.7476014760147601,0.6422857878960734,0.554348534155268,0.5949951212420661,77.01877570152283,1013.4228601455688,0.1107011070110701,0.14324773047962333,0.11271947510697325,domain,Brain
286,ST,Mouse Brain,12B,GraphST,0.3265083441482937,0.5083048312698544,0.45718040484208367,0.6955719557195572,0.5509153776882754,0.4718124966845866,0.5083048312698544,24.39066615104675,1028.2658800125123,0.0719557195571955,0.1388856169222262,0.1667176343138816,domain,Brain
287,ST,Mouse Brain,12B,PRECAST,0.3729618825427632,0.6032619661431154,0.4969334110061935,0.7564575645756457,0.6594488754950512,0.5558978933495768,0.6032619661431154,12.908150005340577,275.98,0.1383763837638376,0.1474540973590638,0.0532437359475,domain,Brain
288,ST,Mouse Brain,12B,SEDR,0.29678997266877066,0.5545399833380606,0.43082323822360546,0.7328413284132841,0.6088853827648368,0.5091584897436559,0.5545399833380606,24.910251092910766,1305.9636150360107,0.0690036900369003,0.13956928397276702,0.18794485990942086,domain,Brain
289,ST,Mouse Brain,12B,STAGATE,0.3722084494853631,0.5797544917662265,0.4964111216390485,0.7667896678966789,0.6366151509246823,0.5322302375190446,0.5797544917662265,32.40473108291626,764.4488622665406,0.1494464944649446,0.1479010367550641,0.05122036489086805,domain,Brain
290,ST,Mouse Brain,12B,SpaGCN,0.3346192071027684,0.5510474275316471,0.4632860187619653,0.7416974169741697,0.6095260392452924,0.5028075110817135,0.5510474275316473,41.83029508590698,1793.410076713562,0.1586715867158671,0.1481092973568458,0.0851368817014335,domain,Brain
291,ST,Mouse Brain,12B,SpaceFlow,0.3240963337271004,0.5271087385074404,0.454036032399305,0.696309963099631,0.5799877406486335,0.4830792877357804,0.5271087385074406,28.08743166923523,831.4571165084839,0.2535055350553505,0.15193178568620977,0.0533633900530464,domain,Brain
292,ST,Mouse Brain,12B,SpatialMGCN,0.3480932006011122,0.5737263440470357,0.4769436884938842,0.7361623616236163,0.6141510024937696,0.5382947004893281,0.5737263440470358,11.1536789894104,829.040908241272,0.1309963099630996,0.1434403227694684,0.0107624878833653,domain,Brain
293,ST,Mouse Brain,12B,stLearn,0.599945992932081,0.6294347110851037,0.6863559492455442,0.7678966789667896,0.6435605391490891,0.6159504263807791,0.6294347110851037,62.30654373168945,1323.761145401001,0.18892988929889296,0.1523528121675498,-0.03906412879500382,domain,Brain
294,ST,Mouse Brain,13A,BASS,0.4724600917444154,0.618280377031578,0.5884284199439629,0.7925407925407926,0.657063070846233,0.583820760013271,0.618280377031578,184.0431200504303,468.03999999999996,0.0722610722610722,0.1594135796931922,0.1053595669582584,domain,Brain
295,ST,Mouse Brain,13A,Banksy,0.3442019708497791,0.5759077004991178,0.47931638979634206,0.7342657342657343,0.6435677016894605,0.5211208642390528,0.5759077004991177,14.369276762008667,949.0812267303467,0.0792540792540792,0.1567678424002195,0.1400763931246611,domain,Brain
296,ST,Mouse Brain,13A,BayesSpace,0.44610774271904513,0.6101007357861649,0.5664134035420578,0.7878787878787878,0.659166071281669,0.5678337634365183,0.610100735786165,225.46078796386718,1241.04,0.1398601398601398,0.1685102593361995,0.0077532357625854,domain,Brain
297,ST,Mouse Brain,13A,CCST,0.4561487881709384,0.5737799867169459,0.5747885945101636,0.7557109557109557,0.6305044757569848,0.5264804994133502,0.5737799867169459,89.98344049453735,705.6248151779175,0.05501165501165496,0.15661454946007605,0.17247173041689717,domain,Brain
298,ST,Mouse Brain,13A,CellCharter,0.3824560611398719,0.5776027660965384,0.5126455300738202,0.7832167832167831,0.6507017850891026,0.5193207556938263,0.5776027660965384,76.35184502601624,1322.0176187515258,0.18927738927738924,0.16601708811734134,0.09810425019436678,domain,Brain
299,ST,Mouse Brain,13A,DeepST,0.37228090059940727,0.5807736556658212,0.5037372764164125,0.7766899766899767,0.6433772513567144,0.529397364865636,0.5807736556658212,65.27191181182862,879.8916723251343,0.1664335664335664,0.1599252693768209,0.08921824204657067,domain,Brain
300,ST,Mouse Brain,13A,GraphST,0.6157325877364253,0.5897111823652686,0.7066133692081343,0.7645687645687645,0.5862546232543935,0.5932087429880638,0.5897111823652686,21.00761890411377,923.5423049926758,0.0512820512820512,0.154561687947925,0.013994710047925702,domain,Brain
301,ST,Mouse Brain,13A,PRECAST,0.4607671365152265,0.6172560128642786,0.5796557845448602,0.8181818181818181,0.6811772007705525,0.5643022846262644,0.6172560128642787,10.493882036209106,310.44,0.1538461538461538,0.1665412014282919,0.0041004332382905,domain,Brain
302,ST,Mouse Brain,13A,SEDR,0.18900283268016144,0.45972449550336886,0.35053425426428964,0.6522144522144522,0.5073067628191932,0.4203345728236438,0.4597244955033689,21.3045994758606,1208.5332281112671,0.06013986013986008,0.15506443796667146,0.16640091436969234,domain,Brain
303,ST,Mouse Brain,13A,STAGATE,0.47205273056155717,0.5916706823332747,0.5881625259480445,0.7883449883449883,0.6453526592499472,0.5462403516459087,0.5916706823332747,27.47747187614441,660.4295661926269,0.17529137529137523,0.1641966137482365,-0.031072838216305444,domain,Brain
304,ST,Mouse Brain,13A,SpaGCN,0.4205441820869268,0.6169800789450833,0.5456834162302676,0.8065268065268064,0.6874593052574808,0.5596083043182616,0.6169800789450834,36.89236946105957,1691.2437986373902,0.2261072261072261,0.1678051551332368,0.0096086741304753,domain,Brain
305,ST,Mouse Brain,13A,SpaceFlow,0.2868404755497115,0.5180299504660156,0.4281778934467432,0.7291375291375292,0.5857130782558424,0.46439406086249074,0.5180299504660155,25.76985592842102,768.2914735794068,0.17249417249417248,0.16075791402210493,0.0415022823084451,domain,Brain
306,ST,Mouse Brain,13A,SpatialMGCN,0.3689310992554959,0.5658270552600758,0.5012798829021055,0.7645687645687645,0.6226125477051535,0.5185340604722388,0.5658270552600758,9.499962663650512,796.950496673584,0.11888111888111878,0.1575335307532114,0.0625878691268884,domain,Brain
307,ST,Mouse Brain,13A,stLearn,0.7088595534353221,0.6225564375711143,0.7862552362392661,0.7785547785547785,0.6008788964534992,0.6458749144056757,0.6225564375711143,49.4714581489563,1205.746615791321,0.17296037296037292,0.1643622092602701,-0.08220591655656526,domain,Brain
308,ST,Mouse Brain,13B,BASS,0.4005921542767726,0.6098708311283678,0.5011588419193675,0.7455268389662028,0.6569589942024363,0.5690813799481654,0.6098708311283678,158.21099810600282,448.03999999999996,0.073558648111332,0.1421859461070207,0.21527950315139538,domain,Brain
309,ST,Mouse Brain,13B,Banksy,0.2768400022774085,0.5210692346583901,0.4042601405902085,0.6381709741550696,0.5377469962976489,0.5053948471625623,0.5210692346583901,16.13973126411438,1038.7701770782471,0.1073558648111332,0.14505575313729,0.0080807676953672,domain,Brain
310,ST,Mouse Brain,13B,BayesSpace,0.47307242962489415,0.6307788705566761,0.5637978895189573,0.7634194831013916,0.6655345195011519,0.5994730919316218,0.6307788705566761,261.0757559776306,1322.0,0.1232604373757455,0.1441496641862364,0.0473021611356331,domain,Brain
311,ST,Mouse Brain,13B,CCST,0.4051844348428874,0.5764223977933209,0.5068468243921499,0.7125248508946322,0.603349551235501,0.5518201011456892,0.5764223977933208,91.64549174308777,735.213376045227,0.049304174950298166,0.14074563891390104,0.19908131611878285,domain,Brain
312,ST,Mouse Brain,13B,CellCharter,0.40790219514851556,0.5942039335667979,0.5077723150075185,0.7447316103379722,0.6323319941561292,0.5605831770446204,0.5942039335667979,81.61020240783691,1373.204375076294,0.11809145129224648,0.1439855942701867,0.18360140416898024,domain,Brain
313,ST,Mouse Brain,13B,DeepST,0.40851884581629927,0.5362806858955137,0.5587841764089756,0.6560636182902584,0.5077934809202674,0.6353835330715959,0.5362806858955137,75.21341648101807,967.099951171875,0.07196819085487074,0.1431292721859582,0.13407931103979773,domain,Brain
314,ST,Mouse Brain,13B,GraphST,0.2568727005555841,0.49874880090476104,0.3987699911279188,0.6441351888667992,0.4875512056887098,0.5104728375536719,0.49874880090476104,20.997616958618163,991.4802583694458,0.0536779324055666,0.140761869479469,0.1426089912530035,domain,Brain
315,ST,Mouse Brain,13B,PRECAST,0.4443829408613736,0.6112844499313619,0.5390615145179153,0.7495029821073559,0.6469426012524833,0.5793517669776458,0.6112844499313619,11.643284034729003,287.48,0.1332007952286282,0.1506681972600139,0.0563029051277958,domain,Brain
316,ST,Mouse Brain,13B,SEDR,0.29356888055946256,0.5244444400438631,0.41149290029991736,0.6612326043737575,0.5532832596739092,0.4985108410036142,0.5244444400438631,23.42208847999573,1258.8387617111207,0.059642147117296186,0.1408147869518512,0.13099003694503836,domain,Brain
317,ST,Mouse Brain,13B,STAGATE,0.3895467638277814,0.5928714528333666,0.4913495704837594,0.7367793240556659,0.6363534513574722,0.5549517384088609,0.5928714528333666,30.46518521308899,728.3192028045654,0.10735586481113316,0.14518088602352117,0.1514940130318351,domain,Brain
318,ST,Mouse Brain,13B,SpaGCN,0.4553089192616249,0.5882573114745588,0.5484842539166253,0.73558648111332,0.6210870671405031,0.5587239776760317,0.5882573114745587,47.66560626029968,1770.212129020691,0.1451292246520874,0.1523755770482796,0.0801731569969283,domain,Brain
319,ST,Mouse Brain,13B,SpaceFlow,0.3141567962193471,0.5109436986200496,0.42484634263051746,0.6679920477137177,0.5505550456498415,0.47668963433064915,0.5109436986200495,29.047351026535033,808.8416471481323,0.24731610337972162,0.1541509797911148,0.06839417162105273,domain,Brain
320,ST,Mouse Brain,13B,SpatialMGCN,0.41040410023113233,0.5940042036243919,0.5095876093845452,0.7236580516898609,0.6349082330541996,0.5580516665437901,0.5940042036243919,9.815432405471801,818.4117366790772,0.11729622266401592,0.1414424654718329,0.1622137878905565,domain,Brain
321,ST,Mouse Brain,13B,stLearn,0.4397041449456376,0.5810306224233739,0.5402055139715817,0.7248508946322068,0.5849528608003443,0.5772924555681604,0.581030622423374,58.87897891998291,1281.459529876709,0.17534791252485085,0.15713830661060454,0.06691885464791146,domain,Brain
322,ST,Mouse Brain,14A,BASS,0.48168173699856875,0.6241889326592098,0.566716582019598,0.7486818980667839,0.6454497712873779,0.6042840744292847,0.6241889326592099,144.14445004463195,459.28000000000003,0.0808435852372583,0.1309896767566004,-0.0052016541230095,domain,Brain
323,ST,Mouse Brain,14A,Banksy,0.4471576428438353,0.6430351913501497,0.5381364848758531,0.7697715289982425,0.6919978612825148,0.6005434276156494,0.6430351913501499,18.272014093399047,1104.952565574646,0.0632688927943761,0.1306851958272154,0.1899112509974482,domain,Brain
324,ST,Mouse Brain,14A,BayesSpace,0.4797779907605347,0.6235543327223727,0.5650650907799157,0.773286467486819,0.6477863066108286,0.6010698962910662,0.6235543327223727,294.0923200130463,1459.3,0.140597539543058,0.133965776628988,-0.0386875382338132,domain,Brain
325,ST,Mouse Brain,14A,CCST,0.5919666874570252,0.6267254842258455,0.6605585184807413,0.7289982425307557,0.655658246095812,0.6003623441723593,0.6267254842258455,99.00822043418884,759.97242603302,0.053075571177504346,0.13090805549500334,0.10887025283390969,domain,Brain
326,ST,Mouse Brain,14A,CellCharter,0.4867531582296558,0.6233935225221536,0.5715970782118813,0.7599297012302284,0.6626963889664259,0.5885368184659256,0.6233935225221535,83.06067867279053,1374.1648986816408,0.1493848857644991,0.13856685105880429,0.08493941953528908,domain,Brain
327,ST,Mouse Brain,14A,DeepST,0.4353311277844922,0.6188781285797106,0.5273777640733462,0.7578207381370825,0.6620099380524038,0.5810780065665491,0.6188781285797106,76.87921314239502,1045.0956655502318,0.11388400702987693,0.13398873530940533,0.1384701604847865,domain,Brain
328,ST,Mouse Brain,14A,GraphST,0.4095670357569703,0.5582498924398593,0.5066445190270579,0.6959578207381371,0.5553114304627054,0.5612196179265758,0.5582498924398592,24.91467127799988,1052.207914543152,0.0404217926186291,0.130871019658162,0.2339609682366667,domain,Brain
329,ST,Mouse Brain,14A,PRECAST,0.42079168649126053,0.5761252456451128,0.5139932804771613,0.7451669595782073,0.6054183337604713,0.5495360162654239,0.5761252456451127,14.044324016571045,268.28000000000003,0.23198594024604563,0.1436931907130976,-0.0163620335790631,domain,Brain
330,ST,Mouse Brain,14A,SEDR,0.33707030180101155,0.5698395861771506,0.4427492394219709,0.6833040421792619,0.6055201139111311,0.5382991674946249,0.5698395861771506,25.095790004730226,1315.1006896972656,0.04956063268892792,0.1303478552909847,0.15002049595503664,domain,Brain
331,ST,Mouse Brain,14A,STAGATE,0.42749690372550664,0.618380147807159,0.5202148174929049,0.7803163444639719,0.6617489915650305,0.5803560933352863,0.618380147807159,33.857719850540164,789.0805297851563,0.15711775043936727,0.1373827268421393,0.0459073187086881,domain,Brain
332,ST,Mouse Brain,14A,SpaGCN,0.3435306872536613,0.5491811197306762,0.4456451350529627,0.7240773286467487,0.595347637048379,0.5096593422265534,0.5491811197306762,40.633536195755006,1855.4538173675542,0.2864674868189806,0.144878951567153,0.0100304762131881,domain,Brain
333,ST,Mouse Brain,14A,SpaceFlow,0.32537289547057846,0.5091813861067507,0.4292452578609465,0.6586994727592267,0.5491856691831335,0.47461575303395864,0.5091813861067507,23.574130249023437,844.8482065200806,0.27627416520210896,0.1442287353663014,0.06853382631034763,domain,Brain
334,ST,Mouse Brain,14A,SpatialMGCN,0.369302493112159,0.5909214629317081,0.4687138552272142,0.7521968365553603,0.6383118103318752,0.5500816127157313,0.590921462931708,11.24313998222351,830.6004789352417,0.1441124780316344,0.1324563223945136,0.0925645347341532,domain,Brain
335,ST,Mouse Brain,14A,stLearn,0.595366651409521,0.5877014689942804,0.6688381107281449,0.7040421792618629,0.5882964097296697,0.5877390140007014,0.5877014689942804,66.39513716697692,1356.5314277648927,0.23971880492091388,0.1431640557308841,-0.11464977979261207,domain,Brain
336,ST,Mouse Brain,14B,BASS,0.4608297534701381,0.6186423313679239,0.5505523894328299,0.7474226804123711,0.6624524092094425,0.5802674081768928,0.618642331367924,167.31539607048035,456.52,0.0841924398625429,0.1296581629567667,0.1131143631454101,domain,Brain
337,ST,Mouse Brain,14B,Banksy,0.3908052855538083,0.6092705200725789,0.4884416073825394,0.7577319587628866,0.6532647952649195,0.5708279725857812,0.6092705200725789,18.5293749332428,1116.8967586517333,0.0824742268041237,0.1299747124733899,0.1915478432481294,domain,Brain
338,ST,Mouse Brain,14B,BayesSpace,0.4300353389388757,0.5803474461903456,0.5228724271392039,0.7336769759450171,0.6073101864098569,0.5556770609796101,0.5803474461903457,300.0334139823914,1484.1,0.1597938144329896,0.1368921269759917,0.0341787821743152,domain,Brain
339,ST,Mouse Brain,14B,CCST,0.5318388085293831,0.6219350092349207,0.6109988076624874,0.7353951890034365,0.6593495668353745,0.588592733687719,0.6219350092349208,97.22353348731994,763.3518394470215,0.061855670103092744,0.130229274193337,0.1594525380176326,domain,Brain
340,ST,Mouse Brain,14B,CellCharter,0.485238672528852,0.5966026187447535,0.5706910497140328,0.7206185567010308,0.6314085572535963,0.5656289785445379,0.5966026187447535,94.42903761863708,1425.4547155380249,0.13917525773195877,0.13509848511167113,0.07646483871857554,domain,Brain
341,ST,Mouse Brain,14B,DeepST,0.42415333102924047,0.6132757840726759,0.5180416390133837,0.7353951890034365,0.6563525743504149,0.5756086181171318,0.6132757840726759,80.30238552093506,1061.4896392822266,0.10549828178694154,0.1329269962853882,0.1547905593398348,domain,Brain
342,ST,Mouse Brain,14B,GraphST,0.4566416162238108,0.5618895262750455,0.549352809178568,0.7027491408934707,0.5548438188799532,0.5691164755972513,0.5618895262750456,23.827337884902953,1062.6271869659424,0.0481099656357388,0.1287037762465855,0.1094311117559142,domain,Brain
343,ST,Mouse Brain,14B,PRECAST,0.4548295226018519,0.5895480184383922,0.5443147429282572,0.7474226804123711,0.6214421237229951,0.5607678808376277,0.5895480184383921,14.620917987823486,263.78000000000003,0.1666666666666666,0.1392651602409625,0.0109039129622823,domain,Brain
344,ST,Mouse Brain,14B,SEDR,0.32740043028658816,0.5692161565634228,0.4353067079598766,0.7024054982817869,0.597393470509533,0.543752174947311,0.5692161565634227,25.23693037033081,1293.256090927124,0.061855670103092744,0.12967011547322219,0.08785391401497045,domain,Brain
345,ST,Mouse Brain,14B,STAGATE,0.37690185942911136,0.5783551333133073,0.4761578160259862,0.738831615120275,0.6165334418412426,0.5446337290812511,0.5783551333133073,34.33746814727783,800.0559562683105,0.18453608247422673,0.13682190169478678,0.028469260713032917,domain,Brain
346,ST,Mouse Brain,14B,SpaGCN,0.45977590925000184,0.6037885615482068,0.549633461794015,0.7525773195876289,0.6467946681104133,0.5661449459241055,0.6037885615482069,39.8194926738739,1751.593963241577,0.1632302405498281,0.1338347265329455,0.0640675614045922,domain,Brain
347,ST,Mouse Brain,14B,SpaceFlow,0.30413227178219693,0.4903112209102085,0.41148105469031815,0.6498281786941581,0.5259499770298856,0.45921344344888626,0.4903112209102086,22.94904398918152,850.8469968795777,0.3652920962199312,0.14497016030444415,-0.046989381598524636,domain,Brain
348,ST,Mouse Brain,14B,SpatialMGCN,0.333417954421737,0.538468618502458,0.43737862238413105,0.6993127147766323,0.5831402542701437,0.5001541577861736,0.538468618502458,11.27144021987915,861.290001296997,0.1580756013745704,0.1339835456047803,0.10990971298058909,domain,Brain
349,ST,Mouse Brain,14B,stLearn,0.5300415245148005,0.5716042763467094,0.611586669203158,0.7192439862542954,0.5683262708112105,0.5752931809745946,0.5716042763467094,65.87922682762147,1370.109398651123,0.1945017182130584,0.14138272196382368,-0.02130571259407098,domain,Brain
350,ST,Mouse Brain,15A,BASS,0.6510283907445827,0.618783274077118,0.7128561534269295,0.7210144927536232,0.6099494734320751,0.6278767120511113,0.618783274077118,175.66001405715943,471.02,0.056159420289855,0.1387105245547384,0.0637197079239384,domain,Brain
351,ST,Mouse Brain,15A,Banksy,0.3848744224739652,0.5642556208150433,0.482999690525161,0.6902173913043478,0.604951305300431,0.5286901042447375,0.5642556208150433,17.239335441589354,1086.4474130630492,0.092391304347826,0.1359223001772792,0.1296797926318368,domain,Brain
352,ST,Mouse Brain,15A,BayesSpace,0.44201388955734106,0.5896992191645826,0.5329134589507344,0.7409420289855072,0.6139947302000778,0.5672532487247051,0.5896992191645826,286.11755003929136,1426.8600000000001,0.1340579710144927,0.1413016324551275,-0.0011005058970454,domain,Brain
353,ST,Mouse Brain,15A,CCST,0.5851389253433545,0.5920279200815907,0.6559277603799218,0.7079710144927536,0.6085118681667755,0.5765130827274577,0.5920279200815908,97.10736784934997,746.4209579467773,0.052173913043478216,0.1336091830751899,0.11806715186240493,domain,Brain
354,ST,Mouse Brain,15A,CellCharter,0.41426057191285076,0.5522445286205799,0.5085633983134661,0.7,0.5900051934788055,0.5190598348962918,0.5522445286205799,82.38469762802124,1395.9408695220948,0.15253623188405793,0.14272609108831397,0.10282796184112161,domain,Brain
355,ST,Mouse Brain,15A,DeepST,0.3921733452068013,0.5685785053444417,0.489286725726543,0.7155797101449275,0.6044021249128726,0.536786784366494,0.5685785053444417,74.41684608459472,1023.7799436569214,0.1543478260869565,0.14009984941264964,0.12687796709053306,domain,Brain
356,ST,Mouse Brain,15A,GraphST,0.45970418260034746,0.5718358427269818,0.548794844487306,0.7137681159420289,0.5842318251260413,0.5599549565996672,0.5718358427269817,23.729391431808473,1034.5916774749755,0.072463768115942,0.1339564596348845,0.1473570379786289,domain,Brain
357,ST,Mouse Brain,15A,PRECAST,0.4073560358255365,0.5717225568854555,0.5026736887097967,0.7192028985507246,0.6052330522989374,0.5417281934372316,0.5717225568854555,13.448280000686646,289.18,0.1829710144927536,0.1452374495736359,0.0508201288126631,domain,Brain
358,ST,Mouse Brain,15A,SEDR,0.2736316699542146,0.5052518177643276,0.3878553838688995,0.6264492753623189,0.5307095221570108,0.4821481500217016,0.5052518177643275,25.10726914405823,1294.426524925232,0.07572463768115936,0.13378498508781675,0.01648872396713614,domain,Brain
359,ST,Mouse Brain,15A,STAGATE,0.39008834853752744,0.5413592352214481,0.4873783515716939,0.7170289855072464,0.5770127426054865,0.5099149662105293,0.5413592352214482,31.70820894241333,772.1867015838623,0.2478260869565217,0.1480361764311991,-0.02424590117759044,domain,Brain
360,ST,Mouse Brain,15A,SpaGCN,0.4852510344177376,0.5879252794902959,0.5705580798007406,0.7318840579710145,0.6203350018489632,0.5587339365820055,0.5879252794902959,40.95300607681274,1736.3243881225585,0.1793478260869565,0.1389719565243042,0.0290131743034187,domain,Brain
361,ST,Mouse Brain,15A,SpaceFlow,0.26483390480496094,0.45386405486497655,0.3755041507912823,0.6068840579710144,0.48873334194059626,0.4236468971883049,0.45386405486497666,28.573731088638304,834.1136306762695,0.21557971014492755,0.14431900297591876,0.03881779083897702,domain,Brain
362,ST,Mouse Brain,15A,SpatialMGCN,0.2819198307300249,0.5255581288907288,0.3945294129326168,0.6721014492753623,0.5548318309230436,0.49921865563156353,0.5255581288907287,11.494770097732545,851.326639175415,0.0942028985507246,0.1342199439108618,0.05948350645159149,domain,Brain
363,ST,Mouse Brain,15A,stLearn,0.525923606177195,0.5130387015653631,0.6216036855788414,0.666304347826087,0.48922025650800727,0.5398729564703636,0.5130387015653631,63.06065936088562,1323.6160331726073,0.22282608695652167,0.14595662455270292,-0.17575459567623464,domain,Brain
364,ST,Mouse Brain,15B,BASS,0.648012208526004,0.6574711728204103,0.7051301129717792,0.7018518518518518,0.6369778119760032,0.6793270265482249,0.6574711728204103,180.15633606910706,471.02,0.0518518518518518,0.1245863775314275,0.1699283093526109,domain,Brain
365,ST,Mouse Brain,15B,Banksy,0.2723818350442433,0.515469940605138,0.3844209879481463,0.6444444444444445,0.5298301497534854,0.5018676118690801,0.515469940605138,17.026767349243165,1075.7684951782226,0.0851851851851851,0.1264094534777346,0.0713935493054766,domain,Brain
366,ST,Mouse Brain,15B,BayesSpace,0.4148820401100995,0.6262791448903378,0.5030642543826107,0.7481481481481481,0.6432394936733875,0.6101902093138482,0.6262791448903379,279.6634180545807,1404.0,0.2148148148148148,0.1365777804819828,0.0073579736856984,domain,Brain
367,ST,Mouse Brain,15B,CCST,0.4935072891736225,0.5964188568343074,0.5700783336897193,0.6966666666666667,0.618582766483039,0.5758026161918468,0.5964188568343075,95.32997059822083,745.2680671691894,0.058518518518518456,0.12642397348690895,0.17457574935818582,domain,Brain
368,ST,Mouse Brain,15B,CellCharter,0.4137164167611571,0.5719495886685759,0.4999591045519226,0.7007407407407407,0.6054135965001233,0.5420754699509823,0.5719495886685759,78.46886205673218,1347.1826545715332,0.20222222222222222,0.13876582751610583,0.10116004171889956,domain,Brain
369,ST,Mouse Brain,15B,DeepST,0.4913509297881145,0.6401845583061118,0.5682805944317532,0.7585185185185186,0.6733086691784355,0.6101790987512595,0.6401845583061118,75.49013142585754,1010.5080797195435,0.12740740740740736,0.13055970990233504,0.15014951557539233,domain,Brain
370,ST,Mouse Brain,15B,GraphST,0.3083807083559715,0.5113143387425281,0.4295375967619668,0.6296296296296297,0.4847279328407675,0.5409864155001736,0.511314338742528,23.863943767547607,1025.1702573776245,0.0685185185185185,0.1254877755319764,0.0796706125391617,domain,Brain
371,ST,Mouse Brain,15B,PRECAST,0.4512610849644023,0.6097469099171711,0.5330042289892385,0.7203703703703703,0.6359204975876975,0.5856426858213987,0.6097469099171712,13.171340036392213,288.98,0.2333333333333333,0.1348556335481813,-0.0190961706170057,domain,Brain
372,ST,Mouse Brain,15B,SEDR,0.3403089036102504,0.5822643285626753,0.4366689347349365,0.7025925925925927,0.6101549126381659,0.5568404495417523,0.5822643285626753,28.387834119796754,1310.7201425552369,0.05037037037037032,0.12532435081256424,0.16487375055565745,domain,Brain
373,ST,Mouse Brain,15B,STAGATE,0.5008020578031915,0.6201958534653517,0.5761527095808361,0.7488888888888889,0.645826515139789,0.5965242855012386,0.6201958534653517,31.63739666938782,762.0772981643677,0.22037037037037033,0.13375128606335263,0.00832036031520928,domain,Brain
374,ST,Mouse Brain,15B,SpaGCN,0.508276388372248,0.6504232167567293,0.5841119543952983,0.7814814814814814,0.690531089579459,0.6147187265761609,0.6504232167567293,46.10804772377014,1785.209122276306,0.1703703703703703,0.1363039336983725,0.10758507935692,domain,Brain
375,ST,Mouse Brain,15B,SpaceFlow,0.40044660226875395,0.5737800432687864,0.4881704197083222,0.6888888888888889,0.6075245302718886,0.5435931343852546,0.5737800432687864,23.80471315383911,828.9221923828125,0.1855555555555555,0.13294863248377903,0.11816765111231664,domain,Brain
376,ST,Mouse Brain,15B,SpatialMGCN,0.3724126232559384,0.5878702859539737,0.46447503693866754,0.6962962962962963,0.6155186512545788,0.5625990080478376,0.5878702859539738,11.006422996520996,851.8571397781373,0.1518518518518518,0.129814700817197,0.1626675464041969,domain,Brain
377,ST,Mouse Brain,15B,stLearn,0.5319379009245107,0.571766396926967,0.6109867777281782,0.7103703703703703,0.5595708822265572,0.5847594707639123,0.5717663969269671,62.623592376708984,1313.0728942871094,0.24407407407407405,0.14269337340396213,-0.08204269026649624,domain,Brain
378,ST,Mouse Brain,16A,BASS,0.4759299896259078,0.62640103154922,0.5629517929782007,0.7396021699819169,0.6363648872989119,0.6167443829985533,0.6264010315492201,161.06445198059083,467.82,0.0867992766726944,0.137435739246671,0.0939221964499102,domain,Brain
379,ST,Mouse Brain,16A,Banksy,0.3382947830162746,0.6032896022926634,0.44776396046344835,0.6799276672694394,0.6186399375974291,0.588682599509042,0.6032896022926633,17.093013525009155,1067.6968898773193,0.081374321880651,0.1361303650875955,0.0878961331055138,domain,Brain
380,ST,Mouse Brain,16A,BayesSpace,0.46885064585045344,0.6242238188101246,0.556968671963691,0.7504520795660036,0.6531935942010919,0.5977145915037164,0.6242238188101246,285.88926005363464,1428.8,0.162748643761302,0.1375675140059086,-0.0180578023147384,domain,Brain
381,ST,Mouse Brain,16A,CCST,0.5340449602434284,0.6178612573091682,0.6132281546249951,0.7160940325497288,0.6508751537543387,0.588130225213967,0.6178612573091682,92.30278844833374,748.7604312896729,0.061121157323688925,0.13147351069898844,0.1361375815541233,domain,Brain
382,ST,Mouse Brain,16A,CellCharter,0.46999227470626065,0.5972393563095229,0.5579438176322576,0.7157323688969258,0.6321619305778178,0.5660707086013598,0.5972393563095229,82.3581796169281,1354.333008003235,0.1641952983725135,0.13863845298234317,0.03573065462032872,domain,Brain
383,ST,Mouse Brain,16A,DeepST,0.4114014943052734,0.6022535432052427,0.5074936722581483,0.7226039783001809,0.6441397665277905,0.5654901061326958,0.6022535432052427,76.39068803787231,1025.2525993347167,0.12513562386980107,0.13324155825933576,0.14934480564557787,domain,Brain
384,ST,Mouse Brain,16A,GraphST,0.4330535711815438,0.5821972329463198,0.5260358896144394,0.6962025316455697,0.5952469750168932,0.5697074010752421,0.5821972329463198,24.128869819641114,1035.751602745056,0.0705244122965642,0.1306334703144527,0.0779722520991536,domain,Brain
385,ST,Mouse Brain,16A,PRECAST,0.44980831908141805,0.6008461884667953,0.5404699989688293,0.7359855334538878,0.6299270584258548,0.5743318946023462,0.6008461884667953,13.490565919876099,284.58000000000004,0.23146473779385174,0.14129894481176,-0.0332823269307881,domain,Brain
386,ST,Mouse Brain,16A,SEDR,0.2217092540942222,0.5138831342636248,0.36077533859705085,0.6209764918625679,0.5194643886217144,0.5085286597007656,0.5138831342636248,24.760952615737914,1222.8432573318482,0.05027124773960212,0.13074451815532465,0.04818238654238784,domain,Brain
387,ST,Mouse Brain,16A,STAGATE,0.40928387400395405,0.6051645368111928,0.5054527880170152,0.749005424954792,0.6454326828114907,0.5696259388315414,0.6051645368111929,33.75480694770813,773.3582693099976,0.2054249547920434,0.14321412124741212,0.03364677851375476,domain,Brain
388,ST,Mouse Brain,16A,SpaGCN,0.4326877512705624,0.6114489502783875,0.5256347904506176,0.7359855334538878,0.6480653807889929,0.5787489754445966,0.6114489502783875,43.01719455718994,1687.6951665878296,0.1971066907775768,0.1384995595361323,0.0673141839211682,domain,Brain
389,ST,Mouse Brain,16A,SpaceFlow,0.4120299992743782,0.6077628101075401,0.5077435594405643,0.7146473779385172,0.647163774413314,0.5728858828935441,0.6077628101075401,31.628872108459472,834.6312772750855,0.1656419529837251,0.1369120604340028,0.10962610784712534,domain,Brain
390,ST,Mouse Brain,16A,SpatialMGCN,0.5118215092587379,0.6167365678875343,0.5938309360166993,0.7432188065099458,0.6417865353099774,0.593568623615576,0.6167365678875342,11.039431858062745,851.7210163116455,0.1573236889692585,0.134714706161413,0.0121547607789338,domain,Brain
391,ST,Mouse Brain,16A,stLearn,0.5276357680839263,0.5592273798547979,0.6126864878927034,0.6878842676311031,0.5557469713930485,0.56307107432116,0.5592273798547979,62.58332929611206,1327.4645977020264,0.26582278481012656,0.14932941465846564,-0.09120991133746566,domain,Brain
392,ST,Mouse Brain,16B,BASS,0.5389993961341268,0.6706153629616142,0.6079477505402298,0.7621832358674464,0.6950829370382356,0.6478117782003983,0.6706153629616141,171.83533997535704,475.84,0.056530214424951195,0.1360471357794084,0.1860242292567177,domain,Brain
393,ST,Mouse Brain,16B,Banksy,0.3235949451371436,0.5674814625162145,0.4246362280283741,0.6393762183235867,0.5830644159038101,0.5527097661347841,0.5674814625162146,16.2615975856781,1051.4877655029297,0.0662768031189083,0.1374945026584269,0.0477721071615598,domain,Brain
394,ST,Mouse Brain,16B,BayesSpace,0.43438068590047096,0.6183455700354324,0.5161245883670303,0.7660818713450293,0.649514461006368,0.5900311627580851,0.6183455700354324,267.62754402160647,1352.5,0.1929824561403508,0.1426536859206852,0.0688643689790135,domain,Brain
395,ST,Mouse Brain,16B,CCST,0.5512212200854488,0.6217103419178901,0.6181979944724276,0.7107212475633528,0.6445758059692757,0.6004905973579532,0.6217103419178901,95.43137335777283,739.8224563598633,0.056920077972709524,0.13700368063703752,0.17044156050030002,domain,Brain
396,ST,Mouse Brain,16B,CellCharter,0.4962209027608506,0.6130392104707235,0.5703358779189875,0.7212475633528265,0.6434697738466457,0.5854401202644437,0.6130392104707235,80.02395448684692,1384.4138679504395,0.1730994152046783,0.1442531624539265,0.11275229864134972,domain,Brain
397,ST,Mouse Brain,16B,DeepST,0.45935716793436576,0.6163785715475137,0.5381724470146142,0.7407407407407407,0.6432605387101724,0.5918996101221529,0.6163785715475137,72.79586300849914,980.1663125991821,0.1251461988304093,0.14157507715625584,0.12534151003698035,domain,Brain
398,ST,Mouse Brain,16B,GraphST,0.48885814299835795,0.5829308424991788,0.5708449355127453,0.6783625730994152,0.5647092455911231,0.6023675687690043,0.5829308424991788,23.748214054107667,1003.3066825866699,0.0409356725146198,0.1370228097466383,0.05999908331411931,domain,Brain
399,ST,Mouse Brain,16B,PRECAST,0.4917923997336803,0.6139596305944645,0.5665469088530698,0.7582846003898636,0.6342517965196861,0.5949256597533399,0.6139596305944646,12.752576065063476,292.48,0.2046783625730994,0.1554424278064372,0.0098138418611879,domain,Brain
400,ST,Mouse Brain,16B,SEDR,0.2306667826963032,0.522856769161415,0.3611487745860352,0.620662768031189,0.5228978464453088,0.5229096500669634,0.522856769161415,25.69807724952698,1288.3205944061278,0.06588693957115004,0.1369537341463368,0.026236987121409417,domain,Brain
401,ST,Mouse Brain,16B,STAGATE,0.4172151789412147,0.6061974318720763,0.5010997325178609,0.7372319688109161,0.63455389013382,0.580267607752728,0.6061974318720764,31.32845993041992,738.8042804718018,0.1816764132553606,0.15208739509783448,0.08440730259854884,domain,Brain
402,ST,Mouse Brain,16B,SpaGCN,0.4966561061082694,0.5999020813769326,0.5708244397678639,0.7446393762183235,0.618248781138924,0.5826128864268834,0.5999020813769327,36.83505415916443,1732.7744789123535,0.175438596491228,0.1507542506234495,0.056203210951433304,domain,Brain
403,ST,Mouse Brain,16B,SpaceFlow,0.3995964710043976,0.5647267373400895,0.48532706539455733,0.6732943469785575,0.5984616155292565,0.5345991792724755,0.5647267373400895,25.17824206352234,816.9897220611572,0.19259259259259254,0.14452642247428124,0.1172267262061657,domain,Brain
404,ST,Mouse Brain,16B,SpatialMGCN,0.3342353873221623,0.5814985317701966,0.4351065112273626,0.6900584795321637,0.593520513862214,0.5699539003327952,0.5814985317701966,10.525881624221801,853.9185485839844,0.0779727095516569,0.1391167186135068,0.0406399301270914,domain,Brain
405,ST,Mouse Brain,16B,stLearn,0.567134903855445,0.5571884045272076,0.6354729653656428,0.6986354775828459,0.5534408095090338,0.5610688224430738,0.5571884045272076,58.87171449661255,1299.735834503174,0.26393762183235864,0.15536517862338214,-0.08096927366329923,domain,Brain
406,ST,Mouse Brain,17B,BASS,0.5268501427197665,0.6544379612097272,0.6022246615059583,0.7504187604690117,0.6762368071977597,0.6340006207099638,0.6544379612097273,173.26087398529052,478.16,0.0485762144053601,0.1307122834440184,0.1123429861402409,domain,Brain
407,ST,Mouse Brain,17B,Banksy,0.4050967574320673,0.6280937397045934,0.4970174048121171,0.7252931323283082,0.6563418715900395,0.60217680445061,0.6280937397045934,18.0695059299469,1133.9365922927857,0.11390284757118921,0.1358121187906965,0.0433212066009383,domain,Brain
408,ST,Mouse Brain,17B,BayesSpace,0.4880450626863714,0.6423808526796305,0.5686647097344636,0.7621440536013401,0.6689896864075084,0.6178077623061807,0.6423808526796304,307.947924041748,1512.72,0.1825795644891122,0.1417559290320865,0.0329884812358201,domain,Brain
409,ST,Mouse Brain,17B,CCST,0.574537319706883,0.6201122645093744,0.6429041277017513,0.7125628140703518,0.642953093335336,0.598968071595239,0.6201122645093744,98.00712966918945,769.4754356384277,0.06800670016750414,0.13233134623779394,0.1189980514033179,domain,Brain
410,ST,Mouse Brain,17B,CellCharter,0.4858237269598959,0.6238730707087147,0.56610241704907,0.7242881072026801,0.6557683425541816,0.5951541854291609,0.6238730707087147,94.02319045066834,1347.8909872055053,0.12428810720267999,0.13712693408164464,0.09118004077323363,domain,Brain
411,ST,Mouse Brain,17B,DeepST,0.5062239253551316,0.6639640961096653,0.5851485996519982,0.7738693467336683,0.6984516307202069,0.6328182237208482,0.6639640961096653,79.9098874092102,1078.033441734314,0.11055276381909543,0.13372883848378445,0.09750051943160236,domain,Brain
412,ST,Mouse Brain,17B,GraphST,0.4703055439242201,0.5984133812121943,0.5555163039713247,0.7102177554438861,0.5978168214567362,0.5990111327676116,0.5984133812121942,24.559368705749513,1078.2353761672973,0.0385259631490787,0.1312329716906063,0.0942099874878342,domain,Brain
413,ST,Mouse Brain,17B,PRECAST,0.4532980927791181,0.6257419388735762,0.538489736339171,0.7386934673366834,0.6535906578070501,0.6001694345901722,0.6257419388735763,14.564257955551147,268.28000000000003,0.20770519262981574,0.1449071903922087,0.0035271273673908995,domain,Brain
414,ST,Mouse Brain,17B,SEDR,0.3314319694867941,0.5991441786370493,0.4337083202103674,0.7065326633165829,0.6280133056443443,0.5728564395872942,0.5991441786370493,26.15580220222473,1302.0304597854615,0.05795644891122274,0.13175565621733287,0.12251521025354135,domain,Brain
415,ST,Mouse Brain,17B,STAGATE,0.3945804311356523,0.6269888511688728,0.48701828366643196,0.7460636515912897,0.6637374642965621,0.5940986205454835,0.6269888511688727,35.72898678779602,814.6720275878906,0.1487437185929648,0.13759766196370304,0.06555655430439344,domain,Brain
416,ST,Mouse Brain,17B,SpaGCN,0.4640454635490549,0.617490340319765,0.5481592612459945,0.7420435510887772,0.6526435592543137,0.5859304758196886,0.6174903403197651,50.818570375442505,1764.9533433914185,0.1591289782244556,0.1398003530168372,0.0437367026582689,domain,Brain
417,ST,Mouse Brain,17B,SpaceFlow,0.2864317397484133,0.468155884132346,0.3906787353698359,0.6033500837520938,0.49915368859734804,0.4408007382228779,0.468155884132346,24.219410562515257,861.0277458190918,0.3544388609715242,0.14915289583640803,-0.0283808405460462,domain,Brain
418,ST,Mouse Brain,17B,SpatialMGCN,0.4611704504760993,0.6342223654271728,0.5466604360679571,0.7520938023450586,0.6773714434870175,0.596241337080659,0.6342223654271728,12.505038404464722,865.4328125,0.0921273031825795,0.1321176349521196,0.0909110164145345,domain,Brain
419,ST,Mouse Brain,17B,stLearn,0.622279637604304,0.6208296078914477,0.6849569058406588,0.7276381909547739,0.6198726921558599,0.6217971431710559,0.6208296078914477,67.61158123016358,1383.4869535446167,0.19497487437185926,0.14543739924025476,-0.04665629027170232,domain,Brain
420,ST,Mouse Brain,18A,BASS,0.448654348860605,0.6423099015372417,0.534499903044057,0.7670753064798599,0.6850627713508048,0.6045797538909882,0.6423099015372417,296.6860599517822,508.82,0.0700525394045534,0.1398708824439108,0.0443042315791564,domain,Brain
421,ST,Mouse Brain,18A,Banksy,0.3725953612586046,0.6309635768789472,0.4675702950399119,0.7600700525394045,0.6854162435539164,0.5845260946968578,0.6309635768789471,18.262884187698365,1105.804268836975,0.0700525394045534,0.1387925106400447,0.1983527742430028,domain,Brain
422,ST,Mouse Brain,18A,BayesSpace,0.4147505793718599,0.6179550122207118,0.5042533338236517,0.7478108581436077,0.6498873043862713,0.5890137496122475,0.6179550122207117,294.8869599819183,1474.6,0.148861646234676,0.1451208871432445,-0.0230480132570096,domain,Brain
423,ST,Mouse Brain,18A,CCST,0.45417282699389405,0.6006439631929158,0.5391495986749512,0.7071803852889668,0.6413773884210112,0.5647954824771091,0.6006439631929158,97.03882608413696,757.8933532714843,0.05113835376532396,0.13668250190139944,0.15519993525607934,domain,Brain
424,ST,Mouse Brain,18A,CellCharter,0.4872028421870705,0.64185469826979,0.569056233994958,0.7793345008756567,0.6908048069970779,0.5994816431339746,0.64185469826979,78.50569190979004,1414.9200162887573,0.12364273204903675,0.14136219176324333,0.14664362421619742,domain,Brain
425,ST,Mouse Brain,18A,DeepST,0.4588157091757714,0.6380724878466294,0.5445238564523948,0.7821366024518388,0.6867787591101197,0.5958536747192397,0.6380724878466294,77.1309356212616,1046.4151361465454,0.13309982486865143,0.141610924400654,0.1464025730559873,domain,Brain
426,ST,Mouse Brain,18A,GraphST,0.5649845782201305,0.6194435290227763,0.6360429692225118,0.7110332749562172,0.6225220977912336,0.6163952594089355,0.6194435290227763,25.717101335525513,1052.4276176452636,0.0683012259194395,0.1368867696577215,0.0041200758686056,domain,Brain
427,ST,Mouse Brain,18A,PRECAST,0.4040922556192149,0.6132980967096497,0.4948662645269385,0.7460595446584939,0.647963758587548,0.582153256165861,0.6132980967096496,14.663057994842529,269.58000000000004,0.1663747810858143,0.1475624340717611,0.0080224949897021,domain,Brain
428,ST,Mouse Brain,18A,SEDR,0.2979937487040475,0.5755187366032364,0.4017146598391296,0.6896672504378284,0.6162819211435014,0.5398727114518955,0.5755187366032363,25.013216543197633,1312.9676679611207,0.05464098073555164,0.13653139359632976,0.1390047591828854,domain,Brain
429,ST,Mouse Brain,18A,STAGATE,0.3504047439192822,0.5985638969477474,0.4472452789142922,0.7267950963222417,0.6494200136369591,0.5550965241982391,0.5985638969477473,34.04050636291504,789.8805404663086,0.1656742556917688,0.1420798094801921,0.08440863772103233,domain,Brain
430,ST,Mouse Brain,18A,SpaGCN,0.4130884304655753,0.6055626877301009,0.5032605247673249,0.7635726795096323,0.650825302883718,0.5661864104296703,0.605562687730101,57.49678287506104,1800.4033655166627,0.1873905429071803,0.1435613114849749,0.0869139981785824,domain,Brain
431,ST,Mouse Brain,18A,SpaceFlow,0.4138394448183219,0.5993038411407652,0.5046577280974229,0.7204903677758319,0.6484235278358639,0.5571198110142135,0.5993038411407653,24.001836442947386,844.7822956085205,0.25919439579684755,0.14755303538386,0.07135907827292014,domain,Brain
432,ST,Mouse Brain,18A,SpatialMGCN,0.42912010677072543,0.6168364767405149,0.5183011347248524,0.7670753064798599,0.6665168135585168,0.5740484763833676,0.6168364767405149,10.78093466758728,858.8364253997803,0.10683012259194388,0.1385215437051983,0.1372265054545693,domain,Brain
433,ST,Mouse Brain,18A,stLearn,0.49504668982303757,0.5759986323456346,0.5752685133266372,0.6942206654991243,0.5861927328519191,0.5661812872492058,0.5759986323456346,66.54039750099182,1349.8070428848266,0.23957968476357266,0.15005980544760653,0.0100971040689145,domain,Brain
434,ST,Mouse Brain,19A,BASS,0.5212488240367519,0.6292080415735765,0.588609833804343,0.7184801381692574,0.6575921678104885,0.6031728554654242,0.6292080415735765,152.44778203964233,509.26000000000005,0.0863557858376511,0.1370963906888743,0.060619772684713503,domain,Brain
435,ST,Mouse Brain,19A,Banksy,0.3326384058715393,0.5652274985027466,0.4256823292741321,0.6753022452504318,0.5854647583693801,0.546342542820611,0.5652274985027468,18.17969298362732,1116.1832717895509,0.10189982728842831,0.136211704425308,0.0492828618881758,domain,Brain
436,ST,Mouse Brain,19A,BayesSpace,0.40064078258216773,0.5947571707363953,0.4821544815646607,0.7288428324697754,0.628470760545477,0.564476480352395,0.5947571707363952,298.91662607192995,1489.8600000000001,0.2607944732297064,0.1428991704244729,-0.0077542851462124,domain,Brain
437,ST,Mouse Brain,19A,CCST,0.39653275137902055,0.56339760038003,0.48003801766098986,0.6590673575129534,0.5849598847326828,0.5434037926115936,0.5633976003800298,97.56919050216675,761.1910133361816,0.06528497409326418,0.1365931764538751,0.12455904896278955,domain,Brain
438,ST,Mouse Brain,19A,CellCharter,0.46118397273367373,0.610283834898843,0.5360716655142317,0.730915371329879,0.6467937997243235,0.5776952103316851,0.610283834898843,94.00495176315307,1375.8214227676392,0.17651122625215881,0.14014479512870165,0.08350300566787594,domain,Brain
439,ST,Mouse Brain,19A,DeepST,0.47741870844858914,0.6241890374075866,0.5507211816528166,0.7440414507772021,0.660836342381198,0.5914621513543586,0.6241890374075866,78.95590596199035,1057.546731376648,0.14749568221070808,0.1417460480617594,0.07029427944980626,domain,Brain
440,ST,Mouse Brain,19A,GraphST,0.3690650853181705,0.5800719632223436,0.46436565084540077,0.6545768566493955,0.5713304855558861,0.5890850901059795,0.5800719632223436,24.895414686203004,1062.6318756103515,0.0518134715025906,0.1363479157989336,0.0916620838865613,domain,Brain
441,ST,Mouse Brain,19A,PRECAST,0.4013507946070919,0.6025367307639259,0.4827289109949543,0.7253886010362695,0.6398320367749611,0.569349780043149,0.6025367307639259,14.927576065063477,272.18,0.2625215889464594,0.1435572166745734,0.0212350549529477,domain,Brain
442,ST,Mouse Brain,19A,SEDR,0.3265520153614645,0.5687410350647706,0.4188098018230768,0.6787564766839378,0.5965684254089523,0.5434722248921678,0.5687410350647706,24.160751342773438,1289.7464136123658,0.08531951640759926,0.13593168492792132,0.08549785175404015,domain,Brain
443,ST,Mouse Brain,19A,STAGATE,0.42533194745215247,0.5995564849668036,0.5041921957805005,0.7392055267702936,0.6363555288561173,0.5667838485729193,0.5995564849668036,33.02972092628479,798.9060592651367,0.24490500863557857,0.1427158486866517,-0.00773693047800824,domain,Brain
444,ST,Mouse Brain,19A,SpaGCN,0.4179538859427467,0.590130792958937,0.4975205834067002,0.7322970639032815,0.6227552594029856,0.5607543849115173,0.590130792958937,47.08108878135681,1753.3132112503051,0.2452504317789292,0.1460118268429548,0.0188881260678839,domain,Brain
445,ST,Mouse Brain,19A,SpaceFlow,0.410313312548622,0.5790005615105146,0.49091176418660254,0.6898100172711572,0.6178078237768412,0.5447823894588999,0.5790005615105147,35.519421911239625,851.506106376648,0.12573402417961999,0.13933090681700172,0.13674803224864215,domain,Brain
446,ST,Mouse Brain,19A,SpatialMGCN,0.3963095538603999,0.565635034390801,0.4783173233522665,0.7063903281519862,0.6032863429094275,0.532407310693588,0.565635034390801,12.847159099578857,860.7462842941284,0.1899827288428324,0.1404313947737023,0.0360193713009873,domain,Brain
447,ST,Mouse Brain,19A,stLearn,0.5302112301188143,0.5966289995980643,0.6027725760864241,0.6849740932642486,0.5842819178565266,0.6095629745459441,0.5966289995980643,65.5512493610382,1357.6390209197998,0.23074265975820377,0.1451059077755966,-0.07376816493755742,domain,Brain
448,ST,Mouse Brain,19B,BASS,0.5566479563786603,0.692102949504132,0.625450196678894,0.8020134228187918,0.7112989374797521,0.6739158280969701,0.692102949504132,161.44982800483703,506.6,0.0503355704697986,0.1360137168385486,0.0209933512436924,domain,Brain
449,ST,Mouse Brain,19B,Banksy,0.3216017320561503,0.5747917620202677,0.4243137784296695,0.6812080536912751,0.5985565273789237,0.552842020762965,0.5747917620202678,17.936372995376587,1132.8560249328614,0.087248322147651,0.1378831862559892,0.0359686034710362,domain,Brain
450,ST,Mouse Brain,19B,BayesSpace,0.5221756770501026,0.6608983959739334,0.5963726285807796,0.8003355704697986,0.6969423797271753,0.6283992769808903,0.6608983959739334,308.0232880115509,1589.98,0.1778523489932885,0.140574655740669,-0.0290093744110135,domain,Brain
451,ST,Mouse Brain,19B,CCST,0.5704675052781827,0.6372388958266868,0.6374590930566998,0.7328859060402685,0.6668838351935776,0.6102055732167522,0.6372388958266869,96.5304208278656,765.6633218765259,0.05335570469798654,0.1365870577044696,0.0990755629738955,domain,Brain
452,ST,Mouse Brain,19B,CellCharter,0.49799616398859203,0.6283561308468714,0.575879102950202,0.7476510067114094,0.6715060425064695,0.5905006375622615,0.6283561308468715,94.11278734207153,1384.5479074478149,0.160738255033557,0.1402719921049202,0.06310500182514596,domain,Brain
453,ST,Mouse Brain,19B,DeepST,0.4459005437122122,0.6303733356480608,0.5296622958291769,0.7523489932885906,0.6630423872006179,0.600937847562298,0.6303733356480608,80.14819989204406,1076.9942361831665,0.14530201342281876,0.14003473064629257,0.05209594961313559,domain,Brain
454,ST,Mouse Brain,19B,GraphST,0.4411982020483952,0.5872415858841287,0.5314783689426276,0.6828859060402684,0.5771994281204724,0.5976393590575519,0.5872415858841287,25.164267206192015,1077.4218839645387,0.0721476510067114,0.1361756162419316,0.0007518647880363,domain,Brain
455,ST,Mouse Brain,19B,PRECAST,0.4352108129032658,0.6124038817174162,0.5205275054670649,0.7516778523489933,0.6533205917965144,0.5763102405203095,0.6124038817174162,15.19939398765564,270.98,0.261744966442953,0.1432876799855608,-0.0429230109921497,domain,Brain
456,ST,Mouse Brain,19B,SEDR,0.3095508012801346,0.5774774544192856,0.4119842621731089,0.6956375838926174,0.6084376523214217,0.5496460589867317,0.5774774544192856,26.02688822746277,1316.3177545547485,0.06845637583892612,0.13615010029212316,0.09246177774253324,domain,Brain
457,ST,Mouse Brain,19B,STAGATE,0.40784208536656175,0.6081523160325837,0.49589139971567747,0.7476510067114094,0.640023134483372,0.5793096263152153,0.6081523160325837,33.88893098831177,813.8935033798218,0.2473154362416107,0.14610909085721138,-0.05609864842569658,domain,Brain
458,ST,Mouse Brain,19B,SpaGCN,0.4510857622910079,0.6235821472845522,0.5353006641446482,0.7768456375838926,0.6697307875597097,0.5833833832495516,0.6235821472845522,57.392743062973025,1706.797433280945,0.2298657718120805,0.1512855679361406,0.0140184612470549,domain,Brain
459,ST,Mouse Brain,19B,SpaceFlow,0.267720210019167,0.4597470880940466,0.369918426083217,0.6067114093959731,0.4953888623013557,0.4288903393318179,0.4597470880940466,27.373183298110963,860.403186416626,0.41375838926174496,0.150482426726842,-0.09001123008104484,domain,Brain
460,ST,Mouse Brain,19B,SpatialMGCN,0.452165293136375,0.6557530759242729,0.5355753861681911,0.790268456375839,0.6995055030399866,0.6171516866941956,0.6557530759242729,12.409952974319458,862.8638927459717,0.1375838926174496,0.1368303786222742,-0.014538418000721202,domain,Brain
461,ST,Mouse Brain,19B,stLearn,0.5918962541989432,0.614054775610712,0.6607419367569628,0.7281879194630873,0.6121406318654902,0.6166074566508667,0.614054775610712,67.28731365203858,1367.8888954162599,0.23993288590604026,0.1465979327990267,-0.12889714384013493,domain,Brain
462,ST,Mouse Brain,20A,BASS,0.6019528204741127,0.686422403075485,0.6693697250402426,0.78,0.7007070330301567,0.6727085508333537,0.686422403075485,199.12956805229186,515.98,0.0563636363636363,0.137868588533201,0.1324597604638252,domain,Brain
463,ST,Mouse Brain,20A,Banksy,0.3454407298547378,0.6152167227151949,0.4474366165193489,0.7581818181818182,0.673613609722937,0.5661371786347078,0.615216722715195,17.42393732070923,1083.8954488754273,0.0636363636363636,0.1379705096657781,0.1925707402258949,domain,Brain
464,ST,Mouse Brain,20A,BayesSpace,0.4371219398276411,0.6319197995645542,0.5290041995259476,0.7654545454545455,0.6841807652661243,0.5870761444829892,0.6319197995645542,284.4401180267334,1434.5,0.2054545454545454,0.1453337267761968,-0.0100166001402541,domain,Brain
465,ST,Mouse Brain,20A,CCST,0.4682394159002808,0.5946027369344706,0.5551077432210546,0.708,0.6355852609072133,0.5586386651594342,0.5946027369344706,97.90932507514954,746.4839506149292,0.06109090909090904,0.1389265403916156,0.1317736715062831,domain,Brain
466,ST,Mouse Brain,20A,CellCharter,0.42555074543403737,0.6039951380037254,0.5187497837187691,0.7330909090909091,0.6570202269749371,0.5589440979139887,0.6039951380037254,82.1856984615326,1394.4694974899292,0.1836363636363636,0.14622937126502789,0.05797615614749611,domain,Brain
467,ST,Mouse Brain,20A,DeepST,0.44738881757781773,0.6256433329081313,0.5386560807686775,0.7534545454545455,0.68078020507012,0.5788461043435822,0.6256433329081313,77.7082094192505,1021.3034154891968,0.14327272727272725,0.14254412779403533,0.11369937574699959,domain,Brain
468,ST,Mouse Brain,20A,GraphST,0.4019912021119959,0.5804655135927885,0.4983279002956655,0.7072727272727273,0.6108437246765228,0.5529656685074156,0.5804655135927885,24.461887884140015,1032.5224073410034,0.069090909090909,0.1419105414214919,0.0982107599877138,domain,Brain
469,ST,Mouse Brain,20A,PRECAST,0.41638998104250635,0.6200660950249848,0.5106610705788531,0.7654545454545455,0.6729187298895284,0.5749112039618139,0.6200660950249848,14.230339956283569,280.12,0.209090909090909,0.1435857646754388,-0.005158343667952,domain,Brain
470,ST,Mouse Brain,20A,SEDR,0.32401628120878484,0.5854177634541173,0.42859506192238517,0.7221818181818183,0.6374306538835115,0.5413009778823505,0.5854177634541173,24.45835781097412,1297.519124031067,0.0636363636363636,0.13845712446151776,0.15845928192487366,domain,Brain
471,ST,Mouse Brain,20A,STAGATE,0.470433954377856,0.6460685815182801,0.5594510749166628,0.7883636363636364,0.7042572128620499,0.5967669368680073,0.64606858151828,33.933014965057374,770.2643709182739,0.15563636363636357,0.14332455379118464,0.03207888221379952,domain,Brain
472,ST,Mouse Brain,20A,SpaGCN,0.4527623813420522,0.6377389429455729,0.5445654466074376,0.7945454545454546,0.6971383889889335,0.5876669727451289,0.6377389429455729,47.024024677276614,1686.4652763366698,0.1909090909090909,0.1485492859138622,0.0496850435322694,domain,Brain
473,ST,Mouse Brain,20A,SpaceFlow,0.3450712717286917,0.5378384951393711,0.44729875386555423,0.6709090909090909,0.5941604881259448,0.4913086639567149,0.537838495139371,31.79005308151245,832.4762073516846,0.28509090909090906,0.15075991876101413,-0.01195551772000098,domain,Brain
474,ST,Mouse Brain,20A,SpatialMGCN,0.399568579435918,0.619054303037585,0.4956285849713793,0.7509090909090909,0.6716584354003012,0.5740915837888477,0.619054303037585,11.238002443313599,851.4015081405639,0.14,0.1395266539027305,0.0559002478965865,domain,Brain
475,ST,Mouse Brain,20A,stLearn,0.5347055670912498,0.5702412572524921,0.6137906756357768,0.7109090909090909,0.5786471822685462,0.5621326643903313,0.570241257252492,63.7941189289093,1319.3043884277345,0.24145454545454542,0.1545079022431929,-0.02830299240168846,domain,Brain
476,ST,Mouse Brain,20B,BASS,0.4194692373315029,0.6426916296995275,0.5089083747146765,0.7685009487666035,0.6818312291052385,0.6078016009589807,0.6426916296995276,200.13056597709655,518.8199999999999,0.0588235294117647,0.145653848670907,0.2131452868801406,domain,Brain
477,ST,Mouse Brain,20B,Banksy,0.3166290117090901,0.5810063904063525,0.4180370542327931,0.7058823529411765,0.6243740304087088,0.5432719234788955,0.5810063904063524,16.78978023529053,1061.6342515945435,0.1043643263757115,0.1405744910277711,0.0358849178952887,domain,Brain
478,ST,Mouse Brain,20B,BayesSpace,0.3939049960506204,0.6327635534303785,0.486525274637457,0.7912713472485768,0.6833963696401019,0.5891159692161909,0.6327635534303786,272.76607604026793,1390.6,0.222011385199241,0.1516483633533958,0.1002006396372838,domain,Brain
479,ST,Mouse Brain,20B,CCST,0.39299267555749223,0.565480059846327,0.4862477278743465,0.6967741935483871,0.5997736275036785,0.5349417633910287,0.5654800598463271,95.79584317207336,742.3450412750244,0.056546489563567295,0.14033503308493464,0.1908720514879171,domain,Brain
480,ST,Mouse Brain,20B,CellCharter,0.408364573644829,0.5854567807386534,0.49941227100870433,0.7282732447817837,0.6326316158190942,0.5448733144676611,0.5854567807386533,81.38523650169373,1295.323112487793,0.17722960151802652,0.14848210606673282,0.15269834446975933,domain,Brain
481,ST,Mouse Brain,20B,DeepST,0.4683597313069344,0.6445502473984099,0.5530755802049707,0.7905123339658444,0.6943528939111498,0.6014359146820237,0.6445502473984099,79.83863716125488,1004.7649488449097,0.12371916508538897,0.14417638426062507,0.15244594596732328,domain,Brain
482,ST,Mouse Brain,20B,GraphST,0.3993412370115102,0.5807604435571396,0.4941927667005711,0.698292220113852,0.59051816584223,0.5713199525521194,0.5807604435571396,23.567518043518067,1012.463818359375,0.0455407969639468,0.1396907371598292,0.1723537986784642,domain,Brain
483,ST,Mouse Brain,20B,PRECAST,0.48160607464799454,0.6456590947867592,0.5637612835693853,0.7855787476280834,0.6904563497489697,0.6063206204120647,0.6456590947867591,14.15248794555664,301.66,0.2182163187855787,0.1587742838712285,0.061220028039980404,domain,Brain
484,ST,Mouse Brain,20B,SEDR,0.24834837443798485,0.541025272017696,0.36832302173931364,0.678178368121442,0.5683288523657423,0.5165082407525694,0.541025272017696,22.62118124961853,1290.4597263336182,0.06982922201138517,0.14026294745126366,0.03410862698003776,domain,Brain
485,ST,Mouse Brain,20B,STAGATE,0.4044551080261244,0.6229071674404872,0.4961025286355074,0.771157495256167,0.6747590120127258,0.5784752996801578,0.6229071674404874,31.856811428070067,749.9214700698852,0.20075901328273238,0.14823123100837815,0.026586781748468395,domain,Brain
486,ST,Mouse Brain,20B,SpaGCN,0.4849304457421919,0.6310022488534182,0.5667816241003,0.777988614800759,0.67012280269749,0.5961973300278529,0.6310022488534182,54.699960994720456,1726.6819076538086,0.1840607210626186,0.1587086706798268,0.122684893110601,domain,Brain
487,ST,Mouse Brain,20B,SpaceFlow,0.37956095031325837,0.5755859630157414,0.4745039301169415,0.7294117647058823,0.6274586401652119,0.531635327035952,0.5755859630157414,23.89919395446777,820.7326906204223,0.20189753320683113,0.15634670824085145,0.09602324905839588,domain,Brain
488,ST,Mouse Brain,20B,SpatialMGCN,0.3443816531054542,0.6188487358896292,0.44407676703791593,0.7552182163187856,0.658212272103012,0.583927693136454,0.6188487358896293,11.257311248779297,851.2411905288697,0.1764705882352941,0.1481802158004435,0.0942574899750573,domain,Brain
489,ST,Mouse Brain,20B,stLearn,0.4489966033304329,0.5561015568506799,0.5404275512531254,0.6732447817836812,0.5564174741784376,0.5558296955793853,0.5561015568506799,61.14928679466247,1305.3848220825196,0.2622390891840607,0.15641531151153548,-0.06401894049672796,domain,Brain
490,10x Visium,DLPFC,151507,BASS,0.504906153788966,0.6964700519948472,0.5900746729316805,0.7121535181236673,0.7044176004544089,0.6886998382255448,0.6964700519948471,1786.36577000618,2432.92,0.044776119402985,0.0584385952203261,0.0263318953159556,domain,Brain
491,10x Visium,DLPFC,151507,Banksy,0.4662872567795699,0.6368332520535798,0.5644397245087764,0.6647713811892917,0.6273536837971951,0.6468883068716174,0.6368332520535798,14.573495483398435,687.5726474761963,0.0472873726605069,0.05710859671709,-0.0075744039805674,domain,Brain
492,10x Visium,DLPFC,151507,BayesSpace,0.4775898900948039,0.6336498974696614,0.5766419387037393,0.662165363657901,0.6153547849280381,0.653066208304825,0.6336498974696615,2075.7734118938447,8305.3,0.0305614783226723,0.0566619115250571,0.0014053784304336,domain,Brain
493,10x Visium,DLPFC,151507,CCST,0.4665013202988935,0.6373220207619782,0.5831228933328376,0.677564558161573,0.5947899879112981,0.688293752775485,0.6373220207619783,342.2532364845276,1626.4160593032836,0.0171997157071783,0.0564108320260654,-0.046707216631244,domain,Brain
494,10x Visium,DLPFC,151507,CellCharter,0.439198305464865,0.5853794011484965,0.5346114749274997,0.6608386638237385,0.5950318128116681,0.5761642486396846,0.5853794011484965,205.8453345298767,377.1965770721436,0.0615967780146884,0.0572800809610286,0.1005765174139353,domain,Brain
495,10x Visium,DLPFC,151507,DeepST,0.5228678546743051,0.6371725147690945,0.604512670686969,0.7105425254678985,0.6468692093499275,0.6278813442673468,0.6371725147690945,339.8296623706818,5840.225760650635,0.0721156124141198,0.0567331603763555,0.0384965988019931,domain,Brain
496,10x Visium,DLPFC,151507,GraphST,0.4048731713446971,0.6190888771827664,0.5278446780571941,0.6344468135512912,0.5820349658133737,0.661181467737701,0.6190888771827664,26.41531090736389,1123.329942703247,0.0082918739635157,0.0562555391252555,-0.0366747986014869,domain,Brain
497,10x Visium,DLPFC,151507,PRECAST,0.5372834940466679,0.6427644320068783,0.6229503683770427,0.7199715707178393,0.6303785609515998,0.6556467807852953,0.6427644320068783,37.01820802688599,966.98,0.0424070125562662,0.0598027648116591,0.0387744457648684,domain,Brain
498,10x Visium,DLPFC,151507,SEDR,0.5321156781554254,0.6790488773928103,0.6180135261467701,0.7045249940772329,0.6695022935339464,0.6893225309140657,0.6790488773928103,23.35296201705933,2199.186318397522,0.0206586117033878,0.056303621134905,0.0264634949886834,domain,Brain
499,10x Visium,DLPFC,151507,STAGATE,0.5460283080457758,0.6710813693990049,0.622679676875465,0.746410803127221,0.6855243437986431,0.6572344220236035,0.6710813693990049,68.83641114234925,392.7487819671631,0.067851220090026,0.057807929821691,0.0367255654413312,domain,Brain
500,10x Visium,DLPFC,151507,SpaGCN,0.4553904154938349,0.58062973495582,0.5536092290718608,0.6685619521440417,0.5663785862134466,0.5956165661754399,0.5806297349558199,88.30054531097412,1100.7798860549926,0.1037668798862827,0.0581897540998824,-0.0320642097726762,domain,Brain
501,10x Visium,DLPFC,151507,SpaceFlow,0.5027936333490615,0.6419354702857752,0.5882564697833393,0.714759535655058,0.6495365587632818,0.6346184920907649,0.6419354702857752,58.66516695022583,432.4794723510742,0.0152570480928689,0.0562651669673784,0.0875552400223988,domain,Brain
502,10x Visium,DLPFC,151507,SpatialMGCN,0.4707711835173719,0.6044771564134531,0.5616002406742824,0.6704572376214167,0.6085886110874763,0.6004208806450029,0.6044771564134532,66.76495795249939,425.6635768890381,0.033167495854063,0.0562826987958664,-0.0260710387586883,domain,Brain
503,10x Visium,DLPFC,151507,stLearn,0.3974013254588202,0.5223724354900117,0.5217015361485742,0.6306562425965411,0.4801382940924325,0.5727532121209573,0.5223724354900117,392.6448361396789,7157.872786140442,0.187396351575456,0.0593685482945901,-0.0923032324503035,domain,Brain
504,10x Visium,DLPFC,151508,BASS,0.4948716368836033,0.6197839514245518,0.5912505225988272,0.7062314540059347,0.6185662951984636,0.6210064110521262,0.6197839514245518,1773.8850040912628,2497.92,0.0365213421593243,0.0576724030814258,0.0292036599545125,domain,Brain
505,10x Visium,DLPFC,151508,Banksy,0.4964269998021309,0.6646217969940498,0.5917631343253558,0.7263181921935631,0.6679744963891899,0.6613025852731905,0.6646217969940498,15.666196012496949,704.4105987548828,0.0483907783611047,0.0560917369975432,0.0237499675937453,domain,Brain
506,10x Visium,DLPFC,151508,BayesSpace,0.386321963438059,0.53844252668989,0.4996397843321599,0.6498516320474778,0.545383784056382,0.5316757356257179,0.53844252668989,2152.655988025665,9318.94,0.0262497146770143,0.0557457531534097,0.1348562364242205,domain,Brain
507,10x Visium,DLPFC,151508,CCST,0.3394003774424869,0.5453000666336197,0.4931569451915958,0.5998173932892034,0.5084080196185045,0.5880039049220042,0.5453000666336197,358.66012744903566,1682.0523515701293,0.0169824241040857,0.0553851913429255,-0.0349464579334705,domain,Brain
508,10x Visium,DLPFC,151508,CellCharter,0.4463072450631558,0.5900254849356937,0.5457663331560365,0.6939968043825611,0.6114414393407717,0.5700634149396693,0.5900254849356937,223.71835627555848,344.63707275390624,0.065829719242182,0.0562958452855601,0.0591160771501862,domain,Brain
509,10x Visium,DLPFC,151508,DeepST,0.4563211602619414,0.5798874619963497,0.5546391891741459,0.6973293768545994,0.5960586421387657,0.5647000852360196,0.5798874619963497,321.9597608089447,6050.634875488281,0.0534124629080118,0.0553600902296414,0.0070652996758012,domain,Brain
510,10x Visium,DLPFC,151508,GraphST,0.5245657934311523,0.669167963741716,0.6288406379378375,0.717187856653732,0.6380528129692383,0.7034734013192337,0.6691679637417162,26.2933810710907,1175.9269804000855,0.0125542113672677,0.0550752487657347,-0.0333832344724456,domain,Brain
511,10x Visium,DLPFC,151508,PRECAST,0.4516956691050254,0.6034818077240317,0.5523630041240479,0.7183291485962109,0.6188455974342484,0.5888623968862962,0.6034818077240317,40.40763397216797,1002.46,0.0497603286920794,0.0592503250756672,0.0372550687000606,domain,Brain
512,10x Visium,DLPFC,151508,SEDR,0.485240761851364,0.6343985104888665,0.581104084480571,0.7184204519516092,0.6462374640107765,0.6230602289564197,0.6343985104888665,19.681738901138303,1945.0206396102903,0.0225062771056835,0.0551949190334004,0.0590343370763809,domain,Brain
513,10x Visium,DLPFC,151508,STAGATE,0.5006984096101265,0.6278561989041134,0.5922412258105806,0.7269573156813512,0.6439217132608348,0.6128755004446356,0.6278561989041134,64.56660137176513,393.5843469619751,0.0616754165715589,0.0569187186823935,0.0316961449039906,domain,Brain
514,10x Visium,DLPFC,151508,SpaGCN,0.3922962381834538,0.4881165113557099,0.500832434036175,0.6391234877881762,0.5058792655687593,0.4715588378096578,0.48811651135571,72.03076190948487,1163.7079444885253,0.0890207715133531,0.0579522096004313,0.090259891871928,domain,Brain
515,10x Visium,DLPFC,151508,SpaceFlow,0.4647614471735865,0.6001558684358357,0.5627879993193361,0.7165030814882447,0.6126382338611245,0.5883146710608447,0.6001558684358357,71.27609138488769,436.8391357421875,0.024104085825154,0.055175504840912,0.0323580712713537,domain,Brain
516,10x Visium,DLPFC,151508,SpatialMGCN,0.428476853297813,0.5839758308711783,0.5336963662703692,0.6939055010271628,0.5966498002996289,0.5718291000277085,0.5839758308711782,65.95247735977173,500.899374961853,0.0312713992239214,0.0554423653978612,0.0376415109139504,domain,Brain
517,10x Visium,DLPFC,151508,stLearn,0.3970934057012096,0.4998186066839192,0.5212428390548643,0.6594384843643004,0.4798756260092964,0.5214910687607545,0.4998186066839192,404.62687516212463,7306.487685966492,0.1981282812143346,0.0584735395885118,-0.0941370833819682,domain,Brain
518,10x Visium,DLPFC,151509,BASS,0.493101504250437,0.6506011182840605,0.609978362734787,0.7612781954887218,0.6660853887140291,0.6358204080185791,0.6506011182840605,1841.41452999115,2895.92,0.0342522974101921,0.0541183310264162,-0.0520513851223565,domain,Brain
519,10x Visium,DLPFC,151509,Banksy,0.4721546839409775,0.6328793782913276,0.5980653052512751,0.7383040935672515,0.633190577105241,0.6325684852214719,0.6328793782913276,15.034970378875732,777.1926374435425,0.0923141186299081,0.0554144137165337,-0.0393078959373587,domain,Brain
520,10x Visium,DLPFC,151509,BayesSpace,0.3664132148317673,0.5438569560473498,0.5047399450944405,0.6720969089390142,0.5730218431795419,0.5175170751752366,0.5438569560473498,2350.522557926178,9386.7,0.0409356725146198,0.0538867072670602,-0.0064669615232197,domain,Brain
521,10x Visium,DLPFC,151509,CCST,0.4048105287680363,0.6112442366123688,0.5508266423604355,0.7191311612364244,0.605713457751136,0.6173659751583165,0.6112442366123689,415.87323384284974,1966.2272371292115,0.0141604010025062,0.0535266587396224,-0.0542434512745607,domain,Brain
522,10x Visium,DLPFC,151509,CellCharter,0.4329984600381759,0.6194847424019363,0.5567006103210431,0.7572681704260652,0.6634812621282228,0.5811180547234807,0.6194847424019364,250.6008143901825,405.0749786376953,0.046532999164578,0.0540435169275253,0.0037080271154024,domain,Brain
523,10x Visium,DLPFC,151509,DeepST,0.4822707061877928,0.6327305628208395,0.5972020491320583,0.754093567251462,0.6692309307955836,0.6002134420206247,0.6327305628208394,357.78075370788576,6615.99413394928,0.0455722639933165,0.0536405099860322,-0.0529033808705018,domain,Brain
524,10x Visium,DLPFC,151509,GraphST,0.4427365633155992,0.6373977210477857,0.577749611171896,0.7188805346700083,0.6288642107409816,0.6461660119260022,0.6373977210477857,29.768929529190064,1381.5704544067382,0.0096073517126148,0.0534968372071132,-0.1163857829159961,domain,Brain
525,10x Visium,DLPFC,151509,PRECAST,0.3053806715736464,0.43395520953848,0.5291285488494286,0.6735588972431078,0.3935124378774672,0.4836631089412914,0.43395520953848,44.031321907043456,1084.88,0.1073517126148705,0.0599614129802546,-0.1243114295493064,domain,Brain
526,10x Visium,DLPFC,151509,SEDR,0.5084944932548563,0.6556253265137575,0.6209912209372371,0.7328320802005013,0.6676658694453617,0.6445364874493917,0.6556253265137575,20.29420714378357,2386.747706413269,0.0189640768588136,0.0536507577108359,-0.0261619755602374,domain,Brain
527,10x Visium,DLPFC,151509,STAGATE,0.4982730601013698,0.6523016182086759,0.6132891202229411,0.7511695906432749,0.672023859499262,0.6337727525394625,0.652301618208676,65.22844161987305,454.26011791229246,0.0515455304928988,0.0548389899951178,-0.071859278870916,domain,Brain
528,10x Visium,DLPFC,151509,SpaGCN,0.467222617179324,0.5902426259526854,0.5847412104871554,0.7314118629908104,0.6277619698795345,0.556955179538926,0.5902426259526854,78.33674421310425,1274.7751028060914,0.1330409356725146,0.0548014526898421,-0.0359849830013385,domain,Brain
529,10x Visium,DLPFC,151509,SpaceFlow,0.4772527204917578,0.6391679890127835,0.593143921751375,0.7483291562238931,0.6753414305524039,0.6067764999155789,0.6391679890127835,42.19103565216064,473.88099098205566,0.021345029239766,0.0535174312386529,-0.0153265473116855,domain,Brain
530,10x Visium,DLPFC,151509,SpatialMGCN,0.4215210664947905,0.5945970845571482,0.5544953934043573,0.7403926482873852,0.6116174469460531,0.5784983744505205,0.5945970845571482,78.73891568183899,568.8859884262085,0.0605680868838762,0.0537355897150175,-0.0632355473274504,domain,Brain
531,10x Visium,DLPFC,151509,stLearn,0.3696192520900509,0.5556703675917183,0.5097316865077699,0.6992481203007519,0.5787153969708192,0.5343904040289422,0.5556703675917183,446.3255943775177,8270.126412963868,0.1950710108604845,0.0564405470947047,-0.0799302102238186,domain,Brain
532,10x Visium,DLPFC,151510,BASS,0.4390272211279141,0.6186949423325648,0.5624333450848416,0.7732317736670293,0.6591201039842046,0.5829419406535203,0.6186949423325648,1868.5214859008788,2780.96,0.0485310119695321,0.0559697848455298,-0.0238463642748676,domain,Brain
533,10x Visium,DLPFC,151510,Banksy,0.4885265667339178,0.625449603604525,0.608781294663865,0.7593035908596301,0.6358758277607851,0.6153597737079894,0.6254496036045248,14.111332893371582,742.2147211074829,0.0859630032644178,0.0567818389891392,-0.0664137523447369,domain,Brain
534,10x Visium,DLPFC,151510,BayesSpace,0.4355430537566402,0.5985966606033762,0.5610963808853323,0.7347116430903156,0.6305145590197456,0.5697545542255209,0.5985966606033762,2257.251747989654,9018.5,0.0411316648531012,0.0555441108881687,-0.0516049675447306,domain,Brain
535,10x Visium,DLPFC,151510,CCST,0.3247838906517019,0.558090530377423,0.5001478960451171,0.667986942328618,0.537295225709497,0.5808299985566137,0.5580905303774228,393.1231075763702,1829.59205493927,0.0153645266594123,0.055257105072799,-0.1039933618796516,domain,Brain
536,10x Visium,DLPFC,151510,CellCharter,0.3876797939459143,0.5847516279077756,0.5193874898521053,0.7292709466811752,0.6296384487440316,0.5458486672416274,0.5847516279077756,230.741947555542,387.3050104141236,0.0986724700761697,0.056280897743243,0.0002455669256645,domain,Brain
537,10x Visium,DLPFC,151510,DeepST,0.4453212137980468,0.6045781683917506,0.5668265193495677,0.7422850924918389,0.646927416940741,0.5674407167914142,0.6045781683917507,332.2561424255371,6349.1424402236935,0.0509249183895538,0.0554367016554071,-0.0124274713326277,domain,Brain
538,10x Visium,DLPFC,151510,GraphST,0.4469716469731039,0.5812767640800239,0.6093504636063575,0.7201305767138194,0.5435441450013653,0.6246389525518986,0.5812767640800239,26.967377758026124,1285.7056379318235,0.0165397170837867,0.0551952830762061,-0.1400057182581112,domain,Brain
539,10x Visium,DLPFC,151510,PRECAST,0.4959855841333936,0.6057211916748072,0.6198318029579141,0.711860718171926,0.5919976046464265,0.6200961544703417,0.6057211916748072,42.22716989517212,1075.34,0.0524483133841131,0.0592860887603686,-0.008562899239347,domain,Brain
540,10x Visium,DLPFC,151510,SEDR,0.4751250985425826,0.63620316812812,0.5969724926146914,0.7533841131664853,0.6500902588018709,0.6234041454252578,0.63620316812812,19.53246703147888,2251.925769805908,0.019151251360174,0.0552048116762619,-0.0357499204046516,domain,Brain
541,10x Visium,DLPFC,151510,STAGATE,0.4347180541236192,0.5755777397688828,0.5605420947029337,0.7294450489662677,0.6058787808991367,0.5482068928500233,0.5755777397688828,61.87593684196472,430.0204574584961,0.0672034820457018,0.0568879612028725,-0.0562925593059108,domain,Brain
542,10x Visium,DLPFC,151510,SpaGCN,0.419935802747047,0.5557771285556398,0.5462727398170033,0.7029379760609358,0.5937655242062567,0.5223573415317324,0.5557771285556399,74.54741826057435,1239.022661781311,0.1636561479869423,0.0575713391880162,-0.0341753194606378,domain,Brain
543,10x Visium,DLPFC,151510,SpaceFlow,0.4958735304777694,0.6513547744112679,0.6078856225324007,0.7867247007616975,0.7009546542109419,0.6083234394886551,0.6513547744112679,38.89592409133911,445.3067953109741,0.0215451577801958,0.0551580702418072,-0.0221546363620417,domain,Brain
544,10x Visium,DLPFC,151510,SpatialMGCN,0.3915727428762966,0.5254025956044194,0.5281764075132604,0.7183895538628945,0.5472148597110218,0.505262571169853,0.5254025956044194,71.26229338645935,572.0044435501098,0.0515778019586507,0.0557812826926245,-0.004535656602409,domain,Brain
545,10x Visium,DLPFC,151510,stLearn,0.267465066019605,0.4844046804108809,0.4333788149994179,0.6450489662676823,0.4972155482953785,0.4722373805093257,0.4844046804108811,429.0387277126312,7830.749890136719,0.2245919477693144,0.0580190578699377,-0.0962984006109765,domain,Brain
546,10x Visium,DLPFC,151669,BASS,0.4102494422805696,0.5934668031952787,0.6017407484306935,0.8171067106710671,0.667217951324144,0.5343970550177504,0.5934668031952786,1575.8203620433808,2134.66,0.0352035203520352,0.0626028880104227,0.1115632556600008,domain,Brain
547,10x Visium,DLPFC,151669,Banksy,0.3876596079126209,0.5866929500377721,0.587867934557311,0.8187568756875688,0.6468765483191586,0.5367547757687833,0.5866929500377721,12.182595252990724,620.410177230835,0.0357535753575357,0.0615694900567481,0.1139828000317051,domain,Brain
548,10x Visium,DLPFC,151669,BayesSpace,0.4633773720398655,0.6127638602565646,0.6433060162967474,0.819031903190319,0.671834497526945,0.5632412204523572,0.6127638602565646,1776.3159539699554,7797.74,0.0225522552255225,0.0614294343270187,0.0944199307373298,domain,Brain
549,10x Visium,DLPFC,151669,CCST,0.3188098597812979,0.4888684560149581,0.5583663971886266,0.7417491749174918,0.5002531533693604,0.4784856624617404,0.488868456014958,268.1706675052643,1271.2943929672242,0.0169416941694169,0.0613957781090512,0.0928999794905329,domain,Brain
550,10x Visium,DLPFC,151669,CellCharter,0.2973383200883631,0.5010059610999175,0.5169014200728466,0.7563256325632564,0.5648396839322251,0.4501812504167228,0.5010059610999176,223.66121950149537,394.0786785125732,0.0606160616061605,0.0625418125351206,0.1096558824803436,domain,Brain
551,10x Visium,DLPFC,151669,DeepST,0.3398364158054823,0.5338468566707314,0.5456786528000308,0.785918591859186,0.6072828000550679,0.4764635961561696,0.5338468566707314,272.1118744373322,5055.257149314881,0.036083608360836,0.0615170513123955,0.1162155787529049,domain,Brain
552,10x Visium,DLPFC,151669,GraphST,0.5342153306492592,0.6363882621601544,0.6945939404716085,0.823982398239824,0.6955700429299606,0.5864876333269315,0.6363882621601544,21.99831280708313,905.170218849182,0.0088008800880088,0.0612535357762294,0.0917596015822398,domain,Brain
553,10x Visium,DLPFC,151669,PRECAST,0.3698477404481688,0.5129058208354891,0.5817818159354715,0.7574257425742574,0.5472780612044118,0.4825959901473771,0.5129058208354891,27.71932392120361,720.8799999999999,0.0429042904290429,0.0660582012288793,0.0706036334531503,domain,Brain
554,10x Visium,DLPFC,151669,SEDR,0.4413979429868599,0.5858145799084007,0.6285284189671925,0.8074257425742575,0.6413493195473297,0.5394797000718998,0.5858145799084007,23.34467821121216,1858.8555570602416,0.018096809680968,0.0614261155409036,0.0847391407413757,domain,Brain
555,10x Visium,DLPFC,151669,STAGATE,0.4956774547497306,0.6166768809048373,0.6674006703175209,0.8168866886688668,0.6699734807661737,0.5712352428930568,0.6166768809048373,50.32851157188416,416.6694694519043,0.0397139713971396,0.0614157762680723,0.0940165683625111,domain,Brain
556,10x Visium,DLPFC,151669,SpaGCN,0.3260119056167938,0.5496671391099779,0.53336235819612,0.8102310231023102,0.6334738130835283,0.485444320348566,0.549667139109978,50.58803086280823,1081.9421070098876,0.0932343234323432,0.0631642768178221,0.081499384450241,domain,Brain
557,10x Visium,DLPFC,151669,SpaceFlow,0.327347609586063,0.5293554981815197,0.5427203936219531,0.755005500550055,0.5858432961760227,0.4830284002931003,0.5293554981815197,34.10085868835449,456.8280546188354,0.022112211221122,0.0616224654032752,0.1168332978287699,domain,Brain
558,10x Visium,DLPFC,151669,SpatialMGCN,0.4659815071610137,0.5651487740320399,0.6442901759922403,0.8050055005500549,0.6289202024213513,0.5131193529023043,0.56514877403204,60.44827833175659,447.9148187637329,0.0272277227722772,0.0613549736439201,0.0895098496841331,domain,Brain
559,10x Visium,DLPFC,151669,stLearn,0.3079971701654782,0.4471970242797686,0.5370234433892458,0.7555005500550055,0.4807385136054081,0.4180307060662474,0.4471970242797686,338.40680904388427,6103.64121875763,0.1705170517051705,0.0655170101691194,0.0321552880360406,domain,Brain
560,10x Visium,DLPFC,151670,BASS,0.3748214187077168,0.5614763184384102,0.5909629689934851,0.8349598163030999,0.6566072290571272,0.4904226487564073,0.5614763184384101,1657.9539600849153,1930.02,0.0338691159586682,0.0607613670303521,0.10101852028679,domain,Brain
561,10x Visium,DLPFC,151670,Banksy,0.3434600144962408,0.5126560605421436,0.5769743130815034,0.830654420206659,0.5818255488886439,0.4581853574227524,0.5126560605421436,12.916756963729858,595.3790519714355,0.03300803673938,0.0621330822473617,0.1039256526682712,domain,Brain
562,10x Visium,DLPFC,151670,BayesSpace,0.4034083237621394,0.5401538885884346,0.6156280217610296,0.8260619977037887,0.6134084598816931,0.4825292026151325,0.5401538885884346,1702.7227819919583,7733.339999999999,0.0238231917336394,0.0609245028455377,0.0509173207890047,domain,Brain
563,10x Visium,DLPFC,151670,CCST,0.2900892949391142,0.4467925947106739,0.5510621072781692,0.7715843857634902,0.4705869675359281,0.4253702570836097,0.4467925947106739,251.8507395744324,1167.7301609039307,0.0123421354764638,0.0606171610729398,0.0283043648424307,domain,Brain
564,10x Visium,DLPFC,151670,CellCharter,0.3414146442379814,0.4713047249132625,0.5672401170854667,0.7743972445464984,0.5484360103057264,0.4132412780677253,0.4713047249132625,197.35680170059203,362.6732053756714,0.065499425947187,0.0615476797147355,0.0814967634829996,domain,Brain
565,10x Visium,DLPFC,151670,DeepST,0.3020505948191611,0.4966755756728165,0.5349977833836048,0.7954075774971298,0.5854311480062704,0.4313882503954145,0.4966755756728165,265.56945605278014,4845.858366394043,0.0363375430539609,0.0606647405236126,0.0722445475292486,domain,Brain
566,10x Visium,DLPFC,151670,GraphST,0.4363903118982983,0.5561637776271469,0.6539059688938259,0.8389781859931114,0.6010049290461414,0.5175492765553465,0.5561637776271469,20.809561824798585,841.0895343780518,0.0068886337543053,0.0602959146436527,0.0716825239367011,domain,Brain
567,10x Visium,DLPFC,151670,PRECAST,0.3712894540368798,0.5063614506171886,0.600540584502175,0.7921928817451206,0.5521789879816755,0.4675648461216042,0.5063614506171887,27.50374999046325,1096.76,0.0370264064293915,0.0650281030608483,0.0522180765725609,domain,Brain
568,10x Visium,DLPFC,151670,SEDR,0.3680175399231628,0.5273848790356378,0.5926586819057695,0.8328358208955224,0.5984198340576707,0.4715068720924092,0.5273848790356378,21.932202768325805,1736.9568124771115,0.0169919632606199,0.0603649287725281,0.0767989934931903,domain,Brain
569,10x Visium,DLPFC,151670,STAGATE,0.4685909778551695,0.5781808669535853,0.6636965194381224,0.8332950631458094,0.6484304585701335,0.5216648136405404,0.5781808669535853,50.03954615592957,419.44699573516846,0.0442594718714121,0.0629328470438712,0.0623629366238443,domain,Brain
570,10x Visium,DLPFC,151670,SpaGCN,0.2957473374633564,0.4455157472308725,0.5349202264631961,0.7729621125143513,0.516049273404489,0.3919447992919485,0.4455157472308725,49.17316164970398,995.1097484588624,0.0757749712973593,0.0622176826224475,0.0949612374058434,domain,Brain
571,10x Visium,DLPFC,151670,SpaceFlow,0.3363542918389839,0.5135965596525878,0.5667236170307265,0.7821469575200919,0.5856163174257236,0.4575072172578352,0.5135965596525878,43.22932777404785,421.0026376724243,0.017910447761194,0.0607323357787314,0.1361554123793532,domain,Brain
572,10x Visium,DLPFC,151670,SpatialMGCN,0.3124638044283678,0.5070241759689049,0.5408231608060662,0.8441446613088404,0.6022942563300281,0.4377771811774028,0.5070241759689049,55.89893646240235,426.5767528533936,0.0312858783008036,0.0608427568126218,0.0508968187266957,domain,Brain
573,10x Visium,DLPFC,151670,stLearn,0.1990271137566161,0.3218251290887359,0.48699189672291,0.7336394948335246,0.3430081833256931,0.3031062845335323,0.3218251290887359,323.0814673423767,5760.02703742981,0.1845579793340987,0.0649449752452407,0.0237331770179084,domain,Brain
574,10x Visium,DLPFC,151671,BASS,0.532745356095684,0.6553908492285637,0.6590184792146213,0.8692890300513071,0.6994505762696934,0.6165529988401031,0.6553908492285637,1595.7357039928436,2329.24,0.0276081114097239,0.0583499225198656,0.1380533855750204,domain,Brain
575,10x Visium,DLPFC,151671,Banksy,0.6124362405002105,0.6887050087931128,0.7209207959380072,0.883703884681163,0.716678458274547,0.6628332496927547,0.6887050087931129,13.107884550094605,683.28394947052,0.028096750549719,0.0584259026790224,0.1058043802091847,domain,Brain
576,10x Visium,DLPFC,151671,BayesSpace,0.5027734451096345,0.6331226611465194,0.6366001472905013,0.8521866601514783,0.6717884413925367,0.5986655758916734,0.6331226611465195,2004.8885400295253,8372.02,0.0205228438797947,0.0582128830934314,0.1399365982249884,domain,Brain
577,10x Visium,DLPFC,151671,CCST,0.6045323449987406,0.6383820236048423,0.7427959172955665,0.7314439286586856,0.575328022528811,0.7196182436112218,0.6383820236048423,321.4923066616058,1539.2314889907836,0.0084534571219154,0.057764809287358,0.075891219727847,domain,Brain
578,10x Visium,DLPFC,151671,CellCharter,0.4515370940450053,0.5887714505357574,0.5981051421189727,0.810408013681896,0.6254885198144469,0.5561435499531896,0.5887714505357574,238.96243724823,416.9697450637817,0.0686537991693134,0.058936612739474,0.1260882501575816,domain,Brain
579,10x Visium,DLPFC,151671,DeepST,0.5216509062486984,0.6421377516579204,0.6513539688794453,0.8205717077937942,0.6784109508879761,0.6096621363820063,0.6421377516579204,304.3876597881317,5679.173195838928,0.041290007329587,0.0580093020827491,0.1134322749125888,domain,Brain
580,10x Visium,DLPFC,151671,GraphST,0.6378427745232644,0.7334946847695926,0.7393278822162402,0.8978744197410211,0.7652195334432996,0.704295648551445,0.7334946847695927,24.20525369644165,1093.976701927185,0.0075739066699242,0.057736399284262,0.1274445507796355,domain,Brain
581,10x Visium,DLPFC,151671,PRECAST,0.7810747967048206,0.7063559038640344,0.8474589626251493,0.8734424627412656,0.6966389156859559,0.7163477991471909,0.7063559038640344,27.34111008644104,935.46,0.028096750549719,0.0612777395708408,0.1132487489260469,domain,Brain
582,10x Visium,DLPFC,151671,SEDR,0.5754091961104356,0.6840762495210837,0.6956684908889255,0.8585878328854142,0.7083552591764393,0.6623793852962883,0.6840762495210837,21.89576983451844,2127.329085159302,0.0120693867578792,0.0578667144689287,0.1117020025983982,domain,Brain
583,10x Visium,DLPFC,151671,STAGATE,0.5954493395349018,0.6868694573408802,0.7077598381613864,0.8853652577571463,0.7188578563319522,0.6576067596125631,0.6868694573408802,56.4331193447113,497.050256729126,0.0329342780356706,0.058820613748166,0.103927570965511,domain,Brain
584,10x Visium,DLPFC,151671,SpaGCN,0.5230958172603647,0.6345909020980189,0.6516513073035416,0.8646469582213536,0.6762301503533282,0.5977821341463074,0.6345909020980189,62.43220458030701,1156.4218320846558,0.0532616662594673,0.0585348278362971,0.0876277458019514,domain,Brain
585,10x Visium,DLPFC,151671,SpaceFlow,0.5003529569134415,0.6434628977609436,0.6351016045745934,0.8528707549474713,0.6825576589550961,0.6086135310601577,0.6434628977609435,38.60871343612671,516.0254528045655,0.0139262154898607,0.0578721248157952,0.157747733421781,domain,Brain
586,10x Visium,DLPFC,151671,SpatialMGCN,0.5847240979507718,0.6787685542324241,0.6987854840444409,0.8634253603713657,0.719559908377542,0.642353952399052,0.6787685542324242,64.25635867118835,569.2279489517211,0.0185682873198143,0.0577437971997411,0.0809773396748356,domain,Brain
587,10x Visium,DLPFC,151671,stLearn,0.3257860090418449,0.4826179800397211,0.5078970657295133,0.7393110188126069,0.5058564192454106,0.4614208574262868,0.4826179800397211,381.42634162902834,7047.510354614258,0.1996090886880039,0.0619920313702658,0.0693653472253156,domain,Brain
588,10x Visium,DLPFC,151672,BASS,0.4436477376138626,0.609836901119661,0.5895298521302337,0.7227366255144033,0.6123096207206538,0.6073840725982396,0.6098369011196612,1635.207405996323,2097.74,0.0252057613168724,0.059945615020059,0.0931852673215436,domain,Brain
589,10x Visium,DLPFC,151672,Banksy,0.6454648290861038,0.646653349462366,0.7418425227773382,0.8207304526748971,0.6392844909802026,0.6541940665678571,0.6466533494623661,13.28819980621338,656.609372138977,0.0290637860082304,0.0598635096231438,0.0746384512872932,domain,Brain
590,10x Visium,DLPFC,151672,BayesSpace,0.7355921524729898,0.7107330163023475,0.8090076230858865,0.8405349794238683,0.6983051590139128,0.7236112504625439,0.7107330163023475,1898.598287916184,8599.64,0.0239197530864197,0.0596858573852413,0.116108638632266,domain,Brain
591,10x Visium,DLPFC,151672,CCST,0.6315140619478298,0.6589524986978124,0.7622179013007561,0.711111111111111,0.577919295842549,0.7665904658180249,0.6589524986978124,297.9227615833282,1404.71094455719,0.0064300411522633,0.0595571366451537,0.0918563871846344,domain,Brain
592,10x Visium,DLPFC,151672,CellCharter,0.567679813042888,0.6795610636096976,0.6743284924607218,0.8640946502057613,0.7096244694887548,0.6519457657642024,0.6795610636096976,223.7724964618683,395.7340162277222,0.0383230452674896,0.0601254293866401,0.1277268554025105,domain,Brain
593,10x Visium,DLPFC,151672,DeepST,0.5333495632374158,0.6493086447864048,0.6478714394257563,0.8279835390946502,0.6791481805171429,0.6219926692293939,0.6493086447864047,274.73714847564696,5397.115537452698,0.0421810699588477,0.0597077508360383,0.1266820687747515,domain,Brain
594,10x Visium,DLPFC,151672,GraphST,0.6389313577263698,0.7240182719762357,0.7307280554167375,0.8829732510288066,0.7426347397923108,0.7063123390019661,0.7240182719762357,24.479991674423218,1004.237864112854,0.0059156378600823,0.0595201622032607,0.1230178444247432,domain,Brain
595,10x Visium,DLPFC,151672,PRECAST,0.7669386104986882,0.7281114062693482,0.8342447262877151,0.8641975308641975,0.7069426642030419,0.7505870386276433,0.7281114062693482,26.8641339302063,930.76,0.0262345679012345,0.0624547515265013,0.1198188494860295,domain,Brain
596,10x Visium,DLPFC,151672,SEDR,0.6464070031565947,0.7032861293414755,0.7388469804528736,0.8621399176954732,0.7092173128418059,0.6993630386595429,0.7032861293414755,18.82247333526612,2121.9756610870363,0.0104938271604937,0.0595257730960046,0.1207873958752628,domain,Brain
597,10x Visium,DLPFC,151672,STAGATE,0.628431772338428,0.6741455415283004,0.7272260298735689,0.8489711934156379,0.6713127323705167,0.6770024476639902,0.6741455415283004,55.68080563545227,452.5218620300293,0.0350308641975308,0.0622916937760715,0.0575175030031457,domain,Brain
598,10x Visium,DLPFC,151672,SpaGCN,0.5740542197102796,0.6732401467423792,0.6795672853725467,0.8667695473251029,0.6995087657045461,0.6488730484303669,0.6732401467423791,53.2775887966156,1073.8396493911744,0.055298353909465,0.0602408132162747,0.0881161865063174,domain,Brain
599,10x Visium,DLPFC,151672,SpaceFlow,0.6636287561535561,0.7019189246144917,0.7487465724880777,0.822119341563786,0.7238149425129423,0.6813491070236586,0.7019189246144917,28.791204023361207,476.6448781967163,0.0161522633744855,0.0595232991916417,0.1058907985757526,domain,Brain
600,10x Visium,DLPFC,151672,SpatialMGCN,0.6503836739125921,0.6945841139408678,0.7381388017892525,0.8472222222222221,0.7224449460764227,0.6687923741402683,0.6945841139408677,63.84274206161499,536.2240125656128,0.0138888888888888,0.05961950561247,0.1023328807271512,domain,Brain
601,10x Visium,DLPFC,151672,stLearn,0.280499557880308,0.4282223304398297,0.4756801903452296,0.6463477366255144,0.423416585629941,0.4331384172711171,0.4282223304398296,360.8219702720642,6585.796734237671,0.1972736625514403,0.0642924717708868,0.0361502295603068,domain,Brain
602,10x Visium,DLPFC,151673,BASS,0.5279693758691486,0.654974153977713,0.609471052600704,0.7560232622542232,0.6651388033359652,0.6451155006754975,0.654974153977713,1657.235618019104,2132.7,0.0288008861811132,0.0607740815704726,0.0620372276129172,domain,Brain
603,10x Visium,DLPFC,151673,Banksy,0.6093393322845302,0.7113924430944808,0.6800932622828441,0.7981168651343118,0.7034635597596236,0.7195021001364403,0.7113924430944807,14.172277545928956,635.4553138732911,0.0360011077263915,0.0608309687682271,0.0054502349413973,domain,Brain
604,10x Visium,DLPFC,151673,BayesSpace,0.5513116271950651,0.6924467815062224,0.6284198385442062,0.780947106064802,0.7069779733962971,0.6785009059167725,0.6924467815062224,1780.2679140090945,7141.6,0.0429243976737745,0.0616050584122951,0.0099974834465867,domain,Brain
605,10x Visium,DLPFC,151673,CCST,0.4603419413728563,0.6296606663711418,0.5865437253542656,0.68047632234838,0.5714272878211589,0.702174379929578,0.6296606663711417,265.3677292346955,1258.144319725037,0.0188313486568817,0.0606463450985761,-0.054220374376758,domain,Brain
606,10x Visium,DLPFC,151673,CellCharter,0.4527985760410402,0.6082232678408979,0.5449063802434426,0.7076710052617003,0.6260681351677928,0.5913721371899698,0.6082232678408979,220.89628200531007,427.503437423706,0.0722791470506784,0.0614345144666827,0.0682386428369558,domain,Brain
607,10x Visium,DLPFC,151673,DeepST,0.5422047398822141,0.6845805100699165,0.6204350747211063,0.7806147881473275,0.7012446324711019,0.6687231269306877,0.6845805100699165,256.0650475502014,5032.648076820374,0.0400443090556632,0.0605739974689214,0.0309017107283423,domain,Brain
608,10x Visium,DLPFC,151673,GraphST,0.6096731633967741,0.7222464015519984,0.6767741933274669,0.8183328717806703,0.7395979029425586,0.7056903948108378,0.7222464015519985,23.21617975234985,918.2291860580444,0.0207698698421489,0.0605292555851516,0.0586669824468657,domain,Brain
609,10x Visium,DLPFC,151673,PRECAST,0.5849556871249268,0.6728441488857667,0.6573716596653827,0.7845472168374411,0.679760189906291,0.6660674213327643,0.6728441488857668,34.75146398544312,957.54,0.053724729991692,0.0629124106448194,0.0214597275914136,domain,Brain
610,10x Visium,DLPFC,151673,SEDR,0.5441108687185189,0.6826752754229725,0.6232862766838864,0.7621711437274993,0.6893549337107128,0.6761694429471958,0.6826752754229723,23.27886028289795,2115.556239128113,0.025200775408474,0.0605429219918263,-0.0068298406082029,domain,Brain
611,10x Visium,DLPFC,151673,STAGATE,0.5791435921565624,0.7062670677639624,0.651416400014698,0.8010523400720022,0.7233391078179294,0.6900142912162207,0.7062670677639624,52.10437521934509,523.8520629882812,0.0455275546939905,0.061226404828359,0.0384648896496451,domain,Brain
612,10x Visium,DLPFC,151673,SpaGCN,0.4632466862874647,0.625857396457727,0.5540359802141885,0.7352533924120742,0.6426960086968464,0.6098785991642945,0.6258573964577269,48.6491602897644,1081.9916681289674,0.0811409581833287,0.0611756649383558,0.0125337319971836,domain,Brain
613,10x Visium,DLPFC,151673,SpaceFlow,0.4397570220380603,0.5890988634311782,0.5360993326918629,0.7262808086402659,0.6009528195944409,0.577811057700611,0.5890988634311782,31.61262364387512,536.9768831253052,0.0470229853226252,0.0612203171081923,0.0694919749716322,domain,Brain
614,10x Visium,DLPFC,151673,SpatialMGCN,0.439320174011506,0.6033014950080839,0.5327329653284304,0.7150373857657158,0.6241197074948113,0.583827281556659,0.6033014950080839,61.42682175636291,437.1358913421631,0.047632234837995,0.0625221658914239,0.0579876851891802,domain,Brain
615,10x Visium,DLPFC,151673,stLearn,0.2514489769457982,0.4419745367201903,0.3930641259997833,0.5358626419274439,0.4310340313274554,0.4534848897818802,0.4419745367201903,335.4258780002594,6209.655228614807,0.2184990307394073,0.0637128006756118,-0.0361252990864233,domain,Brain
616,10x Visium,DLPFC,151674,BASS,0.5408933104778252,0.6592050020396711,0.6168139881067444,0.7678129298486933,0.6673361857717922,0.6512695824609956,0.6592050020396711,1730.2690799236298,2266.36,0.0332874828060522,0.0600937072812916,0.0752866891696393,domain,Brain
617,10x Visium,DLPFC,151674,Banksy,0.555350755493377,0.6987240024966068,0.6292469982034578,0.7713892709766162,0.705914396092519,0.6916786135642777,0.6987240024966068,13.509682416915894,666.4817443847656,0.0415405777166437,0.0605974417647896,0.0202030532602407,domain,Brain
618,10x Visium,DLPFC,151674,BayesSpace,0.3263080340973131,0.462657123290806,0.437451827075381,0.5587345254470426,0.4665048347451437,0.4588723641200499,0.462657123290806,1795.2079179763791,7489.58,0.0390646492434663,0.060684852390608,0.1445814939951543,domain,Brain
619,10x Visium,DLPFC,151674,CCST,0.4618792473002067,0.6144150403114574,0.5767366434866641,0.6799449793672627,0.5728617747757923,0.6627024531939619,0.6144150403114574,270.8098047733307,1315.188753318787,0.0187070151306739,0.0600552375825134,-0.0198840522804904,domain,Brain
620,10x Visium,DLPFC,151674,CellCharter,0.4054657845515015,0.5552442125926422,0.501772288009579,0.6539202200825309,0.5664320518423563,0.5445204587039963,0.5552442125926422,256.995287322998,496.3188781738281,0.0445116918844566,0.0602795077716768,0.1509665508251752,domain,Brain
621,10x Visium,DLPFC,151674,DeepST,0.4757362709301574,0.6332266709487098,0.5629683851438813,0.7146079779917469,0.6402214796274918,0.626410522641411,0.6332266709487098,262.1954828739166,5078.859645843506,0.0385694635488307,0.0598498775464286,0.0172329163446831,domain,Brain
622,10x Visium,DLPFC,151674,GraphST,0.5993883010382194,0.7162383846797566,0.665406402151436,0.807977991746905,0.7270805436828588,0.7057148292686585,0.7162383846797566,24.15470595359802,954.9180679321288,0.0145804676753782,0.0598221192518571,0.0630513767427064,domain,Brain
623,10x Visium,DLPFC,151674,PRECAST,0.537290450028752,0.6325352695365544,0.6128658364479118,0.7680880330123796,0.6440056063830153,0.6214663772548568,0.6325352695365544,37.33912000656128,910.28,0.0613480055020631,0.0635155538089236,0.0715315507537751,domain,Brain
624,10x Visium,DLPFC,151674,SEDR,0.592478519389353,0.7112083565800054,0.6615687234153984,0.7840990371389271,0.7058492621654816,0.7168107719119968,0.7112083565800054,23.63529767990112,2303.727519607544,0.0216231086657496,0.0598588298275603,0.0061552521620073,domain,Brain
625,10x Visium,DLPFC,151674,STAGATE,0.6512300228374366,0.7414181369387903,0.7086227604923637,0.8223383768913342,0.7560781447636828,0.7273292428329698,0.7414181369387903,53.94017333984375,580.3669595718384,0.0436313617606602,0.06028347325523,0.0422932780787008,domain,Brain
626,10x Visium,DLPFC,151674,SpaGCN,0.3544353906640105,0.5183671604136241,0.45866140318285,0.6019257221458046,0.5289888149441794,0.5081636576845944,0.5183671604136241,45.8842257976532,1168.513003540039,0.0817056396148555,0.0613424946220371,0.1042069684099298,domain,Brain
627,10x Visium,DLPFC,151674,SpaceFlow,0.4308505152982465,0.5700242472316066,0.5233268367123088,0.6877028885832187,0.5806052938301347,0.5598389265245455,0.5700242472316066,27.7305281162262,644.3906072616577,0.0241540577716643,0.0601965561834995,0.1155378841540003,domain,Brain
628,10x Visium,DLPFC,151674,SpatialMGCN,0.5179041844884276,0.6877501904131996,0.5997514985898535,0.7576341127922971,0.6892516860426533,0.6862552224094887,0.6877501904131996,64.40290675163268,607.8773565292358,0.0550206327372764,0.0603829501455457,0.0190261734643822,domain,Brain
629,10x Visium,DLPFC,151674,stLearn,0.2985236870963152,0.4503264162899785,0.4181045791303684,0.6211829436038514,0.4512432839188686,0.4494132670172771,0.4503264162899784,340.9611201763153,6412.569172668457,0.2154057771664374,0.0646856418473807,-0.025666758762047,domain,Brain
630,10x Visium,DLPFC,151675,BASS,0.4729700502569088,0.6645579816471079,0.567225589096819,0.7249018508132361,0.6523465925752758,0.6772352661180604,0.6645579816471079,1656.502014017105,2065.92,0.0375771172181716,0.0612672662332258,0.0311417682551756,domain,Brain
631,10x Visium,DLPFC,151675,Banksy,0.5074338398788248,0.6751450657561107,0.5971279503618495,0.67807066741447,0.6551966305441033,0.6963463658178942,0.6751450657561107,12.7739408493042,616.356240272522,0.0347728547392035,0.0615647183758023,0.0067447425281007,domain,Brain
632,10x Visium,DLPFC,151675,BayesSpace,0.3696245424165285,0.6080057881076205,0.4925473928912033,0.5939427930454291,0.5777231258376121,0.6416387311668245,0.6080057881076206,1762.0222840309143,8229.4,0.061132922041503,0.0611411338526742,-0.0581222957157934,domain,Brain
633,10x Visium,DLPFC,151675,CCST,0.4432964695796877,0.6104339347459383,0.5826518302959288,0.6535614133482894,0.5469103310097677,0.6949309261821432,0.6104339347459382,262.2719839572907,1215.7193485260009,0.0199663488502523,0.0609756599914893,-0.0052049916437912,domain,Brain
634,10x Visium,DLPFC,151675,CellCharter,0.4358333908537256,0.6005105739131686,0.5248210697138647,0.6609646662927651,0.609938065460544,0.5913870651835575,0.6005105739131686,226.08898305892944,391.38036308288576,0.0575995513180032,0.0616072037523514,0.0992332671266047,domain,Brain
635,10x Visium,DLPFC,151675,DeepST,0.5943445873683484,0.7067221412232213,0.6597262871441181,0.7686483454851374,0.712474301824954,0.7011533710040219,0.7067221412232212,256.0742829322815,4960.563739013672,0.0457655636567582,0.0604114383187255,0.0480653429658552,domain,Brain
636,10x Visium,DLPFC,151675,GraphST,0.591583923261273,0.7039781954044053,0.6592321336178291,0.7879977565900168,0.7031964031892408,0.7047617278996213,0.7039781954044052,25.08258452415466,878.9442567825317,0.0145821648906337,0.0603313073534666,0.0521670341803367,domain,Brain
637,10x Visium,DLPFC,151675,PRECAST,0.4600142061814291,0.5438387315216022,0.5497005001819819,0.6646102075154234,0.5422981321169434,0.5453881091545134,0.5438387315216023,34.234567975997926,1139.1,0.0880538418395961,0.0652388893648586,0.0784567204237779,domain,Brain
638,10x Visium,DLPFC,151675,SEDR,0.5581185472475497,0.6847981047855485,0.6307861889372514,0.7326977005047672,0.6832952545272318,0.6863526956062521,0.6847981047855485,24.12265377044677,2002.82859249115,0.0221536735838474,0.0606957731225214,0.034922594432855,domain,Brain
639,10x Visium,DLPFC,151675,STAGATE,0.6399409635998278,0.7278037364462014,0.6984275773035409,0.8029725182277062,0.7320419093970857,0.7237700583900155,0.7278037364462014,52.4167320728302,396.614825630188,0.0461020751542344,0.0618212216272324,0.0497126879161978,domain,Brain
640,10x Visium,DLPFC,151675,SpaGCN,0.3352061193110291,0.5094365599874274,0.4398988665791541,0.5849691531127313,0.5172179080554838,0.5018858765424158,0.5094365599874274,45.59693832397461,1029.9930252075196,0.0989904655075715,0.0622723778093639,0.078136741971278,domain,Brain
641,10x Visium,DLPFC,151675,SpaceFlow,0.4431400215209868,0.6016070344675306,0.5338772660175231,0.6772293886707795,0.6039281582632875,0.5993098088597936,0.6016070344675306,29.882653760910035,452.1759746551514,0.0310151430173864,0.0605785077159796,0.1271390953672948,domain,Brain
642,10x Visium,DLPFC,151675,SpatialMGCN,0.4232563980802817,0.6058525668105309,0.514021814330748,0.6500280426247896,0.6156948764485399,0.5963199783566979,0.6058525668105309,59.831047248840335,425.2140312194824,0.058328659562535,0.0615550848355404,0.0999279751102434,domain,Brain
643,10x Visium,DLPFC,151675,stLearn,0.3809190238576134,0.5285226844790468,0.4837878281857443,0.6303982052720135,0.5270065333913552,0.5300475844009631,0.5285226844790468,334.0972071170807,5993.324579429626,0.1839596186203028,0.065676559030522,0.043451895084933,domain,Brain
644,10x Visium,DLPFC,151676,BASS,0.561870029453163,0.6717352103048708,0.6338647264532216,0.7487612940833577,0.6789246836224395,0.6646964073271026,0.6717352103048708,1617.2378360748291,2093.34,0.0390556689011949,0.0626704305463669,0.0663257294779253,domain,Brain
645,10x Visium,DLPFC,151676,Banksy,0.5232554221672138,0.6828860850909069,0.6065713982351885,0.7129116875546488,0.674292339435253,0.6917017103331611,0.682886085090907,13.346975755691528,598.5301750183105,0.0381812882541533,0.0626921908766993,-0.0289203816397903,domain,Brain
646,10x Visium,DLPFC,151676,BayesSpace,0.3254880966037377,0.4997259940915438,0.4375583174743588,0.6047799475371611,0.503315301863578,0.4961875169098714,0.499725994091544,1692.5168319702148,7931.479999999999,0.0422617312736811,0.0630019405228302,0.1239184946287599,domain,Brain
647,10x Visium,DLPFC,151676,CCST,0.446864584542234,0.6108308709563365,0.5579851779019126,0.6599825123870591,0.5853495910499904,0.6394195922771961,0.6108308709563366,248.56510939598084,1134.445668411255,0.0207519673564558,0.0624437208461186,-0.0495653534779678,domain,Brain
648,10x Visium,DLPFC,151676,CellCharter,0.4248396359491918,0.5928395049353163,0.5175495195803756,0.6616729816380064,0.6038254108291572,0.5822815780589805,0.5928395049353163,209.3169039726257,397.4658639907837,0.0552025648498979,0.0631270673187515,0.1172336801531404,domain,Brain
649,10x Visium,DLPFC,151676,DeepST,0.5518126792160027,0.6859341469468219,0.6260004297119773,0.742698921597202,0.6903232471075199,0.6816802048065609,0.6859341469468219,253.2853920936585,4780.932581520081,0.0450597493442144,0.0625086453000394,0.0052690704183001,domain,Brain
650,10x Visium,DLPFC,151676,GraphST,0.5798657657359689,0.6651949282749554,0.6488876997547753,0.7545904983969688,0.6715030665422844,0.6590042050285567,0.6651949282749554,22.709986686706543,835.5823932647705,0.0163217720781113,0.0623552354901762,0.1096955081470897,domain,Brain
651,10x Visium,DLPFC,151676,PRECAST,0.369855712452683,0.5043303969649598,0.4754461557444989,0.5785485281259108,0.5056178212143821,0.5030495122462005,0.5043303969649597,33.36105804443359,1132.58,0.068784610900612,0.0685509733893391,0.1036156283788813,domain,Brain
652,10x Visium,DLPFC,151676,SEDR,0.5256014367425038,0.6704558304207174,0.6071968219776706,0.7338968230836491,0.6638226652383905,0.6773261934091972,0.6704558304207174,21.105027389526366,1956.0757177352905,0.0225007286505391,0.062387897055366,-0.0521957813344642,domain,Brain
653,10x Visium,DLPFC,151676,STAGATE,0.4739922152412311,0.6139806569945745,0.5610604231502554,0.6761877003788983,0.617580877362648,0.6104222972725017,0.6139806569945745,49.29168548583984,405.8947357177734,0.0520547945205479,0.0632926720944281,0.0763610796202619,domain,Brain
654,10x Visium,DLPFC,151676,SpaGCN,0.3113383911365154,0.4880213565416203,0.4227370024539277,0.5587292334596328,0.4956060684488211,0.4806652968949976,0.4880213565416203,43.07679009437561,1011.5484909057616,0.0918099679393762,0.0640486900708322,0.1027025403955253,domain,Brain
655,10x Visium,DLPFC,151676,SpaceFlow,0.4084709156927765,0.5687880316519426,0.5043842624273436,0.6825998251238705,0.5776653749916275,0.5602001794741241,0.5687880316519426,31.851233673095702,462.2869472503662,0.0341591372777615,0.0628983296444171,0.1130464732807706,domain,Brain
656,10x Visium,DLPFC,151676,SpatialMGCN,0.3833655922731997,0.5358186688258244,0.4838509003785263,0.6613232293791897,0.5423643262928757,0.5294291230453652,0.5358186688258244,58.67850561141968,459.1312759399414,0.068784610900612,0.0633582290578048,0.0720737085318058,domain,Brain
657,10x Visium,DLPFC,151676,stLearn,0.2983903393048402,0.4863458087046207,0.4262518015515452,0.6251821626348003,0.4769113551663836,0.4961610678538094,0.4863458087046207,319.5095446586609,5747.151180839539,0.1897406004080443,0.0661320357223901,0.0108626658579364,domain,Brain
658,10x Visium,Mouse Brain,S1_Sagittal_Anterior_Level1,BASS,0.3176183411161347,0.5490510334953167,0.4908564114335195,0.8559227627181581,0.7030196101305317,0.4504071928533507,0.5490510334953167,4726.031156110764,1809.24,0.0311919792053471,0.0636171813884034,0.1053481095092181,domain,Brain
659,10x Visium,Mouse Brain,S1_Sagittal_Anterior_Level1,Banksy,0.216192755693359,0.4363606504990688,0.400905043763456,0.7901968065354623,0.5527689049977669,0.3604723816801881,0.4363606504990688,14.088629627227784,848.9665470123291,0.0741923505384329,0.0645976154186994,0.0080161296537009,domain,Brain
660,10x Visium,Mouse Brain,S1_Sagittal_Anterior_Level1,BayesSpace,0.2769424966875476,0.4985423012479024,0.4541286556940763,0.8095061269959153,0.6310634058775324,0.4120196235915829,0.4985423012479025,1410.4828179836272,5413.3,0.0445599702933531,0.0638736026754856,0.0221173982441202,domain,Brain
661,10x Visium,Mouse Brain,S1_Sagittal_Anterior_Level1,CCST,0.471043236596908,0.594682050363456,0.6187966170260747,0.8864463423691051,0.714233459481581,0.5096174756266123,0.594682050363456,232.9229336261749,901.6379787445068,0.0300779799480133,0.0637691331993692,0.004062053498089,domain,Brain
662,10x Visium,Mouse Brain,S1_Sagittal_Anterior_Level1,CellCharter,0.3320609195052319,0.542165118988396,0.5038003211982284,0.8451541032305979,0.6935401259801758,0.4450399780172462,0.542165118988396,245.9832847595215,588.1153394699097,0.040772372818418,0.0642278163867676,0.0859589143859261,domain,Brain
663,10x Visium,Mouse Brain,S1_Sagittal_Anterior_Level1,DeepST,0.3671151692622548,0.5708221028671392,0.5338418621979997,0.8759747493501671,0.7122522692509653,0.476285566828189,0.5708221028671392,221.88325691223145,3724.215760231018,0.0431489045673969,0.0640041407888063,0.0546586464982397,domain,Brain
664,10x Visium,Mouse Brain,S1_Sagittal_Anterior_Level1,GraphST,0.2827455532015164,0.4642672861579963,0.4603105636532641,0.7950241366505756,0.5816205476476974,0.3863197586235228,0.4642672861579964,18.02900214195252,848.8941738128663,0.0352766431489045,0.0637468076003377,0.0051148220214809,domain,Brain
665,10x Visium,Mouse Brain,S1_Sagittal_Anterior_Level1,PRECAST,0.3082566870365015,0.4822928398871724,0.4820862107545661,0.8295581136279242,0.6068102422873507,0.400176633758229,0.4822928398871723,122.76958394050598,1659.2,0.0850352766431489,0.0662776043821959,-0.0290470450770069,domain,Brain
666,10x Visium,Mouse Brain,S1_Sagittal_Anterior_Level1,SEDR,0.214955434967391,0.4474263038907285,0.401389426693265,0.7912365391756405,0.561318081272723,0.3719710897717272,0.4474263038907285,19.85930542945862,1610.7815994262696,0.0559970293353137,0.0640124878772188,-0.0060255409837175,domain,Brain
667,10x Visium,Mouse Brain,S1_Sagittal_Anterior_Level1,STAGATE,0.2129376701897111,0.44399455875292,0.3979479518162235,0.7761604158930561,0.5623136815042797,0.3668265188050882,0.44399455875292,43.18572063446045,676.716944694519,0.0695878202747864,0.0643870196930906,0.033003340092464,domain,Brain
668,10x Visium,Mouse Brain,S1_Sagittal_Anterior_Level1,SpaGCN,0.3772262520504245,0.546183588264364,0.5425791787156131,0.8592647604901597,0.68343929681819,0.4548380641451882,0.546183588264364,20.34314694404602,744.2032360076904,0.0683252877831414,0.0665395904504433,0.0009229970522177,domain,Brain
669,10x Visium,Mouse Brain,S1_Sagittal_Anterior_Level1,SpaceFlow,0.3609816940199725,0.5773408249168483,0.5298202860098329,0.8751578165614557,0.7343843068653055,0.4757212529261039,0.5773408249168483,72.06693649291992,676.7142797470093,0.0227998514667656,0.0635621865283243,0.1630052041373486,domain,Brain
670,10x Visium,Mouse Brain,S1_Sagittal_Anterior_Level1,SpatialMGCN,0.2238111689986342,0.4647790808895989,0.4094937489717568,0.7968808020794653,0.5813792642823716,0.3871359264251505,0.4647790808895989,59.03598146438598,892.2642736434937,0.0679539546973635,0.0652196659271023,0.021293072397657,domain,Brain
671,10x Visium,Mouse Brain,S1_Sagittal_Anterior_Level1,stLearn,0.5705932610388296,0.5843289934240543,0.6954618091754557,0.8830300779799479,0.6862320329800096,0.5087773492890122,0.5843289934240544,280.7964527130127,4508.961820602417,0.1188265874489417,0.069421007695777,-0.0583307770794212,domain,Brain
672,10x Visium,Mouse Brain,S1_Sagittal_Anterior_Level2,BASS,0.3845676837756289,0.6314387272915396,0.4494501665804408,0.6476049015967322,0.6649217931558715,0.6011661651492121,0.6314387272915396,5903.315711975098,1824.8,0.0493873004084663,0.0637584275315856,0.0352472782034408,domain,Brain
673,10x Visium,Mouse Brain,S1_Sagittal_Anterior_Level2,Banksy,0.2887639688448153,0.5508501808977065,0.363184278825447,0.6005198663200891,0.6057063903701202,0.5051079188450178,0.5508501808977064,17.476850986480713,848.9499881744384,0.1659116227255848,0.066111648706308,-0.0791633976763181,domain,Brain
674,10x Visium,Mouse Brain,S1_Sagittal_Anterior_Level2,BayesSpace,0.297827290594665,0.5680130564756241,0.3704648521436529,0.623096917935388,0.6183537661228432,0.5252518532834783,0.568013056475624,1724.7599560260774,5688.1,0.1132565911622725,0.0665099937500544,-0.0511758670221173,domain,Brain
675,10x Visium,Mouse Brain,S1_Sagittal_Anterior_Level2,CCST,0.312127242571878,0.5896997671485875,0.3822502337677175,0.6232454511696992,0.6280576641345825,0.5557736170099646,0.5896997671485875,232.6458443164825,891.5443370819091,0.0591162272558484,0.0642559722884363,-0.0325846212699146,domain,Brain
676,10x Visium,Mouse Brain,S1_Sagittal_Anterior_Level2,CellCharter,0.3127604815001366,0.603641811215843,0.3873345312461027,0.6595618269587821,0.6646501490024208,0.552946947135705,0.6036418112158431,245.3769992828369,579.3979154586792,0.0844411437059041,0.0645445850442684,0.014697434863229,domain,Brain
677,10x Visium,Mouse Brain,S1_Sagittal_Anterior_Level2,DeepST,0.369946681933042,0.6289660048034202,0.4415047563650002,0.6878574080950612,0.687673186951002,0.579512762717512,0.6289660048034202,239.55908360481263,3726.0211168289184,0.0948384701076865,0.0644229490387494,-0.0191769217478989,domain,Brain
678,10x Visium,Mouse Brain,S1_Sagittal_Anterior_Level2,GraphST,0.3434244556677791,0.5926154889554692,0.411987478236904,0.6204975863349425,0.6389554115674225,0.5525426115737399,0.5926154889554691,22.36448993682861,848.8887786865234,0.0608986260675826,0.064031780536193,-0.0353266403087956,domain,Brain
679,10x Visium,Mouse Brain,S1_Sagittal_Anterior_Level2,PRECAST,0.2634074359489134,0.5281449588915419,0.3393462207541786,0.5922762718158188,0.583518823364614,0.4823697795343061,0.5281449588915418,241.1698519229889,1669.16,0.2283698477534347,0.069738853929776,-0.0691709833499664,domain,Brain
680,10x Visium,Mouse Brain,S1_Sagittal_Anterior_Level2,SEDR,0.3053155374557714,0.5647341529772222,0.3788583537551112,0.623988117341255,0.6200421881842464,0.5184974227715184,0.5647341529772222,22.657929039001463,1711.4015899658202,0.1197920534719643,0.0642406093851186,-0.0869276388413612,domain,Brain
681,10x Visium,Mouse Brain,S1_Sagittal_Anterior_Level2,STAGATE,0.2610660543806619,0.5535943745825989,0.336386040582147,0.623988117341255,0.6091609738906648,0.5073255223335241,0.5535943745825989,48.2682852268219,676.7186594009399,0.1318232454511697,0.0648129121345715,-0.0710619531667612,domain,Brain
682,10x Visium,Mouse Brain,S1_Sagittal_Anterior_Level2,SpaGCN,0.2624126556732243,0.5501144300838804,0.3396953222798465,0.6115855922762718,0.610356238509822,0.5006960217528559,0.5501144300838804,64.49785947799683,744.3473508834838,0.2079465280356479,0.0676863170533521,-0.0541247851484582,domain,Brain
683,10x Visium,Mouse Brain,S1_Sagittal_Anterior_Level2,SpaceFlow,0.3097818348699337,0.6216733532216997,0.3880604368165508,0.6665428889714073,0.6918298130440739,0.5644358332637831,0.6216733532216998,44.40390315055847,676.711217880249,0.0774600816932788,0.064477725445648,0.0496285331119663,domain,Brain
684,10x Visium,Mouse Brain,S1_Sagittal_Anterior_Level2,SpatialMGCN,0.3571580673816559,0.5617713088102403,0.4291853613832808,0.6331229112513925,0.6172106648154615,0.5154705006356539,0.5617713088102404,66.77399554252625,752.2378667831421,0.2005198663200891,0.0660798223659889,-0.061163685973791,domain,Brain
685,10x Visium,Mouse Brain,S1_Sagittal_Anterior_Level2,stLearn,0.2765898832546344,0.5067812747256465,0.349204697057958,0.5692536204975863,0.5446731892247093,0.4738185850470429,0.5067812747256465,280.5274131298065,4506.751564979553,0.3122911251392499,0.0740582364951611,-0.1245085357276905,domain,Brain
686,10x Visium,Mouse Brain,S1_Sagittal_Anterior_Level3,BASS,0.4089636122638141,0.6924331223450183,0.4465536573860189,0.5707389528406981,0.6840174457547896,0.7010584597612063,0.6924331223450182,7391.543401956558,1740.7,0.0742666171555885,0.0646077915909453,-0.0256612405531404,domain,Brain
687,10x Visium,Mouse Brain,S1_Sagittal_Anterior_Level3,Banksy,0.333727849935182,0.654790284666919,0.3840094462967321,0.5915336056442629,0.6906061606354966,0.6225234479309567,0.654790284666919,22.10443449020386,848.9505588531495,0.316969922020052,0.0676745907101888,-0.1145155099615344,domain,Brain
688,10x Visium,Mouse Brain,S1_Sagittal_Anterior_Level3,BayesSpace,0.3261107504516348,0.6709478559258811,0.3783781017088307,0.6078722614184924,0.7094145431759499,0.6364381767348373,0.6709478559258811,1553.0820058822633,6014.3,0.2242851838098774,0.068011537485571,-0.0486463160393023,domain,Brain
689,10x Visium,Mouse Brain,S1_Sagittal_Anterior_Level3,CCST,0.3365266122442475,0.6669522593546491,0.3787559862700488,0.5835128109914594,0.6788318817397306,0.6555567945487647,0.6669522593546491,235.6664187908173,901.6357484817504,0.0981062012625324,0.0648085451166491,-0.0733479824616661,domain,Brain
690,10x Visium,Mouse Brain,S1_Sagittal_Anterior_Level3,CellCharter,0.3017387414462465,0.6729610955210097,0.3566010480666162,0.6063869290753806,0.7153719026321956,0.6353049469140467,0.6729610955210098,246.0721384525299,588.1173551559448,0.169476420349053,0.0649316786541222,-0.0157904998887166,domain,Brain
691,10x Visium,Mouse Brain,S1_Sagittal_Anterior_Level3,DeepST,0.2888492578660787,0.675755396244571,0.346766772224489,0.6320831786112142,0.7220345441683435,0.6350545785666822,0.675755396244571,304.3300126075745,3724.022515106202,0.1974006683995543,0.0662703384993142,-0.0449387923354072,domain,Brain
692,10x Visium,Mouse Brain,S1_Sagittal_Anterior_Level3,GraphST,0.3369201813048471,0.6606629940315373,0.3802344044479902,0.5889342740438173,0.6780378025901396,0.6441564008823432,0.6606629940315372,24.98928132057189,848.8903606414794,0.1143705904196063,0.0643644852721248,-0.0227005682189062,domain,Brain
693,10x Visium,Mouse Brain,S1_Sagittal_Anterior_Level3,PRECAST,0.2836402822012702,0.6417907252174566,0.3398620223452032,0.5852209431860379,0.6847221353004561,0.6039252039311465,0.6417907252174567,432.1980999469757,1688.98,0.3839584106943928,0.0732669460590932,-0.1110122025855173,domain,Brain
694,10x Visium,Mouse Brain,S1_Sagittal_Anterior_Level3,SEDR,0.3663944196283434,0.67895570230421,0.4190579033381548,0.6236167842554772,0.7195366660535656,0.6427089017372911,0.67895570230421,31.24827914237976,1711.402188491821,0.2106943928704047,0.0651837478781513,-0.0612932084227418,domain,Brain
695,10x Visium,Mouse Brain,S1_Sagittal_Anterior_Level3,STAGATE,0.3034344255969785,0.674984479771435,0.3595473127744578,0.6352766431489046,0.7189444938031653,0.6360911267088821,0.674984479771435,51.6612961769104,676.7172775268555,0.1861864092090605,0.0651068363401439,-0.0779817741340937,domain,Brain
696,10x Visium,Mouse Brain,S1_Sagittal_Anterior_Level3,SpaGCN,0.2372804458661692,0.6134584049435652,0.2912766486665598,0.5677682881544746,0.6512856082556832,0.5797840697435954,0.6134584049435652,36.83441996574402,778.2517141342163,0.3713330857779428,0.076461030461861,-0.1311321412584775,domain,Brain
697,10x Visium,Mouse Brain,S1_Sagittal_Anterior_Level3,SpaceFlow,0.2618529039556395,0.6626386620339417,0.3217874507816963,0.6253249164500557,0.7117838911961687,0.6198427658592497,0.6626386620339417,75.54691133499145,676.7123668670654,0.2278499814333456,0.065150359858603,-0.0557520907982567,domain,Brain
698,10x Visium,Mouse Brain,S1_Sagittal_Anterior_Level3,SpatialMGCN,0.2890638716901537,0.6442288321486723,0.3452222277739375,0.5982176011882658,0.6864330289607569,0.6069137465857801,0.6442288321486724,78.96381130218506,787.2409887313843,0.3468251021165986,0.0687911489253001,-0.093442944409056,domain,Brain
699,10x Visium,Mouse Brain,S1_Sagittal_Anterior_Level3,stLearn,0.2960526500680424,0.5949326530406802,0.3412538285326314,0.5469736353509098,0.6137026264539697,0.5772767576191,0.5949326530406802,279.7348798751831,4509.341649055481,0.4764203490531006,0.0808425134087864,-0.1708617211642067,domain,Brain
700,10x Visium,Mouse Brain,S1_Sagittal_Anterior_Level4,BASS,0.4735980757725012,0.7324980593790581,0.4971262961869007,0.5629409580393613,0.6998982766247173,0.7682830608785102,0.732498059379058,6666.975065994263,1800.62,0.077979948013368,0.0647328241937244,0.0038252263407388,domain,Brain
701,10x Visium,Mouse Brain,S1_Sagittal_Anterior_Level4,Banksy,0.3544005493767738,0.6918034418811903,0.3819695727792994,0.5654660230226514,0.7106760690803527,0.6739308006268682,0.6918034418811903,27.86537528038025,848.9510488510132,0.390419606386929,0.0684557722776444,-0.117404268697764,domain,Brain
702,10x Visium,Mouse Brain,S1_Sagittal_Anterior_Level4,BayesSpace,0.3444204563580554,0.7016255948972849,0.3756826552640255,0.5952469365020423,0.7262363173411734,0.6786282174547524,0.7016255948972848,1847.448932027817,6186.0,0.285555142963238,0.0696543932520641,-0.05934406845384,domain,Brain
703,10x Visium,Mouse Brain,S1_Sagittal_Anterior_Level4,CCST,0.4117574577208137,0.7110666485725188,0.4345080083387977,0.5857408095061271,0.7092980430722451,0.7128685883615369,0.7110666485725188,236.2882583141327,901.6385065078736,0.1210545859636093,0.064931067283369,-0.0632252592983542,domain,Brain
704,10x Visium,Mouse Brain,S1_Sagittal_Anterior_Level4,CellCharter,0.3922186881805124,0.7120888299173747,0.422204192582676,0.6085406609728927,0.7360523314490012,0.6896433707853371,0.7120888299173747,247.61183676719665,588.0480873107911,0.2363906424062384,0.0654579159449677,-0.0424766674059643,domain,Brain
705,10x Visium,Mouse Brain,S1_Sagittal_Anterior_Level4,DeepST,0.3517064458703567,0.715224802875752,0.386747551064215,0.6261418492387671,0.7459215577230338,0.6869958227449271,0.715224802875752,349.21617679595954,3724.0269159317018,0.2547344968436688,0.0666568409213,-0.0492771854723264,domain,Brain
706,10x Visium,Mouse Brain,S1_Sagittal_Anterior_Level4,GraphST,0.4543551016811396,0.7119877738620052,0.47540486639035,0.5677682881544746,0.706866366825675,0.7171839340110322,0.7119877738620052,27.0016459941864,848.8917072296142,0.1158559227627181,0.0648220847320049,-0.0490699862574555,domain,Brain
707,10x Visium,Mouse Brain,S1_Sagittal_Anterior_Level4,PRECAST,0.3060178348650063,0.6676920767013782,0.3373632239638811,0.5414036390642406,0.6916059748075013,0.6453766653578975,0.6676920767013781,525.9755839824677,1700.0400000000002,0.4660230226513182,0.0725860111598221,-0.1346198857218093,domain,Brain
708,10x Visium,Mouse Brain,S1_Sagittal_Anterior_Level4,SEDR,0.4163791840167957,0.7156816347084868,0.4443395671038351,0.6052729298180468,0.7383484788717556,0.6943668429653502,0.7156816347084869,30.0042995929718,1711.4039930343629,0.2843668770887485,0.0648340451553525,-0.088089308426738,domain,Brain
709,10x Visium,Mouse Brain,S1_Sagittal_Anterior_Level4,STAGATE,0.3808689903525543,0.7199218464876875,0.4108214714106998,0.6253249164500557,0.7445904376731778,0.6968363281433458,0.7199218464876875,57.092117595672605,676.7184396743775,0.2438915707389528,0.0655778125807484,-0.0929111161571266,domain,Brain
710,10x Visium,Mouse Brain,S1_Sagittal_Anterior_Level4,SpaGCN,0.2986635671731092,0.6578220326504127,0.3305442864958274,0.5763089491273673,0.6816252742667347,0.6356251743846014,0.6578220326504127,40.56982102394104,778.4188259124755,0.4188637207575195,0.0764793886957716,-0.1494818866529639,domain,Brain
711,10x Visium,Mouse Brain,S1_Sagittal_Anterior_Level4,SpaceFlow,0.3122511994039308,0.6959351321185923,0.3479035936107088,0.5929446713702191,0.7268062220987617,0.6675799419418513,0.6959351321185923,100.15222873687745,676.7132915496826,0.263349424433717,0.0658955996981067,-0.0746870730664156,domain,Brain
712,10x Visium,Mouse Brain,S1_Sagittal_Anterior_Level4,SpatialMGCN,0.3584790044674307,0.6845390546078903,0.389206877813337,0.5770516152989231,0.7088230391929953,0.6618638717071303,0.6845390546078904,81.65251326560974,752.239151763916,0.4051243965837356,0.0695498845809808,-0.110629310859095,domain,Brain
713,10x Visium,Mouse Brain,S1_Sagittal_Anterior_Level4,stLearn,0.3058557879487696,0.6179180767349957,0.3322589913587951,0.5176383215744523,0.6234516976652082,0.6124818220220668,0.6179180767349957,281.37191982269286,4511.426413345337,0.539175640549573,0.0835735531246995,-0.1990584166064077,domain,Brain
714,10x Visium,Mouse Brain,Section_Coronal,BASS,0.5763457464118461,0.7321701883407565,0.6084131984508839,0.7297096053611318,0.7363024773158228,0.7280840231106865,0.7321701883407564,5509.884519958496,1874.06,0.0573343261355175,0.0687853471716163,0.0220718793270052,domain,Brain
715,10x Visium,Mouse Brain,Section_Coronal,Banksy,0.5581611247874829,0.7226830975487105,0.5941767943818934,0.7154132539091587,0.7160876317724376,0.7294090054070537,0.7226830975487105,14.266705417633055,851.9993421554566,0.1455696202531645,0.071008249675951,-0.0189822226059611,domain,Brain
716,10x Visium,Mouse Brain,Section_Coronal,BayesSpace,0.6211451163533552,0.7577374485042125,0.6508843201985219,0.77066269545793,0.7535175292035002,0.7620048995697916,0.7577374485042127,1628.5241440296172,5468.7,0.0997766195085629,0.0700379421482143,-0.0096520068241177,domain,Brain
717,10x Visium,Mouse Brain,Section_Coronal,CCST,0.4601216185774728,0.6454768040376413,0.5037068874025076,0.6107222635889799,0.6387644880688781,0.6523490210326062,0.6454768040376413,238.0411351680756,891.5886987686157,0.055398361876396,0.0691650832595111,-0.0158958728527871,domain,Brain
718,10x Visium,Mouse Brain,Section_Coronal,CellCharter,0.5092093492577847,0.6829912278235648,0.5462835154027361,0.6763961280714818,0.6867997431821858,0.6792258847412118,0.6829912278235648,245.0974868774414,559.4950212478637,0.093819806403574,0.0694158126399875,0.0227537663597299,domain,Brain
719,10x Visium,Mouse Brain,Section_Coronal,DeepST,0.645294589203167,0.7652499054742816,0.6749089348400085,0.7629932985852569,0.7549055450140454,0.7759139579082565,0.7652499054742816,243.28274402618408,3714.39020614624,0.0806403574087862,0.0692879840397555,0.0006311963342136,domain,Brain
720,10x Visium,Mouse Brain,Section_Coronal,GraphST,0.4829396038892721,0.6381051756093793,0.5234933213363425,0.6660461653015637,0.6344122552818207,0.6418413407204413,0.6381051756093794,18.78982400894165,854.1464082717896,0.0439314966492926,0.0684601007743537,-0.0472348965171329,domain,Brain
721,10x Visium,Mouse Brain,Section_Coronal,PRECAST,0.636888247055464,0.7521759662651014,0.6653331833843651,0.763216679076694,0.7496196080236187,0.7547498195913999,0.7521759662651015,178.59780406951904,1620.2,0.1909903201787044,0.0731342548010052,-0.0480662393390129,domain,Brain
722,10x Visium,Mouse Brain,Section_Coronal,SEDR,0.4793396511083316,0.6787020267207838,0.5191571700610053,0.669620253164557,0.6806505784101708,0.6767766513483687,0.6787020267207838,23.017913913726808,1759.347724533081,0.0897244973938942,0.0687949955912333,-0.0489336703969807,domain,Brain
723,10x Visium,Mouse Brain,Section_Coronal,STAGATE,0.612567482242885,0.7413923719617193,0.6432413568225879,0.7572598659717051,0.7377577664585365,0.7450629676039654,0.7413923719617193,49.11984992027283,682.5018432617187,0.079151154132539,0.0698021554273523,-0.0259737804735867,domain,Brain
724,10x Visium,Mouse Brain,Section_Coronal,SpaGCN,0.6073380974089895,0.7400532386682349,0.6398362547309163,0.7464631422189129,0.7319479751202793,0.7483400203723632,0.7400532386682349,27.617730712890623,807.5308752059937,0.1347728965003723,0.0720616238614017,-0.0531537819607059,domain,Brain
725,10x Visium,Mouse Brain,Section_Coronal,SpaceFlow,0.4498653580728077,0.645439207213639,0.4913931065488134,0.6454206999255399,0.6496484224034447,0.6413033051582847,0.645439207213639,39.04203338623047,682.9174434661866,0.1037230081906179,0.0697119807004951,0.0077960157653536,domain,Brain
726,10x Visium,Mouse Brain,Section_Coronal,SpatialMGCN,0.6327012315349141,0.7610138070853322,0.6619358929905667,0.7572598659717051,0.7557260084337584,0.7663761243693932,0.7610138070853322,66.05929999351501,815.9681035995484,0.1381236038719285,0.0760137123506466,-0.0284544919448711,domain,Brain
727,10x Visium,Mouse Brain,Section_Coronal,stLearn,0.4996804154795259,0.6719482627325614,0.5429304779938581,0.6180193596425912,0.6532690374115427,0.6917271384165256,0.6719482627325615,282.75803246498106,4646.562249565124,0.3510796723752792,0.0777472452021463,-0.1834678037200174,domain,Brain
728,Slideseq,Brain,Mouse_Cortex_data,DeepST,0.0875075998098254,0.1481904454283308,0.1849759776290222,0.3259383861200557,0.1481192732128605,0.1483716154408238,0.1481904454283309,3525.8221729278566,40001.57015228272,,,,celltype,Brain
729,Slideseq,Brain,Mouse_Cortex_data,BASS,0.0947786131584056,0.1821902455168768,0.2352259569012441,0.3395732205507761,0.1610392976819315,0.2097371883693616,0.1821902455168769,5467.58853750229,11713.66,,,,celltype,Brain
730,Slideseq,Brain,Mouse_Cortex_data,Banksy,0.0890383730522784,0.1938192683976917,0.1969421695985204,0.392030602486452,0.1921232629532839,0.19555653861948,0.1938192683976917,44.39516048431396,1890.9637044906617,,,,celltype,Brain
731,Slideseq,Brain,Mouse_Cortex_data,CCST,0.0623410082669408,0.1353343793181259,0.1603032362025878,0.3107992502523188,0.1372881993675658,0.1334442134683836,0.1353343793181259,34590.60145878792,114250.29700565338,,,,celltype,Brain
732,Slideseq,Brain,Mouse_Cortex_data,CellCharter,0.0747097218629435,0.1604242698254831,0.1724336984714909,0.3450964321389237,0.1637164643717777,0.1572962527933142,0.1604242698254831,1667.4708676815033,1035.1444631576535,,,,celltype,Brain
733,Slideseq,Brain,Mouse_Cortex_data,GraphST,0.0817946442595922,0.1380672345098894,0.1783478395889588,0.3336617484500409,0.1402008907726542,0.1359975471027884,0.1380672345098894,150.49496269226074,54825.78979511261,,,,celltype,Brain
734,Slideseq,Brain,Mouse_Cortex_data,PRECAST,0.0501496237913191,0.090900841206658,0.1420261342843846,0.2975821907710452,0.0942989401547255,0.0877391276509605,0.090900841206658,1186.9309796333314,2751.74,,,,celltype,Brain
735,Slideseq,Brain,Mouse_Cortex_data,SEDR,0.0839704197728707,0.1751124613597145,0.2000310146826379,0.3314845965300139,0.1690527824744893,0.1816227326831792,0.1751124613597146,379.4046607494354,41793.741904068,,,,celltype,Brain
736,Slideseq,Brain,Mouse_Cortex_data,STAGATE,0.0568537127041984,0.1536486537832617,0.1657909049403222,0.3295717787283125,0.1525365441304072,0.1547791549853852,0.1536486537832617,335.5095962524414,786.4803449630738,,,,celltype,Brain
737,Slideseq,Brain,Mouse_Cortex_data,SpaGCN,0.0548296465288791,0.1231901882511591,0.1741048176700971,0.3138126592012303,0.1191325695147886,0.1275339556184588,0.1231901882511591,4835.333213233947,34372.126633644104,,,,celltype,Brain
738,Slideseq,Brain,Mouse_Cortex_data,SpaceFlow,0.0849503688133849,0.140126471640871,0.1774037053547305,0.3298072763973662,0.143537555229424,0.1369010595919789,0.140126471640871,1081.2736840724945,1052.1578916549684,,,,celltype,Brain
739,Slideseq,Brain,Mouse_Cortex_data,SpatialMGCN,0.0390531016282881,0.0962368759115345,0.1516257269250915,0.2814293988235882,0.0948139520037675,0.0977073622648795,0.0962368759115345,459.44132828712463,8274.09457950592,,,,celltype,Brain
740,Slideseq,Brain,Mouse_Cortex_data,stLearn,0.0687558700009824,0.1509566916228834,0.2642575138497077,0.3159321382227135,0.1189500741534118,0.2068719866131756,0.1509566916228835,11.67417950630188,1861.84588432312,,,,celltype,Brain
741,Slideseq,Mouse OB,GSM5173925_OB1_Slide1,BASS,0.3002955705614886,0.3405595577957289,0.4966758242081569,0.6544879898862199,0.3403735569960683,0.3407457619908215,0.340559557795729,1771.1975200176244,4922.44,,,,domain,Brain
742,Slideseq,Mouse OB,GSM5173925_OB1_Slide1,Banksy,0.1728250385017995,0.2330531952891546,0.4295000268063667,0.5424652338811631,0.2173878431324278,0.2532324998820793,0.2330531952891546,27.96196460723877,2205.164272880554,,,,domain,Brain
743,Slideseq,Mouse OB,GSM5173925_OB1_Slide1,CCST,0.2740877009389965,0.3112966159837785,0.5139424680995127,0.6340328697850822,0.2761595391873642,0.3566854946395322,0.3112966159837785,5209.163304328919,17535.278180122375,,,,domain,Brain
744,Slideseq,Mouse OB,GSM5173925_OB1_Slide1,CellCharter,0.2633329402412371,0.2942893792264998,0.46319983581231,0.6371302149178255,0.2978829633457946,0.2907918289271111,0.2942893792264998,551.6370072841644,239.99883937835693,,,,domain,Brain
745,Slideseq,Mouse OB,GSM5173925_OB1_Slide1,DeepST,0.2786824224331248,0.329184175839578,0.488416922346841,0.644740834386852,0.3243165306355616,0.3342726341427902,0.329184175839578,1124.6335156440734,15034.848622703552,,,,domain,Brain
746,Slideseq,Mouse OB,GSM5173925_OB1_Slide1,GraphST,0.129490617197624,0.2040547709030384,0.431974807652823,0.4846396965865992,0.1830659569589215,0.2304796420553025,0.2040547709030384,44.820326471328734,8141.96159210205,,,,domain,Brain
747,Slideseq,Mouse OB,GSM5173925_OB1_Slide1,PRECAST,0.1062537486559524,0.1529222727963771,0.3723476304443236,0.5429023079355043,0.1485761582509041,0.1575303121275203,0.1529222727963771,103.47273406982424,1158.4,,,,domain,Brain
748,Slideseq,Mouse OB,GSM5173925_OB1_Slide1,SEDR,0.1998924410419702,0.3209231246638517,0.4463003992868802,0.613109987357775,0.3090182317730832,0.3340901627363801,0.3209231246638517,98.77570877075196,8325.148081970216,,,,domain,Brain
749,Slideseq,Mouse OB,GSM5173925_OB1_Slide1,STAGATE,0.2588027120774881,0.3461488204910742,0.4730466148314275,0.6318963337547409,0.3416426250964203,0.3507754784153735,0.3461488204910742,124.80268378257752,314.632116317749,,,,domain,Brain
750,Slideseq,Mouse OB,GSM5173925_OB1_Slide1,SpaGCN,0.3035811109654086,0.3744927124955941,0.4983574736965021,0.654614412136536,0.3747239528005879,0.3742617574090991,0.374492712495594,751.8391591072083,5506.2168022155765,,,,domain,Brain
751,Slideseq,Mouse OB,GSM5173925_OB1_Slide1,SpaceFlow,0.2539449170595841,0.2856026139261891,0.4608931407876778,0.6197977243994943,0.2866385686047524,0.2845831220167155,0.2856026139261891,145.3556833267212,436.4405752182007,,,,domain,Brain
752,Slideseq,Mouse OB,GSM5173925_OB1_Slide1,SpatialMGCN,0.1588898676944374,0.2389374696613067,0.42016268472639,0.5872313527180784,0.2297799480566757,0.2488552059303118,0.2389374696613069,134.15828824043274,2482.7344453811647,,,,domain,Brain
753,Slideseq,Mouse OB,GSM5173925_OB1_Slide1,stLearn,0.2402109676616128,0.3103209820485334,0.4708031980404469,0.6220353982300886,0.2987073825346616,0.3228741753236938,0.3103209820485334,8.9654212474823,2302.010300064087,,,,domain,Brain
754,Slideseq,Mouse OB,GSM5173926_OB1_Slide2,BASS,0.59097083769765,0.5879603582541004,0.6980536689361273,0.8091538461538461,0.5935592901777347,0.5824660665991936,0.5879603582541004,1401.83506565094,3753.2399999999993,,,,domain,Brain
755,Slideseq,Mouse OB,GSM5173926_OB1_Slide2,Banksy,0.4659059286408828,0.4870418044617356,0.6249492768347622,0.7376923076923076,0.461129767433926,0.5160393484255977,0.4870418044617355,23.734011268615724,1882.8302658081052,,,,domain,Brain
756,Slideseq,Mouse OB,GSM5173926_OB1_Slide2,CCST,0.5264457620340219,0.5298063407307019,0.6873674783058169,0.7489384615384616,0.4770386438266231,0.6044591198392681,0.5298063407307019,3594.9500381946564,11930.03664302826,,,,domain,Brain
757,Slideseq,Mouse OB,GSM5173926_OB1_Slide2,CellCharter,0.5335743677318441,0.5359942493654171,0.6552699863358553,0.7796923076923077,0.5419933121246411,0.530134107225406,0.5359942493654171,540.0703763961792,276.2047485351562,,,,domain,Brain
758,Slideseq,Mouse OB,GSM5173926_OB1_Slide2,DeepST,0.6479334019125209,0.6160290766332693,0.7486288576613918,0.8325846153846154,0.6022406073610458,0.6318024440569434,0.6160290766332693,874.1417907238007,12259.997814178469,,,,domain,Brain
759,Slideseq,Mouse OB,GSM5173926_OB1_Slide2,GraphST,0.2520290817502079,0.4062875571090403,0.529822480730336,0.5624615384615385,0.3537101398925353,0.4772248840463661,0.4062875571090403,33.36554751396179,5609.260232162475,,,,domain,Brain
760,Slideseq,Mouse OB,GSM5173926_OB1_Slide2,PRECAST,0.2512263495427196,0.2833668698867243,0.4615197897240605,0.543,0.2787953131803702,0.2880908505186211,0.2833668698867244,81.27158908843992,985.7,,,,domain,Brain
761,Slideseq,Mouse OB,GSM5173926_OB1_Slide2,SEDR,0.5233089913847022,0.534141985233612,0.6678379086142315,0.7675538461538461,0.5046413001049558,0.5673331784159268,0.534141985233612,83.08407893180848,6031.612444496155,,,,domain,Brain
762,Slideseq,Mouse OB,GSM5173926_OB1_Slide2,STAGATE,0.5793557600875257,0.563903519623373,0.6929263478460003,0.7936923076923076,0.5612101744278696,0.567043162645583,0.5639035196233732,100.76263122558592,361.27118225097655,,,,domain,Brain
763,Slideseq,Mouse OB,GSM5173926_OB1_Slide2,SpaGCN,0.6065025742437992,0.6039483336354614,0.7087531341780708,0.8077692307692308,0.6118973127540832,0.5962032317356172,0.6039483336354614,535.8865046024323,4455.983311271668,,,,domain,Brain
764,Slideseq,Mouse OB,GSM5173926_OB1_Slide2,SpaceFlow,0.519203041832361,0.5253394337296072,0.6613354860233034,0.7726153846153847,0.4994452782948343,0.5540803458025931,0.5253394337296072,115.5642376422882,381.0104648590088,,,,domain,Brain
765,Slideseq,Mouse OB,GSM5173926_OB1_Slide2,SpatialMGCN,0.4277510213703731,0.5110169823894112,0.5959094873838153,0.7330769230769231,0.4930113970034416,0.5303876083587262,0.5110169823894112,116.99168090820312,1760.7519487380982,,,,domain,Brain
766,Slideseq,Mouse OB,GSM5173926_OB1_Slide2,stLearn,0.391306859038537,0.4645234868746358,0.5576908779662595,0.7158,0.4615963152971972,0.4674880213810734,0.4645234868746357,7.915562152862549,1955.8509536743163,,,,domain,Brain
767,Slideseq,Mouse OB,GSM5173927_OB1_Slide3,BASS,0.5816761794758009,0.5701480933994459,0.692039877376009,0.7742274412855377,0.5724317352393281,0.5678825997430329,0.5701480933994459,1469.3324002265929,4977.780000000001,,,,domain,Brain
768,Slideseq,Mouse OB,GSM5173927_OB1_Slide3,Banksy,0.5544853228559419,0.5825349246577859,0.7014857534002721,0.761433868974042,0.5267504804248986,0.6515343524743447,0.5825349246577859,27.74416813850403,2295.2140800476072,,,,domain,Brain
769,Slideseq,Mouse OB,GSM5173927_OB1_Slide3,CCST,0.553843947483397,0.5423105617753367,0.6961496384718708,0.7579851668726824,0.4936694950250279,0.6015913249706379,0.5423105617753368,5403.678839921951,18225.506156921387,,,,domain,Brain
770,Slideseq,Mouse OB,GSM5173927_OB1_Slide3,CellCharter,0.4918214509759739,0.5049807383871437,0.6285797139131158,0.7274783683559951,0.5024648697033932,0.5079818885294767,0.5049807383871437,686.7620757579804,262.8608793258667,,,,domain,Brain
771,Slideseq,Mouse OB,GSM5173927_OB1_Slide3,DeepST,0.5691151622107088,0.5764879352691494,0.7019154586677521,0.7610754017305316,0.5319830235277534,0.6319913292517221,0.5764879352691494,1140.0074184417724,15867.20945854187,,,,domain,Brain
772,Slideseq,Mouse OB,GSM5173927_OB1_Slide3,GraphST,0.2304439623802983,0.3808102541867833,0.4946579730268925,0.5788627935723115,0.3425777414504014,0.4286484705270231,0.3808102541867834,43.240492010116576,8508.475226974488,,,,domain,Brain
773,Slideseq,Mouse OB,GSM5173927_OB1_Slide3,PRECAST,0.2279553720205838,0.2791467544622183,0.4802043931175458,0.5687619754002101,0.2582142553543432,0.3037724959485431,0.2791467544622184,100.02134981155392,1187.04,,,,domain,Brain
774,Slideseq,Mouse OB,GSM5173927_OB1_Slide3,SEDR,0.4995410063741111,0.4893387542793637,0.6365221891527229,0.7339307787391842,0.4841566597894786,0.4953092134572925,0.4893387542793636,88.85496301651001,8735.946065330505,,,,domain,Brain
775,Slideseq,Mouse OB,GSM5173927_OB1_Slide3,STAGATE,0.5718419218946754,0.5620746300725055,0.6903300315544255,0.7688009888751545,0.552496439043464,0.572950402247956,0.5620746300725055,114.17360191345216,341.9942834854126,,,,domain,Brain
776,Slideseq,Mouse OB,GSM5173927_OB1_Slide3,SpaGCN,0.5629639749401248,0.5605455384521459,0.6775162424284069,0.7646477132262052,0.5641505673787532,0.5569862906103795,0.5605455384521459,756.0225453853607,5688.166581535339,,,,domain,Brain
777,Slideseq,Mouse OB,GSM5173927_OB1_Slide3,SpaceFlow,0.5373345717488831,0.5299398014257892,0.6639496402543393,0.7481211372064277,0.5243522221643582,0.5359957426768645,0.5299398014257892,190.4660448074341,477.5313701629639,,,,domain,Brain
778,Slideseq,Mouse OB,GSM5173927_OB1_Slide3,SpatialMGCN,0.5625621718196384,0.5632600115141839,0.687274438900486,0.7634734239802224,0.5473765463200437,0.5800928191382915,0.5632600115141839,136.001606464386,2571.1559986114503,,,,domain,Brain
779,Slideseq,Mouse OB,GSM5173927_OB1_Slide3,stLearn,0.3927824018951258,0.4550880790090671,0.5611253371847745,0.6924598269468479,0.44813908306892,0.4622559763799302,0.4550880790090671,8.970318365097047,2386.6979444503786,,,,domain,Brain
780,Slideseq,Mouse OB,GSM5173928_OB1_Slide4,BASS,0.5242139606761422,0.5242727978540133,0.6515518517041263,0.7327264358410475,0.5205749653443849,0.5280235402890404,0.5242727978540134,2102.777821159364,5616.56,,,,domain,Brain
781,Slideseq,Mouse OB,GSM5173928_OB1_Slide4,Banksy,0.5062201778502631,0.5288445622804779,0.6505243477883574,0.7010177466373446,0.5066095225706413,0.5531209852934896,0.528844562280478,38.99560446739197,2724.383392715454,,,,domain,Brain
782,Slideseq,Mouse OB,GSM5173928_OB1_Slide4,CCST,0.5106836310047616,0.5266037039665628,0.6664966180528692,0.7108065258528103,0.4771555367915445,0.587493251408658,0.5266037039665628,7785.38978433609,26263.94866847992,,,,domain,Brain
783,Slideseq,Mouse OB,GSM5173928_OB1_Slide4,CellCharter,0.4690209684896239,0.4903365272034333,0.6077112062818294,0.7244412622104024,0.491551598279991,0.4891399643135499,0.4903365272034333,773.1171439170837,296.0885639190674,,,,domain,Brain
784,Slideseq,Mouse OB,GSM5173928_OB1_Slide4,DeepST,0.5080428864560836,0.5140867987814348,0.6393918555111647,0.7394875466680304,0.5112144058103323,0.5172905000343183,0.5140867987814348,1489.0596422195435,19613.220839309688,,,,domain,Brain
785,Slideseq,Mouse OB,GSM5173928_OB1_Slide4,GraphST,0.1866161646377467,0.3353807459433734,0.462228841465247,0.530762542832302,0.3018495912480892,0.3772925274017224,0.3353807459433734,54.83438382148743,12283.807552528382,,,,domain,Brain
786,Slideseq,Mouse OB,GSM5173928_OB1_Slide4,PRECAST,0.1714836663432086,0.2184867909642012,0.3962231789539336,0.4860052192600931,0.21601094564942,0.2210200489480293,0.2184867909642012,128.8926312923431,1403.18,,,,domain,Brain
787,Slideseq,Mouse OB,GSM5173928_OB1_Slide4,SEDR,0.4023123304130247,0.4102537320470478,0.5790183318425243,0.6524829949368384,0.3851938655445537,0.4391070505824287,0.4102537320470478,92.67204217910766,12058.45699710846,,,,domain,Brain
788,Slideseq,Mouse OB,GSM5173928_OB1_Slide4,STAGATE,0.4988259078217896,0.5168416752253513,0.6440931651583459,0.7126579041579297,0.4962828061411257,0.539732604421534,0.5168416752253513,141.328542137146,387.6798938751221,,,,domain,Brain
789,Slideseq,Mouse OB,GSM5173928_OB1_Slide4,SpaGCN,0.508954319566488,0.5249608816435629,0.6370238831441406,0.7373804531273973,0.5266168663661958,0.5233152790005542,0.524960881643563,1009.7056447982789,7456.981705284119,,,,domain,Brain
790,Slideseq,Mouse OB,GSM5173928_OB1_Slide4,SpaceFlow,0.4933267066498514,0.5105852443589736,0.6409953117117697,0.7003222011967474,0.4883220713778192,0.5349845864150998,0.5105852443589736,180.97535367012023,463.8524116516113,,,,domain,Brain
791,Slideseq,Mouse OB,GSM5173928_OB1_Slide4,SpatialMGCN,0.4638210422632093,0.4671551777931451,0.6185215688763919,0.665064184524114,0.450559607065111,0.4850200378849423,0.4671551777931451,190.01817049980164,3622.765804672241,,,,domain,Brain
792,Slideseq,Mouse OB,GSM5173928_OB1_Slide4,stLearn,0.3471502861033099,0.4390543235129588,0.5319664788721116,0.6455070833120237,0.4274741037332126,0.4512794293327327,0.4390543235129588,10.217912817001343,2898.1109477996824,,,,domain,Brain
793,Slideseq,Mouse OB,GSM5173929_OB1_Slide5,BASS,0.7530420988874922,0.7025220215563499,0.8220790408206515,0.8913925191527715,0.7027755368525404,0.702268689097569,0.7025220215563498,2131.886295175552,5896.4800000000005,,,,domain,Brain
794,Slideseq,Mouse OB,GSM5173929_OB1_Slide5,Banksy,0.653027633659391,0.6563162541426737,0.7633370524858479,0.8347003154574132,0.6124181614187124,0.7069935008522656,0.6563162541426737,37.37360987663269,3093.091149902344,,,,domain,Brain
795,Slideseq,Mouse OB,GSM5173929_OB1_Slide5,CCST,0.6438617095912788,0.6260380702879859,0.7575568298810766,0.8160612888688599,0.5715039597717098,0.6920789626028722,0.6260380702879859,9846.484048128128,33526.15009498596,,,,domain,Brain
796,Slideseq,Mouse OB,GSM5173929_OB1_Slide5,CellCharter,0.5869121993241782,0.5936560608541059,0.6981838743320331,0.8025416854438937,0.6060598414959854,0.5817521736409068,0.5936560608541059,971.7996383666992,322.0633371353149,,,,domain,Brain
797,Slideseq,Mouse OB,GSM5173929_OB1_Slide5,DeepST,0.6582649798140026,0.629101204731331,0.7548200060501146,0.8319603424966202,0.6269064189027261,0.6313231425056746,0.6291012047313309,1816.826652765274,22815.01831893921,,,,domain,Brain
798,Slideseq,Mouse OB,GSM5173929_OB1_Slide5,GraphST,0.3377608837573757,0.4547525079340929,0.5674674252691888,0.629202343397927,0.4185447605859257,0.4978180844886285,0.4547525079340929,64.87364273071289,15714.968126487733,,,,domain,Brain
799,Slideseq,Mouse OB,GSM5173929_OB1_Slide5,PRECAST,0.7449416348394934,0.6964107255647863,0.8166627295957893,0.894613477574938,0.6944682693574721,0.6983640785099426,0.6964107255647863,154.58146839141853,1575.48,,,,domain,Brain
800,Slideseq,Mouse OB,GSM5173929_OB1_Slide5,SEDR,0.5974391691000353,0.5982873969122803,0.7191301984354085,0.8093195132942768,0.5759466311041622,0.6237430265779366,0.5982873969122803,105.84551048278809,15049.042657089234,,,,domain,Brain
801,Slideseq,Mouse OB,GSM5173929_OB1_Slide5,STAGATE,0.7135695403711524,0.6629427510391667,0.7932122775726786,0.8727174402884181,0.6651715793304512,0.6607288222549483,0.6629427510391667,146.28158106803895,412.9768686294556,,,,domain,Brain
802,Slideseq,Mouse OB,GSM5173929_OB1_Slide5,SpaGCN,0.777982453098701,0.7288331940287881,0.8387797117682304,0.9018026137899956,0.7382653924598731,0.7196389697956335,0.7288331940287881,1214.5361694335938,9566.235013961792,,,,domain,Brain
803,Slideseq,Mouse OB,GSM5173929_OB1_Slide5,SpaceFlow,0.6318196228685219,0.6089996720983053,0.7343381405247904,0.8164218116268589,0.6091228147987292,0.6092713975951913,0.6089996720983054,181.75751056671143,442.9542930603028,,,,domain,Brain
804,Slideseq,Mouse OB,GSM5173929_OB1_Slide5,SpatialMGCN,0.5508624358841996,0.6064816093003852,0.6817267984174415,0.8188373141054528,0.5984135331793344,0.6147702134242072,0.6064816093003853,231.11416454315184,4477.553333854676,,,,domain,Brain
805,Slideseq,Mouse OB,GSM5173929_OB1_Slide5,stLearn,0.626119015707543,0.622610501807231,0.7327312600413398,0.8472374943668319,0.6194684526775542,0.6257845886112435,0.622610501807231,11.95739154815674,3250.07473487854,,,,domain,Brain
806,Slideseq,Mouse OB,GSM5173930_OB1_Slide6,BASS,0.6892540363043228,0.6466486031195684,0.770456276003278,0.8364160868827423,0.6464031601189015,0.6468942325832767,0.6466486031195684,2534.724829292298,6923.6,,,,domain,Brain
807,Slideseq,Mouse OB,GSM5173930_OB1_Slide6,Banksy,0.5296173885820977,0.5222383197810414,0.6779425501010826,0.7245036483964025,0.4738720200180931,0.5816000014690865,0.5222383197810414,36.40601630210877,3305.07753314972,,,,domain,Brain
808,Slideseq,Mouse OB,GSM5173930_OB1_Slide6,CCST,0.6010406435029206,0.6034107711360701,0.7259802418098434,0.7465722043101986,0.5461011658762394,0.674160085402204,0.6034107711360701,11140.787749767303,37726.511105537415,,,,domain,Brain
809,Slideseq,Mouse OB,GSM5173930_OB1_Slide6,CellCharter,0.5182723801072016,0.5399546376668061,0.6454057876498178,0.713193619548617,0.5375153061739997,0.5424395012542472,0.5399546376668062,1066.2883761405944,359.4429229736328,,,,domain,Brain
810,Slideseq,Mouse OB,GSM5173930_OB1_Slide6,DeepST,0.5975739789375265,0.591733974990057,0.7087087600505819,0.7568471067368063,0.5772555753405803,0.6070193093244515,0.591733974990057,1987.4022854328157,24330.21588573456,,,,domain,Brain
811,Slideseq,Mouse OB,GSM5173930_OB1_Slide6,GraphST,0.2806559179422629,0.4160954744540438,0.5231989350534967,0.6068640760223994,0.3758969151418817,0.4659212728796029,0.416095474454044,68.96783971786499,17697.1381860733,,,,domain,Brain
812,Slideseq,Mouse OB,GSM5173930_OB1_Slide6,PRECAST,0.574760313176343,0.5975037100808671,0.6949373470970412,0.7906147906147906,0.5775209184932063,0.6189189129794895,0.5975037100808672,154.0456657886504,1665.66,,,,domain,Brain
813,Slideseq,Mouse OB,GSM5173930_OB1_Slide6,SEDR,0.5913300644602566,0.5606337424952419,0.7024277708562826,0.7872221279484134,0.5537813490308675,0.5682421508434073,0.5606337424952419,109.50801682472228,16700.525421333314,,,,domain,Brain
814,Slideseq,Mouse OB,GSM5173930_OB1_Slide6,STAGATE,0.6745881584131693,0.625470166487246,0.7595147073714213,0.8347276429662311,0.6254636427668361,0.6254766929066078,0.625470166487246,164.7202031135559,463.5617076873779,,,,domain,Brain
815,Slideseq,Mouse OB,GSM5173930_OB1_Slide6,SpaGCN,0.7004190171964912,0.6561586064367418,0.7783010147324313,0.8537247581876803,0.6570363333767942,0.6552832214578294,0.656158606436742,1452.043400621414,10817.582760810852,,,,domain,Brain
816,Slideseq,Mouse OB,GSM5173930_OB1_Slide6,SpaceFlow,0.6228842206606425,0.6101539493251977,0.7254986773737822,0.767732903444765,0.5985384353839379,0.6222420923437131,0.6101539493251977,212.69685401916504,486.4862937927246,,,,domain,Brain
817,Slideseq,Mouse OB,GSM5173930_OB1_Slide6,SpatialMGCN,0.4584215606594845,0.5516763406826498,0.6204513677112434,0.7162311216697776,0.5232797740048813,0.5833317166598495,0.5516763406826498,246.56614289283752,5073.472617149353,,,,domain,Brain
818,Slideseq,Mouse OB,GSM5173930_OB1_Slide6,stLearn,0.5157472089431472,0.545089644143378,0.6453223211065948,0.7784914305107755,0.5400571245028843,0.5502168412805137,0.545089644143378,12.5605637550354,3466.384266281128,,,,domain,Brain
819,Slideseq,Mouse OB,GSM5173931_OB1_Slide7,BASS,0.5808566048323138,0.5680945295191047,0.6923244438980315,0.8181892034607416,0.5715878495169149,0.5646436497375769,0.5680945295191046,2764.0565490245813,7733.74,,,,domain,Brain
820,Slideseq,Mouse OB,GSM5173931_OB1_Slide7,Banksy,0.3917246072280609,0.4233723779385626,0.5740650453282683,0.6842276290669808,0.3984246421115132,0.4516530615994583,0.4233723779385626,37.77811150550842,3366.3272693634035,,,,domain,Brain
821,Slideseq,Mouse OB,GSM5173931_OB1_Slide7,CCST,0.463174682302109,0.5015826077997232,0.6399758431260909,0.7216296356472643,0.4480039111700447,0.5697260393105337,0.5015826077997231,12015.353547096252,41169.83423614502,,,,domain,Brain
822,Slideseq,Mouse OB,GSM5173931_OB1_Slide7,CellCharter,0.4062198991955683,0.4602596909222713,0.5623179579877313,0.7146512855924286,0.4651090881170633,0.4555111007283634,0.4602596909222714,1013.5776277542114,308.4147451400757,,,,domain,Brain
823,Slideseq,Mouse OB,GSM5173931_OB1_Slide7,DeepST,0.4270052694430759,0.4664539924407087,0.5778888712234611,0.7250903773508266,0.4711747575307637,0.4618283029551197,0.4664539924407087,2079.40273308754,25262.377673721312,,,,domain,Brain
824,Slideseq,Mouse OB,GSM5173931_OB1_Slide7,GraphST,0.2021023446114967,0.300427826562857,0.500097993017636,0.552256387343109,0.2599716273961376,0.355795998561907,0.300427826562857,74.48927431106567,19234.858260536195,,,,domain,Brain
825,Slideseq,Mouse OB,GSM5173931_OB1_Slide7,PRECAST,0.2168764444565649,0.2705329586523473,0.45975700939323,0.5759434537108502,0.2568216151191483,0.2857909331876752,0.2705329586523474,179.21170759201067,1729.08,,,,domain,Brain
826,Slideseq,Mouse OB,GSM5173931_OB1_Slide7,SEDR,0.381913087571388,0.4586558474060171,0.5707821553383742,0.6981193387221252,0.4345198573392125,0.4880727457631571,0.4586558474060171,124.72706360816956,17967.064399528503,,,,domain,Brain
827,Slideseq,Mouse OB,GSM5173931_OB1_Slide7,STAGATE,0.4898377182719767,0.5134564995745835,0.6410947442344395,0.7531337584792234,0.492654714624143,0.536919077940255,0.5134564995745834,173.97917370796205,419.249888420105,,,,domain,Brain
828,Slideseq,Mouse OB,GSM5173931_OB1_Slide7,SpaGCN,0.5684516376071658,0.5599259765151009,0.6820583274320404,0.8091311588610421,0.5657714997616977,0.5542000093371692,0.5599259765151008,1514.407568502426,11755.69897670746,,,,domain,Brain
829,Slideseq,Mouse OB,GSM5173931_OB1_Slide7,SpaceFlow,0.4118047879588677,0.4510574633402164,0.5669350071690689,0.7222795401925343,0.4552320085634641,0.4469602977643078,0.4510574633402164,170.01398687362672,434.769314956665,,,,domain,Brain
830,Slideseq,Mouse OB,GSM5173931_OB1_Slide7,SpatialMGCN,0.3356962753502825,0.402048303459088,0.5154784355908912,0.6715138714001381,0.4018037447717081,0.402293160030086,0.402048303459088,264.22886338233945,5495.683890533447,,,,domain,Brain
831,Slideseq,Mouse OB,GSM5173931_OB1_Slide7,stLearn,0.4934772509648074,0.5021138912740541,0.6347500276601452,0.7831268532434298,0.4969245519301656,0.5074127642226011,0.502113891274054,13.69894332885742,3536.814378738404,,,,domain,Brain
832,Slideseq,Mouse OB,GSM5173932_OB1_Slide8,BASS,0.4289001617210405,0.4801727597783399,0.5789580912930643,0.7220397309557328,0.4851636628228409,0.4752834945229535,0.4801727597783399,1916.1660429477693,5336.9400000000005,,,,domain,Brain
833,Slideseq,Mouse OB,GSM5173932_OB1_Slide8,Banksy,0.3902187513886992,0.446577099961524,0.5742078083779475,0.6717764221283695,0.42144705153707,0.4748940887839702,0.446577099961524,30.6165295124054,2692.4171602249144,,,,domain,Brain
834,Slideseq,Mouse OB,GSM5173932_OB1_Slide8,CCST,0.4802343593933449,0.5230967592384296,0.652691291217688,0.7233849522915689,0.4687725885293631,0.5916820450457592,0.5230967592384295,7483.82049202919,25367.633045196533,,,,domain,Brain
835,Slideseq,Mouse OB,GSM5173932_OB1_Slide8,CellCharter,0.4185385524897876,0.4972025494922582,0.5718704833108583,0.7231972469888941,0.5016255690294107,0.4928599125964625,0.4972025494922582,715.7522877693176,290.8231351852417,,,,domain,Brain
836,Slideseq,Mouse OB,GSM5173932_OB1_Slide8,DeepST,0.4263410713447252,0.5089727481710513,0.5803252761486496,0.7271077741279524,0.5102069307788246,0.507769877348782,0.5089727481710514,1461.231314611435,18909.32522354126,,,,domain,Brain
837,Slideseq,Mouse OB,GSM5173932_OB1_Slide8,GraphST,0.2417813341089297,0.3663436328558431,0.5382648633112243,0.5737525418426404,0.3105928491945521,0.4464871702985337,0.3663436328558431,53.872891664505005,11827.051106262206,,,,domain,Brain
838,Slideseq,Mouse OB,GSM5173932_OB1_Slide8,PRECAST,0.2567467212804317,0.3279367351956957,0.4692349840794858,0.6078952857738841,0.3203942259277013,0.3358429275955277,0.3279367351956957,113.92477898597711,1328.6,,,,domain,Brain
839,Slideseq,Mouse OB,GSM5173932_OB1_Slide8,SEDR,0.3980591029333159,0.4678605842260722,0.5895235313984188,0.6834141508942072,0.4336306514833065,0.508334223123408,0.4678605842260722,84.75503182411194,11609.078934669496,,,,domain,Brain
840,Slideseq,Mouse OB,GSM5173932_OB1_Slide8,STAGATE,0.5662994986898486,0.5776793698486598,0.6914469364851951,0.8061525626987851,0.5638375098754281,0.5922179537114607,0.5776793698486598,137.27104082107545,372.92510929107664,,,,domain,Brain
841,Slideseq,Mouse OB,GSM5173932_OB1_Slide8,SpaGCN,0.610527290878707,0.6159027419000129,0.7132292646946122,0.832733719172011,0.621718509760676,0.6101947710379052,0.6159027419000128,973.1056647777556,7195.671630096435,,,,domain,Brain
842,Slideseq,Mouse OB,GSM5173932_OB1_Slide8,SpaceFlow,0.4335937092416779,0.5009299115658952,0.5825705158617097,0.7347202669586527,0.5059543385620666,0.4960099364892412,0.5009299115658952,138.56227068901063,435.63303527832034,,,,domain,Brain
843,Slideseq,Mouse OB,GSM5173932_OB1_Slide8,SpatialMGCN,0.5086701770924729,0.567971552839236,0.6702547788909932,0.7373689973408415,0.5267868978127116,0.6161420726752879,0.567971552839236,175.16342000961305,3466.827124977112,,,,domain,Brain
844,Slideseq,Mouse OB,GSM5173932_OB1_Slide8,stLearn,0.5005201285148567,0.5332240851217349,0.6432995706259138,0.7890713801553784,0.5231653502655246,0.543677215747388,0.5332240851217349,10.138525438308717,2751.1095666885376,,,,domain,Brain
845,Slideseq,Mouse OB,GSM5173933_OB1_Slide9,BASS,0.6304271480612911,0.6016053398832663,0.7330170061784291,0.8256154851471159,0.5964735189449691,0.6068262314425985,0.6016053398832663,2865.065111255645,7748.92,,,,domain,Brain
846,Slideseq,Mouse OB,GSM5173933_OB1_Slide9,Banksy,0.53521716247631,0.5800950816715006,0.6915339092401578,0.755218819540108,0.5175747722498354,0.659794825246553,0.5800950816715006,44.40288071632385,3900.314123535156,,,,domain,Brain
847,Slideseq,Mouse OB,GSM5173933_OB1_Slide9,CCST,0.5603365795689011,0.5644610930785268,0.703653812710629,0.7614284200487443,0.5079852815190438,0.6351321674024775,0.5644610930785268,15836.900400877,54722.40093135834,,,,domain,Brain
848,Slideseq,Mouse OB,GSM5173933_OB1_Slide9,CellCharter,0.4746449573888796,0.5001152215301992,0.6157323213649426,0.728444774116068,0.502708214949524,0.4975747234869755,0.5001152215301992,1261.8560237407685,389.6798748016357,,,,domain,Brain
849,Slideseq,Mouse OB,GSM5173933_OB1_Slide9,DeepST,0.5232572631796305,0.5186585118682199,0.6484830903312397,0.7605383066652538,0.5353959012988746,0.5040483044664684,0.5186585118682199,2599.0258053302764,30184.085360336303,,,,domain,Brain
850,Slideseq,Mouse OB,GSM5173933_OB1_Slide9,GraphST,0.2582489827207258,0.3734145342538464,0.5095648771772955,0.608032213627212,0.3406801885673915,0.4131081386040698,0.3734145342538464,93.11345343589782,25329.251743888854,,,,domain,Brain
851,Slideseq,Mouse OB,GSM5173933_OB1_Slide9,PRECAST,0.1937434989103632,0.2988487689418461,0.4424855802062015,0.5881500847936687,0.2844139463551516,0.3148271486762262,0.2988487689418461,184.6778397560119,1966.9,,,,domain,Brain
852,Slideseq,Mouse OB,GSM5173933_OB1_Slide9,SEDR,0.5458050839422909,0.5504415231490817,0.6837971619050893,0.767842887923422,0.5244983429370351,0.5809174368093915,0.5504415231490818,148.79938354492188,23119.904973983765,,,,domain,Brain
853,Slideseq,Mouse OB,GSM5173933_OB1_Slide9,STAGATE,0.5837010194009341,0.5644489679427492,0.7030082792316803,0.8063791459150152,0.5517090084942531,0.5777912415857787,0.5644489679427492,193.9201416492462,507.1543388366699,,,,domain,Brain
854,Slideseq,Mouse OB,GSM5173933_OB1_Slide9,SpaGCN,0.6664907576273412,0.6383512750724818,0.7554849138676274,0.853131291724065,0.643821144621745,0.6329735659635543,0.6383512750724818,2125.861259031296,15477.633640480042,,,,domain,Brain
855,Slideseq,Mouse OB,GSM5173933_OB1_Slide9,SpaceFlow,0.5039013022019396,0.5181569457471379,0.6382873095364684,0.7438522129207729,0.5187196118382167,0.517693895371302,0.5181569457471378,305.5794024467468,531.7690536499024,,,,domain,Brain
856,Slideseq,Mouse OB,GSM5173933_OB1_Slide9,SpatialMGCN,0.5347756402376499,0.5116377806908321,0.6653111112866174,0.7462823637455406,0.505162589931907,0.5182811252688991,0.5116377806908322,339.11114873886106,7128.534495162964,,,,domain,Brain
857,Slideseq,Mouse OB,GSM5173933_OB1_Slide9,stLearn,0.4813121199440822,0.5135684972119191,0.6254962361022128,0.7715870156476281,0.5095332538931687,0.5176681679543602,0.5135684972119192,15.315685606002807,4199.588899993896,,,,domain,Brain
858,Slideseq,Mouse OB,GSM5173934_OB1_Slide10,BASS,0.6704476464943859,0.6532556487611771,0.7642133168297599,0.8421369904302616,0.6663692234403763,0.6406482409528476,0.6532556487611771,2573.0549157619475,7248.659999999999,,,,domain,Brain
859,Slideseq,Mouse OB,GSM5173934_OB1_Slide10,Banksy,0.5253029291552361,0.5244400538256158,0.6723163813139744,0.7439529801823525,0.5010822573696969,0.5500819562878821,0.5244400538256158,39.67902088165283,3683.215894889832,,,,domain,Brain
860,Slideseq,Mouse OB,GSM5173934_OB1_Slide10,CCST,0.6073679862921393,0.6019756964529283,0.7191708698449591,0.8254992088011454,0.6129738563471137,0.5913657261499379,0.6019756964529283,13908.074736595154,47636.949370384216,,,,domain,Brain
861,Slideseq,Mouse OB,GSM5173934_OB1_Slide10,CellCharter,0.5669833693583664,0.5718395722758733,0.6892070820411171,0.8092306533041971,0.5846908464889686,0.5595612703474212,0.5718395722758735,1213.999227666855,397.1748514175415,,,,domain,Brain
862,Slideseq,Mouse OB,GSM5173934_OB1_Slide10,DeepST,0.5891524415976895,0.5959274824466114,0.7045972614535734,0.829025695124708,0.6171942958761074,0.5767953776416829,0.5959274824466114,2367.211335229874,28164.495652580263,,,,domain,Brain
863,Slideseq,Mouse OB,GSM5173934_OB1_Slide10,GraphST,0.3597538478657975,0.4659276012307914,0.5800144074045307,0.6955768216411725,0.4375537125324357,0.4982365693879678,0.4659276012307914,82.39629349708557,22331.7991399765,,,,domain,Brain
864,Slideseq,Mouse OB,GSM5173934_OB1_Slide10,PRECAST,0.2691686362066134,0.3306461746749677,0.4903082051252203,0.605629026788742,0.3282424569257486,0.3330853569550925,0.3306461746749677,173.48901934623723,1858.2,,,,domain,Brain
865,Slideseq,Mouse OB,GSM5173934_OB1_Slide10,SEDR,0.5898111619146186,0.6031443855220227,0.7071188328292813,0.8249943485796096,0.6129444358207548,0.593665141222586,0.6031443855220227,131.93850626945496,20643.445620536804,,,,domain,Brain
866,Slideseq,Mouse OB,GSM5173934_OB1_Slide10,STAGATE,0.7058218232046619,0.6545915459160229,0.793056491404593,0.8699043026147238,0.6520097888357725,0.6571938325790316,0.6545915459160229,186.15350642204285,520.8660612106323,,,,domain,Brain
867,Slideseq,Mouse OB,GSM5173934_OB1_Slide10,SpaGCN,0.6623952155101807,0.6543200808733319,0.75740718084656,0.8410067063521967,0.6715404732343372,0.6379607766718889,0.654320080873332,1855.3815788269044,13628.669776153563,,,,domain,Brain
868,Slideseq,Mouse OB,GSM5173934_OB1_Slide10,SpaceFlow,0.578209743844388,0.6027482326895349,0.6985356839859947,0.8199758872730012,0.61299087965615,0.5928550879397317,0.602748232689535,200.3178512096405,516.2413551330567,,,,domain,Brain
869,Slideseq,Mouse OB,GSM5173934_OB1_Slide10,SpatialMGCN,0.3599780672607399,0.412948786669178,0.5473560317106833,0.6655489413005802,0.4114239100041055,0.4144850088054744,0.412948786669178,295.17224225997927,6335.631728172302,,,,domain,Brain
870,Slideseq,Mouse OB,GSM5173934_OB1_Slide10,stLearn,0.535954955580823,0.5566735635521514,0.6701089398751173,0.7843794740411423,0.5624516945015208,0.5510129446273139,0.5566735635521514,15.7328848361969,3995.5833614349367,,,,domain,Brain
871,Slideseq,Mouse OB,GSM5173935_OB1_Slide11,BASS,0.5233078764179656,0.4923274802534544,0.6575937182790806,0.7795846659759449,0.5056103171222084,0.4797246822479037,0.4923274802534544,1704.1357789993283,6251.859999999999,,,,domain,Brain
872,Slideseq,Mouse OB,GSM5173935_OB1_Slide11,Banksy,0.3956751862930954,0.4673760855592849,0.6030148750983191,0.7163836208838236,0.4281631573808288,0.5144957000995517,0.4673760855592849,36.012011194229125,3083.346432685852,,,,domain,Brain
873,Slideseq,Mouse OB,GSM5173935_OB1_Slide11,CCST,0.4327454998919932,0.4405669098357246,0.5967166697189954,0.7233839362133428,0.4436589356076802,0.4401633878897583,0.4405669098357246,9806.689604759216,33546.314920425415,,,,domain,Brain
874,Slideseq,Mouse OB,GSM5173935_OB1_Slide11,CellCharter,0.3758627499475791,0.4169785683047403,0.5539372787284971,0.7080138744988513,0.4252369567246443,0.4095800471194554,0.4169785683047403,968.5965272903444,286.6816762924194,,,,domain,Brain
875,Slideseq,Mouse OB,GSM5173935_OB1_Slide11,DeepST,0.3680058566235723,0.4324303727742843,0.5594916385913502,0.7009865309248164,0.429223563379536,0.4374064942270733,0.4324303727742843,1903.7468947410584,23035.030064964296,,,,domain,Brain
876,Slideseq,Mouse OB,GSM5173935_OB1_Slide11,GraphST,0.3712126919230549,0.4324735852737477,0.5627387936595618,0.7038154871841074,0.4280300112200357,0.4370103887070541,0.4324735852737477,69.05006418228149,15707.592986869811,,,,domain,Brain
877,Slideseq,Mouse OB,GSM5173935_OB1_Slide11,PRECAST,0.2119049786004295,0.3345885048464324,0.4913668234903524,0.5889084110465378,0.3097148240009441,0.3638063614802165,0.3345885048464324,140.3815068721771,1508.08,,,,domain,Brain
878,Slideseq,Mouse OB,GSM5173935_OB1_Slide11,SEDR,0.3687497957601814,0.4335525337320246,0.5645892995263819,0.7073832154601558,0.4260811121551624,0.4434688400754827,0.4335525337320246,102.33465924263,15103.45001564026,,,,domain,Brain
879,Slideseq,Mouse OB,GSM5173935_OB1_Slide11,STAGATE,0.3709554469938684,0.4430400384773647,0.5695385662035625,0.7224649758998154,0.4303112978989933,0.4565447741002669,0.4430400384773646,147.5600782394409,375.3012357711792,,,,domain,Brain
880,Slideseq,Mouse OB,GSM5173935_OB1_Slide11,SpaGCN,0.4298070564467892,0.4584788277083818,0.5897732382079229,0.7193116807063381,0.4713921090774793,0.4462541731396746,0.4584788277083818,1236.8447895526886,9535.959286117552,,,,domain,Brain
881,Slideseq,Mouse OB,GSM5173935_OB1_Slide11,SpaceFlow,0.394925180191813,0.4413861256093053,0.565518897626814,0.7242037929636469,0.45262824454085,0.430698146142414,0.4413861256093052,134.25729489326477,403.4693092346191,,,,domain,Brain
882,Slideseq,Mouse OB,GSM5173935_OB1_Slide11,SpatialMGCN,0.3845034463648937,0.4282088099694133,0.5555826017096623,0.6944006486778683,0.4419459908402691,0.4152998806118623,0.4282088099694133,219.80309610366825,4476.011894416809,,,,domain,Brain
883,Slideseq,Mouse OB,GSM5173935_OB1_Slide11,stLearn,0.3683395628719011,0.4338535798756378,0.5598927652734906,0.7033830352718591,0.430846397135496,0.4369030399854534,0.4338535798756376,12.362628316879272,3242.450136566162,,,,domain,Brain
884,Slideseq,Mouse OB,GSM5173936_OB1_Slide12,BASS,0.7637433739118316,0.7084589265127254,0.8300741079252283,0.8961217805567963,0.7101326532657226,0.7067930708924473,0.7084589265127255,2281.3261068820952,7309.359999999999,,,,domain,Brain
885,Slideseq,Mouse OB,GSM5173936_OB1_Slide12,Banksy,0.5502970915607202,0.6037249050137129,0.7045128297116112,0.7728524638975733,0.5490639400753429,0.6704724521057033,0.6037249050137129,44.119407415390015,3787.592408180237,,,,domain,Brain
886,Slideseq,Mouse OB,GSM5173936_OB1_Slide12,CCST,0.6521930950632466,0.6178967391019737,0.748853971665747,0.8248697335119844,0.6222149432331296,0.6136706906550489,0.6178967391019737,14308.126449108124,49339.90097141266,,,,domain,Brain
887,Slideseq,Mouse OB,GSM5173936_OB1_Slide12,CellCharter,0.5658928113142276,0.5695391222380614,0.6849791779655388,0.7746985261277356,0.5762178370091575,0.5630375303843083,0.5695391222380612,1179.030774497986,434.86056995391846,,,,domain,Brain
888,Slideseq,Mouse OB,GSM5173936_OB1_Slide12,DeepST,0.639257884337012,0.6281895648886248,0.747910564420392,0.800915587315766,0.6054133003225529,0.6556848128488638,0.6281895648886248,2357.5104649066925,28413.725985336303,,,,domain,Brain
889,Slideseq,Mouse OB,GSM5173936_OB1_Slide12,GraphST,0.5005328311938565,0.4782624782861698,0.6459237604526441,0.7203364597290457,0.4686800472070661,0.4882449244477312,0.4782624782861698,83.5455924987793,22884.07081241608,,,,domain,Brain
890,Slideseq,Mouse OB,GSM5173936_OB1_Slide12,PRECAST,0.1920939943624817,0.2714404933778489,0.4273446084511231,0.5756504261733726,0.2681066957101694,0.2748582437987838,0.271440493377849,176.28368411064145,1883.5,,,,domain,Brain
891,Slideseq,Mouse OB,GSM5173936_OB1_Slide12,SEDR,0.6955572775395175,0.6463341048325227,0.7814068948719959,0.8615751079350901,0.645837869067531,0.6469023123357689,0.6463341048325227,143.3785479068756,21063.77721557617,,,,domain,Brain
892,Slideseq,Mouse OB,GSM5173936_OB1_Slide12,STAGATE,0.7277032433994098,0.6740889228249055,0.805621710232507,0.8761798421914545,0.6691576744022345,0.6790933931797856,0.6740889228249054,180.3186692237854,555.0845970153808,,,,domain,Brain
893,Slideseq,Mouse OB,GSM5173936_OB1_Slide12,SpaGCN,0.7819056680873272,0.7275340087029835,0.8424605661077893,0.9024862289712668,0.7327334903910361,0.7224077981949629,0.7275340087029836,1791.4049964427948,14004.509747314452,,,,domain,Brain
894,Slideseq,Mouse OB,GSM5173936_OB1_Slide12,SpaceFlow,0.6060432688788291,0.5907083477308025,0.7153308507807428,0.7895340181628703,0.5949067694270305,0.5865811119634431,0.5907083477308025,193.97973370552063,546.9872245788574,,,,domain,Brain
895,Slideseq,Mouse OB,GSM5173936_OB1_Slide12,SpatialMGCN,0.4137443600699727,0.4676736075741959,0.5743047046682571,0.6909706714306982,0.4726696951586352,0.4627820319395473,0.4676736075741959,308.1550893306732,6491.286264991761,,,,domain,Brain
896,Slideseq,Mouse OB,GSM5173936_OB1_Slide12,stLearn,0.4703066457676216,0.5259607719839645,0.6238914857054745,0.771222271847551,0.5200458189842083,0.5320118261762619,0.5259607719839645,15.2764741897583,4030.177035140992,,,,domain,Brain
897,Slideseq,Mouse OB,GSM5173937_OB1_Slide13,BASS,0.3206907362059413,0.3714992838911982,0.5275510260280026,0.6836531019593466,0.3808214218404637,0.362622634551264,0.3714992838911982,2531.1505025386823,6599.860000000001,,,,domain,Brain
898,Slideseq,Mouse OB,GSM5173937_OB1_Slide13,Banksy,0.2721218427020775,0.3462146842256235,0.5369458489352158,0.6471139353945171,0.3153200246462692,0.3838209814277307,0.3462146842256235,41.07354259490967,3384.1758657455443,,,,domain,Brain
899,Slideseq,Mouse OB,GSM5173937_OB1_Slide13,CCST,0.3743474810065166,0.3741033890985781,0.5884944301061961,0.6644995722840035,0.3503197451675455,0.4014429981638724,0.3741033890985782,12076.674239397047,41030.6891746521,,,,domain,Brain
900,Slideseq,Mouse OB,GSM5173937_OB1_Slide13,CellCharter,0.3452361859617475,0.3247020053583864,0.539267052621795,0.7003299523402176,0.3373562339930689,0.3129822263201544,0.3247020053583864,1029.2853155136108,314.9401636123657,,,,domain,Brain
901,Slideseq,Mouse OB,GSM5173937_OB1_Slide13,DeepST,0.2813747549934394,0.3333583499277718,0.5047169803656051,0.6599942971200456,0.3380779876244216,0.3288333969309981,0.3333583499277719,2182.3896774291998,26230.22121696472,,,,domain,Brain
902,Slideseq,Mouse OB,GSM5173937_OB1_Slide13,GraphST,0.2978077769264187,0.3018518218372884,0.5487918138700576,0.6764430323027415,0.2787784267618292,0.3290892457298356,0.3018518218372884,80.79572215080262,19131.39018554688,,,,domain,Brain
903,Slideseq,Mouse OB,GSM5173937_OB1_Slide13,PRECAST,0.1335817552094584,0.1328751265917868,0.3967700660450398,0.5882185195746934,0.1358250386058186,0.1300506259845206,0.1328751265917868,160.93240160942088,1726.3,,,,domain,Brain
904,Slideseq,Mouse OB,GSM5173937_OB1_Slide13,SEDR,0.2844890965505329,0.3364638709931739,0.5340047328178151,0.6426331011446494,0.315627907931898,0.3611175750047233,0.3364638709931739,122.72371110916136,18086.5814661026,,,,domain,Brain
905,Slideseq,Mouse OB,GSM5173937_OB1_Slide13,STAGATE,0.3341250926588022,0.3347222555952392,0.5406402351852261,0.6967371379689599,0.340606597579456,0.3292090669957237,0.3347222555952392,162.09176387786866,416.3889705657959,,,,domain,Brain
906,Slideseq,Mouse OB,GSM5173937_OB1_Slide13,SpaGCN,0.3471344855057162,0.3259421064582665,0.5404138926498255,0.6808831316957921,0.3390018695196251,0.3138512499486867,0.3259421064582665,1624.67762465477,11670.960223960876,,,,domain,Brain
907,Slideseq,Mouse OB,GSM5173937_OB1_Slide13,SpaceFlow,0.4051197563110603,0.3641145002026253,0.5832827039041005,0.7311743859220334,0.375732946739614,0.3531933175883462,0.3641145002026253,181.5827314853668,432.7050958633423,,,,domain,Brain
908,Slideseq,Mouse OB,GSM5173937_OB1_Slide13,SpatialMGCN,0.1735116524764377,0.2427031291507467,0.4155772402906011,0.628620310399609,0.2534530495063066,0.2328279967486401,0.2427031291507467,267.41322870254515,5468.573061180115,,,,domain,Brain
909,Slideseq,Mouse OB,GSM5173937_OB1_Slide13,stLearn,0.2040094365294401,0.2644547176168946,0.4640522596842568,0.6288158377123304,0.2613981715242461,0.2675836006449919,0.2644547176168946,15.874610185623167,3657.934861755371,,,,domain,Brain
910,Slideseq,Mouse OB,GSM5173938_OB1_Slide14,BASS,0.3415194561331356,0.3595653816752961,0.512535478805862,0.6446106324174931,0.3592386309184418,0.35989272737516,0.359565381675296,1561.608824300766,5252.42,,,,domain,Brain
911,Slideseq,Mouse OB,GSM5173938_OB1_Slide14,Banksy,0.2144848416082985,0.2502885559196734,0.4728953652821689,0.5274481114181976,0.2197437597498811,0.2906958223208019,0.2502885559196734,32.503743410110474,2579.424736022949,,,,domain,Brain
912,Slideseq,Mouse OB,GSM5173938_OB1_Slide14,CCST,0.3208385900404587,0.3363768065621771,0.5075413376973674,0.6189671056196824,0.3286430794514209,0.3445211845992232,0.3363768065621771,6864.317613601685,23408.43400001526,,,,domain,Brain
913,Slideseq,Mouse OB,GSM5173938_OB1_Slide14,CellCharter,0.3059444014067404,0.3068405542001197,0.4861348431117933,0.5955671164580285,0.306370788988865,0.3073145629031277,0.3068405542001198,742.2444292068482,247.36587142944336,,,,domain,Brain
914,Slideseq,Mouse OB,GSM5173938_OB1_Slide14,DeepST,0.2888312979502661,0.3259517141068538,0.4938722238781178,0.570097003197312,0.3134357397771893,0.3402368142395208,0.3259517141068538,1411.6194785118105,18478.32327270508,,,,domain,Brain
915,Slideseq,Mouse OB,GSM5173938_OB1_Slide14,GraphST,0.1634782597223713,0.2493035520354663,0.4706031030663912,0.5383406492169295,0.2140152091617516,0.2985267572903742,0.2493035520354663,54.66472220420837,10952.378085517885,,,,domain,Brain
916,Slideseq,Mouse OB,GSM5173938_OB1_Slide14,PRECAST,0.1432394646394171,0.205070361571595,0.4115179910525682,0.4925486370779818,0.188928313709474,0.2242284559684932,0.205070361571595,118.41472473144526,1335.1,,,,domain,Brain
917,Slideseq,Mouse OB,GSM5173938_OB1_Slide14,SEDR,0.2283544240740223,0.264920832911356,0.4601489719389272,0.5519319351866905,0.2467359419544791,0.2879864143917501,0.264920832911356,85.04852313995362,10941.0845703125,,,,domain,Brain
918,Slideseq,Mouse OB,GSM5173938_OB1_Slide14,STAGATE,0.1983917378664435,0.296779651636907,0.4393384970897759,0.5929333983634097,0.2807691102821018,0.314940131339137,0.2967796516369071,121.22646474838255,311.2287139892578,,,,domain,Brain
919,Slideseq,Mouse OB,GSM5173938_OB1_Slide14,SpaGCN,0.3851741011044656,0.3866162936030023,0.5510498238097864,0.7027041673440633,0.3799818314724957,0.3934865473387301,0.3866162936030023,1007.301903820038,6631.379650115967,,,,domain,Brain
920,Slideseq,Mouse OB,GSM5173938_OB1_Slide14,SpaceFlow,0.3288610243370907,0.3294984811424441,0.5084844860336425,0.6040752181217147,0.3254621875158204,0.333695451502317,0.3294984811424441,128.21631894111633,419.0835620880127,,,,domain,Brain
921,Slideseq,Mouse OB,GSM5173938_OB1_Slide14,SpatialMGCN,0.3634566792599855,0.361455728544592,0.5300275299674209,0.6278653877418306,0.3599674086294994,0.3629564067602908,0.361455728544592,166.13435492515563,3254.3792266845703,,,,domain,Brain
922,Slideseq,Mouse OB,GSM5173938_OB1_Slide14,stLearn,0.2274298679050296,0.3056025564278003,0.4743545007871006,0.5717227551075705,0.2740130464530589,0.3458726968720177,0.3056025564278004,10.071874141693115,2650.4773160934446,,,,domain,Brain
923,Slideseq,Mouse OB,GSM5173939_OB1_Slide15,BASS,0.3307638848261614,0.3209020841898856,0.531186115999706,0.7116310061449619,0.3362957813221808,0.3068559730726295,0.3209020841898856,2217.817561435701,8595.079999999998,,,,domain,Brain
924,Slideseq,Mouse OB,GSM5173939_OB1_Slide15,Banksy,0.2497588181163976,0.3228400223858235,0.4993340028950544,0.6810172503146517,0.3225016659523514,0.3231790895462634,0.3228400223858235,40.06192555427551,3721.1429542541514,,,,domain,Brain
925,Slideseq,Mouse OB,GSM5173939_OB1_Slide15,CCST,0.2977741442254313,0.3455372853715116,0.5158162876224921,0.6903753609239653,0.3552860442585029,0.3364806812676345,0.3455372853715116,14390.68658876419,49769.718101501465,,,,domain,Brain
926,Slideseq,Mouse OB,GSM5173939_OB1_Slide15,CellCharter,0.2317694720654587,0.2819421973195612,0.4570512977802338,0.6298215739986673,0.2984436925825749,0.2671730596633515,0.2819421973195613,1099.0991914272308,373.4974100112915,,,,domain,Brain
927,Slideseq,Mouse OB,GSM5173939_OB1_Slide15,DeepST,0.2702697058773485,0.3030885143931406,0.4978933249135755,0.6633671429629081,0.3107590956575997,0.295788816288714,0.3030885143931406,2300.4578006744387,28402.48873310089,,,,domain,Brain
928,Slideseq,Mouse OB,GSM5173939_OB1_Slide15,GraphST,0.1811385852922223,0.2754099940934308,0.4632552834066129,0.6604723476715777,0.2694375716225316,0.2816531911262465,0.2754099940934308,87.41984810829163,23103.24649124145,,,,domain,Brain
929,Slideseq,Mouse OB,GSM5173939_OB1_Slide15,PRECAST,0.1166441942075578,0.1778386609389907,0.3860775556695693,0.5530788314140779,0.1842188257454472,0.1718856390343899,0.1778386609389907,169.60825629234313,1884.26,,,,domain,Brain
930,Slideseq,Mouse OB,GSM5173939_OB1_Slide15,SEDR,0.274101808544903,0.3594372610758743,0.5241382648595706,0.7066928259421041,0.3488963770880112,0.3706538330268497,0.3594372610758743,137.1847945690155,21231.979495429998,,,,domain,Brain
931,Slideseq,Mouse OB,GSM5173939_OB1_Slide15,STAGATE,0.256908436637512,0.292076674645719,0.4784898029351656,0.6555045531946398,0.3062244229057816,0.2791784656019649,0.2920766746457189,187.42964959144592,492.2953634262085,,,,domain,Brain
932,Slideseq,Mouse OB,GSM5173939_OB1_Slide15,SpaGCN,0.3685253569380669,0.3960297440963459,0.5640494697196369,0.7367291034278522,0.4054635194600368,0.3870249718557069,0.3960297440963459,2503.8733162403105,14130.475607299804,,,,domain,Brain
933,Slideseq,Mouse OB,GSM5173939_OB1_Slide15,SpaceFlow,0.2725715670156605,0.2895881282511562,0.5032172377645768,0.67778929443992,0.2931681282203865,0.2860946445284687,0.2895881282511563,236.9436005115509,511.61542282104494,,,,domain,Brain
934,Slideseq,Mouse OB,GSM5173939_OB1_Slide15,SpatialMGCN,0.2961966450296944,0.3200964778406519,0.5042077554450826,0.673909824535426,0.337580625336389,0.3043342438493965,0.3200964778406519,305.8861451625824,6535.583279037475,,,,domain,Brain
935,Slideseq,Mouse OB,GSM5173939_OB1_Slide15,stLearn,0.2217427949495176,0.2908246104130149,0.4816427114696505,0.6308136521803509,0.2861931550484365,0.2956084595825853,0.2908246104130149,16.659911632537842,4020.502967643738,,,,domain,Brain
936,Slideseq,Mouse OB,GSM5173940_OB1_Slide16,BASS,0.3382002156436937,0.3954089791472954,0.5423709455309057,0.7098043502022079,0.4223716272510984,0.3716821598357442,0.3954089791472954,1979.078748464584,5371.1,,,,domain,Brain
937,Slideseq,Mouse OB,GSM5173940_OB1_Slide16,Banksy,0.1538342269455005,0.2856764062716149,0.4765474601105369,0.6235994971853309,0.2633941245986236,0.3120771092592129,0.2856764062716149,30.473244142532348,2540.162496185302,,,,domain,Brain
938,Slideseq,Mouse OB,GSM5173940_OB1_Slide16,CCST,0.3799523489862143,0.3256439390411576,0.6834125708633901,0.657601923707509,0.2417948785897769,0.4988588650039681,0.3256439390411576,6768.823575019836,23106.35075378418,,,,domain,Brain
939,Slideseq,Mouse OB,GSM5173940_OB1_Slide16,CellCharter,0.3365003259514081,0.398744467299586,0.5399376539899121,0.7211826429117936,0.4274190005874561,0.3736760358107937,0.398744467299586,669.2232930660248,262.0102609634399,,,,domain,Brain
940,Slideseq,Mouse OB,GSM5173940_OB1_Slide16,DeepST,0.3367152123171417,0.4161576163836714,0.5407190450008049,0.7225707727620506,0.4452680081837114,0.3906206163112803,0.4161576163836714,1319.8665366649627,18039.70909423828,,,,domain,Brain
941,Slideseq,Mouse OB,GSM5173940_OB1_Slide16,GraphST,0.0484921022890548,0.2876172226186677,0.3951033293639222,0.6052574051808941,0.2827190719800646,0.2926880879654547,0.2876172226186677,50.88129315376282,10787.370166587829,,,,domain,Brain
942,Slideseq,Mouse OB,GSM5173940_OB1_Slide16,PRECAST,0.1717821901903104,0.1516381099976832,0.4916952750406366,0.6083090939026398,0.1434212890337315,0.1608536575232274,0.1516381099976832,111.60095062255849,1321.1,,,,domain,Brain
943,Slideseq,Mouse OB,GSM5173940_OB1_Slide16,SEDR,0.2869506429015112,0.398678232614954,0.5227598440973351,0.6911247130833972,0.4063285619329268,0.3940481474706004,0.3986782326149539,79.53028931617737,10730.641873931883,,,,domain,Brain
944,Slideseq,Mouse OB,GSM5173940_OB1_Slide16,STAGATE,0.2663550429076219,0.3885172115969355,0.5001392972668224,0.676062957700295,0.4067504126181585,0.3718485403408341,0.3885172115969356,124.1127516746521,343.527561378479,,,,domain,Brain
945,Slideseq,Mouse OB,GSM5173940_OB1_Slide16,SpaGCN,0.2473541547352487,0.3581740246309557,0.4788016000577935,0.6355339381353153,0.3816956681296226,0.3373831021405063,0.3581740246309557,996.8794086456298,6544.104027938843,,,,domain,Brain
946,Slideseq,Mouse OB,GSM5173940_OB1_Slide16,SpaceFlow,0.3399522963147875,0.4180584925950894,0.5430197084425379,0.7257405180894088,0.4473180844735799,0.3923922426639995,0.4180584925950894,128.72971825599672,437.8405994415283,,,,domain,Brain
947,Slideseq,Mouse OB,GSM5173940_OB1_Slide16,SpatialMGCN,0.2404609511153838,0.3998469908585808,0.4973169308601763,0.6681604546945021,0.4027279693720075,0.3970069386473873,0.3998469908585808,157.52984523773193,3179.4061698913574,,,,domain,Brain
948,Slideseq,Mouse OB,GSM5173940_OB1_Slide16,stLearn,0.1502237037067384,0.2654092155657214,0.4208096503702691,0.6026232375122964,0.276947939978038,0.2547935309616476,0.2654092155657214,9.663351774215698,2672.479113960266,,,,domain,Brain
949,Slideseq,Mouse OB,GSM5173941_OB1_Slide17,BASS,0.1721187467851151,0.2179184232575058,0.4583424635834811,0.6501531910474113,0.2446693978832214,0.1964405579183978,0.2179184232575058,2081.598184251786,5788.179999999999,,,,domain,Brain
950,Slideseq,Mouse OB,GSM5173941_OB1_Slide17,Banksy,0.1943015010782957,0.2605591269870452,0.4818500181404782,0.6941891260320923,0.2855574255556413,0.2395853231083276,0.2605591269870452,31.948550319671632,2655.848147583008,,,,domain,Brain
951,Slideseq,Mouse OB,GSM5173941_OB1_Slide17,CCST,0.1876243418439226,0.2297172382769822,0.4891380611652333,0.673521316923716,0.2459250518455742,0.2156685743284589,0.2297172382769822,7507.10489821434,25583.58374118805,,,,domain,Brain
952,Slideseq,Mouse OB,GSM5173941_OB1_Slide17,CellCharter,0.1848802900580792,0.235674734476881,0.4742340877010068,0.6569247546346783,0.2618243831386465,0.2144527711696474,0.2356747344768811,729.2346898555755,274.5018054962158,,,,domain,Brain
953,Slideseq,Mouse OB,GSM5173941_OB1_Slide17,DeepST,0.1764051952991054,0.2255173729448499,0.4650516025510252,0.6486160876564366,0.2514627905898122,0.2044262532046827,0.2255173729448499,1434.8825248241424,19116.117789268494,,,,domain,Brain
954,Slideseq,Mouse OB,GSM5173941_OB1_Slide17,GraphST,0.1256275463347302,0.272898767696738,0.4481924875204058,0.6809991172041335,0.2966288905948847,0.2526841927247831,0.272898767696738,56.11594705581665,11917.110370635986,,,,domain,Brain
955,Slideseq,Mouse OB,GSM5173941_OB1_Slide17,PRECAST,0.0753699777495821,0.1948466655958086,0.4256200250247216,0.6391645451239154,0.207157100274297,0.1839172716439673,0.1948466655958086,132.1258395671844,1383.9,,,,domain,Brain
956,Slideseq,Mouse OB,GSM5173941_OB1_Slide17,SEDR,0.1760950599539437,0.2333559165875333,0.4855858471487869,0.6677260217063925,0.2485660868644988,0.2200107083247602,0.2333559165875333,90.25691246986388,11714.627251243592,,,,domain,Brain
957,Slideseq,Mouse OB,GSM5173941_OB1_Slide17,STAGATE,0.1364343444246473,0.2080815395872998,0.4332555478619584,0.6268889235083346,0.2335531829150677,0.1876194903904944,0.2080815395872998,125.7578688621521,364.1507511138916,,,,domain,Brain
958,Slideseq,Mouse OB,GSM5173941_OB1_Slide17,SpaGCN,0.1232695709240494,0.2784836944688381,0.4472587014081431,0.668536116736771,0.3010649985302446,0.2590534555611532,0.2784836944688381,1086.4828543663025,7229.312403106689,,,,domain,Brain
959,Slideseq,Mouse OB,GSM5173941_OB1_Slide17,SpaceFlow,0.1675959126623357,0.2186045516302285,0.4560265890807695,0.6440359349846808,0.2451738189390981,0.1972333692814661,0.2186045516302285,168.37440266609192,466.9017002105713,,,,domain,Brain
960,Slideseq,Mouse OB,GSM5173941_OB1_Slide17,SpatialMGCN,0.1513717220908713,0.2146227450140897,0.4432825212195752,0.6260580568105104,0.2411932756854723,0.1933254669884959,0.2146227450140897,173.8609523296356,3520.654539680481,,,,domain,Brain
961,Slideseq,Mouse OB,GSM5173941_OB1_Slide17,stLearn,0.0144645178234631,0.2178742175184513,0.4224770026129164,0.6500493327101833,0.2189259609967095,0.2168325332547135,0.2178742175184513,10.728794145584107,2859.7609626770018,,,,domain,Brain
962,Slideseq,Mouse OB,GSM5173942_OB1_Slide18,BASS,0.2168191259322616,0.2605383295060341,0.4517970709425334,0.5650106574848336,0.2520087587239958,0.2696655166867532,0.260538329506034,1426.1197703838347,4954.780000000001,,,,domain,Brain
963,Slideseq,Mouse OB,GSM5173942_OB1_Slide18,Banksy,0.1897037909451623,0.2300039561947481,0.4354205294667089,0.5508553314751052,0.2201410800205094,0.2407920478658767,0.2300039561947481,31.242202854156496,2505.568239212036,,,,domain,Brain
964,Slideseq,Mouse OB,GSM5173942_OB1_Slide18,CCST,0.2112188895699703,0.2238816804423798,0.4901274684818858,0.5345138547302837,0.1950446866422013,0.264416391876372,0.2238816804423798,6783.190308094025,23057.9038066864,,,,domain,Brain
965,Slideseq,Mouse OB,GSM5173942_OB1_Slide18,CellCharter,0.1742521470738288,0.1745376545213085,0.4122645224927006,0.517582117286987,0.1723334995249826,0.1768948137970291,0.1745376545213084,655.4989545822143,230.55515403747563,,,,domain,Brain
966,Slideseq,Mouse OB,GSM5173942_OB1_Slide18,DeepST,0.173563157351373,0.1773911430909223,0.4405610341510053,0.4950647647155271,0.1638318135737637,0.1959989225281748,0.1773911430909223,1418.4620555400847,17906.978943824768,,,,domain,Brain
967,Slideseq,Mouse OB,GSM5173942_OB1_Slide18,GraphST,0.2033327881866959,0.1937814491275336,0.4311447707320921,0.5470842214570695,0.1921094069306322,0.1954828524228953,0.1937814491275337,50.48874578475952,10767.842027282715,,,,domain,Brain
968,Slideseq,Mouse OB,GSM5173942_OB1_Slide18,PRECAST,0.0939399589636867,0.1622162850969923,0.39171040218297,0.4944213520017502,0.1488387728718668,0.1782359967594915,0.1622162850969923,111.46335344314583,1321.56,,,,domain,Brain
969,Slideseq,Mouse OB,GSM5173942_OB1_Slide18,SEDR,0.210097250505317,0.2086341101182351,0.4578671143170922,0.5393999016232168,0.1961714407992871,0.2238618080332188,0.2086341101182351,82.7477843284607,10705.325117301942,,,,domain,Brain
970,Slideseq,Mouse OB,GSM5173942_OB1_Slide18,STAGATE,0.1862551085992748,0.2052734925778194,0.4380590855970486,0.536656282450675,0.1940925357935608,0.2183560276948761,0.2052734925778194,121.4391921043396,303.4206310272217,,,,domain,Brain
971,Slideseq,Mouse OB,GSM5173942_OB1_Slide18,SpaGCN,0.2747934699767519,0.3061559649130891,0.4855835934161766,0.5976936109744767,0.2994041712302293,0.3132193003528823,0.3061559649130891,1110.5501173019409,6514.544372177124,,,,domain,Brain
972,Slideseq,Mouse OB,GSM5173942_OB1_Slide18,SpaceFlow,0.1736603221702109,0.1586261515924203,0.4089060973450126,0.5124337323058425,0.1576938710444905,0.1595769103353247,0.1586261515924204,137.75869035720825,430.27877311706544,,,,domain,Brain
973,Slideseq,Mouse OB,GSM5173942_OB1_Slide18,SpatialMGCN,0.2387060289287753,0.2700206599231969,0.4517246292054883,0.563917582117287,0.2695762791276869,0.2704665082094996,0.2700206599231969,174.92747349739074,3201.318529510498,,,,domain,Brain
974,Slideseq,Mouse OB,GSM5173942_OB1_Slide18,stLearn,0.2469192012505911,0.3097320634610011,0.5065522989582165,0.5826856861780619,0.2775541462915418,0.3504730014054826,0.3097320634610011,9.626056337356568,2593.15992565155,,,,domain,Brain
975,Slideseq,Mouse OB,GSM5173943_OB1_Slide19,BASS,0.3067628303563676,0.2572847943715237,0.5569772087889142,0.7260415768135944,0.2971380060430161,0.2268578133971074,0.2572847943715238,1183.563629436493,3745.02,,,,domain,Brain
976,Slideseq,Mouse OB,GSM5173943_OB1_Slide19,Banksy,0.3131882296951097,0.3189320079867758,0.5699347124471823,0.7330285517122401,0.3534516795008413,0.2905550978818804,0.3189320079867758,22.04727277755737,1625.6886222839355,,,,domain,Brain
977,Slideseq,Mouse OB,GSM5173943_OB1_Slide19,CCST,0.3327937844918518,0.3446505673121907,0.6130130077754922,0.7662037436384025,0.3446017316577515,0.3497438783306971,0.3446505673121907,2824.1087775230408,9452.450831413267,,,,domain,Brain
978,Slideseq,Mouse OB,GSM5173943_OB1_Slide19,CellCharter,0.2350020712506681,0.2734494012772477,0.5021624086282082,0.6878633658242044,0.3193690613586912,0.2391701995138573,0.2734494012772477,474.3373620510101,152.67439346313478,,,,domain,Brain
979,Slideseq,Mouse OB,GSM5173943_OB1_Slide19,DeepST,0.251545916762099,0.2806468145377679,0.5295627732270021,0.7073406365910463,0.3104023820422695,0.2564589757938715,0.2806468145377679,794.0535424232482,10774.392396736144,,,,domain,Brain
980,Slideseq,Mouse OB,GSM5173943_OB1_Slide19,GraphST,0.3943904934583188,0.3663315274026074,0.6302572040584512,0.7668420598637109,0.3982217156971,0.3391702670918335,0.3663315274026074,31.09870915412903,4451.230066871643,,,,domain,Brain
981,Slideseq,Mouse OB,GSM5173943_OB1_Slide19,PRECAST,0.2233253851356548,0.2686545504230047,0.5156084794720801,0.737082722332442,0.2980450607312548,0.2445402053978181,0.2686545504230047,72.85880293846115,892.9,,,,domain,Brain
982,Slideseq,Mouse OB,GSM5173943_OB1_Slide19,SEDR,0.2364790003240779,0.274801018465957,0.5184249285764829,0.7152937117225913,0.3045720338770353,0.250731867645667,0.274801018465957,85.25344352722168,5001.827646827698,,,,domain,Brain
983,Slideseq,Mouse OB,GSM5173943_OB1_Slide19,STAGATE,0.3718504973390573,0.3474921207336373,0.6166255939622205,0.7781937376002761,0.3754678070817535,0.3233962573657943,0.3474921207336373,80.91862487792969,187.5303907394409,,,,domain,Brain
984,Slideseq,Mouse OB,GSM5173943_OB1_Slide19,SpaGCN,0.4575484167810271,0.4531335358223988,0.6629199111874644,0.8570689209005435,0.500344681427851,0.414063632294327,0.4531335358223987,439.1807539939881,3493.451191329956,,,,domain,Brain
985,Slideseq,Mouse OB,GSM5173943_OB1_Slide19,SpaceFlow,0.2530042964888471,0.2771740409629956,0.5335410681533191,0.7153799706719571,0.3022000215364975,0.255976279598635,0.2771740409629956,105.08636178970336,319.7142206192017,,,,domain,Brain
986,Slideseq,Mouse OB,GSM5173943_OB1_Slide19,SpatialMGCN,0.3410496938731887,0.3641000475730619,0.5875668952610611,0.8119554903821271,0.4014087706342685,0.3331368240028055,0.3641000475730619,97.0028145313263,1735.0998697280884,,,,domain,Brain
987,Slideseq,Mouse OB,GSM5173943_OB1_Slide19,stLearn,0.4257582736202353,0.4517164965992147,0.65019705678046,0.8536358147157767,0.4826367579378193,0.4245199609180804,0.4517164965992147,7.19232439994812,1529.43980884552,,,,domain,Brain
988,Slideseq,Mouse OB,GSM5173944_OB1_Slide20,BASS,0.0672151209447268,0.1443429858799546,0.5918662418996459,0.7431007404083464,0.1585271320885965,0.1324886238712986,0.1443429858799547,542.6402903556823,2731.3,,,,domain,Brain
989,Slideseq,Mouse OB,GSM5173944_OB1_Slide20,Banksy,0.669503997174838,0.5720433242844349,0.8890326892704404,0.9187794480592328,0.5227774228534361,0.6315608412897192,0.5720433242844349,12.548981618881225,660.2934169769287,,,,domain,Brain
990,Slideseq,Mouse OB,GSM5173944_OB1_Slide20,CCST,0.3369421049685791,0.2044692480516353,0.7797881829861764,0.8170518285842494,0.1938827721384521,0.2173101666206661,0.2044692480516353,502.46778655052185,1553.1032581329346,,,,domain,Brain
991,Slideseq,Mouse OB,GSM5173944_OB1_Slide20,CellCharter,0.3260625773153127,0.3359706908583829,0.7046621564466955,0.7901727619474983,0.3696954977172392,0.3079009311608057,0.3359706908583829,106.29991989135742,74.80998630523682,,,,domain,Brain
992,Slideseq,Mouse OB,GSM5173944_OB1_Slide20,DeepST,0.4256015552346158,0.3778183925673395,0.7479680704956676,0.8538927529728516,0.406258827955844,0.3637588634969286,0.3778183925673395,329.35386633872986,3938.6357666015615,,,,domain,Brain
993,Slideseq,Mouse OB,GSM5173944_OB1_Slide20,GraphST,-0.0822138280842242,0.0841630154037038,0.6247730431741075,0.7431007404083464,0.0781152087868767,0.0912258708157749,0.0841630154037038,16.604787588119507,749.3922693252564,,,,domain,Brain
994,Slideseq,Mouse OB,GSM5173944_OB1_Slide20,PRECAST,0.321606156959237,0.2597431720620445,0.707217623883379,0.7863554757630161,0.2833491550382672,0.2397679635102422,0.2597431720620445,1173.784272193908,605.6600000000001,,,,domain,Brain
995,Slideseq,Mouse OB,GSM5173944_OB1_Slide20,SEDR,0.2193907262403963,0.1775793116275074,0.8062692298661274,0.7998653803006506,0.1429551756413917,0.2857032888546792,0.1775793116275074,43.52396950721741,1191.5457931518554,,,,domain,Brain
996,Slideseq,Mouse OB,GSM5173944_OB1_Slide20,STAGATE,0.7779760737055824,0.6434803020785781,0.9180809398267676,0.945254655597936,0.6280599230975331,0.6596769551026642,0.6434803020785782,34.904649114608766,250.05902824401852,,,,domain,Brain
997,Slideseq,Mouse OB,GSM5173944_OB1_Slide20,SpaGCN,0.337822992125582,0.3040096071058474,0.7117131496998695,0.7922369306708549,0.3337737547417381,0.2791192538044516,0.3040096071058475,81.50838222503663,1102.5041988372802,,,,domain,Brain
998,Slideseq,Mouse OB,GSM5173944_OB1_Slide20,SpaceFlow,0.2614059792293268,0.1506957477188712,0.7007178014709312,0.7676912721561588,0.1572528714284732,0.144663586848259,0.1506957477188711,37.36291995048523,271.2002742767334,,,,domain,Brain
999,Slideseq,Mouse OB,GSM5173944_OB1_Slide20,SpatialMGCN,0.7382360384298469,0.6478540717207678,0.9097766810603244,0.9362800089746466,0.6040395951652053,0.6985218945190057,0.6478540717207677,47.21426401138306,314.2883485794067,,,,domain,Brain
1000,Slideseq,Mouse OB,GSM5173944_OB1_Slide20,stLearn,0.2518762155977316,0.224151234652915,0.6720387114070183,0.7522997531972179,0.2469508601563859,0.2052057342950424,0.224151234652915,2.7718424797058105,552.5974452972412,,,,domain,Brain
1001,Stereoseq,MOSAT,E16.5_E1S3_cell_bin_whole_brain_sub1,BASS,0.20383108055461116,0.45536198489595386,0.2512669247580301,0.5155753535605259,0.48673947654377014,0.42778497477085314,0.45536198489595386,4173.47534198761,22034.78,0.41751292754345515,0.0196145085726024,-0.1927421253937477,celltype,Brain
1002,Stereoseq,MOSAT,E16.5_E1S3_cell_bin_whole_brain_sub1,Banksy,0.2316229192382177,0.45054349156139484,0.2778268328561575,0.5079558905987166,0.47617183194833934,0.4275532719205509,0.45054349156139484,195.99019837379456,4413.854022598267,0.21054139928976384,0.01733990251349604,-0.15997938729841765,celltype,Brain
1003,Stereoseq,MOSAT,E16.5_E1S3_cell_bin_whole_brain_sub1,CCST,0.17024967083227435,0.3077005945220403,0.23050508233051184,0.3595726122982992,0.2983931554292591,0.3176464831447846,0.30770059452204024,20912.788738298415,44059.891705513,0.6491807364027163,0.03171461123011514,-0.3461520448503997,celltype,Brain
1004,Stereoseq,MOSAT,E16.5_E1S3_cell_bin_whole_brain_sub1,CellCharter,0.1902325658771799,0.41505496649790385,0.2383845213756563,0.4746869353934334,0.44799252406803747,0.38664192972729833,0.41505496649790385,1662.064974975586,875.2309766769409,0.166855647623201,0.015782903789021342,-0.10306793278035715,celltype,Brain
1005,Stereoseq,MOSAT,E16.5_E1S3_cell_bin_whole_brain_sub1,DeepST,0.2417335859828796,0.4474468332687258,0.2875700369254143,0.5039312192386767,0.46735457212103404,0.42920688700195236,0.4474468332687258,1160.6041259288788,36966.21601257324,0.10133325026478099,0.015301128243998522,-0.155820644383382,celltype,Brain
1006,Stereoseq,MOSAT,E16.5_E1S3_cell_bin_whole_brain_sub1,GraphST,0.2202474359198085,0.4404665358539832,0.2670104099791712,0.5058563329387578,0.4702066436707611,0.4142647009045534,0.4404665358539833,180.8829068183899,32356.496329689027,0.1618279234938633,0.014915290607748499,-0.1639214163495084,celltype,Brain
1007,Stereoseq,MOSAT,E16.5_E1S3_cell_bin_whole_brain_sub1,PRECAST,0.1811095610811221,0.3750857600703448,0.22889226673967616,0.4335555417107968,0.3991757186265252,0.3537379378815694,0.3750857600703448,4021.447208023071,2510.16,0.3444956700517101,0.0213813592577155,-0.2515010332627672,celltype,Brain
1008,Stereoseq,MOSAT,E16.5_E1S3_cell_bin_whole_brain_sub1,SEDR,0.2005310081678803,0.43620220423644085,0.24795298005662292,0.4980561958756463,0.46582606582638186,0.41013092960994396,0.43620220423644085,357.96449770927427,32198.732984542847,0.14239611239175126,0.014920437876678721,-0.17904020038187426,celltype,Brain
1009,Stereoseq,MOSAT,E16.5_E1S3_cell_bin_whole_brain_sub1,STAGATE,0.20140246616866792,0.43793098731426633,0.2490710725257122,0.49762631611737584,0.47052743277533915,0.40956296468939246,0.43793098731426633,343.76925430297854,873.768754196167,0.12672730670986226,0.01529828648227318,-0.1142233046317745,celltype,Brain
1010,Stereoseq,MOSAT,E16.5_E1S3_cell_bin_whole_brain_sub1,SpaGCN,0.2670725308048879,0.4410461948375084,0.320371722322524,0.45589059871659093,0.4303532525398713,0.45228404935195526,0.4410461948375084,1987.7604579925537,20170.11956806183,0.3115070712105164,0.019150064822123,-0.22712962930503894,celltype,Brain
1011,Stereoseq,MOSAT,E16.5_E1S3_cell_bin_whole_brain_sub1,SpaceFlow,0.1686200581587,0.39832152449832336,0.21736501528687305,0.45653230328328454,0.43248543169575965,0.369171088549752,0.3983215244983234,2442.673768854141,1501.7995460510253,0.38049965734222163,0.017864310083568223,-0.212961130253083,celltype,Brain
1012,Stereoseq,MOSAT,E16.5_E1S3_cell_bin_whole_brain_sub1,SpatialMGCN,0.1920582683502291,0.4352389750158895,0.23967132612697242,0.4986293688866737,0.46619927323882415,0.4081347428171279,0.4352389750158895,494.06643018722536,9137.410794067382,0.30035511806118,0.0172160598864927,-0.1946420481359269,celltype,Brain
1013,Stereoseq,MOSAT,E16.5_E1S3_cell_bin_whole_brain_sub1,stLearn,0.1863183462798455,0.4257896038663719,0.23448514703349574,0.46427013893215374,0.44310192531966874,0.4098462309900347,0.4257896038663719,24.999721908569335,5620.763905143738,0.6868855523020373,0.023016337644663577,-0.3202391500246607,celltype,Brain
1014,Stereoseq,Mouse Hemi-Brain,Cell_Bin_Data_Whole_sub1,BASS,0.0921231948543213,0.2836162362257958,0.1597786212615928,0.4014830970556161,0.3005851974826228,0.268460796462617,0.2836162362257957,3341.031928014755,16022.279999999999,0.465648854961832,0.0264449907648672,-0.3113369100731475,celltype,Brain
1015,Stereoseq,Mouse Hemi-Brain,Cell_Bin_Data_Whole_sub1,Banksy,0.07861615858394547,0.3053002319684409,0.16647923117775085,0.3999825517993457,0.307849868923811,0.30283700541581354,0.3053002319684409,146.44379506111144,3466.3670185089113,0.5291254089422028,0.025934000201017722,-0.26700271538027454,celltype,Brain
1016,Stereoseq,Mouse Hemi-Brain,Cell_Bin_Data_Whole_sub1,CCST,0.09888037551569034,0.2390197602486183,0.2025675705790851,0.3416881134133042,0.21674576782938568,0.2664472911456096,0.23901976024861823,10496.763087320327,23354.598569869995,0.718351145038168,0.03388463535716664,-0.447579038339555,celltype,Brain
1017,Stereoseq,Mouse Hemi-Brain,Cell_Bin_Data_Whole_sub1,CellCharter,0.07412584806816755,0.23333660602964085,0.13760884067720847,0.3629400218102508,0.25364236863268025,0.21604460708310252,0.23333660602964085,1640.7340626239777,891.8473140716553,0.4090556161395855,0.0212900669105694,-0.21972232259648367,celltype,Brain
1018,Stereoseq,Mouse Hemi-Brain,Cell_Bin_Data_Whole_sub1,DeepST,0.07549035231438642,0.22392881410341756,0.14067190766533783,0.3624601962922573,0.24020888149576297,0.20972833801203947,0.2239288141034176,901.9521127223968,27087.405320358277,0.24692693565976004,0.01945997426711668,-0.21172461206148974,celltype,Brain
1019,Stereoseq,Mouse Hemi-Brain,Cell_Bin_Data_Whole_sub1,GraphST,0.0801576366795556,0.2320385705381213,0.1477803030375289,0.3747437295528898,0.2470716789348765,0.21872992013673,0.2320385705381213,130.02195792198182,16736.17928123474,0.3071755725190839,0.0185462784824795,-0.2797966233853448,celltype,Brain
1020,Stereoseq,Mouse Hemi-Brain,Cell_Bin_Data_Whole_sub1,PRECAST,0.097374091426219,0.279773929074833,0.1607057500736723,0.3950272628135223,0.3058927325455193,0.2577645725403943,0.279773929074833,2482.3172680854796,1784.1599999999999,0.7755288985823336,0.0404286861331012,-0.22551055651536628,celltype,Brain
1021,Stereoseq,Mouse Hemi-Brain,Cell_Bin_Data_Whole_sub1,SEDR,0.05619368618274993,0.19268038134575793,0.12112508877907371,0.33941984732824426,0.20719072579842251,0.18007476741860184,0.19268038134575793,261.2449520111084,18837.699768066406,0.1425430752453653,0.016322006822817918,-0.2267108511188455,celltype,Brain
1022,Stereoseq,Mouse Hemi-Brain,Cell_Bin_Data_Whole_sub1,STAGATE,0.05796573752163906,0.1930402904606913,0.1218070282230969,0.3413304252998909,0.20922663320858245,0.17917981231890465,0.19304029046069124,233.81977467536927,900.1632266998291,0.16064558342420937,0.01778949026026588,-0.2244841665116079,celltype,Brain
1023,Stereoseq,Mouse Hemi-Brain,Cell_Bin_Data_Whole_sub1,SpaGCN,0.11968703506125919,0.2933040098813343,0.1862196644202518,0.40972737186477637,0.3082758895101235,0.2797190365270482,0.2933040098813343,599.3847836494446,10529.461441612244,0.6391712104689204,0.029297759025812005,-0.2791444519401084,celltype,Brain
1024,Stereoseq,Mouse Hemi-Brain,Cell_Bin_Data_Whole_sub1,SpaceFlow,0.06956422240385336,0.1860180628886454,0.13307797633039353,0.33533696837513627,0.2016303704932699,0.17265083178964552,0.18601806288864542,472.42793493270875,680.7861427307129,0.14059760087240997,0.01671123592387736,-0.18678190538835554,celltype,Brain
1025,Stereoseq,Mouse Hemi-Brain,Cell_Bin_Data_Whole_sub1,SpatialMGCN,0.0777882586886167,0.2672423962644911,0.1444255064777251,0.3873936750272628,0.2851154482116577,0.2514779787093141,0.2672423962644912,397.0951042175293,4937.336717033386,0.4420501635768811,0.0245147996088165,-0.2257644633077766,celltype,Brain
1026,Stereoseq,Mouse Hemi-Brain,Cell_Bin_Data_Whole_sub1,stLearn,0.10030411222538238,0.3072740095895385,0.1671721040577066,0.4134089422028353,0.32334613923789285,0.2927320893961463,0.3072740095895385,22.198375082015993,4207.192138671875,0.8224122137404579,0.03437426104282354,-0.37954010543085603,celltype,Brain
1027,Stereoseq,Mouse Hemi-Brain,Cell_Bin_Data_Whole_sub2,BASS,0.1548370098412243,0.3690213957628361,0.21787592404657624,0.49393900727319123,0.3904658689147897,0.3498097649641845,0.369021395762836,3529.562485933304,16818.46,0.4961507379524478,0.0257456561417403,-0.2015547409716758,celltype,Brain
1028,Stereoseq,Mouse Hemi-Brain,Cell_Bin_Data_Whole_sub2,Banksy,0.1539468367239211,0.3874450364165828,0.2477950011521412,0.477759346688784,0.37300941213207583,0.40345696675177756,0.3874450364165828,103.6784656047821,3205.6207986831664,0.3998979201224958,0.024712275444478023,-0.17304132037093573,celltype,Brain
1029,Stereoseq,Mouse Hemi-Brain,Cell_Bin_Data_Whole_sub2,CCST,0.14374801193819692,0.26775989302599496,0.24200262230190878,0.3685168644464293,0.24172268235444463,0.3002943528192653,0.267759893025995,10819.098672103883,24438.33160457611,0.6540512951384458,0.03395898448878072,-0.25369210252463004,celltype,Brain
1030,Stereoseq,Mouse Hemi-Brain,Cell_Bin_Data_Whole_sub2,CellCharter,0.12150795232333925,0.3042513861546611,0.18368776531526826,0.4312534558291863,0.3284382518013734,0.2833871657134929,0.3042513861546611,1663.019676589966,862.9032945632935,0.377797626642848,0.021085921148139418,-0.13062580227348247,celltype,Brain
1031,Stereoseq,Mouse Hemi-Brain,Cell_Bin_Data_Whole_sub2,DeepST,0.13861382465524322,0.3107373400883472,0.2011338587151461,0.45189911105440006,0.3320405190487149,0.2920135309901384,0.3107373400883472,961.4952184200287,27868.534954833984,0.2495002339330526,0.01987100049935554,-0.15463045451963253,celltype,Brain
1032,Stereoseq,Mouse Hemi-Brain,Cell_Bin_Data_Whole_sub2,GraphST,0.1360750308343018,0.3115885875237419,0.20053988075975798,0.4501297265109948,0.3277952514796393,0.2969089845799721,0.311588587523742,176.82052931785583,17573.944620323182,0.3412019905576113,0.0185839974846441,-0.117755509306124,celltype,Brain
1033,Stereoseq,Mouse Hemi-Brain,Cell_Bin_Data_Whole_sub2,PRECAST,0.1468237147904048,0.3417157682205846,0.21009178828882166,0.4707783921735431,0.362481969446821,0.323199989286573,0.3417157682205845,2554.282648038864,1830.4,0.5253083794130158,0.0354708085672521,-0.20738395980175647,celltype,Brain
1034,Stereoseq,Mouse Hemi-Brain,Cell_Bin_Data_Whole_sub2,SEDR,0.10216691167143672,0.28008477129933734,0.16603233150242566,0.40955297520309647,0.2969846086928836,0.265015887680401,0.28008477129933734,373.85342679023745,19634.54781322479,0.1794479179958317,0.0172164598293962,-0.15298327445225168,celltype,Brain
1035,Stereoseq,Mouse Hemi-Brain,Cell_Bin_Data_Whole_sub2,STAGATE,0.1065596860473691,0.27618807204488655,0.1694887405722135,0.416902726383395,0.294449114463933,0.2600622600390836,0.27618807204488655,179.90835876464843,870.7078283309936,0.13886266003147457,0.017465219385673098,-0.10647482765014513,celltype,Brain
1036,Stereoseq,Mouse Hemi-Brain,Cell_Bin_Data_Whole_sub2,SpaGCN,0.164024185670145,0.3374887892812646,0.2307063139192404,0.4458763982816554,0.3398213818710447,0.3351880010169987,0.3374887892812646,808.9338341712952,11036.892030334473,0.48853728042193023,0.0247957741206636,-0.2602478958833841,celltype,Brain
1037,Stereoseq,Mouse Hemi-Brain,Cell_Bin_Data_Whole_sub2,SpaceFlow,0.10046104416161328,0.26840626305463905,0.16226379537348673,0.4028752498830334,0.2897396586610922,0.25000079341815173,0.2684062630546391,406.1827954292297,668.8207124710083,0.3636170303262302,0.02012723998116482,-0.16764928683948993,celltype,Brain
1038,Stereoseq,Mouse Hemi-Brain,Cell_Bin_Data_Whole_sub2,SpatialMGCN,0.1319227882277072,0.33906618818306,0.1950345346061633,0.4687593041555016,0.3603179547880025,0.3201816827024134,0.33906618818306,289.32609419822694,5203.388198089599,0.45174599123814374,0.0243435325572712,-0.1906452802845097,celltype,Brain
1039,Stereoseq,Mouse Hemi-Brain,Cell_Bin_Data_Whole_sub2,stLearn,0.14919650545330426,0.3686597999347411,0.2158990601171374,0.46620730721789794,0.3730619731230112,0.3644212168413695,0.3686597999347411,20.674097728729247,4248.943379974366,0.7357577304240568,0.030741643858946323,-0.23485401382572557,celltype,Brain
1040,Stereoseq,Mouse Hemi-Brain,Data_Whole_sub1,BASS,0.5836211987003406,0.7052571382353664,0.6202920832024552,0.7731650253006148,0.7327580645020554,0.67974579960844,0.7052571382353665,3650.4773559570312,13274.02,0.0582730290004896,0.0225428424181473,-0.1674595945072514,domain,Brain
1041,Stereoseq,Mouse Hemi-Brain,Data_Whole_sub1,Banksy,0.5042977273913501,0.6440202822685499,0.5455611388986414,0.7137167419337287,0.6642776459372339,0.6249634854508076,0.6440202822685499,62.256039476394655,2610.4007579803465,0.05801186136351266,0.02237170652892076,-0.1884165443245791,domain,Brain
1042,Stereoseq,Mouse Hemi-Brain,Data_Whole_sub1,CCST,0.44683393098603796,0.6303953289357345,0.4962100454334547,0.6465857772457696,0.6231913396388045,0.6378252319459855,0.6303953289357344,6612.145520019531,15502.662653541565,0.0463790195331628,0.022408011699613338,-0.22722311379518065,domain,Brain
1043,Stereoseq,Mouse Hemi-Brain,Data_Whole_sub1,CellCharter,0.4510986979904077,0.6398057517537512,0.49892996023557795,0.6846727243049132,0.6748733772620953,0.6082061138068744,0.6398057517537511,1131.4164674282074,1194.2886987686156,0.07914467598890033,0.02252768650582746,-0.14550237004801705,domain,Brain
1044,Stereoseq,Mouse Hemi-Brain,Data_Whole_sub1,DeepST,0.5642022805255215,0.6775643338402284,0.6021547184760483,0.740051145328908,0.7048447516034514,0.652335261300147,0.6775643338402284,832.2704191207886,21430.874165725712,0.09448827466129818,0.02265405599199008,-0.16285679492012325,domain,Brain
1045,Stereoseq,Mouse Hemi-Brain,Data_Whole_sub1,GraphST,0.5940018576120145,0.6629463727022954,0.6293357211123504,0.7283312476195658,0.6676965843140774,0.6582632727504792,0.6629463727022953,125.17040376663208,13528.243858337402,0.029326949235540502,0.0218470165778681,-0.2322897427483183,domain,Brain
1046,Stereoseq,Mouse Hemi-Brain,Data_Whole_sub1,PRECAST,0.41543203970108966,0.6027414147358581,0.46283184506339514,0.6839986766651963,0.6285631695491156,0.5789574911647725,0.602741414735858,1137.3234239578246,1690.22,0.2552933392148213,0.0278681497476982,-0.2055347041407615,domain,Brain
1047,Stereoseq,Mouse Hemi-Brain,Data_Whole_sub1,SEDR,0.5332447741833628,0.6714015288976988,0.5724757052451419,0.7427498775776702,0.6915720540854498,0.6524032745828784,0.6714015288976987,106.87268209457397,13252.670566558838,0.08103814135698346,0.02233411309020842,-0.17318200044109228,domain,Brain
1048,Stereoseq,Mouse Hemi-Brain,Data_Whole_sub1,STAGATE,0.5645333660802999,0.6808329910564352,0.6017412351930826,0.7471461994667827,0.70493441533812,0.6583301249216416,0.6808329910564352,140.22336115837098,1209.599447631836,0.04894716796343648,0.02220496383511562,-0.21247668178904489,domain,Brain
1049,Stereoseq,Mouse Hemi-Brain,Data_Whole_sub1,SpaGCN,0.6238102988665457,0.7091685031273742,0.6556316103000012,0.7713694977963981,0.7149161967589253,0.7035124915754241,0.7091685031273741,154.7544466972351,8290.646809196473,0.1431525110180097,0.0244868919307397,-0.2296676269616944,domain,Brain
1050,Stereoseq,Mouse Hemi-Brain,Data_Whole_sub1,SpaceFlow,0.4691903861143107,0.6432380079467083,0.5137458109388893,0.6845747864410469,0.6712955681558135,0.6174349417111106,0.6432380079467082,165.17295861244202,903.8515640258789,0.04845747864410462,0.022254274585735558,-0.13909413352103903,domain,Brain
1051,Stereoseq,Mouse Hemi-Brain,Data_Whole_sub1,SpatialMGCN,0.5532911997974919,0.6781831583895145,0.590719630016273,0.7279503781489743,0.6937690802024701,0.6632821431693632,0.6781831583895144,251.65210390090942,3481.7626316070555,0.0907557538495021,0.0230787351225414,-0.20599313829385396,domain,Brain
1052,Stereoseq,Mouse Hemi-Brain,Data_Whole_sub1,stLearn,0.5308558445710923,0.651917294585705,0.5701426082427608,0.7238043419119647,0.6626015726476863,0.6416045210880847,0.651917294585705,16.49226312637329,3663.155334854126,0.40556069427063496,0.02819735864123064,-0.30212445767578233,domain,Brain
1053,Stereoseq,Mouse Hemi-Brain,Data_Whole_sub2,BASS,0.4906157351113579,0.7066341786214292,0.5596780408985368,0.8107723277851427,0.7601905129081162,0.6601274100617618,0.7066341786214291,3299.893745994568,14954.579999999998,0.0641724358030146,0.0223772055494619,-0.0484862777956787,domain,Brain
1054,Stereoseq,Mouse Hemi-Brain,Data_Whole_sub2,Banksy,0.4254451203337949,0.6291831210191577,0.4944752135982428,0.7404725647197524,0.670864072890288,0.592412325996051,0.6291831210191577,65.4607602596283,2837.2882577896116,0.06679766173797703,0.02198671137389858,-0.09937189573769709,domain,Brain
1055,Stereoseq,Mouse Hemi-Brain,Data_Whole_sub2,CCST,0.4033298837917756,0.6066334749696686,0.4723042390312712,0.6957332940541071,0.6070415680266059,0.6062890792703299,0.6066334749696686,8026.905955934524,18805.4472240448,0.04414003044140023,0.021901897369359498,-0.059839013521328276,domain,Brain
1056,Stereoseq,Mouse Hemi-Brain,Data_Whole_sub2,CellCharter,0.3799007334759213,0.6380060292275646,0.4597160833820432,0.7295388695182439,0.6985040148445935,0.5871722784366021,0.6380060292275646,1199.0460099220277,1225.420789718628,0.07659971516967042,0.02234978501882212,-0.0668173739443321,domain,Brain
1057,Stereoseq,Mouse Hemi-Brain,Data_Whole_sub2,DeepST,0.42587252754699934,0.6723748705492486,0.501272895319468,0.7786910197869102,0.7286950278972344,0.6241797557568056,0.6723748705492486,906.312712097168,24018.85879573822,0.10270535670447287,0.02253974065538844,-0.08019622467506245,domain,Brain
1058,Stereoseq,Mouse Hemi-Brain,Data_Whole_sub2,GraphST,0.42634440611496405,0.6321350428697973,0.4965181582891477,0.7381548583492905,0.6765436289263457,0.5931973395557025,0.6321350428697972,128.25066633224486,16518.857863044737,0.0270535670447292,0.0215570453619844,-0.10810032746602241,domain,Brain
1059,Stereoseq,Mouse Hemi-Brain,Data_Whole_sub2,PRECAST,0.3849692463510284,0.6405616444374114,0.46011436211857787,0.757815611310235,0.6915142972897396,0.5966023610062895,0.6405616444374115,1224.9444479942322,1758.98,0.1854838709677419,0.0258522230582648,-0.12453506448520231,domain,Brain
1060,Stereoseq,Mouse Hemi-Brain,Data_Whole_sub2,SEDR,0.48675340694944663,0.6751517475011222,0.5540831452182942,0.7944321696862572,0.724050221588954,0.6324979786188244,0.6751517475011222,104.80977077484131,15612.832320976257,0.07477782687681049,0.02188021260581918,-0.08485444555379909,domain,Brain
1061,Stereoseq,Mouse Hemi-Brain,Data_Whole_sub2,STAGATE,0.42865324056364695,0.6736462380182238,0.4987545188505461,0.7837776795797123,0.7222534597806183,0.6311771364973208,0.6736462380182238,161.70252366065978,1241.5171813964844,0.05115137231796528,0.021849246765898462,-0.12707586316869493,domain,Brain
1062,Stereoseq,Mouse Hemi-Brain,Data_Whole_sub2,SpaGCN,0.5444399269577899,0.7222206415797555,0.6028710327173754,0.8419993126135414,0.7629299765660843,0.6856356691804879,0.7222206415797556,289.4680739402771,9266.36800479889,0.1767074188638484,0.0237360220554346,-0.1685971284001776,domain,Brain
1063,Stereoseq,Mouse Hemi-Brain,Data_Whole_sub2,SpaceFlow,0.3565987936330592,0.597634704052808,0.43305241720287524,0.6809741248097412,0.6456295171301825,0.5563545619369172,0.597634704052808,953.4146112918854,1114.5690839767456,0.15873717287769423,0.02290398085873636,-0.1246588672885034,domain,Brain
1064,Stereoseq,Mouse Hemi-Brain,Data_Whole_sub2,SpatialMGCN,0.4710961477312655,0.6803298478500297,0.5363558704551901,0.7941768547159621,0.7224315636087109,0.6428650903969216,0.6803298478500297,248.91068272590638,4140.553882217408,0.1814209260077576,0.0239254878320749,-0.2092121433370359,domain,Brain
1065,Stereoseq,Mouse Hemi-Brain,Data_Whole_sub2,stLearn,0.41292051375501265,0.6418962867389005,0.4823189312881831,0.758491677713949,0.6765257496789759,0.6107568843913964,0.6418962867389005,17.8333477973938,4006.964136505127,0.37346688270241074,0.02705400603232826,-0.19983054666453684,domain,Brain
1066,Stereoseq,Mouse Olfactory Bulb,S1_sub1,BASS,0.42067911914000683,0.5330383373643793,0.49417335294639664,0.6265277616109882,0.5337547087875325,0.5323238862996325,0.5330383373643792,8410.889578056336,27188.54,0.0864858572925154,0.0183154964859928,-0.1513671632439456,domain,Brain
1067,Stereoseq,Mouse Olfactory Bulb,S1_sub1,Banksy,0.214205742269304,0.3330059602072029,0.38613089737822726,0.40291002211616805,0.2778249048801554,0.41589730204631514,0.3330059602072029,159.41125087738038,4625.997455596924,0.10119310906762888,0.017912129140054918,-0.21830530252528302,domain,Brain
1068,Stereoseq,Mouse Olfactory Bulb,S1_sub1,CCST,0.3093530492695941,0.4396631599186458,0.41848182330799766,0.4768827843091607,0.4021749452919031,0.4855052757021234,0.4396631599186458,16794.7515815258,51683.00757598877,0.02592829705505758,0.017373641996189397,-0.27557425510785827,domain,Brain
1069,Stereoseq,Mouse Olfactory Bulb,S1_sub1,CellCharter,0.21154959607734042,0.38303531801263857,0.3024910854723017,0.4793330229309742,0.39779050595196486,0.3693525918761857,0.38303531801263857,1694.272704219818,1138.11169090271,0.3631009195669887,0.02026477536006894,-0.13087366640143955,domain,Brain
1070,Stereoseq,Mouse Olfactory Bulb,S1_sub1,DeepST,0.2964376810102208,0.46199025296192797,0.3818187739113565,0.5417180770573856,0.4667566139625892,0.45761117184819416,0.46199025296192797,2310.8222740650176,43797.22854442596,0.09080433011290881,0.01759499624058634,-0.22095113903248728,domain,Brain
1071,Stereoseq,Mouse Olfactory Bulb,S1_sub1,GraphST,0.2992207178807903,0.4340182211496207,0.3935133901270682,0.536375276452101,0.4306892488084243,0.43739905632158893,0.43401822114962074,331.6459305763245,47085.04272994995,0.0442905366080782,0.0173691196114433,-0.1692550495749786,domain,Brain
1072,Stereoseq,Mouse Olfactory Bulb,S1_sub1,PRECAST,0.007356760879628199,0.025632904809268796,0.125169115712615,0.23663667429538832,0.026664917495044505,0.0246777995768931,0.025632904809268796,1683.4714480400085,2264.08,0.9887763739536635,0.0339182975730655,-0.0546866482070832,domain,Brain
1073,Stereoseq,Mouse Olfactory Bulb,S1_sub1,SEDR,0.3459601978247772,0.47376132758487904,0.42779236765798867,0.5647829123501339,0.47375763794439596,0.47392595546731764,0.47376132758487904,227.35787329673767,40793.59680767059,0.08439646141310671,0.01772124902553158,-0.13879552692160474,domain,Brain
1074,Stereoseq,Mouse Olfactory Bulb,S1_sub1,STAGATE,0.36569993502921266,0.475000374874854,0.44941163359344866,0.5939413339541381,0.4736559405750482,0.4763669859260024,0.475000374874854,328.63876543045046,1697.6296627044678,0.10634966825747871,0.017968872729342823,-0.14174752125353896,domain,Brain
1075,Stereoseq,Mouse Olfactory Bulb,S1_sub1,SpaGCN,0.371976375788444,0.5019921701386155,0.4479187700411787,0.59573972762193,0.5089486943740127,0.49522325102017406,0.5019921701386155,1047.6041353702544,23582.62916545868,0.3082877429868467,0.0204578569858082,-0.12363061657674082,domain,Brain
1076,Stereoseq,Mouse Olfactory Bulb,S1_sub1,SpaceFlow,0.27895078624441594,0.43603693382733866,0.3636878271155865,0.5317076009777674,0.4486365314779567,0.4242244122430371,0.43603693382733866,519.6238570213318,833.3523710250854,0.08140495867768589,0.01741484087638564,-0.15235509333257607,domain,Brain
1077,Stereoseq,Mouse Olfactory Bulb,S1_sub1,SpatialMGCN,0.3178609122176535,0.4550187052951059,0.3977344834702122,0.5745838668373879,0.47181544778930923,0.43937678686803394,0.4550187052951059,392.778066444397,10560.439725494385,0.0414096147130718,0.0173543834662156,-0.146829423059993,domain,Brain
1078,Stereoseq,Mouse Olfactory Bulb,S1_sub1,stLearn,0.4058799735772503,0.517845501823441,0.4791404112667731,0.6314282388546153,0.5233482385194342,0.5126248440342305,0.5178455018234409,35.801855897903444,14069.870973968505,0.36549295774647883,0.02070381713744558,-0.19053056455903866,domain,Brain
1079,Stereoseq,Mouse Olfactory Bulb,S1_sub2,BASS,0.46705658829306274,0.5500334251797139,0.5372293059992097,0.671097125681007,0.5649486323838052,0.5358855132982592,0.5500334251797139,4192.948970079422,31400.879999999997,0.0932275032876197,0.020066540636238,-0.1272471964465212,domain,Brain
1080,Stereoseq,Mouse Olfactory Bulb,S1_sub2,Banksy,0.2583112830582629,0.39823858311069965,0.3871915787278485,0.4913864362201766,0.3694186853092652,0.43229674326933987,0.39823858311069965,97.09096455574036,2862.883634185791,0.09285177531467213,0.019912181154921042,-0.2255537113031277,domain,Brain
1081,Stereoseq,Mouse Olfactory Bulb,S1_sub2,CCST,0.345366299299961,0.4682902504599008,0.446119505162028,0.5504884463648319,0.44305577360152804,0.4965768061229925,0.4682902504599008,6548.629475688935,20648.75698299408,0.0275502536163817,0.019074636853754,-0.20984512458496116,domain,Brain
1082,Stereoseq,Mouse Olfactory Bulb,S1_sub2,CellCharter,0.25577498954346817,0.4212862904362332,0.34848405666899884,0.5396111215479993,0.443778215941416,0.40103174085417753,0.4212862904362331,1402.1695923805237,660.5835050582886,0.2656302836746195,0.022010772949184798,-0.14260171711846276,domain,Brain
1083,Stereoseq,Mouse Olfactory Bulb,S1_sub2,DeepST,0.33557449061144007,0.4668984164778661,0.4237218425439598,0.5590268645500658,0.47458985459397446,0.45999168116000383,0.466898416477866,1232.5542585849762,25036.640715026857,0.09721961300018785,0.01936395823392838,-0.1876708654746408,domain,Brain
1084,Stereoseq,Mouse Olfactory Bulb,S1_sub2,GraphST,0.3374550651084763,0.4411581005163824,0.43733478291641054,0.5614784895735487,0.4355580770187479,0.44690399993338736,0.4411581005163824,141.2412160396576,18537.62638874054,0.0483280105203832,0.0191166308210269,-0.1774490106130402,domain,Brain
1085,Stereoseq,Mouse Olfactory Bulb,S1_sub2,PRECAST,0.0214016366821977,0.0343295132804289,0.1412393049461197,0.2704086806611905,0.0363734693996592,0.0325030499557267,0.0343295132804289,1043.6420120239259,1451.1799999999998,0.9765236791400469,0.0425601153667362,-0.0616649584262937,domain,Brain
1086,Stereoseq,Mouse Olfactory Bulb,S1_sub2,SEDR,0.375521375426502,0.4677505303199653,0.4606617382936048,0.5636952846139395,0.47257425684173276,0.4630738771981749,0.4677505303199652,110.86273860931396,18905.50108604431,0.09664662784144276,0.019641553655738542,-0.19120733211340063,domain,Brain
1087,Stereoseq,Mouse Olfactory Bulb,S1_sub2,STAGATE,0.336380703150388,0.4841861494309687,0.42056096062686815,0.6352808566597783,0.5087885561336535,0.4618533021076929,0.4841861494309686,173.44539370536805,1030.8895458221436,0.11071764042832981,0.020068769740153904,-0.13458088465641097,domain,Brain
1088,Stereoseq,Mouse Olfactory Bulb,S1_sub2,SpaGCN,0.4485758526071903,0.5445399206502697,0.527020330295099,0.6473792973886906,0.5395153731322269,0.5496589359367053,0.5445399206502698,696.5194799900055,10650.005434799194,0.21017283486755592,0.0218506297584773,-0.1306285847323691,domain,Brain
1089,Stereoseq,Mouse Olfactory Bulb,S1_sub2,SpaceFlow,0.3231627734028198,0.4584029991712753,0.40916886132065844,0.592861168513996,0.47835195727355406,0.44006760004882384,0.4584029991712753,155.8417760848999,513.9338676452637,0.04676873943265072,0.01900530978646166,-0.14090695718216686,domain,Brain
1090,Stereoseq,Mouse Olfactory Bulb,S1_sub2,SpatialMGCN,0.3682741664568469,0.47154395483116734,0.4497710780835534,0.6171331955664099,0.4905944864614632,0.4539176410093993,0.47154395483116734,197.7464693069458,4399.036058616638,0.0673962051474732,0.0194781069878102,-0.1523510918938771,domain,Brain
1091,Stereoseq,Mouse Olfactory Bulb,S1_sub2,stLearn,0.3450068184906214,0.4972869205669557,0.43115659804281387,0.6253240653766673,0.5074385417788108,0.4876307272871753,0.4972869205669557,24.17659878730774,8493.858385276795,0.3851775314672177,0.024599336240215,-0.1802701880449095,domain,Brain
1092,Stereoseq,Mouse Olfactory Bulb,S1_sub3,BASS,0.4065299077647267,0.5375006710274091,0.4779109605571611,0.622325480873136,0.5342828209162914,0.54075751659071,0.5375006710274091,6009.588291978836,24715.739999999998,0.0843238959729126,0.0197412657353273,-0.127793876715759,domain,Brain
1093,Stereoseq,Mouse Olfactory Bulb,S1_sub3,Banksy,0.2422208779479753,0.3653219723155639,0.4003332691135624,0.45207838052013544,0.3123783336885011,0.44113522944757816,0.36532197231556396,98.32887182235717,3770.0056121826174,0.09195302932065408,0.0192306339351867,-0.3403670330939468,domain,Brain
1094,Stereoseq,Mouse Olfactory Bulb,S1_sub3,CCST,0.3139953170764492,0.44463693008701155,0.42554291173557834,0.4774439881852892,0.4027265562354181,0.4966982434798111,0.4446369300870116,10899.048059082032,34283.885277557376,0.02826165261868736,0.01862896751232708,-0.3476580260714818,domain,Brain
1095,Stereoseq,Mouse Olfactory Bulb,S1_sub3,CellCharter,0.24507684142557698,0.4034324234013254,0.330625484824743,0.48841582018586555,0.41392557732638713,0.39348485618448803,0.4034324234013253,1724.0502527713775,1021.6457237243652,0.28407895684748935,0.02093856007167918,-0.14760890535938614,domain,Brain
1096,Stereoseq,Mouse Olfactory Bulb,S1_sub3,DeepST,0.2917847980254789,0.4561981249553805,0.37208854315038603,0.538433830415676,0.46441844796338394,0.44827293084633435,0.4561981249553805,1682.9816493034364,34014.89252777099,0.09645558677328721,0.01879390942640064,-0.16482133003023441,domain,Brain
1097,Stereoseq,Mouse Olfactory Bulb,S1_sub3,GraphST,0.3121610610228852,0.4432855558129032,0.3992962365308294,0.5502125207117643,0.4393915425952395,0.4472492058845855,0.4432855558129032,242.76095986366272,31086.20490474701,0.0396585260427923,0.0185023616834555,-0.1742242670720508,domain,Brain
1098,Stereoseq,Mouse Olfactory Bulb,S1_sub3,PRECAST,0.0091920183184351,0.0327736725282235,0.1287426181751615,0.24931527693244063,0.0335313171409098,0.0320495095568454,0.0327736725282235,1396.1972519874573,1828.56,0.9818548387096774,0.0353726199510895,-0.058713883698874605,domain,Brain
1099,Stereoseq,Mouse Olfactory Bulb,S1_sub3,SEDR,0.31913334416134503,0.4657436115720414,0.3994839211984003,0.545940494200706,0.4685071426268105,0.46317782521868534,0.46574361157204136,163.4577310562134,28761.35054836273,0.07511706649376841,0.01879962159134766,-0.1217749756361201,domain,Brain
1100,Stereoseq,Mouse Olfactory Bulb,S1_sub3,STAGATE,0.36376802149564275,0.4909890103557134,0.441872916666151,0.6093076867660832,0.4918085454448374,0.4901722405884037,0.4909890103557134,219.36481499671936,1409.9818292617797,0.10188026799221953,0.019273394225170222,-0.14628089344541445,domain,Brain
1101,Stereoseq,Mouse Olfactory Bulb,S1_sub3,SpaGCN,0.43792272057631704,0.5596280612112722,0.5082711725715683,0.64851235501765,0.5533185794179803,0.5660830965636282,0.5596280612112722,827.4846244812012,15732.175370597839,0.24645198472732507,0.0210784203666684,-0.13004124415052,domain,Brain
1102,Stereoseq,Mouse Olfactory Bulb,S1_sub3,SpaceFlow,0.2945498349998727,0.4487438528341454,0.3739421830562166,0.5450471868021036,0.45996122646447224,0.43808501689486457,0.4487438528341454,300.62686076164243,675.4591083526611,0.07763129457531873,0.01869020413786498,-0.14113058467760847,domain,Brain
1103,Stereoseq,Mouse Olfactory Bulb,S1_sub3,SpatialMGCN,0.2879934772053582,0.443285398011566,0.3695650043246052,0.5639002953677689,0.4511518728145315,0.43568854827324943,0.443285398011566,272.3231380939484,7178.431599998474,0.0461422087745839,0.0185394653892192,-0.1647618202674441,domain,Brain
1104,Stereoseq,Mouse Olfactory Bulb,S1_sub3,stLearn,0.4110509337067342,0.545850784315866,0.4778729835125273,0.6551040991283049,0.5603412900226725,0.5320913324873675,0.545850784315866,31.290859985351563,11356.155333900451,0.3948562783661119,0.02257524097865498,-0.13423651155923108,domain,Brain
1105,Stereoseq,Mouse Olfactory Bulb,S1_sub4,BASS,0.411129613379135,0.5204401158670948,0.48632452716661,0.6427079852990311,0.5280451954500059,0.513050987766553,0.5204401158670949,4997.926448011398,26531.340000000004,0.10562145005011689,0.0205759182691891,-0.1262505547690753,domain,Brain
1106,Stereoseq,Mouse Olfactory Bulb,S1_sub4,Banksy,0.266822700136074,0.3836191358777661,0.4176106418791103,0.4261025726695623,0.3302338392783012,0.45801160457968837,0.3836191358777661,104.52664041519165,3218.01789932251,0.08200801871032407,0.0201001697370271,-0.22465201939673635,domain,Brain
1107,Stereoseq,Mouse Olfactory Bulb,S1_sub4,CCST,0.2989213657318682,0.445410149940799,0.4244297699736574,0.44588205813564985,0.388846773556497,0.521742780916651,0.445410149940799,8226.399054336547,25890.003488731385,0.01864350150350812,0.01949343594369634,-0.31784358088625236,domain,Brain
1108,Stereoseq,Mouse Olfactory Bulb,S1_sub4,CellCharter,0.22794534012241097,0.38722993864487526,0.31992831085490925,0.4927831607083194,0.40306244552189135,0.37260351313526463,0.3872299386448752,1663.9791862487793,836.2711071014404,0.3049114600735048,0.02258178202290188,-0.14410015556745748,domain,Brain
1109,Stereoseq,Mouse Olfactory Bulb,S1_sub4,DeepST,0.27526810216199193,0.43347847124803734,0.3642861577645129,0.5161042432342132,0.4446204325572244,0.4231894008397782,0.4334784712480374,1408.3857011318207,28643.5610376358,0.12035583027063143,0.019936797248042797,-0.1506649221621688,domain,Brain
1110,Stereoseq,Mouse Olfactory Bulb,S1_sub4,GraphST,0.2981688109804354,0.4446470326677267,0.3948823696999814,0.5458987637821584,0.4359342495070081,0.45371519399356874,0.4446470326677267,189.50801892280577,23305.971665382385,0.030696625459405203,0.0194585036878371,-0.2793102108490099,domain,Brain
1111,Stereoseq,Mouse Olfactory Bulb,S1_sub4,PRECAST,0.0204039012054893,0.042656604791181,0.1487315274206815,0.2701324714344243,0.0439944681568966,0.04139770839342,0.042656604791181,1161.6892339706421,1600.72,0.965675786406883,0.0380701245033894,-0.087306387586405,domain,Brain
1112,Stereoseq,Mouse Olfactory Bulb,S1_sub4,SEDR,0.3036183929218398,0.44469542056348327,0.3946171224796504,0.5156949548947545,0.4454713897552864,0.44415314934774325,0.44469542056348327,144.43907146453859,22713.5815908432,0.10373371199465413,0.019962410604460863,-0.18825015179992577,domain,Brain
1113,Stereoseq,Mouse Olfactory Bulb,S1_sub4,STAGATE,0.3505384901006118,0.4763500391925278,0.43350168394485156,0.61111760775142,0.48388297701485133,0.4690811738274223,0.4763500391925278,190.28641085624696,1197.932863998413,0.09437019712662877,0.02030186710214174,-0.176280220356475,domain,Brain
1114,Stereoseq,Mouse Olfactory Bulb,S1_sub4,SpaGCN,0.4365837476618234,0.5423361679716948,0.511094344047096,0.6310975609756098,0.5340607684110148,0.5508720625630321,0.5423361679716949,1428.8961871147155,12445.959615135193,0.177121617106582,0.02148801058271,-0.1275630257586238,domain,Brain
1115,Stereoseq,Mouse Olfactory Bulb,S1_sub4,SpaceFlow,0.29611804520300467,0.44449663342631063,0.3836463614410851,0.5540344136318075,0.453390281563701,0.4361314667501658,0.4444966334263105,126.56525559425354,577.1671741485595,0.048738723688606725,0.01963152351437478,-0.19412134354724156,domain,Brain
1116,Stereoseq,Mouse Olfactory Bulb,S1_sub4,SpatialMGCN,0.2890832366461114,0.43645675351968427,0.3757658397902345,0.557968593384564,0.4505367527394767,0.4232301302369123,0.43645675351968427,240.4442792415619,5470.085670852661,0.0355830270631473,0.019552623964902,-0.1733230053509594,domain,Brain
1117,Stereoseq,Mouse Olfactory Bulb,S1_sub4,stLearn,0.3407574737174938,0.5018511311476884,0.42228262963890123,0.6241814233210825,0.5128611773600883,0.4914403377563562,0.5018511311476885,28.161895418167113,9752.501557922364,0.3595639826261276,0.02387604463400576,-0.1994621687541558,domain,Brain
1118,Stereoseq,Mouse Olfactory Bulb,S2_sub1,BASS,0.3433112545677021,0.4928165174072913,0.4458607077492197,0.578813785733369,0.4641184539632476,0.5252974943913108,0.49281651740729127,4982.789208030701,23472.86,0.0575407427197435,0.0183655798505104,-0.1284546819940912,domain,Brain
1119,Stereoseq,Mouse Olfactory Bulb,S2_sub1,Banksy,0.20066314529343873,0.3293094420510871,0.3956560614386989,0.36035933742986903,0.263979989324918,0.4387770734916677,0.3293094420510871,90.23561534881591,3977.3379945755005,0.06736574939887786,0.01816228975614416,-0.16316899184451422,domain,Brain
1120,Stereoseq,Mouse Olfactory Bulb,S2_sub1,CCST,0.2302981530123825,0.4026675957592468,0.37221987364320386,0.40799492385786795,0.35244527040698426,0.4699264558457993,0.4026675957592468,12895.04245300293,39420.83517456055,0.01864146406625696,0.01774999582043842,-0.2742873827561181,domain,Brain
1121,Stereoseq,Mouse Olfactory Bulb,S2_sub1,CellCharter,0.20794491396075432,0.37791176693399803,0.3049530960484093,0.4795752070531659,0.38908246077220915,0.36737963739512813,0.3779117669339981,1679.3473910331727,1000.7267316818237,0.3246994389527117,0.020401793440565162,-0.11009744325380225,domain,Brain
1122,Stereoseq,Mouse Olfactory Bulb,S2_sub1,DeepST,0.22727063919267784,0.4012962783426744,0.3263175432328752,0.47983569329414905,0.40390990793141024,0.3987860355325142,0.4012962783426743,2004.3498435020447,34496.73071308136,0.12009751536200904,0.01821644918559152,-0.22670868891455562,domain,Brain
1123,Stereoseq,Mouse Olfactory Bulb,S2_sub1,GraphST,0.3079051920647906,0.4187575388630611,0.4452916692620893,0.4650013358268768,0.3737842839017375,0.47603326231720866,0.4187575388630611,249.33194613456726,35984.50050010681,0.044516430670585,0.01774244655424,-0.2185544351376195,domain,Brain
1124,Stereoseq,Mouse Olfactory Bulb,S2_sub1,PRECAST,0.0191799633419516,0.0366574747818034,0.139044105188566,0.2444965716347888,0.0383858553964419,0.0350780337879136,0.0366574747818034,1358.352060031891,1976.56,0.978816311800794,0.0346474579571775,-0.0465299348490715,domain,Brain
1125,Stereoseq,Mouse Olfactory Bulb,S2_sub1,SEDR,0.22524694833134032,0.3980434098503379,0.3255933073863251,0.4714266631044616,0.399263185704926,0.3969462341677702,0.3980434098503379,185.8596722602844,31452.70739784241,0.10723350253807103,0.018103443798237202,-0.12980201205413197,domain,Brain
1126,Stereoseq,Mouse Olfactory Bulb,S2_sub1,STAGATE,0.29755391558387545,0.45025120759863546,0.3975916457477831,0.546186214266631,0.44478228623815647,0.4558581095833031,0.45025120759863546,256.4695285797119,1481.4849550247193,0.1168447769169115,0.01851285663500946,-0.15176815510332825,domain,Brain
1127,Stereoseq,Mouse Olfactory Bulb,S2_sub1,SpaGCN,0.3138907071263221,0.4955514423485301,0.4206576162918627,0.5192693026983702,0.4591887508654362,0.538168456632003,0.4955514423485301,828.3870577335358,18152.111358070375,0.1963331552230831,0.0195018236611197,-0.2710897476632608,domain,Brain
1128,Stereoseq,Mouse Olfactory Bulb,S2_sub1,SpaceFlow,0.21715995987395095,0.395188710158089,0.3142603686466635,0.4810780122896072,0.4027645446175073,0.38799644658204685,0.395188710158089,450.92756481170653,720.3049701690674,0.10339300026716532,0.01789618269118992,-0.13772166050557258,domain,Brain
1129,Stereoseq,Mouse Olfactory Bulb,S2_sub1,SpatialMGCN,0.2565696120735774,0.4234189973026797,0.3529966362453982,0.5334624632647609,0.42755072309665254,0.4193663627855492,0.4234189973026797,308.22487392425535,8201.606341362,0.0432473951375901,0.0178921178496191,-0.159990133639544,domain,Brain
1130,Stereoseq,Mouse Olfactory Bulb,S2_sub1,stLearn,0.32633533181152746,0.49563580516089034,0.4141431586520713,0.5841704515094843,0.49848410353661343,0.49300086751933786,0.49563580516089034,31.221775388717653,11118.35049533844,0.35893000267165376,0.021315717640968977,-0.17868899297843188,domain,Brain
1131,Stereoseq,Mouse Olfactory Bulb,S2_sub2,BASS,0.3402977474841046,0.5192789742384823,0.4385700287202711,0.5934966110857001,0.4989522177283785,0.5413322457951084,0.5192789742384822,4198.129575967789,26066.36,0.0691089026570751,0.0199983898463268,-0.1629713960291166,domain,Brain
1132,Stereoseq,Mouse Olfactory Bulb,S2_sub2,Banksy,0.19971321701993666,0.35347098743096766,0.4037164444475797,0.42341053682065777,0.2750208285646614,0.4950745585941047,0.3534709874309676,73.72952008247375,3218.3195692062377,0.0442679529294357,0.01937789590882474,-0.30604186959652335,domain,Brain
1133,Stereoseq,Mouse Olfactory Bulb,S2_sub2,CCST,0.24006259509959685,0.39394834296174014,0.4073690188349867,0.41652459561728133,0.3225341940420573,0.505992541457514,0.3939483429617402,8220.839121246338,25852.88778781891,0.02105700860742646,0.019193451316001718,-0.2689423170760401,domain,Brain
1134,Stereoseq,Mouse Olfactory Bulb,S2_sub2,CellCharter,0.24703891452934265,0.39059974819061677,0.3380462487340837,0.5087030645764896,0.3964941689810747,0.38492615083128956,0.39059974819061677,1625.2773982048034,830.5769344329834,0.29728471038296805,0.02196698351046582,-0.12697150458684786,domain,Brain
1135,Stereoseq,Mouse Olfactory Bulb,S2_sub2,DeepST,0.264696909486254,0.42592327990575224,0.3563849169987795,0.5285375691296935,0.42354033082436615,0.42841234067073575,0.42592327990575224,1503.1451216697692,26637.87985496521,0.09447378269366709,0.01953312350108902,-0.2709256394210372,domain,Brain
1136,Stereoseq,Mouse Olfactory Bulb,S2_sub2,GraphST,0.2691989034549558,0.4361146556693777,0.4093926078797125,0.479396232691588,0.3933475050250528,0.4893160999150384,0.4361146556693778,181.84958362579346,23501.12269744873,0.0395858455653041,0.0191629079130581,-0.2783489605980427,domain,Brain
1137,Stereoseq,Mouse Olfactory Bulb,S2_sub2,PRECAST,0.028630120457069995,0.0490242990179121,0.166351446984907,0.2571155769755388,0.0492207037849635,0.0488294554442874,0.0490242990179121,1073.350931930542,1506.44,0.885195962535237,0.0354831919149733,-0.0443778463292398,domain,Brain
1138,Stereoseq,Mouse Olfactory Bulb,S2_sub2,SEDR,0.24529806454706776,0.4235739038344145,0.3446895279040651,0.5156971183833008,0.4190507382842462,0.4282568357940125,0.4235739038344145,135.02781262397767,22015.931409263612,0.09935548255644722,0.019651374305059338,-0.14579797647737638,domain,Brain
1139,Stereoseq,Mouse Olfactory Bulb,S2_sub2,STAGATE,0.3264223137024768,0.48547591002036566,0.41954347184148394,0.5800407501351408,0.4762233838854155,0.4951446391080216,0.48547591002036566,214.85897812843322,1200.1146507263184,0.11402553120711874,0.02001798068709294,-0.14160676998409705,domain,Brain
1140,Stereoseq,Mouse Olfactory Bulb,S2_sub2,SpaGCN,0.3617889048352376,0.5444502133505406,0.4485907131141884,0.6134558609505593,0.5279876095523742,0.561972461626559,0.5444502133505404,481.7149484157562,11869.585898399353,0.22545635993180593,0.0210976030366749,-0.1366322622820827,domain,Brain
1141,Stereoseq,Mouse Olfactory Bulb,S2_sub2,SpaceFlow,0.2653077372798756,0.42285642306248905,0.3534582473039548,0.5206952472036259,0.42755388358435586,0.41862170397740456,0.42285642306248905,161.66690225601195,580.4186859130859,0.0995717077633165,0.019345328645295222,-0.15746830328117564,domain,Brain
1142,Stereoseq,Mouse Olfactory Bulb,S2_sub2,SpatialMGCN,0.291341017759624,0.451173063770504,0.3851592528800175,0.5235144912470373,0.4455029218795715,0.4569893998994566,0.451173063770504,276.45883083343506,5518.649473762513,0.057632333984781,0.019279701593795,-0.1412703290796008,domain,Brain
1143,Stereoseq,Mouse Olfactory Bulb,S2_sub2,stLearn,0.32097356253509923,0.5199560486968211,0.41132602417019354,0.5826520853257933,0.5093340584067699,0.5319030530743831,0.5199560486968211,28.271415758132935,8866.553320121766,0.3288535905858871,0.022687580962704977,-0.1703851758329853,domain,Brain
1144,Stereoseq,Mouse Olfactory Bulb,S2_sub3,BASS,0.3651670961387374,0.5302788067290984,0.4734657793563777,0.5770195467912126,0.49347984897554864,0.573008221910477,0.5302788067290983,4248.720071983337,21820.16,0.05284552845528449,0.0203547292797469,-0.0740439740804911,domain,Brain
1145,Stereoseq,Mouse Olfactory Bulb,S2_sub3,Banksy,0.08373062796184935,0.23793554747578996,0.33189291392711623,0.3798218301331949,0.18613012058227094,0.34453564029733,0.23793554747578996,77.25928330421448,3082.113424873352,0.06427953641238536,0.01944000084351828,-0.2658195572639498,domain,Brain
1146,Stereoseq,Mouse Olfactory Bulb,S2_sub3,CCST,0.204516127565369,0.3758019473098998,0.37800767442607003,0.4450614080608891,0.31483683890244757,0.4660751675933352,0.37580194730989985,7659.2213621616365,23899.83732280731,0.02299775125410826,0.01913790903681096,-0.3436180532317631,domain,Brain
1147,Stereoseq,Mouse Olfactory Bulb,S2_sub3,CellCharter,0.2016183462403276,0.3748978131243148,0.30827306100810137,0.5054315862307559,0.3935541780845187,0.3579586954085393,0.3748978131243148,1602.1953838825225,708.4719814300537,0.3329614253589344,0.02257093636100386,-0.07959669680865318,domain,Brain
1148,Stereoseq,Mouse Olfactory Bulb,S2_sub3,DeepST,0.2576219504324434,0.4294588354712959,0.3611644021220609,0.5044369486248054,0.440063502441055,0.4195361100759521,0.4294588354712959,1391.2355813503266,25435.916360855103,0.10384881508389547,0.01962157564161706,-0.15061087862877437,domain,Brain
1149,Stereoseq,Mouse Olfactory Bulb,S2_sub3,GraphST,0.21360882933753497,0.4010857017455475,0.3388528511294668,0.49260508562532423,0.3866823296691826,0.4166035989538813,0.4010857017455475,173.3989613056183,21745.166934394838,0.0421207403563397,0.0193036641681178,-0.3103983753541564,domain,Brain
1150,Stereoseq,Mouse Olfactory Bulb,S2_sub3,PRECAST,0.0159221720157985,0.0298002604293346,0.1485245681256984,0.2579262650367701,0.0314665315141659,0.0283015851474752,0.0298002604293346,1011.8801441192627,1453.4,0.9719475965518921,0.0389418099923654,-0.07568399829655,domain,Brain
1151,Stereoseq,Mouse Olfactory Bulb,S2_sub3,SEDR,0.2489100132373089,0.4232329788828565,0.35287118994472866,0.5191316381248919,0.43461537448258536,0.4125152539087538,0.4232329788828565,123.53602938652038,20679.573877334595,0.10656460819927346,0.01976638592676202,-0.10718952521211447,domain,Brain
1152,Stereoseq,Mouse Olfactory Bulb,S2_sub3,STAGATE,0.2907099145204738,0.4645596080985749,0.3921483128017382,0.5919218128351497,0.4763117683188833,0.4533755958426626,0.4645596080985749,196.86477646827697,1117.8267501831056,0.11797266908839296,0.02006535147412494,-0.14097404070223424,domain,Brain
1153,Stereoseq,Mouse Olfactory Bulb,S2_sub3,SpaGCN,0.3575804557790456,0.5336524829382476,0.45819981243290975,0.5768465663380038,0.5149191484265464,0.5538003593900273,0.5336524829382475,547.5862535953522,10917.964266967774,0.20986853485556128,0.0215041616287443,-0.147746698555745,domain,Brain
1154,Stereoseq,Mouse Olfactory Bulb,S2_sub3,SpaceFlow,0.2454873459910439,0.4232119733743532,0.351025545043215,0.5202473620480885,0.43346610457200396,0.41369206980952844,0.4232119733743532,233.53125686645507,554.3808645248413,0.05937554056391624,0.01914238772553344,-0.16910303554069592,domain,Brain
1155,Stereoseq,Mouse Olfactory Bulb,S2_sub3,SpatialMGCN,0.2782763982884828,0.43868402576578214,0.3813794309080806,0.5546185781006746,0.44657172342262597,0.4310701293393232,0.4386840257657821,219.2174711227417,5042.902836227417,0.0368015914201695,0.0191495967464083,-0.194422538464494,domain,Brain
1156,Stereoseq,Mouse Olfactory Bulb,S2_sub3,stLearn,0.31944718835136066,0.5210776480166696,0.42296342133378256,0.5837744334890157,0.5143647237378645,0.5281936317601408,0.5210776480166696,24.128816318511966,8437.960122871398,0.2926829268292683,0.02299734377924952,-0.18828826092429793,domain,Brain
1157,Stereoseq,Mouse Olfactory Bulb,S2_sub4,BASS,0.3760039499019234,0.5225560169049549,0.45980171597525865,0.6117155414655234,0.5234745822152707,0.5216406696467184,0.522556016904955,4844.008319997787,21681.14,0.0751134807983284,0.0195759258249032,-0.1037158655269762,domain,Brain
1158,Stereoseq,Mouse Olfactory Bulb,S2_sub4,Banksy,0.16305105385487323,0.3363988838588253,0.3407375006869441,0.41784710714028384,0.28583888860952067,0.41048117932360684,0.3363988838588253,111.71677899360657,3704.6045322418213,0.08127386699329918,0.019161144810157342,-0.22477080678917893,domain,Brain
1159,Stereoseq,Mouse Olfactory Bulb,S2_sub4,CCST,0.24177060803057934,0.3921463795469071,0.4122039683134592,0.4407089847971756,0.3168403013637552,0.5163128752477544,0.3921463795469071,11056.7613448143,33995.68070392609,0.0230420059082066,0.018751826459100878,-0.10762085974624436,domain,Brain
1160,Stereoseq,Mouse Olfactory Bulb,S2_sub4,CellCharter,0.1950204203476991,0.3617422051802016,0.2955234656794468,0.47771453274731607,0.37465905947659106,0.34970210678441865,0.36174220518020156,1685.186392068863,929.0232219696045,0.3057929245622883,0.02115239639597036,-0.1189638920805702,domain,Brain
1161,Stereoseq,Mouse Olfactory Bulb,S2_sub4,DeepST,0.2795405805261605,0.4334362097835065,0.3727933755365526,0.5003242308523669,0.4415901249236985,0.42563923075039967,0.4334362097835065,1719.8952805995941,31519.118487739564,0.11353843936883057,0.01909802201054614,-0.1116061923681769,domain,Brain
1162,Stereoseq,Mouse Olfactory Bulb,S2_sub4,GraphST,0.2308469229780985,0.3976120714558832,0.3513789706647608,0.47849268679299667,0.3802071344531231,0.4166869643420362,0.3976120714558832,236.84440145492553,31040.697899627685,0.0417897543050652,0.0186980397324057,-0.2895738946915451,domain,Brain
1163,Stereoseq,Mouse Olfactory Bulb,S2_sub4,PRECAST,0.0114375203048433,0.0309860854891608,0.1425818470818818,0.2503220769080617,0.0321294341407504,0.029921314343230997,0.0309860854891608,1255.3032620429992,1837.8200000000002,0.979230919383174,0.0341249228267101,-0.0677824634609832,domain,Brain
1164,Stereoseq,Mouse Olfactory Bulb,S2_sub4,SEDR,0.25844742406487786,0.41646186991979695,0.3551723514893922,0.4937315368542402,0.42211339909229795,0.41099704312392105,0.41646186991979695,165.3587582588196,27767.74954776764,0.12255926219468256,0.01931529514416676,-0.11373812229521954,domain,Brain
1165,Stereoseq,Mouse Olfactory Bulb,S2_sub4,STAGATE,0.2694255170517093,0.45824170690457394,0.3661618219219402,0.5699185820304057,0.4658421093057508,0.45089018852749463,0.45824170690457394,232.8265992641449,1373.6019739151002,0.10732761726349156,0.019473200079136062,-0.151224644422921,domain,Brain
1166,Stereoseq,Mouse Olfactory Bulb,S2_sub4,SpaGCN,0.3172986503696153,0.513202668661605,0.4250966516371461,0.5410692412998055,0.4807917470769989,0.5502991957772235,0.5132026686616051,1014.9564077854156,15634.401043319702,0.2062828734058649,0.0209711399076204,-0.2484624615303071,domain,Brain
1167,Stereoseq,Mouse Olfactory Bulb,S2_sub4,SpaceFlow,0.24750553077763984,0.4255810480662193,0.349469133217841,0.49853735859932263,0.42720930565150644,0.42401149140918637,0.4255810480662193,678.3205111980438,681.0441738128662,0.06537214496721662,0.01880443933591408,-0.13010332445421896,domain,Brain
1168,Stereoseq,Mouse Olfactory Bulb,S2_sub4,SpatialMGCN,0.2728486966941336,0.42057587742531066,0.3778520721285339,0.513977952302039,0.41859386479945904,0.4225767487275466,0.42057587742531066,292.1818833351135,7059.80470085144,0.0388716766337632,0.018710448453347,-0.1404500289715012,domain,Brain
1169,Stereoseq,Mouse Olfactory Bulb,S2_sub4,stLearn,0.34135417146514646,0.5333846592042188,0.44047984478714347,0.5884141508754233,0.5156883324828347,0.5526438930291612,0.533384659204219,28.330650520324706,10356.420147705077,0.28175661070682323,0.02166380770607982,-0.17261634192266906,domain,Brain
1170,VisiumHD,Colorectal Cancer,Sample_P1_sub1,BASS,0.2336535175692716,0.43721022420758293,0.4690503282301052,0.8170937889304145,0.5239178227680725,0.3751272396429186,0.43721022420758293,4146.452988004685,6446.7,0.1862431037551165,0.0223031598528387,-0.140701241809641,celltype,Intestine
1171,VisiumHD,Colorectal Cancer,Sample_P1_sub1,Banksy,0.3211041552272904,0.45594947352277143,0.5386321443884713,0.8367891786063895,0.5515249520848264,0.3886066205926735,0.45594947352277143,59.542215776443484,3224.5210411071776,0.1732668861795853,0.0225819043539535,-0.06063183090332049,celltype,Intestine
1172,VisiumHD,Colorectal Cancer,Sample_P1_sub1,CCST,0.7347108428002103,0.5503990388684827,0.8529742307659346,0.802598327104467,0.47983121723687516,0.6453460653660423,0.5503990388684827,1028.8154217720032,19002.917113494874,0.030156611496707557,0.02144346735906764,-0.18300581702032814,celltype,Intestine
1173,VisiumHD,Colorectal Cancer,Sample_P1_sub1,CellCharter,0.1880953879221967,0.40210560225241354,0.40877913720850617,0.7922217772438037,0.5307263186893948,0.3236866114284677,0.40210560225241354,893.1769640922546,1376.9107677459717,0.24045743781426596,0.0223899108714611,-0.06591888772716285,celltype,Intestine
1174,VisiumHD,Colorectal Cancer,Sample_P1_sub1,DeepST,0.22630369328372776,0.4529757761717697,0.45066499767372764,0.8179658302189001,0.5645758941372943,0.37841793727520356,0.4529757761717697,1363.4563560009003,19938.3845041275,0.1318562021712048,0.021538044671618982,-0.1445039630587802,celltype,Intestine
1175,VisiumHD,Colorectal Cancer,Sample_P1_sub1,GraphST,0.22927175587226406,0.43845256027599006,0.4501172690462988,0.8209645844456309,0.5663547369368201,0.3576769342455478,0.43845256027599006,114.59771313667298,20558.44513759613,0.1608827193450792,0.0216071339351131,-0.0730302947857963,celltype,Intestine
1176,VisiumHD,Colorectal Cancer,Sample_P1_sub1,PRECAST,0.1741161881233766,0.3787406731206342,0.3954880803234711,0.8151083646784884,0.5023507591227475,0.303949785573025,0.3787406731206342,382.260898065567,1603.2,0.6663532151173205,0.0274279096475948,-0.1089463406591121,celltype,Intestine
1177,VisiumHD,Colorectal Cancer,Sample_P1_sub1,SEDR,0.23576837809518833,0.4447874778867564,0.45668138116236917,0.8271133653675031,0.5705856711401743,0.36447988197560716,0.4447874778867564,119.64968276023865,15033.662162399292,0.20938779142196115,0.02192818331021802,-0.06606468428273651,celltype,Intestine
1178,VisiumHD,Colorectal Cancer,Sample_P1_sub1,STAGATE,0.3182732266594542,0.44389659697145334,0.53179305902749,0.8154386901583912,0.550224871206841,0.3722866663682739,0.44389659697145334,168.51425352096558,847.6139333724975,0.15907634810464494,0.0216225595857985,-0.09237392048723739,celltype,Intestine
1179,VisiumHD,Colorectal Cancer,Sample_P1_sub1,SpaGCN,0.22257387961361563,0.4435206823762522,0.4420058200402209,0.8304974637358725,0.5770962140706346,0.3602583525232048,0.4435206823762522,499.0072907924652,11059.626608276367,0.47030346177805465,0.02409728831030648,-0.06853925588622796,celltype,Intestine
1180,VisiumHD,Colorectal Cancer,Sample_P1_sub1,SpaceFlow,0.1635619648148634,0.36980257218528634,0.38545232045615163,0.7840185086314291,0.48702999026528754,0.2980858495757204,0.3698025721852863,318.20289640426637,846.737208366394,0.11768108204306812,0.02130274087642876,-0.03085786227224272,celltype,Intestine
1181,VisiumHD,Colorectal Cancer,Sample_P1_sub1,SpatialMGCN,0.22150294736292625,0.44714689005666397,0.44074622234998706,0.8235451147891084,0.5896084088100995,0.36015716769666145,0.44714689005666397,238.3435181617737,5545.259931373596,0.35323901050008893,0.02278613399128664,-0.043247911645075035,celltype,Intestine
1182,VisiumHD,Colorectal Cancer,Sample_P1_sub1,stLearn,0.28904352304121883,0.4860302548615194,0.5040280576186192,0.8550898736429969,0.62530507367409,0.3977108088704151,0.4860302548615194,13.598539590835571,3343.7362920761107,0.3156522512902652,0.023739738726168018,-0.06979645931802554,celltype,Intestine
1183,VisiumHD,Colorectal Cancer,Sample_P1_sub10,BASS,0.0734775865474853,0.2851166192921775,0.3524470139103917,0.5369879763603016,0.2599703231084294,0.3156485331236768,0.2851166192921775,1641.5795080184937,4506.9800000000005,0.2593573806127301,0.023620333929232,-0.2608132632451178,celltype,Intestine
1184,VisiumHD,Colorectal Cancer,Sample_P1_sub10,Banksy,0.20871927062391377,0.3499522872862167,0.41018259264361,0.6432848006531501,0.3524221673325501,0.3475167856233286,0.3499522872862166,39.845475625991824,2205.8858741760255,0.1885290515716424,0.0239725780738709,-0.20369653082634848,celltype,Intestine
1185,VisiumHD,Colorectal Cancer,Sample_P1_sub10,CCST,0.05858289919668571,0.06809452921457622,0.4687331799086302,0.3979756809999321,0.044836234883131695,0.16046737679020864,0.06809452921457622,3088.151132488251,10247.579564666748,0.0656341281162964,0.02199016216138396,-0.516572063475898,celltype,Intestine
1186,VisiumHD,Colorectal Cancer,Sample_P1_sub10,CellCharter,0.14298858024456076,0.23102879154501058,0.29480393234662466,0.5579439895410445,0.26622922529808674,0.20407684591456446,0.23102879154501052,326.37792096138,1436.6241664886475,0.2205463428060276,0.023726802393627358,-0.12113765844243904,celltype,Intestine
1187,VisiumHD,Colorectal Cancer,Sample_P1_sub10,DeepST,0.30408552217273405,0.3886343442483795,0.4379751705554951,0.6815433734121323,0.432731520000914,0.35286946033019834,0.38863434424837945,787.7066519260406,12320.435058403014,0.20373615922831326,0.0224648999521986,-0.16476054408906649,celltype,Intestine
1188,VisiumHD,Colorectal Cancer,Sample_P1_sub10,GraphST,0.23157531815577453,0.30622558534542,0.3732993421792288,0.6270633788465457,0.3501264827732873,0.2721071999551082,0.30622558534542,59.88385081291199,9328.660378074646,0.21058352014129472,0.0226055446835901,-0.0865494181519083,celltype,Intestine
1189,VisiumHD,Colorectal Cancer,Sample_P1_sub10,PRECAST,0.0527611923746257,0.1315735489519399,0.24307031828850173,0.4376757957068838,0.1477959523932086,0.1185601323593976,0.1315735489519399,237.56578001976013,1024.5,0.602220577350111,0.0305028195703294,-0.0884260134004993,celltype,Intestine
1190,VisiumHD,Colorectal Cancer,Sample_P1_sub10,SEDR,0.2508223341086043,0.38077653420249413,0.3978891019425013,0.6594932409483052,0.41841870839292045,0.34940913729197004,0.3807765342024941,70.6939419746399,7353.560127258301,0.21213232796685003,0.02290353277634652,-0.19708682784252415,celltype,Intestine
1191,VisiumHD,Colorectal Cancer,Sample_P1_sub10,STAGATE,0.1800028208909477,0.28623148365975154,0.36080428854038116,0.5619862781061069,0.30413609345965,0.2708033795279682,0.2862314836597515,114.6009337425232,755.3757545471192,0.23251137830310437,0.023087265100808,-0.11147181086672917,celltype,Intestine
1192,VisiumHD,Colorectal Cancer,Sample_P1_sub10,SpaGCN,0.40621199105273365,0.41365284836957106,0.5262889684226834,0.67602912158944,0.4482402462785481,0.3843853104336649,0.41365284836957095,631.5321448802948,5382.858075523376,0.37406273389127026,0.02609381633324978,-0.16359172106474848,celltype,Intestine
1193,VisiumHD,Colorectal Cancer,Sample_P1_sub10,SpaceFlow,0.15475439676032082,0.21093735374327277,0.3101840072324328,0.5565926227837783,0.2362969843488827,0.19051365812750895,0.21093735374327277,240.58721070289613,766.4562685012818,0.0665308063310916,0.02139370598864922,-0.19987102008580815,celltype,Intestine
1194,VisiumHD,Colorectal Cancer,Sample_P1_sub10,SpatialMGCN,0.16220460735685732,0.25578825289908436,0.31410011334190513,0.5658175395693228,0.29223680361085946,0.22743156539177783,0.25578825289908436,133.493328332901,3149.11865940094,0.18713402622104475,0.02233922158624742,-0.11877834199037521,celltype,Intestine
1195,VisiumHD,Colorectal Cancer,Sample_P1_sub10,stLearn,0.4819499925870142,0.5473764741870291,0.5877656542261163,0.8091977447184295,0.5944165285653927,0.507236839338117,0.5473764741870291,8.321256113052367,2344.5098266601562,0.42198220229603967,0.02585383439844884,-0.19327223794833684,celltype,Intestine
1196,VisiumHD,Colorectal Cancer,Sample_P1_sub11,BASS,0.2789876074544005,0.4558695634216998,0.49232100867307216,0.8574543360210629,0.5968141139608812,0.3687783047043189,0.4558695634216998,3553.48560795784,7235.3,0.3234737534967912,0.0234039643518564,-0.1457034521433945,celltype,Intestine
1197,VisiumHD,Colorectal Cancer,Sample_P1_sub11,Banksy,0.46962978016339185,0.4906728983719746,0.6461964178976292,0.8511189731775547,0.6049553921487958,0.4127079808503059,0.4906728983719745,66.52474999427795,3536.6525508880613,0.1587954582853381,0.0224030487185382,-0.0928376045091802,celltype,Intestine
1198,VisiumHD,Colorectal Cancer,Sample_P1_sub11,CCST,0.6922374286231143,0.512253160372526,0.824087475222122,0.8099144314628928,0.45248184480361775,0.5967899755802635,0.512253160372526,8691.00607905388,26051.64871673584,0.01955734737534964,0.021361468898980378,-0.22093789962562646,celltype,Intestine
1199,VisiumHD,Colorectal Cancer,Sample_P1_sub11,CellCharter,0.2600323012943847,0.39985018530586264,0.4683547207436787,0.8124238933684383,0.5561863791772016,0.31216673695371455,0.3998501853058627,1127.164280319214,1454.6540349960328,0.1603751851242389,0.022211694814614203,-0.08102436906435631,celltype,Intestine
1200,VisiumHD,Colorectal Cancer,Sample_P1_sub11,DeepST,0.2786780921178447,0.4425731476096968,0.4866415703613901,0.8369096593714003,0.6001820979108677,0.35060034466633005,0.4425731476096968,1503.068917798996,21891.183488082886,0.1468240908342932,0.02169457709550886,-0.12619177458368086,celltype,Intestine
1201,VisiumHD,Colorectal Cancer,Sample_P1_sub11,GraphST,0.3479107556306891,0.4560196558966501,0.5480373084950865,0.8390241895672206,0.6078800509344541,0.3648683614557623,0.4560196558966501,147.78151459693908,23912.09920024872,0.1413115023860457,0.0218384120508447,-0.0948514180671799,celltype,Intestine
1202,VisiumHD,Colorectal Cancer,Sample_P1_sub11,PRECAST,0.3002270499362271,0.4617728093510734,0.506344127150706,0.8599439775910366,0.6433047452458935,0.3601447974770602,0.4617728093510734,395.5610680103302,1735.9,0.5800790904597133,0.0253204097762983,-0.0891659915042889,celltype,Intestine
1203,VisiumHD,Colorectal Cancer,Sample_P1_sub11,SEDR,0.41225167384982386,0.4667355660063034,0.5997863736999222,0.8349103175909166,0.5905228886349857,0.3860045635917998,0.4667355660063034,142.36884779930114,17249.8991191864,0.13323185782458447,0.02173098979619582,-0.11488318377271498,celltype,Intestine
1204,VisiumHD,Colorectal Cancer,Sample_P1_sub11,STAGATE,0.2811287055772278,0.4203150159564798,0.48823017981861677,0.8357495474740826,0.5778001774967041,0.3303674065395671,0.4203150159564798,180.6600655078888,982.8617065429687,0.16152706927760405,0.0219843664186678,-0.09437464357193637,celltype,Intestine
1205,VisiumHD,Colorectal Cancer,Sample_P1_sub11,SpaGCN,0.26880845364625355,0.44165095327663034,0.47649331598827177,0.8389007734079316,0.6129251178967967,0.34523079346471236,0.44165095327663045,718.3805484294892,12591.576528549194,0.40037847622182,0.02370823457665444,-0.10138909131681247,celltype,Intestine
1206,VisiumHD,Colorectal Cancer,Sample_P1_sub11,SpaceFlow,0.20609719058742657,0.3659412494273083,0.4171763451905438,0.7951127200921507,0.5132820778632359,0.2843674672404156,0.3659412494273083,450.4286809921265,930.5388996124268,0.10792331742636163,0.02156930717712192,-0.07140925829418884,celltype,Intestine
1207,VisiumHD,Colorectal Cancer,Sample_P1_sub11,SpatialMGCN,0.43021848358455134,0.5035526543185534,0.614587789444051,0.8565821951620866,0.6496772090293744,0.4111249052651532,0.5035526543185536,306.6985073566437,6347.735134506225,0.243384893862103,0.02369293521325544,-0.08701347276790504,celltype,Intestine
1208,VisiumHD,Colorectal Cancer,Sample_P1_sub11,stLearn,0.34844865305171496,0.5212361148135309,0.548839363616037,0.8926361691624157,0.7120442987497944,0.4110790027847163,0.5212361148135308,15.942900991439819,3764.1498392105104,0.4049531018594701,0.02393024622967182,-0.07693929426098745,celltype,Intestine
1209,VisiumHD,Colorectal Cancer,Sample_P1_sub12,BASS,0.628907016087411,0.5632164614050906,0.7585776119162472,0.7634186012124796,0.5208715776657288,0.613055552684632,0.5632164614050907,2309.6184559345247,5061.08,0.1452757651929617,0.0249782304327013,-0.203820219674465,celltype,Intestine
1210,VisiumHD,Colorectal Cancer,Sample_P1_sub12,Banksy,0.7691536786686753,0.6087044928046242,0.8422981916625798,0.8556593977154725,0.6317059047351522,0.587319268557754,0.6087044928046244,32.233409595489505,2130.816488647461,0.173787271918113,0.0268503457946275,-0.0849251688815632,celltype,Intestine
1211,VisiumHD,Colorectal Cancer,Sample_P1_sub12,CCST,0.5318205080562052,0.3689692188785838,0.7105582578679659,0.6458820050273547,0.31155967319306443,0.4537817989359084,0.36896921887858375,2630.2870183467867,8700.696525382995,0.12010941889693919,0.0247574721289279,-0.09936764124313024,celltype,Intestine
1212,VisiumHD,Colorectal Cancer,Sample_P1_sub12,CellCharter,0.39792657051423286,0.4547418952721859,0.559649967687976,0.7831421672200423,0.5443255134468379,0.39094191071844525,0.454741895272186,260.5353033065796,1414.791124725342,0.269061273769997,0.025942549523317537,-0.1385021106847475,celltype,Intestine
1213,VisiumHD,Colorectal Cancer,Sample_P1_sub12,DeepST,0.524863906182454,0.5385707253163211,0.6625513850678361,0.8219577110749666,0.5756909087975972,0.5174788852579661,0.5385707253163211,769.0406260490417,11227.099336624146,0.14607422741386955,0.02368518349606778,-0.19151138428129297,celltype,Intestine
1214,VisiumHD,Colorectal Cancer,Sample_P1_sub12,GraphST,0.3608887953716914,0.4412910162863087,0.5280941798895474,0.7823451131154813,0.5248208253853381,0.3806993899148574,0.4412910162863087,61.86119136810303,8000.881161689758,0.2525506432056779,0.0244494845119643,-0.0963625836083498,celltype,Intestine
1215,VisiumHD,Colorectal Cancer,Sample_P1_sub12,PRECAST,0.3107268552132404,0.24125992413860037,0.5301475949741199,0.7016644174538912,0.2741962531149115,0.2153876569368463,0.24125992413860037,173.812660074234,720.0,0.558974358974359,0.040393249677059,-0.0821004966665513,celltype,Intestine
1216,VisiumHD,Colorectal Cancer,Sample_P1_sub12,SEDR,0.5538010884848976,0.5261503463329599,0.6825403466324003,0.8302084873576815,0.60912052715194,0.46322914902786233,0.5261503463329599,75.24345026016235,6414.903546524048,0.19387845630637288,0.02409417793783452,-0.1135220409717779,celltype,Intestine
1217,VisiumHD,Colorectal Cancer,Sample_P1_sub12,STAGATE,0.5076001720230693,0.47699975190909394,0.6511813462779436,0.78293656661245,0.5149577735575568,0.4442545784417448,0.47699975190909394,112.76599755287171,721.6628717422485,0.2148602691113411,0.02497902306178192,-0.09600034421730516,celltype,Intestine
1218,VisiumHD,Colorectal Cancer,Sample_P1_sub12,SpaGCN,0.5525577605144109,0.5430990497396928,0.6815992429700207,0.8152808655698829,0.5898807959892145,0.5034007637006721,0.5430990497396928,329.78553528785704,4729.223483848572,0.36880094856973467,0.030258590073756243,-0.15143433912550214,celltype,Intestine
1219,VisiumHD,Colorectal Cancer,Sample_P1_sub12,SpaceFlow,0.3027016256798414,0.4106170179275499,0.47736397669797437,0.7751293804524619,0.4980219186121113,0.3493217209514112,0.4106170179275499,216.65516204833983,743.1722658157348,0.1717580955197397,0.023816306411402238,-0.12675760647560078,celltype,Intestine
1220,VisiumHD,Colorectal Cancer,Sample_P1_sub12,SpatialMGCN,0.3830283335603648,0.518934277139499,0.5467439606275726,0.8154812952831584,0.6203910636356701,0.4460003505792641,0.518934277139499,111.54170989990234,2847.792343711853,0.27481886736655325,0.02632660350534896,-0.12360437841956676,celltype,Intestine
1221,VisiumHD,Colorectal Cancer,Sample_P1_sub12,stLearn,0.6904062326625954,0.6776358793590698,0.783490154267872,0.8707969835871655,0.7031480625954069,0.6552418033487343,0.6776358793590698,8.016593551635742,2073.747308921814,0.26788407511459406,0.02701788413256926,-0.1764966336548815,celltype,Intestine
1222,VisiumHD,Colorectal Cancer,Sample_P1_sub13,BASS,0.5933596113617823,0.5541285968472431,0.8095358593741228,0.936937440599318,0.6723010414063813,0.47128871410331985,0.554128596847243,3716.292457962036,5027.68,0.1445183652932297,0.025220805794011803,-0.0460296622770604,celltype,Intestine
1223,VisiumHD,Colorectal Cancer,Sample_P1_sub13,Banksy,0.7825054249467562,0.6265176433833493,0.915217475620682,0.939974531141468,0.6531446901795883,0.601976589818436,0.6265176433833493,39.4647602558136,2458.7949743270874,0.0660453808752025,0.025091905051416796,-0.1128338596304476,celltype,Intestine
1224,VisiumHD,Colorectal Cancer,Sample_P1_sub13,CCST,0.21796213674980275,0.36462529417988254,0.525628348041302,0.9383015597920277,0.5842280105815245,0.26502598385087783,0.3646252941798825,4515.513217258454,14481.262648582458,0.2170291272991558,0.02338739742829874,-0.2317959818095125,celltype,Intestine
1225,VisiumHD,Colorectal Cancer,Sample_P1_sub13,CellCharter,0.0779955453796109,0.23939087566314746,0.3876710923510259,0.9222847144106987,0.5065631943175497,0.15673215898045573,0.23939087566314746,171.22962493896483,1346.4301874160767,0.7195725534308212,0.032885206077798504,-0.0467358563591192,celltype,Intestine
1226,VisiumHD,Colorectal Cancer,Sample_P1_sub13,DeepST,0.3454294089808368,0.4686603698865409,0.6349014742692547,0.9396992228993124,0.6621875763973311,0.3648718610573334,0.4686603698865409,1146.5200736999511,15297.854517555237,0.21359646670766477,0.02412209849881674,-0.1600187188395737,celltype,Intestine
1227,VisiumHD,Colorectal Cancer,Sample_P1_sub13,GraphST,0.1724786900351481,0.2945860299736055,0.4698869152620171,0.9008218259070834,0.5278694951028926,0.2042992499945065,0.2945860299736056,105.23866233825683,13327.182393074036,0.4119751775032146,0.025592326626099497,-0.100773597068098,celltype,Intestine
1228,VisiumHD,Colorectal Cancer,Sample_P1_sub13,PRECAST,0.0045811370258214,0.060283576331498404,0.45181815200845465,0.9180767797241891,0.1606426316180666,0.0371036389078163,0.060283576331498404,215.47311401367188,1016.8,0.7340290719344018,0.0437496504811215,-0.0855828784009612,celltype,Intestine
1229,VisiumHD,Colorectal Cancer,Sample_P1_sub13,SEDR,0.4095712403130601,0.49561871914873085,0.6803203478110118,0.9405490020685414,0.7263734389147288,0.37652237784563936,0.49561871914873085,101.01589732170105,10156.423803901673,0.18685078548666625,0.02354965054728368,-0.08313890633316742,celltype,Intestine
1230,VisiumHD,Colorectal Cancer,Sample_P1_sub13,STAGATE,0.22603384593909706,0.40136554457857104,0.526760379728211,0.9377984010734053,0.6465216387670919,0.29102390294463126,0.401365544578571,138.72425017356872,719.669994354248,0.3539889305081903,0.0238831820175551,-0.01147843425217856,celltype,Intestine
1231,VisiumHD,Colorectal Cancer,Sample_P1_sub13,SpaGCN,0.18693522038491522,0.30568542757577405,0.49290205329707815,0.9076018673275316,0.537693272955946,0.21381485783250861,0.30568542757577405,717.6538787364959,7137.75063457489,0.7092962941617198,0.032690496658119676,-0.05549756222103924,celltype,Intestine
1232,VisiumHD,Colorectal Cancer,Sample_P1_sub13,SpaceFlow,0.14349588216419046,0.32842778524238214,0.4301889667451583,0.9327444512774641,0.5977061562104717,0.22654567004467085,0.32842778524238214,271.4902681827545,905.9150268554688,0.11968468720299655,0.02263909750451108,-0.05647094741158826,celltype,Intestine
1233,VisiumHD,Colorectal Cancer,Sample_P1_sub13,SpatialMGCN,0.1656400444859451,0.3439577283538727,0.45560992883863305,0.942427461284732,0.6225676747109589,0.23765980324836403,0.3439577283538727,184.88137111663818,3955.9337717056274,0.2271593895007547,0.02364295368972626,-0.0642733356115743,celltype,Intestine
1234,VisiumHD,Colorectal Cancer,Sample_P1_sub13,stLearn,0.3617930210848451,0.5107427801379535,0.6464277494749215,0.9405937272879745,0.7326760628225937,0.3926568754976815,0.5107427801379535,9.797144842147826,2389.143957138062,0.38753284508302116,0.0259252836104432,-0.1772985130940909,celltype,Intestine
1235,VisiumHD,Colorectal Cancer,Sample_P1_sub14,BASS,0.10478762377963871,0.3076334544480763,0.3748380378036106,0.47098045158357327,0.2664348055732139,0.3639036503959723,0.3076334544480762,1619.3296759605407,3617.54,0.1612365509925746,0.0243200800883367,-0.1585786162408948,celltype,Intestine
1236,VisiumHD,Colorectal Cancer,Sample_P1_sub14,Banksy,0.20602085554448674,0.401759359886012,0.3822357473193654,0.5366689513365319,0.399439716557422,0.4041061020470944,0.401759359886012,30.232605457305908,2118.1562021255495,0.111568045084152,0.0256437281808357,-0.1079795564580279,celltype,Intestine
1237,VisiumHD,Colorectal Cancer,Sample_P1_sub14,CCST,0.1814447135830628,0.28681401631880127,0.4710847093831111,0.5063191392635248,0.2189361055727994,0.4157811619643302,0.2868140163188014,2509.496216917038,8468.981590652465,0.11324443097439003,0.0253625242415415,-0.3209502022764791,celltype,Intestine
1238,VisiumHD,Colorectal Cancer,Sample_P1_sub14,CellCharter,0.20996834254639066,0.3440652288489311,0.34492313438489086,0.6031274556027031,0.3834231698607713,0.31206436268749993,0.34406522884893104,319.46687440872194,1431.1065212249755,0.15228665723715226,0.0260128663565037,-0.06074222682372736,celltype,Intestine
1239,VisiumHD,Colorectal Cancer,Sample_P1_sub14,DeepST,0.3556384321795699,0.4626856760102546,0.47328327583373453,0.708864979542355,0.49899012351449856,0.431626587579489,0.4626856760102546,710.1534474372863,10937.296818351746,0.13686922260948625,0.0242886017243084,-0.12066387614902485,celltype,Intestine
1240,VisiumHD,Colorectal Cancer,Sample_P1_sub14,GraphST,0.23805964291256138,0.3733784222941962,0.3895577069797684,0.5681921503258069,0.3906318399408606,0.3575846328883312,0.3733784222941963,54.9603157043457,7668.369017601013,0.11228974086982871,0.0238466614521058,-0.10401224976782311,celltype,Intestine
1241,VisiumHD,Colorectal Cancer,Sample_P1_sub14,PRECAST,0.0827542762814333,0.1805829206394703,0.2526142398750663,0.5121153165900247,0.1992785491894542,0.1650943373505704,0.1805829206394703,179.4700059890747,879.7,0.7198443579766537,0.0404725701923702,-0.1843771330981672,celltype,Intestine
1242,VisiumHD,Colorectal Cancer,Sample_P1_sub14,SEDR,0.28600253763572925,0.4536756040184534,0.4243133717280889,0.6585240187907259,0.4760904351894304,0.43351911914752517,0.4536756040184535,60.8893648147583,6168.698098182678,0.15118957417790574,0.02475905519438894,-0.13456282819051987,celltype,Intestine
1243,VisiumHD,Colorectal Cancer,Sample_P1_sub14,STAGATE,0.2704283371217925,0.39698756729852475,0.42737100116098503,0.6220033338384604,0.4020805707769344,0.39202197755608353,0.39698756729852475,106.88312540054321,747.5322132110596,0.1602818608880133,0.02476848996582162,-0.17127964035752216,celltype,Intestine
1244,VisiumHD,Colorectal Cancer,Sample_P1_sub14,SpaGCN,0.5523325383458295,0.5369351171162136,0.6409079406342073,0.7359249942831008,0.5531975869772008,0.5218129394299329,0.5369351171162136,312.1588367462158,4612.714155006409,0.30993215946337377,0.0292959385740731,-0.21917862848097852,celltype,Intestine
1245,VisiumHD,Colorectal Cancer,Sample_P1_sub14,SpaceFlow,0.21274363530095353,0.33486682697468106,0.3463171670958961,0.6144415820578876,0.3720448698689163,0.3044772690897036,0.33486682697468106,246.98810906410216,773.2699838638306,0.06591907864827999,0.023754529294361282,-0.03707247999339204,celltype,Intestine
1246,VisiumHD,Colorectal Cancer,Sample_P1_sub14,SpatialMGCN,0.2595761547250041,0.38790648893315616,0.38998264624572027,0.6359599939384755,0.42635933613924565,0.35585613857107956,0.3879064889331562,109.96366448402405,2777.2852827072147,0.17711774511289585,0.02535859930760584,-0.10219464451881902,celltype,Intestine
1247,VisiumHD,Colorectal Cancer,Sample_P1_sub14,stLearn,0.5273885176103127,0.6224362102553653,0.6170339380293852,0.8302318533111077,0.6629368259100132,0.5866006797894107,0.6224362102553653,7.114606952667236,2147.1376262664794,0.32277617820881954,0.02767584108674992,-0.16193871885813188,celltype,Intestine
1248,VisiumHD,Colorectal Cancer,Sample_P1_sub15,BASS,0.22966673104269336,0.41203204825034695,0.5255321773250606,0.9152237759172401,0.624466276014124,0.3074440959323991,0.41203204825034695,4034.6243900299073,6475.96,0.24836715907596538,0.0228866181598884,-0.0862680405640481,celltype,Intestine
1249,VisiumHD,Colorectal Cancer,Sample_P1_sub15,Banksy,0.2867024904319646,0.4111620751345062,0.5799113640810741,0.9024678911147153,0.589496238960762,0.3156667097516911,0.4111620751345062,51.01898007392883,3373.8843229293825,0.1691141016087318,0.022199641633266,-0.2009546789114725,celltype,Intestine
1250,VisiumHD,Colorectal Cancer,Sample_P1_sub15,CCST,0.7909737386418894,0.5802190849968208,0.9193332208676775,0.8843904791127866,0.47887354334069465,0.7359780193157442,0.5802190849968208,7251.693563079834,23162.42473716736,0.00695217639065442,0.02101744817155534,-0.4329166075279887,celltype,Intestine
1251,VisiumHD,Colorectal Cancer,Sample_P1_sub15,CellCharter,0.20527431045444136,0.3673858686266086,0.49113574430785434,0.8855740148161135,0.5971384127286907,0.26534371559804465,0.3673858686266086,964.8636355400085,1467.217970085144,0.20840748695918987,0.02226524272074458,-0.1114612520439191,celltype,Intestine
1252,VisiumHD,Colorectal Cancer,Sample_P1_sub15,DeepST,0.1970720791067026,0.3921106286108377,0.4862011049512138,0.8958926927628983,0.6151987013455955,0.28793177180764234,0.3921106286108377,1419.8067006587983,20314.773497390746,0.13354666199097004,0.02134757017707912,-0.20182797391088364,celltype,Intestine
1253,VisiumHD,Colorectal Cancer,Sample_P1_sub15,GraphST,0.2511405019344689,0.4271754002717638,0.53602589096242,0.9118485074299741,0.6750315962528166,0.3124506519123096,0.4271754002717638,117.44263076782227,21196.048363304137,0.1809494586420023,0.0215103196590434,-0.0970318078616215,celltype,Intestine
1254,VisiumHD,Colorectal Cancer,Sample_P1_sub15,PRECAST,0.23101760646623956,0.44583748562374054,0.5149757281845392,0.9231917134831459,0.7219010527339363,0.3225069745160886,0.44583748562374054,352.0772340297699,1622.6,0.6864905196629213,0.0260251703802377,-0.0762306757964137,celltype,Intestine
1255,VisiumHD,Colorectal Cancer,Sample_P1_sub15,SEDR,0.30472502122900347,0.42933782009634786,0.5862322975423628,0.8937360277035025,0.6469250537720628,0.32143875452469606,0.42933782009634786,121.52088017463684,15429.770389938354,0.1252619120676807,0.02135984692002066,-0.177918915667301,celltype,Intestine
1256,VisiumHD,Colorectal Cancer,Sample_P1_sub15,STAGATE,0.23614664131798505,0.40469325041306037,0.5249974962310944,0.9106562047955112,0.6351768859197613,0.2969995674088192,0.40469325041306037,165.72364444732665,998.0165277481079,0.16172357866128956,0.0217666960651995,-0.08903561322778877,celltype,Intestine
1257,VisiumHD,Colorectal Cancer,Sample_P1_sub15,SpaGCN,0.21019476075929405,0.4197369632208218,0.49658331956441043,0.9052733090781573,0.6636785915943678,0.30700208996870726,0.4197369632208218,599.8775695800781,11377.619150161743,0.3385087450138079,0.02368795122797322,-0.09296524197243314,celltype,Intestine
1258,VisiumHD,Colorectal Cancer,Sample_P1_sub15,SpaceFlow,0.11151105520325637,0.3142459484607279,0.3975080702371009,0.8793231929163197,0.5161928355099313,0.22589333001783118,0.3142459484607279,626.8749574661255,947.0620132446289,0.0670670231885328,0.021054047551398218,-0.13141338855887724,celltype,Intestine
1259,VisiumHD,Colorectal Cancer,Sample_P1_sub15,SpatialMGCN,0.24029726027062517,0.46789457593787087,0.524479454836425,0.9405952746241178,0.7451828064764434,0.34107688060004593,0.467894575937871,253.42102875709534,5767.257929992676,0.21815631438215047,0.02268138434243536,-0.06695402373143437,celltype,Intestine
1260,VisiumHD,Colorectal Cancer,Sample_P1_sub15,stLearn,0.3127361058256546,0.49658006916910813,0.5921126850382711,0.9411037566299918,0.7392894570943767,0.37399263599456967,0.49658006916910813,13.416402912139892,3515.113698196411,0.37806513829833865,0.023086968271288498,-0.1788809715801028,celltype,Intestine
1261,VisiumHD,Colorectal Cancer,Sample_P1_sub16,BASS,0.0985602696635264,0.3434058809347512,0.3135628483096591,0.546214175767793,0.3317344566109515,0.3559285259994953,0.3434058809347513,1910.7214060306549,4470.68,0.2576412812431283,0.0253083981919201,-0.0794307367403055,celltype,Intestine
1262,VisiumHD,Colorectal Cancer,Sample_P1_sub16,Banksy,0.3826452918486326,0.4874034668729058,0.49967507127853744,0.7141389683762566,0.5085935081560312,0.46790852484326206,0.487403466872906,29.42168583869934,2152.496523094177,0.1709589845183065,0.0248995100548358,-0.1130721674817529,celltype,Intestine
1263,VisiumHD,Colorectal Cancer,Sample_P1_sub16,CCST,0.2415897282282157,0.3461558104857067,0.5303823431713008,0.5477827457304112,0.2541230131707892,0.543372725959665,0.3461558104857067,2669.3374638557434,8984.163105201722,0.07675731144176497,0.02435944773953582,-0.18516337307922154,celltype,Intestine
1264,VisiumHD,Colorectal Cancer,Sample_P1_sub16,CellCharter,0.21050214018273045,0.35049258197325767,0.3514675657283054,0.5715637008572273,0.3791946948367802,0.3258520841718825,0.35049258197325767,443.13602766990664,1311.534581565857,0.09872893881170555,0.02372056387671588,-0.032044008014343386,celltype,Intestine
1265,VisiumHD,Colorectal Cancer,Sample_P1_sub16,DeepST,0.4025416901741824,0.4825686125627026,0.5124413428324349,0.7072931173495565,0.5137051281071774,0.45510014881958794,0.4825686125627027,737.5445609569549,11342.24478340149,0.1459942827823792,0.023423498395374602,-0.09657497716949048,celltype,Intestine
1266,VisiumHD,Colorectal Cancer,Sample_P1_sub16,GraphST,0.2848764558454176,0.4189902875207617,0.41172933401496803,0.6342446675951037,0.4553122844305597,0.3880352371791262,0.4189902875207617,56.3115647315979,8144.166851615906,0.1263651689511104,0.0230301537068452,-0.0338293981491859,celltype,Intestine
1267,VisiumHD,Colorectal Cancer,Sample_P1_sub16,PRECAST,0.2067019436759699,0.2746883995721138,0.352849996465002,0.5553337591823698,0.3057202699296735,0.24937573252573123,0.2746883995721138,218.05976400375366,961.9,0.5907058447780262,0.0359339469583694,-0.0740474239112213,celltype,Intestine
1268,VisiumHD,Colorectal Cancer,Sample_P1_sub16,SEDR,0.3408562883578858,0.45418752976501653,0.4671453748110991,0.6638276038994355,0.4721697516305312,0.4375965895898618,0.45418752976501653,64.5421298980713,6503.920241355896,0.10269002418822834,0.02331054550287192,-0.09080071611951286,celltype,Intestine
1269,VisiumHD,Colorectal Cancer,Sample_P1_sub16,STAGATE,0.2850069399509597,0.40410974935193156,0.4154945367547128,0.6420875174081947,0.4341452442644663,0.37797541619741115,0.40410974935193156,106.56891613006592,774.3545663833618,0.1903100491094334,0.02414452938557592,-0.056766468005837054,celltype,Intestine
1270,VisiumHD,Colorectal Cancer,Sample_P1_sub16,SpaGCN,0.42778489232029726,0.48294542128702067,0.5334298114981657,0.7097115172869412,0.5218451376050395,0.4496570805646223,0.48294542128702067,210.90886039733886,4667.133580589294,0.3307054246494898,0.028598860889038003,-0.041022727183674654,celltype,Intestine
1271,VisiumHD,Colorectal Cancer,Sample_P1_sub16,SpaceFlow,0.2756352379896077,0.349269691537595,0.40385802562087425,0.5897090082826357,0.3784897258192599,0.3243247261069986,0.3492696915375951,286.21542205810545,809.1457496643067,0.052920911822912794,0.02290541820531092,-0.0211201293747246,celltype,Intestine
1272,VisiumHD,Colorectal Cancer,Sample_P1_sub16,SpatialMGCN,0.28137163020889194,0.3874149963107904,0.41016254696880833,0.625639522099245,0.419006030223046,0.3603120522869082,0.38741499631079046,127.92364606857299,2888.533439064026,0.15638789122626984,0.02403321396086456,-0.04170531653224606,celltype,Intestine
1273,VisiumHD,Colorectal Cancer,Sample_P1_sub16,stLearn,0.5143918705133231,0.5971861418017509,0.6066080197275865,0.7981528989225244,0.6291305043653262,0.5684415458195426,0.597186141801751,8.476247072219849,2243.374279022217,0.3199149747123067,0.027090981280461217,-0.09843339146996019,celltype,Intestine
1274,VisiumHD,Colorectal Cancer,Sample_P1_sub17,BASS,0.24958379747249188,0.44993659759360416,0.4631905373152499,0.7854726641067837,0.5554495942576106,0.3781108099121674,0.44993659759360416,3807.2956660270693,6374.219999999999,0.2348692631194002,0.0221367228913631,-0.1463309066078265,celltype,Intestine
1275,VisiumHD,Colorectal Cancer,Sample_P1_sub17,Banksy,0.42570040597534653,0.4708739602733756,0.6156302390645993,0.7638050831961968,0.5247078323123306,0.4270586772381508,0.4708739602733756,56.36624522209168,3203.6187828063967,0.1588498811482903,0.0218902715876892,-0.1085636018992884,celltype,Intestine
1276,VisiumHD,Colorectal Cancer,Sample_P1_sub17,CCST,0.6216017121533908,0.4243029536026127,0.8072852468099608,0.7078076430791735,0.3320227479696533,0.5980495359617853,0.42430295360261283,6660.173831319809,21406.13740787506,0.0189157067105503,0.020828085717868,-0.21106928350224927,celltype,Intestine
1277,VisiumHD,Colorectal Cancer,Sample_P1_sub17,CellCharter,0.21910906798318908,0.4017758919297571,0.4313487324476659,0.7659488867553604,0.510363018264644,0.3313045412419953,0.4017758919297571,936.1894697189331,1510.9521223068236,0.15738124628537464,0.021490639985229782,-0.10336569165362963,celltype,Intestine
1278,VisiumHD,Colorectal Cancer,Sample_P1_sub17,DeepST,0.2931233619614343,0.45504406098662553,0.5002798634980309,0.7821631011153776,0.5532467962707761,0.3869618369604523,0.45504406098662553,1314.9846499443054,19336.02774887085,0.17579996343024312,0.0211140931895501,-0.13890550852844705,celltype,Intestine
1279,VisiumHD,Colorectal Cancer,Sample_P1_sub17,GraphST,0.7512726079221254,0.5617993841705557,0.8443563248222021,0.8282592795757908,0.6084259053673081,0.5218105987969178,0.5617993841705556,113.4804253578186,19565.002698326112,0.1098006948253794,0.0212408605394352,-0.0968726354970176,celltype,Intestine
1280,VisiumHD,Colorectal Cancer,Sample_P1_sub17,PRECAST,0.5410192789297026,0.5581702919717295,0.7016552143992774,0.8517579835030645,0.651715997430813,0.4881084150145124,0.5581702919717295,368.1698440074921,1565.4,0.20293995668402381,0.02232615885549,-0.113165096917241,celltype,Intestine
1281,VisiumHD,Colorectal Cancer,Sample_P1_sub17,SEDR,0.5946060114411174,0.508516007140335,0.7365022784097988,0.7838635948070946,0.5594732998034704,0.4673535551702823,0.508516007140335,144.1051306247711,14341.15281982422,0.10402267324922283,0.02080705472906546,-0.12543803761464117,celltype,Intestine
1282,VisiumHD,Colorectal Cancer,Sample_P1_sub17,STAGATE,0.390849813237435,0.4756651406041129,0.5839506896500042,0.7987657707076248,0.5615691491034647,0.41275638288176736,0.4756651406041129,144.22319855690003,967.9083721160889,0.1071402450173706,0.021072218331128857,-0.0928450179284414,celltype,Intestine
1283,VisiumHD,Colorectal Cancer,Sample_P1_sub17,SpaGCN,0.30154128389846446,0.46810657705258885,0.50726617432117,0.7951087950265131,0.5735524229159347,0.39563289077807323,0.46810657705258885,567.8655315876007,10503.395617485046,0.3339001645639056,0.023055580476181982,-0.10473486152869789,celltype,Intestine
1284,VisiumHD,Colorectal Cancer,Sample_P1_sub17,SpaceFlow,0.1967353885811367,0.40501300008213004,0.4101526938440626,0.7742000365697568,0.5137653313582404,0.33428167908427714,0.40501300008213,330.34858226776123,901.7020633697509,0.09369171695008222,0.02074964362100648,-0.09096912518246843,celltype,Intestine
1285,VisiumHD,Colorectal Cancer,Sample_P1_sub17,SpatialMGCN,0.40298840434346517,0.5212560174184766,0.5825788680362611,0.8267507771073322,0.6255497981307856,0.4488271407648682,0.5212560174184766,224.3444139957428,5412.442140388489,0.2358932163101115,0.022587293149921438,-0.09510644834553546,celltype,Intestine
1286,VisiumHD,Colorectal Cancer,Sample_P1_sub17,stLearn,0.5060509441063082,0.5669175555232114,0.6695242525370485,0.8562260010970928,0.6352433181463318,0.5140015912875631,0.5669175555232114,12.239435195922852,3448.610471534729,0.2846498445785335,0.022278559437309282,-0.18093664891530112,celltype,Intestine
1287,VisiumHD,Colorectal Cancer,Sample_P1_sub18,BASS,0.2155182804457449,0.3983967612304686,0.5561066742364348,0.9431144205376857,0.6737864707794491,0.2828077160833913,0.3983967612304686,3092.275125980377,6712.240000000001,0.2028226330144162,0.0223376944308867,-0.10497739675315002,celltype,Intestine
1288,VisiumHD,Colorectal Cancer,Sample_P1_sub18,Banksy,0.5382885471840715,0.4382410836174178,0.8089094367188864,0.9128966621931685,0.579294271981268,0.3524279093936207,0.4382410836174178,45.253406047821045,3397.231733894348,0.1283172431707,0.0226303055183722,-0.1458796893388926,celltype,Intestine
1289,VisiumHD,Colorectal Cancer,Sample_P1_sub18,CCST,0.7130899733193132,0.48428209717917925,0.9187032758283218,0.8920645915407593,0.38888666466001565,0.6417134165659371,0.48428209717917925,7414.230573797226,23665.768015670776,0.008822892765920558,0.02106386563201458,-0.3484053952565098,celltype,Intestine
1290,VisiumHD,Colorectal Cancer,Sample_P1_sub18,CellCharter,0.12089773149660096,0.29696919783208847,0.4345328342311393,0.9029741547253127,0.5661681257145401,0.2012924812857657,0.29696919783208847,1000.1339980602264,1533.5370948791503,0.21239014675959997,0.02238428350702896,-0.08965731900804218,celltype,Intestine
1291,VisiumHD,Colorectal Cancer,Sample_P1_sub18,DeepST,0.15837673090670537,0.3339677685296361,0.4856714914501305,0.90575349582233,0.5770638314739823,0.23704836867682627,0.3339677685296361,1464.6604976177216,20613.215134620667,0.15236157409411658,0.0213883021607217,-0.14402404881061223,celltype,Intestine
1292,VisiumHD,Colorectal Cancer,Sample_P1_sub18,GraphST,0.2035912569115581,0.3515756284039533,0.5384774732646537,0.9044980302177585,0.616145950702786,0.2459610506214469,0.3515756284039533,118.81982517242432,21701.798146057128,0.2151175375557383,0.0218408174399974,-0.105831317396365,celltype,Intestine
1293,VisiumHD,Colorectal Cancer,Sample_P1_sub18,PRECAST,0.1417273714303679,0.3694952630587626,0.45675984765118505,0.9354251538528212,0.7045999842076354,0.2504041341495411,0.3694952630587626,358.833055973053,1642.7,0.7407038224841813,0.026862123248847396,-0.0905479698349284,celltype,Intestine
1294,VisiumHD,Colorectal Cancer,Sample_P1_sub18,SEDR,0.30588207661647104,0.38556293606087244,0.630057537157254,0.9063076323650374,0.6132601667142871,0.2820653487580201,0.38556293606087244,134.2846423625946,15770.055781173705,0.16259578336724528,0.0213194487239182,-0.14811080538650573,celltype,Intestine
1295,VisiumHD,Colorectal Cancer,Sample_P1_sub18,STAGATE,0.22169027740588065,0.36501354084462356,0.5579622441030703,0.9196761764578552,0.6271007127728933,0.25769119818752007,0.36501354084462356,161.51573853492738,993.4633508682251,0.16125373392787562,0.0217987822604537,-0.10011279166032931,celltype,Intestine
1296,VisiumHD,Colorectal Cancer,Sample_P1_sub18,SpaGCN,0.1391725274169976,0.3429316054943471,0.46772604756415975,0.910931209143253,0.6126712525098131,0.2381286087886152,0.3429316054943471,663.8165159225464,11488.30686225891,0.5709597818087364,0.02548893148172926,-0.09120420930280512,celltype,Intestine
1297,VisiumHD,Colorectal Cancer,Sample_P1_sub18,SpaceFlow,0.07809949893655303,0.2520145666254935,0.3841125661772748,0.8814407550110394,0.4852795382075559,0.17024039373344935,0.25201456662549354,475.9211353302002,921.1530986785889,0.085882505736179,0.021174788959388,-0.06760984339962398,celltype,Intestine
1298,VisiumHD,Colorectal Cancer,Sample_P1_sub18,SpatialMGCN,0.24622718425248694,0.4203859740487378,0.5713963952752976,0.9428979609506906,0.7267698434656882,0.29645176373004084,0.4203859740487378,248.29680380821227,5875.761944007873,0.21967184726611538,0.022307144246078082,-0.0950990580045313,celltype,Intestine
1299,VisiumHD,Colorectal Cancer,Sample_P1_sub18,stLearn,0.26826378165677855,0.45018472200838844,0.6028323482194756,0.9514004935278584,0.7284781134700271,0.32574552300020854,0.4501847220083885,12.038562297821045,3502.7049209594725,0.3874280271873241,0.02327550055714698,-0.09934002708645165,celltype,Intestine
1300,VisiumHD,Colorectal Cancer,Sample_P1_sub19,BASS,0.2407882960194799,0.4512300130034417,0.4253285540715438,0.6850340594860727,0.490371644199229,0.4178750820240903,0.45123001300344157,2268.102429962158,4584.76,0.22829972347743982,0.0207590353556496,-0.1819570190505276,celltype,Intestine
1301,VisiumHD,Colorectal Cancer,Sample_P1_sub19,Banksy,0.6495918967875022,0.6043108423497937,0.7378695675440815,0.841980653453291,0.6808603849269842,0.5432346445387235,0.6043108423497937,41.11590986251831,2245.376906204224,0.143475613880809,0.0207559249312307,-0.027125849870016698,celltype,Intestine
1302,VisiumHD,Colorectal Cancer,Sample_P1_sub19,CCST,0.7142113917322177,0.5969609993468834,0.7955478764175916,0.7744520132191273,0.5632328230252386,0.6360535933251225,0.5969609993468834,3129.3596695899964,10429.79183883667,0.0667700816078775,0.02022623232736062,-0.05120551842857888,celltype,Intestine
1303,VisiumHD,Colorectal Cancer,Sample_P1_sub19,CellCharter,0.37522407893140275,0.5170793622972008,0.5191389483918891,0.7957529224597081,0.6212364938619708,0.44283808088221666,0.5170793622972009,491.38381638526914,1467.4210220336913,0.15773673652901704,0.020811293335573362,-0.05941344698397412,celltype,Intestine
1304,VisiumHD,Colorectal Cancer,Sample_P1_sub19,DeepST,0.42403852147769605,0.5457657491713885,0.5565291917608564,0.8055978957307615,0.6355419842848686,0.4784119195505722,0.5457657491713885,756.3587231636047,12425.86319885254,0.11489849598705057,0.01960473369968248,-0.1515989533397431,celltype,Intestine
1305,VisiumHD,Colorectal Cancer,Sample_P1_sub19,GraphST,0.4434506059146576,0.5539644052870196,0.5751026398705702,0.8336143521953193,0.6573905036520906,0.47865798200438087,0.5539644052870197,60.152446556091306,9467.298351860047,0.1387333917852566,0.0198149426300503,-0.06606617483735,celltype,Intestine
1306,VisiumHD,Colorectal Cancer,Sample_P1_sub19,PRECAST,0.43342045407704755,0.5347863576162356,0.586832754420712,0.8363313518103915,0.6578376024312574,0.4505155587095442,0.5347863576162355,218.6554259777069,990.7,0.45302246583802985,0.0257169742886721,-0.0987612851562297,celltype,Intestine
1307,VisiumHD,Colorectal Cancer,Sample_P1_sub19,SEDR,0.5820578611854996,0.5662747332918153,0.6853020262950761,0.8091994334659741,0.6453190228919133,0.5045898388707382,0.5662747332918153,80.15006937980652,7439.979608726501,0.11623389761920815,0.019535953871800998,-0.04025116840586822,celltype,Intestine
1308,VisiumHD,Colorectal Cancer,Sample_P1_sub19,STAGATE,0.44417200224902603,0.5423743948906152,0.5745113857055628,0.8084440547649558,0.638799329253311,0.4713277201344754,0.5423743948906153,146.22392416000366,800.4220443725586,0.1829230457948337,0.0207258869732126,-0.0644484656756368,celltype,Intestine
1309,VisiumHD,Colorectal Cancer,Sample_P1_sub19,SpaGCN,0.507623590986787,0.5771660548297184,0.6257622672714516,0.8172904800650935,0.6531913952590451,0.5173072256871094,0.5771660548297184,283.6224455356598,5419.3934535980225,0.22737998372660698,0.02277958584257568,-0.07759850164300205,celltype,Intestine
1310,VisiumHD,Colorectal Cancer,Sample_P1_sub19,SpaceFlow,0.37838693170000093,0.5161999006847002,0.518343240775242,0.7847575369258785,0.612576472816265,0.4460519203362847,0.5161999006847002,213.3391406059265,800.0034429550171,0.11603156403857824,0.01963335917525992,-0.05112827634088536,celltype,Intestine
1311,VisiumHD,Colorectal Cancer,Sample_P1_sub19,SpatialMGCN,0.41675551935174876,0.5621585622005382,0.5525539726470838,0.8241046739057125,0.6692375605019655,0.48462607328834595,0.5621585622005382,121.8887680530548,3187.902770233154,0.18335469076684424,0.02035492247700628,-0.06958690647885017,celltype,Intestine
1312,VisiumHD,Colorectal Cancer,Sample_P1_sub19,stLearn,0.45771073317447114,0.5762618074242807,0.5839376276842027,0.8222162271531666,0.6572975063657494,0.5131588889969112,0.5762618074242807,7.72258563041687,2360.745006752014,0.2617117420921292,0.02146528235526678,-0.06386424483800597,celltype,Intestine
1313,VisiumHD,Colorectal Cancer,Sample_P1_sub2,BASS,0.327630190890716,0.4776309688152013,0.4973871315173584,0.694812955659137,0.483320119103184,0.4720741940588297,0.4776309688152011,2170.590810060501,4424.86,0.2116051153340504,0.0241083046137079,-0.3150046450253354,celltype,Intestine
1314,VisiumHD,Colorectal Cancer,Sample_P1_sub2,Banksy,0.6032605103283348,0.5601359241634934,0.7023319794629294,0.8206834532374101,0.59464160295104,0.5294151838256502,0.5601359241634934,42.73656606674194,2476.280247497559,0.0964028776978417,0.0247783484002543,-0.0882965628016954,celltype,Intestine
1315,VisiumHD,Colorectal Cancer,Sample_P1_sub2,CCST,0.5563322525516081,0.48907721364420836,0.7110765560994989,0.7446755109358193,0.4095907233457359,0.6068866169357944,0.48907721364420836,3959.112734556198,13021.281453704834,0.03854428110433842,0.02341866868584402,-0.08987567661592706,celltype,Intestine
1316,VisiumHD,Colorectal Cancer,Sample_P1_sub2,CellCharter,0.3310355230900233,0.4459974187561759,0.47952449775635503,0.7431776612608219,0.5233926659544296,0.3885555596529503,0.445997418756176,584.3736778259278,1395.5898014068603,0.09192781368125837,0.02410488605675802,-0.00647654284221894,celltype,Intestine
1317,VisiumHD,Colorectal Cancer,Sample_P1_sub2,DeepST,0.48760920753948067,0.5204169373921014,0.6092069779183251,0.7761682801482013,0.5779049223393811,0.47353133678917186,0.5204169373921014,941.8863598823548,14206.517004776,0.11351738974542842,0.023341232438437477,-0.1396226693099546,celltype,Intestine
1318,VisiumHD,Colorectal Cancer,Sample_P1_sub2,GraphST,0.3937586574331047,0.5148885010336174,0.531356868151795,0.7926975020915501,0.5913193062931583,0.4559542648994291,0.5148885010336174,74.24287586212158,11804.72843284607,0.099258993665591,0.023659749776177,-0.03936954979981,celltype,Intestine
1319,VisiumHD,Colorectal Cancer,Sample_P1_sub2,PRECAST,0.3479002946503197,0.350267697289163,0.5034994358984014,0.6824442289039767,0.4070316139293115,0.3073984476733971,0.3502676972891631,273.92408604621886,1155.0,0.4526996443582282,0.0307293206752501,-0.0870464738639178,celltype,Intestine
1320,VisiumHD,Colorectal Cancer,Sample_P1_sub2,SEDR,0.5882888709578035,0.5507859046613987,0.6893843749939801,0.8045057965818095,0.6037483084271986,0.5065431634002671,0.5507859046613987,89.05337672233581,9082.557601737975,0.10770885622086765,0.02353831721070772,-0.04053591676248628,celltype,Intestine
1321,VisiumHD,Colorectal Cancer,Sample_P1_sub2,STAGATE,0.4345491530245712,0.5090696835906385,0.5656197430589558,0.8269989243456436,0.5763778141901857,0.4558379358077197,0.5090696835906385,125.70235385894776,792.9125492095948,0.11672044938448664,0.02380054342724726,-0.03286521246565553,celltype,Intestine
1322,VisiumHD,Colorectal Cancer,Sample_P1_sub2,SpaGCN,0.4791245695969934,0.5190599936401661,0.603121266120161,0.7925249369066218,0.5872029695887498,0.4651617822938853,0.5190599936401661,264.39391350746155,6622.392923164368,0.22880663381805064,0.02657091731119036,-0.046419985881047524,celltype,Intestine
1323,VisiumHD,Colorectal Cancer,Sample_P1_sub2,SpaceFlow,0.3298562389559052,0.43964217070641265,0.47608123923051354,0.7517270228277757,0.5113502908073853,0.3856321931131659,0.43964217070641265,323.2190208911896,865.2638980865479,0.04297836739572124,0.02310997215938554,-0.00847616408908598,celltype,Intestine
1324,VisiumHD,Colorectal Cancer,Sample_P1_sub2,SpatialMGCN,0.5207296296314474,0.5601199785708509,0.63636983189645,0.8133142105892196,0.6298190558426449,0.5043781404026569,0.5601199785708509,155.96539468765258,3703.260323905945,0.197884546432413,0.02409984088265506,-0.06572616228945354,celltype,Intestine
1325,VisiumHD,Colorectal Cancer,Sample_P1_sub2,stLearn,0.589142032101179,0.5969894809358676,0.6898756124058558,0.8276204135293416,0.6456779657871274,0.5554749222514976,0.5969894809358676,10.519040060043334,2704.0481502532957,0.21067288155850364,0.02551871518995118,-0.1625037819732269,celltype,Intestine
1326,VisiumHD,Colorectal Cancer,Sample_P1_sub20,BASS,0.2692574189840497,0.3711469418619324,0.5244334090286203,0.8589084758993039,0.5006416320684667,0.2948752581665769,0.3711469418619325,1693.2307899951934,4623.82,0.24881285370454692,0.0204262683408661,-0.1787740543168479,celltype,Intestine
1327,VisiumHD,Colorectal Cancer,Sample_P1_sub20,Banksy,0.3477362312399032,0.46074341124708995,0.582812196060312,0.9082216685745068,0.6452864911438971,0.3582801933515584,0.4607434112470899,45.44721922874451,2219.865877342224,0.1504275806343007,0.0215701315598638,-0.082371082707733,celltype,Intestine
1328,VisiumHD,Colorectal Cancer,Sample_P1_sub20,CCST,0.4311334358174511,0.46151674409097004,0.6468170101733379,0.8699017758407598,0.570856253029147,0.38733333192448394,0.46151674409097004,3324.7363028526306,10881.849250221252,0.06208287256878938,0.01931019746553166,-0.3775013403092169,celltype,Intestine
1329,VisiumHD,Colorectal Cancer,Sample_P1_sub20,CellCharter,0.13452712073407286,0.3137263522150755,0.3914346881968255,0.8427293905463291,0.518520557362206,0.2249055399427767,0.31372635221507555,413.583931684494,1435.8866634368896,0.2066130607950702,0.0216173505659255,-0.10153343692349961,celltype,Intestine
1330,VisiumHD,Colorectal Cancer,Sample_P1_sub20,DeepST,0.21987698132852057,0.38478464750794605,0.4595516381064173,0.879112730111234,0.5931379268011142,0.2848146734624911,0.38478464750794605,758.0660134315491,12921.849348068237,0.13072269563520453,0.01948412931837562,-0.1343712548950276,celltype,Intestine
1331,VisiumHD,Colorectal Cancer,Sample_P1_sub20,GraphST,0.2842980069335288,0.3992119432074655,0.5215668621458072,0.8979379431470761,0.6014521594596057,0.2987547133460836,0.3992119432074654,77.95982999801636,10091.511787605286,0.1695830351915696,0.0196754809501911,-0.0623536368367561,celltype,Intestine
1332,VisiumHD,Colorectal Cancer,Sample_P1_sub20,PRECAST,0.051682514476353206,0.1988735308176795,0.3614065203254571,0.8848660391020999,0.3791904711047471,0.1347809632287626,0.1988735308176795,182.13475399017335,862.4,0.6784033309196235,0.0305517981220021,-0.1651900063311333,celltype,Intestine
1333,VisiumHD,Colorectal Cancer,Sample_P1_sub20,SEDR,0.3071931263656666,0.4167291231406541,0.5411599126880556,0.8776946594678983,0.6108595030471229,0.31651920471374867,0.41672912314065397,80.18416666984558,7893.260316085815,0.15268327587328429,0.0198265373843588,-0.09023057084692962,celltype,Intestine
1334,VisiumHD,Colorectal Cancer,Sample_P1_sub20,STAGATE,0.22791383753375283,0.3632525035492883,0.4876543887561951,0.8494373251805113,0.5033739816129572,0.28416741553646097,0.3632525035492883,113.56778125762939,753.3641389846802,0.1456709815911012,0.01945449702855774,-0.1097571873529837,celltype,Intestine
1335,VisiumHD,Colorectal Cancer,Sample_P1_sub20,SpaGCN,0.32115873002689177,0.40485553992217477,0.5602619408877217,0.8795109957656058,0.5943452031377544,0.3071179732737862,0.4048555399221748,388.7908175468445,5489.838383865356,0.3375495150935664,0.025455416029470157,-0.055940373420739785,celltype,Intestine
1336,VisiumHD,Colorectal Cancer,Sample_P1_sub20,SpaceFlow,0.22826542134717248,0.35487585820900786,0.46859729587761256,0.8514278280101477,0.5462691071513055,0.2628278651882392,0.35487585820900786,353.37224354743955,932.8285673141479,0.0958433617381122,0.01901611892678358,-0.09958569273633813,celltype,Intestine
1337,VisiumHD,Colorectal Cancer,Sample_P1_sub20,SpatialMGCN,0.2163733783109118,0.39740201332481717,0.45483939962092396,0.8947765563000065,0.6198770626718048,0.2924769675200631,0.39740201332481717,129.98672971725463,3319.0239004135133,0.27466337084498793,0.0213180915475333,-0.11164414605473276,celltype,Intestine
1338,VisiumHD,Colorectal Cancer,Sample_P1_sub20,stLearn,0.37872552194832154,0.49040014231808565,0.6048202819182555,0.904638001691277,0.6561359432861567,0.39212378960392186,0.49040014231808576,8.834111738204957,2281.9690671920775,0.18425811487673188,0.0209847648360627,-0.2652361949532418,celltype,Intestine
1339,VisiumHD,Colorectal Cancer,Sample_P1_sub3,BASS,0.2521201297263124,0.3710527159596331,0.5003709934969621,0.7955661868352484,0.4848336093566873,0.3005253409543897,0.3710527159596332,4454.037004089356,6668.039999999999,0.3006706249199094,0.0234810321945303,-0.1791383396641643,celltype,Intestine
1340,VisiumHD,Colorectal Cancer,Sample_P1_sub3,Banksy,0.21898273279161012,0.3492452862213314,0.4658833748931223,0.8209388748878732,0.47583933197270156,0.2758556378765083,0.3492452862213314,66.24633526802063,3402.638227272034,0.20601426679765916,0.0230262707839819,-0.1476903876577986,celltype,Intestine
1341,VisiumHD,Colorectal Cancer,Sample_P1_sub3,CCST,0.6398957610171753,0.4296361316593263,0.8327901615731129,0.7804194609371663,0.34401943866528883,0.579933802531843,0.4296361316593263,7688.190900468826,24260.833861160278,0.01400196488830032,0.021304639576194658,-0.20283578900800006,celltype,Intestine
1342,VisiumHD,Colorectal Cancer,Sample_P1_sub3,CellCharter,0.1708405626376785,0.32445807655203013,0.40979877216329735,0.7955234718721969,0.4695237044208831,0.24788029661828617,0.3244580765520301,937.85138463974,1508.5469131469727,0.15798556234248853,0.022307668663218223,-0.06359658912617619,celltype,Intestine
1343,VisiumHD,Colorectal Cancer,Sample_P1_sub3,DeepST,0.17942152932571317,0.36279311693127686,0.4194886766285514,0.8178804835333817,0.5151445789858424,0.28013492473771223,0.36279311693127686,1446.1048429012299,20934.92321834564,0.16159924821665023,0.02199207333582412,-0.0559296776889497,celltype,Intestine
1344,VisiumHD,Colorectal Cancer,Sample_P1_sub3,GraphST,0.2274407062863218,0.3976502035928308,0.4652350790800622,0.842168211524497,0.5695870741971325,0.3054472045120349,0.3976502035928308,143.5647603034973,22249.218666648863,0.1716714365042074,0.0220256451605413,-0.0962073782520541,celltype,Intestine
1345,VisiumHD,Colorectal Cancer,Sample_P1_sub3,PRECAST,0.2030260876253788,0.3604468459850942,0.4440610587470143,0.8409129912476402,0.5202766990725051,0.2757392861819178,0.3604468459850943,398.23055601119995,1671.0,0.6262227561352325,0.027120735257118,-0.11371417164426792,celltype,Intestine
1346,VisiumHD,Colorectal Cancer,Sample_P1_sub3,SEDR,0.40002661348991236,0.41532096541609287,0.6162469490445694,0.8140275938661313,0.5335733770337278,0.3402646123318118,0.41532096541609276,132.60450739860534,16145.546542549133,0.1611208406304728,0.02171615580828056,-0.18817456353885528,celltype,Intestine
1347,VisiumHD,Colorectal Cancer,Sample_P1_sub3,STAGATE,0.2130445191621077,0.367914848175514,0.45269214432084814,0.8246465336807484,0.526010903881194,0.2828903904457115,0.367914848175514,157.4460594177246,959.4454862594605,0.16112938362308313,0.02208672615053616,-0.05664274012059106,celltype,Intestine
1348,VisiumHD,Colorectal Cancer,Sample_P1_sub3,SpaGCN,0.19937971525844383,0.3878405172532121,0.44050784683216787,0.8196915979667677,0.5438833681676043,0.3014754639467312,0.3878405172532121,650.123661661148,11897.629038238525,0.3232668403741831,0.023942291271997318,-0.09541491055453973,celltype,Intestine
1349,VisiumHD,Colorectal Cancer,Sample_P1_sub3,SpaceFlow,0.12268315986755023,0.27470534901721827,0.35928453590872306,0.7652898210243049,0.4011665616240463,0.20890688527490164,0.27470534901721827,473.88115229606626,901.3791202545166,0.05061723121609496,0.021289208062159882,-0.04152188619125432,celltype,Intestine
1350,VisiumHD,Colorectal Cancer,Sample_P1_sub3,SpatialMGCN,0.26978974767655783,0.43236957671429116,0.5034597322830302,0.8551706462773909,0.6097935825713217,0.3350509962193841,0.43236957671429116,260.02091517448423,5987.2123544692995,0.2622527871513391,0.02403407895868636,-0.03527853077903144,celltype,Intestine
1351,VisiumHD,Colorectal Cancer,Sample_P1_sub3,stLearn,0.3552770872904896,0.49899010974908065,0.5820121559201625,0.8967579343043868,0.670059405090256,0.3975051909664008,0.49899010974908065,13.183301115036011,3575.073173522949,0.4100380163171159,0.0241106988296038,-0.08574011314048599,celltype,Intestine
1352,VisiumHD,Colorectal Cancer,Sample_P1_sub4,BASS,0.1929169303091045,0.4201428024121453,0.4223305181952209,0.7849528495284953,0.5301061689609381,0.3479626494422164,0.4201428024121453,2869.4893559455872,6820.460000000001,0.2100451004510045,0.0229566855422812,-0.1358899961705904,celltype,Intestine
1353,VisiumHD,Colorectal Cancer,Sample_P1_sub4,Banksy,0.2247736638022272,0.41387561122991395,0.471857381848441,0.7929069290692907,0.47544040275874727,0.3664269720076409,0.41387561122991395,53.804042148590085,3521.810680961609,0.192619926199262,0.0229424440144136,-0.1703766696143808,celltype,Intestine
1354,VisiumHD,Colorectal Cancer,Sample_P1_sub4,CCST,0.6200835923674628,0.42269177215164966,0.7650694763230025,0.7118245182451824,0.42150757815947826,0.42390979480335805,0.42269177215164966,8403.766474294662,26255.258797836304,0.04045920459204588,0.021407614078465857,-0.1815023742361761,celltype,Intestine
1355,VisiumHD,Colorectal Cancer,Sample_P1_sub4,CellCharter,0.18184398418649744,0.3558035704877235,0.40334924706884606,0.7403034030340303,0.46494455217297387,0.2881673944972641,0.3558035704877235,1075.823279237747,1432.4140687942504,0.195350553505535,0.02228297984770276,-0.12417847470371257,celltype,Intestine
1356,VisiumHD,Colorectal Cancer,Sample_P1_sub4,DeepST,0.22440851483012536,0.40393989483255055,0.4469166801068267,0.7723575235752358,0.5130640898338669,0.33329382002854874,0.40393989483255055,1560.9322296142577,21972.016329956055,0.15210332103321028,0.0216546132429283,-0.12231629896650878,celltype,Intestine
1357,VisiumHD,Colorectal Cancer,Sample_P1_sub4,GraphST,0.40418511740394714,0.43363907773210714,0.6004279037373356,0.7908159081590815,0.525264773771403,0.3692314004028802,0.43363907773210714,129.81913285255433,24052.984179115294,0.1276752767527675,0.02194356504511,-0.0993305080076108,celltype,Intestine
1358,VisiumHD,Colorectal Cancer,Sample_P1_sub4,PRECAST,0.179647433140532,0.350333902761299,0.3997187999288145,0.7998768725631028,0.4609091465804419,0.2825485749960795,0.3503339027612991,389.9465859413147,1726.7,0.6686230248306998,0.026839357426982503,-0.11185664505513851,celltype,Intestine
1359,VisiumHD,Colorectal Cancer,Sample_P1_sub4,SEDR,0.3215985561428588,0.40877802160550714,0.5288253094930722,0.76410004100041,0.5105911835549536,0.34117247026050534,0.40877802160550714,126.90382528305054,17352.693568611146,0.20728987289872897,0.021701228581355363,-0.13633348390910166,celltype,Intestine
1360,VisiumHD,Colorectal Cancer,Sample_P1_sub4,STAGATE,0.28068503735891615,0.4026083510098939,0.4954861424965685,0.7949815498154982,0.5111733913014034,0.3320992090396504,0.4026083510098939,160.22963166236877,949.1413209915161,0.15306273062730621,0.02175057278944574,-0.11344087637417184,celltype,Intestine
1361,VisiumHD,Colorectal Cancer,Sample_P1_sub4,SpaGCN,0.2815272158285966,0.4266724460323485,0.496738391664833,0.7907913079130792,0.5385057723772689,0.3533097254170738,0.4266724460323485,725.7213028907776,12580.238544273376,0.30138581385813856,0.023178472096089718,-0.0847106164423473,celltype,Intestine
1362,VisiumHD,Colorectal Cancer,Sample_P1_sub4,SpaceFlow,0.1174453005726241,0.3090906395265228,0.3460891008131236,0.7196309963099632,0.40236895062705713,0.2509421728615512,0.3090906395265228,482.2683167934418,890.3165679931641,0.08216482164821642,0.021466393466832483,-0.0885609736431372,celltype,Intestine
1363,VisiumHD,Colorectal Cancer,Sample_P1_sub4,SpatialMGCN,0.40092006340946185,0.5009858236230185,0.5932931682028189,0.847150471504715,0.6188226999641089,0.4211670883833995,0.5009858236230185,262.25824189186096,6372.2279607772825,0.282640426404264,0.02355525048372448,-0.09471569462361844,celltype,Intestine
1364,VisiumHD,Colorectal Cancer,Sample_P1_sub4,stLearn,0.3606263881267197,0.5098765338028263,0.5628772335773581,0.8724969249692496,0.6479771972167969,0.4202997999779746,0.5098765338028263,15.496599483489991,3707.681694984436,0.4180893808938089,0.02359885010011632,-0.11408672302399063,celltype,Intestine
1365,VisiumHD,Colorectal Cancer,Sample_P1_sub5,BASS,0.44500679949960376,0.5046448950398619,0.601794315793033,0.7741546659899765,0.5048905379085246,0.5043994910787303,0.5046448950398618,1427.1116520404817,4563.16,0.1823891391232633,0.0180490905604741,-0.1908767242652233,celltype,Intestine
1366,VisiumHD,Colorectal Cancer,Sample_P1_sub5,Banksy,0.6437724844546105,0.6247868176121104,0.7248113112099414,0.8589304531085353,0.6703828505557574,0.5849982135413287,0.6247868176121104,33.01043930053711,2255.4178623199464,0.0740252897787144,0.0184059674354376,-0.05138711395270059,celltype,Intestine
1367,VisiumHD,Colorectal Cancer,Sample_P1_sub5,CCST,0.6596353458668378,0.5911005574828601,0.7550950170605433,0.7879083930723847,0.5388958326431569,0.6573791048778025,0.5911005574828601,3516.601912355423,11674.544367980958,0.053314724354501,0.017497403564448222,-0.20995607224524174,celltype,Intestine
1368,VisiumHD,Colorectal Cancer,Sample_P1_sub5,CellCharter,0.410229621606367,0.5125566344057397,0.5248258331024704,0.7720492618373747,0.5804841137683575,0.4588746089294826,0.5125566344057397,359.57325587272646,1376.9224214553833,0.08753920293735176,0.02006718394356288,-0.046612475089592695,celltype,Intestine
1369,VisiumHD,Colorectal Cancer,Sample_P1_sub5,DeepST,0.6365019063310257,0.609261854188125,0.7220302324762791,0.8441540315929709,0.6412334884368099,0.5806752711962698,0.6092618541881248,860.6087368011474,13287.483600234986,0.04147687622914418,0.01678941882537406,-0.14807977702365352,celltype,Intestine
1370,VisiumHD,Colorectal Cancer,Sample_P1_sub5,GraphST,0.47632920451182253,0.5804804341790638,0.595931345244031,0.8669669479160058,0.6694134208631604,0.5124061897316035,0.5804804341790637,77.7272873878479,10568.36814517975,0.1193935164626023,0.0172343706431822,-0.0640035664417961,celltype,Intestine
1371,VisiumHD,Colorectal Cancer,Sample_P1_sub5,PRECAST,0.3328402008677718,0.3886197559999735,0.4751304710839633,0.701631930790405,0.43368411132246687,0.3520391714344442,0.3886197559999735,175.93048405647278,702.3,0.4019858434919386,0.0308121946201312,-0.10504783902388208,celltype,Intestine
1372,VisiumHD,Colorectal Cancer,Sample_P1_sub5,SEDR,0.6452668902110581,0.6099621434098206,0.7289764302768239,0.843798769269809,0.6538373687544768,0.5719317902510763,0.6099621434098206,71.00297422409058,8225.390477752686,0.07298103152953114,0.01719835825010432,0.00214319630022428,celltype,Intestine
1373,VisiumHD,Colorectal Cancer,Sample_P1_sub5,STAGATE,0.6431068676801278,0.6024941433500512,0.7311158107354953,0.8425553511387426,0.6137955304506713,0.5916082227147477,0.6024941433500511,110.17719459533689,766.0605716705322,0.0775486899701833,0.017080985646194043,-0.05728158373254636,celltype,Intestine
1374,VisiumHD,Colorectal Cancer,Sample_P1_sub5,SpaGCN,0.5793799830907967,0.5490409459984826,0.6788573882122063,0.7907909642166989,0.5464436561900925,0.5529073227677636,0.5490409459984825,642.3404932022095,5629.928010177612,0.1865529419604184,0.02258964105025384,-0.06263183048362644,celltype,Intestine
1375,VisiumHD,Colorectal Cancer,Sample_P1_sub5,SpaceFlow,0.5759862885207566,0.5400039201259458,0.6739899017030669,0.7897481443887585,0.596006206353566,0.4938123033393831,0.5400039201259459,238.5345598220825,825.6349269866944,0.0653555795216646,0.01705310118909004,-0.08628503623640878,celltype,Intestine
1376,VisiumHD,Colorectal Cancer,Sample_P1_sub5,SpatialMGCN,0.5282412511559519,0.5737028726522162,0.6366148285713121,0.8439637124912771,0.6394252687826383,0.520405036872776,0.5737028726522162,155.35395278930665,3357.5856298446656,0.19757660343843175,0.019268360655693338,-0.04514716347285978,celltype,Intestine
1377,VisiumHD,Colorectal Cancer,Sample_P1_sub5,stLearn,0.6637387728728047,0.6576795642490147,0.744340394399033,0.8833217027215632,0.6957424618190047,0.6235705557341825,0.6576795642490147,9.459764671325683,2582.674457550049,0.15202689843303935,0.01870220879573544,-0.11914707267411422,celltype,Intestine
1378,VisiumHD,Colorectal Cancer,Sample_P1_sub6,BASS,0.1894928547407401,0.3867959072742392,0.47599622643484735,0.628736688469647,0.3265701904942614,0.47425805896934914,0.3867959072742393,3200.769215965271,5493.24,0.1800097302556895,0.0228994569637933,-0.2515087491223788,celltype,Intestine
1379,VisiumHD,Colorectal Cancer,Sample_P1_sub6,Banksy,0.2390654656987504,0.4086371187257483,0.4357110784076833,0.6279132644784513,0.40176949151548424,0.4157436118810094,0.4086371187257483,41.41120438575744,2674.9673105239867,0.1281025252798356,0.0233222641245248,-0.1594026701510555,celltype,Intestine
1380,VisiumHD,Colorectal Cancer,Sample_P1_sub6,CCST,0.23826182177120817,0.27563747102335767,0.5305799064726068,0.5082328774528353,0.20628203557983013,0.41534154839778187,0.27563747102335767,4858.982106161117,15406.838674354552,0.05973295853829932,0.02231938926317282,-0.2549757912065089,celltype,Intestine
1381,VisiumHD,Colorectal Cancer,Sample_P1_sub6,CellCharter,0.1558685254014562,0.29192889078900464,0.31282055297924427,0.5582096022542539,0.32178124125674273,0.2671898528135124,0.29192889078900464,664.5814200878143,1390.9511304855346,0.13794299338896715,0.02270723003709186,-0.07450134754234858,celltype,Intestine
1382,VisiumHD,Colorectal Cancer,Sample_P1_sub6,DeepST,0.37071298804921976,0.4517173156982759,0.5017795781841661,0.700059462673658,0.47390174573322225,0.4316133438232817,0.451717315698276,1072.5471666812896,15907.006435394287,0.1550894642953673,0.022299391001142498,-0.13199099939142742,celltype,Intestine
1383,VisiumHD,Colorectal Cancer,Sample_P1_sub6,GraphST,0.1864032914602509,0.3582284870851301,0.3812963472853586,0.5926266284664036,0.3630559802762642,0.3535276899387561,0.3582284870851301,83.83168606758117,14216.284078598022,0.1176279798908049,0.0219589090207614,-0.1682531516697067,celltype,Intestine
1384,VisiumHD,Colorectal Cancer,Sample_P1_sub6,PRECAST,0.0953345712263621,0.20906967373446764,0.2626724329043955,0.537954900647466,0.2295341181383524,0.1919555964727053,0.20906967373446764,301.8802219867706,1312.5,0.665048001786113,0.029551633606119298,-0.13763966842832,celltype,Intestine
1385,VisiumHD,Colorectal Cancer,Sample_P1_sub6,SEDR,0.3289277271743206,0.4654798174909652,0.4868186129156289,0.7163522352559598,0.47257955497876036,0.45914865807113137,0.4654798174909652,84.98599672317505,10751.152076148986,0.19957835558678844,0.022800077976852177,-0.1515413034820548,celltype,Intestine
1386,VisiumHD,Colorectal Cancer,Sample_P1_sub6,STAGATE,0.17451875063343625,0.32510406013647397,0.386524761362003,0.5903886696578193,0.3217454275158872,0.32891014845205035,0.32510406013647397,137.72259597778321,788.3035190582275,0.13317476620357854,0.02216724481650646,-0.132287415056848,celltype,Intestine
1387,VisiumHD,Colorectal Cancer,Sample_P1_sub6,SpaGCN,0.2858739773544662,0.386221785986952,0.4259424330373841,0.6547657686898194,0.41899050458047976,0.3585330095732428,0.386221785986952,379.22102694511415,7788.906267356872,0.37382884344909656,0.025183804908607,-0.1430037989687512,celltype,Intestine
1388,VisiumHD,Colorectal Cancer,Sample_P1_sub6,SpaceFlow,0.17537736561172906,0.2890174101084261,0.34238399565766675,0.5571760635710039,0.30567943458662267,0.27413546598524985,0.2890174101084261,336.87938566207885,839.5677738189697,0.04824044542948262,0.02157793336020518,-0.15091491721116565,celltype,Intestine
1389,VisiumHD,Colorectal Cancer,Sample_P1_sub6,SpatialMGCN,0.16790616380646622,0.3369051135101278,0.3294697775227256,0.5880209741067085,0.3648612051824789,0.31296041541805836,0.3369051135101278,172.26396150588988,4229.9895685195925,0.14002919076706846,0.022184184397926222,-0.11245480836997215,celltype,Intestine
1390,VisiumHD,Colorectal Cancer,Sample_P1_sub6,stLearn,0.46092065795231096,0.5525857066431468,0.5750321277673386,0.7330342180658415,0.5750719416526555,0.5318189506491954,0.5525857066431469,9.510092830657959,2949.1547828674315,0.4043245580842207,0.02473021582533948,-0.17023163366035085,celltype,Intestine
1391,VisiumHD,Colorectal Cancer,Sample_P1_sub7,BASS,0.272110920466483,0.45147651919375403,0.48234017358547854,0.7677826125566113,0.5043671479161935,0.40862583508556066,0.45147651919375403,3372.6833379745485,6295.82,0.2178314536897256,0.0232650321553665,-0.12369120021240972,celltype,Intestine
1392,VisiumHD,Colorectal Cancer,Sample_P1_sub7,Banksy,0.203928289633446,0.380493032188332,0.4130094723649096,0.7456708995648699,0.4510607828887457,0.3290185906849873,0.380493032188332,50.45558848381042,3190.6682180404664,0.1973625788118284,0.0228808109791136,-0.104078299409433,celltype,Intestine
1393,VisiumHD,Colorectal Cancer,Sample_P1_sub7,CCST,0.5745166576457181,0.4072177858954231,0.7768970334767902,0.6468075659355297,0.3061952625715111,0.6077776126473869,0.40721778589542323,7118.759470891952,22568.26492729187,0.025566113133824658,0.021361828552417743,-0.20404290466866337,celltype,Intestine
1394,VisiumHD,Colorectal Cancer,Sample_P1_sub7,CellCharter,0.19723475463614074,0.3600805895786712,0.3978514380579756,0.7237942978950173,0.4492399441123525,0.30045626673472875,0.36008058957867123,872.9203836917877,1353.3934209823608,0.15286437516653342,0.021899579955882938,-0.04948448168727188,celltype,Intestine
1395,VisiumHD,Colorectal Cancer,Sample_P1_sub7,DeepST,0.17806877693592343,0.39689038683722017,0.3814534661621679,0.7510345440014208,0.49177968747763695,0.33274648574366583,0.3968903868372201,1324.4591772079468,19979.44361820221,0.15307699138620015,0.021562459783006638,-0.07778094374206322,celltype,Intestine
1396,VisiumHD,Colorectal Cancer,Sample_P1_sub7,GraphST,0.3002781493733819,0.43677029610186546,0.49680943754825985,0.8071219252286653,0.5169981008332118,0.3780971513142352,0.43677029610186524,117.42477107048035,20621.69084854126,0.1414172808809164,0.0217885327129004,-0.0408724196369718,celltype,Intestine
1397,VisiumHD,Colorectal Cancer,Sample_P1_sub7,PRECAST,0.12311613418529462,0.2934746253226873,0.327716199402088,0.7024604490655671,0.3675599348833308,0.2442447089163684,0.2934746253226873,359.13020000457766,1602.8,0.6927351768027608,0.0289294703691311,-0.11275869517786989,celltype,Intestine
1398,VisiumHD,Colorectal Cancer,Sample_P1_sub7,SEDR,0.22062507881964227,0.4097583998454846,0.42375059184944297,0.7497113933043247,0.49431173866736894,0.34998227093465895,0.4097583998454847,121.38411884307861,15087.382502746583,0.16066956753396675,0.02156297869550462,-0.10221018900838678,celltype,Intestine
1399,VisiumHD,Colorectal Cancer,Sample_P1_sub7,STAGATE,0.21030180862629272,0.36547833409296465,0.41898587181333,0.7405114998667969,0.4372046327232021,0.3141134508718232,0.3654783340929647,176.0534746646881,832.6169303894043,0.17561495426693893,0.022077472070222183,-0.09586328958100626,celltype,Intestine
1400,VisiumHD,Colorectal Cancer,Sample_P1_sub7,SpaGCN,0.22973142700159221,0.40014363560235583,0.4323792247307495,0.7352544179024953,0.48102158036496867,0.34267601688187793,0.4001436356023559,528.5590169429779,11094.221028327942,0.34815735725068814,0.0239830764882799,-0.08253628826679749,celltype,Intestine
1401,VisiumHD,Colorectal Cancer,Sample_P1_sub7,SpaceFlow,0.15141424033918655,0.3376440471113994,0.3600026347596842,0.6984015629162597,0.4113645760999784,0.286405863890565,0.3376440471113994,546.6755055427551,939.1841072082519,0.07145901784921406,0.0212143572904251,-0.06794652768763698,celltype,Intestine
1402,VisiumHD,Colorectal Cancer,Sample_P1_sub7,SpatialMGCN,0.2192935183479933,0.416764330507467,0.4222369480250071,0.7409643903738566,0.508138635362874,0.35328045024985383,0.416764330507467,241.82251834869385,5620.620429420471,0.35038628896190394,0.02404808316649564,-0.08042142128782939,celltype,Intestine
1403,VisiumHD,Colorectal Cancer,Sample_P1_sub7,stLearn,0.32971262598885936,0.510973690332168,0.5206539087039411,0.8435396501198827,0.6081537759532525,0.44057345513418233,0.510973690332168,13.536383867263794,3364.8172245025635,0.30712192522866527,0.02427920805325292,-0.09435378597580092,celltype,Intestine
1404,VisiumHD,Colorectal Cancer,Sample_P1_sub8,BASS,0.1561144227849627,0.3866209904726169,0.404085569849868,0.7336869541359916,0.42602159910139,0.3538913482675938,0.3866209904726169,3482.9291659832,6588.0199999999995,0.2561159632356303,0.0239829181012536,-0.1881299406679368,celltype,Intestine
1405,VisiumHD,Colorectal Cancer,Sample_P1_sub8,Banksy,0.24068819358563517,0.3816568590815204,0.4415553522398228,0.751360497553391,0.45288755269609793,0.329787489933431,0.3816568590815205,46.32827043533325,3112.2251329421997,0.20373165043215796,0.0234380067872497,-0.1709247839153615,celltype,Intestine
1406,VisiumHD,Colorectal Cancer,Sample_P1_sub8,CCST,0.4646877636326973,0.3218151405601397,0.6679960561127631,0.6532260277104577,0.2824439696259593,0.3739667417147216,0.32181514056013966,6667.033404493332,21358.634824943543,0.053015684301979914,0.021706393659345003,-0.16785941155657985,celltype,Intestine
1407,VisiumHD,Colorectal Cancer,Sample_P1_sub8,CellCharter,0.14647211466686022,0.2934835908727051,0.34499491874064775,0.6755276773041528,0.3699100825231477,0.24324469699449636,0.29348359087270504,772.9428494930268,1478.171322441101,0.1472917906689254,0.02249867898160652,-0.055874559456754055,celltype,Intestine
1408,VisiumHD,Colorectal Cancer,Sample_P1_sub8,DeepST,0.246871914699075,0.38479663133052966,0.4398844168774141,0.7627509259682655,0.47311650906306035,0.32445575251429226,0.38479663133052966,1325.1689851760864,19299.26443004608,0.1381681832731263,0.02182622879416686,-0.09449321436970448,celltype,Intestine
1409,VisiumHD,Colorectal Cancer,Sample_P1_sub8,GraphST,0.2341313982388332,0.3677657630961775,0.433673925215766,0.7041016964653162,0.4449956238064616,0.3133783394640043,0.3677657630961775,109.52547278404236,19493.422325897216,0.1315103571265261,0.0221379142140662,-0.0570117237745245,celltype,Intestine
1410,VisiumHD,Colorectal Cancer,Sample_P1_sub8,PRECAST,0.0839825133520674,0.1926741386973419,0.2921818911546417,0.649309737793014,0.2417373651522044,0.1601665882599048,0.1926741386973419,342.30585803985593,1555.9,0.7659130918187714,0.030607623896541696,-0.1260560252022179,celltype,Intestine
1411,VisiumHD,Colorectal Cancer,Sample_P1_sub8,SEDR,0.2707482275987324,0.3895399426850461,0.46681418667240404,0.7594860304540674,0.4580951956798107,0.338934027069287,0.3895399426850461,107.5362340927124,14333.170000648499,0.133275412684622,0.02224573847742764,-0.09671875910110238,celltype,Intestine
1412,VisiumHD,Colorectal Cancer,Sample_P1_sub8,STAGATE,0.180261433710991,0.3256823421748581,0.3959257891783629,0.7245873153779322,0.38983368889687187,0.2797555690210933,0.3256823421748581,166.41599373817445,812.6625074386596,0.1900864237047876,0.02249580907074348,-0.10767502273374652,celltype,Intestine
1413,VisiumHD,Colorectal Cancer,Sample_P1_sub8,SpaGCN,0.30702198884871607,0.3950786246473791,0.4956668024117673,0.7416655233914117,0.4674706980206185,0.34224231513015135,0.3950786246473791,1221.1618412017822,10466.811414337159,0.34845200530479714,0.02463307247779638,-0.0775700144739501,celltype,Intestine
1414,VisiumHD,Colorectal Cancer,Sample_P1_sub8,SpaceFlow,0.18301326422505876,0.297397811896424,0.3850168427323052,0.6620513055009374,0.3634625656814871,0.25167382834824603,0.297397811896424,333.6991154193878,875.9155933380127,0.054341762311948386,0.02148169391010542,-0.05730975128395623,celltype,Intestine
1415,VisiumHD,Colorectal Cancer,Sample_P1_sub8,SpatialMGCN,0.25945097869947126,0.39274617602553696,0.45559572343627186,0.7621839133019342,0.47044650193520665,0.33723572444319466,0.392746176025537,224.5226438999176,5375.241257286072,0.1998079473226942,0.022571420266929598,-0.07473118597411685,celltype,Intestine
1416,VisiumHD,Colorectal Cancer,Sample_P1_sub8,stLearn,0.3455884615656434,0.5175221768889593,0.5271029751401366,0.8257716402213179,0.6158725686438691,0.4464368335067457,0.5175221768889593,12.904712533950805,3443.7128175735475,0.4200740774612465,0.02524557173156372,-0.20185026840780665,celltype,Intestine
1417,VisiumHD,Colorectal Cancer,Sample_P1_sub9,BASS,0.1749256499598696,0.4060109711034216,0.3963261043613379,0.7308680594347,0.48020921042854925,0.3516731384932288,0.40601097110342155,2665.0912539482115,4960.38,0.2642162886828287,0.0224516359330072,-0.23167265497007233,celltype,Intestine
1418,VisiumHD,Colorectal Cancer,Sample_P1_sub9,Banksy,0.5650805640539839,0.5735263602787982,0.704960015418979,0.8513490866432043,0.6474052846593856,0.5147818181548176,0.5735263602787983,52.5376097202301,2678.4728343963625,0.1359141947377241,0.0224135633555587,-0.030889095170125995,celltype,Intestine
1419,VisiumHD,Colorectal Cancer,Sample_P1_sub9,CCST,0.7154326539442244,0.5484158711751268,0.8287506888557591,0.7679477153390682,0.47831940382094185,0.6427090740925523,0.5484158711751268,4551.445975208282,14717.127134513856,0.03953748184560378,0.02171102858251438,-0.11255018058812287,celltype,Intestine
1420,VisiumHD,Colorectal Cancer,Sample_P1_sub9,CellCharter,0.250087456831007,0.4441955471402904,0.44530422188078367,0.7808102822017323,0.5655584689210938,0.3657332693209883,0.4441955471402904,735.7386965274811,1511.1699438095093,0.17531153953618325,0.022171633115616922,-0.060161459718079104,celltype,Intestine
1421,VisiumHD,Colorectal Cancer,Sample_P1_sub9,DeepST,0.28117647729731327,0.4705797409849576,0.4745429430401612,0.8081443414143671,0.5952697236445419,0.38910657912757396,0.4705797409849576,949.8346733570099,15339.172978019715,0.12805273153837554,0.021519053641222342,-0.04802276581418104,celltype,Intestine
1422,VisiumHD,Colorectal Cancer,Sample_P1_sub9,GraphST,0.3763330153765974,0.4834876928098507,0.5581051990384683,0.8092391911518266,0.5964131437626028,0.40651730638590705,0.4834876928098507,78.57006778717042,13402.28436088562,0.1502066808177857,0.0216178021583744,-0.0324259759821191,celltype,Intestine
1423,VisiumHD,Colorectal Cancer,Sample_P1_sub9,PRECAST,0.3550270642008111,0.5062199731601932,0.5419721538968792,0.8252947481243302,0.6247786567486393,0.4254803541914556,0.5062199731601932,293.2627540111542,1304.8,0.3403847238675467,0.025039065008222,-0.11932524424842159,celltype,Intestine
1424,VisiumHD,Colorectal Cancer,Sample_P1_sub9,SEDR,0.34430060998653667,0.47043077505280745,0.5305038441362235,0.81186459613451,0.5735917415429215,0.39872651121266417,0.47043077505280745,111.79432015419006,10170.798173904419,0.13426432800804375,0.02141438168855838,-0.05831273964775362,celltype,Intestine
1425,VisiumHD,Colorectal Cancer,Sample_P1_sub9,STAGATE,0.25031744554008545,0.4527013121618236,0.44734417677639937,0.8179421293710198,0.5660322549656949,0.3771820154559502,0.4527013121618236,126.14272656440735,863.7499195098877,0.13549324097866156,0.0218945291701985,-0.07967871608286098,celltype,Intestine
1426,VisiumHD,Colorectal Cancer,Sample_P1_sub9,SpaGCN,0.322341279822295,0.49707964037434066,0.5115379602154768,0.8186134852801519,0.6139920055029158,0.41769223733780525,0.49707964037434066,447.5576157093048,7326.867140579224,0.26817496229260934,0.02416429405038204,-0.06308452479884183,celltype,Intestine
1427,VisiumHD,Colorectal Cancer,Sample_P1_sub9,SpaceFlow,0.22182356019845711,0.43604578774436975,0.41967466212479454,0.7808848173388447,0.5536013376104909,0.3596861738210786,0.43604578774436975,235.8738998413086,826.2959825515748,0.10196626075298845,0.021314472948133163,-0.07214333531489601,celltype,Intestine
1428,VisiumHD,Colorectal Cancer,Sample_P1_sub9,SpatialMGCN,0.37158514029515166,0.5316116125992492,0.5543732003726901,0.838923025360295,0.658879857862188,0.4455972800914155,0.5316116125992492,155.27785820960997,3994.269033050537,0.2513015305552452,0.02293685883408058,-0.0463660847515434,celltype,Intestine
1429,VisiumHD,Colorectal Cancer,Sample_P1_sub9,stLearn,0.3392083935811124,0.5196078438318792,0.5264536049195322,0.8582951625516703,0.6364782922396469,0.4389987056020856,0.5196078438318792,10.684945917129516,2801.8945638656614,0.3362864484415149,0.02339586821411766,-0.08430277267714398,celltype,Intestine
1430,VisiumHD,Colorectal Cancer,Sample_P2_sub1,BASS,0.2512482943919775,0.48112224929802083,0.4796765827756679,0.8468978023401409,0.6030231362898557,0.40021828273414056,0.48112224929802083,4545.362355995178,6646.5199999999995,0.2497301498208194,0.0218555323125083,-0.1605624336675276,celltype,Intestine
1431,VisiumHD,Colorectal Cancer,Sample_P2_sub1,Banksy,0.3549311734361771,0.5043162144415323,0.5601871661813514,0.8465955701394584,0.65230330776248,0.411059703319083,0.5043162144415323,61.9352306842804,3431.382501220703,0.1618237554509736,0.0211785839856024,-0.1036025412244832,celltype,Intestine
1432,VisiumHD,Colorectal Cancer,Sample_P2_sub1,CCST,0.7487985236380337,0.5584835462561781,0.8648700753032028,0.789525495444929,0.4702556602876147,0.694902160984535,0.5584835462561781,7752.482978248596,23743.891658401488,0.01243469625663828,0.02070235381522262,-0.04347316925131374,celltype,Intestine
1433,VisiumHD,Colorectal Cancer,Sample_P2_sub1,CellCharter,0.21468969950056233,0.4107776840907545,0.4321431101039429,0.7830836319675316,0.5585129448030457,0.32487340463194864,0.4107776840907545,1068.4577320098876,1292.0213613510132,0.10182634601269372,0.02104292299845796,-0.07008463098651332,celltype,Intestine
1434,VisiumHD,Colorectal Cancer,Sample_P2_sub1,DeepST,0.2475883683606705,0.4572891488631813,0.4632475474570022,0.8224688053192868,0.6191570433429745,0.36252989191619633,0.4572891488631813,1352.6218040943145,20631.783755874632,0.1446483312464919,0.020847275933364058,-0.08426292782474001,celltype,Intestine
1435,VisiumHD,Colorectal Cancer,Sample_P2_sub1,GraphST,0.2987810835594031,0.4621961188878295,0.5118087947220544,0.8378308363196754,0.603984853630778,0.3743219920457754,0.4621961188878296,163.24751629829407,21722.287636947633,0.1367384827943525,0.0208487358292605,-0.1197622628997094,celltype,Intestine
1436,VisiumHD,Colorectal Cancer,Sample_P2_sub1,PRECAST,0.3211954258196617,0.509385360861912,0.5313162215400321,0.8634125269978401,0.6797810989845728,0.4072923717747538,0.509385360861912,377.2832240104675,1666.4,0.198963282937365,0.0221200561236,-0.1176387399857725,celltype,Intestine
1437,VisiumHD,Colorectal Cancer,Sample_P2_sub1,SEDR,0.3288191018359553,0.4760996302907203,0.5357801469268505,0.8244289970208539,0.6147975985495745,0.3886332493004964,0.4760996302907203,145.65554666519165,15769.955904579163,0.14552912223133713,0.02084876740197772,-0.11125004304969799,celltype,Intestine
1438,VisiumHD,Colorectal Cancer,Sample_P2_sub1,STAGATE,0.34204524424641825,0.5024153918609052,0.549269705989658,0.8622080221061268,0.6618044217561231,0.40489939594266755,0.5024153918609052,156.60737338066102,988.4413896560669,0.11072060791848362,0.020952927754313642,-0.10493581836317885,celltype,Intestine
1439,VisiumHD,Colorectal Cancer,Sample_P2_sub1,SpaGCN,0.31303695242825347,0.508239395376909,0.5236848806221739,0.8539700358361039,0.6692687127083167,0.40968980237224856,0.5082393953769089,657.2033304691315,11412.334876823425,0.21447260480980956,0.02196319033129132,-0.10566134983975409,celltype,Intestine
1440,VisiumHD,Colorectal Cancer,Sample_P2_sub1,SpaceFlow,0.21283954099805916,0.4198520825033,0.42942522107500264,0.7991278442208886,0.5743486606376264,0.330937073718196,0.4198520825033,1047.5215112686158,1120.6480499267577,0.08883036138335992,0.02071354467733436,-0.08639991881064596,celltype,Intestine
1441,VisiumHD,Colorectal Cancer,Sample_P2_sub1,SpatialMGCN,0.2423829452515287,0.4733079543178708,0.45777919575041504,0.8316998402486939,0.6379954784182755,0.37627924655598405,0.4733079543178708,249.80623455047606,5549.939568328858,0.24528301886792453,0.021737200834501057,-0.08728733947202379,celltype,Intestine
1442,VisiumHD,Colorectal Cancer,Sample_P2_sub1,stLearn,0.4629235351488231,0.5997549037804408,0.6469469679451223,0.8983463581019817,0.7515282593083903,0.49909426135296425,0.5997549037804409,14.269085121154784,3645.861520385742,0.24843486896075295,0.0226055544202923,-0.13097825443592115,celltype,Intestine
1443,VisiumHD,Colorectal Cancer,Sample_P2_sub10,BASS,0.4055333358205653,0.5138011060256268,0.5956263704869595,0.8701476326481355,0.6068253106504781,0.44550651100172456,0.5138011060256268,2487.855682039261,7468.76,0.1508507985035601,0.02107815633935,-0.140231768868736,celltype,Intestine
1444,VisiumHD,Colorectal Cancer,Sample_P2_sub10,Banksy,0.5246440660003102,0.6032864408479947,0.6839151254713322,0.8918255692332447,0.7167942607079243,0.5208131696683301,0.6032864408479948,62.36528105735779,3637.1506114959716,0.1387078606484834,0.0213407940678437,-0.0896035672605636,celltype,Intestine
1445,VisiumHD,Colorectal Cancer,Sample_P2_sub10,CCST,0.44058097960306897,0.5191165439251417,0.6367139643406734,0.8378534937044935,0.5287870261394193,0.5098058038027815,0.5191165439251417,8548.705215168,27127.5803396225,0.027491049519288758,0.02069654664826538,-0.11668878068362391,celltype,Intestine
1446,VisiumHD,Colorectal Cancer,Sample_P2_sub10,CellCharter,0.2743721923531122,0.47194624516978684,0.47880490181759844,0.8599887360205971,0.6216222168174933,0.3803850269330459,0.47194624516978695,1239.5523820877074,1284.2475450515747,0.11750744227210552,0.02082391164796866,-0.06295886444954193,celltype,Intestine
1447,VisiumHD,Colorectal Cancer,Sample_P2_sub10,DeepST,0.29442456758963476,0.5167505377946269,0.497169332706816,0.8809686632607908,0.6752454773655583,0.41852923415402954,0.5167505377946269,1477.3457292556764,22417.277719306945,0.11323866607667239,0.020651479154182077,-0.07928382695648266,celltype,Intestine
1448,VisiumHD,Colorectal Cancer,Sample_P2_sub10,GraphST,0.3608010705224941,0.5083039804072865,0.5577450817547459,0.8721992035077839,0.6242478331604042,0.4286830889818031,0.5083039804072865,138.5051074028015,24830.64432926178,0.0757069874089866,0.0206364934866079,-0.12424838764813148,celltype,Intestine
1449,VisiumHD,Colorectal Cancer,Sample_P2_sub10,PRECAST,0.6210239217593685,0.6139708188822828,0.7533680645663183,0.9004032258064516,0.7230885880265896,0.5334677976077407,0.6139708188822829,335.09487800598146,1671.3,0.1390725806451613,0.021763871664129,-0.0934258674404457,celltype,Intestine
1450,VisiumHD,Colorectal Cancer,Sample_P2_sub10,SEDR,0.48927555814705037,0.5912353393368026,0.6574835887446937,0.8886600426404924,0.7057380184510454,0.5087190439230285,0.5912353393368026,154.97486548423768,17871.98458442688,0.10415543666277802,0.02098063967354034,-0.15351332838782109,celltype,Intestine
1451,VisiumHD,Colorectal Cancer,Sample_P2_sub10,STAGATE,0.29475987871267584,0.4853688360904016,0.5011502914768796,0.8773562894726256,0.6130813243021509,0.4016914884465751,0.4853688360904017,207.08449339866638,888.8380325317382,0.08069512047950438,0.0206686229555903,-0.07161515247654152,celltype,Intestine
1452,VisiumHD,Colorectal Cancer,Sample_P2_sub10,SpaGCN,0.3857573987611939,0.5591950237368926,0.5758605094244478,0.8862579451283288,0.7145917285384312,0.45939360180107586,0.5591950237368926,712.0186873435974,12893.361671829223,0.18921876257140555,0.021991765641108142,-0.03692481500177576,celltype,Intestine
1453,VisiumHD,Colorectal Cancer,Sample_P2_sub10,SpaceFlow,0.2088427802386547,0.4088797868716778,0.41886114656506634,0.8303391125950361,0.5418473518141256,0.32832038427358984,0.4088797868716778,465.35489149093627,869.4257961273194,0.05293857355484932,0.02036928676797008,-0.04658358626124278,celltype,Intestine
1454,VisiumHD,Colorectal Cancer,Sample_P2_sub10,SpatialMGCN,0.31790071856352115,0.5272634849177473,0.5180634800431174,0.8695120479504406,0.6849616006878316,0.42860662496832064,0.5272634849177473,272.4999938964844,6255.534788513183,0.20636389235287017,0.021805588736581522,-0.10321107645772332,celltype,Intestine
1455,VisiumHD,Colorectal Cancer,Sample_P2_sub10,stLearn,0.4000897104624717,0.5682363548568852,0.587912842183346,0.8957319280743393,0.7230097051377606,0.4680432138163197,0.5682363548568852,15.501749277114868,3783.728333282471,0.23340440082062833,0.022283231706934158,-0.07284174363196935,celltype,Intestine
1456,VisiumHD,Colorectal Cancer,Sample_P2_sub11,BASS,0.1778774831422554,0.3199380043871635,0.5982878870057531,0.851600233533252,0.3562151663330877,0.2903668714972532,0.3199380043871635,2939.2391880512237,5409.8,0.2543920174088424,0.0249320262649023,-0.2126329666440844,celltype,Intestine
1457,VisiumHD,Colorectal Cancer,Sample_P2_sub11,Banksy,0.4069233067236109,0.40286172611610926,0.702100639253664,0.8613588110403396,0.4879540412938218,0.3430403232146283,0.40286172611610926,39.55979514122009,2628.030485916138,0.3291932059447983,0.0251583783916794,-0.1645351859812578,celltype,Intestine
1458,VisiumHD,Colorectal Cancer,Sample_P2_sub11,CCST,0.16145825223504912,0.08211989015568502,0.7917521076758456,0.7749482511543972,0.061339059890223493,0.18030414863788055,0.08211989015568505,4963.856918001175,15952.668065834045,0.02141075314473748,0.02258969434470058,-0.4590785763132515,celltype,Intestine
1459,VisiumHD,Colorectal Cancer,Sample_P2_sub11,CellCharter,0.10896105245445993,0.22557102949462143,0.40117036130651523,0.8207251685512554,0.3683083577376343,0.1626169739989673,0.22557102949462143,563.9963670253753,1046.2913164138795,0.44123798906407596,0.025634562785269398,-0.06073097614638527,celltype,Intestine
1460,VisiumHD,Colorectal Cancer,Sample_P2_sub11,DeepST,0.1769147716398347,0.33064610001387057,0.48213868906845414,0.8376731595987474,0.5021932234155873,0.24700974186248031,0.33064610001387057,1175.6945468425752,16164.468493843078,0.43253542805583567,0.02518047104732606,-0.1845219222448438,celltype,Intestine
1461,VisiumHD,Colorectal Cancer,Sample_P2_sub11,GraphST,0.2225323412548578,0.2556744930953946,0.5389221800087982,0.8018682660156042,0.3855411530884473,0.1912525118584409,0.2556744930953946,86.83274912834167,14556.330749511719,0.3204182368239477,0.0234153162634932,-0.0739335287098929,celltype,Intestine
1462,VisiumHD,Colorectal Cancer,Sample_P2_sub11,PRECAST,0.0013165820044388,0.1026068758331455,0.2980641347351442,0.775462459194777,0.1665773485428749,0.074136381882465,0.1026068758331455,296.0113699913025,1345.0,0.8316104461371057,0.0345914045733102,-0.0464613219880733,celltype,Intestine
1463,VisiumHD,Colorectal Cancer,Sample_P2_sub11,SEDR,0.1673361229216434,0.34373974945490227,0.47796238473634045,0.8663128284061357,0.5183398341504944,0.25725930583552514,0.34373974945490227,93.84619431495666,11016.41507396698,0.4106363781115652,0.02460272956027744,-0.11120251885978476,celltype,Intestine
1464,VisiumHD,Colorectal Cancer,Sample_P2_sub11,STAGATE,0.36604540880054265,0.2819272561954581,0.6782862917139946,0.8390425136670029,0.34902044795368764,0.23833513728937183,0.2819272561954581,157.9955216884613,623.8790079116822,0.22356562815137196,0.02316171955519846,-0.08529228577154346,celltype,Intestine
1465,VisiumHD,Colorectal Cancer,Sample_P2_sub11,SpaGCN,0.09450639723932201,0.24850764487856414,0.3937145813067905,0.8040231410222388,0.38827552363882745,0.18277829822922534,0.24850764487856408,531.9538842201233,7770.279662895203,0.7375510853988642,0.02854884178692954,-0.0676890571897444,celltype,Intestine
1466,VisiumHD,Colorectal Cancer,Sample_P2_sub11,SpaceFlow,0.049497490951458376,0.1486897213819724,0.3391904795438053,0.787580277055358,0.2402653893170677,0.10768793420129008,0.1486897213819724,309.0727571964264,658.4708473205567,0.14069316915238042,0.02245510618778438,-0.14532858969827797,celltype,Intestine
1467,VisiumHD,Colorectal Cancer,Sample_P2_sub11,SpatialMGCN,0.1347176743461636,0.23559171666446943,0.4420042708164928,0.843479645454063,0.36575682652550423,0.17389997976488974,0.23559171666446943,185.19041328430177,4110.642567062378,0.25558091396422694,0.02349882018452512,-0.07055708455222306,celltype,Intestine
1468,VisiumHD,Colorectal Cancer,Sample_P2_sub11,stLearn,0.28620478038309305,0.4064806829929014,0.5999171362387395,0.8523326787325514,0.5522204791846776,0.32190417870181326,0.4064806829929014,9.953252410888672,2605.3248426437376,0.5047927392388939,0.02650426057102958,-0.19952401337667658,celltype,Intestine
1469,VisiumHD,Colorectal Cancer,Sample_P2_sub12,BASS,0.1570848012996532,0.3446275319406609,0.4257338323555045,0.7425778953556731,0.44898856997087827,0.2796312141569714,0.3446275319406608,1920.1831040382385,3879.46,0.2645502645502645,0.0222513618828843,-0.0656492302366472,celltype,Intestine
1470,VisiumHD,Colorectal Cancer,Sample_P2_sub12,Banksy,0.3225741600899428,0.448253827656749,0.564761382138633,0.8535312706695082,0.5556844264225459,0.3756326755564069,0.44825382765674904,37.17122397422791,2223.0782444000242,0.1545528037039759,0.0214047997088321,-0.200053291754424,celltype,Intestine
1471,VisiumHD,Colorectal Cancer,Sample_P2_sub12,CCST,0.7154975822981396,0.5114423471586845,0.8625038520908553,0.7896678424456203,0.4359777536066588,0.6205453418805222,0.5114423471586845,2820.0730555534365,8844.325568008422,0.03129041740152848,0.02097776549622832,-0.34730485197647354,celltype,Intestine
1472,VisiumHD,Colorectal Cancer,Sample_P2_sub12,CellCharter,0.15697939143646952,0.3312682581549419,0.4105741839738716,0.7500405395444829,0.45065731798845016,0.26191190528372604,0.3312682581549419,581.9620673179627,1342.7564472198487,0.12754477776958795,0.02129948711983378,-0.10073212250247868,celltype,Intestine
1473,VisiumHD,Colorectal Cancer,Sample_P2_sub12,DeepST,0.21925125000973278,0.4139881960499281,0.47455934508492675,0.804159318048207,0.5356857028440347,0.33760263776992644,0.4139881960499281,732.3624370574951,11288.045604324341,0.13367136978248087,0.02090152126179706,-0.17245155066006218,celltype,Intestine
1474,VisiumHD,Colorectal Cancer,Sample_P2_sub12,GraphST,0.1311575786112538,0.3523108450161728,0.4006747097502797,0.7838771310993533,0.46381818221534293,0.2840273379085408,0.3523108450161728,54.823375368118285,8063.8643278121945,0.0873750734861846,0.0207751892783662,-0.1523520058384357,celltype,Intestine
1475,VisiumHD,Colorectal Cancer,Sample_P2_sub12,PRECAST,0.40507276393252384,0.4437962883729748,0.6388296802085527,0.8161960575386255,0.5846506292032904,0.3576347371174121,0.4437962883729748,171.54353003501893,843.6,0.1846411446837658,0.0218815308100099,-0.0737077195839354,celltype,Intestine
1476,VisiumHD,Colorectal Cancer,Sample_P2_sub12,SEDR,0.19158373746462742,0.3719232644299907,0.4486048054001281,0.7869929453262786,0.48996509578455233,0.2997376660605911,0.3719232644299907,89.89617695808411,6402.673521995544,0.1543062904174015,0.02096908244408372,-0.1763191702516967,celltype,Intestine
1477,VisiumHD,Colorectal Cancer,Sample_P2_sub12,STAGATE,0.2381230480725088,0.41903299009243894,0.49520427439935644,0.8171663727219283,0.536370708457596,0.34381960167947995,0.41903299009243905,92.5046464920044,899.3939786911011,0.0990593768371546,0.020918970396189618,-0.1643745917819906,celltype,Intestine
1478,VisiumHD,Colorectal Cancer,Sample_P2_sub12,SpaGCN,0.23658174303236795,0.4264390094887923,0.48727759170759255,0.8078941565600882,0.555592590668001,0.34611760296212857,0.4264390094887923,353.3251407623291,4634.903565216065,0.17261300992282247,0.022014031435806318,-0.13359298834888683,celltype,Intestine
1479,VisiumHD,Colorectal Cancer,Sample_P2_sub12,SpaceFlow,0.15958641538740856,0.3376099182886582,0.4140885242765152,0.7727513227513227,0.45493685512824944,0.26842444475602234,0.3376099182886582,201.4647075176239,813.9381015777587,0.0741916519694297,0.02041612344660004,-0.11286306984410222,celltype,Intestine
1480,VisiumHD,Colorectal Cancer,Sample_P2_sub12,SpatialMGCN,0.3350726441598336,0.45823883811524624,0.5703486431174085,0.8119047619047619,0.5795659731303328,0.37929484323336504,0.45823883811524624,118.6094617843628,2722.4727767944337,0.1781305114638448,0.022414354491188677,-0.14156604176163132,celltype,Intestine
1481,VisiumHD,Colorectal Cancer,Sample_P2_sub12,stLearn,0.3072084861136867,0.4698790116603887,0.5439217865677144,0.8524985302763082,0.6242440966955479,0.3767219895613819,0.4698790116603888,8.018395709991456,2256.9686962127685,0.3095238095238095,0.023322127918475637,-0.07341071698511316,celltype,Intestine
1482,VisiumHD,Colorectal Cancer,Sample_P2_sub13,BASS,0.316777036362027,0.5015062530200285,0.5352572466973504,0.7887137059007181,0.5914383240956649,0.43531392016979586,0.5015062530200284,4333.442720079422,7923.5,0.21952076178582577,0.0220328192000434,-0.1159402740779395,celltype,Intestine
1483,VisiumHD,Colorectal Cancer,Sample_P2_sub13,Banksy,0.3158937554690919,0.49807799309072276,0.5312469823203408,0.8145878863565408,0.5942522353812345,0.428697291254642,0.49807799309072276,58.6524489402771,3838.1362838745117,0.1551670309085232,0.0216354741218961,-0.1215888640876583,celltype,Intestine
1484,VisiumHD,Colorectal Cancer,Sample_P2_sub13,CCST,0.7917552627879887,0.5917968930035242,0.8870479583016129,0.7632297845769591,0.49499252229424895,0.7357190595446879,0.5917968930035242,9420.721851778031,28877.32749977112,0.010334061817046481,0.02086012798570934,-0.2509884971590939,celltype,Intestine
1485,VisiumHD,Colorectal Cancer,Sample_P2_sub13,CellCharter,0.2665988370086068,0.4657638619266039,0.48559158366783073,0.7943256322197939,0.5751013226609805,0.3914446922653107,0.4657638619266039,1285.1194845676423,1447.1243364334107,0.0957852013737121,0.02123755371160852,-0.11551675480460484,celltype,Intestine
1486,VisiumHD,Colorectal Cancer,Sample_P2_sub13,DeepST,0.3089582371292244,0.5388566288414278,0.5243537517041761,0.8310412113643458,0.648902441915792,0.4608353184583344,0.5388566288414278,1546.0147160053252,23293.243145751952,0.1351155167030908,0.02094856395212506,-0.1549822337101451,celltype,Intestine
1487,VisiumHD,Colorectal Cancer,Sample_P2_sub13,GraphST,0.3513743990682008,0.5375948590758142,0.561296466091311,0.830159225725882,0.6374918657605152,0.4647647429219425,0.5375948590758141,159.6320686340332,26416.565023612977,0.1093896347174523,0.0209643992879917,-0.2311403878706037,celltype,Intestine
1488,VisiumHD,Colorectal Cancer,Sample_P2_sub13,PRECAST,0.4942243863744758,0.5767776056659448,0.6725974039132147,0.8526907755994688,0.6828663952926284,0.49921979346253736,0.5767776056659448,387.9057119846344,1815.9,0.1903460126532843,0.0220745431006405,-0.0907974858427832,celltype,Intestine
1489,VisiumHD,Colorectal Cancer,Sample_P2_sub13,SEDR,0.2944602789905435,0.515338147534704,0.5114071311144122,0.8225023415547923,0.6251089497131737,0.4385951950711715,0.5153381475347039,131.27208433151245,18862.72749519348,0.15586949734623784,0.02110852272785188,-0.1317323945481663,celltype,Intestine
1490,VisiumHD,Colorectal Cancer,Sample_P2_sub13,STAGATE,0.30913149653947813,0.5153565268737922,0.5265898762048323,0.8150718076802997,0.6147819547229165,0.44362657953723106,0.5153565268737921,175.94476675987244,1131.8330636978149,0.09850921011551667,0.02097040400409466,-0.15643656477428142,celltype,Intestine
1491,VisiumHD,Colorectal Cancer,Sample_P2_sub13,SpaGCN,0.319937213513969,0.5504849507663578,0.5326607673813705,0.8493209491102093,0.6671952917814098,0.46857810478823525,0.5504849507663578,667.4409375190735,13733.955757331849,0.19908679363097095,0.02182196554772688,-0.09981677706375117,celltype,Intestine
1492,VisiumHD,Colorectal Cancer,Sample_P2_sub13,SpaceFlow,0.2643891984116916,0.46510272668399927,0.48270781160570914,0.8022010615048393,0.5826454999150633,0.38705292920362855,0.46510272668399927,534.4941545963287,986.2066417694092,0.12366531376834214,0.02086649887353244,-0.0900910914402687,celltype,Intestine
1493,VisiumHD,Colorectal Cancer,Sample_P2_sub13,SpatialMGCN,0.23558927585998068,0.5269665855003665,0.4620893804276335,0.8204729940680613,0.6427854325521892,0.4465149486637944,0.5269665855003665,277.5399662494659,6628.53699760437,0.20489384951607864,0.02172762913851614,-0.1288961633221231,celltype,Intestine
1494,VisiumHD,Colorectal Cancer,Sample_P2_sub13,stLearn,0.4747822839784175,0.6115963122336909,0.6570562432026086,0.8722916016234781,0.7209367159593505,0.5312807969590854,0.6115963122336909,17.212797260284425,3982.313110542297,0.2423977521073993,0.0223645439264651,-0.09243749969840258,celltype,Intestine
1495,VisiumHD,Colorectal Cancer,Sample_P2_sub14,BASS,0.20188560190178642,0.3374115896231428,0.5415806250068449,0.8658359452641236,0.5238396860017868,0.2488492165154704,0.3374115896231427,5134.059622049332,7459.56,0.2345386438345692,0.0219041130996347,-0.1754258731499968,celltype,Intestine
1496,VisiumHD,Colorectal Cancer,Sample_P2_sub14,Banksy,0.0918718656696615,0.2737825509663608,0.41827882344575523,0.8568534515709809,0.464786939476284,0.1940412270110729,0.2737825509663608,49.713516759872434,3978.225418663025,0.2794893356777004,0.0217887389401486,-0.1636296197548801,celltype,Intestine
1497,VisiumHD,Colorectal Cancer,Sample_P2_sub14,CCST,0.16106975488862713,0.2733829776077809,0.4970668364450946,0.8452488341869888,0.43426233444343865,0.19952253292694408,0.27338297760778096,9719.127627754211,30011.064044952393,0.09263817750936469,0.02095505621146642,-0.1949514750868283,celltype,Intestine
1498,VisiumHD,Colorectal Cancer,Sample_P2_sub14,CellCharter,0.0806317709608909,0.26084384097617674,0.38238632486614593,0.8355706750248452,0.46450727773268125,0.18134365033748168,0.26084384097617674,1291.7923202514648,1580.7068517684936,0.19860102438651475,0.02163486788153962,-0.12756939211611623,celltype,Intestine
1499,VisiumHD,Colorectal Cancer,Sample_P2_sub14,DeepST,0.0831177499030478,0.27786644735935717,0.4052586058280873,0.8427413806283923,0.4719427177527374,0.19689995965770515,0.27786644735935717,1635.1422140598297,23902.099052047728,0.15019493922482988,0.02113257452428332,-0.18156854260701924,celltype,Intestine
1500,VisiumHD,Colorectal Cancer,Sample_P2_sub14,GraphST,0.1382098140203489,0.2992433606904974,0.4704583370591012,0.8599113217643911,0.493344916576527,0.2147515431813843,0.2992433606904975,172.19684677124025,27535.31064605713,0.1700558061310297,0.0212034693110919,-0.1860244329310419,celltype,Intestine
1501,VisiumHD,Colorectal Cancer,Sample_P2_sub14,PRECAST,0.2350948430147855,0.3535160013005723,0.5626752511555954,0.8632367555997249,0.5731923467617885,0.2555690095861743,0.3535160013005724,435.94336409568785,1857.8,0.1874856662334683,0.0219726063905258,-0.121451067342211,celltype,Intestine
1502,VisiumHD,Colorectal Cancer,Sample_P2_sub14,SEDR,0.1327963420130563,0.3125706393168484,0.46116180056862205,0.8675712865988838,0.5170243440765357,0.2240540989021671,0.31257063931684836,162.80710430145263,19575.17292804718,0.2034859720204877,0.021185470649087622,-0.1590813952188732,celltype,Intestine
1503,VisiumHD,Colorectal Cancer,Sample_P2_sub14,STAGATE,0.19107030683072088,0.31065134957078977,0.5283093424988943,0.8485207552939379,0.49374665403340323,0.22661577839440303,0.31065134957078977,180.33470425605773,1242.969416999817,0.09917437504777918,0.02096238280976054,-0.23653208435700793,celltype,Intestine
1504,VisiumHD,Colorectal Cancer,Sample_P2_sub14,SpaGCN,0.10941441790957325,0.3074996992874987,0.425257012824589,0.8648880055041663,0.5273999568812108,0.21707227370588966,0.30749969928749865,763.9946012496948,14232.53869895935,0.28852534209922787,0.0224487411463146,-0.11862038919087729,celltype,Intestine
1505,VisiumHD,Colorectal Cancer,Sample_P2_sub14,SpaceFlow,0.041033996344966336,0.19512630866845934,0.351586919544327,0.8074994266493387,0.341266915921835,0.13664533014981645,0.19512630866845934,790.4174566268921,1078.6010372161866,0.07375582906505616,0.02088467555675772,-0.1329031379764789,celltype,Intestine
1506,VisiumHD,Colorectal Cancer,Sample_P2_sub14,SpatialMGCN,0.12501483452802148,0.30317564228805594,0.43831575317445226,0.8632138215732741,0.5243460324595753,0.2132942065744176,0.30317564228805594,295.94540309906006,6991.802340126038,0.269826465866524,0.0216483325237163,-0.08843448652367494,celltype,Intestine
1507,VisiumHD,Colorectal Cancer,Sample_P2_sub14,stLearn,0.2582587943741922,0.40986127642549486,0.5817981820889927,0.9020105496521673,0.6471869391437878,0.29989043087049516,0.40986127642549486,17.339180135726927,4058.8799291610717,0.31681828606375656,0.0229327149308598,-0.11720959377536495,celltype,Intestine
1508,VisiumHD,Colorectal Cancer,Sample_P2_sub15,BASS,0.2981772650494657,0.3894888684795461,0.5688734648728284,0.8115170460095731,0.5214848109825928,0.3108163903458306,0.3894888684795461,3977.3516239643095,5671.9,0.1967861678226042,0.0235275845617733,-0.1280793994397473,celltype,Intestine
1509,VisiumHD,Colorectal Cancer,Sample_P2_sub15,Banksy,0.312832062630827,0.4182325885293531,0.5802116677471957,0.833935723356452,0.5502503905426023,0.3373052528124136,0.4182325885293531,55.37728610038757,3176.5631107330323,0.1472599394353814,0.0236760720816455,-0.2171982963589228,celltype,Intestine
1510,VisiumHD,Colorectal Cancer,Sample_P2_sub15,CCST,0.701074823741245,0.4753987237374456,0.8726226142839447,0.762489010452281,0.38047132345705237,0.6335994907648292,0.4753987237374456,6046.1392493724825,18863.56762905121,0.013978704698642142,0.02289621735936458,-0.24007434646674647,celltype,Intestine
1511,VisiumHD,Colorectal Cancer,Sample_P2_sub15,CellCharter,0.15029034370771055,0.3262129775663309,0.4167338337979534,0.778821920484517,0.47652983167615126,0.24804002074487436,0.32621297756633083,870.5065274715423,1330.3581321716308,0.13916186382729312,0.0232410115555629,-0.1296122571165114,celltype,Intestine
1512,VisiumHD,Colorectal Cancer,Sample_P2_sub15,DeepST,0.19046752634930392,0.34583626097318454,0.4797259794226639,0.7814008010159227,0.4525643532845288,0.28256928500226647,0.34583626097318454,1167.0599290847779,17874.342215538025,0.06994236592751776,0.02264131023349304,-0.14311521165301425,celltype,Intestine
1513,VisiumHD,Colorectal Cancer,Sample_P2_sub15,GraphST,0.0697515639947465,0.3069220115955358,0.3665814280312416,0.7722965712611116,0.43045429466943397,0.2384821281375718,0.3069220115955358,103.71977438926697,17208.388538360596,0.0855719449057341,0.0231804813581749,-0.1446546687349313,celltype,Intestine
1514,VisiumHD,Colorectal Cancer,Sample_P2_sub15,PRECAST,0.193528448686981,0.3948654838415614,0.4631957403342161,0.8273384834916107,0.5760536198365385,0.3003845067493185,0.3948654838415614,301.8926400184631,1568.9,0.1747281405304335,0.0237139509192302,-0.12498410016306868,celltype,Intestine
1515,VisiumHD,Colorectal Cancer,Sample_P2_sub15,SEDR,0.17351516986818863,0.37864192329619784,0.44871276121461834,0.8284849076877991,0.5317859293729204,0.2940951211783767,0.3786419232961978,96.55720810890197,12712.79589805603,0.1370714076389567,0.02290904130965442,-0.21310621860193227,celltype,Intestine
1516,VisiumHD,Colorectal Cancer,Sample_P2_sub15,STAGATE,0.22048404243348146,0.3738265850633747,0.4934125177759617,0.8186871153658298,0.5247038669613866,0.2904047903270621,0.3738265850633747,141.0372292995453,1049.624813079834,0.07829442219400211,0.02303558393918696,-0.1367493433896102,celltype,Intestine
1517,VisiumHD,Colorectal Cancer,Sample_P2_sub15,SpaGCN,0.1822691729897698,0.3769222403502533,0.4512956578002913,0.8256813519585815,0.5415584049515345,0.2890673360514206,0.3769222403502533,603.6090846061707,9211.06390800476,0.20659372863143494,0.023907670000122738,-0.14299353017299377,celltype,Intestine
1518,VisiumHD,Colorectal Cancer,Sample_P2_sub15,SpaceFlow,0.11777116883651391,0.28709189950402864,0.38698400717212783,0.7764091042297548,0.41835493012733027,0.21856210972763432,0.28709189950402864,382.38008255958556,926.1776191711426,0.05009280062518312,0.02257141708637716,-0.07723962886773685,celltype,Intestine
1519,VisiumHD,Colorectal Cancer,Sample_P2_sub15,SpatialMGCN,0.23674144789155513,0.4197406570466141,0.5072180248037912,0.8463807756178567,0.5828376058728473,0.32812913309113173,0.4197406570466141,204.66808109283448,4697.628053665161,0.21047181791540487,0.02391256726312268,-0.13955543997671802,celltype,Intestine
1520,VisiumHD,Colorectal Cancer,Sample_P2_sub15,stLearn,0.3016606471551218,0.47448380112430355,0.5625673720791777,0.8656833056559539,0.6569822701709949,0.37133365265032675,0.47448380112430355,12.17017092704773,3236.202731323242,0.29922828953795055,0.024318035293816258,-0.15086080344879674,celltype,Intestine
1521,VisiumHD,Colorectal Cancer,Sample_P2_sub16,BASS,0.1887715518433239,0.46796723101708293,0.3858269849221527,0.6144115653941721,0.4348780805864635,0.50650646627605,0.46796723101708293,2235.4643379688264,6421.7,0.23175965665236048,0.0219633446982778,-0.1805573829479325,celltype,Intestine
1522,VisiumHD,Colorectal Cancer,Sample_P2_sub16,Banksy,0.3703531179849345,0.525904660864267,0.4765212692466756,0.6822535465799223,0.5486491700586763,0.5049708566786033,0.525904660864267,46.452116107940675,3167.2964389801027,0.1031896629619589,0.0210724240113222,-0.0460302502299166,celltype,Intestine
1523,VisiumHD,Colorectal Cancer,Sample_P2_sub16,CCST,0.24784476521058582,0.3642603532801917,0.5109626558624225,0.4941676078608538,0.26071404395423403,0.6223475555477681,0.3642603532801917,7005.994578075409,21705.526112174986,0.023203072057826922,0.020653308965382637,-0.27559784042285596,celltype,Intestine
1524,VisiumHD,Colorectal Cancer,Sample_P2_sub16,CellCharter,0.39873917846151957,0.46826059376086376,0.4973196786287971,0.6720590232200244,0.4942323110862127,0.44496521136415723,0.46826059376086376,977.4079366207122,1187.1474576950072,0.07596071153759104,0.02064590158464156,-0.055128394289586505,celltype,Intestine
1525,VisiumHD,Colorectal Cancer,Sample_P2_sub16,DeepST,0.5953228972551537,0.5770671950716995,0.6668059243257118,0.7711949401400496,0.5830256555824567,0.5715662062368219,0.5770671950716995,1295.6362617492675,19516.18553791046,0.09218884120171668,0.02072885004592514,-0.10576191655128633,celltype,Intestine
1526,VisiumHD,Colorectal Cancer,Sample_P2_sub16,GraphST,0.2745351835538634,0.4634666159942875,0.4307191774620295,0.6129207138016716,0.44682214107017726,0.48139911011279846,0.4634666159942875,120.40886874198914,19830.335883140564,0.0552066862435057,0.0203121221151696,-0.10281038495791188,celltype,Intestine
1527,VisiumHD,Colorectal Cancer,Sample_P2_sub16,PRECAST,0.4763566967806418,0.579957343267791,0.5634079831819447,0.7502747755999267,0.61308606259813,0.5502253646965943,0.579957343267791,342.3982319355011,1535.9,0.2282927276057886,0.0223854919299735,-0.0842724005328206,celltype,Intestine
1528,VisiumHD,Colorectal Cancer,Sample_P2_sub16,SEDR,0.5341939554498264,0.5604918057776637,0.6144004850074084,0.7515428055116331,0.5773254472624273,0.5446415464712899,0.5604918057776637,113.20177102088928,14563.494806289673,0.1059046758527219,0.0205756518110135,-0.08928868863110619,celltype,Intestine
1529,VisiumHD,Colorectal Cancer,Sample_P2_sub16,STAGATE,0.4497024136109644,0.5185402041423577,0.5512053259350402,0.7438988028009939,0.5228972008625417,0.5143581424401504,0.5185402041423577,156.54489068984986,751.5605438232421,0.09631804833973338,0.0206625605687882,-0.07704091653878148,celltype,Intestine
1530,VisiumHD,Colorectal Cancer,Sample_P2_sub16,SpaGCN,0.5792678736628121,0.5828978989541815,0.6515426450886157,0.7772556815614693,0.6035313870061522,0.5640873692312811,0.5828978989541815,970.0443577766418,10259.896256256103,0.19199385532914648,0.02180267702015074,-0.09324350173970344,celltype,Intestine
1531,VisiumHD,Colorectal Cancer,Sample_P2_sub16,SpaceFlow,0.4101953094708852,0.48699574709273963,0.5079845841687685,0.6878427829229727,0.5089263218019728,0.4671367217708565,0.48699574709273963,432.9062754154205,839.6161724090576,0.03816580076801442,0.02024148849370268,-0.0516451432066805,celltype,Intestine
1532,VisiumHD,Colorectal Cancer,Sample_P2_sub16,SpatialMGCN,0.5191870221218551,0.5729545507203171,0.6002179995263978,0.7584639710865145,0.5974357114206124,0.5504471794860631,0.572954550720317,221.55825834274293,5162.6138004302975,0.1276801445674271,0.02087690893317478,-0.09044132253377374,celltype,Intestine
1533,VisiumHD,Colorectal Cancer,Sample_P2_sub16,stLearn,0.6179452799278825,0.6395434769522501,0.6830720313790912,0.7995843686469393,0.6620398185576666,0.6186399097873878,0.6395434769522501,11.766080188751221,3315.1371074676513,0.27023266320307204,0.022781797754324578,-0.09144874371873035,celltype,Intestine
1534,VisiumHD,Colorectal Cancer,Sample_P2_sub17,BASS,0.1102354889931986,0.4060998893165363,0.327770750853472,0.4924237182591849,0.3617115508664915,0.4629066359589822,0.4060998893165363,2540.5310319423675,4017.1800000000003,0.2789732235522037,0.0236963838900921,-0.1754704466015762,celltype,Intestine
1535,VisiumHD,Colorectal Cancer,Sample_P2_sub17,Banksy,0.3398816170582327,0.4892616668300976,0.44464303506578895,0.6460697481317464,0.4935342313813491,0.48506244321349695,0.4892616668300976,32.33405537605286,2129.9260999679564,0.1837807915859396,0.0233161113077603,-0.1316021512323316,celltype,Intestine
1536,VisiumHD,Colorectal Cancer,Sample_P2_sub17,CCST,0.0913233125480103,0.24062282116609737,0.3995601489487572,0.33046426347471114,0.16455549256139484,0.4479297501952776,0.24062282116609737,3038.6275423526763,9821.251438331605,0.06924513941742194,0.02291666133071716,-0.3044277526788517,celltype,Intestine
1537,VisiumHD,Colorectal Cancer,Sample_P2_sub17,CellCharter,0.27792424650806163,0.3849074622955493,0.37956301699872436,0.575640847997783,0.40232983033900327,0.36894085288687184,0.38490746229554934,466.2276406764984,997.9928665161133,0.14011362061798532,0.022120353205051,-0.10095529965857306,celltype,Intestine
1538,VisiumHD,Colorectal Cancer,Sample_P2_sub17,DeepST,0.45368680326430744,0.5179673366296889,0.5424821486303368,0.688922715007265,0.5075981197554855,0.5294144431944583,0.5179673366296889,815.7828436851502,12005.410799217225,0.16975022486680963,0.021830199933417303,-0.27411652939387726,celltype,Intestine
1539,VisiumHD,Colorectal Cancer,Sample_P2_sub17,GraphST,0.3014749557267434,0.42701635785862707,0.40584440467412597,0.6294194976821421,0.4388645038026818,0.41579113014147573,0.42701635785862707,64.60918774604798,8886.030868148804,0.1715906732166332,0.0217530533558693,-0.1050013417474138,celltype,Intestine
1540,VisiumHD,Colorectal Cancer,Sample_P2_sub17,PRECAST,0.3137862119239017,0.4260550474787128,0.4086439779101923,0.6231789044289044,0.44936290862556494,0.40504585350564215,0.4260550474787127,190.14740605354308,880.4,0.617205710955711,0.0294442940995187,-0.10854575333888658,celltype,Intestine
1541,VisiumHD,Colorectal Cancer,Sample_P2_sub17,SEDR,0.3696253193676529,0.4888555347266806,0.46824551911163403,0.6477547913927905,0.4917552180583856,0.4860355849273047,0.4888555347266806,71.46978754997254,7062.816138648986,0.2141147166678198,0.02244607134668478,-0.20041703278849027,celltype,Intestine
1542,VisiumHD,Colorectal Cancer,Sample_P2_sub17,STAGATE,0.3210453968837647,0.46675347153429325,0.42083282969081515,0.6481699301183145,0.48400945662996,0.450779275357868,0.46675347153429325,104.7504310131073,635.8868379592896,0.23164740884245485,0.02243019367074956,-0.10375210738323486,celltype,Intestine
1543,VisiumHD,Colorectal Cancer,Sample_P2_sub17,SpaGCN,0.49564783958630587,0.5420091730671791,0.5690209451493666,0.720044281464056,0.5588956517579873,0.5266034171507187,0.542009173067179,319.8066078662872,4984.123680114746,0.3516225005189234,0.025886430546120758,-0.12616307527076515,celltype,Intestine
1544,VisiumHD,Colorectal Cancer,Sample_P2_sub17,SpaceFlow,0.2553176917767451,0.35976665534018815,0.36317444372939167,0.5501833529371065,0.37290481610790244,0.34753919449378207,0.3597666553401882,258.0461043834686,711.1601917266846,0.06697571438455681,0.02133312203035472,-0.05083470259994114,celltype,Intestine
1545,VisiumHD,Colorectal Cancer,Sample_P2_sub17,SpatialMGCN,0.3243496285918267,0.45288625562852786,0.4200692826520829,0.6399225074379021,0.47373072673463135,0.43381079794429034,0.4528862556285279,121.40482501983642,2865.8992557525635,0.19648515879056247,0.0220862764965434,-0.10003538858263603,celltype,Intestine
1546,VisiumHD,Colorectal Cancer,Sample_P2_sub17,stLearn,0.4894755305105399,0.5868469847489793,0.5646313970170804,0.7077561751885422,0.5974682612809665,0.576792116159557,0.5868469847489793,7.533020925521851,2226.7726253509522,0.39500449733619314,0.02464836997249732,-0.18248998601625482,celltype,Intestine
1547,VisiumHD,Colorectal Cancer,Sample_P2_sub18,BASS,0.1889261746027007,0.4184472693792916,0.4381439689767709,0.7336445242369839,0.4926950907464497,0.3636466934401344,0.41844726937929166,4133.792903995514,7806.960000000001,0.2374865350089766,0.0177232578042835,-0.187705457220301,celltype,Intestine
1548,VisiumHD,Colorectal Cancer,Sample_P2_sub18,Banksy,0.2361671170417224,0.4601858824372358,0.4663704086396915,0.8021042803792013,0.5534314408657983,0.3938308247567809,0.4601858824372358,52.03409328460693,4181.6704959869385,0.1363832232117207,0.017807321553609,-0.2273358005355175,celltype,Intestine
1549,VisiumHD,Colorectal Cancer,Sample_P2_sub18,CCST,0.7300861066196938,0.5176372352971521,0.85346943570188,0.7239640933572711,0.44249041752394164,0.6237473889656793,0.517637235297152,10973.035914850234,33805.67920570374,0.03231597845601432,0.01710858329324826,-0.1925360247506352,celltype,Intestine
1550,VisiumHD,Colorectal Cancer,Sample_P2_sub18,CellCharter,0.22715386044696223,0.4175868182664061,0.4474850467353709,0.7871967219007224,0.5308488205729256,0.34417714137032734,0.4175868182664062,1445.6391067504883,1476.8326078414916,0.12013227418137373,0.01723964705759328,-0.1456911074970307,celltype,Intestine
1551,VisiumHD,Colorectal Cancer,Sample_P2_sub18,DeepST,0.24004401754268026,0.4705896821201856,0.4624248388679577,0.7978096947935368,0.5858617497100964,0.39326751270251725,0.4705896821201856,1735.4073404312135,25774.647615051268,0.09877917414721718,0.01670103847480916,-0.18671812718763253,celltype,Intestine
1552,VisiumHD,Colorectal Cancer,Sample_P2_sub18,GraphST,0.23692885684371082,0.45343673780357185,0.4599420189211128,0.8025852782764812,0.5656454296091024,0.3783770139513009,0.45343673780357185,175.85821499824524,31050.74054107666,0.0749730700179533,0.0166273075786728,-0.1566869039890146,celltype,Intestine
1553,VisiumHD,Colorectal Cancer,Sample_P2_sub18,PRECAST,0.4109056966274798,0.5320970367510542,0.6134595304770778,0.8478942900380172,0.6522839139337784,0.449309335337959,0.5320970367510542,417.5984259605408,1918.6,0.1918576754143136,0.018032208879066,-0.1705894456282492,celltype,Intestine
1554,VisiumHD,Colorectal Cancer,Sample_P2_sub18,SEDR,0.28943025026225855,0.47915213026559716,0.5049293574808981,0.809543985637343,0.5954096086919225,0.4008940721300756,0.47915213026559716,143.10236568450927,21896.513689804076,0.15515978456014362,0.01696484629093754,-0.16678567905799324,celltype,Intestine
1555,VisiumHD,Colorectal Cancer,Sample_P2_sub18,STAGATE,0.3783470232223035,0.5076743216693542,0.5810358310393031,0.8150664272890484,0.6114892429679186,0.43399354598645656,0.5076743216693541,171.1349112510681,1238.6780460357666,0.07505206463195688,0.01668434842885848,-0.14129537836975872,celltype,Intestine
1556,VisiumHD,Colorectal Cancer,Sample_P2_sub18,SpaGCN,0.24395292895250562,0.47811935327452054,0.4618517703643101,0.8179702650290885,0.6084567708648974,0.39377980551462205,0.47811935327452054,818.6502944469452,15912.554718399047,0.16305393952452774,0.017639948765836418,-0.17149568163385673,celltype,Intestine
1557,VisiumHD,Colorectal Cancer,Sample_P2_sub18,SpaceFlow,0.24396077156237056,0.41376377935895015,0.4632369603422933,0.7724955116696589,0.5207154604602111,0.34330314367789716,0.41376377935895015,549.1772037029266,1066.789235496521,0.07279712746858165,0.01652992640190836,-0.14803554930451135,celltype,Intestine
1558,VisiumHD,Colorectal Cancer,Sample_P2_sub18,SpatialMGCN,0.3189588463390684,0.5158605716131885,0.5267242309561296,0.8276624775583483,0.6364823562122031,0.4339533141640223,0.5158605716131885,330.47935128211975,7739.633822441101,0.16184560143626567,0.017832438417775282,-0.1574669036013609,celltype,Intestine
1559,VisiumHD,Colorectal Cancer,Sample_P2_sub18,stLearn,0.32745169745155633,0.5253033380041301,0.5367528028580442,0.8398994614003591,0.6572293751497782,0.43748643112316515,0.5253033380041301,16.533611917495726,4305.13954372406,0.26099102333931773,0.01854322328658656,-0.17776165041098607,celltype,Intestine
1560,VisiumHD,Colorectal Cancer,Sample_P2_sub19,BASS,0.1730679429351425,0.3314554064359413,0.48758612701987813,0.8562982123885629,0.5162771601564787,0.2440780502810433,0.3314554064359413,3346.2277159690857,5994.42,0.2931313224629313,0.023683799518983,-0.1579340380421417,celltype,Intestine
1561,VisiumHD,Colorectal Cancer,Sample_P2_sub19,Banksy,0.197931145182906,0.3104687932795632,0.529218275172561,0.8440574622384405,0.45916677423220154,0.2345208421675844,0.3104687932795631,47.25302348136902,3368.5418548583984,0.1636103284216361,0.0229961938705118,-0.1517438259435945,celltype,Intestine
1562,VisiumHD,Colorectal Cancer,Sample_P2_sub19,CCST,0.6674507650672097,0.42827916481679296,0.8788251404956593,0.8191417617441914,0.3694300979544599,0.5108172934795401,0.42827916481679296,6765.771489000321,20953.51409168244,0.01870756155018704,0.02248372777257632,-0.2878621772187626,celltype,Intestine
1563,VisiumHD,Colorectal Cancer,Sample_P2_sub19,CellCharter,0.09293122947322202,0.2857814046101926,0.38471796590806506,0.8437433599704374,0.48511045250274093,0.20255412722752322,0.28578140461019264,991.8174046993256,1344.1860048294068,0.18659522379786592,0.023180428524493542,-0.10835482632936262,celltype,Intestine
1564,VisiumHD,Colorectal Cancer,Sample_P2_sub19,DeepST,0.08548026193804811,0.28413106181779973,0.3835594535645259,0.8412305418264123,0.4763316708618186,0.20245766852400035,0.28413106181779973,1206.7237137317657,19088.30703830719,0.19823548431798232,0.02270580102065278,-0.0694715018250427,celltype,Intestine
1565,VisiumHD,Colorectal Cancer,Sample_P2_sub19,GraphST,0.1225240651406784,0.266280705984417,0.4308818315430945,0.837683033858377,0.43612499772477503,0.1916461350609211,0.2662807059844169,117.17151637077332,19158.75441379547,0.1355258903413552,0.0225544964570991,-0.1086289853968057,celltype,Intestine
1566,VisiumHD,Colorectal Cancer,Sample_P2_sub19,PRECAST,0.2692102812860145,0.3765894438034945,0.5800566930967072,0.8558395850699269,0.5813075193474664,0.2785078206264857,0.3765894438034944,309.7755760669708,1560.6,0.20204686486987117,0.0235850893496501,-0.0982696966910075,celltype,Intestine
1567,VisiumHD,Colorectal Cancer,Sample_P2_sub19,SEDR,0.14305617068104617,0.29498516245042167,0.45627934822356575,0.8435308790244352,0.4695469885115684,0.21508770397790666,0.2949851624504216,122.66598229408264,14008.91838645935,0.1956764746639567,0.022581790659744538,-0.12835658073759376,celltype,Intestine
1568,VisiumHD,Colorectal Cancer,Sample_P2_sub19,STAGATE,0.14268941080148426,0.3134338048287001,0.4586508700833448,0.8468751443484688,0.4983901693441977,0.22861140486389298,0.3134338048287001,141.57392191886902,1139.162713432312,0.09668806873296683,0.02257620984929708,-0.1178281307615214,celltype,Intestine
1569,VisiumHD,Colorectal Cancer,Sample_P2_sub19,SpaGCN,0.11947674412532963,0.32256207783517693,0.41734993735185955,0.8612499422606124,0.5393867389426825,0.2300801573370937,0.3225620778351769,614.6899494171142,10218.123084449768,0.27973578456279735,0.02391194297625408,-0.0993636061896456,celltype,Intestine
1570,VisiumHD,Colorectal Cancer,Sample_P2_sub19,SpaceFlow,0.09100804814595273,0.26805033776475023,0.38834141761237595,0.8332116956903322,0.4489645058757718,0.19107272306095632,0.26805033776475023,341.72277426719666,992.6299573898316,0.09303893944293033,0.0222879802462728,-0.12249727043891454,celltype,Intestine
1571,VisiumHD,Colorectal Cancer,Sample_P2_sub19,SpatialMGCN,0.16031161570945937,0.3496741803947234,0.46433844693684306,0.8828121391288282,0.5691834025889285,0.25244083789694527,0.34967418039472337,221.59762721061708,5077.90871925354,0.2010439281260104,0.02302963954129948,-0.11182174181763874,celltype,Intestine
1572,VisiumHD,Colorectal Cancer,Sample_P2_sub19,stLearn,0.2608417707422541,0.41291859452359525,0.5693384348007603,0.8964201579749641,0.6286553495793957,0.30747673476250165,0.41291859452359525,12.894719123840332,3394.367626953125,0.29967204027899663,0.02394718042729224,-0.1048852150361228,celltype,Intestine
1573,VisiumHD,Colorectal Cancer,Sample_P2_sub2,BASS,0.2126104355221889,0.3322055190113899,0.533619337072293,0.8462681999038082,0.5005075033450521,0.24860794887185,0.33220551901139,2391.2884079933165,6549.8,0.1541690350225176,0.0228057622792326,-0.1450800586019255,celltype,Intestine
1574,VisiumHD,Colorectal Cancer,Sample_P2_sub2,Banksy,0.2628037308916308,0.3702242884810444,0.5856031694344184,0.8560559685177088,0.5180587968353705,0.2880310523546748,0.3702242884810444,69.82578320503235,3497.432757568359,0.104984696108439,0.0224016512282605,-0.1583132394828147,celltype,Intestine
1575,VisiumHD,Colorectal Cancer,Sample_P2_sub2,CCST,0.7946112317422094,0.5451590846530548,0.9273302730948881,0.8510690393948668,0.45445456467164413,0.6813462612927137,0.5451590846530548,7380.795539426804,23314.360750198364,0.0151283284508766,0.022222728300922562,-0.3174076749957948,celltype,Intestine
1576,VisiumHD,Colorectal Cancer,Sample_P2_sub2,CellCharter,0.10555162090503516,0.2757438910269072,0.40547547177903576,0.8348598171718498,0.4598245126115545,0.19692260729133082,0.27574389102690716,1184.8309544563294,1469.7439222335815,0.13650876962778286,0.02261444247164994,-0.15007669757406414,celltype,Intestine
1577,VisiumHD,Colorectal Cancer,Sample_P2_sub2,DeepST,0.11261895373674932,0.3142952628726371,0.4171807037451023,0.8391675047002755,0.5156380140250583,0.2260596285917594,0.3142952628726371,1353.04089179039,20361.828620910645,0.1358838704035678,0.022150310403010458,-0.18773180078266888,celltype,Intestine
1578,VisiumHD,Colorectal Cancer,Sample_P2_sub2,GraphST,0.11688836587809051,0.3056179257953331,0.4124386670382245,0.858598224826199,0.5135980850501237,0.2175298142430496,0.3056179257953331,124.5558168888092,21272.919027137756,0.1826330287263346,0.0224175204343888,-0.1546310828193619,celltype,Intestine
1579,VisiumHD,Colorectal Cancer,Sample_P2_sub2,PRECAST,0.22559835824448543,0.3578054594398973,0.5430840493107416,0.8563691603187882,0.5665656075851083,0.2614646373173577,0.3578054594398973,352.73708600997924,1426.5,0.1532297124741314,0.0228902539357001,-0.1864479476740176,celltype,Intestine
1580,VisiumHD,Colorectal Cancer,Sample_P2_sub2,SEDR,0.1957031704385183,0.351239477109916,0.5116661937624487,0.8573652223339601,0.5402145741007074,0.2604030220469266,0.351239477109916,138.9781816482544,15423.951185035705,0.15355690612566128,0.02210610770584004,-0.2284242188972801,celltype,Intestine
1581,VisiumHD,Colorectal Cancer,Sample_P2_sub2,STAGATE,0.1881241145278359,0.35290907598812515,0.5050540610281761,0.8499409732849459,0.5465896569458928,0.26057720090446196,0.35290907598812515,170.97505941390992,1165.9146306991577,0.1178610467404136,0.02231544825759392,-0.19585807075628753,celltype,Intestine
1582,VisiumHD,Colorectal Cancer,Sample_P2_sub2,SpaGCN,0.1305533711247861,0.35616642234109663,0.43279833474456864,0.864940970703979,0.5854211858760809,0.25598995156444443,0.35616642234109663,755.1061322689056,11191.070244789124,0.26450371665937905,0.02337484971932104,-0.11029256262549145,celltype,Intestine
1583,VisiumHD,Colorectal Cancer,Sample_P2_sub2,SpaceFlow,0.0967957131382549,0.2644967303544177,0.40306521159714226,0.8272222465130514,0.4326842075384116,0.19053938020267983,0.2644967303544177,510.60011806488035,1012.6301200866699,0.05802107472344884,0.02191397851786932,-0.12384042362937771,celltype,Intestine
1584,VisiumHD,Colorectal Cancer,Sample_P2_sub2,SpatialMGCN,0.13601770076064554,0.3452198998974945,0.43936218395923865,0.8719164006820865,0.5697592761728171,0.24763731958872431,0.3452198998974945,240.89658646583558,5645.294604492187,0.18377858423330848,0.02254809755094344,-0.14482381636578695,celltype,Intestine
1585,VisiumHD,Colorectal Cancer,Sample_P2_sub2,stLearn,0.26607069587415355,0.43734985919994995,0.573558148544649,0.884849809802807,0.6681748953184117,0.3250572475181827,0.43734985919994995,13.553912544250489,3664.2780630111693,0.2643347470595951,0.023741929872170518,-0.17647754414703634,celltype,Intestine
1586,VisiumHD,Colorectal Cancer,Sample_P2_sub20,BASS,0.1560462225685176,0.4736355799421396,0.3853454391821033,0.6712865870338287,0.4572826659276655,0.4912014662979198,0.4736355799421396,2520.022247982025,6646.08,0.22604176164858208,0.0223693903777188,-0.1858467444301091,celltype,Intestine
1587,VisiumHD,Colorectal Cancer,Sample_P2_sub20,Banksy,0.40941706763925556,0.5692919089706866,0.5340377376402905,0.7667092185647852,0.6120618299826007,0.5321089685551995,0.5692919089706865,38.9231659412384,3243.510269165039,0.1274277377587307,0.0215603505504099,-0.1149541162265397,celltype,Intestine
1588,VisiumHD,Colorectal Cancer,Sample_P2_sub20,CCST,0.48012516406383854,0.46922262015773575,0.6664810024955437,0.6381599343485,0.3642663994776458,0.6744409848894896,0.46922262015773575,6958.582664012909,21422.966073036194,0.01628521929424634,0.02094000357384976,-0.3252450479782167,celltype,Intestine
1589,VisiumHD,Colorectal Cancer,Sample_P2_sub20,CellCharter,0.34996598688251596,0.47485743546861514,0.4809228306108782,0.6892171613550357,0.5271724443198007,0.43199737256796433,0.47485743546861503,1013.1753528118134,1262.1846200942994,0.0864906761500934,0.0212644967870008,-0.06645974642089089,celltype,Intestine
1590,VisiumHD,Colorectal Cancer,Sample_P2_sub20,DeepST,0.5189627265112896,0.5862151702593433,0.6232712365706086,0.7957235342390809,0.6369138576991092,0.5431076469266186,0.5862151702593433,1304.3953510761262,19328.642766952515,0.12003282574997716,0.02125300380053006,-0.1225412809059538,celltype,Intestine
1591,VisiumHD,Colorectal Cancer,Sample_P2_sub20,GraphST,0.2533518669624784,0.4937763639302039,0.4132514776608395,0.7001914835415337,0.5250708261829508,0.46600240659767656,0.4937763639302039,109.81994161605834,19528.401990699767,0.0955594054891948,0.021095171092867,-0.0936121501458221,celltype,Intestine
1592,VisiumHD,Colorectal Cancer,Sample_P2_sub20,PRECAST,0.3846159302480643,0.5423104318258088,0.5125672226733943,0.7718721461187215,0.5901422388958646,0.5016509596871,0.5423104318258088,303.2791600227356,1571.6,0.2100913242009132,0.0233653425130649,-0.109578811342293,celltype,Intestine
1593,VisiumHD,Colorectal Cancer,Sample_P2_sub20,SEDR,0.42139229517428783,0.5533673846351574,0.5475636435439977,0.735424455183733,0.5763343328885904,0.5323416641348896,0.5533673846351576,108.88688383102416,14332.819720840454,0.08642290507887292,0.021136606251208938,-0.1269041456962235,celltype,Intestine
1594,VisiumHD,Colorectal Cancer,Sample_P2_sub20,STAGATE,0.3734590227299074,0.5172291015308663,0.5015949042079303,0.7308562049785721,0.569480358712194,0.4737974626095408,0.5172291015308663,143.17978382110596,855.2231199264527,0.09176620771405122,0.02127725968165078,-0.08540076566539075,celltype,Intestine
1595,VisiumHD,Colorectal Cancer,Sample_P2_sub20,SpaGCN,0.544473777593269,0.5965618325356672,0.643660209461362,0.7841980486915292,0.6466069385162594,0.5539832436542376,0.5965618325356672,639.0323712825775,10112.58715801239,0.19268715236618944,0.02238104886901494,-0.1096187620150006,celltype,Intestine
1596,VisiumHD,Colorectal Cancer,Sample_P2_sub20,SpaceFlow,0.4050495610670457,0.48230096515368964,0.5294312414471498,0.6931977751436127,0.5205538298934979,0.44931911105040623,0.48230096515368964,485.46720414161683,862.4237085342407,0.04715054253670096,0.020959195695876082,-0.11510184413178193,celltype,Intestine
1597,VisiumHD,Colorectal Cancer,Sample_P2_sub20,SpatialMGCN,0.44037737276487077,0.5849802555147197,0.5572211393872517,0.7780888118902161,0.6402533529272603,0.5386505499687643,0.5849802555147197,223.39237961769103,5223.227061462402,0.18730737667548092,0.02202545337690296,-0.08653750423664493,celltype,Intestine
1598,VisiumHD,Colorectal Cancer,Sample_P2_sub20,stLearn,0.6074869223184398,0.6709384900996993,0.6943424509265619,0.8370930974742409,0.7041796233342146,0.6418520641190952,0.6709384900996993,11.861834478378295,3411.7005138397217,0.25402571350414876,0.02273447869545376,-0.13821613316042206,celltype,Intestine
1599,VisiumHD,Colorectal Cancer,Sample_P2_sub21,BASS,0.3123855158970418,0.46524840649851634,0.5071387320986451,0.8412552138907751,0.5788149441492552,0.3889369336148109,0.46524840649851634,2665.070745944977,5911.08,0.2959064894752158,0.0227744020578346,-0.1007962797721808,celltype,Intestine
1600,VisiumHD,Colorectal Cancer,Sample_P2_sub21,Banksy,0.3938787311378868,0.4888299079112056,0.572040232729437,0.8537949141829145,0.6214376713699153,0.4028634159655783,0.4888299079112056,54.31223855018616,3034.705486488342,0.1724121164973015,0.0220977977152304,-0.0560386510663199,celltype,Intestine
1601,VisiumHD,Colorectal Cancer,Sample_P2_sub21,CCST,0.6629164859232358,0.5494337560072587,0.8146102156489381,0.8220777961004947,0.42883176943307,0.7644172920057487,0.5494337560072587,6084.221937036515,19029.609737205505,0.00809001843049758,0.02097040598617016,-0.21215029731713025,celltype,Intestine
1602,VisiumHD,Colorectal Cancer,Sample_P2_sub21,CellCharter,0.390723818468939,0.4652438791592307,0.5709376674606569,0.8293763756419663,0.6024460598147005,0.37897738773105344,0.46524387915923066,885.3211763381958,1221.1234062194824,0.12540963560772803,0.02175085442000734,-0.06694824536488748,celltype,Intestine
1603,VisiumHD,Colorectal Cancer,Sample_P2_sub21,DeepST,0.5220521732603369,0.567138095733395,0.672071145882829,0.8574934523232127,0.6714474918184978,0.49113378937359153,0.567138095733395,1248.2574525356292,17972.257212638855,0.08373266078184104,0.02108292714471338,-0.21736656933173232,celltype,Intestine
1604,VisiumHD,Colorectal Cancer,Sample_P2_sub21,GraphST,0.3613228428916322,0.482246403883362,0.5441778135169199,0.8577456591327965,0.6181595933192671,0.3953268805366829,0.482246403883362,102.50825157165528,17340.21853656769,0.1271704336017072,0.0213866384016035,-0.026528761653891796,celltype,Intestine
1605,VisiumHD,Colorectal Cancer,Sample_P2_sub21,PRECAST,0.4012572343464025,0.4995812212242282,0.5808399497456709,0.8854284172838295,0.6559460454165571,0.4034149223981059,0.4995812212242282,328.48423204422,1484.4,0.4066408357447643,0.0243730103736398,-0.0925539770942958,celltype,Intestine
1606,VisiumHD,Colorectal Cancer,Sample_P2_sub21,SEDR,0.44170382215946435,0.5165301077889015,0.6100414613168154,0.8577359588708895,0.6512869016420583,0.4282473586682123,0.5165301077889016,107.67259459495544,12868.242417144775,0.1171985643612377,0.02126259176123976,-0.10401610964016675,celltype,Intestine
1607,VisiumHD,Colorectal Cancer,Sample_P2_sub21,STAGATE,0.4797594466128093,0.5314192488929983,0.6397321936641363,0.8630129013483364,0.6593798248002157,0.44505165650555367,0.5314192488929983,149.3913905620575,799.7297256469726,0.14134251624793864,0.021441889501180637,-0.05210805622979951,celltype,Intestine
1608,VisiumHD,Colorectal Cancer,Sample_P2_sub21,SpaGCN,0.4318419463121505,0.5403307129205912,0.6029624017173075,0.8685530921820304,0.6786208031559969,0.44902089400791373,0.5403307129205912,480.44844164848325,9102.764289665221,0.29507001166861135,0.023167938312979818,-0.1389518372433884,celltype,Intestine
1609,VisiumHD,Colorectal Cancer,Sample_P2_sub21,SpaceFlow,0.31146610784597595,0.4548434767091609,0.5009758459176373,0.8307207294596954,0.6018228279114919,0.36558885905402494,0.4548434767091609,406.16424078941344,870.6766456604004,0.1521486080124163,0.02138053847505464,-0.11943940480822948,celltype,Intestine
1610,VisiumHD,Colorectal Cancer,Sample_P2_sub21,SpatialMGCN,0.42115644172871197,0.5292900632770422,0.593244262152443,0.8648268503249588,0.6497951124913145,0.4467292591984804,0.5292900632770421,225.8189458847046,4742.3832880020145,0.19221068968862157,0.02278551417744816,-0.16473882797821293,celltype,Intestine
1611,VisiumHD,Colorectal Cancer,Sample_P2_sub21,stLearn,0.5133347062062502,0.6066647036625338,0.6655498564392153,0.8968377146182946,0.7356395699158031,0.5171092070490593,0.6066647036625338,12.040950918197632,3175.472134590149,0.29602289261810066,0.02333218794992032,-0.1306363708093,celltype,Intestine
1612,VisiumHD,Colorectal Cancer,Sample_P2_sub3,BASS,0.5004236920540597,0.4702603577376244,0.7144475098433252,0.8132669113791294,0.512507823342661,0.4344476152820846,0.47026035773762426,2996.3009900569914,5465.0,0.3,0.025503297860088904,-0.1427963702213108,celltype,Intestine
1613,VisiumHD,Colorectal Cancer,Sample_P2_sub3,Banksy,0.7794088698964223,0.586266886646035,0.8855588341329991,0.8746656877654833,0.5902205787960412,0.5823658109837544,0.5862668866460351,35.64964227676391,2666.246537590027,0.1658713094551366,0.0248091686944027,-0.0257037897681689,celltype,Intestine
1614,VisiumHD,Colorectal Cancer,Sample_P2_sub3,CCST,0.6594081510158293,0.39800426512991544,0.8455581707761264,0.7337073938122706,0.313947512592442,0.5435942620947736,0.39800426512991544,5059.50658249855,16323.073217964173,0.029124278972207603,0.0228722053059594,-0.1504085077356114,celltype,Intestine
1615,VisiumHD,Colorectal Cancer,Sample_P2_sub3,CellCharter,0.18791347463241415,0.311338935314099,0.43810041022467416,0.7764514606388,0.4334396537940684,0.24292604335755552,0.311338935314099,606.0327647686005,1155.3721645355224,0.344553416898306,0.024517891287065902,-0.07000715514441683,celltype,Intestine
1616,VisiumHD,Colorectal Cancer,Sample_P2_sub3,DeepST,0.33409991668842487,0.4579406793971145,0.5748000366316148,0.8431567907708443,0.5856122614684652,0.3764981357230567,0.4579406793971145,1202.97794547081,16391.379417991637,0.3193917147351861,0.02419956045323838,-0.15242324408139246,celltype,Intestine
1617,VisiumHD,Colorectal Cancer,Sample_P2_sub3,GraphST,0.3755312818498122,0.3642645587353947,0.6131081920201382,0.79627687467226,0.4663735344337856,0.2988365458893189,0.3642645587353947,87.19846167564393,14894.544152641296,0.2465128474042999,0.0233294210030911,-0.05664142844421429,celltype,Intestine
1618,VisiumHD,Colorectal Cancer,Sample_P2_sub3,PRECAST,0.0920172833755239,0.1774905086763694,0.3497686168591288,0.717924023542001,0.2464820574253604,0.1386747572405382,0.1774905086763694,318.6566919803619,1365.3,0.8597645799892991,0.0345494306080983,-0.0909655260204312,celltype,Intestine
1619,VisiumHD,Colorectal Cancer,Sample_P2_sub3,SEDR,0.37647938550046345,0.48477678128185575,0.607792030895136,0.8672994231777661,0.615559321103067,0.4001658815983221,0.48477678128185575,97.4049262046814,11246.946207618714,0.3152700576822234,0.0239387762469519,-0.06101585521156592,celltype,Intestine
1620,VisiumHD,Colorectal Cancer,Sample_P2_sub3,STAGATE,0.5371903243438404,0.4157065422530093,0.751755882477626,0.8476560041950707,0.45019733325794836,0.38658630710341363,0.4157065422530093,158.9250576019287,628.4948724746704,0.16931305715783948,0.02327160612349522,-0.06948064235321162,celltype,Intestine
1621,VisiumHD,Colorectal Cancer,Sample_P2_sub3,SpaGCN,0.2095946659606212,0.37897141262017436,0.46017901975589914,0.8118621846976769,0.5178504333598034,0.29889672833429365,0.3789714126201744,477.27424397468565,7990.591768455505,0.6572237663223032,0.028261902328656042,-0.0994322419996939,celltype,Intestine
1622,VisiumHD,Colorectal Cancer,Sample_P2_sub3,SpaceFlow,0.13546217209533762,0.28300369597797814,0.3857061603759753,0.7745883586785527,0.39323501707884556,0.22108611890259872,0.28300369597797814,352.9781075000763,695.4046424865722,0.13273203985317247,0.022560480478717997,-0.09310472028043222,celltype,Intestine
1623,VisiumHD,Colorectal Cancer,Sample_P2_sub3,SpatialMGCN,0.28201292591728694,0.4054427587207924,0.5299358254326926,0.8504667016255899,0.5400341895640419,0.32466385199914327,0.4054427587207924,174.4860249042511,4185.053667068481,0.27937073938122703,0.02441201111623692,-0.06756293327414598,celltype,Intestine
1624,VisiumHD,Colorectal Cancer,Sample_P2_sub3,stLearn,0.3951744002312242,0.5357015208104937,0.6245241443029554,0.8811746198217095,0.6674614296054636,0.44742063419667266,0.5357015208104938,10.726610279083252,2677.1179901123046,0.5176507603565811,0.02642233701659878,-0.13685390574067272,celltype,Intestine
1625,VisiumHD,Colorectal Cancer,Sample_P2_sub4,BASS,0.1842151134402057,0.3817374863977068,0.4887139271360873,0.7798512974543306,0.4138667756346696,0.3542373466451437,0.3817374863977069,2054.7490479946136,5914.32,0.1365404500467772,0.0219843886299867,-0.1456973946357702,celltype,Intestine
1626,VisiumHD,Colorectal Cancer,Sample_P2_sub4,Banksy,0.4733022509768777,0.5493478115242071,0.6568365829174572,0.8979270274262643,0.6613575699129779,0.469783659550854,0.5493478115242072,51.08534383773804,2973.4029886245726,0.1373282781033039,0.0224447129773647,-0.0327351620251357,celltype,Intestine
1627,VisiumHD,Colorectal Cancer,Sample_P2_sub4,CCST,0.47439342240383453,0.41359479903503865,0.7212742952104043,0.7256684228667093,0.3471139919360725,0.5265336760161902,0.41359479903503854,5735.96263589859,18486.977487754823,0.03083362056231222,0.02197693141575376,-0.09991957775313867,celltype,Intestine
1628,VisiumHD,Colorectal Cancer,Sample_P2_sub4,CellCharter,0.24664492172436714,0.4545017374240986,0.46305221111042344,0.8276409144659047,0.6113202691928893,0.36176196963488555,0.4545017374240986,849.623157453537,1152.9405004501343,0.10860268033109965,0.021939452463351862,-0.01851306185355384,celltype,Intestine
1629,VisiumHD,Colorectal Cancer,Sample_P2_sub4,DeepST,0.25951361969656184,0.49937978324859716,0.47446208361853415,0.8836870353045448,0.6720632187137451,0.39735977300656516,0.49937978324859705,1152.4467544078827,17657.101035690306,0.07292333448224918,0.02165120871879488,-0.02795720768648412,celltype,Intestine
1630,VisiumHD,Colorectal Cancer,Sample_P2_sub4,GraphST,0.2886990368223027,0.4862436058177867,0.5036030596431039,0.8795607858584864,0.6361231659393343,0.3935238539193179,0.4862436058177866,104.95012145042419,16845.03505458832,0.0873011965138608,0.0219406286883251,0.0035096902457554,celltype,Intestine
1631,VisiumHD,Colorectal Cancer,Sample_P2_sub4,PRECAST,0.3683229555768647,0.5278914846717044,0.5748943356130156,0.8938895534290271,0.6649077726873833,0.4376962464325751,0.5278914846717044,349.87347612380984,1462.6,0.1117424242424242,0.0227099585942328,-0.05345474444873351,celltype,Intestine
1632,VisiumHD,Colorectal Cancer,Sample_P2_sub4,SEDR,0.33657223162100947,0.5212806032248247,0.5451038065979716,0.8865035206066276,0.6686031143199574,0.4272255473218326,0.5212806032248247,125.98462352752685,12535.850224304198,0.06792062632330488,0.0217663951270088,-0.0636995029973231,celltype,Intestine
1633,VisiumHD,Colorectal Cancer,Sample_P2_sub4,STAGATE,0.24890737028006563,0.46457566315843246,0.4667502552847848,0.8660593825397607,0.616363801078777,0.37277471716102556,0.46457566315843246,152.57310009002686,785.285834312439,0.08993057265251854,0.02190258008446748,-0.04071943236945672,celltype,Intestine
1634,VisiumHD,Colorectal Cancer,Sample_P2_sub4,SpaGCN,0.27250044221492015,0.5010856750178316,0.48614459674877397,0.868682292692535,0.6755873689209541,0.39838099321422726,0.5010856750178317,941.1343642711639,8951.5592710495,0.20104392357691547,0.023593618929286318,-0.0234038025484384,celltype,Intestine
1635,VisiumHD,Colorectal Cancer,Sample_P2_sub4,SpaceFlow,0.19982209000165724,0.4172831266034559,0.41805063847419077,0.823536363188734,0.5635252167134117,0.33130766434752373,0.41728312660345585,367.69591546058655,843.229546546936,0.0428184548722241,0.02152875068756504,0.01645187118719772,celltype,Intestine
1636,VisiumHD,Colorectal Cancer,Sample_P2_sub4,SpatialMGCN,0.24956028275506173,0.5004972449792109,0.464540597394529,0.8770791274804275,0.6796919139173505,0.396133636922544,0.5004972449792109,197.8493275642395,4524.776998901367,0.12045890984292676,0.022287948340650322,-0.02118328037448798,celltype,Intestine
1637,VisiumHD,Colorectal Cancer,Sample_P2_sub4,stLearn,0.3635929881714878,0.5329384369457273,0.5703303065404857,0.8736914668373628,0.6548527339879342,0.44929326798960795,0.5329384369457273,10.88819923400879,3066.3021034240724,0.14260672608203256,0.0228477773080351,-0.09412192689444698,celltype,Intestine
1638,VisiumHD,Colorectal Cancer,Sample_P2_sub5,BASS,0.22010964390659876,0.3138298505615631,0.5807207344585222,0.8192048882357492,0.427762584980867,0.24782320118443152,0.3138298505615631,2515.6617919921873,7572.2,0.1655580477995204,0.0158387866318499,-0.1170199031659308,celltype,Intestine
1639,VisiumHD,Colorectal Cancer,Sample_P2_sub5,Banksy,0.20124833165424588,0.3748507321476876,0.53163468879264,0.8918626237623762,0.568568064701261,0.2795910246957179,0.3748507321476876,58.36314611434936,3900.432061958313,0.1577196782178218,0.0159896882465214,-0.236937980190408,celltype,Intestine
1640,VisiumHD,Colorectal Cancer,Sample_P2_sub5,CCST,0.7776648404832461,0.5256056576530563,0.9237569635908507,0.8703147961946012,0.4573824867702775,0.6188575574398893,0.5256056576530563,9272.90208015442,29366.14926815033,0.028950421532987818,0.015313631733863381,-0.35488367470896914,celltype,Intestine
1641,VisiumHD,Colorectal Cancer,Sample_P2_sub5,CellCharter,0.08516144000338507,0.25746555997569187,0.38805765774911183,0.8477802742697762,0.43614460949566186,0.18264565741095248,0.25746555997569187,1299.9248578071595,1479.5480966567993,0.13026264817540867,0.015955196193583078,-0.10797472646489079,celltype,Intestine
1642,VisiumHD,Colorectal Cancer,Sample_P2_sub5,DeepST,0.1514255262120883,0.36073813722366466,0.47607611101033986,0.862294067599969,0.5572493709858647,0.26714451101565373,0.36073813722366466,1646.0032767772675,23558.690126419064,0.13621316420450144,0.015310416441397958,-0.22087853650162956,celltype,Intestine
1643,VisiumHD,Colorectal Cancer,Sample_P2_sub5,GraphST,0.2001396556750094,0.3238710919556707,0.5277713445632579,0.830961404594323,0.5054221322371071,0.2382794909822723,0.3238710919556707,157.70766153335572,26900.585600090028,0.1428958156083223,0.0153754057997672,-0.1415319312316273,celltype,Intestine
1644,VisiumHD,Colorectal Cancer,Sample_P2_sub5,PRECAST,0.292646153580319,0.3315041864280572,0.6427032621653613,0.8609442406160545,0.5294023759241036,0.2413020314681281,0.3315041864280571,429.6504499912262,1767.7,0.1671975164294641,0.0160534341458772,-0.1327347457624496,celltype,Intestine
1645,VisiumHD,Colorectal Cancer,Sample_P2_sub5,SEDR,0.15600070849533587,0.3447985220067413,0.4711327772236631,0.8753422538479387,0.5563922996264521,0.2498867593721723,0.3447985220067413,159.56328253746034,19170.972275733948,0.19096604532446435,0.015359804668931198,-0.20994546773014836,celltype,Intestine
1646,VisiumHD,Colorectal Cancer,Sample_P2_sub5,STAGATE,0.19424214870272774,0.3603693727169073,0.5181455659299182,0.8617603836336917,0.5594201419138951,0.2660763642296783,0.3603693727169073,180.8870403289795,1180.3612436294557,0.10646608399721554,0.015363275980571581,-0.2147702985564889,celltype,Intestine
1647,VisiumHD,Colorectal Cancer,Sample_P2_sub5,SpaGCN,0.15270377191854076,0.3752725140317687,0.4652012096525997,0.8842125618811881,0.6110310495153831,0.27095790656629515,0.3752725140317687,9054.662400817871,13752.62720336914,0.2530785891089109,0.0167710156008065,-0.1580666409938712,celltype,Intestine
1648,VisiumHD,Colorectal Cancer,Sample_P2_sub5,SpaceFlow,0.1118110565369869,0.28294384254001564,0.418453983214181,0.8621084383943074,0.47302761341261296,0.20186650566135195,0.28294384254001564,476.0949172019958,1022.6729911804199,0.060375899141464906,0.014982883746755698,-0.046105883795187055,celltype,Intestine
1649,VisiumHD,Colorectal Cancer,Sample_P2_sub5,SpatialMGCN,0.1556223167973924,0.3790108328105447,0.46480536733542566,0.8769201020960631,0.6265152061390383,0.27173323016681905,0.3790108328105447,294.2274296760559,6794.4610391616825,0.22497486271173325,0.01584312374354758,-0.13821288572947085,celltype,Intestine
1650,VisiumHD,Colorectal Cancer,Sample_P2_sub5,stLearn,0.2523579095751375,0.42734267844765766,0.5701600989032344,0.8950266841983139,0.6439099725839579,0.3198721310308136,0.42734267844765766,16.892880535125734,4019.9177820205687,0.24984144172016393,0.016615970682936278,-0.27008687927136177,celltype,Intestine
1651,VisiumHD,Colorectal Cancer,Sample_P2_sub6,BASS,0.4177815326491712,0.4437024717089898,0.635169695936253,0.8400837075467585,0.5169790973480896,0.3886195328261277,0.4437024717089898,3688.1689899921416,6798.32,0.1914374155294938,0.0223618120932005,-0.1727764574573465,celltype,Intestine
1652,VisiumHD,Colorectal Cancer,Sample_P2_sub6,Banksy,0.35956566062695,0.4757490839712249,0.567912129009688,0.8621005362514713,0.6136354673797678,0.3884604435545706,0.47574908397122495,62.36372652053833,3350.407496643066,0.1360683611631861,0.0220369340528111,-0.10556982760029872,celltype,Intestine
1653,VisiumHD,Colorectal Cancer,Sample_P2_sub6,CCST,0.5380525847816406,0.530049282758754,0.7058613167748266,0.843240179622444,0.5505980144845963,0.5158411392208687,0.530049282758754,7307.687520647049,23288.875214767457,0.03460783886297244,0.02127689236390906,-0.24827646201109074,celltype,Intestine
1654,VisiumHD,Colorectal Cancer,Sample_P2_sub6,CellCharter,0.23486645194776204,0.4145234754427515,0.45182883852325395,0.8391437042204395,0.5819228093772144,0.3219206089557455,0.4145234754427515,961.899227809906,1298.5751848220825,0.10577258458318792,0.02171520061912904,-0.07200164749388713,celltype,Intestine
1655,VisiumHD,Colorectal Cancer,Sample_P2_sub6,DeepST,0.3630112073371411,0.5155660236776431,0.5671171945843152,0.8766272834285216,0.678910515414486,0.4158685752591591,0.5155660236776431,1495.434255361557,20365.648180770873,0.11300518812399178,0.02153086673886844,-0.14161102571888592,celltype,Intestine
1656,VisiumHD,Colorectal Cancer,Sample_P2_sub6,GraphST,0.3475709021150657,0.47221655475987684,0.5595074593230364,0.859833456860095,0.6081321340137619,0.3859565133284004,0.47221655475987684,117.32779703140258,21257.400663948058,0.1008414352356454,0.0214072741128577,-0.0852077945281572,celltype,Intestine
1657,VisiumHD,Colorectal Cancer,Sample_P2_sub6,PRECAST,0.2541027904000337,0.4647284072410852,0.4710328561728616,0.8973442065326414,0.6440535135067342,0.3635143739738486,0.4647284072410852,414.53402199745176,1653.2,0.5454188652915267,0.0255136383567967,-0.0900197100202937,celltype,Intestine
1658,VisiumHD,Colorectal Cancer,Sample_P2_sub6,SEDR,0.32798807974363103,0.4755343420162147,0.5395941169842657,0.8721628809347342,0.6218276754654647,0.3851582782487749,0.4755343420162147,123.88650593757629,15502.29838027954,0.11014518027640925,0.02144281572344046,-0.0804923805907278,celltype,Intestine
1659,VisiumHD,Colorectal Cancer,Sample_P2_sub6,STAGATE,0.35299016857111065,0.4825713273996574,0.5641638470837465,0.8731743471247329,0.6148425152384929,0.3971981553390881,0.4825713273996574,153.1331129550934,827.179609298706,0.09741465754021882,0.02137245062292234,-0.14930838082497405,celltype,Intestine
1660,VisiumHD,Colorectal Cancer,Sample_P2_sub6,SpaGCN,0.2992702098804333,0.4929781463803057,0.5114229253462037,0.8790949121506737,0.6747271751275123,0.3884410337308837,0.4929781463803057,607.9638802528382,11206.22511177063,0.40169159000741156,0.02367729779598398,-0.11765919205621937,celltype,Intestine
1661,VisiumHD,Colorectal Cancer,Sample_P2_sub6,SpaceFlow,0.23408150667968344,0.3986550695292205,0.4527462729071332,0.834974059380041,0.5448931515622519,0.31438219961968483,0.39865506952922036,318.51248545646666,769.7562643051148,0.05097440816148574,0.0210847350085169,-0.14945741193460865,celltype,Intestine
1662,VisiumHD,Colorectal Cancer,Sample_P2_sub6,SpatialMGCN,0.3324659374278031,0.49299777887400076,0.5422675888778418,0.8876051794044557,0.6555318203528,0.39515776894829346,0.49299777887400076,243.88482360839845,5589.712722206115,0.15070846230980509,0.021905935343345277,-0.0691637349151786,celltype,Intestine
1663,VisiumHD,Colorectal Cancer,Sample_P2_sub6,stLearn,0.5278735021963629,0.6180619274353001,0.6917619981453436,0.9162226969525221,0.7539709412163781,0.5254495778855987,0.6180619274353001,13.127020215988159,3478.481944847107,0.2983214892967694,0.02291583962120872,-0.19210646811630977,celltype,Intestine
1664,VisiumHD,Colorectal Cancer,Sample_P2_sub7,BASS,0.22079133772037957,0.47071273663090285,0.40080749771230695,0.6741530101044408,0.46529113137822253,0.4762621772883925,0.47071273663090285,2523.901370000839,6375.16,0.22144858622739233,0.0216241789421556,-0.1684385388838193,celltype,Intestine
1665,VisiumHD,Colorectal Cancer,Sample_P2_sub7,Banksy,0.5510567361279959,0.6144839910498471,0.6419979906537413,0.7649881114130435,0.6258677805767794,0.6035069189641049,0.6144839910498471,56.491383743286136,3400.0204557418824,0.1029211956521739,0.0214419997530464,-0.0889601599892545,celltype,Intestine
1666,VisiumHD,Colorectal Cancer,Sample_P2_sub7,CCST,0.4529162179464527,0.5185030814266351,0.6213562288246248,0.6595312898021568,0.4305785816587435,0.6656574656379146,0.5185030814266353,7739.834967899323,24468.50174217224,0.0227901842574509,0.020552940138238218,-0.1985515713118954,celltype,Intestine
1667,VisiumHD,Colorectal Cancer,Sample_P2_sub7,CellCharter,0.3915254955817299,0.4998590641473883,0.504848156979091,0.7069075451647184,0.5416677810129589,0.4640702065404441,0.4998590641473883,977.8249473571777,1235.7301399230957,0.09763230605738572,0.02100284963002522,-0.029578891220537862,celltype,Intestine
1668,VisiumHD,Colorectal Cancer,Sample_P2_sub7,DeepST,0.551612156528729,0.6035097112584318,0.6401755085909224,0.7718009679884521,0.628099716656821,0.5811393492965232,0.6035097112584318,1459.0524936676024,21013.4344291687,0.12504033285216942,0.020825938078266902,-0.051759427988556615,celltype,Intestine
1669,VisiumHD,Colorectal Cancer,Sample_P2_sub7,GraphST,0.426077348135283,0.5555724269131325,0.5364199476147457,0.7386431179417509,0.586524036034839,0.5277237810086393,0.5555724269131325,122.15157551765442,22364.597723197938,0.0947185191474908,0.0206954569254526,-0.0743930701996744,celltype,Intestine
1670,VisiumHD,Colorectal Cancer,Sample_P2_sub7,PRECAST,0.4436209790631801,0.5853089671513647,0.5505974431447154,0.8156417398757231,0.6326104996199644,0.5445889772008611,0.5853089671513648,413.45118989944456,1678.3,0.2641525605313906,0.0230166072902928,-0.0825497148909105,celltype,Intestine
1671,VisiumHD,Colorectal Cancer,Sample_P2_sub7,SEDR,0.5569126326781915,0.6083066287486284,0.6459127238142115,0.7757408508109026,0.628550684599823,0.5895230526521498,0.6083066287486284,129.70032391548156,16244.58776512146,0.1399167869576292,0.02098445032093412,-0.057290826689202955,celltype,Intestine
1672,VisiumHD,Colorectal Cancer,Sample_P2_sub7,STAGATE,0.477897943809029,0.5785954656886548,0.5810780166877818,0.7624522374119046,0.6025179658099329,0.5565710055338751,0.5785954656886548,158.02814240455626,823.0132995605469,0.10365118451218472,0.020760179025428642,-0.03745009677648848,celltype,Intestine
1673,VisiumHD,Colorectal Cancer,Sample_P2_sub7,SpaGCN,0.583451260722813,0.6255204840376993,0.6671750002964005,0.7865743885869565,0.6413609425896525,0.6110319130433322,0.6255204840376994,1521.9739663124085,11739.819340705872,0.17535665760869562,0.02170809850364236,-0.06066918948000616,celltype,Intestine
1674,VisiumHD,Colorectal Cancer,Sample_P2_sub7,SpaceFlow,0.4592372867563766,0.5114591381505125,0.5628909824378281,0.7202428462256941,0.5415402912553718,0.48489864784209324,0.5114591381505125,310.8228055477142,774.8274112701416,0.037709093996773344,0.02048407301211928,-0.02400960948960406,celltype,Intestine
1675,VisiumHD,Colorectal Cancer,Sample_P2_sub7,SpatialMGCN,0.5422368857960007,0.6138590116375259,0.6324600769927925,0.7894285471682092,0.6428234277251421,0.5874499510664151,0.613859011637526,249.09429864883424,5716.7031705856325,0.17099431094506237,0.02173058909761186,-0.02398265161816242,celltype,Intestine
1676,VisiumHD,Colorectal Cancer,Sample_P2_sub7,stLearn,0.6656398088255532,0.6788779313206671,0.7340725437958564,0.8219665449605162,0.688967785173827,0.6695381605939402,0.6788779313206671,14.11217803955078,3599.8583374023438,0.23879595822365624,0.02210850592608038,-0.17920356558569886,celltype,Intestine
1677,VisiumHD,Colorectal Cancer,Sample_P2_sub8,BASS,0.2917886134593606,0.5092726726099505,0.47099559102380006,0.7581845833666854,0.5772445440011746,0.45562212098122873,0.5092726726099505,4325.927442073822,7166.839999999999,0.21828223805330976,0.0218291605154518,-0.1267618530861504,celltype,Intestine
1678,VisiumHD,Colorectal Cancer,Sample_P2_sub8,Banksy,0.4098565310069942,0.5871624916872611,0.567033281859073,0.8337869206755784,0.6862414805921422,0.5130838597670918,0.587162491687261,52.68845419883728,3708.1523706436155,0.1263907788361482,0.021265979394759,-0.10263340173653139,celltype,Intestine
1679,VisiumHD,Colorectal Cancer,Sample_P2_sub8,CCST,0.775808201193595,0.6347204019891378,0.8598732084745739,0.755174897942848,0.5320671857020769,0.7864804503679237,0.6347204019891378,8619.072950696946,27430.99332408905,0.01129432482190024,0.02105907437715086,-0.12776117018967767,celltype,Intestine
1680,VisiumHD,Colorectal Cancer,Sample_P2_sub8,CellCharter,0.28907934453262984,0.5172829573717955,0.46163331352853143,0.7863043304250381,0.6240019541972999,0.4417442892621003,0.5172829573717954,1276.1851195812226,1382.6287872314454,0.08913791723365082,0.02124849469003188,-0.07225027682875046,celltype,Intestine
1681,VisiumHD,Colorectal Cancer,Sample_P2_sub8,DeepST,0.3962191710755244,0.5848614328847136,0.5564885449637554,0.8321700152085167,0.6938540372535617,0.5054997162905848,0.5848614328847136,1452.651276397705,22581.84881248474,0.09257184023052906,0.02109976612727888,-0.09540508109866805,celltype,Intestine
1682,VisiumHD,Colorectal Cancer,Sample_P2_sub8,GraphST,0.3871088573874616,0.5653144926017201,0.5475798619433456,0.8099335627951654,0.6612872342548848,0.49366831628532826,0.5653144926017201,173.1344292163849,25130.698433303834,0.0637557031937885,0.02096666740409,-0.1041902241406224,celltype,Intestine
1683,VisiumHD,Colorectal Cancer,Sample_P2_sub8,PRECAST,0.482097799359694,0.6232321653405845,0.6280958226697185,0.8702069629391946,0.7271913555863413,0.5452791259437899,0.6232321653405845,443.14265990257263,1788.3,0.1530563131718273,0.0220691309387341,-0.0956477677921593,celltype,Intestine
1684,VisiumHD,Colorectal Cancer,Sample_P2_sub8,SEDR,0.4290690296802883,0.5906257264440635,0.5819550222044944,0.8248539181941886,0.675218247336981,0.5249214417906777,0.5906257264440635,137.07479033470153,18034.523568534853,0.07432962458977024,0.02103653936859122,-0.12775388122907896,celltype,Intestine
1685,VisiumHD,Colorectal Cancer,Sample_P2_sub8,STAGATE,0.3349327917505712,0.5632386776619444,0.5029567398634635,0.8146642119586968,0.671733696359506,0.4849654306697763,0.5632386776619444,160.25585713386536,1031.4458116531373,0.08683262627071153,0.02112636493100844,-0.08624549368659253,celltype,Intestine
1686,VisiumHD,Colorectal Cancer,Sample_P2_sub8,SpaGCN,0.4239946240883451,0.5988755754458599,0.579591986204968,0.8472264468102138,0.7043522460374907,0.5209111920970144,0.5988755754458599,420.32773065567017,12988.278238105773,0.16945489474105493,0.021963352640070398,-0.08514883668475279,celltype,Intestine
1687,VisiumHD,Colorectal Cancer,Sample_P2_sub8,SpaceFlow,0.35347415114126585,0.5347266366285715,0.5184043706107582,0.7910750020011206,0.6249318527855796,0.4673194579384365,0.5347266366285715,537.0947121143341,943.5717834472656,0.05873689265988952,0.02092983339772404,-0.08527903562305642,celltype,Intestine
1688,VisiumHD,Colorectal Cancer,Sample_P2_sub8,SpatialMGCN,0.3168404312348611,0.576384625403243,0.4870211117815063,0.8172256463619627,0.6785213569417253,0.5010459968483554,0.576384625403243,270.1408519268036,6448.4310291290285,0.1692707916433202,0.02188934587410776,-0.08668078831462596,celltype,Intestine
1689,VisiumHD,Colorectal Cancer,Sample_P2_sub8,stLearn,0.5035162254715372,0.6525400668768111,0.6446728487183246,0.8867765948931401,0.7561232626945065,0.5739177432374365,0.6525400668768111,16.217469692230225,3870.140499305725,0.21881853838149362,0.0227130509452477,-0.08862499197711585,celltype,Intestine
1690,VisiumHD,Colorectal Cancer,Sample_P2_sub9,BASS,0.0717921681877227,0.2517650502232595,0.4033408810192148,0.7971408436524715,0.3717197066821406,0.1903414894849055,0.2517650502232595,2680.611007976532,5336.4,0.2177086479412061,0.0224749706614299,-0.1565574847023703,celltype,Intestine
1691,VisiumHD,Colorectal Cancer,Sample_P2_sub9,Banksy,0.1301405944537047,0.2858532851884651,0.4492311933305997,0.8264874660223498,0.4230815579007885,0.21584353266880568,0.2858532851884651,38.813337850570676,3071.994470024109,0.1977750931239303,0.0229712853377059,-0.1534278732577919,celltype,Intestine
1692,VisiumHD,Colorectal Cancer,Sample_P2_sub9,CCST,0.6961272288971483,0.4384585315130451,0.8828361717863296,0.8054062216852914,0.37251643278300384,0.5336581476777097,0.4384585315130451,5505.080027580261,17883.87697429657,0.026517668378133442,0.02228797543414312,-0.17592889796422168,celltype,Intestine
1693,VisiumHD,Colorectal Cancer,Sample_P2_sub9,CellCharter,0.10559439289580086,0.26696899482545383,0.3931801985367985,0.7944022149509187,0.42797770730349505,0.1940010708393889,0.2669689948254538,898.7597089767456,1418.59859790802,0.1907274100176189,0.0228013382264569,-0.09472546375831889,celltype,Intestine
1694,VisiumHD,Colorectal Cancer,Sample_P2_sub9,DeepST,0.12911173330561407,0.32084423784738647,0.4370088866007119,0.8250780227524415,0.4826199650876838,0.24031985892640959,0.3208442378473865,1125.789320421219,17257.047873687745,0.10964461894694447,0.02186462139425346,-0.1465546745697235,celltype,Intestine
1695,VisiumHD,Colorectal Cancer,Sample_P2_sub9,GraphST,0.1113265765301604,0.2712772902888938,0.4189417548522688,0.7974428672103091,0.4132410395621314,0.2019127206804796,0.2712772902888937,96.5536422252655,16244.446251678466,0.10434913923286011,0.021869333693973,-0.1486222224611892,celltype,Intestine
1696,VisiumHD,Colorectal Cancer,Sample_P2_sub9,PRECAST,0.2953399388562616,0.3830783838116406,0.5942566899492402,0.8403758252920264,0.5646583483140597,0.2898650521728128,0.3830783838116406,281.1936240196228,1321.4,0.2446927374301676,0.0231334166602139,-0.0797781913201266,celltype,Intestine
1697,VisiumHD,Colorectal Cancer,Sample_P2_sub9,SEDR,0.16155012386217124,0.3195838962070022,0.46164031783164694,0.833866908285513,0.488633375561109,0.23757967462980875,0.3195838962070022,93.48318681716918,12066.934128189087,0.20381556428068054,0.02210374209545828,-0.09399704625085795,celltype,Intestine
1698,VisiumHD,Colorectal Cancer,Sample_P2_sub9,STAGATE,0.17406850024083192,0.32955641803557656,0.4904386280226438,0.8167522400080539,0.48219595889644723,0.2503180483880262,0.32955641803557656,130.43474764823912,1013.5360122680664,0.09780529547971406,0.021910000449949903,-0.14194622823923,celltype,Intestine
1699,VisiumHD,Colorectal Cancer,Sample_P2_sub9,SpaGCN,0.1595623659253121,0.3437190924264587,0.46172315233266853,0.8344206181415483,0.5217422117437106,0.25635491636721003,0.34371909242645865,675.0558620452881,8493.517664337158,0.25443471257424743,0.02346032611752834,-0.12819013166187795,celltype,Intestine
1700,VisiumHD,Colorectal Cancer,Sample_P2_sub9,SpaceFlow,0.08944773549662062,0.23435753167268994,0.3797534006895232,0.7902345716299204,0.374208551765481,0.17061255622727203,0.23435753167268994,428.3633993625641,905.7682737350464,0.0773482331621866,0.02165069604168038,-0.08527455346118584,celltype,Intestine
1701,VisiumHD,Colorectal Cancer,Sample_P2_sub9,SpatialMGCN,0.18247102229008244,0.36911461874409046,0.48035898798673726,0.8530554716601229,0.5671215188343124,0.27363000173647406,0.36911461874409046,190.03858051300048,4482.565188026429,0.23132991039967782,0.02286547330936732,-0.09473269429935026,celltype,Intestine
1702,VisiumHD,Colorectal Cancer,Sample_P2_sub9,stLearn,0.2508676099848944,0.4104102895929668,0.5469131094572447,0.8642504782039666,0.6091359089402237,0.3094557956124911,0.41041028959296694,11.06955099105835,3187.227401924133,0.32656800563777305,0.02371549414251282,-0.0960822989597571,celltype,Intestine
1703,VisiumHD,Colorectal Cancer,Sample_P5_sub1,BASS,0.1245450971030075,0.41612623387609304,0.3202407860563102,0.5855127418725256,0.3973982121832401,0.43670673197367027,0.4161262338760928,2372.3067860126494,4931.08,0.2517704790051859,0.0239362249325798,-0.2485472323338216,celltype,Intestine
1704,VisiumHD,Colorectal Cancer,Sample_P5_sub1,Banksy,0.45673726552886673,0.5864201993351088,0.5512863834372903,0.7520214130374171,0.5965256344768014,0.5766514426938009,0.5864201993351087,38.501048469543456,2714.9912342071534,0.0923437238610383,0.0229600584577453,-0.0292856362746347,celltype,Intestine
1705,VisiumHD,Colorectal Cancer,Sample_P5_sub1,CCST,0.40422059746994154,0.442302008409767,0.5852652177093193,0.5369988289745162,0.34973901646352346,0.6117585518571644,0.442302008409767,789.5573438167572,12758.135399246215,0.039502592984999696,0.02270589297740606,-0.25880691631921204,celltype,Intestine
1706,VisiumHD,Colorectal Cancer,Sample_P5_sub1,CellCharter,0.4425965325909168,0.523071414844501,0.5325421446910746,0.7173279758915119,0.5569799784324723,0.49309021618280263,0.523071414844501,709.5296429157257,1521.8989545822144,0.10891232769685802,0.02275577111815454,-0.0498976061819302,celltype,Intestine
1707,VisiumHD,Colorectal Cancer,Sample_P5_sub1,DeepST,0.5414811268716726,0.6056712754257484,0.6174315774704573,0.8037695867952935,0.6301437956748135,0.5832416119756654,0.6056712754257485,955.7240337371826,15389.648364257813,0.10780126024647294,0.022524674662347238,-0.03592143222767686,celltype,Intestine
1708,VisiumHD,Colorectal Cancer,Sample_P5_sub1,GraphST,0.3151249559055148,0.5041081939666326,0.4273746733320771,0.7007751073440027,0.5270998878570017,0.4830384272807094,0.5041081939666326,97.43893413543701,13488.580426216125,0.0987007193442257,0.0223335036636668,-0.0641816296753371,celltype,Intestine
1709,VisiumHD,Colorectal Cancer,Sample_P5_sub1,PRECAST,0.3182423093089688,0.4806851323401583,0.42612133670947683,0.6704817218995559,0.511987080817283,0.45299014783849645,0.4806851323401582,249.6730600833893,1294.9,0.2782712675093953,0.0255578701379586,-0.10968855456058499,celltype,Intestine
1710,VisiumHD,Colorectal Cancer,Sample_P5_sub1,SEDR,0.4587351509033434,0.5731888583812091,0.5468528910127479,0.758668376735627,0.6007493507078927,0.548080688839127,0.5731888583812091,99.02494640350342,10224.140040969849,0.11805052138515579,0.02257875042321772,-0.03777656034902868,celltype,Intestine
1711,VisiumHD,Colorectal Cancer,Sample_P5_sub1,STAGATE,0.3398624179815021,0.529543733807332,0.4510079569382194,0.7181397423743936,0.5517967812756899,0.5091579905884116,0.529543733807332,123.14276514053344,893.6804866790771,0.10259298499972111,0.0225583231383368,-0.027759252909399023,celltype,Intestine
1712,VisiumHD,Colorectal Cancer,Sample_P5_sub1,SpaGCN,0.5823461093377644,0.6176392267029696,0.6520643200654798,0.806490826967044,0.650458163203184,0.5881412190727292,0.6176392267029696,330.98159127235414,7499.576825523376,0.21143143924608263,0.0245447179935204,-0.018613657310090202,celltype,Intestine
1713,VisiumHD,Colorectal Cancer,Sample_P5_sub1,SpaceFlow,0.39867768837823664,0.4978658149182852,0.49435190747213176,0.7152400602241678,0.5269700161767312,0.47192682160192045,0.4978658149182852,257.4668646812439,880.0295570373535,0.054335582445770324,0.02188481432828546,-0.061784278748229636,celltype,Intestine
1714,VisiumHD,Colorectal Cancer,Sample_P5_sub1,SpatialMGCN,0.48290273963244906,0.6337554261365151,0.5673560794748334,0.8065131322143534,0.6777851480211998,0.5951107756959436,0.633755426136515,317.95129404067995,3994.696932220459,0.2536329671555233,0.02393425951490564,-0.0740532583419382,celltype,Intestine
1715,VisiumHD,Colorectal Cancer,Sample_P5_sub1,stLearn,0.5833721139859678,0.6690629478745549,0.6532001424150974,0.8344616070930687,0.6905413436725771,0.6489809315318847,0.669062947874555,11.009091138839722,3068.841749191284,0.25272960463949146,0.02474086966952866,-0.09013568216737847,celltype,Intestine
1716,VisiumHD,Colorectal Cancer,Sample_P5_sub10,BASS,0.1913160932709252,0.4384621480084057,0.409612858295893,0.6982663731425427,0.439041484999877,0.4378843379298235,0.4384621480084057,4895.664564037323,8319.66,0.21453632361034672,0.0107291623632067,-0.2200673327442258,celltype,Intestine
1717,VisiumHD,Colorectal Cancer,Sample_P5_sub10,Banksy,0.4859263142748735,0.560316559244441,0.6083824163791703,0.8166024494289253,0.6375036033387379,0.49980201477613984,0.560316559244441,52.39648180007934,4138.709498023987,0.1537773496628595,0.0108269899155035,0.026056549230215297,celltype,Intestine
1718,VisiumHD,Colorectal Cancer,Sample_P5_sub10,CCST,0.45071126319076554,0.43998209208352695,0.6816929295331235,0.6537905888827737,0.319813900387355,0.7048740556579555,0.43998209208352695,11866.309721183778,36847.8649646759,0.020260044028618578,0.00942092768058334,-0.18173066261338752,celltype,Intestine
1719,VisiumHD,Colorectal Cancer,Sample_P5_sub10,CellCharter,0.49411770679209016,0.5268330654918183,0.6145659714867497,0.7812928332816751,0.5965226689122347,0.47179081781283444,0.5268330654918183,1388.5245737075807,1597.2977029800415,0.08224678858008742,0.0096522232228687,-0.005611628975191639,celltype,Intestine
1720,VisiumHD,Colorectal Cancer,Sample_P5_sub10,DeepST,0.4450160581841157,0.5738869007810095,0.5742021327820038,0.8054691799669784,0.6368002089199809,0.5225796681276378,0.5738869007810095,1886.9754232883454,27170.386811065673,0.07760044028618598,0.00941990787759792,0.027320800316165662,celltype,Intestine
1721,VisiumHD,Colorectal Cancer,Sample_P5_sub10,GraphST,0.3065976611626474,0.5014250999495561,0.45531187448591603,0.7767611447440836,0.5797410080880965,0.4417500762583176,0.5014250999495561,186.1308965682983,33758.626918792725,0.0925288937809576,0.0094195719271717,-0.0741742618651751,celltype,Intestine
1722,VisiumHD,Colorectal Cancer,Sample_P5_sub10,PRECAST,0.3929284315692241,0.5445014791362741,0.5322142288139747,0.8162659024185658,0.6288572077498045,0.4801002089659779,0.5445014791362741,530.3757959842682,2021.6,0.2417866629386271,0.0119334613401016,-0.1571503905409688,celltype,Intestine
1723,VisiumHD,Colorectal Cancer,Sample_P5_sub10,SEDR,0.4588196098029453,0.5568701224785219,0.5857525520060634,0.809362960924601,0.6287908338565436,0.49974807806633165,0.556870122478522,173.78874983787537,23756.319855499267,0.13446615299944958,0.010041222865230199,0.037208870286174575,celltype,Intestine
1724,VisiumHD,Colorectal Cancer,Sample_P5_sub10,STAGATE,0.38370876977592816,0.5308762138136819,0.5231960245411987,0.8035773252614199,0.617837404538633,0.4653743417560263,0.530876213813682,194.15727171897888,998.9848951339721,0.11569895432030815,0.01016888508924116,-0.13512191075232036,celltype,Intestine
1725,VisiumHD,Colorectal Cancer,Sample_P5_sub10,SpaGCN,0.4966301984846705,0.5892006264348044,0.6176849140974046,0.8127085698558503,0.6621631079587449,0.5309910373199169,0.5892006264348045,776.7507719993591,17654.95175189972,0.20413527367805412,0.01222652296024768,0.04966730559663418,celltype,Intestine
1726,VisiumHD,Colorectal Cancer,Sample_P5_sub10,SpaceFlow,0.38412528351253467,0.4949854185253672,0.5227442705781217,0.7721243808475509,0.5669623139997496,0.4392353990173728,0.4949854185253673,546.4293850421906,989.0242435455323,0.05493946064942208,0.008966303807953881,0.09125512539537543,celltype,Intestine
1727,VisiumHD,Colorectal Cancer,Sample_P5_sub10,SpatialMGCN,0.3898232179918447,0.5684482679406426,0.5278476703654061,0.8132154650522839,0.65334458861526,0.5030959158171822,0.5684482679406426,621.1936120033264,8498.923104667663,0.21447440836543746,0.0114292382262779,-0.1302329216985563,celltype,Intestine
1728,VisiumHD,Colorectal Cancer,Sample_P5_sub10,stLearn,0.5081874901575223,0.6117546612839513,0.625841481104551,0.8510112823335169,0.6780034554254033,0.5573019246601546,0.6117546612839513,18.098893451690675,4580.828872108459,0.2338401210787011,0.0120634720677704,-0.00480428425465944,celltype,Intestine
1729,VisiumHD,Colorectal Cancer,Sample_P5_sub11,BASS,0.1775841658412612,0.4338283015591437,0.4206664271286746,0.5889767237593324,0.3793605118807308,0.5065589817839591,0.4338283015591437,4779.506739997863,6241.14,0.22187088274044792,0.0222662130876776,-0.2603686588607602,celltype,Intestine
1730,VisiumHD,Colorectal Cancer,Sample_P5_sub11,Banksy,0.4416036356907368,0.5737455016402088,0.552105283405531,0.7644268774703558,0.5736859232148764,0.5738050924415026,0.5737455016402089,49.045105409622195,3430.951492881775,0.237637241985068,0.0224604313414792,-0.1814394438586042,celltype,Intestine
1731,VisiumHD,Colorectal Cancer,Sample_P5_sub11,CCST,0.3140224787182423,0.408680332006315,0.4371872985765627,0.6179007465963988,0.41548498318746185,0.4022054967425513,0.40868033200631493,7490.854397010803,23291.189159584046,0.05019762845849798,0.02106704295495014,-0.16133902194259025,celltype,Intestine
1732,VisiumHD,Colorectal Cancer,Sample_P5_sub11,CellCharter,0.25493846398096254,0.3909786811393122,0.37930300885469487,0.5805621431708389,0.4164005850613008,0.36849997900681386,0.3909786811393122,1023.2971822738648,1621.0241220474243,0.11612648221343869,0.02170637190303914,-0.0688622783871696,celltype,Intestine
1733,VisiumHD,Colorectal Cancer,Sample_P5_sub11,DeepST,0.46232862642161654,0.5148825119607598,0.564314189148524,0.7247079490557752,0.5204527448965056,0.509833684800797,0.5148825119607598,1416.1777805805207,20290.965218734742,0.14547211242863414,0.02151157866513002,-0.17282381690009577,celltype,Intestine
1734,VisiumHD,Colorectal Cancer,Sample_P5_sub11,GraphST,0.2648067761996916,0.45993776195409114,0.40780764353149024,0.6655248133509003,0.4626008753453906,0.4573051352245865,0.45993776195409114,121.54679622650147,21163.865741539,0.1171277997364953,0.021255543331354,-0.1517837665714461,celltype,Intestine
1735,VisiumHD,Colorectal Cancer,Sample_P5_sub11,PRECAST,0.3888577898112226,0.5242567821573133,0.4929875092764943,0.709925340360123,0.5553372574557718,0.49647087279989865,0.5242567821573133,360.15040202140807,1642.7,0.381159420289855,0.0237467907852102,-0.10770324530028821,celltype,Intestine
1736,VisiumHD,Colorectal Cancer,Sample_P5_sub11,SEDR,0.4259559530947314,0.5460547865122706,0.5353983693300977,0.7150197628458498,0.552488549714567,0.5400559369266811,0.5460547865122706,115.39294037818908,15402.307317733765,0.24704435660957397,0.02182613144548772,-0.16842443781066735,celltype,Intestine
1737,VisiumHD,Colorectal Cancer,Sample_P5_sub11,STAGATE,0.30950058504879,0.4607873132076422,0.4664057579459551,0.6431796223100571,0.4470205221711687,0.47609010624716996,0.4607873132076422,165.87857203483583,1036.9061248779296,0.09359683794466397,0.02110201411167076,-0.16149846062768708,celltype,Intestine
1738,VisiumHD,Colorectal Cancer,Sample_P5_sub11,SpaGCN,0.4442202674457456,0.5246004348256893,0.5419235556881138,0.7355379885814669,0.5459992394716308,0.5048372669764047,0.5246004348256894,543.9998361587525,11233.591419029235,0.26786122090469916,0.0225343465262214,-0.11169122403131988,celltype,Intestine
1739,VisiumHD,Colorectal Cancer,Sample_P5_sub11,SpaceFlow,0.2221006883583838,0.3544323396901877,0.34918393791092117,0.5756433904259991,0.3783637760471862,0.3333825273376549,0.3544323396901877,415.4218397140503,973.7474431991577,0.03490557751427314,0.02090828222626194,-0.05540985268180114,celltype,Intestine
1740,VisiumHD,Colorectal Cancer,Sample_P5_sub11,SpatialMGCN,0.43974961584518235,0.5255065638614923,0.5382176051409565,0.726649099692578,0.5508338441297752,0.502436886463351,0.5255065638614923,464.0804344654083,5822.982299613953,0.27046113306982866,0.0230775661319444,-0.1162512843200276,celltype,Intestine
1741,VisiumHD,Colorectal Cancer,Sample_P5_sub11,stLearn,0.5498365390873837,0.6054265211053382,0.6313475775406842,0.7614580588493631,0.621057975504,0.590623047857914,0.6054265211053382,12.842229843139648,3822.955205345154,0.3532454984628898,0.0234578831555131,-0.17045706871573904,celltype,Intestine
1742,VisiumHD,Colorectal Cancer,Sample_P5_sub12,BASS,0.0618973528236624,0.251065747588323,0.4191999791131786,0.8439372154325426,0.4217617225670554,0.1787299289368301,0.2510657475883229,3430.0329139232635,4954.860000000001,0.23406422238197927,0.025383555712282003,-0.134692686013358,celltype,Intestine
1743,VisiumHD,Colorectal Cancer,Sample_P5_sub12,Banksy,0.1393709849487982,0.3148835465173816,0.4898416298594932,0.8943206326383898,0.5365700253789192,0.22282311012350536,0.3148835465173816,66.06934413909912,2788.387645149231,0.2631200575125809,0.0256096075685218,-0.1858465847721213,celltype,Intestine
1744,VisiumHD,Colorectal Cancer,Sample_P5_sub12,CCST,0.42947545769748013,0.3602087484036187,0.7408674125195358,0.8562425113826982,0.4012635222372811,0.34039002188381007,0.36020874840361883,4075.481078195572,13172.608135604858,0.03566978193146412,0.02387226409696928,-0.21664603071842864,celltype,Intestine
1745,VisiumHD,Colorectal Cancer,Sample_P5_sub12,CellCharter,0.062123154710965446,0.24194761373310886,0.3581988097421085,0.8520488856937455,0.46807984882237486,0.1631535664800891,0.2419476137331089,790.4590476512909,1777.6143463134765,0.23448358495087462,0.025208895084892602,-0.13515151764250605,celltype,Intestine
1746,VisiumHD,Colorectal Cancer,Sample_P5_sub12,DeepST,0.0611771767080718,0.2612760312397652,0.35452734378307826,0.8692547328061346,0.508173089344533,0.17584710227317876,0.2612760312397652,831.1583749294281,14276.168441200256,0.22253774263120052,0.024417668906420602,-0.1082884020179417,celltype,Intestine
1747,VisiumHD,Colorectal Cancer,Sample_P5_sub12,GraphST,0.1356526824561888,0.2855481385559049,0.46411929056442974,0.853582554517134,0.5109137360356686,0.1981455402137404,0.2855481385559049,84.58034019470215,11970.014488601686,0.1340762041696621,0.0239008234479203,-0.1365149491579487,celltype,Intestine
1748,VisiumHD,Colorectal Cancer,Sample_P5_sub12,PRECAST,0.1382790068634437,0.3099627399915637,0.4597311638248732,0.8628403502458918,0.5693818131345832,0.2129427584147713,0.3099627399915637,271.54873008728026,1248.5,0.2076886170085162,0.025063361718043804,-0.10336082065766569,celltype,Intestine
1749,VisiumHD,Colorectal Cancer,Sample_P5_sub12,SEDR,0.12751131691576628,0.31037537693572087,0.45773212770521904,0.9000599089384137,0.5530648511876122,0.215740699302332,0.31037537693572087,95.90483980178833,9067.952388191223,0.22878025401389884,0.02427814646366542,-0.18005615396690214,celltype,Intestine
1750,VisiumHD,Colorectal Cancer,Sample_P5_sub12,STAGATE,0.12300025591005355,0.2993492619404652,0.45153182258871183,0.8795590702132758,0.5362149348203878,0.20763105970033643,0.2993492619404652,125.21182188987731,1285.3696393966675,0.11660675772825299,0.02406257262129528,-0.13682431105094323,celltype,Intestine
1751,VisiumHD,Colorectal Cancer,Sample_P5_sub12,SpaGCN,0.10002813361123394,0.3053052964650355,0.4109152035466902,0.8896357536544454,0.5647176442189608,0.20931926685885505,0.3053052964650355,349.96225214004517,6924.509341239929,0.2794272705487658,0.02637603551837106,-0.1331667544014308,celltype,Intestine
1752,VisiumHD,Colorectal Cancer,Sample_P5_sub12,SpaceFlow,0.05828748296278504,0.22271669545792308,0.3535219347544401,0.8478073328540618,0.43047670830640933,0.15022556345509908,0.22271669545792308,291.50304718017577,1149.4217178344727,0.11056793673616098,0.0235477976957706,-0.09937418244312386,celltype,Intestine
1753,VisiumHD,Colorectal Cancer,Sample_P5_sub12,SpatialMGCN,0.12835292934988832,0.33263265213405846,0.4456602383954385,0.9021687035705728,0.6109723239744351,0.22856777361622357,0.33263265213405846,308.16919779777527,3793.2699043273924,0.21162233405224057,0.0250844797419179,-0.09221846102116263,celltype,Intestine
1754,VisiumHD,Colorectal Cancer,Sample_P5_sub12,stLearn,0.20445564558976043,0.39357395234858916,0.536744043633545,0.9188233884495567,0.6665152128752507,0.27933004547904616,0.39357395234858916,10.454845142364501,2975.6115087509156,0.49295470884255926,0.027322850182688964,-0.1658929626841276,celltype,Intestine
1755,VisiumHD,Colorectal Cancer,Sample_P5_sub13,BASS,0.3419186535077357,0.3621845323133588,0.6658329569943556,0.8064837257617729,0.3519300713572173,0.3730545125884096,0.3621845323133587,3578.701819944382,6820.3,0.2504328254847645,0.0235817640055621,-0.226891890096641,celltype,Intestine
1756,VisiumHD,Colorectal Cancer,Sample_P5_sub13,Banksy,0.652986008493768,0.5040102301423354,0.8063551123762454,0.7957496537396122,0.5430865720250234,0.4701797067700815,0.5040102301423354,57.26135959625244,3302.729368019104,0.2181873268698061,0.0228894903265658,-0.1291449902251197,celltype,Intestine
1757,VisiumHD,Colorectal Cancer,Sample_P5_sub13,CCST,0.331927554581149,0.3300560491018337,0.5836081323394298,0.7693126731301939,0.3776038187404713,0.2932589614367736,0.3300560491018337,1157.3743525981904,20332.578326797484,0.07668801939058167,0.021234377965112922,-0.22327950373888195,celltype,Intestine
1758,VisiumHD,Colorectal Cancer,Sample_P5_sub13,CellCharter,0.1823952897647791,0.28486070799227614,0.4383899375719623,0.7445463988919668,0.3761949144340226,0.22922242060481562,0.28486070799227614,727.5856592178345,1438.7462699890136,0.17074099722991687,0.02216770296493118,-0.06553669162566614,celltype,Intestine
1759,VisiumHD,Colorectal Cancer,Sample_P5_sub13,DeepST,0.2809680610418108,0.3896909707089657,0.5349922242040206,0.7703427977839336,0.483961308761233,0.32623560198212853,0.3896909707089657,1552.2924912452697,20610.17571029663,0.2510214681440443,0.02228197341382716,-0.11468629292151453,celltype,Intestine
1760,VisiumHD,Colorectal Cancer,Sample_P5_sub13,GraphST,0.4221804661593783,0.3304683132896822,0.6584304329513518,0.7510820637119113,0.3830898797161674,0.2905571279086855,0.3304683132896822,118.97022976875306,21695.645300102235,0.1493680747922437,0.0217024356555834,-0.1851207830904209,celltype,Intestine
1761,VisiumHD,Colorectal Cancer,Sample_P5_sub13,PRECAST,0.1186045553572727,0.1975019219149906,0.3802600816946404,0.7352732119058196,0.2574957159228778,0.1601813514743683,0.1975019219149906,321.87374992370604,1602.0,0.7516215015548645,0.029968186321153,-0.0662581257986184,celltype,Intestine
1762,VisiumHD,Colorectal Cancer,Sample_P5_sub13,SEDR,0.2656763322835032,0.40381102935656166,0.5184574467616153,0.8132444598337949,0.5144364143105385,0.3323780022408987,0.40381102935656166,120.60220298767089,15799.410485076904,0.33819252077562323,0.0228198137123522,-0.14533829617874958,celltype,Intestine
1763,VisiumHD,Colorectal Cancer,Sample_P5_sub13,STAGATE,0.30951244355488344,0.3193476431474344,0.5854393515306567,0.7952822022160665,0.3671063108135461,0.28284271421538704,0.31934764314743436,179.71296920776368,880.5401239395142,0.1487101800554016,0.02156871354570346,-0.14526518084374707,celltype,Intestine
1764,VisiumHD,Colorectal Cancer,Sample_P5_sub13,SpaGCN,0.26791899080940906,0.40869201626912377,0.5146381853082828,0.8275190443213296,0.5316394573791966,0.3320731783061853,0.40869201626912366,588.9244367599488,11620.923612403869,0.4876038781163435,0.02421851663805714,-0.11974778470992917,celltype,Intestine
1765,VisiumHD,Colorectal Cancer,Sample_P5_sub13,SpaceFlow,0.1529296778068762,0.23793193682240604,0.416181656611932,0.7230695983379501,0.3098496870075499,0.19312122419726385,0.23793193682240604,430.7775435447693,871.5863424301148,0.06879328254847641,0.02121169966459088,-0.0404849177178525,celltype,Intestine
1766,VisiumHD,Colorectal Cancer,Sample_P5_sub13,SpatialMGCN,0.1598989179932844,0.38521362020524175,0.41144734774158787,0.7873355263157895,0.5208564072576796,0.30562692139726455,0.38521362020524175,461.38585629463194,5764.823142433166,0.38691135734072024,0.02400476999635064,-0.09044353080321334,celltype,Intestine
1767,VisiumHD,Colorectal Cancer,Sample_P5_sub13,stLearn,0.34976790977470423,0.47461416897593106,0.5892804911401436,0.8313798476454293,0.5817099449331214,0.4008552279878659,0.47461416897593106,13.039589500427246,3546.3456840515137,0.46287222991689747,0.0241548000575002,-0.18385672424630492,celltype,Intestine
1768,VisiumHD,Colorectal Cancer,Sample_P5_sub14,BASS,0.2622279950772627,0.47078324284286344,0.4404163980867466,0.6266658974211042,0.4344879913331612,0.5136951156537809,0.47078324284286344,2845.6487959384917,5159.24,0.24173541798880746,0.0235129168393214,-0.1524601081161514,celltype,Intestine
1769,VisiumHD,Colorectal Cancer,Sample_P5_sub14,Banksy,0.3876737598235344,0.5316548687583424,0.4896464938287227,0.7023019673455259,0.5471543403878073,0.5170093276121042,0.5316548687583423,37.42650980949402,2586.6548696517943,0.1797726879363064,0.0236040122077462,-0.025654801745343105,celltype,Intestine
1770,VisiumHD,Colorectal Cancer,Sample_P5_sub14,CCST,0.231442088050582,0.41308880448919394,0.47861934333137574,0.5250562510817516,0.31526461031854175,0.5989647958630296,0.41308880448919394,4286.596730804444,13935.689420700073,0.037085328564010776,0.02180676325109172,-0.1266655210441002,celltype,Intestine
1771,VisiumHD,Colorectal Cancer,Sample_P5_sub14,CellCharter,0.3621585549589789,0.4599069744825499,0.4609535826465338,0.6700923787528869,0.49108037890708045,0.4324770244266505,0.4599069744825499,631.1137895584106,1424.4335248947143,0.15809468822170897,0.02226397999000588,0.007372860493367141,celltype,Intestine
1772,VisiumHD,Colorectal Cancer,Sample_P5_sub14,DeepST,0.511858267900743,0.5609603601267825,0.5911358831293466,0.773714879132291,0.5792095615811214,0.543893439852568,0.5609603601267826,940.5633486270905,14805.608563995362,0.14526048577857265,0.022153050352199978,-0.01484031486495648,celltype,Intestine
1773,VisiumHD,Colorectal Cancer,Sample_P5_sub14,GraphST,0.3693013840994011,0.49074194721003367,0.4707100688767668,0.6898401892344084,0.5120253421302225,0.47115731650598736,0.49074194721003367,80.99085850715637,12652.019087600707,0.1526567818611896,0.0219042103877904,-0.0316909267153517,celltype,Intestine
1774,VisiumHD,Colorectal Cancer,Sample_P5_sub14,PRECAST,0.3299988667154154,0.4614779275005271,0.44008834516333917,0.6492115791951047,0.4798439166288155,0.4444660244823805,0.4614779275005271,266.4726300239563,1255.7,0.5229465756648624,0.0282870993528681,-0.0848375875952563,celltype,Intestine
1775,VisiumHD,Colorectal Cancer,Sample_P5_sub14,SEDR,0.41856772670338593,0.5753636169455941,0.5166189062026907,0.7337564183926614,0.5879225742467751,0.5634840347834915,0.5753636169455941,84.71198191642762,9656.220738792419,0.233369872497548,0.0227376184711868,-0.03490909438815594,celltype,Intestine
1776,VisiumHD,Colorectal Cancer,Sample_P5_sub14,STAGATE,0.2856314228094524,0.4794447187908881,0.4124452809441307,0.6783130444816245,0.4888897387952261,0.47040023699178,0.4794447187908881,139.5171205997467,861.1407703399658,0.1622223504298159,0.02217633516923548,-0.07928281837993471,celltype,Intestine
1777,VisiumHD,Colorectal Cancer,Sample_P5_sub14,SpaGCN,0.5531522998351426,0.6026649585296462,0.625794766824232,0.7850112502163503,0.6338809612681644,0.5744583328129963,0.6026649585296462,314.90377683639525,7015.573766899109,0.2976518779207292,0.02454269007835664,-0.01843468762524248,celltype,Intestine
1778,VisiumHD,Colorectal Cancer,Sample_P5_sub14,SpaceFlow,0.3598261626671856,0.43917668188256354,0.46143928736686063,0.6584895863381988,0.45857042966752254,0.42148387732923764,0.43917668188256354,379.38912591934206,906.3804145812989,0.06999365372411004,0.021363604775099382,-0.02613598621152082,celltype,Intestine
1779,VisiumHD,Colorectal Cancer,Sample_P5_sub14,SpatialMGCN,0.38707119869923035,0.5048516947737809,0.4844798491237629,0.7016096463393526,0.5324412043612726,0.4800408215335734,0.5048516947737809,317.0063724040985,3878.103684425354,0.21211561760803085,0.02256090341384124,-0.007718203859622299,celltype,Intestine
1780,VisiumHD,Colorectal Cancer,Sample_P5_sub14,stLearn,0.5586940776504393,0.6392829842566797,0.6303877802724732,0.798165349333641,0.6662004057856484,0.6144562701472334,0.6392829842566797,10.591590690612794,2891.471911239624,0.3746495124906248,0.0249040248439369,-0.05601165293396658,celltype,Intestine
1781,VisiumHD,Colorectal Cancer,Sample_P5_sub15,BASS,0.3290394867329681,0.3376616225474331,0.7360839051063081,0.865139613175787,0.3610844913982231,0.3170924352742649,0.3376616225474331,2499.540452003479,4344.0199999999995,0.2185622813387022,0.0262326939086254,-0.21713598400478312,celltype,Intestine
1782,VisiumHD,Colorectal Cancer,Sample_P5_sub15,Banksy,0.2687757912805826,0.3204490973646683,0.6186988767689883,0.8502772643253234,0.4247317476233879,0.257280152852029,0.3204490973646682,31.32697973251343,2329.492914390564,0.22511222603644038,0.0243372190234628,-0.141245375431208,celltype,Intestine
1783,VisiumHD,Colorectal Cancer,Sample_P5_sub15,CCST,0.5125209656189823,0.2837167460147224,0.8129390976456332,0.7979932668823024,0.254764362478635,0.32051696400344776,0.28371674601472235,3222.1821706295013,10871.388376617431,0.03448412436464448,0.021556878612826298,-0.4067158603909705,celltype,Intestine
1784,VisiumHD,Colorectal Cancer,Sample_P5_sub15,CellCharter,0.09009291286884898,0.2049566078767317,0.3936584246855618,0.821658072193574,0.34591526086030844,0.1456217783063738,0.2049566078767317,406.77936549186705,1471.9855428695678,0.2958746529155097,0.02545231188296292,-0.136129927544762,celltype,Intestine
1785,VisiumHD,Colorectal Cancer,Sample_P5_sub15,DeepST,0.15855713158370363,0.3158057687240506,0.475623204473216,0.8292560565053799,0.5069788636778102,0.22944898679751408,0.3158057687240506,848.2314354896546,12740.375952911378,0.34278170176249256,0.026009075694623802,-0.12231188741427128,celltype,Intestine
1786,VisiumHD,Colorectal Cancer,Sample_P5_sub15,GraphST,0.1655988691791967,0.2153887120048831,0.5030542750832373,0.806257838801241,0.3371757428213765,0.1582347265115831,0.2153887120048831,64.07150130271911,9880.550108909607,0.2786322529539903,0.0238452816230369,-0.1550706667500265,celltype,Intestine
1787,VisiumHD,Colorectal Cancer,Sample_P5_sub15,PRECAST,0.045067322463819,0.1529397473929248,0.3488419498574755,0.8170203997527302,0.2606980467588657,0.10821117300996179,0.1529397473929248,216.97464604377745,1094.0,0.7974448794560066,0.0380010802676471,-0.139905725886,celltype,Intestine
1788,VisiumHD,Colorectal Cancer,Sample_P5_sub15,SEDR,0.1607247931481598,0.32146164117762915,0.5005856571818101,0.8610469337910093,0.4864881254852797,0.24009462199472914,0.32146164117762915,80.3388442516327,7729.021438217163,0.31823882764538913,0.02521909118262324,-0.15825327297727837,celltype,Intestine
1789,VisiumHD,Colorectal Cancer,Sample_P5_sub15,STAGATE,0.18729967911338796,0.24136982423438633,0.5608609724910585,0.8418113406825534,0.3373433575355458,0.18838629123311218,0.24136982423438633,126.8045970439911,822.485177230835,0.20736682289260014,0.02313768782767872,-0.23525648087717785,celltype,Intestine
1790,VisiumHD,Colorectal Cancer,Sample_P5_sub15,SpaGCN,0.09769598447658809,0.2562538539264404,0.4004526782065832,0.8283752558262363,0.42834570935652627,0.18285012381963214,0.2562538539264404,252.80479612350464,5726.898525428772,0.6600779032151581,0.031303661231522284,-0.12926206179485927,celltype,Intestine
1791,VisiumHD,Colorectal Cancer,Sample_P5_sub15,SpaceFlow,0.04685656610892462,0.16178117112674134,0.3429145925977699,0.7961581622549343,0.2741997226377065,0.11476039284171675,0.16178117112674134,254.90608377456664,826.950686264038,0.0795300019803287,0.021661132150134602,-0.1040862979917643,celltype,Intestine
1792,VisiumHD,Colorectal Cancer,Sample_P5_sub15,SpatialMGCN,0.13327228560384513,0.2838726104194759,0.45399765988862556,0.8525579246154862,0.453875480247152,0.20661833983008476,0.283872610419476,280.8248497486114,3336.034216308594,0.270948577463859,0.02425700568195082,-0.14045466554771022,celltype,Intestine
1793,VisiumHD,Colorectal Cancer,Sample_P5_sub15,stLearn,0.24616680524315898,0.37366796307836597,0.587333926502325,0.8580632384975907,0.5155437817091674,0.2931725769369301,0.37366796307836597,9.068247747421264,2469.9949884414673,0.4269588751732787,0.0265041478640775,-0.2664482840433831,celltype,Intestine
1794,VisiumHD,Colorectal Cancer,Sample_P5_sub16,BASS,0.5802481707484858,0.4836143019398924,0.8081271851279512,0.8746963184451504,0.5237594940774359,0.44918509866060036,0.4836143019398924,3400.4319340229035,6054.5199999999995,0.1883292842459353,0.0234924500879522,-0.22074581734492532,celltype,Intestine
1795,VisiumHD,Colorectal Cancer,Sample_P5_sub16,Banksy,0.7319206633977812,0.5060272343388931,0.8850858285536483,0.8458232106148383,0.5073056616261057,0.5047552342143241,0.5060272343388931,51.132062673568726,3035.005436897278,0.1075032704167445,0.0222766079283573,-0.0916579270134655,celltype,Intestine
1796,VisiumHD,Colorectal Cancer,Sample_P5_sub16,CCST,0.730070505947978,0.4438389021582447,0.9026144256922175,0.8217435993272286,0.3499665075827885,0.6068545843146922,0.4438389021582446,6365.801322174072,20486.102774620056,0.01571668846944492,0.02121929336872022,-0.11325480322643022,celltype,Intestine
1797,VisiumHD,Colorectal Cancer,Sample_P5_sub16,CellCharter,0.1627012612990836,0.31618255699509396,0.4532299520145465,0.8354238713898494,0.49440341326801135,0.23246445671976046,0.3161825569950939,651.7224246501922,1405.2931308746338,0.3264230301897374,0.023059559457962238,-0.09283284124346408,celltype,Intestine
1798,VisiumHD,Colorectal Cancer,Sample_P5_sub16,DeepST,0.16582559716064166,0.37367614975193064,0.4561628578545595,0.8746402541581013,0.576023971852661,0.2766229641836203,0.3736761497519306,1323.2583690166473,18837.928995513917,0.3575313025602691,0.0231289371361635,-0.10837414420275852,celltype,Intestine
1799,VisiumHD,Colorectal Cancer,Sample_P5_sub16,GraphST,0.2038839346714819,0.3215180623914601,0.5054513714833101,0.8375070080358812,0.4803362829853679,0.2416266961070023,0.3215180623914602,111.86391897201538,18751.751364898682,0.2445804522519155,0.022268650191288,-0.10655482979848249,celltype,Intestine
1800,VisiumHD,Colorectal Cancer,Sample_P5_sub16,PRECAST,0.1967202536581659,0.2516835188437313,0.502157015911756,0.8156801921248812,0.3646988007322724,0.1921414520225574,0.2516835188437313,331.8295060634613,1448.8,0.6818932305998899,0.0316748096903417,-0.0597841311559956,celltype,Intestine
1801,VisiumHD,Colorectal Cancer,Sample_P5_sub16,SEDR,0.21467244809617184,0.39788143162933354,0.5116379965065402,0.8730984862642497,0.5882318515843948,0.3007191022909419,0.39788143162933354,116.68222074508667,13831.369637680054,0.33487198654457107,0.02271155480625334,-0.13371676569295915,celltype,Intestine
1802,VisiumHD,Colorectal Cancer,Sample_P5_sub16,STAGATE,0.39664531974700384,0.37737427011668545,0.6908584534277835,0.8591291347411699,0.4737535736531199,0.3138926717649464,0.37737427011668545,172.4930082321167,833.3653785705567,0.21135301812745277,0.02230859852093344,-0.10001168186474219,celltype,Intestine
1803,VisiumHD,Colorectal Cancer,Sample_P5_sub16,SpaGCN,0.1695903931356179,0.3659199739329225,0.4683326175249867,0.8616520276583817,0.5422197791398474,0.2761554762934403,0.3659199739329225,372.5169592380524,10167.949793052674,0.5612502336011961,0.02579415145693766,-0.0730199050868786,celltype,Intestine
1804,VisiumHD,Colorectal Cancer,Sample_P5_sub16,SpaceFlow,0.0992693884754711,0.27728480942732814,0.3807946953629654,0.8297514483274154,0.44407922422000334,0.2015830390640184,0.27728480942732814,346.17976999282837,830.1674901962281,0.21872547187441596,0.0217441399611265,-0.08030070306896098,celltype,Intestine
1805,VisiumHD,Colorectal Cancer,Sample_P5_sub16,SpatialMGCN,0.18496379952622893,0.37072687952171035,0.47982881123079146,0.8816950102784527,0.5676719804782863,0.2753213464798303,0.3707268795217104,413.56465458869934,5272.823030090332,0.38473182582694826,0.024176608457271022,-0.07730781839938317,celltype,Intestine
1806,VisiumHD,Colorectal Cancer,Sample_P5_sub16,stLearn,0.33508886161485385,0.47773397399707535,0.6266901323701282,0.8839282377125771,0.6381056734034602,0.3817826049940343,0.47773397399707535,11.330295372009278,3163.342841911316,0.3811156793122781,0.0239540389419303,-0.170004763412175,celltype,Intestine
1807,VisiumHD,Colorectal Cancer,Sample_P5_sub17,BASS,0.2137945874728422,0.4364532323127263,0.3845656932266286,0.7271881329027314,0.49119685067708313,0.3926883338695514,0.4364532323127263,3272.860859966278,5270.96,0.3043954239421971,0.0228079390570855,-0.2247310356594518,celltype,Intestine
1808,VisiumHD,Colorectal Cancer,Sample_P5_sub17,Banksy,0.3440491748462648,0.5126695661474653,0.486230317433859,0.7849362307734413,0.599031446608874,0.4480714645331939,0.5126695661474653,45.25100903511047,2934.0517515182496,0.1628441622420493,0.0227849966433318,-0.0948213653003865,celltype,Intestine
1809,VisiumHD,Colorectal Cancer,Sample_P5_sub17,CCST,0.5755918475279888,0.5088535516085766,0.7074427565847538,0.713361431933877,0.43815296337841214,0.6068093879022588,0.5088535516085766,4648.082246398926,15500.40285282135,0.03341179046472162,0.0217717193798876,-0.16162004726048224,celltype,Intestine
1810,VisiumHD,Colorectal Cancer,Sample_P5_sub17,CellCharter,0.3059113088316021,0.4531840159823832,0.45245580266359753,0.7605561333406317,0.538926368687447,0.39098880797806684,0.45318401598238334,834.9043446540833,1689.9747903823852,0.0851278121407849,0.021840328701647982,-0.0588661578226678,celltype,Intestine
1811,VisiumHD,Colorectal Cancer,Sample_P5_sub17,DeepST,0.44187433886933364,0.5328843409787039,0.572524983080329,0.7805900706114183,0.5860308001618171,0.5052782307019973,0.5328843409787039,962.4596632957458,15764.929766845704,0.10079369423613768,0.02149064227191124,-0.047257048020264134,celltype,Intestine
1812,VisiumHD,Colorectal Cancer,Sample_P5_sub17,GraphST,0.297660947129364,0.5180432993772909,0.4482096198482224,0.7922710602660245,0.5947637420360623,0.4588542489863293,0.5180432993772908,89.20563993453979,14055.8693775177,0.0933822321966172,0.0218839200935665,-0.0820130886492092,celltype,Intestine
1813,VisiumHD,Colorectal Cancer,Sample_P5_sub17,PRECAST,0.3758262118677793,0.5386762186404203,0.5154406792299732,0.8118920701214487,0.6400559701891312,0.4650206614426053,0.5386762186404204,321.85527596473696,1345.7,0.2255316810463263,0.0229339520516883,-0.1077494549793089,celltype,Intestine
1814,VisiumHD,Colorectal Cancer,Sample_P5_sub17,SEDR,0.3617639171969108,0.5154974734413831,0.5019206406520335,0.788450380425858,0.5921591470345489,0.45641957161388147,0.5154974734413831,89.08194427490234,10549.00708694458,0.13117302534347802,0.02177962841313396,-0.08964167637855867,celltype,Intestine
1815,VisiumHD,Colorectal Cancer,Sample_P5_sub17,STAGATE,0.3033651477028537,0.5102207833360284,0.4524555759073204,0.7830094695933001,0.5910005326462466,0.44886980866559323,0.5102207833360284,122.66697149276733,1146.6141077041625,0.08385790136296453,0.02172395686372644,-0.13973076031328885,celltype,Intestine
1816,VisiumHD,Colorectal Cancer,Sample_P5_sub17,SpaGCN,0.40322473219637345,0.5416400186857444,0.5388208923324165,0.8073348294925831,0.6402620230182989,0.4693540890133642,0.5416400186857444,371.57631335258486,7780.537390327454,0.18874596310690236,0.023098516029751,-0.08645209249050852,celltype,Intestine
1817,VisiumHD,Colorectal Cancer,Sample_P5_sub17,SpaceFlow,0.3988610972954871,0.4726306313393671,0.5335445643729271,0.772872078384148,0.5518357026053913,0.4133349828488667,0.4726306313393672,306.0351387023926,1079.7500860214234,0.06480923969565928,0.02141249041954542,-0.05028250111697898,celltype,Intestine
1818,VisiumHD,Colorectal Cancer,Sample_P5_sub17,SpatialMGCN,0.3201398375424983,0.518180329031531,0.46581869887237115,0.7935738135639607,0.6115781839982439,0.44956584529941923,0.518180329031531,351.7967097759247,4303.580368041992,0.1964858503475833,0.023064781869364122,-0.10708921726112941,celltype,Intestine
1819,VisiumHD,Colorectal Cancer,Sample_P5_sub17,stLearn,0.42381187382212726,0.5660181605461445,0.5571773191241359,0.8461875307898626,0.6695230700481314,0.4902309198438027,0.5660181605461445,10.603997468948364,3229.7881128311155,0.2791942635064864,0.02334640931582064,-0.09430114730369596,celltype,Intestine
1820,VisiumHD,Colorectal Cancer,Sample_P5_sub18,BASS,0.1760625345730116,0.4567625698050216,0.3753053353422526,0.6478777589134126,0.45538839971578915,0.4581450583270737,0.4567625698050216,2612.7161019802093,5941.12,0.2613145767644919,0.0232798776770783,-0.22653546672276187,celltype,Intestine
1821,VisiumHD,Colorectal Cancer,Sample_P5_sub18,Banksy,0.4212054059172881,0.5480902020565156,0.5406093733735621,0.7508610235265584,0.5898617419238834,0.511843581768885,0.5480902020565155,42.77796998023987,3090.6963806152344,0.1488721804511278,0.0229018667058097,-0.1423033398766076,celltype,Intestine
1822,VisiumHD,Colorectal Cancer,Sample_P5_sub18,CCST,0.45046250070078697,0.4278264588194687,0.6523281182306009,0.5545476594712588,0.3244182027837675,0.6391895322610542,0.4278264588194687,5903.802481937409,19268.682329368592,0.02502061605626964,0.02167767944924544,-0.2878381711462529,celltype,Intestine
1823,VisiumHD,Colorectal Cancer,Sample_P5_sub18,CellCharter,0.3897469015936533,0.4962056939896793,0.5134708891557924,0.7379554606763379,0.555127560266404,0.44863205372862913,0.4962056939896793,889.6304789543152,1635.5242073059082,0.1500752025617388,0.02224680595106526,-0.1208023663905579,celltype,Intestine
1824,VisiumHD,Colorectal Cancer,Sample_P5_sub18,DeepST,0.44569537748824206,0.5663799212724279,0.5612407716771537,0.8034926024739267,0.6235201560626382,0.5190649368186074,0.5663799212724279,1124.9995539188385,18057.827547836303,0.14530196458889152,0.022051570239332678,-0.14344970198052556,celltype,Intestine
1825,VisiumHD,Colorectal Cancer,Sample_P5_sub18,GraphST,0.3377574485870998,0.5097161570196324,0.468174589125563,0.7557603686635944,0.5697488225376077,0.4611284799541441,0.5097161570196325,105.89461154937744,17513.675344467163,0.1409168081494057,0.0220122526300775,-0.12128507890020482,celltype,Intestine
1826,VisiumHD,Colorectal Cancer,Sample_P5_sub18,PRECAST,0.503454160568651,0.595100947188097,0.6102997132480201,0.8334308847917276,0.6536726239562354,0.5461625979620456,0.595100947188097,340.52664799690245,1488.9,0.3705492147107599,0.025921672349654902,-0.1179714698577538,celltype,Intestine
1827,VisiumHD,Colorectal Cancer,Sample_P5_sub18,SEDR,0.381121041738308,0.5391975492878914,0.5059240779377618,0.7525200097016735,0.5923834524310617,0.4947791548661257,0.5391975492878914,107.15954971313477,12962.921300315857,0.17672568518069365,0.02196191825361008,-0.15712137020296935,celltype,Intestine
1828,VisiumHD,Colorectal Cancer,Sample_P5_sub18,STAGATE,0.31447639091657137,0.5094580367840639,0.44843920302467666,0.7600582100412321,0.5660364439167587,0.4631631452427559,0.5094580367840639,142.52452487945556,950.7943906784058,0.13983022071307297,0.02209619153687904,-0.12434016322170827,celltype,Intestine
1829,VisiumHD,Colorectal Cancer,Sample_P5_sub18,SpaGCN,0.48280977193937835,0.5854287100222374,0.5918214154424348,0.80169779286927,0.6327402409663032,0.5452042687313193,0.5854287100222374,904.89450674057,9631.672581481933,0.2712587921416444,0.0239660316454515,-0.1150453074830946,celltype,Intestine
1830,VisiumHD,Colorectal Cancer,Sample_P5_sub18,SpaceFlow,0.29911335113072,0.46094908139829804,0.4339113179340194,0.7349987872908076,0.5165446050300899,0.4162218058091848,0.46094908139829804,412.31259989738464,952.75069065094,0.07252971137521218,0.021414440465856298,-0.08246464550050323,celltype,Intestine
1831,VisiumHD,Colorectal Cancer,Sample_P5_sub18,SpatialMGCN,0.41021814156287884,0.5764663291694914,0.5310510972573628,0.796701430996847,0.6375444071349179,0.5260766120820982,0.5764663291694913,403.5242850780487,4949.718827629089,0.21998544748969198,0.023430688363220882,-0.13880050009950456,celltype,Intestine
1832,VisiumHD,Colorectal Cancer,Sample_P5_sub18,stLearn,0.5464757936774606,0.6442113423078177,0.6448339034543307,0.8593839437302935,0.6909882206858337,0.6033706486064783,0.6442113423078177,11.33417887687683,3452.3261388778687,0.31898132427843795,0.02454176265941,-0.1765387379438058,celltype,Intestine
1833,VisiumHD,Colorectal Cancer,Sample_P5_sub19,BASS,0.0551118068375815,0.3320997157607399,0.367174837469625,0.6793546365914787,0.3393749300525143,0.3251298741558361,0.3320997157607399,2399.4832559108736,5284.64,0.23041979949874677,0.0226378642583055,-0.3187346953724235,celltype,Intestine
1834,VisiumHD,Colorectal Cancer,Sample_P5_sub19,Banksy,0.3823889445598545,0.4982525111558269,0.5541031405106975,0.7784565580618212,0.566937334078312,0.44441174251286314,0.4982525111558268,46.97589511871338,2909.023191642761,0.1411862990810359,0.0225674746371,-0.1202791027013688,celltype,Intestine
1835,VisiumHD,Colorectal Cancer,Sample_P5_sub19,CCST,0.47704400041658956,0.38511943869137866,0.7165160519046527,0.6223162071846282,0.28542541096664686,0.5929181017068865,0.38511943869137866,5138.670563840866,16831.919860458373,0.01877610693400162,0.02232370527965056,-0.17518146028296172,celltype,Intestine
1836,VisiumHD,Colorectal Cancer,Sample_P5_sub19,CellCharter,0.2818582459781265,0.4232459038203139,0.46386509539426085,0.782173254660331,0.5156377506978485,0.35896051061705164,0.4232459038203139,813.450693655014,1553.2141775131226,0.11075139679390107,0.0221080134864629,-0.06311357729900906,celltype,Intestine
1837,VisiumHD,Colorectal Cancer,Sample_P5_sub19,DeepST,0.3528175608978963,0.5057940772740877,0.5264287158736538,0.8243943191311611,0.601152759238207,0.4368827459651423,0.5057940772740875,1024.9141600608825,16592.27745513916,0.11788847117794483,0.02214779670618858,-0.11179524463574834,celltype,Intestine
1838,VisiumHD,Colorectal Cancer,Sample_P5_sub19,GraphST,0.3174657421102295,0.4767650544065861,0.4968146564536326,0.8054511278195488,0.5674354226664325,0.41107886283603784,0.4767650544065861,94.10484385490417,15256.204399490356,0.1336675020885547,0.0219781360486169,-0.1293532183687432,celltype,Intestine
1839,VisiumHD,Colorectal Cancer,Sample_P5_sub19,PRECAST,0.3139066080049212,0.4919305025214803,0.49373935412586645,0.8303745456461045,0.5978133274098955,0.4179113522310701,0.49193050252148024,318.3973400592804,1389.3,0.2439551177369225,0.0237175284948224,-0.1350765815687087,celltype,Intestine
1840,VisiumHD,Colorectal Cancer,Sample_P5_sub19,SEDR,0.30146682054287355,0.4712228299024191,0.48287499437787906,0.7769423558897243,0.5565338090989079,0.40860705168956885,0.471222829902419,104.56242880821227,11427.99853401184,0.15093984962406012,0.021925751920164882,-0.11792175906836319,celltype,Intestine
1841,VisiumHD,Colorectal Cancer,Sample_P5_sub19,STAGATE,0.24672084085850593,0.4404033562497511,0.4340467859730947,0.7895467836257309,0.530493182562727,0.37650383210167643,0.4404033562497511,134.9263810634613,939.2388277053833,0.09498746867167918,0.02190771339154866,-0.10608156180792383,celltype,Intestine
1842,VisiumHD,Colorectal Cancer,Sample_P5_sub19,SpaGCN,0.3403890957248728,0.49615721757229886,0.5148622909771964,0.7921261487050961,0.5949519992284411,0.4256295343120642,0.49615721757229886,351.7810276985168,8370.947051048279,0.26030701754385965,0.02411209373807838,-0.07945073720726228,celltype,Intestine
1843,VisiumHD,Colorectal Cancer,Sample_P5_sub19,SpaceFlow,0.15765409242017864,0.35887819378628855,0.34992780736868534,0.7159670008354219,0.44217226224184697,0.30200770696350754,0.3588781937862886,285.22270226478577,914.0199188232422,0.07048872180451123,0.021512434258197998,-0.038478848176162164,celltype,Intestine
1844,VisiumHD,Colorectal Cancer,Sample_P5_sub19,SpatialMGCN,0.2949427190319038,0.5017656427430757,0.4761589499555062,0.8088868003341687,0.6046939549899818,0.4288295826615795,0.5017656427430757,371.59873642921445,4459.099458885193,0.260453216374269,0.02367699621961848,-0.1371010537409682,celltype,Intestine
1845,VisiumHD,Colorectal Cancer,Sample_P5_sub19,stLearn,0.38589921640876,0.5512898807229621,0.5551987350147192,0.8413324979114453,0.6355952084236424,0.48695233945547656,0.5512898807229621,12.36520619392395,3248.641049766541,0.24959273182957392,0.02377666640578724,-0.24798146804971782,celltype,Intestine
1846,VisiumHD,Colorectal Cancer,Sample_P5_sub2,BASS,0.1215960234508224,0.351590277290359,0.40989629168247566,0.5921001173249902,0.3128997737353656,0.40119912116516937,0.351590277290359,1836.7800940036773,4276.68,0.3382218745926215,0.025063994483546105,-0.2565749079890051,celltype,Intestine
1847,VisiumHD,Colorectal Cancer,Sample_P5_sub2,Banksy,0.5588519295289114,0.5542321986932458,0.653063649886406,0.7726502411680355,0.5908619515540439,0.5218789606778331,0.5542321986932457,37.100422048568724,2338.6936876296995,0.22017989831834178,0.0229993341288981,-0.0673012689811049,celltype,Intestine
1848,VisiumHD,Colorectal Cancer,Sample_P5_sub2,CCST,0.33846156760534923,0.39756613417126213,0.5921749938460863,0.5891930647894668,0.2916174060310024,0.6244785556052561,0.39756613417126213,3437.3776183128357,11112.09678249359,0.03554947203754396,0.0216952631759292,-0.18507636128783775,celltype,Intestine
1849,VisiumHD,Colorectal Cancer,Sample_P5_sub2,CellCharter,0.374024047988813,0.4250680737696384,0.49813490538350996,0.6859973924380703,0.4757228772144818,0.3842070005471414,0.4250680737696384,500.0706597328186,1466.5773393630982,0.19074315514993476,0.02219329228988114,-0.06584202178700328,celltype,Intestine
1850,VisiumHD,Colorectal Cancer,Sample_P5_sub2,DeepST,0.5036014037657015,0.548962356317093,0.6071347452795495,0.788111067657411,0.594086303601696,0.5102557211564794,0.548962356317093,791.1201024055481,12919.292094230652,0.21443097379741882,0.02165135815312472,-0.15806996566277035,celltype,Intestine
1851,VisiumHD,Colorectal Cancer,Sample_P5_sub2,GraphST,0.5331742221139594,0.4740305128778613,0.6316499199176155,0.7264372311302307,0.5196281917998018,0.43578970996166155,0.4740305128778613,68.83843832015991,10107.108274269103,0.2067527049928301,0.0213326767351188,-0.0001356057622825,celltype,Intestine
1852,VisiumHD,Colorectal Cancer,Sample_P5_sub2,PRECAST,0.3367716130184272,0.4007480749432573,0.46724237383268863,0.6952527826203567,0.4529194929137284,0.3593543478573233,0.4007480749432573,199.32166795730592,1117.1,0.646238433686469,0.0303466834529947,-0.0763779678022872,celltype,Intestine
1853,VisiumHD,Colorectal Cancer,Sample_P5_sub2,SEDR,0.5436625850284408,0.5938246236513143,0.6400322704362899,0.8191630817364098,0.6524520163996567,0.5449325823458637,0.5938246236513143,78.82394251823425,7890.563402557373,0.3083561465258767,0.023702023410478078,-0.08547813825588799,celltype,Intestine
1854,VisiumHD,Colorectal Cancer,Sample_P5_sub2,STAGATE,0.3075867617614108,0.44727071602946467,0.4460613800314498,0.74450527962456,0.49293880613901786,0.40937842008659253,0.44727071602946467,124.71007771492005,816.1840581893921,0.2752444270629644,0.02207332193570572,-0.10300854881417529,celltype,Intestine
1855,VisiumHD,Colorectal Cancer,Sample_P5_sub2,SpaGCN,0.5102829643021133,0.5627001969819717,0.613875196949215,0.8066875244427063,0.6288789434376811,0.5091382662500369,0.5627001969819717,158.00306162834167,5987.152283668518,0.40345456915656364,0.02490206427690616,-0.08846494954767962,celltype,Intestine
1856,VisiumHD,Colorectal Cancer,Sample_P5_sub2,SpaceFlow,0.3384087044656689,0.39213819451895665,0.46920646431564395,0.6699778386129579,0.4322062572976219,0.35901589703834985,0.3921381945189567,651.0045243263245,1018.1051427841187,0.10149915265284837,0.02088532182968322,-0.11251759049758833,celltype,Intestine
1857,VisiumHD,Colorectal Cancer,Sample_P5_sub2,SpatialMGCN,0.43428682954038295,0.5226735467814025,0.5498164416478032,0.768843697040803,0.5924023965241088,0.4676434292125798,0.5226735467814025,278.70694375038147,3310.828689002991,0.3364098552991787,0.02354819482507638,-0.07948767749111242,celltype,Intestine
1858,VisiumHD,Colorectal Cancer,Sample_P5_sub2,stLearn,0.6897847818191029,0.6690454676833102,0.7575254044096863,0.8562117064268022,0.7118281997272314,0.6314008566861149,0.6690454676833102,9.346825170516968,2478.595722389221,0.3821926737061661,0.025114952682043216,-0.08279259936520869,celltype,Intestine
1859,VisiumHD,Colorectal Cancer,Sample_P5_sub20,BASS,0.1082396824432833,0.3274353455810379,0.41261100181690213,0.8395110410094638,0.5336273257686153,0.2361771941037693,0.3274353455810378,5269.1519180297855,6457.960000000001,0.22362425516999637,0.0225310922798333,-0.0932387013830096,celltype,Intestine
1860,VisiumHD,Colorectal Cancer,Sample_P5_sub20,Banksy,0.2279535976200882,0.3814396145445266,0.5471041029217985,0.8630827199439187,0.5830412690436004,0.2834347067369521,0.3814396145445267,69.68160290718079,3637.3239171981813,0.1526463371889239,0.0221046862382129,-0.11592137785954579,celltype,Intestine
1861,VisiumHD,Colorectal Cancer,Sample_P5_sub20,CCST,0.22591222873099182,0.33280993526156694,0.5540324618213174,0.8310900806168945,0.45699755953616783,0.2618814063233665,0.33280993526156694,7236.918657255173,23444.928786659242,0.042139852786540435,0.020977859669179522,-0.15216817014106673,celltype,Intestine
1862,VisiumHD,Colorectal Cancer,Sample_P5_sub20,CellCharter,0.06765408160957102,0.28843423228277854,0.3593747105656893,0.8313266736768314,0.4862432865430593,0.20502903860803467,0.28843423228277854,1138.3214250564577,1880.6720039367676,0.17719067648089729,0.021775573760130777,-0.09118015691711598,celltype,Intestine
1863,VisiumHD,Colorectal Cancer,Sample_P5_sub20,DeepST,0.07144565645584854,0.31955363357691396,0.3795800948860514,0.837267788293025,0.5203531612502794,0.2305981166152676,0.3195536335769139,1270.3498124599457,20419.736155319213,0.10432001402032945,0.021301077053256103,-0.08023851657410945,celltype,Intestine
1864,VisiumHD,Colorectal Cancer,Sample_P5_sub20,GraphST,0.1442098052742623,0.3628044238764129,0.4464737537990634,0.8785050823694357,0.5950686620344806,0.2609512362509479,0.3628044238764128,124.28629188537597,21404.180644607542,0.1722747984577637,0.0214586066983621,-0.030446540172270005,celltype,Intestine
1865,VisiumHD,Colorectal Cancer,Sample_P5_sub20,PRECAST,0.1408795398079082,0.3381759485648006,0.440585539220762,0.8522543048678963,0.558528392282631,0.242502909470018,0.3381759485648006,371.77068395614623,1639.7,0.2539543443018008,0.0225200569858032,-0.0770237375942209,celltype,Intestine
1866,VisiumHD,Colorectal Cancer,Sample_P5_sub20,SEDR,0.14036495738692087,0.3395788940626884,0.4489044606201034,0.8449789695057834,0.54274239512403,0.24710052885401407,0.3395788940626884,150.1260995388031,15466.164073371887,0.13005608131791094,0.02133656306278512,-0.13560464950060763,celltype,Intestine
1867,VisiumHD,Colorectal Cancer,Sample_P5_sub20,STAGATE,0.08833748267147824,0.31433793904880614,0.38635220804999004,0.8555818436733263,0.5230640825425361,0.22470004330714763,0.31433793904880614,163.32765665054322,1408.972463607788,0.11217139852786533,0.0214589656439903,-0.08061266832160796,celltype,Intestine
1868,VisiumHD,Colorectal Cancer,Sample_P5_sub20,SpaGCN,0.09027503046980087,0.3211235008128798,0.3860920248595574,0.8492726954083422,0.5361627723151445,0.22920918911802093,0.32112350081287977,716.6527409553528,11329.35350112915,0.2191990886785839,0.02262209534197342,-0.08868375507709922,celltype,Intestine
1869,VisiumHD,Colorectal Cancer,Sample_P5_sub20,SpaceFlow,0.06801103822264636,0.27635838060326706,0.3633858199227459,0.8273308797756748,0.46239570053444173,0.19707799225279748,0.27635838060326706,604.912246131897,1287.938516616821,0.0836487907465825,0.021014550615527837,-0.050221940048185365,celltype,Intestine
1870,VisiumHD,Colorectal Cancer,Sample_P5_sub20,SpatialMGCN,0.13760472566141838,0.36593382656573126,0.4469406956128609,0.8707851384507537,0.5874988920281464,0.2657512371421069,0.36593382656573126,459.10356521606445,5855.434078598022,0.23453382404486503,0.02182907402790128,-0.06839727388374266,celltype,Intestine
1871,VisiumHD,Colorectal Cancer,Sample_P5_sub20,stLearn,0.18093601466633064,0.4262622537621882,0.4850077173683,0.9216964598668069,0.686464495289704,0.30909918377665085,0.4262622537621882,14.819590950012207,3878.0299350738524,0.4480897301086575,0.0238280804677884,-0.08930696982121286,celltype,Intestine
1872,VisiumHD,Colorectal Cancer,Sample_P5_sub21,BASS,0.0791484332859367,0.2133293849290952,0.457522514138731,0.8927338911738287,0.45548570987727255,0.1392812953944532,0.2133293849290952,3342.277930021286,6066.9,0.2567011771379946,0.0226065786374851,-0.090086247995685,celltype,Intestine
1873,VisiumHD,Colorectal Cancer,Sample_P5_sub21,Banksy,0.1125030717018582,0.2527295810553724,0.5039055326335387,0.9116910130950691,0.5252290722626806,0.1663986090878429,0.2527295810553724,57.03563380241394,3400.5176555633543,0.1845601096771143,0.0222583958584534,-0.1122271988119311,celltype,Intestine
1874,VisiumHD,Colorectal Cancer,Sample_P5_sub21,CCST,0.15058868297745673,0.22970038334525947,0.5864329639958777,0.9022360894435776,0.3857900941498732,0.1636920467791088,0.22970038334525947,6251.004237747193,20337.060298919678,0.037621141209284704,0.02138177643077918,-0.12414695066656627,celltype,Intestine
1875,VisiumHD,Colorectal Cancer,Sample_P5_sub21,CellCharter,0.05920568849719844,0.18976253197735615,0.41734757198139627,0.8938401172410533,0.4228876040039499,0.12233897562937904,0.18976253197735618,932.1004282474518,1951.9492946624755,0.1658582706944641,0.02207636473043836,-0.08781335000690897,celltype,Intestine
1876,VisiumHD,Colorectal Cancer,Sample_P5_sub21,DeepST,0.05168482839820636,0.20202258925183866,0.41423197432082937,0.8865030964874959,0.44281289382847444,0.1309016137808927,0.20202258925183866,1227.3203205108643,18694.706156539916,0.13963031248522664,0.02147469592993102,-0.08997009757136572,celltype,Intestine
1877,VisiumHD,Colorectal Cancer,Sample_P5_sub21,GraphST,0.05642396976777999,0.1877758137221483,0.45165124733560635,0.881908003592871,0.3949108906471353,0.12317118265578411,0.1877758137221483,113.04108781814575,18564.614354515077,0.1605446036023259,0.021795634227457,-0.11558307342586968,celltype,Intestine
1878,VisiumHD,Colorectal Cancer,Sample_P5_sub21,PRECAST,0.1436611003712836,0.250856287049975,0.5479798620966699,0.8879118801115681,0.5006734084741342,0.167353307298225,0.250856287049975,286.43312191963196,1523.9,0.3267621613955467,0.023942405240142,-0.1105384369067858,celltype,Intestine
1879,VisiumHD,Colorectal Cancer,Sample_P5_sub21,SEDR,0.0780350277358319,0.23993933389388417,0.4482042702678462,0.9161915567531793,0.5182914976049188,0.15617128013464812,0.23993933389388417,118.70709543228149,13552.00202884674,0.17959627476008128,0.02147851156604146,-0.10085063033845272,celltype,Intestine
1880,VisiumHD,Colorectal Cancer,Sample_P5_sub21,STAGATE,0.03416786339405192,0.18369005970754668,0.39376931835305157,0.881908003592871,0.4076432986450579,0.11856690464569908,0.18369005970754668,143.55483875274658,1415.3966989517212,0.11356308797806454,0.02164096743044986,-0.07292069737320919,celltype,Intestine
1881,VisiumHD,Colorectal Cancer,Sample_P5_sub21,SpaGCN,0.06309968648174387,0.21908967369069482,0.4367542014697753,0.8908239965962276,0.46410130986406745,0.14339980995622856,0.2190896736906948,584.5155934810639,10002.285332870484,0.24530799413794732,0.02293158910525066,-0.07785396293755023,celltype,Intestine
1882,VisiumHD,Colorectal Cancer,Sample_P5_sub21,SpaceFlow,0.03030072842798744,0.12813421899282182,0.3879208819609012,0.888658819080036,0.28337413154673985,0.08280070036613477,0.12813421899282182,452.21229753494265,1244.1063665390016,0.0652389731952914,0.02115630436015148,-0.05834669103364928,celltype,Intestine
1883,VisiumHD,Colorectal Cancer,Sample_P5_sub21,SpatialMGCN,0.08822129052747582,0.22994454723989893,0.4680797763345278,0.8949274334609747,0.4869673370664581,0.1505476304880942,0.22994454723989893,414.4551035404205,5318.82629108429,0.1713043067177232,0.021779050865308,-0.015792891500670838,celltype,Intestine
1884,VisiumHD,Colorectal Cancer,Sample_P5_sub21,stLearn,0.11239136384354995,0.2919619205313332,0.494299388975956,0.9320852834113363,0.6069103469693853,0.1922146533560255,0.2919619205313332,13.078860569000245,3585.2416339874267,0.4012953245402543,0.02383069960248238,-0.07090089282679908,celltype,Intestine
1885,VisiumHD,Colorectal Cancer,Sample_P5_sub22,BASS,0.1784619094261708,0.4984643982579654,0.3515639468844405,0.6668143749723047,0.4990560812664898,0.4978741165917769,0.4984643982579654,4556.08997797966,6538.719999999999,0.3798466787787477,0.0232163130323647,-0.1251627661625919,celltype,Intestine
1886,VisiumHD,Colorectal Cancer,Sample_P5_sub22,Banksy,0.3812080824813627,0.5604427982756985,0.4890416541900498,0.7303584880577835,0.5855079062842404,0.5374356247803862,0.5604427982756984,42.04157433509827,3552.130267715454,0.2236451455665352,0.0220691392936432,-0.0881833747178136,celltype,Intestine
1887,VisiumHD,Colorectal Cancer,Sample_P5_sub22,CCST,0.5182245566025365,0.49797258146890844,0.6066650304364274,0.6731067487924846,0.49836343703456987,0.4981873707027959,0.49797258146890844,7117.537545347213,22956.428061676026,0.03764789294102002,0.02112316426969714,-0.06577526421595806,celltype,Intestine
1888,VisiumHD,Colorectal Cancer,Sample_P5_sub22,CellCharter,0.32846629827705043,0.46541107050671854,0.43727488445222945,0.6557717020428059,0.5061775686674139,0.4307324767607331,0.46541107050671854,1214.3256108760834,1800.5084341049194,0.10197190588026764,0.02134016844524226,-0.0351066733330012,celltype,Intestine
1889,VisiumHD,Colorectal Cancer,Sample_P5_sub22,DeepST,0.5294528187686288,0.5853903911767034,0.6371250170801387,0.7258386139052598,0.552118163940402,0.6371225804157707,0.5853903911767033,1387.7533511161805,20107.291382026673,0.08661319626002566,0.021033419670467502,-0.19666635420413633,celltype,Intestine
1890,VisiumHD,Colorectal Cancer,Sample_P5_sub22,GraphST,0.2567040597059444,0.4826134551362006,0.402329672236013,0.6574644392254176,0.4933533681077547,0.47233117861792173,0.4826134551362006,123.68389658927917,20863.998685073853,0.11202197899587892,0.0212949429559503,-0.0809096188562699,celltype,Intestine
1891,VisiumHD,Colorectal Cancer,Sample_P5_sub22,PRECAST,0.5065447134888652,0.610174486009192,0.591863962102931,0.7991314751628484,0.6582565615395094,0.5686385226861687,0.6101744860091919,405.52716398239136,1636.3,0.2444720166614968,0.0226388792924191,-0.0673546397203684,celltype,Intestine
1892,VisiumHD,Colorectal Cancer,Sample_P5_sub22,SEDR,0.4036737914262007,0.5524887983603862,0.5044750085188988,0.7306775379979615,0.5894472291771207,0.5199231666849615,0.5524887983603862,122.09703860282897,15163.452028846741,0.2147471972349005,0.02171700452600642,-0.07377015276685221,celltype,Intestine
1893,VisiumHD,Colorectal Cancer,Sample_P5_sub22,STAGATE,0.3907627435639468,0.5205083100958724,0.49299796320695444,0.7053042052554616,0.5578563381650743,0.4878502523307445,0.5205083100958723,163.11749892234803,1181.0610944747925,0.11871316524128148,0.021466801463848058,-0.07978450490308782,celltype,Intestine
1894,VisiumHD,Colorectal Cancer,Sample_P5_sub22,SpaGCN,0.48064403587318055,0.5813672916967261,0.5696310486256071,0.7808570035893119,0.6290686640172791,0.5404076013860012,0.5813672916967261,437.79318313598634,11284.843700599671,0.2854787964727256,0.0227260515061422,-0.0697935626866879,celltype,Intestine
1895,VisiumHD,Colorectal Cancer,Sample_P5_sub22,SpaceFlow,0.43801502647078605,0.4813153296777304,0.5377921563907473,0.6508973279567509,0.4935352301439866,0.4699426266671557,0.4813153296777304,423.8402928829193,1076.675835800171,0.029910931891700222,0.02084890512186162,-0.09642014068498406,celltype,Intestine
1896,VisiumHD,Colorectal Cancer,Sample_P5_sub22,SpatialMGCN,0.44270251024881935,0.5997425029642096,0.5368835888339898,0.795249700890681,0.6453681797962393,0.5601703318868372,0.5997425029642096,453.8442566394806,5784.081469535828,0.32948110072229364,0.02290580405091756,-0.10713759707239501,celltype,Intestine
1897,VisiumHD,Colorectal Cancer,Sample_P5_sub22,stLearn,0.5523695627949735,0.6230145707878485,0.6305832206477318,0.8152257721451678,0.6625733216783175,0.5879646240262778,0.6230145707878485,13.72257833480835,3832.3156238555907,0.39198830150219344,0.02383196072728708,-0.059473603789638244,celltype,Intestine
1898,VisiumHD,Colorectal Cancer,Sample_P5_sub23,BASS,0.2447802207579052,0.44035471247133817,0.4506992867493539,0.8045910863865975,0.5249005354871819,0.3792662326316317,0.44035471247133817,2280.415536022186,4595.4400000000005,0.2695185114137732,0.0225022175227281,-0.11104990421951991,celltype,Intestine
1899,VisiumHD,Colorectal Cancer,Sample_P5_sub23,Banksy,0.6387937072710381,0.6469388091566672,0.7483516983065875,0.9057424223046425,0.740136904509712,0.5745867960607356,0.6469388091566671,50.15736536979675,2512.6001127243044,0.1031461823762629,0.0227619674509821,-0.1000627924153961,celltype,Intestine
1900,VisiumHD,Colorectal Cancer,Sample_P5_sub23,CCST,0.6289440498244774,0.5505461704454765,0.7882258100015556,0.7901656116119956,0.4486587326063437,0.7123749092556404,0.5505461704454765,3485.786824417114,11587.530730438233,0.03880043481040982,0.02235705421743736,-0.10518403540102354,celltype,Intestine
1901,VisiumHD,Colorectal Cancer,Sample_P5_sub23,CellCharter,0.3527372469595843,0.5245723471499826,0.5258375064279528,0.8705919999999999,0.6851534785952267,0.4249811896522431,0.5245723471499828,653.5811264514923,1590.696601486206,0.11952639999999999,0.0217595389685319,-0.01763845290610728,celltype,Intestine
1902,VisiumHD,Colorectal Cancer,Sample_P5_sub23,DeepST,0.37616053764286855,0.5485879729883345,0.5465778466180881,0.8766161519278726,0.714948829984906,0.4450500828649691,0.5485879729883345,766.9094930648804,13229.368362236022,0.11499456486987654,0.02151465980691224,-0.022203349251932642,celltype,Intestine
1903,VisiumHD,Colorectal Cancer,Sample_P5_sub23,GraphST,0.4136574453107039,0.5563460183573116,0.5777201480538012,0.8800434810409874,0.7174785962004327,0.45431514194800904,0.5563460183573116,75.63704662322998,10533.511991882324,0.095146748513332,0.0217573007271415,-0.0222566930633343,celltype,Intestine
1904,VisiumHD,Colorectal Cancer,Sample_P5_sub23,PRECAST,0.542400338207336,0.5837284817243272,0.6839964423285146,0.869778543959687,0.7317907600529229,0.4854982487659008,0.5837284817243272,247.7534559726715,1137.4,0.1605887813287362,0.0223535312016861,-0.058650620110064,celltype,Intestine
1905,VisiumHD,Colorectal Cancer,Sample_P5_sub23,SEDR,0.49748159521922347,0.584034370404388,0.6418277333889082,0.8894430590191188,0.7164988977531604,0.4932709066651702,0.5840343704043879,110.73995580673218,8142.407892799378,0.09668137348935349,0.02189908913713062,-0.04660509969015904,celltype,Intestine
1906,VisiumHD,Colorectal Cancer,Sample_P5_sub23,STAGATE,0.40227861612061444,0.545068784129737,0.5677157378221076,0.8856064965790653,0.6972672396035265,0.4474090208379414,0.545068784129737,106.41718912124634,994.107763671875,0.10650297333589098,0.02194977762823632,-0.02356112743977998,celltype,Intestine
1907,VisiumHD,Colorectal Cancer,Sample_P5_sub23,SpaGCN,0.37039395810623754,0.5534866284656036,0.5414297024504304,0.8678518897486731,0.7226809518793837,0.4485360851786296,0.5534866284656036,258.54937877655027,6047.558913993836,0.2162307347956769,0.02366292967783944,-0.041676036435691496,celltype,Intestine
1908,VisiumHD,Colorectal Cancer,Sample_P5_sub23,SpaceFlow,0.3600415016746322,0.5102451390300967,0.5310744904373917,0.864978579193043,0.660394025953302,0.4157433297525137,0.5102451390300967,270.9204779624939,936.8320909500122,0.08639938615000954,0.02152768714244668,-0.015752751335023702,celltype,Intestine
1909,VisiumHD,Colorectal Cancer,Sample_P5_sub23,SpatialMGCN,0.40418171125451885,0.566296809899283,0.5704845153168655,0.8809898331095338,0.7331369914415814,0.46133295726469503,0.566296809899283,284.00239434242246,3433.7127429962156,0.18833685018223667,0.02227066440777464,-0.038341837834387396,celltype,Intestine
1910,VisiumHD,Colorectal Cancer,Sample_P5_sub23,stLearn,0.4018560850904036,0.5627085860432348,0.5651966583915768,0.8729969946927552,0.6936328902562511,0.4733666292543174,0.5627085860432348,9.320270824432374,2700.060188293457,0.22951595370547984,0.022848747112067018,-0.051306875608250334,celltype,Intestine
1911,VisiumHD,Colorectal Cancer,Sample_P5_sub3,BASS,0.058410603411119,0.24002620011612402,0.3950379949377117,0.5845834857909501,0.21755070269064197,0.2676807051334341,0.24002620011612402,1885.2271320819855,4725.460000000001,0.22893035736065367,0.0243599052385412,-0.2523412305212392,celltype,Intestine
1912,VisiumHD,Colorectal Cancer,Sample_P5_sub3,Banksy,0.2682099139475225,0.403986371815338,0.4349749931549673,0.747774118794975,0.4521322850174231,0.3651074183421101,0.403986371815338,40.27996306419372,2513.348972892761,0.3468105866569094,0.0252467322643821,-0.0902803766040958,celltype,Intestine
1913,VisiumHD,Colorectal Cancer,Sample_P5_sub3,CCST,0.0324155113832666,0.08205062827676057,0.45693118625840745,0.4411269667032565,0.05892425589141276,0.1618568906155182,0.08205062827676057,3925.535109233856,12590.982919692993,0.029869496280034102,0.02179357386837704,-0.14284224395377243,celltype,Intestine
1914,VisiumHD,Colorectal Cancer,Sample_P5_sub3,CellCharter,0.19345233191963435,0.288372930465189,0.35979423446472547,0.6394096481063609,0.3390270286036446,0.2509062012173809,0.28837293046518897,559.8461292266845,1431.507538986206,0.24550832469354145,0.02381231487832014,-0.08110258323065263,celltype,Intestine
1915,VisiumHD,Colorectal Cancer,Sample_P5_sub3,DeepST,0.2843549688754226,0.3730231932589817,0.439157355504422,0.7290523234540798,0.4377183370036888,0.3249972103563579,0.3730231932589816,880.2094696521759,13918.409043693542,0.2425661666056836,0.023343206540444923,-0.08685230175423546,celltype,Intestine
1916,VisiumHD,Colorectal Cancer,Sample_P5_sub3,GraphST,0.3596911666891447,0.3435323113405001,0.526685467214593,0.6907549701183071,0.3646844979858182,0.3246993183732331,0.3435323113405,73.11503958702087,11431.164450263977,0.1990486644712769,0.0222983185570502,-0.1644050188975259,celltype,Intestine
1917,VisiumHD,Colorectal Cancer,Sample_P5_sub3,PRECAST,0.2105959573821778,0.3377542898625943,0.38675483546329,0.7026315789473684,0.3834059403702939,0.3018172941629471,0.3377542898625943,240.55034399032593,1212.4,0.6489596083231334,0.0301938991197351,-0.0999565976901929,celltype,Intestine
1918,VisiumHD,Colorectal Cancer,Sample_P5_sub3,SEDR,0.2628864725614696,0.37863908048399325,0.42751018861966344,0.7112452738138797,0.4269559009049999,0.34016938113997847,0.37863908048399325,78.5146008491516,8804.434395217895,0.2675814123673618,0.02342622946863808,-0.12067446454876593,celltype,Intestine
1919,VisiumHD,Colorectal Cancer,Sample_P5_sub3,STAGATE,0.19738441541062896,0.31100729392005383,0.39465017365911814,0.6865105500670813,0.34192274050832383,0.2853840920427698,0.31100729392005383,113.89626207351685,871.381343460083,0.2461641663617514,0.02296063280085104,-0.13097325164361714,celltype,Intestine
1920,VisiumHD,Colorectal Cancer,Sample_P5_sub3,SpaGCN,0.3422011102544357,0.41064079978971463,0.49070097198712215,0.7348579095011587,0.46871248962978906,0.36540635545285355,0.41064079978971463,356.60334300994873,6563.514719009399,0.4201731918526649,0.02566777662724628,-0.08644897087892682,celltype,Intestine
1921,VisiumHD,Colorectal Cancer,Sample_P5_sub3,SpaceFlow,0.13902217109382675,0.18359118938819458,0.3157458442533283,0.5762166117819246,0.2141934574650916,0.160675758055699,0.18359118938819463,225.5493886947632,845.1840812683106,0.06678863276009266,0.0217006558752574,-0.08379756309416966,celltype,Intestine
1922,VisiumHD,Colorectal Cancer,Sample_P5_sub3,SpatialMGCN,0.2038723400686724,0.32905905285665904,0.36980104859957463,0.6875838516892304,0.38585093325332404,0.28685369243933445,0.32905905285665904,313.9947176933289,3685.7953300476074,0.35682400292718625,0.02458483746935394,-0.07492492818817716,celltype,Intestine
1923,VisiumHD,Colorectal Cancer,Sample_P5_sub3,stLearn,0.602854670537541,0.5639863362931423,0.7030791293402278,0.8277350896450788,0.6022936797080946,0.5309312558277948,0.5639863362931423,9.745117092132569,2756.7935712814333,0.43698011952677157,0.026629359776543023,-0.142972275531502,celltype,Intestine
1924,VisiumHD,Colorectal Cancer,Sample_P5_sub4,BASS,0.1402165223823787,0.29106555004833,0.645227007552761,0.8859368479621643,0.352174164141034,0.2480281594036017,0.29106555004833,5891.37911400795,6343.74,0.2725460193814624,0.0248513645094479,-0.2623384115633557,celltype,Intestine
1925,VisiumHD,Colorectal Cancer,Sample_P5_sub4,Banksy,0.6886966551863105,0.5257955018956,0.8865825980336028,0.899754254184634,0.6146266982043217,0.4593991421256054,0.5257955018955999,41.11321883201599,3049.088199043274,0.1516205313673668,0.0232961891199228,-0.05261694354209499,celltype,Intestine
1926,VisiumHD,Colorectal Cancer,Sample_P5_sub4,CCST,0.6709691970928682,0.3820882930082797,0.9113774627013387,0.8584875040571243,0.30105050119178955,0.5235561698845288,0.3820882930082797,6589.173724794387,20751.688166809083,0.01891779106968974,0.02202913499355106,-0.04626121186352388,celltype,Intestine
1927,VisiumHD,Colorectal Cancer,Sample_P5_sub4,CellCharter,0.09938994320816048,0.2526715252050705,0.41402407560739485,0.8760146574516444,0.471561800157777,0.17264103069990666,0.2526715252050705,675.7440105915069,1476.7935674667358,0.40425808247135764,0.0245737827498397,-0.08017820106792659,celltype,Intestine
1928,VisiumHD,Colorectal Cancer,Sample_P5_sub4,DeepST,0.09451780328935544,0.29987793934561796,0.40682104466648356,0.8888857977465573,0.5590229052571987,0.20492062808547923,0.29987793934561796,1358.495571899414,19004.37317466736,0.45856169147308384,0.02457451078021636,-0.0579428058024513,celltype,Intestine
1929,VisiumHD,Colorectal Cancer,Sample_P5_sub4,GraphST,0.1433306255807335,0.2729784474903522,0.48123771236587876,0.8688737422914639,0.48747483789329726,0.1895663512615731,0.2729784474903522,107.77912397384644,19022.11284275055,0.2858533871192099,0.0230496333769197,-0.0706568229756872,celltype,Intestine
1930,VisiumHD,Colorectal Cancer,Sample_P5_sub4,PRECAST,0.05497759154458011,0.1477509613042004,0.3888163140431422,0.8228296756651778,0.2658578216201873,0.10230302567555652,0.1477509613042004,333.12397203445437,1488.7,0.7831132258691008,0.0339664561132681,-0.0505057404819401,celltype,Intestine
1931,VisiumHD,Colorectal Cancer,Sample_P5_sub4,SEDR,0.15428370814839354,0.3386931553781777,0.4965790858860341,0.8989660128900635,0.5764643796583149,0.2398687081735452,0.3386931553781777,123.75041475296021,14014.337429618836,0.3549682385125423,0.02338055416779974,-0.09540410414809236,celltype,Intestine
1932,VisiumHD,Colorectal Cancer,Sample_P5_sub4,STAGATE,0.3377584451680395,0.32767850713745544,0.7143760498338703,0.8899151481429962,0.4440738856826204,0.25978354221317235,0.3276785071374555,155.4031611919403,831.4283842086792,0.19902629016553064,0.0228490770409068,-0.10633271312259877,celltype,Intestine
1933,VisiumHD,Colorectal Cancer,Sample_P5_sub4,SpaGCN,0.08743590231742772,0.26288363648835783,0.41300839990086313,0.856326795567302,0.467126808942915,0.18303703168943858,0.26288363648835783,375.4805024623871,10227.113438415527,0.6639866462651274,0.02735694530289954,-0.11341270937318534,celltype,Intestine
1934,VisiumHD,Colorectal Cancer,Sample_P5_sub4,SpaceFlow,0.0613880686077784,0.21610803132793577,0.3603507777627934,0.8607965873788659,0.41362905538980643,0.14626786237629633,0.2161080313279357,299.3500538349152,827.5061210632324,0.22131033523438584,0.02263801530369874,-0.0711204193060764,celltype,Intestine
1935,VisiumHD,Colorectal Cancer,Sample_P5_sub4,SpatialMGCN,0.13361979014541822,0.30473921643479346,0.46713279201812596,0.9021560717763248,0.5395055536393093,0.21248700246009405,0.30473921643479346,436.86934938430784,5330.34833316803,0.2952195483841053,0.023772880355037142,-0.08878563730302502,celltype,Intestine
1936,VisiumHD,Colorectal Cancer,Sample_P5_sub4,stLearn,0.28086686399984007,0.4247205400574955,0.6343711421474678,0.8986321695182454,0.6333096057925753,0.3194935843625696,0.4247205400574955,10.800539588928222,3141.357293701172,0.38265869151945103,0.0247029895290592,-0.23234330525375535,celltype,Intestine
1937,VisiumHD,Colorectal Cancer,Sample_P5_sub5,BASS,0.2839686616466412,0.4422890587988254,0.5418281855547301,0.8712415479787081,0.540527353634915,0.3742676755809583,0.4422890587988254,2541.044813966751,5997.14,0.2049585191579149,0.0248059554690968,-0.292785700045381,celltype,Intestine
1938,VisiumHD,Colorectal Cancer,Sample_P5_sub5,Banksy,0.4395756090754384,0.5000935212600802,0.6620467820970753,0.8753656548218481,0.619749012142848,0.4191649692580189,0.5000935212600801,62.379744100570676,3140.377977180481,0.1396441758979523,0.0243914613198951,-0.1851770059815774,celltype,Intestine
1939,VisiumHD,Colorectal Cancer,Sample_P5_sub5,CCST,0.5083022888410641,0.4506478704734631,0.7270002541408529,0.8190284371553254,0.45524583681519715,0.44924912369605635,0.4506478704734631,6212.335469388961,19639.363241386414,0.031237711600249296,0.02338586164005204,-0.1994849762892943,celltype,Intestine
1940,VisiumHD,Colorectal Cancer,Sample_P5_sub5,CellCharter,0.18244053019596995,0.40097669621434057,0.42643929742433107,0.8302475057559479,0.5817808058016302,0.30591064122809586,0.40097669621434057,895.3366083145141,1576.039361000061,0.17830966999232536,0.02369982070164938,-0.12859944125894296,celltype,Intestine
1941,VisiumHD,Colorectal Cancer,Sample_P5_sub5,DeepST,0.1841194472564987,0.42852860454477115,0.42578154083848735,0.8778784827123196,0.6246017135067425,0.3262401006019088,0.42852860454477126,1150.409327697754,18303.06727466583,0.14658802090826256,0.02364846238797782,-0.11914171457826643,celltype,Intestine
1942,VisiumHD,Colorectal Cancer,Sample_P5_sub5,GraphST,0.2738527717091805,0.4316337841314515,0.5194096809039496,0.8727760993622022,0.5985034113485938,0.337527296153624,0.4316337841314515,116.85234761238098,17904.782449150087,0.1605524384980578,0.0235631726449413,-0.1730188083088641,celltype,Intestine
1943,VisiumHD,Colorectal Cancer,Sample_P5_sub5,PRECAST,0.3152626339425201,0.4682551321553592,0.5565429977248771,0.8822537112010795,0.6380119231705671,0.3698488839123572,0.4682551321553591,341.4038739204407,1506.5,0.2364565259302101,0.0253322280249871,-0.1634542449062661,celltype,Intestine
1944,VisiumHD,Colorectal Cancer,Sample_P5_sub5,SEDR,0.29798066167330467,0.468311825711947,0.5438619377125921,0.8643456576991321,0.6162555568749118,0.37853385943809104,0.468311825711947,127.76005263328553,13221.884307479859,0.14725938713854117,0.02363682517849136,-0.18075121531195626,celltype,Intestine
1945,VisiumHD,Colorectal Cancer,Sample_P5_sub5,STAGATE,0.19370006440944465,0.413111336272926,0.44057706101946315,0.8724116434086223,0.587833910495531,0.318456218718704,0.413111336272926,144.83679661750793,973.3084140777588,0.11376780319378503,0.023424997304036542,-0.14857333100535414,celltype,Intestine
1946,VisiumHD,Colorectal Cancer,Sample_P5_sub5,SpaGCN,0.1945385640622911,0.45132990902971504,0.4361915962185659,0.8799884908646238,0.661344723289488,0.34255273790506313,0.45132990902971504,523.4724358081818,9676.064571380615,0.3268498537380712,0.025908289023454663,-0.12128861718431846,celltype,Intestine
1947,VisiumHD,Colorectal Cancer,Sample_P5_sub5,SpaceFlow,0.15052725759102048,0.34667216421605695,0.39428107191551165,0.8361962307581642,0.5025782153535493,0.26461303822534576,0.346672164216057,385.69325041770935,1019.1564136505127,0.07976789910324651,0.023108069747886102,-0.08049604443567444,celltype,Intestine
1948,VisiumHD,Colorectal Cancer,Sample_P5_sub5,SpatialMGCN,0.1935989870249928,0.4354843992067547,0.43789229217266445,0.8738311034383542,0.6283144844696522,0.33322615221423835,0.4354843992067547,404.83870553970337,5111.965270042419,0.26601448232868175,0.025323976007574737,-0.1501947996755673,celltype,Intestine
1949,VisiumHD,Colorectal Cancer,Sample_P5_sub5,stLearn,0.26835030670360716,0.49301692397235425,0.5121727821123213,0.8967630556754423,0.6728621663271827,0.38911701279771044,0.49301692397235425,12.391285514831543,3445.738220024109,0.2525200211000815,0.02487884298647918,-0.21401812538532386,celltype,Intestine
1950,VisiumHD,Colorectal Cancer,Sample_P5_sub6,BASS,0.11270241173177369,0.22494668797906764,0.5352767088017181,0.9053894064961134,0.46218950401074943,0.1486462594974147,0.22494668797906764,4215.591170024872,5254.26,0.21990013898182942,0.023380090061882,-0.1887304775830035,celltype,Intestine
1951,VisiumHD,Colorectal Cancer,Sample_P5_sub6,Banksy,0.0641336126461167,0.20518865836601421,0.4157453815619635,0.9094559118752252,0.5020180808043707,0.1289462833113861,0.2051886583660143,45.59644546508789,3257.4715255737306,0.258351778452669,0.0237150226464354,-0.1265986383834124,celltype,Intestine
1952,VisiumHD,Colorectal Cancer,Sample_P5_sub6,CCST,0.20631094224831054,0.291471580025945,0.6580710045628729,0.9134606475523757,0.4631246062216384,0.21266094813662254,0.291471580025945,5404.6212282657625,17378.23332538605,0.03427188963813244,0.02226431047668312,-0.19734598132217313,celltype,Intestine
1953,VisiumHD,Colorectal Cancer,Sample_P5_sub6,CellCharter,0.04426997628506052,0.19535712186679072,0.38392561162402694,0.9084367117928656,0.4906530446811542,0.12196376480657775,0.19535712186679066,907.2914483070374,1881.4470933914185,0.24180779327739738,0.023608496430841903,-0.14735578875735517,celltype,Intestine
1954,VisiumHD,Colorectal Cancer,Sample_P5_sub6,DeepST,0.05921393508051705,0.22226778047915693,0.40655117958106757,0.9198744016060122,0.5464042617325465,0.13958356290743473,0.2222677804791569,1060.017077112198,16957.211748313905,0.1880372677201832,0.0225588573841627,-0.1428707267671177,celltype,Intestine
1955,VisiumHD,Colorectal Cancer,Sample_P5_sub6,GraphST,0.0736791161224595,0.21658242951139642,0.4351237853382325,0.9186698924177692,0.5223536764164264,0.1366129977693768,0.21658242951139642,91.31842832565307,15852.610545349122,0.1154578679157873,0.0223574609145831,-0.1098988717316894,celltype,Intestine
1956,VisiumHD,Colorectal Cancer,Sample_P5_sub6,PRECAST,0.1180699019145667,0.2591266788262618,0.5089244597804173,0.9208670133347064,0.5830973941905169,0.1665763459185007,0.2591266788262617,290.9151559352875,1422.1,0.1719610770735725,0.023265560204235,-0.1528805593738998,celltype,Intestine
1957,VisiumHD,Colorectal Cancer,Sample_P5_sub6,SEDR,0.07755696121644208,0.2234606095979555,0.44863137222262467,0.9256807535903638,0.5284369501944524,0.14170016778596461,0.22346060959795544,93.05151658058166,11709.03807182312,0.18517527152931484,0.02244341098052896,-0.16599182848043886,celltype,Intestine
1958,VisiumHD,Colorectal Cancer,Sample_P5_sub6,STAGATE,0.07915886475162513,0.23578333392883494,0.4501580762975267,0.9186698924177691,0.5529331440467973,0.14986331155361152,0.23578333392883494,136.38554458618165,1415.2334783554077,0.0927472074947238,0.022291222482135838,-0.15378238126082872,celltype,Intestine
1959,VisiumHD,Colorectal Cancer,Sample_P5_sub6,SpaGCN,0.06823716664361543,0.22496373940845765,0.4302923529784888,0.911761980748443,0.5359802882998237,0.14238897327293143,0.2249637394084576,541.9119603633881,8813.92003135681,0.20635198435167545,0.02418238214878788,-0.1644453016349469,celltype,Intestine
1960,VisiumHD,Colorectal Cancer,Sample_P5_sub6,SpaceFlow,0.03745169673466252,0.16667519222065094,0.37969141968051273,0.9172697791733155,0.41510819336004445,0.10427592919147206,0.16667519222065094,407.99618315696716,1247.7964307785035,0.047696504864364,0.02195544546038354,-0.09618574570235532,celltype,Intestine
1961,VisiumHD,Colorectal Cancer,Sample_P5_sub6,SpatialMGCN,0.0768305680499963,0.24750660827611978,0.4387055682550285,0.9277603335563906,0.5940879688663039,0.15631570807892764,0.24750660827611978,367.38340787887574,4663.848867225647,0.12151129870798369,0.022756709357880562,-0.09934474315243183,celltype,Intestine
1962,VisiumHD,Colorectal Cancer,Sample_P5_sub6,stLearn,0.16861354163812967,0.32468675718739215,0.5808228192169497,0.941184948782622,0.6479521950456867,0.21702370267319931,0.32468675718739215,12.249220132827759,3416.4802616119387,0.42038400164719203,0.024275262343886238,-0.15798555181544194,celltype,Intestine
1963,VisiumHD,Colorectal Cancer,Sample_P5_sub7,BASS,0.067093278514841,0.3927720753981212,0.3333887385552113,0.7445054945054945,0.4658300909549502,0.3395232691098036,0.3927720753981211,2636.337247943878,4379.4,0.1806318681318681,0.023737965415352,-0.1642496742986814,celltype,Intestine
1964,VisiumHD,Colorectal Cancer,Sample_P5_sub7,Banksy,0.4233299643725507,0.5813564629436061,0.5964176487724203,0.890728021978022,0.7121490584076247,0.491151974496587,0.581356462943606,39.20468111038208,2409.934229850769,0.159065934065934,0.0241335176133921,-0.0687143061140196,celltype,Intestine
1965,VisiumHD,Colorectal Cancer,Sample_P5_sub7,CCST,0.7377054471853794,0.5953499852308279,0.8519192305473291,0.825370879120879,0.5093645817081155,0.7228968141462112,0.5953499852308279,3093.8670453548434,10264.193930244446,0.02936813186813182,0.0235701215575456,0.002063878930508281,celltype,Intestine
1966,VisiumHD,Colorectal Cancer,Sample_P5_sub7,CellCharter,0.26298278273860054,0.48620258561422486,0.45705246526140175,0.8371728827529363,0.6358338866670953,0.3935822880629757,0.48620258561422486,642.619507265091,1719.4981019973754,0.0990315268905831,0.02328713627113696,-0.03523034978181516,celltype,Intestine
1967,VisiumHD,Colorectal Cancer,Sample_P5_sub7,DeepST,0.3438452443468231,0.5284713831561373,0.5299793196187756,0.8556456043956043,0.6796363630584981,0.4324772950788621,0.5284713831561373,697.9868490695953,12248.276457977296,0.13579670329670326,0.023079478240884802,-0.06516943283107016,celltype,Intestine
1968,VisiumHD,Colorectal Cancer,Sample_P5_sub7,GraphST,0.3073121408597807,0.5063753363482698,0.498492114485252,0.8537774725274725,0.6367367803098162,0.4203214022571354,0.5063753363482698,59.93417615890503,9298.396046829224,0.0785027472527472,0.0229338600241166,-0.076732084798537,celltype,Intestine
1969,VisiumHD,Colorectal Cancer,Sample_P5_sub7,PRECAST,0.3196575505635807,0.5468598500238272,0.5145305527566568,0.864902800196505,0.7169726682167401,0.4419907346236605,0.5468598500238273,198.50227403640747,1354.4,0.1605726717664397,0.0237574977817432,-0.0768749073293218,celltype,Intestine
1970,VisiumHD,Colorectal Cancer,Sample_P5_sub7,SEDR,0.4192171537103012,0.5594955243496613,0.5930968889987647,0.8745879120879121,0.699295669055136,0.46655895756683013,0.5594955243496613,97.21223287582397,7246.660003089904,0.1689285714285714,0.0233385930920424,-0.06430436746975639,celltype,Intestine
1971,VisiumHD,Colorectal Cancer,Sample_P5_sub7,STAGATE,0.4016030925029671,0.5349679547308362,0.5768472929459387,0.8402884615384615,0.6778876031558658,0.4421810669833543,0.5349679547308361,112.65205597877502,1078.9182689666748,0.08152472527472522,0.02306606051667574,-0.01450805339939592,celltype,Intestine
1972,VisiumHD,Colorectal Cancer,Sample_P5_sub7,SpaGCN,0.38051102034148815,0.5633303741263831,0.5619726152422758,0.8568131868131867,0.7103865443240902,0.4667573797746739,0.5633303741263832,351.2311866283417,5369.466267204285,0.18592032967032962,0.0244562852111027,-0.10349668412157775,celltype,Intestine
1973,VisiumHD,Colorectal Cancer,Sample_P5_sub7,SpaceFlow,0.32060798100540694,0.503272474132479,0.5099100582701078,0.8501510989010989,0.6528693917027658,0.4094799652903486,0.503272474132479,279.15629110336306,997.902886390686,0.09741758241758236,0.022931919604425022,-0.057706686694992106,celltype,Intestine
1974,VisiumHD,Colorectal Cancer,Sample_P5_sub7,SpatialMGCN,0.2641684199465814,0.5132116839835368,0.4577733801631962,0.8445604395604395,0.6696996642393481,0.41604755854428027,0.5132116839835368,251.69788565635682,3172.0906324386597,0.16967032967032963,0.024070574213867803,-0.07827840103381248,celltype,Intestine
1975,VisiumHD,Colorectal Cancer,Sample_P5_sub7,stLearn,0.4570608743698113,0.5901890866910919,0.6221552385008945,0.883228021978022,0.7132463874984447,0.5036671893729686,0.5901890866910919,9.539660978317261,2659.3095943450926,0.2637774725274725,0.02434102579580286,-0.13155499276058097,celltype,Intestine
1976,VisiumHD,Colorectal Cancer,Sample_P5_sub8,BASS,0.5230588024222438,0.4817078144532897,0.6719247142262729,0.7616877546643791,0.5017020228960163,0.46324617744672364,0.4817078144532897,3649.6064198970794,5679.68,0.249678318678962,0.0261741194599887,-0.1551718994325733,celltype,Intestine
1977,VisiumHD,Colorectal Cancer,Sample_P5_sub8,Banksy,0.7113969212559856,0.5394607016485113,0.8031861425232212,0.7848943246432786,0.5584361653296381,0.5217324183282326,0.5394607016485113,34.241097402572635,2765.601949501038,0.1969745735436112,0.025230990509503996,-0.1243387302297847,celltype,Intestine
1978,VisiumHD,Colorectal Cancer,Sample_P5_sub8,CCST,0.5999864247581337,0.4104370712969928,0.7506105708781596,0.677975552219601,0.34959394911041075,0.501744395193791,0.4104370712969928,4991.787988710404,15917.086313819886,0.03628565301308164,0.02288588646717028,-0.16866244848910603,celltype,Intestine
1979,VisiumHD,Colorectal Cancer,Sample_P5_sub8,CellCharter,0.34038527798361373,0.35560398743369726,0.5128870481132883,0.6986382474837182,0.4243276835546668,0.30606361328707965,0.3556039874336972,624.8754834651947,1573.5200023651123,0.1859303514720921,0.02411116383950286,-0.15479989983590725,celltype,Intestine
1980,VisiumHD,Colorectal Cancer,Sample_P5_sub8,DeepST,0.4600055403769046,0.501586213298514,0.6094059699397151,0.8015762384730859,0.5793426618890598,0.44252891273077405,0.501586213298514,1076.8353789806365,16084.255869293213,0.20865322753592103,0.02387423269945718,-0.15284301168601816,celltype,Intestine
1981,VisiumHD,Colorectal Cancer,Sample_P5_sub8,GraphST,0.4743091967863564,0.4011926868208134,0.6222635867691816,0.7256058331546215,0.464167934984166,0.3532641356764981,0.4011926868208134,96.71555500030517,14493.813223838806,0.21440060047179924,0.0240704083226576,-0.1243014827620195,celltype,Intestine
1982,VisiumHD,Colorectal Cancer,Sample_P5_sub8,PRECAST,0.1502832876566087,0.2629136789328736,0.3466534740889205,0.6911207664884136,0.3162571007191961,0.22496807438221814,0.2629136789328735,291.4625340938568,1317.4,0.7435383244206774,0.0334570412069457,-0.0760601418491691,celltype,Intestine
1983,VisiumHD,Colorectal Cancer,Sample_P5_sub8,SEDR,0.510244059456676,0.5118238843053324,0.6505108072937589,0.7999249410250912,0.5744736861069624,0.46155133490736067,0.5118238843053324,97.15066652297973,10925.88401412964,0.19162556294231176,0.02383843165897382,-0.15211635935825524,celltype,Intestine
1984,VisiumHD,Colorectal Cancer,Sample_P5_sub8,STAGATE,0.3587675903594465,0.40355956950580907,0.5293318367028892,0.7529380227321466,0.4698273627340339,0.3537228628123648,0.40355956950580907,144.19006123542786,862.1183917999267,0.23669311601972973,0.02394572378895504,-0.16221970538071517,celltype,Intestine
1985,VisiumHD,Colorectal Cancer,Sample_P5_sub8,SpaGCN,0.39862224597752866,0.491360679024108,0.5608374925493301,0.8061802575107297,0.5799986387722116,0.42648970114842444,0.491360679024108,269.6053228378296,7839.117488479615,0.4256330472103004,0.026692552070515664,-0.10200584131006477,celltype,Intestine
1986,VisiumHD,Colorectal Cancer,Sample_P5_sub8,SpaceFlow,0.264657641504384,0.35099245011414254,0.4466145576606996,0.7015333476302809,0.4191586337028429,0.30193037178521254,0.35099245011414254,328.8768515586853,865.3884141921997,0.11101222389019941,0.02287372414016898,-0.09183698962529915,celltype,Intestine
1987,VisiumHD,Colorectal Cancer,Sample_P5_sub8,SpatialMGCN,0.41795667492261324,0.4708737185816654,0.5725708756881562,0.797855457859747,0.555096222667088,0.40937026475967286,0.4708737185816654,346.24321846961976,4281.492240524292,0.3940274501393952,0.0271275486455833,-0.1585678447550589,celltype,Intestine
1988,VisiumHD,Colorectal Cancer,Sample_P5_sub8,stLearn,0.4321068199137514,0.5293063058642375,0.5894157348089697,0.8168346558009866,0.5882974467335635,0.4813911943399848,0.5293063058642377,9.526337337493896,3088.0410318374634,0.42974479948530986,0.02637451638731626,-0.2269856982723577,celltype,Intestine
1989,VisiumHD,Colorectal Cancer,Sample_P5_sub9,BASS,0.20349486934028632,0.3468920804784309,0.5027286916502027,0.8249246345486604,0.4302987527410328,0.2905696967567641,0.3468920804784309,1922.3338419914246,5008.0599999999995,0.2113645412661395,0.0219284151800611,-0.2873362099204196,celltype,Intestine
1990,VisiumHD,Colorectal Cancer,Sample_P5_sub9,Banksy,0.22194360165441246,0.3506907359557303,0.5038099425603836,0.8116148114441726,0.4451315081345165,0.2893097030376286,0.3506907359557303,56.343685674667356,2688.901913070679,0.1464649337352824,0.0228027895485293,-0.24741199234223493,celltype,Intestine
1991,VisiumHD,Colorectal Cancer,Sample_P5_sub9,CCST,0.49628179269902795,0.311482072389046,0.7652766272516283,0.7712644331949263,0.2584459930517805,0.39196170232943867,0.311482072389046,4468.854667663574,14301.423761749267,0.04533302997554172,0.02235414761766624,-0.25296769457210433,celltype,Intestine
1992,VisiumHD,Colorectal Cancer,Sample_P5_sub9,CellCharter,0.17054241640063075,0.33762765630525304,0.41843812393591834,0.8312147937411096,0.4970440445381571,0.25565320904967515,0.337627656305253,720.4512137413025,1535.8000827789306,0.16092176386913226,0.022236050847344098,-0.10733005032789995,celltype,Intestine
1993,VisiumHD,Colorectal Cancer,Sample_P5_sub9,DeepST,0.16149602698705218,0.3409014056158415,0.4144740357647937,0.8307604800637052,0.48821209915981345,0.2619296076758871,0.3409014056158414,923.8642397403717,15054.7883102417,0.11621636994482679,0.02153995450980796,-0.15423049180909512,celltype,Intestine
1994,VisiumHD,Colorectal Cancer,Sample_P5_sub9,GraphST,0.2707956055170143,0.3904573741384589,0.5210190343405287,0.8337978499516524,0.540295311883744,0.3056834152692195,0.3904573741384589,80.46060800552368,13010.353482437135,0.1300836129912974,0.0218382373786201,-0.1477952162193401,celltype,Intestine
1995,VisiumHD,Colorectal Cancer,Sample_P5_sub9,PRECAST,0.2861790699274011,0.3961537419529123,0.5442292895666528,0.8627831715210356,0.5525716993486106,0.3087539350001793,0.3961537419529123,258.05845003128053,1257.7,0.4122388937922918,0.0257723957352445,-0.1356311337779787,celltype,Intestine
1996,VisiumHD,Colorectal Cancer,Sample_P5_sub9,SEDR,0.2715885462561237,0.38746119174071714,0.5237557706443259,0.8374153916159489,0.5273642926698001,0.30625442839488304,0.3874611917407172,121.20658144950866,9888.86594467163,0.15207326090666057,0.02170753708335088,-0.18863002941433976,celltype,Intestine
1997,VisiumHD,Colorectal Cancer,Sample_P5_sub9,STAGATE,0.14848876095590569,0.33907685444051383,0.4022183928159039,0.8375974062908822,0.4879413891331361,0.2598124208973548,0.3390768544405138,135.2925446510315,918.6083145141602,0.14062908822023773,0.021979611153408518,-0.1764704697493121,celltype,Intestine
1998,VisiumHD,Colorectal Cancer,Sample_P5_sub9,SpaGCN,0.20413338585202362,0.3981716487029513,0.4524325618786724,0.8395221843003412,0.5741114347600674,0.3048879817983988,0.3981716487029513,336.6226675033569,7338.84700012207,0.26321956769055743,0.024586699560266302,-0.08342718440348336,celltype,Intestine
1999,VisiumHD,Colorectal Cancer,Sample_P5_sub9,SpaceFlow,0.13775196757460034,0.28521240713813634,0.39165270523372103,0.8030032421363973,0.4126441370169743,0.21792498212190625,0.28521240713813634,409.9402891159058,959.6932399749755,0.06507024628860698,0.02122753377528476,-0.08759868223970693,celltype,Intestine
2000,VisiumHD,Colorectal Cancer,Sample_P5_sub9,SpatialMGCN,0.14665532337684914,0.3650014631672077,0.39288360287633234,0.8295091291735396,0.5398746680283242,0.27572160515577415,0.3650014631672078,335.5265839099884,3965.978585624695,0.23599340196803364,0.02270986358337474,-0.09863112460889858,celltype,Intestine
2001,VisiumHD,Colorectal Cancer,Sample_P5_sub9,stLearn,0.2185374579015779,0.38398713421495057,0.48517011051139625,0.8463113588533074,0.5018854002023143,0.3112429740499886,0.3839871342149505,11.060019254684448,2953.9902683258056,0.23860986292019795,0.02304745084240012,-0.21728779034824458,celltype,Intestine
2002,seqFISH,OB,OB_0,BASS,0.4651055769523896,0.6156866163917468,0.6150959442361393,0.746031746031746,0.5381389818775364,0.7193469238998157,0.6156866163917468,33.91870999336243,201.38,0.4087301587301587,0.20991550487972827,-0.4392745447814441,celltype,Brain
2003,seqFISH,OB,OB_0,Banksy,0.12949429574824395,0.2761140964190462,0.2862371516660104,0.4809523809523809,0.28104535364517436,0.27147587948798957,0.27611409641904616,3.6226823806762694,47.78986568450928,0.15952380952380948,0.16182208622296715,0.017591073107107377,celltype,Brain
2004,seqFISH,OB,OB_0,CCST,0.08877396849696176,0.21243763777758265,0.26355074600198,0.4396825396825396,0.20726606776426965,0.217943869700249,0.21243763777758265,53.845448684692386,58.76076374053955,0.11428571428571424,0.14605510011631023,-0.025758838074851798,celltype,Brain
2005,seqFISH,OB,OB_0,CellCharter,0.3497092985844868,0.5051969659189213,0.45479956518659437,0.6952380952380952,0.5350557018541163,0.47853600583125333,0.5051969659189213,15.147876644134522,92.23558025360107,0.7563492063492063,0.25454855776748025,-0.12342690892039716,celltype,Brain
2006,seqFISH,OB,OB_0,DeepST,0.27685070638273696,0.4060768335107145,0.39277232527575767,0.6396825396825397,0.4278922346275088,0.3863892949290823,0.4060768335107145,38.95331416130066,165.92539405822754,0.39126984126984127,0.21425646304261062,-0.05362452136661093,celltype,Brain
2007,seqFISH,OB,OB_0,GraphST,0.1181124363393776,0.2742976573178803,0.3418793661577363,0.4444444444444445,0.23741414875991654,0.3247490994562222,0.2742976573178803,8.502486324310302,99.82430248260496,0.3015873015873015,0.1565832622604741,-0.2311854729798959,celltype,Brain
2008,seqFISH,OB,OB_0,PRECAST,0.3503164266364065,0.5945206369377923,0.4581040485029474,0.7619047619047619,0.6239556323117021,0.5677377119057271,0.5945206369377923,4.997391939163208,120.6,0.75,0.2863737406798076,-0.129738012661448,celltype,Brain
2009,seqFISH,OB,OB_0,SEDR,0.01950436315551956,0.13913624528078675,0.2965911301538371,0.37460317460317455,0.11777722943192082,0.17131513724429948,0.13913624528078672,4.96295804977417,63.92307052612305,0.06984126984126979,0.14485396406306233,-0.21833697384060385,celltype,Brain
2010,seqFISH,OB,OB_0,STAGATE,0.1372621458563381,0.2559453990284865,0.3084142546252174,0.5277777777777778,0.2472899540737533,0.265228722387236,0.2559453990284866,9.475585889816283,80.40577182769775,0.40476190476190477,0.1673186008212507,-0.2003196193483138,celltype,Brain
2011,seqFISH,OB,OB_0,SpaGCN,0.4568906838829118,0.5957540471112218,0.547304940110393,0.7777777777777778,0.6341180004008912,0.5617672905743716,0.5957540471112218,9.858285045623779,65.21131992340088,0.8293650793650794,0.2375210475816069,-0.1842157404404355,celltype,Brain
2012,seqFISH,OB,OB_0,SpaceFlow,0.09531134611247666,0.2551676183301809,0.2324614457632098,0.44841269841269843,0.27143801887713453,0.24074115943003432,0.2551676183301809,15.963366317749024,80.40178070068359,0.08174603174603168,0.14586579037968825,0.2747811730328198,celltype,Brain
2013,seqFISH,OB,OB_0,SpatialMGCN,0.0234497264118507,0.1488514946292441,0.3896542945852971,0.3928571428571428,0.0995172770687407,0.2951851795860137,0.1488514946292441,10.259580850601196,22.43225593566894,0.0515873015873015,0.1386853146247267,-0.41144635761818565,celltype,Brain
2014,seqFISH,OB,OB_0,stLearn,0.43784364983056473,0.5724168885672134,0.5409801383998445,0.7206349206349205,0.5599425908539589,0.5860156739085858,0.5724168885672134,1.117484712600708,56.61577186584473,0.7531746031746032,0.24853358205073778,-0.36097212543055723,celltype,Brain
2015,seqFISH,OB,OB_1,BASS,0.00011230551667979998,0.0397626573538872,0.6725154200800105,0.6403508771929824,0.022475934590316,0.1722232423076325,0.0397626573538872,26.58201398849487,202.98,0.0204678362573099,0.1372897623688134,-0.4991198395210802,celltype,Brain
2016,seqFISH,OB,OB_1,Banksy,0.004759395280245917,0.048181511456410295,0.3892815267069663,0.6345029239766082,0.05815074879347608,0.04113468977796464,0.048181511456410295,3.606066417694092,64.24928989410401,0.06198830409356718,0.13656478327779506,0.14290829696927254,celltype,Brain
2017,seqFISH,OB,OB_1,CCST,0.0002797581724698999,0.03724896203376096,0.29947732954125417,0.6345029239766082,0.05054827019117962,0.029504851259084842,0.03724896203376096,60.66792945861816,81.03037338256836,0.021637426900584757,0.12879672531081485,0.24162111894005292,celltype,Brain
2018,seqFISH,OB,OB_1,CellCharter,0.02173138369032692,0.0636903472960056,0.3160703209267424,0.6345029239766082,0.08688818398247211,0.05027295788154331,0.0636903472960056,16.17096290588379,124.51987495422364,0.8029239766081873,0.22446839622816084,-0.06594755660226588,celltype,Brain
2019,seqFISH,OB,OB_1,DeepST,0.00841070205949526,0.046752378281011656,0.31823422169999493,0.6345029239766082,0.061429456839531806,0.03773756381009789,0.046752378281011656,39.21534566879272,207.73406867980958,0.2994152046783625,0.16184788863646316,-0.0333751892073457,celltype,Brain
2020,seqFISH,OB,OB_1,GraphST,0.030171498864832103,0.0923435267409992,0.4495227212176685,0.6345029239766082,0.1031984444260706,0.0835548214983959,0.0923435267409992,9.66413369178772,134.8459659576416,0.3421052631578947,0.1429125475134168,-0.1928317048417814,celltype,Brain
2021,seqFISH,OB,OB_1,PRECAST,0.0849654086844967,0.160929772661104,0.5206288847053483,0.6871345029239766,0.1702702000190711,0.1525608199258086,0.1609297726611041,5.121361970901489,119.3,0.3654970760233918,0.2027468405274234,-0.1130319167693088,celltype,Brain
2022,seqFISH,OB,OB_1,SEDR,0.015372988697650861,0.061309386635824546,0.40406295636951217,0.6345029239766082,0.07102058586043036,0.053998701748551925,0.061309386635824546,6.899711465835571,77.65540733337403,0.15029239766081864,0.1396157637875267,-0.10851687668597235,celltype,Brain
2023,seqFISH,OB,OB_1,STAGATE,0.01896682345476776,0.04818382999233271,0.3895357432812988,0.6444444444444445,0.05696711155218896,0.04177750328621012,0.04818382999233271,7.5237123489379885,108.58915519714355,0.2467836257309941,0.14342921982582393,-0.22350081732524707,celltype,Brain
2024,seqFISH,OB,OB_1,SpaGCN,0.0373296053030321,0.0885253681323049,0.3190264854835379,0.6461988304093568,0.12239821221382022,0.0693368756302944,0.0885253681323049,6.340299892425537,99.694095993042,0.7631578947368421,0.1891199354038684,-0.0801772063468549,celltype,Brain
2025,seqFISH,OB,OB_1,SpaceFlow,-0.00218095603508218,0.036453128006676216,0.2942734960398506,0.6345029239766082,0.04992466433993216,0.028709611056198243,0.036453128006676216,12.188552522659302,108.58141536712647,0.0421052631578947,0.13094798965729212,0.23104308607729857,celltype,Brain
2026,seqFISH,OB,OB_1,SpatialMGCN,0.029615875244199,0.0683351653855122,0.6860331001584324,0.6461988304093568,0.0381347394253564,0.3284397241165992,0.0683351653855122,6.504504632949829,31.618965911865235,0.0175438596491228,0.124223574984383,-0.4326188910021923,celltype,Brain
2027,seqFISH,OB,OB_1,stLearn,0.04623506687890068,0.10271232935102355,0.4548024755907173,0.6578947368421053,0.10581766500660701,0.09996512318564374,0.10271232935102355,1.1402093887329101,76.901149559021,0.49590643274853796,0.182278939285328,-0.34621791661165063,celltype,Brain
2028,seqFISH,OB,OB_2,BASS,0.10390176318720498,0.1689679215640214,0.660246981278994,0.6163934426229508,0.1062106800102129,0.412998337685795,0.1689679215640214,28.815020036697387,208.6,0.05573770491803269,0.1656799120057917,-0.4749404772974596,celltype,Brain
2029,seqFISH,OB,OB_2,Banksy,0.02018405497320326,0.0632040195197298,0.4014739562024854,0.6131147540983607,0.07110695599744722,0.05688792593040563,0.0632040195197298,3.4648959636688232,57.423977088928225,0.0511475409836065,0.16202550392770002,0.10017303163212059,celltype,Brain
2030,seqFISH,OB,OB_2,CCST,0.00984698096250928,0.03867755833565106,0.30319896502558724,0.579672131147541,0.04859091825554446,0.032125885655633055,0.03867755833565106,55.892999935150144,77.97547645568848,0.0491803278688524,0.16175115939839493,0.18706624856118861,celltype,Brain
2031,seqFISH,OB,OB_2,CellCharter,0.01708172091709682,0.06262904804775472,0.2950600629615732,0.5829508196721311,0.08129938636821467,0.050941547607647394,0.06262904804775472,16.190721607208253,112.86696434020996,0.921967213114754,0.26777594490160966,-0.07887155386465075,celltype,Brain
2032,seqFISH,OB,OB_2,DeepST,0.00798023222474116,0.04776388507479074,0.3030501717911885,0.5783606557377049,0.05989219432861782,0.039771048061657176,0.04776388507479074,37.33142004013062,190.49602794647217,0.2367213114754098,0.18456204937278448,0.07015130594666383,celltype,Brain
2033,seqFISH,OB,OB_2,GraphST,0.0384647337475208,0.0666102599100751,0.3854216123327776,0.5770491803278689,0.0740587899188261,0.06052309472942939,0.0666102599100751,8.228761434555054,120.42183170318603,0.5245901639344263,0.1724618491320596,-0.2646607647740459,celltype,Brain
2034,seqFISH,OB,OB_2,PRECAST,0.0406294034306074,0.1255383014497254,0.3497753280073893,0.6262295081967213,0.1540691999095614,0.1059231941005681,0.1255383014497253,4.898850011825561,127.96000000000001,0.7114754098360656,0.2520454516954182,-0.0936735016977021,celltype,Brain
2035,seqFISH,OB,OB_2,SEDR,-0.0005138791412069799,0.0394618473344691,0.4048284427161315,0.5790163934426229,0.04160557010906002,0.03797543382745474,0.0394618473344691,6.645156526565552,71.98850650787354,0.16065573770491798,0.16395253250295058,-0.17133357898094959,celltype,Brain
2036,seqFISH,OB,OB_2,STAGATE,-0.040368557205629464,0.05225290373040002,0.4001573281473164,0.5757377049180328,0.05373436250114884,0.051231423254323116,0.05225290373040002,7.485405683517456,96.9738676071167,0.12918032786885242,0.16638571551053855,-0.22486594793898593,celltype,Brain
2037,seqFISH,OB,OB_2,SpaGCN,0.0390571463790299,0.0969849598630032,0.2986809696845073,0.5934426229508196,0.1284463382897708,0.0779034509364285,0.0969849598630032,15.763703012466431,92.11280899047851,0.780327868852459,0.228834205475375,-0.0926378825666305,celltype,Brain
2038,seqFISH,OB,OB_2,SpaceFlow,0.01197356503704306,0.03704177189422968,0.279013501173974,0.5737704918032787,0.048869556703821884,0.029823686504854962,0.03704177189422968,13.510562992095947,96.96683273315429,0.06032786885245896,0.15663237846489972,0.2709374949383908,celltype,Brain
2039,seqFISH,OB,OB_2,SpatialMGCN,-0.0185451046234657,0.0320751378175961,0.5043465997100445,0.580327868852459,0.0259699028219528,0.0419331558628165,0.0320751378175961,6.347575330734253,31.12020950317383,0.20655737704918034,0.1715372115683889,-0.3888490956474648,celltype,Brain
2040,seqFISH,OB,OB_2,stLearn,0.06571327642817151,0.11220554755378484,0.436102813213636,0.6045901639344262,0.11596093173035005,0.1098920169497514,0.11220554755378484,1.1020918369293213,69.94579830169678,0.5888524590163934,0.23186415197927346,-0.3225216874608221,celltype,Brain
2041,seqFISH,OB,OB_3,BASS,0.1472786751911272,0.2053149743695526,0.7208450417196756,0.6842105263157895,0.1281110122347979,0.516688928974548,0.2053149743695526,24.888105964660646,206.8,0.0495356037151702,0.1585997865828555,-0.4269065280770402,celltype,Brain
2042,seqFISH,OB,OB_3,Banksy,0.030771756239232,0.06550440974773811,0.4959381114609549,0.6594427244582043,0.06929498617832,0.06265287078706888,0.06550440974773808,3.6578044414520265,60.73843650817871,0.07863777089783276,0.16150611752357472,-0.027666582864194315,celltype,Brain
2043,seqFISH,OB,OB_3,CCST,0.00492897786237072,0.04219061205945388,0.3858568802501334,0.6501547987616099,0.050405436397027256,0.03633152849440026,0.04219061205945388,60.20924897193909,83.88288879394531,0.0359133126934984,0.14472062374580427,0.16116973439447851,celltype,Brain
2044,seqFISH,OB,OB_3,CellCharter,0.00808818277550584,0.045738116653118846,0.33146566813220363,0.6501547987616099,0.061260912317222735,0.03649463546954454,0.04573811665311882,15.978715133666991,119.51251335144043,0.9219814241486068,0.24061808685268554,-0.06148455933552086,celltype,Brain
2045,seqFISH,OB,OB_3,DeepST,0.008319021947857299,0.04420547534003072,0.3318593889503931,0.6501547987616099,0.05894584281429814,0.03537109236191184,0.04420547534003072,38.20948204994202,198.8453531265259,0.36965944272445816,0.18427619704592518,0.03657697170247736,celltype,Brain
2046,seqFISH,OB,OB_3,GraphST,0.0482788865061283,0.0759645452118652,0.4844042620422161,0.6625386996904025,0.0791379386396544,0.0730358428999794,0.0759645452118652,7.543555688858032,127.43548946380615,0.2569659442724458,0.1541546689483346,-0.1767264653594935,celltype,Brain
2047,seqFISH,OB,OB_3,PRECAST,0.0416774122533729,0.104157267746757,0.3927689869753074,0.6842105263157895,0.1314032605499934,0.0862695808686194,0.104157267746757,4.452164030075073,123.55999999999999,0.6346749226006192,0.22201648697227266,-0.10734572669573658,celltype,Brain
2048,seqFISH,OB,OB_3,SEDR,-0.0025864752395257,0.0313997358198702,0.4219533180987217,0.6501547987616099,0.03483755080136784,0.028694507924959818,0.0313997358198702,6.984582233428955,74.77271633148193,0.19999999999999996,0.15579479133793014,-0.16064979779594182,celltype,Brain
2049,seqFISH,OB,OB_3,STAGATE,0.011456236423769455,0.03943755809476644,0.47040917818631717,0.6513931888544892,0.04112568932867764,0.03791514358035804,0.03943755809476644,7.359605503082276,102.61865558624268,0.16904024767801853,0.1657229846882329,-0.20546213235973373,celltype,Brain
2050,seqFISH,OB,OB_3,SpaGCN,0.0346129283631082,0.0830706757958233,0.3460036368542643,0.6873065015479877,0.11189346099418432,0.066055382185237,0.0830706757958233,8.09484691619873,105.33879852294922,0.7585139318885449,0.2104471957218686,-0.058493714412430994,celltype,Brain
2051,seqFISH,OB,OB_3,SpaceFlow,0.00358683674559288,0.030928541068425817,0.3325245326146208,0.6501547987616099,0.041076047219874304,0.02480337130859542,0.030928541068425817,17.398343229293822,102.61182727813721,0.04148606811145504,0.14910308668896322,0.2953069934266307,celltype,Brain
2052,seqFISH,OB,OB_3,SpatialMGCN,-0.0644738392487518,0.0271810545939494,0.5590421696899902,0.6501547987616099,0.0232000942927708,0.0328112093829227,0.0271810545939494,6.716008138656616,34.066149139404295,0.0247678018575851,0.1458923230800248,-0.3070030735212607,celltype,Brain
2053,seqFISH,OB,OB_3,stLearn,0.08178587925528992,0.12144965325818184,0.5216358144955788,0.6792569659442724,0.12151102062496591,0.12277419972735801,0.12144965325818183,1.2595748901367188,74.29505882263183,0.4371517027863777,0.20475218590822203,-0.21068921800443183,celltype,Brain
2054,seqFISH,OB,OB_4,BASS,0.1590247186566669,0.1496404538774877,0.7003283084443896,0.6734104046242775,0.0966722885062386,0.331000466129188,0.1496404538774877,27.09507598876953,202.4,0.0722543352601156,0.1519791184699778,-0.3987470039478665,celltype,Brain
2055,seqFISH,OB,OB_4,Banksy,0.0055939767500339,0.05323398247117084,0.38995153967335,0.6479768786127168,0.062158396174555444,0.04668701948851254,0.05323398247117084,3.745821237564087,64.96870269775391,0.06878612716763002,0.1578303385478826,0.08115408596572618,celltype,Brain
2056,seqFISH,OB,OB_4,CCST,0.01603231671968268,0.03602976039622262,0.3548645470381277,0.6473988439306358,0.04394800773303047,0.03056131623097564,0.03602976039622262,60.950692081451415,90.75414524078369,0.02832369942196524,0.13850693232029204,0.11010459348114388,celltype,Brain
2057,seqFISH,OB,OB_4,CellCharter,0.01540720205685626,0.057936749394467045,0.30246692752459403,0.6479768786127168,0.0771216122717664,0.04639563094614854,0.057936749394467045,16.7852126121521,127.97840843200683,0.9329479768786128,0.24472067507988574,-0.07770411847402783,celltype,Brain
2058,seqFISH,OB,OB_4,DeepST,0.022533879375482603,0.0552278654512662,0.3360752437862298,0.6473988439306358,0.06972740167397576,0.04576895829676646,0.0552278654512662,39.44824557304382,209.54740772247314,0.2450867052023121,0.1667030680750619,0.03689449915552282,celltype,Brain
2059,seqFISH,OB,OB_4,GraphST,-0.0160106529778416,0.0903292190999502,0.40296904793916893,0.6589595375722543,0.10240986754444589,0.080797988230856,0.0903292190999502,8.456411600112915,136.39727458953857,0.3670520231213873,0.1635820182411877,-0.1127233165874307,celltype,Brain
2060,seqFISH,OB,OB_4,PRECAST,0.130726988329148,0.1405599675003076,0.4410694377234791,0.684971098265896,0.1712949868370313,0.1191764443251625,0.1405599675003076,4.906587982177735,123.62,0.5028901734104047,0.21164819657348527,-0.05027995138477,celltype,Brain
2061,seqFISH,OB,OB_4,SEDR,-0.0028963382183247203,0.04468810353161272,0.3922637878370075,0.6479768786127168,0.049907266477416376,0.04049510058219244,0.04468810353161274,6.731814813613892,78.26626377105713,0.19017341040462427,0.14696554780480542,-0.21631462029816334,celltype,Brain
2062,seqFISH,OB,OB_4,STAGATE,-0.00712025525695794,0.027468963414920576,0.3452074184675095,0.6473988439306358,0.03367627982435324,0.02319384337183612,0.027468963414920576,8.282458925247193,109.83194942474366,0.191907514450867,0.14964314735281953,-0.16548197156490635,celltype,Brain
2063,seqFISH,OB,OB_4,SpaGCN,0.035553449082116,0.1061683943900785,0.3153897149607804,0.6473988439306358,0.1418810567416324,0.0848187878802334,0.1061683943900785,5.885685443878174,104.21220512390137,0.7832369942196532,0.20550265104880777,-0.1053630821965936,celltype,Brain
2064,seqFISH,OB,OB_4,SpaceFlow,0.016029946822678283,0.05226644804635529,0.3019534144190864,0.6473988439306358,0.06949634462159192,0.04188299016909044,0.05226644804635526,18.069256258010864,109.82513217926025,0.03236994219653174,0.1402482471050642,0.30546130766919416,celltype,Brain
2065,seqFISH,OB,OB_4,SpatialMGCN,0.0389807431823059,0.0489436910431875,0.6324645506359741,0.653179190751445,0.0338140585620543,0.0885756312776099,0.0489436910431875,6.9208344459533695,36.07179203033447,0.0289017341040462,0.1359150382970869,-0.0998451086110635,celltype,Brain
2066,seqFISH,OB,OB_4,stLearn,0.06828340597515956,0.1336010228756666,0.46683982565025695,0.6786127167630058,0.1369487806814138,0.13272848478710536,0.1336010228756666,1.0957571506500243,79.69728145599365,0.5439306358381503,0.2060030467624981,-0.26086485405179793,celltype,Brain
2067,seqFISH,OB,OB_5,BASS,0.2885103581189608,0.3932897421752144,0.6955871723994371,0.7216494845360825,0.2843308375610695,0.6376413826190694,0.3932897421752143,29.375050020217895,209.82,0.134020618556701,0.20077797123381141,-0.345949082692191,celltype,Brain
2068,seqFISH,OB,OB_5,Banksy,0.04851246951241614,0.15559052094436554,0.34600766449137893,0.6350515463917527,0.17696396162661246,0.13890946929401432,0.15559052094436554,3.6809778690338133,60.54210014343262,0.11958762886597936,0.1622182133489105,0.05517424341857872,celltype,Brain
2069,seqFISH,OB,OB_5,CCST,0.02770834268977332,0.09907888859421436,0.29532487645660793,0.6130584192439863,0.11723989362633636,0.08582437849678895,0.09907888859421438,55.749962949752806,78.2832103729248,0.06529209621993122,0.15709232403362808,0.16130090309798117,celltype,Brain
2070,seqFISH,OB,OB_5,CellCharter,0.12436815466645892,0.28035080368994414,0.36024978209054137,0.7058419243986254,0.3425151921232807,0.23730057783263483,0.28035080368994414,21.282707166671752,108.30503959655762,0.8481099656357388,0.2671847542584268,-0.10120315732437894,celltype,Brain
2071,seqFISH,OB,OB_5,DeepST,0.07183988484391848,0.1987647176018767,0.3131725613515814,0.679725085910653,0.24365326537514825,0.16785487044398217,0.1987647176018767,36.246595239639284,183.9716905593872,0.40824742268041236,0.20397571893548028,-0.004603580351318801,celltype,Brain
2072,seqFISH,OB,OB_5,GraphST,0.319868178450463,0.3091084675035737,0.6017726373245246,0.7079037800687286,0.2991097752801951,0.3197987544255769,0.3091084675035737,8.448805236816407,114.96741275787353,0.3195876288659793,0.1762692178582028,-0.2954765350648429,celltype,Brain
2073,seqFISH,OB,OB_5,PRECAST,0.44662005070784006,0.5267901212689329,0.6641742563129354,0.8109965635738832,0.536614792308853,0.5173187342339823,0.5267901212689329,4.758239984512329,128.64,0.46048109965635736,0.25994398577417,-0.139253037405973,celltype,Brain
2074,seqFISH,OB,OB_5,SEDR,0.06158550368948916,0.11049456017312705,0.4122745495903608,0.6219931271477663,0.11166284986856592,0.10945772092538238,0.11049456017312705,7.02029972076416,69.88068180084228,0.15532646048109963,0.15887345191962415,-0.18289506075385104,celltype,Brain
2075,seqFISH,OB,OB_5,STAGATE,0.06841734354482554,0.12181645300596475,0.395038928154025,0.6419243986254296,0.127265981089416,0.11681483595293729,0.12181645300596473,7.0647471904754635,92.58449630737304,0.27628865979381445,0.16761127144734528,-0.3057262331508186,celltype,Brain
2076,seqFISH,OB,OB_5,SpaGCN,0.11620646499212502,0.2944095149721659,0.3469553389853632,0.7285223367697594,0.3643685370690004,0.2469876985831398,0.2944095149721659,2.9908610343933106,89.51327419281006,0.8281786941580757,0.2304999776198286,-0.1314240889110559,celltype,Brain
2077,seqFISH,OB,OB_5,SpaceFlow,0.02187400042514684,0.08550068372461203,0.2718748370098747,0.6116838487972509,0.10397199104708581,0.07262783858835567,0.08550068372461203,12.702682876586914,92.57738399505615,0.04673539518900338,0.15629615010981937,0.24644426445378512,celltype,Brain
2078,seqFISH,OB,OB_5,SpatialMGCN,0.10275058180283718,0.1606401651451472,0.5138647430217343,0.6460481099656358,0.1447636529879637,0.1804280626686667,0.1606401651451472,6.209215497970581,30.471475028991698,0.2302405498281786,0.1724282230081426,-0.3733960826023584,celltype,Brain
2079,seqFISH,OB,OB_5,stLearn,0.21675077002731746,0.3263441742763081,0.4812269411489133,0.7292096219931272,0.3457451865919818,0.3101008129273359,0.3263441742763081,1.1104690551757812,67.38578548431397,0.7230240549828179,0.24109714297553314,-0.31511107174574854,celltype,Brain
2080,seqFISH,OB,OB_6,BASS,0.41370683484836046,0.5332949910966633,0.6491003531548004,0.7120418848167539,0.4176435510890203,0.7375265965129139,0.5332949910966633,22.30033197402954,225.14000000000001,0.1151832460732984,0.2066029662528952,-0.5218252264310559,celltype,Brain
2081,seqFISH,OB,OB_6,Banksy,0.23910618210773055,0.3994547279621422,0.40786553214577836,0.6680628272251308,0.4239317272712217,0.37780690541715856,0.3994547279621422,3.3475904941558836,23.33171672821045,0.21570680628272249,0.21101605065242227,0.07292167426327226,celltype,Brain
2082,seqFISH,OB,OB_6,CCST,0.1572422285966491,0.2505128065642158,0.3746166495892542,0.5759162303664922,0.23908593678497575,0.26347181823225213,0.2505128065642158,53.40573835372925,42.268856620788576,0.12041884816753923,0.19111468471893409,0.1581513944013842,celltype,Brain
2083,seqFISH,OB,OB_6,CellCharter,0.34405537074348186,0.44133318898117313,0.48589346098100084,0.7162303664921466,0.4735354503562251,0.4133720265670132,0.44133318898117324,14.114245271682739,69.34881038665772,0.6973821989528796,0.2738161690740871,-0.04052511094253454,celltype,Brain
2084,seqFISH,OB,OB_6,DeepST,0.3013471692439924,0.3803674402441131,0.4539168331073814,0.6534031413612565,0.40159436690931277,0.36135317494550934,0.3803674402441131,32.425604820251465,135.0368932723999,0.27748691099476436,0.211273439951647,-0.06685015873606334,celltype,Brain
2085,seqFISH,OB,OB_6,GraphST,0.062909306381086,0.1818806374429849,0.3502170215950557,0.518324607329843,0.1606460206246833,0.2095840070190787,0.1818806374429849,8.56582589149475,75.99865188598633,0.3612565445026178,0.2019715987546936,-0.1750714931437571,celltype,Brain
2086,seqFISH,OB,OB_6,PRECAST,0.519935003660236,0.6326470377362393,0.6278224591048376,0.837696335078534,0.6782559001519454,0.5927855702440716,0.6326470377362392,3.4695759773254395,125.17999999999999,0.7329842931937173,0.2895327118381051,-0.0722738012890205,celltype,Brain
2087,seqFISH,OB,OB_6,SEDR,0.06361632616465997,0.15634172027271925,0.4372072262761117,0.4827225130890052,0.12264815897001544,0.21569620369529083,0.15634172027271923,4.268322467803955,45.35391750335693,0.05968586387434549,0.17427987445639848,-0.11971797591171192,celltype,Brain
2088,seqFISH,OB,OB_6,STAGATE,0.1394842820168091,0.20885742019445314,0.3876250382222537,0.5549738219895288,0.1914846315056196,0.2296971044366746,0.20885742019445314,6.279170370101928,61.21951103210449,0.21989528795811522,0.22486207495182634,-0.3063267465339006,celltype,Brain
2089,seqFISH,OB,OB_6,SpaGCN,0.4426988698444204,0.5834302324546182,0.5640942939740303,0.8062827225130891,0.639482412332139,0.5364123893425501,0.5834302324546182,10.706915855407715,44.23663902282715,0.6387434554973822,0.2707326104740356,-0.0692917566225684,celltype,Brain
2090,seqFISH,OB,OB_6,SpaceFlow,0.23179645162725,0.31339753715811536,0.38704198237800425,0.6020942408376964,0.34407147733858734,0.28774535915928784,0.31339753715811536,10.141775751113892,61.21217079162598,0.06701570680628263,0.17790327005348167,0.20126649050049514,celltype,Brain
2091,seqFISH,OB,OB_6,SpatialMGCN,0.030239501047335405,0.1108411780562637,0.4993383182651548,0.4450261780104712,0.0639771195424401,0.41437936128857283,0.1108411780562637,5.385858011245728,17.170641136169433,0.0418848167539267,0.1584375512334129,-0.3246895342822216,celltype,Brain
2092,seqFISH,OB,OB_6,stLearn,0.34099059211594707,0.431477329407539,0.5146198265996116,0.6596858638743456,0.4071148324260637,0.46311679634515013,0.431477329407539,0.9563902378082275,42.10097198486328,0.5612565445026177,0.25581243257690683,-0.29568826266759973,celltype,Brain
2093,seqFISH,SVZ,SVZ_0,BASS,0.1913013105412752,0.3926472273128923,0.532109838647436,0.5169491525423728,0.2715609213378188,0.7086088411177162,0.3926472273128923,20.695260047912598,235.5,0.1864406779661017,0.2630911110193476,-0.1217426471443239,celltype,Brain
2094,seqFISH,SVZ,SVZ_0,Banksy,0.06759217788703356,0.26593873192015677,0.22414037490990107,0.48305084745762716,0.2828679255470763,0.2509295602942972,0.26593873192015677,3.455847644805908,33.12107925415039,0.21355932203389827,0.2582292553466986,0.20551069500990815,celltype,Brain
2095,seqFISH,SVZ,SVZ_0,CCST,0.07993567230055344,0.21957837131811825,0.3522217270639665,0.4542372881355933,0.18066766769884696,0.2835556200675452,0.21957837131811825,62.01149473190308,33.69819984436035,0.22881355932203387,0.26641128476615406,-0.1687278305858079,celltype,Brain
2096,seqFISH,SVZ,SVZ_0,CellCharter,0.08814634590490475,0.28602903286896797,0.24300581476696098,0.4813559322033898,0.3036299760287514,0.27041721642419075,0.2860290328689679,18.822185802459718,45.82577972412109,0.8457627118644068,0.4222961812688751,-0.12037767227931842,celltype,Brain
2097,seqFISH,SVZ,SVZ_0,DeepST,0.0360533025486833,0.2023657837491609,0.20691640564427582,0.4203389830508475,0.21016034926900623,0.1952194181065695,0.20236578374916087,34.16930708885193,83.55375442504882,0.36271186440677966,0.3647911890097879,0.06861429853846006,celltype,Brain
2098,seqFISH,SVZ,SVZ_0,GraphST,0.0686367091475382,0.2236786536208044,0.2833130247145788,0.42372881355932196,0.2084641128346712,0.2412888763106964,0.2236786536208044,9.792452621459962,47.55677757263184,0.6694915254237288,0.2839968366660798,-0.2526457695361782,celltype,Brain
2099,seqFISH,SVZ,SVZ_0,PRECAST,0.2463554556919144,0.4865680831118543,0.3806649088925726,0.6271186440677966,0.5138819270405511,0.4620112676382213,0.4865680831118543,3.3049560546875,135.52,0.6779661016949152,0.42423890224228006,-0.0696265043517483,celltype,Brain
2100,seqFISH,SVZ,SVZ_0,SEDR,0.02778853929910796,0.17060014816070063,0.33128053057447315,0.42711864406779665,0.14518849859318367,0.20725541218175678,0.17060014816070063,4.401259660720825,28.259042739868164,0.21186440677966098,0.2417285161077168,-0.09213040607863374,celltype,Brain
2101,seqFISH,SVZ,SVZ_0,STAGATE,0.0269409376194779,0.1799072794864804,0.3375695863436504,0.4406779661016949,0.1503089525637311,0.22402066590749664,0.1799072794864804,5.44787745475769,38.329146766662596,0.2457627118644068,0.2761330501514609,-0.2091164961691426,celltype,Brain
2102,seqFISH,SVZ,SVZ_0,SpaGCN,0.1149610316952572,0.2562045115342919,0.2698512998987455,0.4576271186440678,0.2699581850238429,0.2437843285477347,0.2562045115342919,7.1043760776519775,33.05938453674317,0.6440677966101694,0.4144188655520087,-0.0807349273978604,celltype,Brain
2103,seqFISH,SVZ,SVZ_0,SpaceFlow,0.03635523057459736,0.21051850941267145,0.2028160938896714,0.43559322033898307,0.22178834531442587,0.20037166178331703,0.21051850941267145,11.356355142593383,38.326700592041014,0.21186440677966098,0.254407167720417,0.15088865653258277,celltype,Brain
2104,seqFISH,SVZ,SVZ_0,SpatialMGCN,0.0492797731963061,0.1744628193982799,0.4619427801920811,0.4406779661016949,0.10719485334510251,0.4683940474206194,0.1744628193982799,6.150249958038331,12.397797584533691,0.0847457627118644,0.2094997442421803,-0.2999185477814313,celltype,Brain
2105,seqFISH,SVZ,SVZ_0,stLearn,0.21557750631306583,0.34702133592386586,0.5075415431504695,0.48305084745762705,0.25685866533580215,0.5423470723469321,0.34702133592386586,0.6369208335876465,27.95810718536377,0.2677966101694915,0.2803488381535467,-0.5063784808955104,celltype,Brain
2106,seqFISH,SVZ,SVZ_1,BASS,0.10693592900647039,0.2999429543488639,0.4858499122551555,0.4814814814814814,0.20320567520318883,0.5724713888614906,0.2999429543488639,23.458833980560303,236.1,0.1296296296296296,0.3088940022170776,-0.5230887854699046,celltype,Brain
2107,seqFISH,SVZ,SVZ_1,Banksy,0.04904096551648676,0.22820509226252184,0.19803384530371226,0.4666666666666666,0.253872200172763,0.20725279257114576,0.22820509226252184,3.4427674293518065,31.961285972595213,0.26296296296296295,0.2744101566457887,0.2301634066830281,celltype,Brain
2108,seqFISH,SVZ,SVZ_1,CCST,0.05274052151629942,0.2269440752255692,0.2341593327376234,0.45185185185185184,0.2378682679662057,0.21742328186047324,0.22694407522556914,61.87196688652038,31.042287063598632,0.34444444444444444,0.25597481516169984,-0.06697485151937478,celltype,Brain
2109,seqFISH,SVZ,SVZ_1,CellCharter,0.03628539475394984,0.21931683254646211,0.18819214002425907,0.44444444444444436,0.24356461777032176,0.19947059634091074,0.21931683254646211,15.27312707901001,42.24702491760254,0.9537037037037036,0.538093217146064,-0.17939759340310973,celltype,Brain
2110,seqFISH,SVZ,SVZ_1,DeepST,0.014345403263363782,0.16909696161316373,0.1779499912363975,0.4203703703703704,0.1842973202457671,0.156233864580752,0.16909696161316373,30.54203119277954,76.48898410797119,0.4981481481481481,0.3767819203429171,0.009913929973621022,celltype,Brain
2111,seqFISH,SVZ,SVZ_1,GraphST,0.0633387224939028,0.2286780767877409,0.2814234565803472,0.4629629629629629,0.22105099955540117,0.23685028791580223,0.2286780767877409,8.527270889282226,43.66071186065675,0.5833333333333334,0.2786441350038103,-0.21176372926852643,celltype,Brain
2112,seqFISH,SVZ,SVZ_1,PRECAST,0.1378898176900011,0.3762532497493189,0.2891298137232345,0.6018518518518519,0.4050072707842653,0.35131143483452,0.3762532497493189,3.326802062988281,135.7,0.7685185185185185,0.5261606846666238,-0.1247906507797965,celltype,Brain
2113,seqFISH,SVZ,SVZ_1,SEDR,-0.010124457665938918,0.18900934916383597,0.2768205437322931,0.41666666666666663,0.17327343347756258,0.2082212356978177,0.189009349163836,4.189157629013062,25.9348876953125,0.21296296296296288,0.24046731723665477,-0.10252156140958243,celltype,Brain
2114,seqFISH,SVZ,SVZ_1,STAGATE,0.0114139944074697,0.1557275130370641,0.3293522375082401,0.4259259259259259,0.1324783947904843,0.1888736390519997,0.1557275130370641,5.26191201210022,35.193560409545896,0.25,0.23243232215393822,-0.1684367536549579,celltype,Brain
2115,seqFISH,SVZ,SVZ_1,SpaGCN,0.05187984663586089,0.2444162824569164,0.1962292672786422,0.4537037037037037,0.2742355414025094,0.2204458915643607,0.2444162824569164,10.130625486373901,36.455302238464355,0.861111111111111,0.4208067558565844,-0.1419080925509044,celltype,Brain
2116,seqFISH,SVZ,SVZ_1,SpaceFlow,0.02040379376541868,0.17429133661144713,0.17273240584913085,0.4481481481481481,0.1937487829056524,0.15838724546803584,0.17429133661144713,9.672936296463012,35.18862457275391,0.2833333333333333,0.25074936842805967,0.1490227254324396,celltype,Brain
2117,seqFISH,SVZ,SVZ_1,SpatialMGCN,0.0168736428649935,0.1416098968702978,0.420715100927502,0.4166666666666667,0.0934357716410562,0.2923320523009718,0.1416098968702978,5.872109031677246,12.224040985107422,0.11111111111111112,0.2157120317010838,-0.5189665318667307,celltype,Brain
2118,seqFISH,SVZ,SVZ_1,stLearn,0.0709501774503809,0.20808159684233596,0.38281660606677625,0.4296296296296296,0.16163418477948305,0.29628693159704456,0.20808159684233596,0.7828302383422852,25.676538276672364,0.33518518518518514,0.29113746165696897,-0.5826804372489043,celltype,Brain
2119,seqFISH,SVZ,SVZ_2,BASS,0.22665157078602957,0.4554708504097902,0.4808790991516541,0.5444444444444444,0.3620031997706968,0.6140040146782183,0.4554708504097901,19.549494075775147,237.1,0.3666666666666666,0.3654270150599714,-0.579635334846359,celltype,Brain
2120,seqFISH,SVZ,SVZ_2,Banksy,0.053046847213734316,0.32585030270186227,0.17976524479315142,0.4822222222222222,0.35303559432763804,0.3026081051701977,0.3258503027018622,3.064897632598877,33.053860092163085,0.5844444444444445,0.36976673225532314,0.0648942287898127,celltype,Brain
2121,seqFISH,SVZ,SVZ_2,CCST,0.0646539383278755,0.2794511531535421,0.26841832276413713,0.4377777777777777,0.26130045211419095,0.30141485927434647,0.2794511531535421,60.14029459953308,26.200277900695802,0.5422222222222223,0.2948996689652909,-0.28580046348892807,celltype,Brain
2122,seqFISH,SVZ,SVZ_2,CellCharter,0.0997121991985651,0.3621798274702542,0.22264332336135978,0.49777777777777776,0.39092004234931554,0.33740786123634864,0.3621798274702542,12.130379819869995,35.69943103790283,0.9711111111111113,0.5984078020446113,-0.24780495773991357,celltype,Brain
2123,seqFISH,SVZ,SVZ_2,DeepST,0.03410595251188222,0.22997751854966428,0.22170901785391267,0.42444444444444446,0.24755688386615798,0.4147432090448796,0.22997751854966433,30.885162544250488,63.88005962371826,0.6944444444444444,0.5022170920366202,-0.08993132453738406,celltype,Brain
2124,seqFISH,SVZ,SVZ_2,GraphST,0.0436655636235654,0.3153516476509196,0.20854589981249122,0.4444444444444445,0.3159138482703689,0.3147914444624773,0.3153516476509196,9.62691855430603,36.64614982604981,0.6,0.2641146108186806,-0.1339945375631098,celltype,Brain
2125,seqFISH,SVZ,SVZ_2,PRECAST,0.262557035638462,0.5186384953746546,0.3838298366031783,0.6666666666666666,0.5254188912231869,0.5120308685206685,0.5186384953746545,3.4204999923706056,135.86,0.8444444444444444,0.5214788297652737,-0.4141201843296809,celltype,Brain
2126,seqFISH,SVZ,SVZ_2,SEDR,0.0008271851946673797,0.24742210985600765,0.23397651902691,0.39777777777777773,0.22987672646555227,0.2681609986370639,0.24742210985600765,4.174660968780517,21.758937644958497,0.35777777777777775,0.26387137979631853,-0.056034373268030124,celltype,Brain
2127,seqFISH,SVZ,SVZ_2,STAGATE,-0.0169732900834355,0.2421437844153374,0.2394584966269913,0.3888888888888889,0.2179377640104157,0.2723986991618766,0.2421437844153374,5.414687824249268,29.548211097717285,0.4222222222222222,0.2779274648007447,-0.1724662217921407,celltype,Brain
2128,seqFISH,SVZ,SVZ_2,SpaGCN,0.12485307501978052,0.3702709711212629,0.24906379775282433,0.5111111111111111,0.3963038996143627,0.3474473927052746,0.3702709711212629,15.292891025543213,34.33169956207276,0.8222222222222222,0.381763597257103,-0.1920572131001908,celltype,Brain
2129,seqFISH,SVZ,SVZ_2,SpaceFlow,0.027355356367566495,0.26172396569748757,0.14963630824884708,0.41555555555555557,0.2869577170960212,0.2405947898425937,0.26172396569748757,12.159454536437988,29.541994285583495,0.35777777777777775,0.2926134398628296,0.1961672876946328,celltype,Brain
2130,seqFISH,SVZ,SVZ_2,SpatialMGCN,0.0579621926887829,0.2422967834113198,0.4136999569039497,0.4444444444444445,0.1638967845905395,0.4644813645356008,0.2422967834113198,6.069130182266235,11.892426490783691,0.1333333333333333,0.23702714017277957,-0.5371933651118147,celltype,Brain
2131,seqFISH,SVZ,SVZ_2,stLearn,0.13533283769172932,0.30025894341828957,0.408060484206805,0.4622222222222222,0.23373199157880853,0.4450858033394562,0.3002589434182895,0.6721969604492187,21.906192779541016,0.40888888888888886,0.31890595843628455,-0.5817448151323694,celltype,Brain
2132,seqFISH,SVZ,SVZ_3,BASS,0.4742539193772279,0.4576607745031575,0.7674830110229808,0.7714285714285715,0.366110336694739,0.6102651586228206,0.45766077450315745,21.7695360660553,236.61999999999998,0.1904761904761904,0.3067794804776459,-0.48148527297278,celltype,Brain
2133,seqFISH,SVZ,SVZ_3,Banksy,0.050933367168209766,0.3396530868576002,0.278651584620188,0.740952380952381,0.44615934379009403,0.27419852394812044,0.33965308685760026,3.1774142742156983,37.96537780761719,0.3961904761904762,0.30362764306990353,0.14587031174207477,celltype,Brain
2134,seqFISH,SVZ,SVZ_3,CCST,0.05496799660125216,0.15973352766099097,0.33533053771251775,0.6533333333333333,0.1901860353211678,0.13810825627907145,0.15973352766099097,61.22202882766724,30.232992935180665,0.4,0.2636792482611271,-0.1371716643371951,celltype,Brain
2135,seqFISH,SVZ,SVZ_3,CellCharter,0.08170730981618593,0.3656792122797177,0.31760682418177905,0.7523809523809524,0.47084535579070225,0.29893856942439945,0.3656792122797177,13.166542768478394,41.16096515655518,0.9733333333333334,0.5523532050369544,-0.21122266920780022,celltype,Brain
2136,seqFISH,SVZ,SVZ_3,DeepST,0.02001302510302534,0.2159481110991325,0.25188914379956845,0.6704761904761904,0.28037654880240453,0.1756182522323762,0.2159481110991325,31.512846899032592,74.35733528137207,0.6076190476190476,0.42782211077853516,-0.049115987385548183,celltype,Brain
2137,seqFISH,SVZ,SVZ_3,GraphST,0.0093218415713522,0.23862845394055426,0.3550328111065433,0.6666666666666666,0.2648631901734455,0.217122445209821,0.23862845394055426,9.819578886032104,42.49209003448486,0.5428571428571428,0.2910496081275082,-0.2892043503810302,celltype,Brain
2138,seqFISH,SVZ,SVZ_3,PRECAST,0.2905083107812719,0.6237804228960375,0.5141689483812328,0.9047619047619048,0.7917548801458992,0.5146046647980607,0.6237804228960375,3.3676459789276123,134.56,0.9714285714285713,0.5352396856234586,-0.2173957988415903,celltype,Brain
2139,seqFISH,SVZ,SVZ_3,SEDR,-0.01757287382818626,0.1649543133139011,0.36524471797102775,0.6476190476190476,0.18387056272964508,0.1495992080202931,0.1649543133139011,3.887528419494629,25.238848304748537,0.27999999999999997,0.25757882326016424,0.039361316315987174,celltype,Brain
2140,seqFISH,SVZ,SVZ_3,STAGATE,-0.0984398744285239,0.1245522943230711,0.4105341296074629,0.6571428571428571,0.12033705776075361,0.1290735581090907,0.1245522943230711,5.258824205398559,34.25271511077881,0.3047619047619048,0.2648718073562271,-0.2268599268193253,celltype,Brain
2141,seqFISH,SVZ,SVZ_3,SpaGCN,0.0332253600295992,0.23963328695828506,0.2681431039508103,0.6571428571428571,0.3103627663610447,0.1951581295061535,0.23963328695828506,15.323717164993287,37.56999588012695,0.8,0.3333353301360408,-0.1617566677770259,celltype,Brain
2142,seqFISH,SVZ,SVZ_3,SpaceFlow,0.0043296810334418605,0.1588078620243854,0.2272302802417335,0.6495238095238095,0.2090865419794879,0.12802527403505087,0.15880786202438538,13.199058723449706,34.24749565124512,0.17904761904761904,0.2571473978477439,0.26256991566172133,celltype,Brain
2143,seqFISH,SVZ,SVZ_3,SpatialMGCN,0.2928906760840939,0.3428768057425551,0.7144325281896948,0.7428571428571429,0.24864854492932337,0.5521024606702964,0.3428768057425551,6.123370361328125,12.795054054260254,0.12380952380952379,0.2600571645353487,-0.5335642689342551,celltype,Brain
2144,seqFISH,SVZ,SVZ_3,stLearn,0.37460610569007,0.3788910677046883,0.6934117076373398,0.7409523809523809,0.3175551254278923,0.4827943446600106,0.3788910677046883,0.6825365543365478,24.99175605773926,0.3009523809523809,0.29630009986895206,-0.5638847007436109,celltype,Brain
2145,seqFISH,SVZ,SVZ_4,BASS,0.7093544453710142,0.6954834139296661,0.8256103459829071,0.8514851485148516,0.6497306952847742,0.7481678795731633,0.6954834139296661,30.82107005119324,235.32000000000002,0.3564356435643564,0.3602872822722131,-0.51894342509773,celltype,Brain
2146,seqFISH,SVZ,SVZ_4,Banksy,0.0401778003478715,0.34600998853932163,0.23977475796327563,0.689108910891089,0.43042049768640844,0.2893170742271733,0.3460099885393217,3.2204493045806886,32.379405403137206,0.499009900990099,0.304790798783113,-0.01133106738021308,celltype,Brain
2147,seqFISH,SVZ,SVZ_4,CCST,0.08955674736580255,0.2525880925808644,0.35317490016750225,0.6356435643564357,0.2758228207428591,0.2334819479775073,0.2525880925808644,60.66953792572021,29.12549705505371,0.3861386138613861,0.2494388907811278,-0.22609189697118365,celltype,Brain
2148,seqFISH,SVZ,SVZ_4,CellCharter,0.07904437884240124,0.36098430825438893,0.2714765773193193,0.6811881188118812,0.45488666394237376,0.29922218643120424,0.36098430825438893,10.421606063842773,39.67832355499267,0.8712871287128714,0.4984940209926766,-0.17558175443522026,celltype,Brain
2149,seqFISH,SVZ,SVZ_4,DeepST,0.0760287844820969,0.35749882842508607,0.27103174187349743,0.689108910891089,0.44733090021335525,0.2977313776035439,0.35749882842508607,31.535506391525267,71.56291828155517,0.6613861386138613,0.46492377256159506,-0.115383394288774,celltype,Brain
2150,seqFISH,SVZ,SVZ_4,GraphST,-0.027227971237540997,0.2144849195717277,0.2472670189247233,0.594059405940594,0.2430372710334782,0.1919360137976683,0.2144849195717277,10.078999567031861,40.934082412719725,0.5445544554455446,0.2744274034055887,-0.1691715656413977,celltype,Brain
2151,seqFISH,SVZ,SVZ_4,PRECAST,0.2235189355653125,0.535543044700669,0.41819025741875804,0.8217821782178218,0.6552173702595473,0.4528337408996916,0.535543044700669,3.541249990463257,135.84,0.9603960396039604,0.4945656345853403,-0.2881363773253023,celltype,Brain
2152,seqFISH,SVZ,SVZ_4,SEDR,0.03564091976944544,0.22772386345566997,0.34444643453941637,0.6178217821782178,0.24870826571532884,0.2102973364813253,0.22772386345566997,3.977933073043823,24.31117820739746,0.398019801980198,0.2656559918062286,-0.0463288682439758,celltype,Brain
2153,seqFISH,SVZ,SVZ_4,STAGATE,-0.0373362637088102,0.2109655584252505,0.3200908382998567,0.6039603960396039,0.2217274676632893,0.2011999845208209,0.2109655584252505,5.349602937698364,32.999514770507815,0.396039603960396,0.23770931912623147,-0.1756823524389821,celltype,Brain
2154,seqFISH,SVZ,SVZ_4,SpaGCN,0.118952825364768,0.3918623973565252,0.3187619304070331,0.693069306930693,0.4816494268249089,0.330290965867486,0.3918623973565252,13.33138074874878,33.63860321044922,0.7623762376237624,0.3652628328255955,-0.2542162318746458,celltype,Brain
2155,seqFISH,SVZ,SVZ_4,SpaceFlow,0.01896179387049856,0.2538714883938174,0.20044862417302284,0.6178217821782178,0.32559450348568314,0.20804663059775924,0.2538714883938174,14.012736320495605,32.993988609313966,0.2772277227722772,0.2681579488952015,0.25882319553343225,celltype,Brain
2156,seqFISH,SVZ,SVZ_4,SpatialMGCN,0.0374532176818719,0.1789605283494613,0.5517636383578841,0.6336633663366337,0.12482835317873711,0.315990887588406,0.1789605283494613,6.160241651535034,11.546418380737304,0.1089108910891089,0.2095779747952923,-0.5617191330421317,celltype,Brain
2157,seqFISH,SVZ,SVZ_4,stLearn,0.43251866610798084,0.4303856696883125,0.6487677336700879,0.7049504950495049,0.3998353957706413,0.4691991465859842,0.4303856696883125,0.7727223873138428,24.079755592346192,0.4554455445544555,0.3272110276458126,-0.5547127712398715,celltype,Brain
2158,seqFISH,SVZ,SVZ_5,BASS,-0.0137940001597651,0.0792969275649179,0.3556404529489419,0.3079710144927536,0.049758360647,0.1951397315344097,0.0792969275649179,40.02460799217224,206.84,0.1050724637681159,0.1654287722646925,-0.5976329964013012,celltype,Brain
2159,seqFISH,SVZ,SVZ_5,Banksy,0.06070681358182254,0.27362902004848627,0.17716179875409196,0.42028985507246375,0.30180249664279624,0.250290019936585,0.27362902004848627,3.653716802597046,52.090528869628905,0.14420289855072457,0.16540977052191255,0.19667192437927586,celltype,Brain
2160,seqFISH,SVZ,SVZ_5,CCST,0.04859638579191148,0.22821763546442014,0.17296890481801122,0.3731884057971014,0.24550310789038887,0.21323568644319071,0.22821763546442014,55.31370606422424,73.9140199661255,0.08840579710144923,0.15437624972860123,0.3352314543878652,celltype,Brain
2161,seqFISH,SVZ,SVZ_5,CellCharter,0.10291241213953328,0.31817697708730286,0.22631098787319628,0.46376811594202894,0.340402244991082,0.29871632771972395,0.3181769770873028,14.195754528045654,102.9437686920166,0.7920289855072464,0.26082515507055704,-0.1403788406321087,celltype,Brain
2162,seqFISH,SVZ,SVZ_5,DeepST,0.07737059095348275,0.24521915671293382,0.25095939832154945,0.4326086956521739,0.2693911090535943,0.42507699101363094,0.24521915671293382,34.455195903778076,177.0450252532959,0.5416666666666666,0.2291698558829664,-0.09792290535638673,celltype,Brain
2163,seqFISH,SVZ,SVZ_5,GraphST,0.055060739155942694,0.2596565283275955,0.1999621982949547,0.4094202898550724,0.2667981896172317,0.2528872358321092,0.2596565283275955,11.236257696151734,109.12545661926269,0.6702898550724637,0.1878703570347335,-0.2974548923817598,celltype,Brain
2164,seqFISH,SVZ,SVZ_5,PRECAST,0.1962585377024907,0.49275172104400633,0.4232546113665774,0.5398550724637681,0.4319803832346388,0.5734210411070623,0.49275172104400633,6.577320003509522,130.1,0.3297101449275362,0.238819252748864,-0.2839022809770103,celltype,Brain
2165,seqFISH,SVZ,SVZ_5,SEDR,0.08137488503403524,0.2326339611318681,0.25428953390467285,0.38405797101449274,0.2304179425797901,0.23492799131404776,0.23263396113186813,5.679771995544433,67.55660057067871,0.18550724637681154,0.1618333603734186,-0.18292390879377024,celltype,Brain
2166,seqFISH,SVZ,SVZ_5,STAGATE,0.02786367860043758,0.22121333669019552,0.15067666521787831,0.3514492753623188,0.24039420206983295,0.2048763557511704,0.22121333669019552,7.821957063674927,87.882373046875,0.14420289855072457,0.15489798405051122,0.16229753307977682,celltype,Brain
2167,seqFISH,SVZ,SVZ_5,SpaGCN,0.187808307270783,0.4253891912223449,0.2984606281304808,0.5434782608695652,0.4626893271255114,0.393654373155946,0.4253891912223449,24.8288782119751,78.2977689743042,0.7681159420289855,0.2201454476516258,-0.1582487025429432,celltype,Brain
2168,seqFISH,SVZ,SVZ_5,SpaceFlow,0.04168251890267596,0.23517774026586072,0.15582172538334568,0.4043478260869565,0.26076375123558215,0.21416423965842862,0.23517774026586072,7.594104433059693,87.87567539215088,0.22536231884057972,0.16629652306966083,0.1499516109429245,celltype,Brain
2169,seqFISH,SVZ,SVZ_5,SpatialMGCN,0.0802442630508351,0.2573899198071494,0.4255388467611114,0.3768115942028985,0.1711570747747807,0.5187460149397858,0.2573899198071494,6.200496053695678,24.504614067077636,0.0797101449275362,0.145441586246542,-0.4386370904951039,celltype,Brain
2170,seqFISH,SVZ,SVZ_5,stLearn,0.10658391903840676,0.2570734490683301,0.29265003610504964,0.422463768115942,0.23090481020727655,0.29239467279693826,0.2570734490683301,1.1074382781982421,63.972528266906735,0.7144927536231884,0.21889320165601403,-0.5284785635111459,celltype,Brain
2171,seqFISH,SVZ,SVZ_6,BASS,0.3130846050093716,0.23605984823021992,0.884128134326097,0.888888888888889,0.1656442082195623,0.4106115148843375,0.23605984823021992,12.780068016052246,240.71999999999997,0.037037037037037,0.20198713834495846,-0.2590614194913929,celltype,Brain
2172,seqFISH,SVZ,SVZ_6,Banksy,0.35089348743375326,0.42463694542039276,0.7270869126214656,0.9481481481481481,0.683343646577153,0.3080408354251792,0.4246369454203928,3.34599027633667,17.30947494506836,0.22962962962962957,0.2435854397006593,0.1252393796011204,celltype,Brain
2173,seqFISH,SVZ,SVZ_6,CCST,0.052098793944555175,0.08889852342411377,0.6388444175740655,0.8629629629629629,0.1194584499225515,0.07134802902894566,0.08889852342411377,61.24568328857422,29.39411449432373,0.137037037037037,0.21447885249476278,-0.06382630488726074,celltype,Brain
2174,seqFISH,SVZ,SVZ_6,CellCharter,-0.026975663315955557,0.15757065275086587,0.4457599685154099,0.8518518518518519,0.28833360472690267,0.10846307846960412,0.15757065275086587,12.962387990951537,42.025416946411134,0.774074074074074,0.36056241369708797,-0.0713846306827322,celltype,Brain
2175,seqFISH,SVZ,SVZ_6,DeepST,0.02741525576042638,0.07492320512851464,0.48179254189220944,0.8592592592592592,0.1323615368851408,0.0523612004710511,0.07492320512851464,30.590760278701783,76.4747766494751,0.2796296296296296,0.2651328218987379,0.07198124558422354,celltype,Brain
2176,seqFISH,SVZ,SVZ_6,GraphST,-0.1330448246192044,0.079560555585001,0.6028871030614433,0.8518518518518519,0.1042650570047419,0.0643204951985346,0.079560555585001,8.613284587860107,43.65915107727051,0.2314814814814814,0.22704138135661772,-0.11944376835684592,celltype,Brain
2177,seqFISH,SVZ,SVZ_6,PRECAST,0.2330784885485384,0.4357530688607535,0.617751706806209,0.9722222222222221,0.7872140526187981,0.3012544653393336,0.4357530688607535,2.3291420459747316,137.74,0.6851851851851852,0.3135902703758472,-0.1107454143382443,celltype,Brain
2178,seqFISH,SVZ,SVZ_6,SEDR,-0.03978896618736328,0.0693335726980593,0.7185059817575733,0.8518518518518519,0.07877965952616825,0.06223942568213845,0.06933357269805926,3.8402218341827394,25.933378791809083,0.06111111111111108,0.21224309233625757,-0.01992929814628476,celltype,Brain
2179,seqFISH,SVZ,SVZ_6,STAGATE,0.133589346415013,0.0632429415663607,0.6856293318581631,0.8518518518518519,0.0889058916064806,0.0490767823691328,0.0632429415663607,5.446112489700317,35.19218578338623,0.10185185185185182,0.21363352931352758,0.0204794803007089,celltype,Brain
2180,seqFISH,SVZ,SVZ_6,SpaGCN,0.0081471733233334,0.0382131451630708,0.4356874050663378,0.8518518518518519,0.0728354149582427,0.025901081818379502,0.0382131451630708,6.7880449295043945,32.77055358886719,0.6944444444444444,0.2845390357210028,-0.0687046676505537,celltype,Brain
2181,seqFISH,SVZ,SVZ_6,SpaceFlow,0.018449645141720962,0.04926477149267282,0.44983170488744406,0.8518518518518519,0.09310758137272915,0.03349362340396866,0.04926477149267282,19.485714435577393,35.18590869903564,0.08333333333333329,0.22430435272913013,0.23292557199719338,celltype,Brain
2182,seqFISH,SVZ,SVZ_6,SpatialMGCN,0.2411328457840085,0.1845694160681186,0.8776115414047039,0.8796296296296295,0.1220509307339331,0.3783965006790715,0.1845694160681185,6.218238115310669,10.183407211303711,0.0277777777777777,0.1943483563010815,-0.2793019573470631,celltype,Brain
2183,seqFISH,SVZ,SVZ_6,stLearn,0.30578056696699496,0.2795280374743473,0.7247096209306354,0.8574074074074074,0.3673038236470406,0.22862055804328843,0.2795280374743473,0.6716207981109619,25.47544174194336,0.40555555555555556,0.26438890584261,-0.269351646618413,celltype,Brain
2184,STARmap,Mouse Medial Prefrontal Cortex,BZ14,BASS,0.5497003295937941,0.5902237916407026,0.6022336690360859,0.6810661764705882,0.5802869642901777,0.6005068643286057,0.5902237916407027,471.9908839702606,507.4,0.6737132352941176,0.1506000921127739,-0.1273925607320833,celltype,Brain
2185,STARmap,Mouse Medial Prefrontal Cortex,BZ14,Banksy,0.3786847904375218,0.4593955330023727,0.46272147689332926,0.5836397058823529,0.4443146284073197,0.4755361571431552,0.4593955330023727,6.575611639022827,17.69539031982422,0.5450367647058824,0.1357701706294344,-0.11320080805804648,celltype,Brain
2186,STARmap,Mouse Medial Prefrontal Cortex,BZ14,CCST,0.1413807998901302,0.2324732159880491,0.24707564772412569,0.4016544117647059,0.21814049603675603,0.2491298261045909,0.2324732159880491,90.3368748664856,88.4670602798462,0.14411764705882352,0.08356719615798151,-0.12346350258582439,celltype,Brain
2187,STARmap,Mouse Medial Prefrontal Cortex,BZ14,CellCharter,0.24975506034646083,0.35484448781257444,0.320021293998314,0.494485294117647,0.36961703967118,0.3412174257858548,0.3548444878125745,99.41473045349122,11.931122779846191,0.6683823529411764,0.11652582003678966,-0.07471483860797354,celltype,Brain
2188,STARmap,Mouse Medial Prefrontal Cortex,BZ14,DeepST,0.2804824635694686,0.37359769253547265,0.3496391010672187,0.5347426470588236,0.3845949787041011,0.3632326708667678,0.3735976925354727,42.78643827438354,37.70744800567627,0.5215073529411764,0.1120841939941715,-0.09515938377524492,celltype,Brain
2189,STARmap,Mouse Medial Prefrontal Cortex,BZ14,GraphST,0.21244600825567267,0.2987028401654459,0.2960272476524391,0.4705882352941176,0.2949877231134521,0.3025127281943377,0.298702840165446,11.126865243911743,39.88730373382569,0.2389705882352941,0.0786565784605546,-0.1356464615507368,celltype,Brain
2190,STARmap,Mouse Medial Prefrontal Cortex,BZ14,PRECAST,0.4109550320099061,0.4819636946081628,0.4687552370004077,0.5983455882352942,0.4989144360074362,0.46612691726992334,0.48196369460816263,7.240633964538574,79.35999999999999,0.6332720588235294,0.1433141007315104,-0.12283930169144311,celltype,Brain
2191,STARmap,Mouse Medial Prefrontal Cortex,BZ14,SEDR,0.19393579307584968,0.2800407594993245,0.2830573351019995,0.4573529411764706,0.2773990764940459,0.2828034991398331,0.2800407594993245,11.610665702819825,30.124715042114257,0.18124999999999994,0.08269702796019843,-0.04939956800055514,celltype,Brain
2192,STARmap,Mouse Medial Prefrontal Cortex,BZ14,STAGATE,0.18752302509101904,0.27340212486999677,0.26658061210620804,0.453860294117647,0.27832775354513173,0.268668295079758,0.27340212486999665,13.009930324554443,21.24020347595215,0.2391544117647059,0.08897135146230112,-0.08282160830935383,celltype,Brain
2193,STARmap,Mouse Medial Prefrontal Cortex,BZ14,SpaGCN,0.4212323557662653,0.4491019991689845,0.4929269619741472,0.5477941176470589,0.4199130131466339,0.4826521037602835,0.4491019991689845,20.14442596435547,33.98756580352783,0.59375,0.1249678431935515,-0.2243549229185196,celltype,Brain
2194,STARmap,Mouse Medial Prefrontal Cortex,BZ14,SpaceFlow,0.14073672049925592,0.2560883823832258,0.217964636392806,0.4290441176470588,0.26803775980890493,0.2451604264879513,0.2560883823832258,12.705607461929322,37.5568941116333,0.12812499999999996,0.07820029611224269,0.029401900218967103,celltype,Brain
2195,STARmap,Mouse Medial Prefrontal Cortex,BZ14,SpatialMGCN,0.2943165302498826,0.374224879561585,0.4216022090983821,0.49908088235294124,0.3241702001481836,0.4425599607885163,0.374224879561585,23.32580237388611,32.92260456085205,0.42555147058823534,0.12040485439710699,-0.3356617704952318,celltype,Brain
2196,STARmap,Mouse Medial Prefrontal Cortex,BZ14,stLearn,0.4825077347367526,0.5655496498064054,0.5342751158905882,0.6744485294117647,0.5839107846719209,0.548332267407623,0.5655496498064054,1.298117208480835,4.390799522399902,0.8306985294117647,0.16487101340228363,-0.155751666041749,celltype,Brain
2197,STARmap,Mouse Medial Prefrontal Cortex,BZ14,BASS,0.7698086180042341,0.7348618008489519,0.8502581879468953,0.9209558823529413,0.7629446284447697,0.7087729500734178,0.7348618008489519,471.9908839702606,507.4,0.0349264705882352,0.0752787777439074,0.21891056640394072,domain,Brain
2198,STARmap,Mouse Medial Prefrontal Cortex,BZ14,Banksy,0.4906728171471075,0.5490835201674913,0.6827842020508573,0.7931985294117647,0.53928264898904,0.5592472256487728,0.5490835201674913,5.202308177947998,17.694912147521972,0.0147058823529411,0.0733559885338443,0.1472622706830733,domain,Brain
2199,STARmap,Mouse Medial Prefrontal Cortex,BZ14,CCST,0.46036073587612003,0.49465814131467745,0.6463870623125294,0.7702205882352942,0.5083204130564235,0.48238644407655357,0.49465814131467756,86.03193764686584,81.19088191986084,0.0680147058823529,0.078631714543124,0.13804967833000145,domain,Brain
2200,STARmap,Mouse Medial Prefrontal Cortex,BZ14,CellCharter,0.5865708947374937,0.6218951524301481,0.7224714690389579,0.8654411764705883,0.679781845912374,0.5731341140518328,0.6218951524301481,92.56545572280884,11.920492553710938,0.053860294117647,0.07588613965312237,0.2030137826479989,domain,Brain
2201,STARmap,Mouse Medial Prefrontal Cortex,BZ14,DeepST,0.6586110084581314,0.6113378030152912,0.7803156817106521,0.8678308823529411,0.6248621526521029,0.5985813507812179,0.6113378030152912,66.85714750289917,37.12732906341553,0.0852941176470588,0.07720449792275375,0.15542248778532014,domain,Brain
2202,STARmap,Mouse Medial Prefrontal Cortex,BZ14,GraphST,0.6474013876094794,0.6084385973145682,0.7719889345264168,0.8685661764705882,0.6237977652257192,0.5938176019137743,0.6084385973145682,11.03589186668396,39.8877347946167,0.0689338235294117,0.0770896466756683,0.1976692568634821,domain,Brain
2203,STARmap,Mouse Medial Prefrontal Cortex,BZ14,PRECAST,0.3776582311833387,0.4465934687213826,0.5892686645380929,0.7913602941176471,0.47115568087816706,0.424465311395023,0.4465934687213826,2.956183958053589,74.0,0.1387867647058823,0.0831364150956888,0.051891619366317296,domain,Brain
2204,STARmap,Mouse Medial Prefrontal Cortex,BZ14,SEDR,0.31377063371656816,0.3856735670145811,0.565394196665484,0.7119485294117648,0.38690416064892336,0.38664627096960713,0.3856735670145811,10.463425397872925,30.125686264038087,0.051654411764705824,0.07568271253472796,0.020453442395127024,domain,Brain
2205,STARmap,Mouse Medial Prefrontal Cortex,BZ14,STAGATE,0.7444280897996493,0.6947629864573838,0.8377032672339624,0.8979779411764707,0.6952616546321705,0.69426524588004,0.6947629864573838,10.46294183731079,21.309704208374022,0.0441176470588235,0.0754818801757053,0.21829015497241247,domain,Brain
2206,STARmap,Mouse Medial Prefrontal Cortex,BZ14,SpaGCN,0.2584993945899301,0.3115786954981976,0.4863904823211104,0.6884191176470589,0.3479635522849029,0.2820826810854562,0.3115786954981976,7.214632177352906,32.15077934265137,0.3795955882352941,0.092610692659606,-0.0083033394318379,domain,Brain
2207,STARmap,Mouse Medial Prefrontal Cortex,BZ14,SpaceFlow,0.6715322580332433,0.6663924717038684,0.781467253197291,0.8972426470588235,0.7217976691215552,0.6189560862653202,0.6663924717038684,12.795129299163818,32.276075172424314,0.02444852941176464,0.07379247082284358,0.19667166685916532,domain,Brain
2208,STARmap,Mouse Medial Prefrontal Cortex,BZ14,SpatialMGCN,0.2804273738840407,0.273301155000363,0.5338584661809489,0.6829044117647058,0.2794589501434641,0.2674088795906119,0.2733011550003629,15.70109715461731,32.926690864562985,0.2803308823529412,0.1011196417327362,0.0020763546714098,domain,Brain
2209,STARmap,Mouse Medial Prefrontal Cortex,BZ14,stLearn,0.21147930342318286,0.22470526580520192,0.46356914506696745,0.6452205882352942,0.24502088424620463,0.20750088356779378,0.22470526580520192,1.2685791492462157,4.390909194946289,0.44981617647058825,0.1006378530323571,0.00588219542040032,domain,Brain
2210,STARmap,Mouse Medial Prefrontal Cortex,BZ5,BASS,0.4026136524701389,0.5221023866407276,0.469159868844247,0.5862726406101049,0.5109274422106765,0.5337770959886903,0.5221023866407276,489.8775780200958,480.9,0.6539561487130601,0.1515274017296717,-0.1622526148700451,celltype,Brain
2211,STARmap,Mouse Medial Prefrontal Cortex,BZ5,Banksy,0.3104680661229585,0.4371291788904242,0.38979938294820576,0.5319351763584367,0.42780715893028837,0.44688236039759965,0.4371291788904242,5.344130373001098,17.06958293914795,0.5387988560533842,0.14102309003305086,-0.11271951932752626,celltype,Brain
2212,STARmap,Mouse Medial Prefrontal Cortex,BZ5,CCST,0.12654930944633677,0.23971762810758576,0.22975462257050952,0.36453765490943757,0.22585847790748687,0.25556003634592805,0.23971762810758576,85.94739727973938,83.59078731536866,0.14013346043851282,0.0779242875986402,-0.08688307039399637,celltype,Brain
2213,STARmap,Mouse Medial Prefrontal Cortex,BZ5,CellCharter,0.23646992048335075,0.3691479339616087,0.3046140988956058,0.4795042897998093,0.3832022574894566,0.35610399761370515,0.3691479339616087,100.54889645576478,11.810256004333496,0.5948522402287894,0.1144460261098417,-0.05689206036711074,celltype,Brain
2214,STARmap,Mouse Medial Prefrontal Cortex,BZ5,DeepST,0.24579285587301344,0.3610334386719328,0.31809320092779164,0.5023832221163012,0.36502692624248184,0.35716369949268084,0.3610334386719328,41.59903182983398,35.450013160705566,0.3448999046711153,0.10202009056799069,-0.09197022090964112,celltype,Brain
2215,STARmap,Mouse Medial Prefrontal Cortex,BZ5,GraphST,0.2177776780792057,0.3252486029680896,0.2937174176286746,0.4852240228789323,0.3270389027241431,0.323477797668078,0.3252486029680896,11.44438557624817,37.21465492248535,0.2612011439466158,0.0751098272989258,-0.0769375260692705,celltype,Brain
2216,STARmap,Mouse Medial Prefrontal Cortex,BZ5,PRECAST,0.3847791599609871,0.4972108063438271,0.442809286036762,0.5996186844613918,0.5097661998039984,0.4852590176626753,0.497210806343827,6.816972064971924,68.47999999999999,0.6301239275500476,0.1458227477520025,-0.1465907411953754,celltype,Brain
2217,STARmap,Mouse Medial Prefrontal Cortex,BZ5,SEDR,0.19166494033436005,0.29389159665331094,0.2749433450977282,0.43050524308865584,0.2915436164874081,0.29634546953559815,0.2938915966533109,11.128923416137695,31.73893795013428,0.11477597712106764,0.07506318761406286,-0.04886503782606524,celltype,Brain
2218,STARmap,Mouse Medial Prefrontal Cortex,BZ5,STAGATE,0.20822140286632349,0.30876094043225144,0.28806300045932665,0.46196377502383223,0.3065078203338703,0.31106096425539437,0.30876094043225144,11.980241870880127,20.006807136535645,0.21334604385128692,0.08093356594612326,-0.0626466514105684,celltype,Brain
2219,STARmap,Mouse Medial Prefrontal Cortex,BZ5,SpaGCN,0.3584435632449763,0.4254303384577745,0.42752581695275554,0.5424213536701621,0.4107448217718712,0.4412049061901371,0.4254303384577745,17.241943693161012,31.119742012023927,0.5881792183031459,0.1135864889798193,-0.2157821954037357,celltype,Brain
2220,STARmap,Mouse Medial Prefrontal Cortex,BZ5,SpaceFlow,0.1719366759355005,0.28716549888101983,0.24576323750853235,0.41620591039084837,0.2967605082870476,0.2781734633348021,0.28716549888101983,9.640506553649903,35.01690940856933,0.13498570066730214,0.07653939859042636,0.01628636143611064,celltype,Brain
2221,STARmap,Mouse Medial Prefrontal Cortex,BZ5,SpatialMGCN,0.2708431286941143,0.4508273162626364,0.43259743799713346,0.4470924690181125,0.3694888579588665,0.5780858552406174,0.4508273162626364,16.11023006439209,32.038383102416994,0.340324118207817,0.1104645329362726,-0.3036959591707778,celltype,Brain
2222,STARmap,Mouse Medial Prefrontal Cortex,BZ5,stLearn,0.3964413065229945,0.5104612414996096,0.4536742380362783,0.6091515729265968,0.5197711436678599,0.501564646152823,0.5104612414996095,1.4851367950439454,4.238329696655273,0.7773117254528122,0.16190504294411284,-0.15811170693175564,celltype,Brain
2223,STARmap,Mouse Medial Prefrontal Cortex,BZ5,BASS,0.8148335300256433,0.7896520499477252,0.8732842777560486,0.9294566253574832,0.8033711853439062,0.7763936094618652,0.7896520499477252,489.8775780200958,480.9,0.0257387988560533,0.0709186217785587,0.2662368472069299,domain,Brain
2224,STARmap,Mouse Medial Prefrontal Cortex,BZ5,Banksy,0.5519105690731887,0.6159587305557434,0.6911719793361957,0.8020972354623451,0.6294017716139075,0.6030890316433895,0.6159587305557434,5.060063743591309,18.361580085754394,0.02726406101048614,0.06965036993471528,0.19953524690156393,domain,Brain
2225,STARmap,Mouse Medial Prefrontal Cortex,BZ5,CCST,0.5046624611685678,0.5116432556208442,0.6880221084420868,0.7431839847473785,0.46590244192557717,0.5680458789727894,0.5116432556208442,83.72548699378967,76.61796741485595,0.04385128693994276,0.07267468542116726,0.16764429535113967,domain,Brain
2226,STARmap,Mouse Medial Prefrontal Cortex,BZ5,CellCharter,0.5693675132323541,0.6111558686221386,0.6997936071235572,0.804003813155386,0.6362571213023015,0.5879824444372166,0.6111558686221386,102.04370584487914,17.801057815551758,0.07435653002859863,0.07326619949865273,0.1916896727397475,domain,Brain
2227,STARmap,Mouse Medial Prefrontal Cortex,BZ5,DeepST,0.5387588912292461,0.5743929592476874,0.6817858851404113,0.7837940896091515,0.5948814613959348,0.5558721876730295,0.5743929592476874,68.2785177230835,40.93924198150635,0.08484270734032409,0.07248415364027098,0.08077152640531124,domain,Brain
2228,STARmap,Mouse Medial Prefrontal Cortex,BZ5,GraphST,0.4922725664450266,0.5682344923298445,0.6770185520828857,0.7797902764537655,0.5458906513860354,0.5924855064935628,0.5682344923298444,10.925775814056397,37.302508163452146,0.0762631077216396,0.0696910629426367,0.1003561729860533,domain,Brain
2229,STARmap,Mouse Medial Prefrontal Cortex,BZ5,PRECAST,0.1971111583192411,0.3077946163437284,0.46629972188347624,0.6434699714013346,0.3042834306098971,0.3113877805544139,0.3077946163437285,2.780794048309326,64.5,0.2993326978074356,0.0888390422574702,0.0166469336592928,domain,Brain
2230,STARmap,Mouse Medial Prefrontal Cortex,BZ5,SEDR,0.7106051892239348,0.6760919124125471,0.8054867303256493,0.8831267874165872,0.672633143050191,0.6795928492093111,0.6760919124125472,10.642082500457764,28.15951805114746,0.028026692087702497,0.0694393020344239,0.1749257989663286,domain,Brain
2231,STARmap,Mouse Medial Prefrontal Cortex,BZ5,STAGATE,0.7416658103085572,0.6864334439806632,0.826862616187489,0.892469018112488,0.6822015443095694,0.6908795395244399,0.6864334439806632,13.420975351333619,26.857148551940917,0.06749285033365102,0.07546989973062708,0.1749688583914221,domain,Brain
2232,STARmap,Mouse Medial Prefrontal Cortex,BZ5,SpaGCN,0.2797616875544551,0.3143778028280917,0.4888714360991934,0.6387035271687321,0.3333125514592975,0.2974786962338006,0.3143778028280918,9.883388662338257,32.73923168182373,0.4223069590085796,0.087989431143569,0.0242338540515071,domain,Brain
2233,STARmap,Mouse Medial Prefrontal Cortex,BZ5,SpaceFlow,0.7740082163529396,0.7567694353943444,0.8455545729545862,0.9061963775023832,0.7675975986479112,0.746403665450136,0.7567694353943444,11.642187261581421,38.828233528137204,0.02573879885605334,0.06979957702451137,0.2251323706339508,domain,Brain
2234,STARmap,Mouse Medial Prefrontal Cortex,BZ5,SpatialMGCN,0.3394894270976353,0.3543697676775312,0.5591226474410432,0.6444232602478551,0.3426857983198267,0.3668785973713844,0.3543697676775312,15.866030359268189,32.171310615539554,0.2573879885605338,0.0914440033925965,0.0164645031239394,domain,Brain
2235,STARmap,Mouse Medial Prefrontal Cortex,BZ5,stLearn,0.2563167519884938,0.28116071691286415,0.4827602770708325,0.6074356530028598,0.29016094383942825,0.2727036766555483,0.2811607169128641,1.4163002967834473,4.2991842269897464,0.4007626310772164,0.09665614274857434,0.02976611778818476,domain,Brain
2236,STARmap,Mouse Medial Prefrontal Cortex,BZ9,BASS,0.4515614110904475,0.5558322922713483,0.5100276117606087,0.6125356125356125,0.5446597715072331,0.5674727725604597,0.5558322922713483,505.1758580684662,480.62,0.6248812915479582,0.1380401106611316,-0.2001807951976307,celltype,Brain
2237,STARmap,Mouse Medial Prefrontal Cortex,BZ9,Banksy,0.3850645061384844,0.4937545783533891,0.4570299701359706,0.5565052231718899,0.4810891871600762,0.5071048712765494,0.4937545783533891,5.359630584716797,17.132903861999512,0.50997150997151,0.139766914285997,-0.10994651127487301,celltype,Brain
2238,STARmap,Mouse Medial Prefrontal Cortex,BZ9,CCST,0.16425174592366037,0.2820801794890182,0.267718893037062,0.4039886039886039,0.2613245057572558,0.30653839997254967,0.2820801794890182,87.84374799728394,84.09471321105957,0.11642924976258306,0.08658289889557264,-0.05800000162825074,celltype,Brain
2239,STARmap,Mouse Medial Prefrontal Cortex,BZ9,CellCharter,0.2680598553792546,0.4032672428882226,0.33422306898228354,0.5023741690408358,0.4162167201032932,0.39112379285931986,0.40326724288822247,102.99480996131896,11.869361686706544,0.5958214624881292,0.11771538009198809,-0.09435775576130115,celltype,Brain
2240,STARmap,Mouse Medial Prefrontal Cortex,BZ9,DeepST,0.2668885178720346,0.39499792045743487,0.33499347381880507,0.5128205128205128,0.40311786180748915,0.38723339861137357,0.39499792045743487,39.067329025268556,35.68797206878662,0.5025641025641026,0.11383518549500675,-0.14707579603367066,celltype,Brain
2241,STARmap,Mouse Medial Prefrontal Cortex,BZ9,GraphST,0.2665647417211806,0.3591727633877869,0.3388961629046216,0.48338081671415,0.3590956267192438,0.3592499332026208,0.3591727633877868,9.02379469871521,37.483285140991214,0.3143399810066477,0.0820301796561679,-0.1396809018939729,celltype,Brain
2242,STARmap,Mouse Medial Prefrontal Cortex,BZ9,PRECAST,0.3446111300595723,0.47432145327983977,0.4060779087364231,0.5565052231718899,0.4852737771891545,0.4638525920450962,0.47432145327983977,6.95828800201416,68.44,0.6239316239316239,0.1443201464050799,-0.1379877427517258,celltype,Brain
2243,STARmap,Mouse Medial Prefrontal Cortex,BZ9,SEDR,0.2429111865414134,0.36695780086429414,0.3188393116705045,0.49439696106362774,0.36744426832102356,0.3665449262031224,0.36695780086429414,11.360116910934448,28.317474555969238,0.23247863247863246,0.08467261555787554,-0.05845575898251283,celltype,Brain
2244,STARmap,Mouse Medial Prefrontal Cortex,BZ9,STAGATE,0.2706649558227758,0.36191492861853936,0.3444840806221601,0.49762583095916424,0.3575058929510172,0.3664391643663515,0.36191492861853936,11.111238384246827,20.147432518005374,0.18290598290598287,0.0939965235559166,-0.20743256187918155,celltype,Brain
2245,STARmap,Mouse Medial Prefrontal Cortex,BZ9,SpaGCN,0.3542574132353651,0.472941862769654,0.4182227448683696,0.5574548907882241,0.46542722687156013,0.4807031385452879,0.4729418627696539,19.104896593093873,31.70368137359619,0.6210826210826211,0.1304722557601764,-0.1854256419917577,celltype,Brain
2246,STARmap,Mouse Medial Prefrontal Cortex,BZ9,SpaceFlow,0.17127209496775464,0.2906398388118903,0.24482385062663087,0.41709401709401706,0.2997691631797864,0.28205153822943235,0.2906398388118903,11.3646559715271,34.89273662567139,0.14472934472934468,0.07955612112184156,-0.0016703375072962,celltype,Brain
2247,STARmap,Mouse Medial Prefrontal Cortex,BZ9,SpatialMGCN,0.3042505080533405,0.45111006636571604,0.4457044147134138,0.5213675213675214,0.3804026600941937,0.5541042916306532,0.45111006636571604,16.604254007339478,31.744760513305664,0.3228869895536562,0.1105937273351463,-0.3591939327934665,celltype,Brain
2248,STARmap,Mouse Medial Prefrontal Cortex,BZ9,stLearn,0.40661179302044753,0.5257187445414979,0.46307957771581754,0.6005698005698006,0.5328523417869441,0.5187961843893836,0.5257187445414978,1.445399236679077,4.2536266326904295,0.7475783475783475,0.16086580441372705,-0.1345539558834425,celltype,Brain
2249,STARmap,Mouse Medial Prefrontal Cortex,BZ9,BASS,0.5640450207959214,0.5444264908270711,0.707378242494121,0.7958214624881291,0.5802983779264493,0.5127313462844489,0.5444264908270711,505.1758580684662,480.62,0.0788224121557455,0.0761245631959686,0.0893982507338912,domain,Brain
2250,STARmap,Mouse Medial Prefrontal Cortex,BZ9,Banksy,0.45611036792325577,0.5388895972737744,0.6326371506739972,0.811965811965812,0.5720865493083137,0.5093340384770768,0.5388895972737744,5.213532590866089,17.151200675964354,0.0351377018043684,0.0733082030837759,0.1593551217679588,domain,Brain
2251,STARmap,Mouse Medial Prefrontal Cortex,BZ9,CCST,0.5486778954757432,0.5672146545638254,0.7045646467146254,0.8110161443494777,0.5774776483577214,0.5624293010185196,0.5672146545638254,84.05660138130187,77.12839336395264,0.054131054131054054,0.07789193091206774,0.16881301072015076,domain,Brain
2252,STARmap,Mouse Medial Prefrontal Cortex,BZ9,CellCharter,0.48705382543839254,0.5366699371153609,0.6524007681753773,0.7735992402659069,0.576944812999084,0.501658297987974,0.5366699371153609,101.72521061897278,11.867898941040037,0.07426400759734089,0.07616277280670282,0.14856383331904582,domain,Brain
2253,STARmap,Mouse Medial Prefrontal Cortex,BZ9,DeepST,0.4563110360783388,0.46613756656868544,0.6500792049332139,0.7585944919278252,0.4775839709512404,0.4571568430648446,0.4661375665686854,64.20017795562744,35.704330635070804,0.11433998100664762,0.07927830690057644,0.05995086513785304,domain,Brain
2254,STARmap,Mouse Medial Prefrontal Cortex,BZ9,GraphST,0.6217416863721237,0.5741342170308316,0.7538289848156369,0.8271604938271604,0.5869542514464028,0.5618622330612053,0.5741342170308317,9.816186237335206,37.49564056396484,0.0750237416904083,0.0741398725257534,0.0721862861796803,domain,Brain
2255,STARmap,Mouse Medial Prefrontal Cortex,BZ9,PRECAST,0.2708010204992268,0.264679467763244,0.5345754895666159,0.6771130104463438,0.2662358240241304,0.2631412019843742,0.264679467763244,2.822665977478027,64.42,0.2659069325735992,0.0948978271695725,0.0601795734665983,domain,Brain
2256,STARmap,Mouse Medial Prefrontal Cortex,BZ9,SEDR,0.4835683277529556,0.4874350774394278,0.6733876453734519,0.7699905033238366,0.48304005017384616,0.4940684033597882,0.4874350774394278,10.79384708404541,28.327190017700197,0.0799620132953466,0.07674219826280834,0.09764763153575573,domain,Brain
2257,STARmap,Mouse Medial Prefrontal Cortex,BZ9,STAGATE,0.525956144315064,0.4975476059982376,0.705468826811468,0.7654320987654321,0.48799554898499375,0.5074810739605916,0.4975476059982376,10.286973905563354,20.15652389526367,0.0588793922127255,0.0768872634180536,0.1385220195078381,domain,Brain
2258,STARmap,Mouse Medial Prefrontal Cortex,BZ9,SpaGCN,0.2719813836525963,0.327764079840645,0.5029078026719157,0.6752136752136753,0.3518039040465529,0.3067995398787395,0.327764079840645,10.546157550811767,30.39333610534668,0.3076923076923077,0.0863944404265603,0.0354515999954879,domain,Brain
2259,STARmap,Mouse Medial Prefrontal Cortex,BZ9,SpaceFlow,0.4184110392428696,0.5232026824749951,0.6004312808532408,0.7654320987654322,0.5709684506986841,0.48281190581289024,0.523202682474995,11.376745319366455,26.836414527893066,0.0273504273504273,0.0737570237130929,0.13994904650656864,domain,Brain
2260,STARmap,Mouse Medial Prefrontal Cortex,BZ9,SpatialMGCN,0.3832396762792958,0.3752186358488743,0.6172928949252804,0.7132003798670465,0.3623952791118559,0.3889827917032114,0.3752186358488743,14.372800827026367,32.036145973205564,0.1794871794871795,0.0917142448860608,-0.0006589188135479,domain,Brain
2261,STARmap,Mouse Medial Prefrontal Cortex,BZ9,stLearn,0.28319633010493045,0.3084708691095797,0.5219963612530123,0.6632478632478632,0.32177920897760975,0.29622006996920935,0.30847086910957977,1.334255313873291,4.253164291381836,0.30427350427350425,0.0998466053698554,0.05754055260936932,domain,Brain
2262,STARmap,Mouse Visual Cortex,20180410_BY3_1kgenes,BASS,0.5642579506029869,0.6711321935194162,0.6074599035688207,0.7537634408602151,0.6828315650913978,0.6598269737064244,0.6711321935194163,261.752919960022,505.3,0.3870967741935484,0.1476360908994512,0.0413807592256636,celltype,Brain
2263,STARmap,Mouse Visual Cortex,20180410_BY3_1kgenes,Banksy,0.3482456484925174,0.532962371615768,0.4114861189065134,0.6440860215053763,0.5452444152152597,0.5212214632129823,0.5329623716157679,4.422676229476929,88.08772869110108,0.3,0.108279571011032,0.057065063711747,celltype,Brain
2264,STARmap,Mouse Visual Cortex,20180410_BY3_1kgenes,CCST,0.32124855546096864,0.43043314120325105,0.3981918279903388,0.5767741935483871,0.4170133743226169,0.44485424179540534,0.43043314120325105,79.91151418685914,76.39960289001465,0.06086021505376338,0.07956619507656558,0.16370538449212588,celltype,Brain
2265,STARmap,Mouse Visual Cortex,20180410_BY3_1kgenes,CellCharter,0.3634891221235803,0.4992164310259561,0.4242788947033057,0.6219354838709676,0.5168420463775346,0.48282876944057546,0.4992164310259562,84.46844825744628,44.00461406707764,0.39935483870967736,0.11121035423029224,0.02721635675755222,celltype,Brain
2266,STARmap,Mouse Visual Cortex,20180410_BY3_1kgenes,DeepST,0.4007626381838779,0.47854062877501713,0.4604201085822968,0.6161290322580645,0.4824200523222471,0.47475015194746184,0.47854062877501713,41.18315987586975,62.08143310546875,0.17870967741935478,0.08731684466451142,0.0915458021613812,celltype,Brain
2267,STARmap,Mouse Visual Cortex,20180410_BY3_1kgenes,GraphST,0.3437565843446863,0.4427636789720569,0.4095057158748764,0.5913978494623656,0.4450632571573229,0.4404877418200301,0.4427636789720569,10.200929307937622,44.88701267242432,0.1559139784946236,0.0773892779016808,0.10702344801788818,celltype,Brain
2268,STARmap,Mouse Visual Cortex,20180410_BY3_1kgenes,PRECAST,0.5374149986930022,0.6406451006785622,0.5829428566439591,0.7430107526881721,0.6587222222076186,0.6235336488884039,0.6406451006785622,16.96360402107239,96.44,0.4161290322580645,0.1449365686835486,0.0156498147955628,celltype,Brain
2269,STARmap,Mouse Visual Cortex,20180410_BY3_1kgenes,SEDR,0.2688016911446519,0.42500982339944154,0.3377879483286077,0.5825806451612904,0.43958148606417485,0.41147551507067537,0.42500982339944154,10.422915887832641,31.717580032348632,0.10322580645161286,0.07805446187407879,0.06771422900791793,celltype,Brain
2270,STARmap,Mouse Visual Cortex,20180410_BY3_1kgenes,STAGATE,0.29785608366443295,0.42560791528990316,0.3704346562729848,0.5774193548387097,0.42465986715743254,0.42665983873914914,0.42560791528990327,10.931087732315063,30.126595497131348,0.11569892473118278,0.08294093350894698,0.08306397391899092,celltype,Brain
2271,STARmap,Mouse Visual Cortex,20180410_BY3_1kgenes,SpaGCN,0.3758849515320789,0.507801518038858,0.4363655223097657,0.6172043010752688,0.5161164051753169,0.49975029689298955,0.5078015180388578,20.13277792930603,38.6321496963501,0.4978494623655914,0.133142566753539,-0.1063537007866375,celltype,Brain
2272,STARmap,Mouse Visual Cortex,20180410_BY3_1kgenes,SpaceFlow,0.2618816922541156,0.413512178983331,0.32932719375321523,0.5733333333333334,0.4336487069258027,0.3951921609457117,0.413512178983331,19.15615086555481,61.08483486175537,0.1651612903225806,0.08232174733188448,0.10690650463153144,celltype,Brain
2273,STARmap,Mouse Visual Cortex,20180410_BY3_1kgenes,SpatialMGCN,0.3353908216714135,0.4848206198008702,0.4006418366194513,0.6258064516129033,0.4924112781433715,0.4774604329420497,0.4848206198008702,13.387182760238648,34.53371810913086,0.2150537634408602,0.0957849344334207,2.484426147483387e-05,celltype,Brain
2274,STARmap,Mouse Visual Cortex,20180410_BY3_1kgenes,stLearn,0.47118012461726116,0.6319421052824568,0.5229128703348309,0.7223655913978495,0.6513326342004235,0.6137591558756552,0.6319421052824568,1.2558690547943114,21.989413261413574,0.6337634408602151,0.15572657595051248,-0.09892169200526615,celltype,Brain
2275,STARmap,Mouse Visual Cortex,20180505_BY3_1kgenes,BASS,0.505997270169881,0.6384462132799559,0.558707909779435,0.7067108533554267,0.638785253050867,0.6381075332136203,0.6384462132799558,465.42079005241396,454.36,0.5227837613918807,0.1289653718941273,-0.1856489286030744,celltype,Brain
2276,STARmap,Mouse Visual Cortex,20180505_BY3_1kgenes,Banksy,0.3064844224772398,0.44647029008889777,0.37529363724646314,0.6115990057995029,0.4587054418417793,0.43491852399782793,0.44647029008889777,6.323499155044556,104.83656578063965,0.3446561723280862,0.09170072276902883,-0.043040793697278576,celltype,Brain
2277,STARmap,Mouse Visual Cortex,20180505_BY3_1kgenes,CCST,0.2569017057613979,0.33600437822787826,0.3360734094156662,0.5206296603148302,0.3365834789925869,0.3354717882160061,0.33600437822787826,96.43114261627197,114.47629947662354,0.11201325600662797,0.07164913858879134,-0.014785379092882142,celltype,Brain
2278,STARmap,Mouse Visual Cortex,20180505_BY3_1kgenes,CellCharter,0.35302173544846915,0.4579508443189206,0.4160860338111717,0.5865782932891467,0.4805202878096633,0.4374115596458483,0.4579508443189206,94.23125195503235,38.27007617950439,0.5166528583264292,0.09917639597627706,-0.053126115551364414,celltype,Brain
2279,STARmap,Mouse Visual Cortex,20180505_BY3_1kgenes,DeepST,0.3275669483891756,0.4046304454262222,0.3971614841992156,0.5786246893123447,0.4099628709536506,0.39943989589881757,0.4046304454262222,49.1640064239502,75.8504186630249,0.22187241093620544,0.0811098462103419,-0.005339679333602719,celltype,Brain
2280,STARmap,Mouse Visual Cortex,20180505_BY3_1kgenes,GraphST,0.2360539948008098,0.3629951353989463,0.3089391251062473,0.5376967688483845,0.3783677723463385,0.3488228729172596,0.3629951353989463,11.357561206817627,63.756170463562015,0.3032311516155758,0.0695655165000669,-0.0471329442612578,celltype,Brain
2281,STARmap,Mouse Visual Cortex,20180505_BY3_1kgenes,PRECAST,0.5629663303158431,0.6315980379525309,0.6080295886235486,0.7373653686826843,0.6566200780002707,0.6084130395768744,0.6315980379525308,18.404572057724,111.96,0.6031483015741508,0.1408450483652707,-0.1001892427862007,celltype,Brain
2282,STARmap,Mouse Visual Cortex,20180505_BY3_1kgenes,SEDR,0.25194888579747277,0.3541533270661232,0.32808211104460555,0.5371996685998343,0.3608336188998632,0.3478260163797726,0.3541533270661232,13.77469277381897,39.3979606628418,0.1385252692626346,0.06818584545004908,-0.023852589548035003,celltype,Brain
2283,STARmap,Mouse Visual Cortex,20180505_BY3_1kgenes,STAGATE,0.286031245497152,0.35800139940247816,0.36214154175782537,0.543993371996686,0.3580045225171235,0.35800856898667555,0.35800139940247816,14.908961057662964,29.686976051330568,0.14183927091963544,0.07474399473881282,-0.08108359371567928,celltype,Brain
2284,STARmap,Mouse Visual Cortex,20180505_BY3_1kgenes,SpaGCN,0.503409118834485,0.5374053258254912,0.5552472403949401,0.6628003314001657,0.5396584622645902,0.535170925371469,0.5374053258254912,23.028075075149538,41.67616863250733,0.5352112676056338,0.11672475693772519,-0.1580070034542387,celltype,Brain
2285,STARmap,Mouse Visual Cortex,20180505_BY3_1kgenes,SpaceFlow,0.173008589832705,0.30501461526007245,0.24822610099870251,0.49229494614747304,0.32297773403036956,0.2889465236962468,0.30501461526007245,18.15492424964905,46.453969192504886,0.31151615575807784,0.08146381703975594,-0.03724777958008652,celltype,Brain
2286,STARmap,Mouse Visual Cortex,20180505_BY3_1kgenes,SpatialMGCN,0.2461299354059135,0.3742137884372868,0.3345563900473818,0.5451532725766363,0.3682086735588494,0.3804180256260329,0.3742137884372868,27.718380784988405,44.87451095581055,0.256006628003314,0.0831988864061782,-0.149029480837905,celltype,Brain
2287,STARmap,Mouse Visual Cortex,20180505_BY3_1kgenes,stLearn,0.523389897467719,0.6351496917628869,0.5719470560258142,0.728417564208782,0.6565192114580352,0.6151464971240591,0.6351496917628869,1.4116141319274902,14.454579544067382,0.7403479701739851,0.1432593907949357,-0.15262226080336036,celltype,Brain
2288,STARmap,Mouse Visual Cortex,20180505_BY3_1kgenes,BASS,0.6196337333563375,0.6837330845702966,0.6904746025287606,0.7738193869096934,0.6506380949778968,0.7203752867429011,0.6837330845702967,465.42079005241396,454.36,0.0339685169842584,0.0629623929447726,0.1039037334130112,domain,Brain
2289,STARmap,Mouse Visual Cortex,20180505_BY3_1kgenes,Banksy,0.5594557490977953,0.6756728577441597,0.644494583413854,0.7524440762220381,0.6488174909586364,0.7058038014757553,0.6756728577441597,5.805286550521851,104.83623924255372,0.015907207953603942,0.06289200746732651,0.1253254866049742,domain,Brain
2290,STARmap,Mouse Visual Cortex,20180505_BY3_1kgenes,CCST,0.5592820347480353,0.6319861127733883,0.6385283519925343,0.7287489643744822,0.6105691572504991,0.6550193849179632,0.6319861127733883,96.48111982345581,114.45553283691406,0.07655343827671908,0.06717937904097454,0.0916735918985174,domain,Brain
2291,STARmap,Mouse Visual Cortex,20180505_BY3_1kgenes,CellCharter,0.44774572873668667,0.5454591043889307,0.5402588755898801,0.6341342170671085,0.5442708724206244,0.5468806857988262,0.5454591043889307,93.37485637664795,38.248360061645506,0.24523612261806127,0.08023131267186667,0.06872869962366283,domain,Brain
2292,STARmap,Mouse Visual Cortex,20180505_BY3_1kgenes,DeepST,0.5254472369201357,0.6017370142472312,0.6043021873292611,0.715990057995029,0.5957783776858416,0.6081872897005043,0.6017370142472312,66.9092679977417,75.81004524230957,0.09395194697597345,0.06692301454541838,0.09423092207056576,domain,Brain
2293,STARmap,Mouse Visual Cortex,20180505_BY3_1kgenes,GraphST,0.4655293036656696,0.5656623201159278,0.5493095113176386,0.7058823529411765,0.5722381927483017,0.5592358636897713,0.5656623201159279,11.520322942733765,63.756747817993165,0.1043910521955261,0.0651472012670418,0.0921352722713626,domain,Brain
2294,STARmap,Mouse Visual Cortex,20180505_BY3_1kgenes,PRECAST,0.3120218510008103,0.3162315288393447,0.4223998666053908,0.5476387738193869,0.3176269214008088,0.3148483430754327,0.3162315288393447,9.99833607673645,112.75999999999999,0.44076222038111024,0.10663325442521429,-0.0473642514184534,domain,Brain
2295,STARmap,Mouse Visual Cortex,20180505_BY3_1kgenes,SEDR,0.548381859804944,0.6453564237374192,0.6237650134597035,0.7466445733222866,0.6368362061715406,0.6542371661140035,0.6453564237374191,13.354732990264893,39.39878807067871,0.03794531897265942,0.06315785433545365,0.12607284503164334,domain,Brain
2296,STARmap,Mouse Visual Cortex,20180505_BY3_1kgenes,STAGATE,0.5582348260585135,0.6271795441992405,0.6308202299019781,0.7497928748964374,0.6236796031441838,0.6307768412617709,0.6271795441992406,13.414196014404297,29.68638172149658,0.08599834299917146,0.0707878972140551,0.10624042468515671,domain,Brain
2297,STARmap,Mouse Visual Cortex,20180505_BY3_1kgenes,SpaGCN,0.2649099292567288,0.318847600598633,0.3805446671011949,0.5410107705053853,0.3221133453638344,0.3156474106843425,0.3188476005986331,5.500001573562622,37.745181465148924,0.5161557580778791,0.0988784657202323,-0.0884140699040826,domain,Brain
2298,STARmap,Mouse Visual Cortex,20180505_BY3_1kgenes,SpaceFlow,0.537638719014668,0.634986794148554,0.6123443077120786,0.740182270091135,0.6351864827580483,0.6348244496072776,0.634986794148554,17.5535071849823,32.083326148986814,0.08185584092792045,0.0678197562558573,0.061326111606600245,domain,Brain
2299,STARmap,Mouse Visual Cortex,20180505_BY3_1kgenes,SpatialMGCN,0.3150194002651516,0.4435934049388671,0.43352577972200484,0.5617232808616405,0.43658285135570873,0.4508327808264302,0.4435934049388671,20.747096681594847,44.88004283905029,0.2004971002485501,0.077098103477925,-0.0067877330998694,domain,Brain
2300,STARmap,Mouse Visual Cortex,20180505_BY3_1kgenes,stLearn,0.20665545494054588,0.24504049230359626,0.33374562395654284,0.45186412593206293,0.24611169320298848,0.24397868057753253,0.2450404923035963,1.884621810913086,14.455866241455078,0.6304888152444076,0.1123107935458281,-0.09012878454746512,domain,Brain
2301,MERFISH,Hypothalamus,Animal1_Bregma-0.04,BASS,0.4663823217896782,0.6846014322303334,0.5855962110208988,0.7771501457725948,0.7138853739347151,0.6576253071262864,0.6846014322303333,882.9818720340729,1572.6,0.5763483965014577,0.0561541015151768,-0.1582993603725964,celltype,Brain
2302,MERFISH,Hypothalamus,Animal1_Bregma-0.04,Banksy,0.34557383406704645,0.5727336796235429,0.5198148398716693,0.7224854227405247,0.5674640157515387,0.5781346199549812,0.572733679623543,12.282991027832031,89.51513080596924,0.45991253644314867,0.054427354230150195,-0.17490744415942033,celltype,Brain
2303,MERFISH,Hypothalamus,Animal1_Bregma-0.04,CCST,0.08922711116172502,0.15416185182777098,0.27046840996551336,0.48709912536443145,0.16585406176258913,0.144014746416599,0.15416185182777098,493.6061764717102,1992.3092361450194,0.11209912536443145,0.03133379266311392,-0.18251374540964255,celltype,Brain
2304,MERFISH,Hypothalamus,Animal1_Bregma-0.04,CellCharter,0.32930236460501516,0.4770969622285324,0.474563750576089,0.6890306122448979,0.5052003994055159,0.4523245418425586,0.4770969622285324,8.24090609550476,89.48564872741699,0.5323250728862974,0.05116855453601112,-0.16361249252369917,celltype,Brain
2305,MERFISH,Hypothalamus,Animal1_Bregma-0.04,DeepST,0.291504906262119,0.41208345990498796,0.5781703730993032,0.6314139941690962,0.3325042320430578,0.5417690175062861,0.412083459904988,258.6484882354736,759.4829181671142,0.15779883381924192,0.039207471516852145,-0.3407168254988446,celltype,Brain
2306,MERFISH,Hypothalamus,Animal1_Bregma-0.04,GraphST,0.0731636526733014,0.1777512810352532,0.2713168044410596,0.5100218658892128,0.186466472530916,0.1698143856278513,0.1777512810352532,18.378074645996094,946.5168865203857,0.1434037900874635,0.0309271105345157,-0.1677164428868827,celltype,Brain
2307,MERFISH,Hypothalamus,Animal1_Bregma-0.04,PRECAST,0.42345922866756885,0.6297853847851448,0.5464282917181104,0.8627915451895044,0.7000794645254937,0.5723195172369773,0.6297853847851448,31.08577404022217,139.06,0.7080903790087464,0.0589849759444868,-0.1437791689128887,celltype,Brain
2308,MERFISH,Hypothalamus,Animal1_Bregma-0.04,SEDR,0.3220508657916642,0.5284763083496891,0.46895293948153116,0.7289358600583091,0.5589067200340196,0.5016806777417395,0.5284763083496891,23.643690299987792,709.0424680709839,0.5178935860058308,0.04971414375582124,-0.16989330567255487,celltype,Brain
2309,MERFISH,Hypothalamus,Animal1_Bregma-0.04,STAGATE,0.08131180631875708,0.1683639480644306,0.2699833478252914,0.5018586005830903,0.17795620762839498,0.15978854898974237,0.1683639480644306,40.70990171432495,354.81249980926515,0.1147959183673469,0.03238643392102676,-0.23162174057161167,celltype,Brain
2310,MERFISH,Hypothalamus,Animal1_Bregma-0.04,SpaGCN,0.3058469449442532,0.4981520619089503,0.4499777428085713,0.7206632653061225,0.5307623428550774,0.46931701028160033,0.4981520619089503,20.429155683517457,590.9129371643066,0.6669096209912536,0.0504681967538548,-0.2016282534242105,celltype,Brain
2311,MERFISH,Hypothalamus,Animal1_Bregma-0.04,SpaceFlow,0.06646747584698004,0.1334071461728102,0.23784574505575412,0.4864431486880466,0.1474578688947815,0.12180203210006706,0.1334071461728102,54.01373205184937,388.592604637146,0.04150874635568508,0.0299399184273908,-0.09864664270362788,celltype,Brain
2312,MERFISH,Hypothalamus,Animal1_Bregma-0.04,SpatialMGCN,0.6174207019207332,0.6936395460271116,0.7042051604457148,0.8582361516034986,0.7332745286283203,0.6580695459962406,0.6936395460271116,39.71798596382141,475.5649127960205,0.6802113702623906,0.0590797050751645,-0.1720360912406729,celltype,Brain
2313,MERFISH,Hypothalamus,Animal1_Bregma-0.04,stLearn,0.4426074952206237,0.656259766222828,0.561680376898163,0.8162900874635568,0.7096843991935311,0.6104725827934364,0.656259766222828,1.6104389667510985,24.375200843811037,0.7004008746355685,0.05891708496335803,-0.14357222896155603,celltype,Brain
2314,MERFISH,Hypothalamus,Animal1_Bregma-0.04,BASS,0.4834538075830269,0.5624543940721682,0.5780889603440962,0.7403425655976676,0.5583163440771597,0.5666542417158543,0.5624543940721684,981.9589499950409,1615.2,0.05994897959183669,0.0311143872801251,-0.0455831170195002,domain,Brain
2315,MERFISH,Hypothalamus,Animal1_Bregma-0.04,Banksy,0.2633323262532013,0.47888701672991874,0.4229367298851353,0.5924927113702624,0.4545991559999788,0.5067361954407491,0.47888701672991874,12.716409635543823,89.57823371887207,0.06031341107871716,0.03013145708648628,-0.1758301133110463,domain,Brain
2316,MERFISH,Hypothalamus,Animal1_Bregma-0.04,CCST,0.19507758030324499,0.34971054245851274,0.34304256148248913,0.48334548104956265,0.341211724509353,0.35878746449151694,0.34971054245851274,490.94590935707095,1999.3030033111572,0.06264577259475215,0.0299699714551671,-0.2396266283318993,domain,Brain
2317,MERFISH,Hypothalamus,Animal1_Bregma-0.04,CellCharter,0.10784196473137098,0.20800767637014897,0.277282478337093,0.39467930029154513,0.20311370280266483,0.21355388515350754,0.20800767637014897,9.431062507629395,89.55716972351074,0.5092201166180759,0.05113187262269738,-0.12411197913081944,domain,Brain
2318,MERFISH,Hypothalamus,Animal1_Bregma-0.04,DeepST,0.11173306435358261,0.2780448222150541,0.4091900888196215,0.4009839650145772,0.2140154716767093,0.39676997570401557,0.2780448222150541,278.98049507141116,703.307219696045,0.15251457725947518,0.0374414486947581,-0.25014542961314173,domain,Brain
2319,MERFISH,Hypothalamus,Animal1_Bregma-0.04,GraphST,0.3594385477308015,0.45982096614619455,0.47285139254109454,0.6434037900874635,0.46082166061425933,0.4588246083647684,0.4598209661461944,16.96950945854187,946.5822275161743,0.1565233236151603,0.0310638669034334,-0.1519671313177451,domain,Brain
2320,MERFISH,Hypothalamus,Animal1_Bregma-0.04,PRECAST,0.1337850780614917,0.2192384149473648,0.2850456151807644,0.4442419825072886,0.2203563382417284,0.2181317774112957,0.21923841494736468,28.0717679977417,111.91999999999999,0.5683309037900874,0.054675168733877996,-0.1463226591327988,domain,Brain
2321,MERFISH,Hypothalamus,Animal1_Bregma-0.04,SEDR,0.1716281413136203,0.29227540308720634,0.3177172005450404,0.49198250728862974,0.2931094482165026,0.29175831012897135,0.29227540308720634,25.347416925430302,703.4614526748658,0.5145043731778426,0.048118129841006496,-0.14496433876312437,domain,Brain
2322,MERFISH,Hypothalamus,Animal1_Bregma-0.04,STAGATE,0.32421952106289276,0.4728939638397295,0.4548587476677339,0.6258381924198251,0.4590773843256134,0.487958208660891,0.47289396383972937,44.65962471961975,355.15294857025145,0.10072886297376087,0.03173061572254532,-0.19741983571192068,domain,Brain
2323,MERFISH,Hypothalamus,Animal1_Bregma-0.04,SpaGCN,0.1049179593169984,0.1935106630624573,0.2585098876629875,0.41654518950437314,0.1947597094702282,0.1922775355040437,0.1935106630624573,46.81073832511902,596.7375154495239,0.625728862973761,0.0496977392130784,-0.1765348916459704,domain,Brain
2324,MERFISH,Hypothalamus,Animal1_Bregma-0.04,SpaceFlow,0.4590919837202729,0.58784184214012,0.551411639289605,0.7229956268221575,0.5911286119500334,0.5845924010544026,0.58784184214012,61.33050675392151,391.45898933410643,0.037609329446064085,0.0296770622252929,-0.1273881112984414,domain,Brain
2325,MERFISH,Hypothalamus,Animal1_Bregma-0.04,SpatialMGCN,0.0716301115666081,0.1743912700273312,0.2952191771163004,0.3460276967930029,0.1595760141702435,0.1922390024846886,0.1743912700273312,53.57902979850769,475.5191915512085,0.4646501457725948,0.0539320412000015,-0.1844331131422212,domain,Brain
2326,MERFISH,Hypothalamus,Animal1_Bregma-0.04,stLearn,0.11436835819306998,0.19903078089776013,0.26750870256384596,0.41191690962099126,0.20068994782591937,0.19742181166934408,0.19903078089776013,1.556671714782715,24.44513702392578,0.6889212827988338,0.05664407770462317,-0.1380113504230007,domain,Brain
2327,MERFISH,Hypothalamus,Animal1_Bregma-0.09,BASS,0.3630584269151481,0.6325424532726919,0.5089806380513391,0.8108691740147561,0.6952567380118162,0.5802060890405163,0.6325424532726919,888.2979719161988,1562.1200000000001,0.5103473096994782,0.0550670880869877,-0.143834593668964,celltype,Brain
2328,MERFISH,Hypothalamus,Animal1_Bregma-0.09,Banksy,0.3208572236372231,0.5849379941013994,0.5128321243179353,0.7354687781176894,0.5843351256754272,0.5855421077912216,0.5849379941013995,14.807795143127441,90.63806457519532,0.3850998740327515,0.051368540814522204,-0.1924141829763834,celltype,Brain
2329,MERFISH,Hypothalamus,Animal1_Bregma-0.09,CCST,0.09781427722537638,0.17382742017283012,0.2885165256637701,0.5250674824545618,0.19015537980656,0.1600946009582185,0.17382742017283012,504.71572761535646,2036.0597608566284,0.1065682922440165,0.03130675307876446,-0.1683508122182496,celltype,Brain
2330,MERFISH,Hypothalamus,Animal1_Bregma-0.09,CellCharter,0.3051540113712855,0.4998001792737288,0.4593317949461344,0.755803491092316,0.5588961273520926,0.4522907495691285,0.4998001792737288,9.999185943603516,90.59265422821045,0.5609501529602303,0.05085947420381152,-0.17129559300140682,celltype,Brain
2331,MERFISH,Hypothalamus,Animal1_Bregma-0.09,DeepST,0.24076238814751533,0.3944691845972912,0.4740375874854833,0.6644232499550117,0.37329567615318293,0.41982205180725185,0.3944691845972912,262.9172471046448,720.8849725723267,0.20773798812308794,0.041132766156130776,-0.11360288636445182,celltype,Brain
2332,MERFISH,Hypothalamus,Animal1_Bregma-0.09,GraphST,0.1005035936217401,0.183555016498407,0.2891139587973026,0.5492172035270829,0.20155619061288016,0.1685056201109254,0.183555016498407,16.627899265289308,970.0878145217896,0.13802411373043,0.0313860518039499,-0.1409052365166514,celltype,Brain
2333,MERFISH,Hypothalamus,Animal1_Bregma-0.09,PRECAST,0.412384683862026,0.61886723310479,0.5492986193287466,0.8691740147561633,0.6964113377414403,0.5568617185074414,0.61886723310479,30.58869800567627,138.8,0.605542558934677,0.0564411444447284,-0.1610332895633781,celltype,Brain
2334,MERFISH,Hypothalamus,Animal1_Bregma-0.09,SEDR,0.21977838229999064,0.39699691493882605,0.3930114937175504,0.6369623897786576,0.43477772431881556,0.36531936573786017,0.39699691493882605,24.84148907661438,721.0386018753052,0.3708475796292964,0.042785406295855435,-0.19000084756107363,celltype,Brain
2335,MERFISH,Hypothalamus,Animal1_Bregma-0.09,STAGATE,0.08283615461952189,0.16088724589918627,0.28160833370580013,0.5279827244916322,0.17469349032909806,0.14913982538724901,0.1608872458991863,43.525829029083255,363.8622226715088,0.10440885369803846,0.032530060010689275,-0.1618022863933025,celltype,Brain
2336,MERFISH,Hypothalamus,Animal1_Bregma-0.09,SpaGCN,0.2859280462173005,0.4629830517494974,0.4501766199571032,0.7070361705956452,0.4896047439127642,0.43910711007131964,0.4629830517494975,20.44874062538147,602.4363319396973,0.5330214144322476,0.0457105383126881,-0.1565469530734745,celltype,Brain
2337,MERFISH,Hypothalamus,Animal1_Bregma-0.09,SpaceFlow,0.08932338780661297,0.1520594749657222,0.271105439893348,0.5208205866474718,0.17135530369693255,0.13668027301135474,0.1520594749657222,53.87064442634583,400.29841709136963,0.0428288644952312,0.02982137168461848,-0.10348329254796633,celltype,Brain
2338,MERFISH,Hypothalamus,Animal1_Bregma-0.09,SpatialMGCN,0.3672113634913994,0.6059441296534088,0.5121973987759578,0.8243656649271189,0.6663806524678246,0.5555584790916446,0.6059441296534089,46.39550790786743,487.3651573181152,0.5747705596544899,0.0566377743329459,-0.1802121459728651,celltype,Brain
2339,MERFISH,Hypothalamus,Animal1_Bregma-0.09,stLearn,0.40935825991014746,0.64482125179672,0.5465493360945202,0.8576210185351808,0.7212090281912746,0.5830851136676227,0.64482125179672,1.5760298252105713,24.670879936218263,0.6487673204966709,0.057702477902923446,-0.15195660844310432,celltype,Brain
2340,MERFISH,Hypothalamus,Animal1_Bregma-0.09,BASS,0.5710135803987267,0.6368130054094484,0.6432647384479764,0.7675004498830305,0.6539525164873063,0.6205489713985848,0.6368130054094484,970.221399974823,1678.5400000000002,0.052906244376462096,0.0313036330259344,-0.0430670735772093,domain,Brain
2341,MERFISH,Hypothalamus,Animal1_Bregma-0.09,Banksy,0.3067983266814482,0.4976883868010149,0.44911834675291684,0.6109411552996221,0.48269360165483005,0.5136446607243523,0.497688386801015,11.149425506591797,90.65256042480469,0.0568652150440885,0.0298187181616583,-0.1530069072846408,domain,Brain
2342,MERFISH,Hypothalamus,Animal1_Bregma-0.09,CCST,0.329075342976917,0.4416523220820655,0.4429744911849528,0.5934497030771999,0.44842155158884206,0.4352058957071957,0.4416523220820654,499.0746915817261,2043.0719583511352,0.05765700917761378,0.03013270612857614,-0.12499811932732952,domain,Brain
2343,MERFISH,Hypothalamus,Animal1_Bregma-0.09,CellCharter,0.1754420261081872,0.282770611187009,0.31614635308183814,0.479467338491992,0.28750683992270903,0.278240839591495,0.282770611187009,9.753859424591065,90.6030487060547,0.49253194169515924,0.04869405623972102,-0.16300685790250885,domain,Brain
2344,MERFISH,Hypothalamus,Animal1_Bregma-0.09,DeepST,0.16996762046285582,0.32998192525795805,0.4447599274795035,0.4348029512326795,0.2639218612167525,0.45298709828558836,0.32998192525795805,276.0112530708313,720.91044921875,0.14900125967248506,0.03725864222930852,-0.1626623769558799,domain,Brain
2345,MERFISH,Hypothalamus,Animal1_Bregma-0.09,GraphST,0.3988532591356613,0.5022125061997044,0.5012733073813836,0.6557495051286666,0.5081742866928558,0.49638898804182563,0.5022125061997044,15.375572872161865,970.1271240234375,0.1295663127586827,0.0307175841531044,-0.11550652774485862,domain,Brain
2346,MERFISH,Hypothalamus,Animal1_Bregma-0.09,PRECAST,0.1774460511476589,0.24635141145064923,0.3248643713204645,0.4543818607162137,0.2462736449951171,0.24642922703471787,0.24635141145064923,28.265700006484984,129.07999999999998,0.5699118229260393,0.0538287150356626,-0.11195838030017588,domain,Brain
2347,MERFISH,Hypothalamus,Animal1_Bregma-0.09,SEDR,0.2648306312255906,0.3831472113301692,0.4149836385861091,0.5407953931977686,0.3710466660827902,0.39652503928859895,0.3831472113301692,24.23760118484497,721.0614349365235,0.34565412992621913,0.0428029093877787,-0.18937932879950767,domain,Brain
2348,MERFISH,Hypothalamus,Animal1_Bregma-0.09,STAGATE,0.41939317418682015,0.5148035286616472,0.53221974245255,0.6603563073600863,0.49949924223363673,0.5312115014613552,0.5148035286616472,43.72980170249939,363.8839723587036,0.0970667626417131,0.03216059655357714,-0.171415958445536,domain,Brain
2349,MERFISH,Hypothalamus,Animal1_Bregma-0.09,SpaGCN,0.2028165227217455,0.3008532839426853,0.3454315541879889,0.5049487133345331,0.2986864497570983,0.303051786659737,0.3008532839426853,38.82943711280823,609.2886592864991,0.5297822566132806,0.0457173766454153,-0.1562103791442969,domain,Brain
2350,MERFISH,Hypothalamus,Animal1_Bregma-0.09,SpaceFlow,0.5390106910608079,0.6271039408646166,0.6175649721848957,0.7620658628756523,0.6363108066354726,0.6184388751496319,0.6271039408646166,60.76667666435242,404.9799062728882,0.03732229620298718,0.02964755929406378,-0.09224617011155546,domain,Brain
2351,MERFISH,Hypothalamus,Animal1_Bregma-0.09,SpatialMGCN,0.2067353462902596,0.2786408041471433,0.3592265065928494,0.48659348569371963,0.2725692907476187,0.2849889673208418,0.2786408041471433,52.988502168655394,487.21935710906985,0.5117869353967969,0.0545240397334978,-0.0922308642735774,domain,Brain
2352,MERFISH,Hypothalamus,Animal1_Bregma-0.09,stLearn,0.18769369539756436,0.26927545405834846,0.3267719133671469,0.4826345150260932,0.2731376313517925,0.2655569037311545,0.26927545405834846,1.4960139751434327,24.693014717102052,0.6157639013856397,0.05415475557628842,-0.13373060244223314,domain,Brain
2353,MERFISH,Hypothalamus,Animal1_Bregma-0.14,BASS,0.4308725094234636,0.6518827690679895,0.5673197530203954,0.8580830239622005,0.7224203612334213,0.5938945230240514,0.6518827690679895,917.8364759922027,1746.8400000000001,0.5008437394532569,0.0529968631962788,-0.1516620659998924,celltype,Brain
2354,MERFISH,Hypothalamus,Animal1_Bregma-0.14,Banksy,0.2957166606635286,0.5607634641644673,0.4850364293585357,0.7404657441781978,0.5787157496276301,0.5438914596427894,0.5607634641644672,12.90122299194336,96.63917808532716,0.3854201822477219,0.0489740971895091,-0.2294488000539756,celltype,Brain
2355,MERFISH,Hypothalamus,Animal1_Bregma-0.14,CCST,0.0828525478849696,0.16950370253486802,0.2793324409420917,0.5423894701316233,0.18755522968220856,0.15463142652437994,0.16950370253486802,566.4448423862457,2310.6463582992556,0.09169760377995272,0.029972642615885343,-0.1631457836954809,celltype,Brain
2356,MERFISH,Hypothalamus,Animal1_Bregma-0.14,CellCharter,0.2949856417191524,0.46010373005648936,0.4565672403784136,0.7234897063786703,0.507078683490645,0.4212328884323022,0.46010373005648936,8.37035026550293,96.57931938171387,0.49048261896726286,0.049227472962327726,-0.14270391220352968,celltype,Brain
2357,MERFISH,Hypothalamus,Animal1_Bregma-0.14,DeepST,0.24464208491192774,0.39244718917121196,0.48920799388731007,0.6712116098548768,0.3670685276519516,0.423412763138381,0.392447189171212,284.30423521995544,818.7911834716797,0.17873776577792774,0.039231129634570136,-0.14841043144639426,celltype,Brain
2358,MERFISH,Hypothalamus,Animal1_Bregma-0.14,GraphST,0.0468027114648044,0.1768266031080159,0.2643500529696451,0.5578805264934188,0.1942327227869686,0.1622835968230689,0.1768266031080159,17.08808183670044,1101.219734764099,0.1424232197097536,0.0302393255690381,-0.1271639160230414,celltype,Brain
2359,MERFISH,Hypothalamus,Animal1_Bregma-0.14,PRECAST,0.3971240389401588,0.6044934307713133,0.5392689847770797,0.8287208909888626,0.6719738683383514,0.5493291280022559,0.6044934307713135,32.631594038009645,137.62,0.5472494093823828,0.0542682332703497,-0.1326982862832797,celltype,Brain
2360,MERFISH,Hypothalamus,Animal1_Bregma-0.14,SEDR,0.27953238716218143,0.5098256456562661,0.4474997299953194,0.7369220384745191,0.5576048649887834,0.4697111018866028,0.5098256456562661,24.774490833282467,818.9510078430176,0.4325683428957138,0.046770036254391224,-0.1978274558849239,celltype,Brain
2361,MERFISH,Hypothalamus,Animal1_Bregma-0.14,STAGATE,0.1141681857789935,0.190714205169757,0.30262857020982514,0.5722240971987851,0.21276504414203265,0.17280586748008556,0.190714205169757,44.01782984733582,412.8495222091675,0.1154573067836652,0.03145013472246,-0.1807280136693031,celltype,Brain
2362,MERFISH,Hypothalamus,Animal1_Bregma-0.14,SpaGCN,0.3280107805989783,0.49242696295787686,0.4805837090193125,0.7956463044211948,0.551210031977564,0.444973363723091,0.49242696295787686,10.361679792404175,685.2212863922119,0.5541680728990888,0.0482372395914143,-0.1975257915111836,celltype,Brain
2363,MERFISH,Hypothalamus,Animal1_Bregma-0.14,SpaceFlow,0.07640302129941046,0.1367711842339901,0.2603413757690275,0.531859601754978,0.1558111528620862,0.12190074328471838,0.1367711842339901,76.64413571357727,463.42978916168215,0.03435707053661826,0.028784483316808978,-0.07222390668024262,celltype,Brain
2364,MERFISH,Hypothalamus,Animal1_Bregma-0.14,SpatialMGCN,0.4070838658717289,0.6605470438480042,0.5518025076045753,0.8346270671616605,0.7137203424532601,0.6147473875138231,0.6605470438480043,52.10025458335876,552.9982675552368,0.47856901788727646,0.05352337504576969,-0.1842901791182743,celltype,Brain
2365,MERFISH,Hypothalamus,Animal1_Bregma-0.14,stLearn,0.4356357193902494,0.6475466948957136,0.5709623782809604,0.8666216672291597,0.7186439984597062,0.5893284457942536,0.6475466948957136,1.6341954231262208,26.288343048095705,0.5814714816064799,0.056009894386260285,-0.14740712147299828,celltype,Brain
2366,MERFISH,Hypothalamus,Animal1_Bregma-0.14,BASS,0.5903021454964401,0.6371534269992978,0.6645768975580453,0.78889638879514,0.6502479839107592,0.6245758501099378,0.6371534269992979,1013.1473540306091,1690.0400000000002,0.0435369557880526,0.029225608695594995,-0.0646470205132007,domain,Brain
2367,MERFISH,Hypothalamus,Animal1_Bregma-0.14,Banksy,0.2868339867225645,0.5079133862145668,0.4433338483466211,0.6424232197097536,0.4942823840450702,0.5223175234551405,0.5079133862145667,11.441374254226684,96.6481237411499,0.0553493081336483,0.028889041754452997,-0.1553337909380813,domain,Brain
2368,MERFISH,Hypothalamus,Animal1_Bregma-0.14,CCST,0.3077263847656938,0.4635269804681171,0.42615555135334643,0.6289233884576443,0.4812074049356241,0.44712748577065264,0.4635269804681171,555.5906924724579,2318.1085622787477,0.04822814714816058,0.02901442552443162,-0.07237991577197093,domain,Brain
2369,MERFISH,Hypothalamus,Animal1_Bregma-0.14,CellCharter,0.21098832446438265,0.3203048062611832,0.36554912903363873,0.5296996287546405,0.31724061975704443,0.32342966103756493,0.3203048062611832,10.760610103607178,96.59005699157714,0.40263246709416134,0.045884549235715597,-0.16087645513897142,domain,Brain
2370,MERFISH,Hypothalamus,Animal1_Bregma-0.14,DeepST,0.22047055338981467,0.376670669394853,0.46602963935015695,0.5096523793452581,0.3173724679877797,0.47269095289011165,0.376670669394853,296.88360767364503,818.8003421783447,0.1497806277421532,0.036859511206275355,-0.12637865716864138,domain,Brain
2371,MERFISH,Hypothalamus,Animal1_Bregma-0.14,GraphST,0.40567967608029354,0.49530033829383335,0.5266925278881821,0.6727978400269997,0.4868413043810117,0.5040585273349094,0.49530033829383335,15.401078081130981,1101.2449377059936,0.1211609854876814,0.0296371331034807,-0.1352586582047109,domain,Brain
2372,MERFISH,Hypothalamus,Animal1_Bregma-0.14,PRECAST,0.1983129864381753,0.2730594616418222,0.3686890841232563,0.49713128585892663,0.2645263364641219,0.28216146304036,0.2730594616418223,29.99534206390381,127.91999999999999,0.4259196760040499,0.0506797432749095,-0.0995907502549005,domain,Brain
2373,MERFISH,Hypothalamus,Animal1_Bregma-0.14,SEDR,0.22713874698435715,0.33737679480030647,0.380272160687996,0.5362807964900439,0.33416829943449644,0.3407584341648734,0.33737679480030647,24.30241870880127,818.9606081008911,0.40820114748565645,0.046156391106202684,-0.17855285136176144,domain,Brain
2374,MERFISH,Hypothalamus,Animal1_Bregma-0.14,STAGATE,0.36123631738722606,0.49236090240036495,0.48908231860898954,0.6221734728315896,0.48337433214484776,0.5017439080266605,0.49236090240036495,44.46594052314758,412.88069858551023,0.0875126560917988,0.030468982115282938,-0.19249732558389196,domain,Brain
2375,MERFISH,Hypothalamus,Animal1_Bregma-0.14,SpaGCN,0.1881214916145145,0.2657711685459315,0.333798962781388,0.4947688153898076,0.2705601885231409,0.261148734937116,0.2657711685459314,61.4142707824707,699.8333026885987,0.49898751265609176,0.0480758738149317,-0.1235582687783495,domain,Brain
2376,MERFISH,Hypothalamus,Animal1_Bregma-0.14,SpaceFlow,0.46210978434524996,0.5672107099902812,0.5570718434182738,0.6987512656091799,0.5831295662697838,0.5521637371792474,0.5672107099902812,68.0827051639557,448.50619258880613,0.028889638879513964,0.028694488518610662,-0.07257509930719827,domain,Brain
2377,MERFISH,Hypothalamus,Animal1_Bregma-0.14,SpatialMGCN,0.20480045313166467,0.2830905242963448,0.3721770251483154,0.49341883226459676,0.2755172239915503,0.2910919356530149,0.2830905242963448,59.505827569961546,552.8985441207885,0.4348633142085724,0.05187752826632029,-0.0847607203108293,domain,Brain
2378,MERFISH,Hypothalamus,Animal1_Bregma-0.14,stLearn,0.19623601439215657,0.267513516019223,0.3410938599891396,0.4861964225447181,0.27168763891930875,0.26348002962334127,0.2675135160192231,1.5515219211578368,26.30899257659912,0.5672966587917652,0.052599106912969464,-0.14721577302023664,domain,Brain
2379,MERFISH,Hypothalamus,Animal1_Bregma-0.19,BASS,0.4446515053748136,0.6663746710676044,0.5747702447163773,0.8800620368774773,0.7347934441315946,0.6096119171909864,0.6663746710676044,907.3506021022797,1712.48,0.5355850422195416,0.052790041080100505,-0.153173569212156,celltype,Brain
2380,MERFISH,Hypothalamus,Animal1_Bregma-0.19,Banksy,0.3929058556554655,0.5925601681436999,0.5424787013803924,0.75357573668792,0.6253321100101852,0.5630521483595592,0.5925601681437,12.304693412780761,94.63707294464112,0.4325348957435809,0.051072064434514494,-0.128133674668906,celltype,Brain
2381,MERFISH,Hypothalamus,Animal1_Bregma-0.19,CCST,0.09447057497748014,0.1788698712694506,0.29134258466223517,0.5485438566258832,0.19302786187852583,0.16666613306567904,0.1788698712694506,542.7478426456452,2227.896389770508,0.08399103911769772,0.02962196973916358,-0.15127671131454618,celltype,Brain
2382,MERFISH,Hypothalamus,Animal1_Bregma-0.19,CellCharter,0.21904747489234033,0.41659868538570244,0.39571547945073665,0.6857832155781493,0.4525241573415618,0.3867397745454711,0.41659868538570244,7.111450052261352,94.58683414459229,0.46903325865931417,0.0485893290729816,-0.13661226933897586,celltype,Brain
2383,MERFISH,Hypothalamus,Animal1_Bregma-0.19,DeepST,0.37740575468880333,0.44659122453384226,0.6219343654943161,0.6978114768223332,0.3884773539172131,0.5340547350084865,0.44659122453384237,279.8520173549652,785.4630546569824,0.19448561089091845,0.03967429198164342,-0.1838988059669565,celltype,Brain
2384,MERFISH,Hypothalamus,Animal1_Bregma-0.19,GraphST,0.10150620318335682,0.1963950870641243,0.304273071908185,0.5555747027399621,0.2095107852519583,0.1848247714048776,0.1963950870641243,15.76809377670288,1056.5856378555297,0.1220058590384284,0.0301387062200687,-0.12334053686671301,celltype,Brain
2385,MERFISH,Hypothalamus,Animal1_Bregma-0.19,PRECAST,0.3672729476297848,0.6143690892518038,0.5118437538507513,0.795278304325349,0.6744444934024415,0.5641206596892894,0.614369089251804,32.51265001296997,138.0,0.5052559021195933,0.0520968211572362,-0.1577102580091186,celltype,Brain
2386,MERFISH,Hypothalamus,Animal1_Bregma-0.19,SEDR,0.2872396918354373,0.4753598305879817,0.44955034999981736,0.7257625366189902,0.516296920883607,0.440694951870478,0.4753598305879817,24.73072214126587,785.6205204010009,0.38955712562467687,0.0440393555085812,-0.18515974177882094,celltype,Brain
2387,MERFISH,Hypothalamus,Animal1_Bregma-0.19,STAGATE,0.09920137382053296,0.1955834166515918,0.2959907310985079,0.5581251077029122,0.21084412087535398,0.182390305473221,0.1955834166515918,43.35572628974914,396.09158382415774,0.10594520075822848,0.03112444002380014,-0.14605936655875693,celltype,Brain
2388,MERFISH,Hypothalamus,Animal1_Bregma-0.19,SpaGCN,0.3135418421502304,0.5087900117774254,0.4688736313295719,0.7504738928140617,0.5543275175575453,0.47016627610224193,0.5087900117774253,16.040260124206544,658.2285095214844,0.4887127347923488,0.0461023709572046,-0.1735302895095855,celltype,Brain
2389,MERFISH,Hypothalamus,Animal1_Bregma-0.19,SpaceFlow,0.06147959097751941,0.1343244548585433,0.24169658402277938,0.5099431328623126,0.1514050416416048,0.1207092815422471,0.1343244548585433,41.71008515357971,416.41781959533694,0.04318455971049452,0.02899336196027934,-0.0377042401198089,celltype,Brain
2390,MERFISH,Hypothalamus,Animal1_Bregma-0.19,SpatialMGCN,0.4580381135696913,0.6508083664205148,0.5861713378329495,0.8619679476133035,0.7040218726469896,0.6050738484291849,0.6508083664205148,46.885018825531006,530.5122169494629,0.5712562467689126,0.05301097311423271,-0.1490967442591933,celltype,Brain
2391,MERFISH,Hypothalamus,Animal1_Bregma-0.19,stLearn,0.4529116574658819,0.6575080050783371,0.5820733924193169,0.8806824056522489,0.728859738220697,0.5989448850936394,0.6575080050783371,1.4990244865417481,25.755043983459473,0.6193692917456488,0.05486008826892822,-0.1494054719387064,celltype,Brain
2392,MERFISH,Hypothalamus,Animal1_Bregma-0.19,BASS,0.6199219634830195,0.7102494189381381,0.69406096104375,0.7453041530242978,0.6816547175482515,0.7413481993631698,0.7102494189381381,986.7832720279694,1650.58,0.034809581251077,0.0294861673997182,-0.0505609274494274,domain,Brain
2393,MERFISH,Hypothalamus,Animal1_Bregma-0.19,Banksy,0.3866341028326424,0.5874679614437651,0.5200888595437101,0.6675857315181802,0.5555693698036784,0.6232526593592075,0.5874679614437651,12.05450372695923,94.64659595489502,0.05893503360330861,0.029340941410542897,-0.1121612981799768,domain,Brain
2394,MERFISH,Hypothalamus,Animal1_Bregma-0.19,CCST,0.32431941107548895,0.4416083768102232,0.4447759215427844,0.5690504911252801,0.42039221509349456,0.4654700443400631,0.4416083768102232,538.4956191062927,2234.3529193878176,0.058142340168878114,0.02881280810583166,-0.1497173780177706,domain,Brain
2395,MERFISH,Hypothalamus,Animal1_Bregma-0.19,CellCharter,0.17424637298254764,0.2879782319765835,0.3248895856778629,0.4163019128037222,0.2772823676921182,0.3002055696204026,0.28797823197658345,9.843776845932007,94.59845199584962,0.47372048940203343,0.047290512262911,-0.1312553089124801,domain,Brain
2396,MERFISH,Hypothalamus,Animal1_Bregma-0.19,DeepST,0.13420941034954356,0.30819517447575295,0.4149333916731573,0.3793555057728761,0.23805530900814387,0.4401647165044166,0.30819517447575295,292.1686604499817,785.4713548660278,0.15795278304325347,0.03719851561788918,-0.17472036283472966,domain,Brain
2397,MERFISH,Hypothalamus,Animal1_Bregma-0.19,GraphST,0.4926613085434731,0.5763663430941143,0.5835105379015443,0.718766155436843,0.5619429457767884,0.5915496562564864,0.5763663430941143,15.089671945571899,1056.6103546142579,0.1259693262105807,0.030608621284642,-0.1271631748455521,domain,Brain
2398,MERFISH,Hypothalamus,Animal1_Bregma-0.19,PRECAST,0.2566287092092549,0.3181155067453793,0.3841671162129677,0.4976736170946062,0.3138916019486065,0.322454640685497,0.3181155067453792,30.51636395454407,128.3,0.4702739962088575,0.0487902099716407,-0.1543022021342281,domain,Brain
2399,MERFISH,Hypothalamus,Animal1_Bregma-0.19,SEDR,0.2717860360915273,0.39370952819900096,0.4141168270737269,0.5153541271755988,0.375194120809975,0.41422246871969215,0.39370952819900096,22.780887889862065,785.629789352417,0.3605031880062037,0.04265600391239384,-0.18765093737880184,domain,Brain
2400,MERFISH,Hypothalamus,Animal1_Bregma-0.19,STAGATE,0.4277763782414434,0.563234557230665,0.5357621490806581,0.6713768740306738,0.5438274605338985,0.5847050228206956,0.563234557230665,43.90159645080566,396.13582916259764,0.10218852317766669,0.030821322247862937,-0.14878065664511048,domain,Brain
2401,MERFISH,Hypothalamus,Animal1_Bregma-0.19,SpaGCN,0.21807835119438074,0.2776327997166847,0.3409978068750026,0.47716698259520934,0.2800795075600553,0.2752284693869353,0.2776327997166846,55.30466918945312,662.0949440002441,0.5779769084956057,0.0477143795953963,-0.1255959940117436,domain,Brain
2402,MERFISH,Hypothalamus,Animal1_Bregma-0.19,SpaceFlow,0.4474666863408842,0.5841393189708037,0.5368595711206553,0.6846458728244011,0.5779553164749026,0.5904779242841798,0.5841393189708037,52.53413286209106,426.17922897338866,0.03835946924004818,0.02891754138647924,-0.0035455494388937,domain,Brain
2403,MERFISH,Hypothalamus,Animal1_Bregma-0.19,SpatialMGCN,0.1873726343853068,0.2656146934726623,0.3322387306421751,0.4325348957435809,0.2568920595220238,0.2749504919407403,0.2656146934726624,60.49810166358948,530.537371635437,0.5476477683956574,0.0520944058421229,-0.11892243355332362,domain,Brain
2404,MERFISH,Hypothalamus,Animal1_Bregma-0.19,stLearn,0.19936896235670995,0.2666388173374875,0.3318596328072568,0.4458728244011717,0.26455441117054856,0.26879060779610653,0.2666388173374875,1.4335793495178222,25.7686487197876,0.5980699638118214,0.052253685614332704,-0.13543070864780055,domain,Brain
2405,MERFISH,Hypothalamus,Animal1_Bregma-0.24,BASS,0.5321388938090834,0.7144782552958755,0.6351893703640613,0.8996933068735341,0.7761459781207937,0.661888703510935,0.7144782552958755,842.5564499378204,1657.2599999999998,0.5843406097780985,0.054870191005255496,-0.1397056278391966,celltype,Brain
2406,MERFISH,Hypothalamus,Animal1_Bregma-0.24,Banksy,0.4209083450191823,0.6394297678254873,0.5667730668651367,0.757712430092008,0.638792470016852,0.6400683385173165,0.6394297678254874,12.596951103210449,90.41055355072021,0.45228215767634855,0.0529570576026991,-0.1752307897516075,celltype,Brain
2407,MERFISH,Hypothalamus,Animal1_Bregma-0.24,CCST,0.0943147597834508,0.18776266442135017,0.27633618431805473,0.5145228215767635,0.20044104690240286,0.17659346551908292,0.18776266442135017,499.5245391368866,2027.0947853088378,0.09370377052137827,0.0309139239730856,-0.08979066583315398,celltype,Brain
2408,MERFISH,Hypothalamus,Animal1_Bregma-0.24,CellCharter,0.40564622988272303,0.5690530097669555,0.5295248553420063,0.8012267725058632,0.6193414927364227,0.5263266514890604,0.5690530097669555,8.189117765426635,90.36032962799072,0.6141439653617174,0.05341407278041617,-0.13923365330272433,celltype,Brain
2409,MERFISH,Hypothalamus,Animal1_Bregma-0.24,DeepST,0.4787263166719641,0.509035324588966,0.6210177692291555,0.7629442540140718,0.4931756515298963,0.5259557008546293,0.509035324588966,260.484362745285,717.2930084228516,0.3476456792350712,0.045314999251595975,-0.16445953643826802,celltype,Brain
2410,MERFISH,Hypothalamus,Animal1_Bregma-0.24,GraphST,0.0676116555920034,0.1921313414500317,0.2669180276544056,0.5134403752480606,0.20316772848691161,0.1822322046338581,0.1921313414500317,14.452458381652832,965.2759704589844,0.1345841602020566,0.0304888184357673,-0.1288068813341555,celltype,Brain
2411,MERFISH,Hypothalamus,Animal1_Bregma-0.24,PRECAST,0.5028900494967441,0.6609455265355808,0.6105165879303197,0.8715497023272596,0.7174452459174636,0.6126950197808434,0.6609455265355808,32.49515600204468,139.07999999999998,0.6482049431715677,0.0573788211869465,-0.1469780148922935,celltype,Brain
2412,MERFISH,Hypothalamus,Animal1_Bregma-0.24,SEDR,0.35100831470718746,0.5193646065806877,0.5023536019428316,0.7266101389139455,0.5327114232210415,0.5067585050156492,0.5193646065806877,25.90923204421997,717.4464710235595,0.444921522641169,0.04661646090484206,-0.19939288302144903,celltype,Brain
2413,MERFISH,Hypothalamus,Animal1_Bregma-0.24,STAGATE,0.08594337099812874,0.19095424340214334,0.26193504923355343,0.5224607613205846,0.20884951482581499,0.1758903520512431,0.19095424340214334,41.13437261581421,361.7210535049438,0.13202237055745986,0.03274257795808152,-0.10708688011841476,celltype,Brain
2414,MERFISH,Hypothalamus,Animal1_Bregma-0.24,SpaGCN,0.4274365078667321,0.5624764153941988,0.5477065282509981,0.8242828793072343,0.6137948149131796,0.5190772033820793,0.5624764153941988,11.072425031661988,599.4394809722901,0.5745985928197727,0.0504008310001857,-0.1326011671058272,celltype,Brain
2415,MERFISH,Hypothalamus,Animal1_Bregma-0.24,SpaceFlow,0.08860750678449543,0.14942970586172463,0.2534948157423305,0.5069817788201335,0.1666975379503668,0.13541574396270142,0.1494297058617246,45.96893382072449,384.3915138244629,0.047627638462926156,0.02978638591032724,0.005611717270770679,celltype,Brain
2416,MERFISH,Hypothalamus,Animal1_Bregma-0.24,SpatialMGCN,0.4670248857696079,0.6531400875151573,0.5813258192792957,0.848277106260148,0.6992697731176108,0.6127199523259416,0.6531400875151573,42.94815726280213,484.94161758422854,0.629803355583619,0.0563203898066881,-0.1607550853702599,celltype,Brain
2417,MERFISH,Hypothalamus,Animal1_Bregma-0.24,stLearn,0.5334071104405524,0.699601416395882,0.6361467682274667,0.8934872812556378,0.7581946776880987,0.6494874531319524,0.699601416395882,1.4177451133728027,24.609799957275392,0.6291538877863972,0.05727880051404124,-0.13224466698552118,celltype,Brain
2418,MERFISH,Hypothalamus,Animal1_Bregma-0.24,BASS,0.6731745248519435,0.691044652276119,0.7306339988870778,0.8085874075410426,0.679331038566612,0.7031693060245071,0.691044652276119,947.7674999713897,1507.4,0.0413133682121594,0.0309400320873158,-0.0061818803853273,domain,Brain
2419,MERFISH,Hypothalamus,Animal1_Bregma-0.24,Banksy,0.2619217688041805,0.508912143408093,0.4270399490121881,0.6126646220458236,0.47612823234902024,0.5465445876397662,0.5089121434080929,10.765214776992797,90.41890945434571,0.0633231102291178,0.030018153287924697,-0.1239582618992616,domain,Brain
2420,MERFISH,Hypothalamus,Animal1_Bregma-0.24,CCST,0.3357329419553568,0.4647352164518903,0.45426696751975165,0.6027061158217573,0.45039291538680465,0.48018709240928625,0.4647352164518904,494.10780453681946,2034.085552406311,0.06584881832942446,0.03002406466608936,-0.1371432223469108,domain,Brain
2421,MERFISH,Hypothalamus,Animal1_Bregma-0.24,CellCharter,0.19248154266335463,0.28550791528614955,0.3323940381265281,0.4519574237777377,0.28170287741206035,0.28966192490418574,0.2855079152861496,10.184246110916138,90.37155170440674,0.55092909976547,0.05081324117314986,-0.1023929311247656,domain,Brain
2422,MERFISH,Hypothalamus,Animal1_Bregma-0.24,DeepST,0.17450771257254366,0.3079131886203675,0.3969129026108599,0.44654519213422333,0.26719126676687827,0.36834938434459896,0.3079131886203675,271.971053981781,717.3010684967041,0.2754104275662998,0.04270210133091994,-0.1545632281923773,domain,Brain
2423,MERFISH,Hypothalamus,Animal1_Bregma-0.24,GraphST,0.4231990562286982,0.5434723821187895,0.5361067066015754,0.6842864874616633,0.5218194613868992,0.5670000743042342,0.5434723821187896,14.000728321075439,965.2992994308472,0.12195561970052311,0.0298240161843753,-0.1309709983778527,domain,Brain
2424,MERFISH,Hypothalamus,Animal1_Bregma-0.24,PRECAST,0.1868302266337671,0.2581158808320247,0.3351257147795056,0.4598592819772686,0.251576050932252,0.2650047968786352,0.2581158808320247,30.53386597633362,129.38,0.5248060616994408,0.0527162670655071,-0.13305544535604,domain,Brain
2425,MERFISH,Hypothalamus,Animal1_Bregma-0.24,SEDR,0.20395839361760343,0.34061267459163275,0.36364108843128895,0.47764748331228574,0.32300633021067104,0.3605642499709759,0.34061267459163275,23.748936271667482,717.4558235168457,0.4201695832581634,0.04474234644814184,-0.19631146542075079,domain,Brain
2426,MERFISH,Hypothalamus,Animal1_Bregma-0.24,STAGATE,0.4341070046963368,0.5653353468418021,0.5330884572762384,0.6867400324733899,0.5608621013491248,0.5700974988638373,0.5653353468418021,40.74114336967468,361.77754917144773,0.12404834926934871,0.0321270900285352,-0.12058928215390181,domain,Brain
2427,MERFISH,Hypothalamus,Animal1_Bregma-0.24,SpaGCN,0.1920822496829103,0.2601989025899967,0.331318116985357,0.4627458055204762,0.257139272217552,0.2633322211804191,0.2601989025899967,25.19120397567749,604.7012830734253,0.5681039148475555,0.0488881170464315,-0.1195780672368038,domain,Brain
2428,MERFISH,Hypothalamus,Animal1_Bregma-0.24,SpaceFlow,0.48684839467582464,0.6226383367563961,0.5682462151372254,0.775067652895544,0.6369324493634088,0.6089726604220881,0.6226383367563961,43.85758566856384,381.321084022522,0.04210716218654154,0.029628478837361083,0.01680038599408446,domain,Brain
2429,MERFISH,Hypothalamus,Animal1_Bregma-0.24,SpatialMGCN,0.1197997828410553,0.2278424034189178,0.3124800052268472,0.402670034277467,0.2113662979402448,0.24710430379384124,0.2278424034189178,53.87813739776611,484.7282314300537,0.5128991520837092,0.05272884018567821,-0.175729351547298,domain,Brain
2430,MERFISH,Hypothalamus,Animal1_Bregma-0.24,stLearn,0.19061864897996286,0.2653366493129636,0.3259305485932607,0.46061699440736065,0.2646765725600676,0.26601486551715436,0.2653366493129636,1.344244909286499,24.626665687561037,0.6142161284502977,0.05442674482377542,-0.12101105949607005,domain,Brain
2431,MERFISH,Hypothalamus,Animal1_Bregma-0.29,BASS,0.6135924936466602,0.6829284179403868,0.6973847643203588,0.8316113829980061,0.695896981651077,0.6704343691664676,0.6829284179403868,883.4164919376374,1500.48,0.6139206090266449,0.05632188947932311,-0.1690569953041229,celltype,Brain
2432,MERFISH,Hypothalamus,Animal1_Bregma-0.29,Banksy,0.3745815428249857,0.5829711502424502,0.5450272794962926,0.7420699655609932,0.5628370642738744,0.6045991709561636,0.58297115024245,13.230875015258789,89.98624401092529,0.4689142649990937,0.0528634924609107,-0.23474818489775,celltype,Brain
2433,MERFISH,Hypothalamus,Animal1_Bregma-0.29,CCST,0.0780955896080186,0.15949594484692597,0.2591897839657974,0.4663766539786115,0.16692300178527453,0.1527046878232297,0.15949594484692597,496.96402316093446,2010.6076768875125,0.08758383179264087,0.03050731173857088,-0.09193236179111076,celltype,Brain
2434,MERFISH,Hypothalamus,Animal1_Bregma-0.29,CellCharter,0.3515317581338599,0.5182009876114919,0.4853499618855507,0.7327895595432301,0.5418354486974863,0.4980263662433065,0.518200987611492,7.6137047290802,89.94472999572754,0.5856443719412724,0.053539261879756016,-0.16997871048909965,celltype,Brain
2435,MERFISH,Hypothalamus,Animal1_Bregma-0.29,DeepST,0.29906196873942015,0.4270238084020755,0.5396475631761861,0.6414718143918796,0.3739326100540815,0.5042472070567587,0.42702380840207554,265.48965392112734,710.6460552215576,0.23799166213521836,0.04309909584920376,-0.1983087347463116,celltype,Brain
2436,MERFISH,Hypothalamus,Animal1_Bregma-0.29,GraphST,0.038072413394692,0.1538549153079582,0.23757511154045524,0.4701830705093347,0.1613731756410557,0.1470060108615011,0.1538549153079582,15.703374481201172,956.3718999862671,0.1361247054558637,0.0306861789395108,-0.127274182082227,celltype,Brain
2437,MERFISH,Hypothalamus,Animal1_Bregma-0.29,PRECAST,0.4962372700443538,0.6546130948415747,0.5987584474606589,0.8647815841943085,0.7074481404894947,0.609121476220629,0.6546130948415747,33.418438005447385,139.0,0.6557911908646004,0.0572273038260707,-0.1542338907455449,celltype,Brain
2438,MERFISH,Hypothalamus,Animal1_Bregma-0.29,SEDR,0.3770340498737376,0.5471217797785248,0.5054348854099063,0.7500090628965017,0.5741876199675262,0.5226401042810085,0.5471217797785248,22.17223424911499,710.7991500854492,0.5720862787746964,0.05085095767596668,-0.18101565425346483,celltype,Brain
2439,MERFISH,Hypothalamus,Animal1_Bregma-0.29,STAGATE,0.052424170381746106,0.13278793063307898,0.2412983452759761,0.4654341127424325,0.14055381967389752,0.12584650445137338,0.13278793063307895,43.020677709579466,358.5555097579956,0.1086822548486496,0.032761192129134795,-0.13063098758342434,celltype,Brain
2440,MERFISH,Hypothalamus,Animal1_Bregma-0.29,SpaGCN,0.4475585530295545,0.5413350598408833,0.5643296740949773,0.7467826717418887,0.5505595988001886,0.5324145384957687,0.5413350598408831,13.881753063201904,595.7351299285889,0.6284212434294001,0.0490650355753698,-0.1693034588598658,celltype,Brain
2441,MERFISH,Hypothalamus,Animal1_Bregma-0.29,SpaceFlow,0.06396175895407398,0.12547466054905793,0.2259182899384624,0.469784303063259,0.1385738273145622,0.11463878875892435,0.12547466054905793,32.72942962646484,370.1582447052002,0.050860975167663525,0.02989453618277766,-0.01590160623239992,celltype,Brain
2442,MERFISH,Hypothalamus,Animal1_Bregma-0.29,SpatialMGCN,0.5627280518868943,0.663405925709323,0.6578757200965205,0.842305600870038,0.6763648319588065,0.6509342600461551,0.663405925709323,54.892126655578615,480.42158603668213,0.6325901758201922,0.0561460997065775,-0.1831068615240827,celltype,Brain
2443,MERFISH,Hypothalamus,Animal1_Bregma-0.29,stLearn,0.49902029580123486,0.6515185151390176,0.6010911906270826,0.8608664129055648,0.7010371019628119,0.6085947749851389,0.6515185151390176,1.3220430850982665,24.495441436767578,0.6905202102591989,0.05716232747236986,-0.17417246148954096,celltype,Brain
2444,MERFISH,Hypothalamus,Animal1_Bregma0.01,BASS,0.553837034972583,0.6971154633989725,0.654328295896805,0.8259647808167851,0.7066449953156639,0.6878395344103332,0.6971154633989725,867.9176019668579,1518.1799999999998,0.5421506182090671,0.0559061208500332,-0.1626027963708323,celltype,Brain
2445,MERFISH,Hypothalamus,Animal1_Bregma0.01,Banksy,0.3545219165341366,0.597936420337397,0.5192214733817806,0.6995129261895842,0.5827150761147878,0.6139742998164246,0.597936420337397,12.979341411590577,87.0756706237793,0.45110528287748225,0.0538235558272306,-0.12321941115907828,celltype,Brain
2446,MERFISH,Hypothalamus,Animal1_Bregma0.01,CCST,0.13229614294862185,0.20402238258188668,0.3075887300113968,0.48433870363431997,0.2094757191448462,0.19890949992221874,0.20402238258188668,464.4954089641571,1871.1239196777344,0.10123641813413257,0.031497674933201644,-0.1622795002754666,celltype,Brain
2447,MERFISH,Hypothalamus,Animal1_Bregma0.01,CellCharter,0.3973088118535057,0.525867115455741,0.5230650529584316,0.7068565005620082,0.5375922018050105,0.5150236278777889,0.525867115455741,7.556749296188355,87.05423889160156,0.5022480329711503,0.05063216928844059,-0.14876438218765364,celltype,Brain
2448,MERFISH,Hypothalamus,Animal1_Bregma0.01,DeepST,0.30218348888759994,0.4353682563379323,0.5548712444108401,0.6247283626826527,0.3640966771860505,0.5413772376922663,0.4353682563379323,257.35645632743837,665.7248880386353,0.16654177594604716,0.03925596197004118,-0.20198374165784058,celltype,Brain
2449,MERFISH,Hypothalamus,Animal1_Bregma0.01,GraphST,0.0786283182962986,0.21225513303857196,0.3023982518491205,0.4932559010865492,0.20900408584450808,0.2156089180383797,0.21225513303857196,16.13547215461731,896.190744972229,0.0910453353315848,0.0313149541834532,-0.1692098643976202,celltype,Brain
2450,MERFISH,Hypothalamus,Animal1_Bregma0.01,PRECAST,0.5062964675312863,0.6427731012132216,0.6046312304966129,0.8531285125515173,0.6915625071543484,0.6004141672948803,0.6427731012132216,29.675868034362793,139.84,0.5964780816785313,0.0559180373608265,-0.1332782447728273,celltype,Brain
2451,MERFISH,Hypothalamus,Animal1_Bregma0.01,SEDR,0.3556192986993128,0.5582931090000175,0.4884687537538951,0.7158111652304233,0.5765168403276217,0.5415173832740708,0.5582931090000175,24.030463314056398,665.8756338119507,0.47680779318096655,0.048853439601947456,-0.15921075901096277,celltype,Brain
2452,MERFISH,Hypothalamus,Animal1_Bregma0.01,STAGATE,0.144658240812358,0.2345177435444648,0.3215170559146775,0.513600599475459,0.24048550644941785,0.22901522118959453,0.2345177435444648,40.117109060287476,335.93896160125735,0.14709629074559757,0.033521833973476946,-0.176196541235768,celltype,Brain
2453,MERFISH,Hypothalamus,Animal1_Bregma0.01,SpaGCN,0.4615088314003916,0.5505811586000865,0.5676260211298035,0.8040464593480705,0.5769483669889398,0.5265186468131265,0.5505811586000866,180.68719658851623,649.4271993637085,0.6118396403147246,0.0512032407330828,-0.1624359694733378,celltype,Brain
2454,MERFISH,Hypothalamus,Animal1_Bregma0.01,SpaceFlow,0.09032457644759134,0.16688304778981594,0.24823198310852015,0.49123267141251403,0.18091894279310952,0.15487181645845446,0.1668830477898159,42.72192063331604,360.71536407470705,0.05271637317347316,0.0299878298390839,-0.08905661092363948,celltype,Brain
2455,MERFISH,Hypothalamus,Animal1_Bregma0.01,SpatialMGCN,0.5609160231784848,0.7170509167348881,0.7009955266478496,0.750468340202323,0.6599884331184591,0.7849144847603212,0.7170509167348881,36.25998568534851,450.14986515045166,0.3703634319970026,0.0503961977235028,-0.1935104330342154,celltype,Brain
2456,MERFISH,Hypothalamus,Animal1_Bregma0.01,stLearn,0.5163609601874093,0.6662888352238269,0.6126404907846691,0.8397527163731734,0.713247810835834,0.6251964291127454,0.6662888352238269,1.5654343605041503,23.716071319580077,0.6636568002997377,0.058391366995934335,-0.14509105655957671,celltype,Brain
2457,MERFISH,Hypothalamus,Animal1_Bregma0.06,BASS,0.5346346454071003,0.6673559242866507,0.618442273873979,0.8162081227774658,0.6904464354137612,0.6457598605226262,0.6673559242866507,841.1973799705505,1512.98,0.5457608085345311,0.0538472791150746,-0.1286956128313154,celltype,Brain
2458,MERFISH,Hypothalamus,Animal1_Bregma0.06,Banksy,0.5170204593705368,0.6224576847360044,0.6331052587763504,0.6887516376567472,0.5981021694979709,0.6488809806507729,0.6224576847360043,10.77012300491333,87.15806941986084,0.4903612202882276,0.055029743082573704,-0.1416836850442424,celltype,Brain
2459,MERFISH,Hypothalamus,Animal1_Bregma0.06,CCST,0.15684161482112013,0.22893728677618289,0.3197184330635421,0.49219539584503086,0.22725223705632072,0.2306498945213924,0.22893728677618289,464.54906210899355,1874.1678993225098,0.08811529103499902,0.03024998711776204,-0.15181000898118963,celltype,Brain
2460,MERFISH,Hypothalamus,Animal1_Bregma0.06,CellCharter,0.3229698565571396,0.4803151933678616,0.44783134373343625,0.6625491297024144,0.4896499283006338,0.4722176999789213,0.4803151933678616,7.4749421119689945,87.12999095916749,0.5606213737600598,0.04987272962230566,-0.14545694878962193,celltype,Brain
2461,MERFISH,Hypothalamus,Animal1_Bregma0.06,DeepST,0.35842236485632223,0.4698971948317606,0.5498718358117536,0.6515815085158151,0.41598413740065876,0.5434541815319456,0.4698971948317607,251.9439537525177,666.9598781585694,0.22107430282612758,0.04099079153251772,-0.24700802752428977,celltype,Brain
2462,MERFISH,Hypothalamus,Animal1_Bregma0.06,GraphST,0.1319950543703725,0.2321069703074777,0.2922656954701255,0.5105745835672842,0.2374014664976379,0.2270434766407809,0.2321069703074778,17.71666102409363,897.8454431533813,0.1182856073367022,0.0300134660268521,-0.10020217460966821,celltype,Brain
2463,MERFISH,Hypothalamus,Animal1_Bregma0.06,PRECAST,0.5110609276221308,0.6512156612307837,0.5968861840592681,0.8205128205128205,0.683408108520788,0.6219196724583261,0.6512156612307837,29.40556197166443,150.07999999999998,0.6077110237694179,0.05500512688756011,-0.11728060765949208,celltype,Brain
2464,MERFISH,Hypothalamus,Animal1_Bregma0.06,SEDR,0.38097800649728675,0.5209762096999004,0.49557990112413036,0.6928691746209995,0.5314077990497512,0.5116682137766023,0.5209762096999004,23.11814489364624,667.1106960296631,0.5122215983529852,0.04694784356458196,-0.20215067998071512,celltype,Brain
2465,MERFISH,Hypothalamus,Animal1_Bregma0.06,STAGATE,0.14519627715545927,0.2504886810977403,0.31574752178657384,0.5069436646078982,0.24827808174144367,0.2528154113907431,0.25048868109774036,42.28743686676025,336.25407180786135,0.12895377128953767,0.03214655992744652,-0.14639795582958665,celltype,Brain
2466,MERFISH,Hypothalamus,Animal1_Bregma0.06,SpaGCN,0.4439115238180974,0.5572279181369216,0.546972106413843,0.7173872356354108,0.5618561133615442,0.5526753479233102,0.5572279181369217,13.098866748809815,559.8933813095093,0.5296649822197268,0.0482799241237987,-0.1358054461219806,celltype,Brain
2467,MERFISH,Hypothalamus,Animal1_Bregma0.06,SpaceFlow,0.10740482992329278,0.18595818593813804,0.25538228253890843,0.4690997566909975,0.1948255512009535,0.17787524617168343,0.18595818593813804,55.29866409301758,368.85024642944336,0.05240501590866552,0.02966941713570498,-0.08464852847875734,celltype,Brain
2468,MERFISH,Hypothalamus,Animal1_Bregma0.06,SpatialMGCN,0.5913954698383342,0.7065536693108447,0.6970383635291645,0.7780273254725809,0.6682052411797264,0.7495717363492873,0.7065536693108446,50.38665008544922,451.1499797821045,0.4398278120905858,0.0524326380557318,-0.21414900216992133,celltype,Brain
2469,MERFISH,Hypothalamus,Animal1_Bregma0.06,stLearn,0.529738391380129,0.6562603122935764,0.6127247677854157,0.8254164327157028,0.68825524829051,0.6271313051709871,0.6562603122935764,1.5733294010162353,23.73261413574219,0.6324162455549317,0.05567860575166156,-0.12654485261346243,celltype,Brain
2470,MERFISH,Hypothalamus,Animal1_Bregma0.11,BASS,0.6278339602694097,0.7429756655909063,0.6997349630962649,0.9140039447731756,0.8001822115431005,0.6934029703771817,0.7429756655909063,822.471734046936,1508.8799999999999,0.5911242603550296,0.06038701681179019,-0.1184721762499712,celltype,Brain
2471,MERFISH,Hypothalamus,Animal1_Bregma0.11,Banksy,0.5042862419331299,0.6307004185978664,0.6150027534978941,0.7287968441814595,0.6364181598570532,0.6250845017812942,0.6307004185978663,9.654041385650634,82.71572513580323,0.5617357001972386,0.06023483192690691,-0.0930041239008442,celltype,Brain
2472,MERFISH,Hypothalamus,Animal1_Bregma0.11,CCST,0.13813175955442106,0.19587998830795408,0.2906249457117194,0.5279289940828402,0.210050526303956,0.18352808822079802,0.19587998830795408,425.28239741325376,1686.1226745605468,0.13029585798816562,0.03195851126872916,-0.08213141238149833,celltype,Brain
2473,MERFISH,Hypothalamus,Animal1_Bregma0.11,CellCharter,0.4050859260018109,0.5093545946223511,0.5197927829267341,0.7598027613412228,0.534804326894949,0.48666862839605385,0.5093545946223511,8.062021780014039,82.71005973815917,0.47842209072978303,0.0498256360183773,-0.14852717086016753,celltype,Brain
2474,MERFISH,Hypothalamus,Animal1_Bregma0.11,DeepST,0.3513402870009276,0.47142981002917816,0.5385730846062362,0.687534516765286,0.4292184719479886,0.5236122858410364,0.47142981002917816,244.0490090370178,601.2111097335816,0.2656015779092702,0.04453308407766634,-0.20215968702376866,celltype,Brain
2475,MERFISH,Hypothalamus,Animal1_Bregma0.11,GraphST,0.1282081517282113,0.1896623271820241,0.2816726647858571,0.5374753451676528,0.2043403590368711,0.1769516608826881,0.1896623271820241,15.049382495880128,809.7424285888671,0.1325443786982248,0.0317092105366703,-0.0296791410997031,celltype,Brain
2476,MERFISH,Hypothalamus,Animal1_Bregma0.11,PRECAST,0.5428099454787243,0.6576480001581968,0.629265452227842,0.8686390532544379,0.7219558849924596,0.6038594962506888,0.6576480001581967,27.542718029022218,151.44,0.693491124260355,0.060105198762288,-0.1553881271979243,celltype,Brain
2477,MERFISH,Hypothalamus,Animal1_Bregma0.11,SEDR,0.43966802140133565,0.5536039253843782,0.5460933163442244,0.7715581854043393,0.5851237126230069,0.5257598978565927,0.5536039253843782,22.643813800811767,601.3567859649659,0.4753846153846154,0.048465088096816177,-0.13671128765540758,celltype,Brain
2478,MERFISH,Hypothalamus,Animal1_Bregma0.11,STAGATE,0.17034371690878458,0.23357325540818036,0.32137085649545205,0.5523865877712032,0.24803084341538145,0.22071493736016484,0.23357325540818036,37.44840760231018,302.9873809814453,0.16145956607495066,0.03438195076051464,-0.04090191424317632,celltype,Brain
2479,MERFISH,Hypothalamus,Animal1_Bregma0.11,SpaGCN,0.4950339096870005,0.5734456395552038,0.5878782673040859,0.8224852071005916,0.6076175637057537,0.5429126668747111,0.5734456395552038,10.568472337722778,504.31075420379636,0.580473372781065,0.0535529710422565,-0.1279188628062002,celltype,Brain
2480,MERFISH,Hypothalamus,Animal1_Bregma0.11,SpaceFlow,0.12687830600351507,0.165793140139849,0.26989939664280893,0.5200788954635108,0.18259345465151552,0.15182492789398022,0.165793140139849,56.14274368286133,332.80651054382326,0.061420118343195204,0.03085409710399114,0.03680786596567488,celltype,Brain
2481,MERFISH,Hypothalamus,Animal1_Bregma0.11,SpatialMGCN,0.5315572112037817,0.6635870836849505,0.6247201511432593,0.8516765285996055,0.6877451007494385,0.6410686430568748,0.6635870836849506,40.51150760650635,406.93947887420654,0.5670611439842209,0.058375393944485696,-0.1949273349042333,celltype,Brain
2482,MERFISH,Hypothalamus,Animal1_Bregma0.11,stLearn,0.6129344408179478,0.7177045229687706,0.6874098915530638,0.9042603550295858,0.7759847902554349,0.667643869937844,0.7177045229687706,1.3326456546783447,22.533035469055175,0.6468639053254438,0.06170317676887116,-0.1164886749108897,celltype,Brain
2483,MERFISH,Hypothalamus,Animal1_Bregma0.16,BASS,0.7188818090375103,0.7506648985727964,0.7755487825162567,0.9050106403559683,0.7755751047093316,0.7273050478552981,0.7506648985727964,826.5705720424652,1569.1200000000001,0.583478429096537,0.054549763649921604,-0.1498004617221963,celltype,Brain
2484,MERFISH,Hypothalamus,Animal1_Bregma0.16,Banksy,0.3783292224907377,0.5716088028372106,0.5087052522196582,0.7680402398916618,0.5849546831615768,0.5588583173110527,0.5716088028372106,10.269720602035523,84.32580947875977,0.5821242019733024,0.054796402066217095,-0.0767688900446993,celltype,Brain
2485,MERFISH,Hypothalamus,Animal1_Bregma0.16,CCST,0.14509329601884832,0.2010959223433899,0.3101673199724762,0.5094215515573612,0.2071192253801224,0.19552437595063787,0.2010959223433899,438.79666900634766,1769.2166311264039,0.13062487908686396,0.0306860297498631,-0.10424795267764245,celltype,Brain
2486,MERFISH,Hypothalamus,Animal1_Bregma0.16,CellCharter,0.35339319790897095,0.47211426013917357,0.47820824758080677,0.7061327142580771,0.4951669646787177,0.45138163453284896,0.47211426013917357,7.127192783355713,84.30468273162842,0.5660282453085703,0.0476666928880302,-0.08190360097861542,celltype,Brain
2487,MERFISH,Hypothalamus,Animal1_Bregma0.16,DeepST,0.39449489121550885,0.47251498528639974,0.577141295097346,0.6982395047397949,0.418308140994854,0.5431543386097675,0.47251498528639974,250.31607909202572,624.65882396698,0.22863223060553298,0.04075453919616082,-0.1710502351630995,celltype,Brain
2488,MERFISH,Hypothalamus,Animal1_Bregma0.16,GraphST,0.1778097073461665,0.23355922447045127,0.357549322070807,0.5455600696459664,0.2316436529610518,0.2355067416974525,0.23355922447045127,15.071459102630616,841.1636510848999,0.0928612884503772,0.0294638781908585,-0.1347112815623461,celltype,Brain
2489,MERFISH,Hypothalamus,Animal1_Bregma0.16,PRECAST,0.6104614494659911,0.689479753790378,0.6871917217964301,0.8307216095956665,0.7255254198363186,0.6568462184431503,0.689479753790378,26.463930082321166,151.28,0.5987618494873284,0.05672572567291599,-0.078910722849024,celltype,Brain
2490,MERFISH,Hypothalamus,Animal1_Bregma0.16,SEDR,0.5394396218946191,0.5982448801997415,0.6371247412338256,0.77968659315148,0.6030280241346508,0.593601311130455,0.5982448801997416,21.934369230270384,624.807544517517,0.4718127297349584,0.046392820975049556,-0.08434412738735192,celltype,Brain
2491,MERFISH,Hypothalamus,Animal1_Bregma0.16,STAGATE,0.20854794039861804,0.23364312304839138,0.3966211559966157,0.5566260398529697,0.2262424792305217,0.24166170994213557,0.23364312304839138,39.09970393180847,314.6565422058105,0.07459856838846965,0.03145266858165444,-0.1232445319165794,celltype,Brain
2492,MERFISH,Hypothalamus,Animal1_Bregma0.16,SpaGCN,0.6479151776322628,0.6210610739665069,0.7183771778012877,0.8210485587154188,0.6362960947938838,0.606538546691765,0.6210610739665069,16.546516752243043,525.6339994430542,0.579802669762043,0.05006727204379639,-0.0813999598933661,celltype,Brain
2493,MERFISH,Hypothalamus,Animal1_Bregma0.16,SpaceFlow,0.1857572357664697,0.1899743148371897,0.34002732567943045,0.5185142193847939,0.19632459697253454,0.18404414066999586,0.18997431483718977,41.767766332626344,339.33401279449464,0.049796865931514736,0.0287038804904318,-0.050419173295426126,celltype,Brain
2494,MERFISH,Hypothalamus,Animal1_Bregma0.16,SpatialMGCN,0.4706390449690715,0.6574694254453032,0.5773337662735116,0.8129231959760108,0.6709283570757655,0.6445398515151449,0.6574694254453031,42.487353801727295,422.57729263305663,0.6359063648674792,0.056961488748086694,-0.11119461454239529,celltype,Brain
2495,MERFISH,Hypothalamus,Animal1_Bregma0.16,stLearn,0.6719973930159032,0.716773774878919,0.7378428490988198,0.8802863223060553,0.7511302169773468,0.6854613198444781,0.716773774878919,1.4224693298339843,22.972881317138672,0.6193847939640162,0.0573520484541334,-0.11157301919857802,celltype,Brain
2496,MERFISH,Hypothalamus,Animal1_Bregma0.21,BASS,0.6504589497395945,0.7356373097019012,0.723885312039092,0.9085021934405682,0.7953790372951879,0.6842431142055482,0.7356373097019013,793.4515200138092,1430.52,0.6325464800501358,0.0617475208237697,-0.0962661817904816,celltype,Brain
2497,MERFISH,Hypothalamus,Animal1_Bregma0.21,Banksy,0.4963528796213866,0.6263793787052057,0.5991609019272852,0.8065594317944434,0.663194963071436,0.5934362709957579,0.6263793787052057,10.466205596923828,78.11254348754883,0.6490495090871109,0.06218870093293251,-0.0908283194069367,celltype,Brain
2498,MERFISH,Hypothalamus,Animal1_Bregma0.21,CCST,0.11149247496275358,0.18879883315105314,0.27920023555892726,0.5209108000835596,0.20259359060533955,0.17684473052745137,0.1887988331510531,385.23414545059205,1503.86227645874,0.1626906204303321,0.03318454841169742,-0.06701105360297682,celltype,Brain
2499,MERFISH,Hypothalamus,Animal1_Bregma0.21,CellCharter,0.29122372283566395,0.4522717748055213,0.43129348938222556,0.6893252559013996,0.48560316533610665,0.4236029537200817,0.45227177480552117,6.895793151855469,78.08431892395019,0.6279089199916441,0.05160549966896442,-0.0951989517270342,celltype,Brain
2500,MERFISH,Hypothalamus,Animal1_Bregma0.21,DeepST,0.4888140778349703,0.5212207551020006,0.62406691605537,0.7645289325255902,0.4956771846012747,0.5507351824344393,0.5212207551020006,230.70354371070863,536.6544509887696,0.3257154794234384,0.0484949585625235,-0.08535009325469381,celltype,Brain
2501,MERFISH,Hypothalamus,Animal1_Bregma0.21,GraphST,0.1379974794332323,0.20347471818471902,0.2969926352763939,0.547106747440986,0.22073549777237483,0.188717629119272,0.20347471818471902,14.906746625900269,723.2146915435791,0.1558387298934614,0.0320786882942049,-0.0743453991029928,celltype,Brain
2502,MERFISH,Hypothalamus,Animal1_Bregma0.21,PRECAST,0.5880642336776906,0.6750748959839115,0.6734624082297473,0.8734071443492792,0.7400572363410656,0.6205832313165464,0.6750748959839115,26.99843797683716,152.52,0.6632546480050135,0.062253621423256,-0.0873818776865871,celltype,Brain
2503,MERFISH,Hypothalamus,Animal1_Bregma0.21,SEDR,0.4106982436050016,0.5380955606773077,0.525491787234247,0.7696260706078963,0.5793457376173679,0.502440782136358,0.5380955606773077,19.993554162979127,536.7968189239502,0.5432212241487362,0.05058965774621266,-0.0752093185581478,celltype,Brain
2504,MERFISH,Hypothalamus,Animal1_Bregma0.21,STAGATE,0.16726509346378687,0.21198660071266878,0.31909414762854016,0.5542928765406309,0.23126679204082348,0.19567800935820528,0.2119866007126688,35.6597779750824,270.4462823867798,0.15157718821809066,0.03511887225324956,-0.05158758873559256,celltype,Brain
2505,MERFISH,Hypothalamus,Animal1_Bregma0.21,SpaGCN,0.424987424875167,0.5443536269494339,0.5377249300217377,0.7927720910800083,0.5777821672458322,0.514581656449862,0.5443536269494339,20.59596700668335,456.83187980651854,0.5886776686860247,0.0530827172331829,-0.061335373307158304,celltype,Brain
2506,MERFISH,Hypothalamus,Animal1_Bregma0.21,SpaceFlow,0.1632430358822343,0.17854413036593003,0.31754009617947504,0.5268017547524546,0.19207537154676294,0.16679807721632492,0.17854413036593,37.74305276870727,289.3763380050659,0.0689367035721746,0.03079006653569698,-0.14358401221463574,celltype,Brain
2507,MERFISH,Hypothalamus,Animal1_Bregma0.21,SpatialMGCN,0.4517042969315055,0.627338334028449,0.5592529159126413,0.8096929183204512,0.6742930149240205,0.5864973421492412,0.627338334028449,44.22851834297181,363.62162017822266,0.6457071234593691,0.0628396230687178,-0.0880584692396193,celltype,Brain
2508,MERFISH,Hypothalamus,Animal1_Bregma0.21,stLearn,0.6354293210069004,0.7250789348232617,0.7119805833245294,0.9070816795487779,0.7855283060298556,0.6732801468455795,0.7250789348232617,1.3927237510681152,21.29437961578369,0.6620012533946105,0.06222263512097126,-0.09784152199148272,celltype,Brain
2509,MERFISH,Hypothalamus,Animal1_Bregma0.26,BASS,0.6191928979624193,0.7249763668156877,0.6983737635889085,0.8756208609271523,0.7580965619190925,0.6946289828640981,0.7249763668156876,832.4242980003357,1418.8600000000001,0.6281043046357616,0.0629080074136948,-0.0941452164891902,celltype,Brain
2510,MERFISH,Hypothalamus,Animal1_Bregma0.26,Banksy,0.40524405133765573,0.5994757847336625,0.5212087001580801,0.8172599337748345,0.649535758543357,0.5565799511893709,0.5994757847336625,10.500118494033813,78.84478702545167,0.7613824503311258,0.0642117787621817,-0.0950885483360173,celltype,Brain
2511,MERFISH,Hypothalamus,Animal1_Bregma0.26,CCST,0.10868344618666952,0.16863954645570012,0.27624882815524965,0.5077400662251655,0.18087062743512697,0.1579606875073749,0.16863954645570015,391.0853040218353,1550.8594177246093,0.17421357615894034,0.0322996626689747,-0.1495054435614467,celltype,Brain
2512,MERFISH,Hypothalamus,Animal1_Bregma0.26,CellCharter,0.32825730618253157,0.4845267943519243,0.463049667529105,0.7165149006622518,0.5193601301622959,0.45507784408918406,0.4845267943519243,8.153536510467529,78.82307777404785,0.6557119205298013,0.052345429521801844,-0.14370801304086583,celltype,Brain
2513,MERFISH,Hypothalamus,Animal1_Bregma0.26,DeepST,0.4335725494949994,0.49893755460066525,0.5752248468298788,0.7661837748344371,0.49182890747141766,0.5110550278962018,0.49893755460066525,225.99343538284302,546.674356842041,0.39076986754966886,0.0493905664339326,-0.11049889813247774,celltype,Brain
2514,MERFISH,Hypothalamus,Animal1_Bregma0.26,GraphST,0.1258809169647095,0.1625716809702113,0.2826103301034258,0.5254552980132451,0.1782541437070662,0.1494255071991424,0.1625716809702113,15.148233795166016,736.646347618103,0.1651490066225165,0.0315767507687171,-0.1383273133471216,celltype,Brain
2515,MERFISH,Hypothalamus,Animal1_Bregma0.26,PRECAST,0.4832608289925303,0.643211706796832,0.587180120755825,0.8483029801324504,0.7120071201123448,0.5865392277460799,0.643211706796832,26.052351999282838,152.42000000000002,0.7230960264900662,0.0624065588195022,-0.0791784807962383,celltype,Brain
2516,MERFISH,Hypothalamus,Animal1_Bregma0.26,SEDR,0.4575842724941824,0.5682436030528291,0.5671721540116776,0.7947433774834437,0.60237254173194,0.5378569637768019,0.5682436030528291,20.4165668964386,546.8169414520264,0.6146109271523179,0.05222492443155794,-0.1045721540852708,celltype,Brain
2517,MERFISH,Hypothalamus,Animal1_Bregma0.26,STAGATE,0.1334428238947542,0.19284491425985054,0.2911630391825329,0.5486754966887417,0.21080279071139593,0.1777128399843249,0.19284491425985054,35.21124839782715,275.44695987701414,0.20206953642384104,0.03503379744274012,-0.07115916516502582,celltype,Brain
2518,MERFISH,Hypothalamus,Animal1_Bregma0.26,SpaGCN,0.4246165527730449,0.5273739106712035,0.5383338297460596,0.7951158940397351,0.5586159537052143,0.49944135995003675,0.5273739106712036,25.85348958969116,468.5191230773926,0.6241721854304636,0.0539260596627432,-0.0807498511850243,celltype,Brain
2519,MERFISH,Hypothalamus,Animal1_Bregma0.26,SpaceFlow,0.10999192324497102,0.13164868918463896,0.26549642883402835,0.49722682119205286,0.14565580144421258,0.12010622901670487,0.13164868918463898,38.24875884056091,294.57718601226804,0.06440397350993372,0.03064292461529284,-0.03450921410061702,celltype,Brain
2520,MERFISH,Hypothalamus,Animal1_Bregma0.26,SpatialMGCN,0.571195167407067,0.7169192615683224,0.6627671718300451,0.8673427152317881,0.7440865241251895,0.6916659219446805,0.7169192615683225,41.938065958023074,370.30352382659913,0.5765728476821192,0.06182113581152669,-0.084575255206865,celltype,Brain
2521,MERFISH,Hypothalamus,Animal1_Bregma0.26,stLearn,0.5977392763810618,0.6978537098505464,0.681721748207533,0.8711506622516556,0.7518505789086418,0.6514200084096912,0.6978537098505464,1.345138168334961,21.490595626831055,0.7182119205298013,0.06416735956117328,-0.122937752296798,celltype,Brain
2522,MERFISH,Hypothalamus,Animal2_Bregma-0.04,BASS,0.43435316727884105,0.6497948737824136,0.5414623484639675,0.7709207110045936,0.6868438259777716,0.6165382645974059,0.6497948737824136,853.694959974289,1443.5400000000002,0.6484921110445376,0.06113670936936301,-0.1340171702713852,celltype,Brain
2523,MERFISH,Hypothalamus,Animal2_Bregma-0.04,Banksy,0.4758282587617848,0.6347380097368756,0.5967121309645007,0.7371679648492111,0.6312481027543693,0.6382667197197363,0.6347380097368754,10.590556192398072,81.69074420928955,0.56041541841422,0.0584953888359484,-0.1487331415037199,celltype,Brain
2524,MERFISH,Hypothalamus,Animal2_Bregma-0.04,CCST,0.11890241069041405,0.1907349739936759,0.28881275510147153,0.48544038346315155,0.1965967853835397,0.18535846510085074,0.1907349739936759,414.1608640670776,1649.6924081802367,0.14435789894148188,0.03304262625232434,-0.23535317721925703,celltype,Brain
2525,MERFISH,Hypothalamus,Animal2_Bregma-0.04,CellCharter,0.37114342319782134,0.5074105216628769,0.4929739125192083,0.712482524465748,0.5282668798473404,0.4882456895496562,0.5074105216628769,6.633536434173584,81.65436897277831,0.5914919113241461,0.055019857040918774,-0.18692336732707351,celltype,Brain
2526,MERFISH,Hypothalamus,Animal2_Bregma-0.04,DeepST,0.31313583895801933,0.43193326393666187,0.552627838097324,0.6262432594367885,0.3607594318763858,0.5383159961633962,0.4319332639366619,242.30800504684447,586.5223037719727,0.2167365688036748,0.042359008205958296,-0.2133466267359044,celltype,Brain
2527,MERFISH,Hypothalamus,Animal2_Bregma-0.04,GraphST,0.0761238234193403,0.18076426872664,0.2681166036704264,0.4679448771719592,0.1848259379388955,0.1768772764774589,0.18076426872664,21.732328987121583,790.0575687408448,0.1675654084282005,0.0331229334577796,-0.1793551352319641,celltype,Brain
2528,MERFISH,Hypothalamus,Animal2_Bregma-0.04,PRECAST,0.3900998643098742,0.5996972287203738,0.5022147814240105,0.743958458158578,0.6458000925902068,0.559738215045588,0.5996972287203737,27.33310604095459,151.1,0.6718593968444179,0.05997014008881361,-0.0991599709139695,celltype,Brain
2529,MERFISH,Hypothalamus,Animal2_Bregma-0.04,SEDR,0.3855205341023674,0.5421914440199418,0.5136838627764941,0.7119632514479728,0.5523164051438878,0.5327986911264817,0.5421914440199418,20.571859312057494,586.6683099746704,0.5409626522867985,0.0522748610283905,-0.2292124702594172,celltype,Brain
2530,MERFISH,Hypothalamus,Animal2_Bregma-0.04,STAGATE,0.1280496850412654,0.2173374166180757,0.28862819810194196,0.5061314160175754,0.22832940769036286,0.20742557632550165,0.2173374166180757,38.869544219970706,295.9298749923706,0.2154184142200918,0.03704790421070004,-0.21812598577300474,celltype,Brain
2531,MERFISH,Hypothalamus,Animal2_Bregma-0.04,SpaGCN,0.3484574323492064,0.5154753601215395,0.46810867003571055,0.7167964849211105,0.5460057906329961,0.48817840273121516,0.5154753601215395,15.036536359786988,491.2974630355835,0.6944278010784901,0.05552427972969041,-0.10946136448366799,celltype,Brain
2532,MERFISH,Hypothalamus,Animal2_Bregma-0.04,SpaceFlow,0.0829522629166076,0.15404185476717108,0.23783973115768334,0.46407030157779106,0.16619786286715305,0.14355638642130267,0.15404185476717108,29.167767143249513,311.01637115478513,0.07864989015378468,0.0318215590932141,-0.04557797979723988,celltype,Brain
2533,MERFISH,Hypothalamus,Animal2_Bregma-0.04,SpatialMGCN,0.3650610761378148,0.6088607340909432,0.513688119800107,0.731575793888556,0.5965636490819654,0.6216754537174624,0.6088607340909432,39.629463052749635,397.0209217071533,0.5891751547833034,0.0575267427104925,-0.23392898658255729,celltype,Brain
2534,MERFISH,Hypothalamus,Animal2_Bregma-0.04,stLearn,0.4712143338376452,0.651290863240847,0.5714966265506722,0.8062312762133013,0.6945910148267096,0.6131682956122553,0.651290863240847,1.469152069091797,22.262580490112306,0.720711004593569,0.0624524721652841,-0.11570969992649908,celltype,Brain
2535,MERFISH,Hypothalamus,Animal2_Bregma-0.09,BASS,0.3988016731372607,0.6331313688751629,0.528258918364414,0.7521848902699554,0.6706418535413898,0.5995947084384978,0.6331313688751627,881.802442073822,1395.24,0.5428238492911245,0.056599718189089696,-0.1673324177695888,celltype,Brain
2536,MERFISH,Hypothalamus,Animal2_Bregma-0.09,Banksy,0.3569567103438955,0.5802471150868462,0.5444174897225054,0.7158671586715867,0.5543454977133861,0.6086878621863601,0.5802471150868462,13.992864513397217,84.00028572082519,0.43950281608079245,0.0557652009065421,-0.20771120637160162,celltype,Brain
2537,MERFISH,Hypothalamus,Animal2_Bregma-0.09,CCST,0.09900703248964401,0.19396304109628693,0.2905853237300479,0.5009516410953584,0.20234988336858944,0.18632538711675528,0.1939630410962869,436.5562974452972,1757.3900505065917,0.11431345892406289,0.032561874070198,-0.16121005553370657,celltype,Brain
2538,MERFISH,Hypothalamus,Animal2_Bregma-0.09,CellCharter,0.3847212221660671,0.5288091673576898,0.5165795175634854,0.7277141192464557,0.5566867475275029,0.5037296177525113,0.5288091673576898,8.348888444900513,83.95889415740967,0.5490774907749078,0.05461628530633034,-0.10747144378194547,celltype,Brain
2539,MERFISH,Hypothalamus,Animal2_Bregma-0.09,DeepST,0.3034587067118325,0.4105694635762232,0.5777181543606493,0.623732763643426,0.33507334527405525,0.5307843641073601,0.4105694635762232,251.08176732063293,619.8866361618042,0.16519712565546704,0.0404095041380287,-0.19634929533914897,celltype,Brain
2540,MERFISH,Hypothalamus,Animal2_Bregma-0.09,GraphST,0.0571494832258433,0.1895890891246905,0.2520774187612439,0.5096135171878035,0.20115957675868784,0.1792772499517904,0.1895890891246905,15.552991390228275,834.7701072692871,0.1293455039813556,0.0314699523128981,-0.169784780730334,celltype,Brain
2541,MERFISH,Hypothalamus,Animal2_Bregma-0.09,PRECAST,0.324779152660021,0.5728292610872886,0.4606545107488659,0.7389784424160031,0.6335820171383364,0.5227079684464463,0.5728292610872886,29.996024084091186,150.2,0.5770052437366479,0.0574093913883875,-0.1455686427159894,celltype,Brain
2542,MERFISH,Hypothalamus,Animal2_Bregma-0.09,SEDR,0.3293456339992864,0.5010797515978078,0.481833627066374,0.6981938240435036,0.5173805230502089,0.485836958463728,0.5010797515978078,23.43732137680054,620.0341596603394,0.4492522819965042,0.04861611663595148,-0.2095025253967902,celltype,Brain
2543,MERFISH,Hypothalamus,Animal2_Bregma-0.09,STAGATE,0.07642203430133154,0.1971712107146325,0.2620182997537343,0.5138861914934939,0.21136455370139262,0.18478714354443165,0.1971712107146325,38.056757831573485,312.8404884338379,0.14336764420275777,0.034214243674948616,-0.1630448306841644,celltype,Brain
2544,MERFISH,Hypothalamus,Animal2_Bregma-0.09,SpaGCN,0.3129263347227036,0.5066801559704789,0.4568245546930328,0.7148960963293843,0.5364479716333281,0.480042323148867,0.5066801559704789,16.153061389923096,518.1876304626464,0.5801126432316954,0.053284406524660696,-0.1401939691861198,celltype,Brain
2545,MERFISH,Hypothalamus,Animal2_Bregma-0.09,SpaceFlow,0.07193087810814291,0.15015682284017218,0.23924959604372803,0.48242377160613703,0.16710939141333622,0.13633045175538472,0.15015682284017218,49.54401516914368,339.7362874984741,0.04843658962905414,0.03087214741327598,-0.09028364376959118,celltype,Brain
2546,MERFISH,Hypothalamus,Animal2_Bregma-0.09,SpatialMGCN,0.4504845054500873,0.5999210330783928,0.5777529713162965,0.7663624004661099,0.6115295842269135,0.5887449974577067,0.5999210330783928,39.361293172836305,419.5382556915283,0.6304136725577782,0.0576618345262493,-0.2653542450607726,celltype,Brain
2547,MERFISH,Hypothalamus,Animal2_Bregma-0.09,stLearn,0.39946752534351393,0.615068462386074,0.5261147123624267,0.767216935327248,0.6629224493038967,0.5739017371658676,0.615068462386074,1.5055347442626954,22.88250102996826,0.6341037094581472,0.058778192591727174,-0.16063455042931732,celltype,Brain
2548,MERFISH,Hypothalamus,Animal2_Bregma-0.14,BASS,0.4202350230796424,0.6335201626966573,0.5623463538442707,0.8005469462169554,0.6739210105757151,0.5976893233929429,0.6335201626966573,872.0401740074158,1526.28,0.49881494986326336,0.05357875119355761,-0.1877030022014605,celltype,Brain
2549,MERFISH,Hypothalamus,Animal2_Bregma-0.14,Banksy,0.3021704786017608,0.5187436280577112,0.499219007526155,0.7082953509571559,0.5216661702782744,0.5158536494544256,0.5187436280577112,10.900782251358033,89.4644639968872,0.4185961713764813,0.0507177136363007,-0.2041206922534351,celltype,Brain
2550,MERFISH,Hypothalamus,Animal2_Bregma-0.14,CCST,0.09397359891072979,0.17812863231914358,0.28858105282465074,0.5200729261622608,0.19266345599077078,0.1657200372187329,0.17812863231914358,491.4337975502014,1990.4252319335938,0.0888969917958067,0.031034628506264216,-0.190493526698839,celltype,Brain
2551,MERFISH,Hypothalamus,Animal2_Bregma-0.14,CellCharter,0.3177879742893886,0.5034129419287344,0.4677458980913264,0.7449772105742936,0.5538477014027332,0.4622626851368755,0.5034129419287344,9.85365171432495,89.42629375457764,0.5160255241567913,0.051058107323533816,-0.16857617474685865,celltype,Brain
2552,MERFISH,Hypothalamus,Animal2_Bregma-0.14,DeepST,0.2318082170821522,0.36478858796879626,0.498769612964459,0.6337283500455788,0.3284132892058147,0.4102385571665502,0.36478858796879626,265.7994285106659,702.5080757141113,0.1624430264357338,0.036971757396109216,-0.26527677375199527,celltype,Brain
2553,MERFISH,Hypothalamus,Animal2_Bregma-0.14,GraphST,0.0556502523938676,0.1772927177429744,0.2601053804324235,0.5323609845031905,0.1937497227502742,0.1634125380989678,0.1772927177429745,15.492612600326538,945.4695325851441,0.1221513217866909,0.031432703555034,-0.1879767366272345,celltype,Brain
2554,MERFISH,Hypothalamus,Animal2_Bregma-0.14,PRECAST,0.3617246132892368,0.5579044400129475,0.5076218050640854,0.7529626253418414,0.6083003090081684,0.515219997610429,0.5579044400129474,32.042127990722655,148.76,0.4940747493163172,0.0533838677506696,-0.1656587333382196,celltype,Brain
2555,MERFISH,Hypothalamus,Animal2_Bregma-0.14,SEDR,0.30443558026175016,0.5057032237600076,0.46998788277947423,0.713327256153145,0.5367575369026115,0.478727441599585,0.5057032237600076,22.41218466758728,702.6603733062744,0.41195989061075655,0.04639832610325186,-0.20280618085323399,celltype,Brain
2556,MERFISH,Hypothalamus,Animal2_Bregma-0.14,STAGATE,0.10250656185665599,0.20371462556413505,0.2976228540833589,0.5482588878760255,0.2212577957328392,0.18891462883511628,0.20371462556413505,40.9302680015564,354.37740535736083,0.1270009115770282,0.03257497180762494,-0.20916442403807575,celltype,Brain
2557,MERFISH,Hypothalamus,Animal2_Bregma-0.14,SpaGCN,0.3018088823945581,0.4709593091822725,0.45599836487256395,0.740200546946217,0.5114912094425978,0.4363794602394985,0.4709593091822727,12.869051933288574,588.9369253158569,0.5427529626253419,0.0478460862637256,-0.1681672474249073,celltype,Brain
2558,MERFISH,Hypothalamus,Animal2_Bregma-0.14,SpaceFlow,0.06121144726158976,0.13486817485946156,0.23765343160913224,0.488714676390155,0.15383265816220554,0.1200680147731537,0.1348681748594616,36.34076218605041,373.6940326690674,0.05166818596171372,0.030153061129549758,-0.09712889078298854,celltype,Brain
2559,MERFISH,Hypothalamus,Animal2_Bregma-0.14,SpatialMGCN,0.427206485724651,0.603825982291138,0.5623723808504045,0.8145852324521423,0.6438212831389591,0.5685091994183611,0.603825982291138,43.20143122673035,474.95789947509763,0.5489516864175022,0.0523435747332297,-0.22971431925361657,celltype,Brain
2560,MERFISH,Hypothalamus,Animal2_Bregma-0.14,stLearn,0.45905187033156886,0.6412356030670774,0.5846219445547896,0.84718322698268,0.7042395756322639,0.5888219203636281,0.6412356030670774,1.5024527072906495,24.35300807952881,0.5943846855059253,0.05684033760889336,-0.16965297448820568,celltype,Brain
2561,MERFISH,Hypothalamus,Animal2_Bregma-0.19,BASS,0.3869904249627798,0.6195679162349852,0.5339988502636592,0.8092444444444444,0.6643162604433214,0.5804676167781466,0.6195679162349853,877.8201639652252,1656.72,0.4712888888888888,0.0527347899545634,-0.24660339951228066,celltype,Brain
2562,MERFISH,Hypothalamus,Animal2_Bregma-0.19,Banksy,0.4076369673907735,0.6250500168777979,0.5747980464295933,0.7655111111111111,0.6301288649907253,0.620052385342132,0.6250500168777979,11.919368600845337,91.74223384857177,0.3562666666666667,0.0503589537700989,-0.1530717371945887,celltype,Brain
2563,MERFISH,Hypothalamus,Animal2_Bregma-0.19,CCST,0.08865738685055012,0.17591507390009625,0.2814249508301305,0.5511822222222222,0.19590746151045704,0.15966125566708061,0.17591507390009625,509.21875457763673,2079.642929649353,0.10922666666666662,0.030253200791830238,-0.17017064315238037,celltype,Brain
2564,MERFISH,Hypothalamus,Animal2_Bregma-0.19,CellCharter,0.2568429861140903,0.4590513978468832,0.426053220895738,0.7075911111111111,0.50300243328148,0.42270122940113186,0.4590513978468831,7.432668590545655,91.70840606689453,0.5293866666666667,0.04948392311682346,-0.18573006577197587,celltype,Brain
2565,MERFISH,Hypothalamus,Animal2_Bregma-0.19,DeepST,0.31103276461334317,0.4190975035604464,0.5325270537105857,0.7051022222222223,0.39761741107500176,0.4513033359651371,0.4190975035604464,273.6851095676422,738.4591648101807,0.21884444444444445,0.04037537768597036,-0.15658354312137632,celltype,Brain
2566,MERFISH,Hypothalamus,Animal2_Bregma-0.19,GraphST,0.0733969066273166,0.193278585873854,0.3185932502349409,0.5598222222222222,0.1984255837653248,0.188391854734214,0.193278585873854,15.553746652603149,993.6283168792725,0.10808888888888882,0.0298374352475695,-0.1749806341580622,celltype,Brain
2567,MERFISH,Hypothalamus,Animal2_Bregma-0.19,PRECAST,0.3303384492774582,0.5524525569884898,0.482668417546628,0.7884444444444444,0.6202323944494104,0.4980274424617033,0.5524525569884898,32.03512797355652,148.5,0.5066666666666667,0.052727458358347204,-0.1531710586600404,celltype,Brain
2568,MERFISH,Hypothalamus,Animal2_Bregma-0.19,SEDR,0.2668469919283393,0.46045652946699606,0.43839411715929427,0.7031466666666667,0.5001591674588809,0.4270922776299904,0.46045652946699606,22.811334085464477,738.613752746582,0.3963377777777778,0.04551829418065966,-0.17374074054294109,celltype,Brain
2569,MERFISH,Hypothalamus,Animal2_Bregma-0.19,STAGATE,0.058149772671620206,0.16314710694278725,0.2671437302660352,0.5491911111111112,0.17895840170482197,0.14991538907248442,0.16314710694278728,40.438122844696046,372.29568271636964,0.10079999999999996,0.030848849063851942,-0.13789587692992777,celltype,Brain
2570,MERFISH,Hypothalamus,Animal2_Bregma-0.19,SpaGCN,0.3085265352851139,0.4892096153235791,0.463217678109466,0.7836444444444445,0.550998844709503,0.43988116652233666,0.4892096153235791,10.420084142684937,617.3316665649414,0.5800888888888889,0.0499509144419659,-0.1329360037469489,celltype,Brain
2571,MERFISH,Hypothalamus,Animal2_Bregma-0.19,SpaceFlow,0.09400512461613726,0.1445645676032425,0.27880522812901226,0.5399822222222221,0.1634181662190141,0.12961130986521588,0.14456456760324252,62.65391473770141,409.557488822937,0.04302222222222218,0.028944228781931758,-0.025992844473846883,celltype,Brain
2572,MERFISH,Hypothalamus,Animal2_Bregma-0.19,SpatialMGCN,0.47556370701392864,0.67610100071956,0.6039795972347523,0.8961777777777777,0.7477789115874153,0.6169624275339184,0.67610100071956,49.58657093048096,499.02922916412354,0.6030222222222222,0.0538610519775072,-0.1938629008094038,celltype,Brain
2573,MERFISH,Hypothalamus,Animal2_Bregma-0.19,stLearn,0.40069059698327214,0.6175136385409331,0.5419613403896124,0.8564622222222222,0.692905684583897,0.5569261696189576,0.6175136385409331,1.5947276592254638,24.972719764709474,0.6296888888888889,0.055826172359316986,-0.15414196346164238,celltype,Brain
2574,MERFISH,Hypothalamus,Animal2_Bregma-0.24,BASS,0.4606920518779255,0.6342677545717254,0.5663917330456386,0.8432637571157496,0.6824165947775755,0.5924655349481125,0.6342677545717254,858.4145959854126,1533.1,0.6007590132827324,0.0533326334230396,-0.1328179557216378,celltype,Brain
2575,MERFISH,Hypothalamus,Animal2_Bregma-0.24,Banksy,0.4296355244602048,0.6030401755261647,0.571472192822004,0.7385199240986717,0.590174248080327,0.6164795646150276,0.6030401755261647,14.232347631454468,85.9670976638794,0.49848197343453504,0.0548438599517697,-0.2242449974615493,celltype,Brain
2576,MERFISH,Hypothalamus,Animal2_Bregma-0.24,CCST,0.11605420349508104,0.1929690722342549,0.28547278647243995,0.4991271347248577,0.20128955997724188,0.18555849198483812,0.1929690722342549,453.8367670059204,1829.688197517395,0.11859582542694494,0.03153090994855902,-0.08493123507822567,celltype,Brain
2577,MERFISH,Hypothalamus,Animal2_Bregma-0.24,CellCharter,0.4078995478283777,0.5320939501171247,0.5245050742436559,0.7513851992409867,0.5596725461338506,0.5074074770882336,0.5320939501171246,7.874517822265625,85.95743255615234,0.5667172675521821,0.05222076002136102,-0.14330900760458629,celltype,Brain
2578,MERFISH,Hypothalamus,Animal2_Bregma-0.24,DeepST,0.4144284070968098,0.471717854409325,0.576004301670453,0.714876660341556,0.44694106457364297,0.5017865065484021,0.4717178544093251,259.08496708869933,649.0443649291992,0.29833017077798857,0.043867484209320004,-0.19478960868142267,celltype,Brain
2579,MERFISH,Hypothalamus,Animal2_Bregma-0.24,GraphST,0.0706856590401319,0.1844242412789176,0.2513578968105229,0.5072106261859582,0.1940684223329359,0.1756932116613473,0.1844242412789176,15.95693325996399,873.8406831741333,0.1370018975332068,0.030300574451358205,-0.1443544281762245,celltype,Brain
2580,MERFISH,Hypothalamus,Animal2_Bregma-0.24,PRECAST,0.48350263218983114,0.636062038445604,0.5855829204618622,0.8426944971537,0.6841271757021601,0.594307422014256,0.636062038445604,30.29336996078491,150.26,0.6447817836812144,0.0573579338013416,-0.1667757011078109,celltype,Brain
2581,MERFISH,Hypothalamus,Animal2_Bregma-0.24,SEDR,0.36120238511223085,0.514231396863811,0.4999719951008569,0.7159013282732448,0.5218387795332008,0.5072017808244349,0.5142313968638109,21.26869640350342,649.1941209793091,0.510550284629981,0.047791598298340524,-0.20619953810684458,celltype,Brain
2582,MERFISH,Hypothalamus,Animal2_Bregma-0.24,STAGATE,0.08437749122125107,0.20015296168224403,0.2551217829868567,0.49753320683111946,0.2125131297060816,0.18915156286904256,0.20015296168224403,39.81023225784302,327.1925468444824,0.11738140417457302,0.03322711652089638,-0.12554536907388228,celltype,Brain
2583,MERFISH,Hypothalamus,Animal2_Bregma-0.24,SpaGCN,0.4224829966326715,0.544500202330334,0.5339379551568832,0.7944971537001898,0.5900778523852868,0.5054585522834266,0.544500202330334,9.686204147338866,542.5104955673218,0.6022770398481974,0.05074293151964861,-0.1760070464313079,celltype,Brain
2584,MERFISH,Hypothalamus,Animal2_Bregma-0.24,SpaceFlow,0.10072650788855295,0.16139771657128735,0.25787314492759866,0.4969639468690702,0.17461595386645481,0.15004000252236366,0.16139771657128735,55.233311367034915,356.4679096221924,0.04538899430740034,0.02963816808108714,-0.03134879114234498,celltype,Brain
2585,MERFISH,Hypothalamus,Animal2_Bregma-0.24,SpatialMGCN,0.4405269670204054,0.636397838100087,0.5787609031849196,0.8024667931688805,0.6275966142646854,0.6454494243079268,0.6363978381000871,39.91294898986816,439.17514686584474,0.49487666034155603,0.0539477097931933,-0.20139355976946263,celltype,Brain
2586,MERFISH,Hypothalamus,Animal2_Bregma-0.24,stLearn,0.4743993160640156,0.6398051553840747,0.578027970985798,0.8508159392789374,0.6901630404784165,0.5962970809764828,0.6398051553840747,1.3609549045562743,23.41205291748047,0.6472106261859583,0.0561002130225128,-0.14602456544019213,celltype,Brain
2587,MERFISH,Hypothalamus,Animal2_Bregma-0.29,BASS,0.6820032794845763,0.7293072924578149,0.7456808083590584,0.8786643370219375,0.7452540608437388,0.7140286773691271,0.7293072924578149,844.6720759391785,1477.6399999999999,0.6206561832653854,0.0585714777047053,-0.1878543845394281,celltype,Brain
2588,MERFISH,Hypothalamus,Animal2_Bregma-0.29,Banksy,0.3606071645404146,0.5430524826326207,0.5148640463731782,0.7291788002329644,0.5290789057674355,0.5577841990061793,0.5430524826326207,11.37039475440979,84.03375873565673,0.5272762570374685,0.0537165064665839,-0.2284806977648636,celltype,Brain
2589,MERFISH,Hypothalamus,Animal2_Bregma-0.29,CCST,0.10673006972201629,0.18267820761017473,0.2692148313838038,0.47427683944865073,0.19099994973836165,0.17506283884291735,0.18267820761017478,436.34425673484805,1758.5479709625245,0.10739662201514269,0.03146495898830154,-0.09383310786898794,celltype,Brain
2590,MERFISH,Hypothalamus,Animal2_Bregma-0.29,CellCharter,0.3621989648455287,0.4930339164558517,0.4841422345688349,0.6923315860997865,0.5098016789493952,0.47760083916758134,0.4930339164558518,8.549785232543945,84.01412162780761,0.5536012424771889,0.05329929117433378,-0.13767575636483956,celltype,Brain
2591,MERFISH,Hypothalamus,Animal2_Bregma-0.29,DeepST,0.3147326525286055,0.4128032305919458,0.5213386222777816,0.6365365948359542,0.3714306526882133,0.46804059947059606,0.4128032305919458,257.09820165634153,620.3627771377563,0.244573869151621,0.04203430771683918,-0.23020456888551077,celltype,Brain
2592,MERFISH,Hypothalamus,Animal2_Bregma-0.29,GraphST,0.0936197373878566,0.2020712232677151,0.2862245968944252,0.48359541836536585,0.2021094802102815,0.20203298080558438,0.2020712232677151,16.72939786911011,835.4080320358277,0.1522034556396816,0.031439922955574,-0.1395612987464314,celltype,Brain
2593,MERFISH,Hypothalamus,Animal2_Bregma-0.29,PRECAST,0.6061407132499613,0.666090767056897,0.6836309308530958,0.8408076101727818,0.688175347758089,0.6453795672412223,0.6660907670568968,29.401970052719115,150.74,0.6251213356629781,0.0581986516577578,-0.1551861597007573,celltype,Brain
2594,MERFISH,Hypothalamus,Animal2_Bregma-0.29,SEDR,0.3143612266443754,0.4484954788126944,0.451563823047728,0.6524946612308289,0.45607340005701297,0.4412955882192911,0.4484954788126944,22.601366090774537,620.5103540420532,0.5347311201708406,0.04692598229085504,-0.19016967297047893,celltype,Brain
2595,MERFISH,Hypothalamus,Animal2_Bregma-0.29,STAGATE,0.09141962513831048,0.16917142394100346,0.263856405963279,0.4671714230246554,0.17532824618113904,0.16345426320963052,0.16917142394100346,41.14125866889954,312.78982334136964,0.1666084255484372,0.0343361525676721,-0.10033279039197107,celltype,Brain
2596,MERFISH,Hypothalamus,Animal2_Bregma-0.29,SpaGCN,0.5182853745658549,0.5580059868431839,0.6126099484426929,0.7839254513686663,0.5713743436678933,0.5452488833579081,0.5580059868431839,14.156287479400635,522.0397216796875,0.6138613861386139,0.051790312360073296,-0.1843355706067911,celltype,Brain
2597,MERFISH,Hypothalamus,Animal2_Bregma-0.29,SpaceFlow,0.08001369027523572,0.1486576198237337,0.23516931195006752,0.45859056493884676,0.1595258980131342,0.13920455239058893,0.1486576198237337,45.36629667282104,335.64970989227294,0.040341681226946216,0.029649748421769977,0.0023223196590116805,celltype,Brain
2598,MERFISH,Hypothalamus,Animal2_Bregma-0.29,SpatialMGCN,0.6455466899373794,0.6743098490029232,0.7161603286696991,0.844496214327315,0.6940668089688437,0.655646541235437,0.6743098490029232,41.314191007614134,419.8015470504761,0.6336633663366337,0.05898281279393101,-0.1857371601914773,celltype,Brain
2599,MERFISH,Hypothalamus,Animal2_Bregma-0.29,stLearn,0.6273253915822652,0.6905411824130903,0.7003871715989012,0.8626674432149098,0.718360862010786,0.6651917317139597,0.6905411824130903,1.4465495586395263,22.891408348083495,0.6592118035332944,0.05939724021935724,-0.16518853737627565,celltype,Brain
2600,MERFISH,Hypothalamus,Animal2_Bregma0.01,BASS,0.4746702775216306,0.6075903968809373,0.5701447335649602,0.7173824130879346,0.6018745358307006,0.6134158632055,0.6075903968809373,865.6789040088654,1351.1799999999998,0.6202453987730061,0.0523562713449693,-0.188450998601044,celltype,Brain
2601,MERFISH,Hypothalamus,Animal2_Bregma0.01,Banksy,0.5413181684369154,0.6549441056143741,0.6506475937826718,0.7458077709611451,0.6248567494731601,0.6880754953246223,0.654944105614374,10.003644275665284,79.78821067810058,0.46134969325153363,0.0567318007428417,-0.1928654096212967,celltype,Brain
2602,MERFISH,Hypothalamus,Animal2_Bregma0.01,CCST,0.16725553748971714,0.22751570857274223,0.323362123703624,0.48617586912065436,0.22607030158469898,0.22903867364373487,0.22751570857274223,400.155033159256,1583.269817352295,0.094560327198364,0.032572495088690714,-0.14836451919892724,celltype,Brain
2603,MERFISH,Hypothalamus,Animal2_Bregma0.01,CellCharter,0.44944646297902047,0.5492315190113946,0.5504262367584991,0.7271165644171779,0.5540774591086095,0.5452091790877713,0.5492315190113946,9.034859228134156,79.75583057403564,0.5355419222903886,0.05309152594464156,-0.1242117771596527,celltype,Brain
2604,MERFISH,Hypothalamus,Animal2_Bregma0.01,DeepST,0.37027278091715465,0.46188278750443146,0.5234776545214037,0.6759509202453987,0.42825110630263863,0.5016149477698881,0.46188278750443146,231.94937014579773,559.7257265090942,0.24756646216768913,0.04589094961583766,-0.14772338802928273,celltype,Brain
2605,MERFISH,Hypothalamus,Animal2_Bregma0.01,GraphST,0.159019097407061,0.2355408583517029,0.3274456044971935,0.5190184049079755,0.23334846509095933,0.2377748389968633,0.23554085835170283,15.47768292427063,754.1415916442871,0.1294478527607362,0.032307371131659,-0.1206521772994213,celltype,Brain
2606,MERFISH,Hypothalamus,Animal2_Bregma0.01,PRECAST,0.6563806987759653,0.6811412253942605,0.718861574748974,0.8335378323108384,0.6913777320892589,0.671203418650102,0.6811412253942604,26.782389974594118,151.04000000000002,0.5196319018404908,0.0581208907254395,-0.1198456164933018,celltype,Brain
2607,MERFISH,Hypothalamus,Animal2_Bregma0.01,SEDR,0.30400049153788555,0.44639964515645725,0.4485145663885245,0.6425357873210634,0.4406159305395853,0.4532951640145949,0.44639964515645714,22.710901260375977,559.8697523117065,0.3453987730061349,0.04591325085358356,-0.15792653789160577,celltype,Brain
2608,MERFISH,Hypothalamus,Animal2_Bregma0.01,STAGATE,0.12801417559904482,0.20793981033770645,0.28606358540203536,0.48576687116564415,0.21111448379888137,0.20490287827426448,0.20793981033770645,40.18766198158264,282.69158573150634,0.1595092024539877,0.03571668934577626,-0.1092828453739583,celltype,Brain
2609,MERFISH,Hypothalamus,Animal2_Bregma0.01,SpaGCN,0.5670094003054638,0.5953321575431846,0.648679986483131,0.7789366053169734,0.5978288269816243,0.5928562546999403,0.5953321575431846,14.002989721298217,471.2957834243774,0.48261758691206535,0.049776042574202,-0.1425969690308231,celltype,Brain
2610,MERFISH,Hypothalamus,Animal2_Bregma0.01,SpaceFlow,0.10573087532282752,0.18089146611196338,0.24469864929127905,0.48036809815950915,0.19165639887251434,0.17127878216856907,0.18089146611196338,31.88270230293274,294.4753263473511,0.06269938650306744,0.03190216181161976,-0.04504638581596652,celltype,Brain
2611,MERFISH,Hypothalamus,Animal2_Bregma0.01,SpatialMGCN,0.6379098135330287,0.7062504977971927,0.7093809874885243,0.8179959100204499,0.7038201168851145,0.7086977217027589,0.7062504977971927,40.32848892211914,379.019775390625,0.5192229038854805,0.057891488861775996,-0.1456970860940611,celltype,Brain
2612,MERFISH,Hypothalamus,Animal2_Bregma0.01,stLearn,0.5446297231672832,0.6470743186183612,0.6235122303973971,0.8173415132924335,0.6670318296922404,0.6287120537861594,0.6470743186183612,1.3827411651611328,21.749767684936522,0.6143149284253578,0.056055448873136106,-0.14818143371742537,celltype,Brain
2613,MERFISH,Hypothalamus,Animal2_Bregma0.06,BASS,0.681580869756719,0.7752961362303027,0.7427144984711226,0.9229603981822116,0.8236414042132587,0.7323116495777701,0.7752961362303027,810.2639880180359,1379.56,0.6318978576065787,0.0624809441223237,-0.1424016240561663,celltype,Brain
2614,MERFISH,Hypothalamus,Animal2_Bregma0.06,Banksy,0.4004460978887174,0.6157476399789654,0.5215147563800165,0.7753732958234149,0.6297517212373814,0.6023528403491794,0.6157476399789653,9.908321523666382,75.41352310180665,0.5970569140878598,0.0597487239459179,-0.1873441869656932,celltype,Brain
2615,MERFISH,Hypothalamus,Animal2_Bregma0.06,CCST,0.17109016524453335,0.21829124177728598,0.31871513583033756,0.5350789872322008,0.23116068411008803,0.20679889891775338,0.21829124177728593,361.8938206672668,1414.2537788391114,0.13395368967755894,0.0344101502122058,-0.0899569398312647,celltype,Brain
2616,MERFISH,Hypothalamus,Animal2_Bregma0.06,CellCharter,0.4870145558259452,0.5714064424996834,0.5828773423139422,0.7903916901103657,0.6006885756282351,0.5449640655096668,0.5714064424996834,7.104869937896728,75.38052635192871,0.5436052802423718,0.05503854556518032,-0.1099191756246829,celltype,Brain
2617,MERFISH,Hypothalamus,Animal2_Bregma0.06,DeepST,0.5302681588846028,0.5375496347848182,0.6314794654749523,0.7925557238692924,0.5344001068000874,0.541380386839094,0.5375496347848182,212.94233798980713,500.4941801071167,0.3536031162086128,0.051246485900909,-0.1064884790401173,celltype,Brain
2618,MERFISH,Hypothalamus,Animal2_Bregma0.06,GraphST,0.1276987984630639,0.21822826533180936,0.3070129419587377,0.5420904566111231,0.2220751969442198,0.2145123424251429,0.21822826533180936,14.149759244918823,674.7348625183106,0.0854793334776022,0.0323098906359479,-0.0513511963885467,celltype,Brain
2619,MERFISH,Hypothalamus,Animal2_Bregma0.06,PRECAST,0.655407337495343,0.7184084018095445,0.7220683787204025,0.8991560268340187,0.7782157637571384,0.6671376074897771,0.7184084018095445,25.112432098388673,152.34,0.6663059943735122,0.0642882875454448,-0.1275291458055375,celltype,Brain
2620,MERFISH,Hypothalamus,Animal2_Bregma0.06,SEDR,0.4203072776264259,0.5489729137158386,0.5253851529834378,0.7520017312270071,0.5861637007786367,0.5163393091643954,0.5489729137158386,20.05079846382141,500.6337007522583,0.5465916468296905,0.05236511611606955,-0.09510019149708093,celltype,Brain
2621,MERFISH,Hypothalamus,Animal2_Bregma0.06,STAGATE,0.21244137515704406,0.2469123701873041,0.3593067562990627,0.5665873187621726,0.25737542781309336,0.23732365973698283,0.2469123701873041,35.63504333496094,252.70305080413817,0.16078770828824926,0.0365667438351321,-0.06784935141494443,celltype,Brain
2622,MERFISH,Hypothalamus,Animal2_Bregma0.06,SpaGCN,0.5657760675630348,0.5970224254628299,0.6461016998495067,0.8392122917117508,0.6253836012023626,0.5711220152015051,0.5970224254628299,11.715117645263671,421.71549663543703,0.5974897208396451,0.05574499778759869,-0.1459616193529755,celltype,Brain
2623,MERFISH,Hypothalamus,Animal2_Bregma0.06,SpaceFlow,0.17084919100933688,0.19970972464361264,0.3159267269795063,0.5344297771045229,0.21323325219663464,0.18784402332848324,0.19970972464361264,48.01473593711853,283.598846244812,0.05345163384548794,0.0318240662043053,-0.00937313382111748,celltype,Brain
2624,MERFISH,Hypothalamus,Animal2_Bregma0.06,SpatialMGCN,0.7010979933540745,0.7198188446375006,0.758382021942901,0.8615018394286951,0.7450062585948458,0.6962788236527734,0.7198188446375007,36.95241541862488,339.3676485061645,0.6353603116208613,0.062018755256087896,-0.2140120844247051,celltype,Brain
2625,MERFISH,Hypothalamus,Animal2_Bregma0.06,stLearn,0.6670806249001672,0.7502420420976612,0.7307242039628716,0.908288249296689,0.7996213334759579,0.7066251595107942,0.7502420420976612,1.2998294353485107,20.565578651428222,0.6412897641203202,0.06349359763297054,-0.13389296086752886,celltype,Brain
2626,MERFISH,Hypothalamus,Animal2_Bregma0.11,BASS,0.7038629247024081,0.7570324209567729,0.7597503970228302,0.9146316437512827,0.8037498462746525,0.7154475102017285,0.757032420956773,795.7425339221954,1358.22,0.5766468294684999,0.05907482762768821,-0.1099364527854864,celltype,Brain
2627,MERFISH,Hypothalamus,Animal2_Bregma0.11,Banksy,0.47652634706628466,0.6237535785874111,0.5767999338308623,0.7783706135850605,0.6371529174809669,0.610906208520418,0.6237535785874112,9.913647413253784,79.51131248474121,0.593474245844449,0.057056081767787,-0.0554706928140112,celltype,Brain
2628,MERFISH,Hypothalamus,Animal2_Bregma0.11,CCST,0.16744224323756768,0.24011690697624433,0.31099646803304654,0.5525959367945824,0.2549766386333906,0.22694646047567027,0.24011690697624433,398.0063316345215,1573.7206270217896,0.13223886722758052,0.032719525313939256,-0.10554072399426802,celltype,Brain
2629,MERFISH,Hypothalamus,Animal2_Bregma0.11,CellCharter,0.3876378749454374,0.5220917785034818,0.49654873950509365,0.7388877488200287,0.5537787669554787,0.4939510756704175,0.5220917785034818,6.265548753738403,79.48537349700928,0.544305356043505,0.051111100553612246,-0.06039774138396936,celltype,Brain
2630,MERFISH,Hypothalamus,Animal2_Bregma0.11,DeepST,0.44710085098398517,0.5138621062171844,0.5938489956170916,0.724276626308229,0.4725860656497819,0.567501739742982,0.5138621062171844,231.20533766746522,555.8846578598022,0.25873178739995895,0.0435399098969532,-0.10960027860631587,celltype,Brain
2631,MERFISH,Hypothalamus,Animal2_Bregma0.11,GraphST,0.2020492943999524,0.2430476732206049,0.3519481689774993,0.553252616458034,0.24871825987032067,0.2376298928821076,0.2430476732206049,15.547088003158569,748.9919008255005,0.10301662220398108,0.03058787665716,-0.11231353214542202,celltype,Brain
2632,MERFISH,Hypothalamus,Animal2_Bregma0.11,PRECAST,0.662500302565289,0.7020042094457829,0.7247922845701342,0.8844654217114714,0.7432216900336243,0.665118181874657,0.7020042094457828,25.503791999816894,151.45999999999998,0.5821875641288734,0.05728035756327741,-0.0923923052718519,celltype,Brain
2633,MERFISH,Hypothalamus,Animal2_Bregma0.11,SEDR,0.49736814455784745,0.5726126780837892,0.5879250296292173,0.7923660989123743,0.6072364659672191,0.541794166277952,0.5726126780837892,20.90165877342224,556.0280149459838,0.4687871947465627,0.04725719282266576,-0.09729997732939144,celltype,Brain
2634,MERFISH,Hypothalamus,Animal2_Bregma0.11,STAGATE,0.17659167848679774,0.23376216971710712,0.35306231501053326,0.5415555099528012,0.23096522533217012,0.23666873886440637,0.23376216971710714,36.93976988792419,280.56036586761473,0.08352144469525954,0.0326651736230728,-0.11350938349826648,celltype,Brain
2635,MERFISH,Hypothalamus,Animal2_Bregma0.11,SpaGCN,0.5707226570384268,0.5978291351825125,0.6482680384810839,0.8387030576646829,0.6404111908263822,0.560556741009612,0.5978291351825126,18.816978311538698,471.3644697189331,0.5770572542581572,0.05265502794157699,-0.084300146584685,celltype,Brain
2636,MERFISH,Hypothalamus,Animal2_Bregma0.11,SpaceFlow,0.20498017183285883,0.21339191679783526,0.3373228941674978,0.5478760517135235,0.22892779138199976,0.19983654513104504,0.21339191679783526,46.57296905517578,313.04571266174315,0.05770572542581566,0.03174486995737124,-0.049508212163549295,celltype,Brain
2637,MERFISH,Hypothalamus,Animal2_Bregma0.11,SpatialMGCN,0.6715137505406776,0.7103057384280973,0.7322472522182985,0.867227580545865,0.7418828462452924,0.6813069508790984,0.7103057384280973,35.62866439819336,376.4914741516113,0.554483890827006,0.058202788474551306,-0.1339400237098511,celltype,Brain
2638,MERFISH,Hypothalamus,Animal2_Bregma0.11,stLearn,0.6788039598352865,0.7315050600155808,0.7387300430957382,0.8986661194336139,0.7767515424241911,0.691250439809241,0.7315050600155808,1.3100054264068604,21.671448516845704,0.6009850194951775,0.059615094446585436,-0.1155262887639735,celltype,Brain
2639,MERFISH,Hypothalamus,Animal2_Bregma0.16,BASS,0.7380052937218063,0.7771552436538919,0.7873971675408596,0.9085726814295112,0.8116281814434604,0.7454913872207473,0.7771552436538918,824.4095079898834,1309.1,0.6055689541767156,0.061319476625461,-0.1214172663691403,celltype,Brain
2640,MERFISH,Hypothalamus,Animal2_Bregma0.16,Banksy,0.5695555777667521,0.6343097842180463,0.6605163357205813,0.8000438500328875,0.6390611321430119,0.6296285663629472,0.6343097842180463,10.094883728027344,74.43799991607666,0.5825476869107652,0.06199168587455319,-0.103459048239861,celltype,Brain
2641,MERFISH,Hypothalamus,Animal2_Bregma0.16,CCST,0.1754804229476126,0.2396174236411562,0.32477912052755153,0.5383468537601404,0.2496104410388614,0.2304221273048465,0.2396174236411562,351.86892557144165,1382.6195043563844,0.1354966016224512,0.03380854373624148,-0.0986808115121229,celltype,Brain
2642,MERFISH,Hypothalamus,Animal2_Bregma0.16,CellCharter,0.39070203824581706,0.5617414693876317,0.508754704139504,0.7501425126068845,0.5837581325592033,0.542128689319681,0.5617414693876316,6.668124723434448,74.40361518859864,0.5437404078053059,0.053135285373170006,-0.08288574958290143,celltype,Brain
2643,MERFISH,Hypothalamus,Animal2_Bregma0.16,DeepST,0.5539450118929609,0.550376715737849,0.6538787211687291,0.7746546809910108,0.5235330592254274,0.5802632055595414,0.550376715737849,214.92239985466003,487.7332424163818,0.3149309361982021,0.048128376877206704,-0.0795439598793364,celltype,Brain
2644,MERFISH,Hypothalamus,Animal2_Bregma0.16,GraphST,0.1809002750737653,0.2334112033294628,0.3225340984000481,0.5490024117518089,0.2483020073597919,0.2202053696712234,0.2334112033294628,20.93045301437378,657.6247917175293,0.133304099978075,0.0325242494934419,-0.0430141013002612,celltype,Brain
2645,MERFISH,Hypothalamus,Animal2_Bregma0.16,PRECAST,0.6480279193432888,0.7201623760657437,0.713935911012641,0.8835781626836219,0.7642900751657752,0.6808521213363073,0.7201623760657437,24.951837968826293,152.74,0.6095154571365928,0.062234805984777694,-0.0739163613306175,celltype,Brain
2646,MERFISH,Hypothalamus,Animal2_Bregma0.16,SEDR,0.46284030723400404,0.560625061467937,0.5596358752685892,0.7492655119491339,0.5891600166838051,0.5347776714341267,0.560625061467937,20.98531045913696,487.87224159240725,0.5011181758386318,0.04906803473985612,-0.12764697422797694,celltype,Brain
2647,MERFISH,Hypothalamus,Animal2_Bregma0.16,STAGATE,0.2071296651257482,0.26016519417645295,0.3434593183136677,0.5643060732295548,0.2770384644062279,0.24525048547086664,0.260165194176453,34.557566452026364,246.1622076034546,0.17645253233939923,0.03526187238199932,-0.03080255940032122,celltype,Brain
2648,MERFISH,Hypothalamus,Animal2_Bregma0.16,SpaGCN,0.5086708804482112,0.5607981422496081,0.5965454945539644,0.8017978513483885,0.5960172313954689,0.5295090685350533,0.5607981422496082,15.508813858032227,411.0813119888306,0.5878096908572682,0.054249560576560094,-0.0903354884546923,celltype,Brain
2649,MERFISH,Hypothalamus,Animal2_Bregma0.16,SpaceFlow,0.18615778300680813,0.21207487408630366,0.3192731317144316,0.5363297522473142,0.22978789167454786,0.1968994901348582,0.21207487408630366,51.36533598899841,274.2349849700928,0.056084192063144,0.03172353381422164,-0.009377443342371058,celltype,Brain
2650,MERFISH,Hypothalamus,Animal2_Bregma0.16,SpatialMGCN,0.7806914942911242,0.7690120691612055,0.8222520493955792,0.8901556676167507,0.7917817224674376,0.7475154039736014,0.7690120691612056,38.663898944854736,330.69160385131835,0.5873711905283929,0.0635781163944145,-0.1505828103088742,celltype,Brain
2651,MERFISH,Hypothalamus,Animal2_Bregma0.16,stLearn,0.6489984886767446,0.7276412909082566,0.7155559799735064,0.8924797193597895,0.7792234335829116,0.6825502387935751,0.7276412909082566,1.2607772827148438,20.30575771331787,0.6454724841043631,0.06176199744409796,-0.1093460054369848,celltype,Brain
2652,MERFISH,Hypothalamus,Animal2_Bregma0.21,BASS,0.6078376974297862,0.6729595534207338,0.682324963673261,0.8258967629046369,0.6852582801004123,0.6610945079354845,0.6729595534207338,812.2999380111694,1305.92,0.5577427821522309,0.0521038017319323,-0.0610537264595725,celltype,Brain
2653,MERFISH,Hypothalamus,Animal2_Bregma0.21,Banksy,0.5370080378087808,0.6417855443772874,0.6331680649395417,0.7554680664916885,0.6439095040818176,0.6396755505277146,0.6417855443772874,10.51642279624939,74.61558151245117,0.4844706911636045,0.05547327823827499,-0.0222169715354415,celltype,Brain
2654,MERFISH,Hypothalamus,Animal2_Bregma0.21,CCST,0.17530823182214825,0.24110997039226761,0.3299445444158976,0.526421697287839,0.24734339766097518,0.23531484245711623,0.2411099703922676,356.32178955078126,1388.404264831543,0.12926509186351703,0.03251945469660034,-0.046174338830068086,celltype,Brain
2655,MERFISH,Hypothalamus,Animal2_Bregma0.21,CellCharter,0.3917951359080787,0.5211731201763219,0.5058497430958323,0.7063429571303587,0.5402886081848445,0.5034620395629451,0.5211731201763219,6.936164093017578,74.58532314300537,0.5352580927384076,0.04979790789736046,-0.06460138114964967,celltype,Brain
2656,MERFISH,Hypothalamus,Animal2_Bregma0.21,DeepST,0.5023247119493871,0.5214199387785614,0.6175664369804744,0.75748031496063,0.5011966703199195,0.5439373695449798,0.5214199387785614,218.8351751804352,490.06042728424075,0.2974628171478565,0.04540319389462418,-0.06698482840173306,celltype,Brain
2657,MERFISH,Hypothalamus,Animal2_Bregma0.21,GraphST,0.1746225489323915,0.2500329826620852,0.3405602914065906,0.5564304461942258,0.2537882246998807,0.2463872510144466,0.2500329826620851,15.561928176879883,660.7440418243408,0.1038932633420822,0.030805796616549204,-0.0668083302117014,celltype,Brain
2658,MERFISH,Hypothalamus,Animal2_Bregma0.21,PRECAST,0.6402786921320899,0.6994811560525923,0.7088648523155223,0.8766404199475065,0.7315631487410053,0.6700947982841706,0.6994811560525924,23.400065994262697,152.57999999999998,0.5522747156605424,0.0555709471144991,-0.0846188564194784,celltype,Brain
2659,MERFISH,Hypothalamus,Animal2_Bregma0.21,SEDR,0.370458266113439,0.46479893439391784,0.49366202563229145,0.6684601924759405,0.47296414549760135,0.457459352898245,0.46479893439391773,20.51814384460449,490.19954319000243,0.39930008748906387,0.04177517275262482,-0.09043456763222657,celltype,Brain
2660,MERFISH,Hypothalamus,Animal2_Bregma0.21,STAGATE,0.20244019377040381,0.27056449741612987,0.35016117029812943,0.5775590551181102,0.2786911867044639,0.2628985035644661,0.27056449741612987,33.6825083732605,247.42140922546386,0.15389326334208217,0.03447014783976142,-0.06140477159258456,celltype,Brain
2661,MERFISH,Hypothalamus,Animal2_Bregma0.21,SpaGCN,0.4964994439714471,0.5867833387069115,0.5911962163121407,0.7784339457567804,0.605425828038427,0.5692546454095876,0.5867833387069116,6.722149324417114,410.7382734298706,0.531058617672791,0.0488885015942952,-0.0488827832826832,celltype,Brain
2662,MERFISH,Hypothalamus,Animal2_Bregma0.21,SpaceFlow,0.15773146414857064,0.20617860463357474,0.3027292165973693,0.5307961504811899,0.21875339019159493,0.19500086089985888,0.20617860463357474,37.13923907279968,272.89604358673097,0.06692913385826768,0.03158196710333186,-0.0037720615726563,celltype,Brain
2663,MERFISH,Hypothalamus,Animal2_Bregma0.21,SpatialMGCN,0.7714384002826407,0.7567667102430191,0.8165761847819846,0.8847331583552055,0.764330859417044,0.749350810123827,0.7567667102430191,39.47119297981262,332.35316276550293,0.5446194225721784,0.05691834281350829,-0.11081178765503438,celltype,Brain
2664,MERFISH,Hypothalamus,Animal2_Bregma0.21,stLearn,0.5859271588741632,0.6764143291079068,0.6640707380048507,0.8622484689413824,0.7148490936071515,0.6419028348628746,0.6764143291079069,1.2546714305877686,20.349513816833497,0.6154418197725284,0.0545819769842138,-0.09459945321038273,celltype,Brain
2665,MERFISH,Hypothalamus,Animal2_Bregma0.26,BASS,0.6212336083560696,0.7406472013535134,0.69491824936631,0.8754216325612771,0.7737910036336029,0.7102260765971375,0.7406472013535135,776.4014440536499,1308.3600000000001,0.573870024735777,0.0605096380691625,-0.0722845626858884,celltype,Brain
2666,MERFISH,Hypothalamus,Animal2_Bregma0.26,Banksy,0.5150876114348525,0.666720293990744,0.6092080352237214,0.838317967168878,0.7020410630668088,0.6347833635505877,0.6667202939907441,12.76549940109253,72.5838228225708,0.6213177422981786,0.0638249243125772,-0.0719217662613642,celltype,Brain
2667,MERFISH,Hypothalamus,Animal2_Bregma0.26,CCST,0.11734737691096982,0.1945179196066234,0.27701796405890533,0.5111310996177199,0.20723466264491192,0.1833032308119879,0.1945179196066234,338.0763907432556,1303.977479171753,0.155970317067686,0.03481267315243678,-0.07168278859901869,celltype,Brain
2668,MERFISH,Hypothalamus,Animal2_Bregma0.26,CellCharter,0.4336817607793339,0.5711036514586376,0.544831964737867,0.760422756914774,0.6026021578360733,0.5437956309953131,0.5711036514586376,7.819310569763184,72.55972957611084,0.6009444569372611,0.05684149400845336,-0.0927144584290354,celltype,Brain
2669,MERFISH,Hypothalamus,Animal2_Bregma0.26,DeepST,0.4308282862368601,0.5025749703402705,0.5655096903314123,0.7549359118506859,0.49178116240988823,0.5144687525228335,0.5025749703402705,210.3293361186981,463.94372234344485,0.34481673038003147,0.04900982520480996,-0.07516385198269823,celltype,Brain
2670,MERFISH,Hypothalamus,Animal2_Bregma0.26,GraphST,0.1324127534768595,0.1967754898426747,0.3021779636426038,0.5212502810883742,0.2027431984430915,0.1911490527785084,0.1967754898426747,16.900218152999877,625.7231761932374,0.12075556554980879,0.0326501281270995,-0.0816655577605953,celltype,Brain
2671,MERFISH,Hypothalamus,Animal2_Bregma0.26,PRECAST,0.6104444160153571,0.7011398552714083,0.6881046429050168,0.8882392624241062,0.7654936646006565,0.6467671880322187,0.7011398552714083,25.481623935699464,152.92000000000002,0.6559478299977513,0.0636477751161495,-0.1127085589705571,celltype,Brain
2672,MERFISH,Hypothalamus,Animal2_Bregma0.26,SEDR,0.38538987841917505,0.5061484005415318,0.4976724485689563,0.7547560152912076,0.5483328722212104,0.4700506699547541,0.5061484005415318,20.724198150634766,464.0805362701416,0.571531369462559,0.051001152850124465,-0.0619607403479719,celltype,Brain
2673,MERFISH,Hypothalamus,Animal2_Bregma0.26,STAGATE,0.10731676032214317,0.16810786053070598,0.2766579000388313,0.4929165729705419,0.17522729173854157,0.16157752607947243,0.16810786053070598,35.68769311904907,234.31976146697997,0.16550483472003596,0.03600842382997012,-0.0308650991288636,celltype,Brain
2674,MERFISH,Hypothalamus,Animal2_Bregma0.26,SpaGCN,0.5394292262572249,0.6001429716875071,0.6289971074638102,0.8174049921295256,0.6179425173318673,0.5833401316053443,0.6001429716875071,19.274583101272587,395.6496625900269,0.5675736451540364,0.0530461706149814,-0.0749137290815455,celltype,Brain
2675,MERFISH,Hypothalamus,Animal2_Bregma0.26,SpaceFlow,0.11396278965947551,0.15862661492816624,0.26623483009728727,0.5002473577692826,0.17199457654535152,0.14719353665499238,0.15862661492816624,31.970653295516968,244.0829792022705,0.06035529570496958,0.03160224954902502,0.00946539578163658,celltype,Brain
2676,MERFISH,Hypothalamus,Animal2_Bregma0.26,SpatialMGCN,0.5692140055599749,0.7090696458815721,0.6542963392701477,0.8628288733977962,0.740250997832349,0.6804089989796603,0.709069645881572,38.90389246940613,314.69933490753175,0.6224420957949179,0.061698051243567295,-0.0822624034727215,celltype,Brain
2677,MERFISH,Hypothalamus,Animal2_Bregma0.26,stLearn,0.6023257784107583,0.7142588368502573,0.6796592424278154,0.8718237013717113,0.7579734414120356,0.67556074309365,0.7142588368502573,1.3366584777832031,19.803968238830567,0.6550933213402294,0.062308661908169485,-0.09845024296209154,celltype,Brain
2678,MERFISH,Hypothalamus,Animal3_Bregma0.01,BASS,0.522060158710678,0.7010860696642651,0.610434749519567,0.8281063914251687,0.7287720463458897,0.6754266781505727,0.701086069664265,824.7908560276031,1458.28,0.6173084557364034,0.05905749885274321,-0.1653484601538308,celltype,Brain
2679,MERFISH,Hypothalamus,Animal3_Bregma0.01,Banksy,0.3811503095829698,0.6084810058889526,0.5429024689895412,0.7012703453751489,0.570947154970604,0.6512970271396062,0.6084810058889525,13.129584169387817,82.19576816558838,0.5156808257244938,0.0579983190653419,-0.1914225279503549,celltype,Brain
2680,MERFISH,Hypothalamus,Animal3_Bregma0.01,CCST,0.11615789443349342,0.1957596083920958,0.29482150126508755,0.4541881699086939,0.19270454421328292,0.19891457650486077,0.1957596083920958,419.6742262840271,1667.5563886642456,0.10476379515680823,0.03232700180109336,-0.178987637365606,celltype,Brain
2681,MERFISH,Hypothalamus,Animal3_Bregma0.01,CellCharter,0.36359590104205797,0.5209510687287413,0.48448224963174225,0.6833664152441445,0.5293661094735957,0.5130716339006952,0.5209510687287414,7.62291145324707,82.16229133605957,0.5915839618896388,0.05353764136968656,-0.20997399070097678,celltype,Brain
2682,MERFISH,Hypothalamus,Animal3_Bregma0.01,DeepST,0.32618813171287775,0.47430808358323384,0.5565240692656845,0.6156411274315203,0.394357279853175,0.5951621415896583,0.47430808358323373,238.29813170433044,593.7271894454956,0.23493449781659384,0.04262779660387282,-0.20498057862661775,celltype,Brain
2683,MERFISH,Hypothalamus,Animal3_Bregma0.01,GraphST,0.0821195420337056,0.1945000452658952,0.2697725563938585,0.4696308058753472,0.1943521592292916,0.1946481565321445,0.1945000452658952,14.599218559265136,799.7132722854615,0.1254466057959507,0.0318731967960156,-0.1829868085137121,celltype,Brain
2684,MERFISH,Hypothalamus,Animal3_Bregma0.01,PRECAST,0.3891780096082418,0.5881880296935131,0.498886409570176,0.7187375942834459,0.6156746250545666,0.563050807710581,0.588188029693513,28.441751956939697,150.34,0.6127431520444621,0.0578182603176832,-0.1464974780626518,celltype,Brain
2685,MERFISH,Hypothalamus,Animal3_Bregma0.01,SEDR,0.3930333581999609,0.5547058176182972,0.5217440311488685,0.6802699483922192,0.5497340314830872,0.5597849281805527,0.5547058176182973,22.86709098815918,593.8735631942749,0.5362048431917428,0.05014537756535238,-0.20273245977236765,celltype,Brain
2686,MERFISH,Hypothalamus,Animal3_Bregma0.01,STAGATE,0.07466063828468356,0.17179058979264672,0.27323617264846134,0.42727272727272725,0.16892727200204125,0.1751028411695224,0.17179058979264675,41.49363298416138,299.80145225524905,0.15514092894005554,0.03444748255629608,-0.2098440464377315,celltype,Brain
2687,MERFISH,Hypothalamus,Animal3_Bregma0.01,SpaGCN,0.3645685145495251,0.5267174520707674,0.4784424906272734,0.6984914648670107,0.5503578973815423,0.5050242968928189,0.5267174520707674,30.860340452194215,504.82960510253906,0.6581976974990076,0.0526162500023547,-0.1523250495605226,celltype,Brain
2688,MERFISH,Hypothalamus,Animal3_Bregma0.01,SpaceFlow,0.07456338640196067,0.1436231188142308,0.22441484107144022,0.43191742755061535,0.15418780404498772,0.1344172227203268,0.1436231188142308,42.61203308105469,320.383518409729,0.056490670901151216,0.031508856534958204,-0.04014071511154268,celltype,Brain
2689,MERFISH,Hypothalamus,Animal3_Bregma0.01,SpatialMGCN,0.5523368213168157,0.6787670749785367,0.6497779917932528,0.7838427947598253,0.6662652966452414,0.6917469909169967,0.6787670749785367,37.96763744354248,401.85980587005616,0.6123461691147281,0.057072483162038404,-0.226499337473041,celltype,Brain
2690,MERFISH,Hypothalamus,Animal3_Bregma0.01,stLearn,0.4913737053548541,0.6592719269072855,0.584024595118226,0.8331877729257642,0.7021822271075895,0.6213619574494416,0.6592719269072855,1.4315348625183106,22.399207496643065,0.731004366812227,0.05939528342456464,-0.15081076246954056,celltype,Brain
2691,MERFISH,Hypothalamus,Animal3_Bregma0.06,BASS,0.6638360726501733,0.7229426405020155,0.727805619125868,0.8469250048197416,0.7327615658181752,0.7133833807588555,0.7229426405020156,828.0447740077973,1496.58,0.572006940427993,0.056782296105553,-0.1542266009887135,celltype,Brain
2692,MERFISH,Hypothalamus,Animal3_Bregma0.06,Banksy,0.45027692008878895,0.6222833327147991,0.5565950750738459,0.7250819356082514,0.6267735309538269,0.6178570123109561,0.6222833327147991,10.518238973617553,84.62003803253174,0.6207827260458839,0.0584306010047969,-0.1304435322793994,celltype,Brain
2693,MERFISH,Hypothalamus,Animal3_Bregma0.06,CCST,0.14896730253567067,0.221434670260345,0.3188741322523404,0.4923848081742818,0.220140692289693,0.2227719639334524,0.221434670260345,442.3736907958984,1779.9026405334473,0.09053402737613259,0.03121972213581446,-0.13835920576113261,celltype,Brain
2694,MERFISH,Hypothalamus,Animal3_Bregma0.06,CellCharter,0.39791422746805327,0.5540277504686024,0.5263636261007989,0.682398303450935,0.5446417728585753,0.5643912288206119,0.5540277504686024,9.845452499389648,84.5737211227417,0.4928860613071139,0.05188103713331647,-0.16787907261907545,celltype,Brain
2695,MERFISH,Hypothalamus,Animal3_Bregma0.06,DeepST,0.35353033043145315,0.466066955741833,0.5451165479523716,0.6465394254867939,0.40568886918968355,0.5503593380871423,0.466066955741833,249.3283336162567,628.9708765029907,0.24272219009061108,0.04331315139917624,-0.2072405434366022,celltype,Brain
2696,MERFISH,Hypothalamus,Animal3_Bregma0.06,GraphST,0.1348616893627042,0.21885925157234382,0.3034699276702385,0.4987468671679197,0.2215443775046146,0.21623843387036074,0.21885925157234382,15.589900732040405,846.9437067031861,0.1042992095623674,0.0309565125331367,-0.11098276288137401,celltype,Brain
2697,MERFISH,Hypothalamus,Animal3_Bregma0.06,PRECAST,0.47329433805542565,0.5890248014724904,0.5645585911746874,0.790052053209948,0.6260869222087092,0.556105341599857,0.5890248014724904,30.412270069122314,150.06,0.6514362830152304,0.05629931438529,-0.1507860640813136,celltype,Brain
2698,MERFISH,Hypothalamus,Animal3_Bregma0.06,SEDR,0.4111094826756864,0.5355351601790705,0.5289231912119552,0.6820512820512821,0.5333261770204019,0.5380933448599536,0.5355351601790705,23.171907472610474,629.1202707290649,0.4850588008482745,0.04593566854919892,-0.19139989472891664,celltype,Brain
2699,MERFISH,Hypothalamus,Animal3_Bregma0.06,STAGATE,0.1845251550020987,0.26372937796542534,0.3509445645290866,0.5239637555427029,0.25957575979203745,0.2680986139696996,0.26372937796542534,38.90985360145569,317.38622760772705,0.12778099093888565,0.0332433726626448,-0.16136478216343633,celltype,Brain
2700,MERFISH,Hypothalamus,Animal3_Bregma0.06,SpaGCN,0.4873501697727026,0.573983525189768,0.5808039873342336,0.7462887989203779,0.5835520913486041,0.5647236903394007,0.573983525189768,21.01073303222656,527.5052379608154,0.6055523423944477,0.048844089915995,-0.1529759949145597,celltype,Brain
2701,MERFISH,Hypothalamus,Animal3_Bregma0.06,SpaceFlow,0.10262880436549544,0.16671853057968086,0.25068976128328047,0.47295160979371503,0.17560415410886457,0.15869222083891413,0.16671853057968086,59.556409645080564,357.592501449585,0.04831309041835356,0.03077963845643818,-0.07635274618770278,celltype,Brain
2702,MERFISH,Hypothalamus,Animal3_Bregma0.06,SpatialMGCN,0.5453403131418834,0.7006750133781787,0.6563496840414468,0.7524580682475419,0.6723277274869076,0.7315179297746572,0.7006750133781788,38.8230637550354,425.69496936798095,0.4777327935222672,0.0548687843092651,-0.1950680392988378,celltype,Brain
2703,MERFISH,Hypothalamus,Animal3_Bregma0.06,stLearn,0.584552362993626,0.6913316741603609,0.6589608386999304,0.8493541546173125,0.7215929618769724,0.6636332285786338,0.691331674160361,1.4762292385101319,23.0468017578125,0.656140350877193,0.05836603472235051,-0.15343666907662895,celltype,Brain
2704,MERFISH,Hypothalamus,Animal3_Bregma0.11,BASS,0.6661901796200974,0.7181006793249861,0.7297618865758654,0.8675862068965519,0.7390973020446073,0.6982640663127622,0.7181006793249861,801.3656419754028,1432.3200000000002,0.5582266009852217,0.0563805152165189,-0.2286660945781048,celltype,Brain
2705,MERFISH,Hypothalamus,Animal3_Bregma0.11,Banksy,0.5009888314984693,0.61305498110317,0.6129470532493165,0.7960591133004926,0.6144838643105827,0.6116327277543814,0.6130549811031699,10.30726432800293,82.7965919494629,0.47862068965517246,0.055959089085380095,-0.1490770333713386,celltype,Brain
2706,MERFISH,Hypothalamus,Animal3_Bregma0.11,CCST,0.17635461765303156,0.23921348249204538,0.3246128720779645,0.5583448275862068,0.25379533649327146,0.22623951856091723,0.23921348249204533,424.76671867370607,1689.0223138809204,0.13426600985221673,0.03245785973046782,-0.11466772178772648,celltype,Brain
2707,MERFISH,Hypothalamus,Animal3_Bregma0.11,CellCharter,0.4230531676849171,0.5464898106887357,0.5293394274118202,0.7522364532019704,0.5783670705367985,0.5179783323915055,0.5464898106887357,7.875329637527466,82.78389186859131,0.5465615763546798,0.049568644985799284,-0.11460947368422678,celltype,Brain
2708,MERFISH,Hypothalamus,Animal3_Bregma0.11,DeepST,0.4812455917295214,0.5004863308698295,0.5928252848510105,0.7657536945812808,0.49665866377567225,0.5048753513373996,0.5004863308698295,234.77249598503113,602.3841466903687,0.28930049261083746,0.04481603554309016,-0.1333892767592467,celltype,Brain
2709,MERFISH,Hypothalamus,Animal3_Bregma0.11,GraphST,0.1786224965454343,0.2307122571204138,0.3312806311930809,0.5497536945812808,0.2425805602968849,0.2199511046567882,0.2307122571204138,15.642139148712157,811.3147775650025,0.0999014778325123,0.0304057796948173,-0.0528791413950947,celltype,Brain
2710,MERFISH,Hypothalamus,Animal3_Bregma0.11,PRECAST,0.5964148766965964,0.6802892268598838,0.6728208681658236,0.8900492610837439,0.7413472930888337,0.6285234401710119,0.6802892268598838,27.384371948242187,151.12,0.630935960591133,0.057497342373565394,-0.138535317309848,celltype,Brain
2711,MERFISH,Hypothalamus,Animal3_Bregma0.11,SEDR,0.46503779600933226,0.5329201403740068,0.5662499439576272,0.7484137931034482,0.5547223827492814,0.512830031296686,0.5329201403740068,23.185184955596924,602.5306159973145,0.4002364532019704,0.04325989622162106,-0.1410552824494305,celltype,Brain
2712,MERFISH,Hypothalamus,Animal3_Bregma0.11,STAGATE,0.21191146683453604,0.25630416597617556,0.3593477790884494,0.5601970443349753,0.26742744405915186,0.24620126942276022,0.25630416597617556,40.17003817558289,303.6723720550537,0.1188571428571428,0.03281268905334148,-0.11270839367332655,celltype,Brain
2713,MERFISH,Hypothalamus,Animal3_Bregma0.11,SpaGCN,0.5560574179287175,0.5944148223079061,0.6375678752626337,0.8338916256157635,0.6330863958848367,0.5601957172416631,0.5944148223079061,15.896317720413208,506.9950757980347,0.5716256157635468,0.0489402478656539,-0.1591264855997282,celltype,Brain
2714,MERFISH,Hypothalamus,Animal3_Bregma0.11,SpaceFlow,0.1914540379710576,0.2079103226544253,0.33430543869357443,0.5417931034482758,0.22107778785468865,0.19623346858002685,0.2079103226544253,129.39534182548522,427.46984710693357,0.04398029556650242,0.030364503169764422,-0.04234371116879214,celltype,Brain
2715,MERFISH,Hypothalamus,Animal3_Bregma0.11,SpatialMGCN,0.6676745958604607,0.7199192042448399,0.7302176031342429,0.8727093596059113,0.7637507321939213,0.6808455887392808,0.7199192042448399,44.27363362312317,407.72803592681885,0.603743842364532,0.059211856348277504,-0.1425004087825187,celltype,Brain
2716,MERFISH,Hypothalamus,Animal3_Bregma0.11,stLearn,0.6521075670850364,0.7268306721492008,0.7185425377052774,0.9045911330049261,0.7827039713245268,0.6784820885287309,0.7268306721492008,1.4514910697937011,22.556798934936523,0.6106009852216749,0.058440907205119894,-0.13893529646530817,celltype,Brain
2717,MERFISH,Hypothalamus,Animal3_Bregma0.16,BASS,0.7332235784755727,0.7821758483906215,0.7888692626908281,0.9250720461095099,0.8300912361233482,0.7394902261726337,0.7821758483906214,806.3316059589386,1418.06,0.5778097982708934,0.0592730941105164,-0.0960212296615157,celltype,Brain
2718,MERFISH,Hypothalamus,Animal3_Bregma0.16,Banksy,0.411041085728258,0.6186113081584871,0.5276328407859856,0.7871552079044875,0.6522398534357811,0.5882804189901172,0.6186113081584872,10.120240545272827,79.2673749923706,0.6037463976945245,0.0575863612408548,-0.0777621775408744,celltype,Brain
2719,MERFISH,Hypothalamus,Animal3_Bregma0.16,CCST,0.16288810526948044,0.23121070402697944,0.3157032472876186,0.5467270481679704,0.24783504208426313,0.2166819730207438,0.23121070402697946,394.87860016822816,1565.3479997634888,0.15228489090160557,0.03241914039259972,-0.10418328494702218,celltype,Brain
2720,MERFISH,Hypothalamus,Animal3_Bregma0.16,CellCharter,0.41599817683969176,0.549564055285513,0.5302662240616588,0.7653355290242898,0.5884806305094152,0.5160702029795041,0.549564055285513,7.450008726119995,79.24101848602295,0.5661589131329765,0.05208419023127382,-0.06513819196399716,celltype,Brain
2721,MERFISH,Hypothalamus,Animal3_Bregma0.16,DeepST,0.4793614447785928,0.5218573946597951,0.5975964747018297,0.768546727048168,0.5170272040004475,0.5274622800045812,0.5218573946597951,230.56318554878234,552.5058422088623,0.3285302593659942,0.04656323521782296,-0.07104182505081764,celltype,Brain
2722,MERFISH,Hypothalamus,Animal3_Bregma0.16,GraphST,0.2044344990582457,0.2226947794724612,0.350643100177231,0.5584602717167558,0.2397645847570796,0.20789397136074853,0.2226947794724612,15.815522289276123,744.4631099700928,0.1088925483738163,0.030654611605276598,-0.022685595098891,celltype,Brain
2723,MERFISH,Hypothalamus,Animal3_Bregma0.16,PRECAST,0.5883215639295841,0.6846449759894382,0.6718975437453579,0.8820502264306299,0.7495039338971022,0.6301172462435717,0.6846449759894382,26.869708013534545,151.45999999999998,0.5650473445862495,0.0582786797669939,-0.0917099438019072,celltype,Brain
2724,MERFISH,Hypothalamus,Animal3_Bregma0.16,SEDR,0.3761748017632852,0.5176086759826077,0.4974014462871036,0.7158913132976534,0.5492792392409187,0.4896132399891959,0.5176086759826077,20.636496925354002,552.6490705490112,0.47410456978180326,0.046254546850071396,-0.07654889254386078,celltype,Brain
2725,MERFISH,Hypothalamus,Animal3_Bregma0.16,STAGATE,0.16307069309170244,0.20530013342402725,0.3227918554711997,0.5482503087690407,0.2180962641560269,0.19394854634423853,0.20530013342402725,37.47162880897522,278.81739139556885,0.1283244133388225,0.033793606682495335,-0.07501732298973274,celltype,Brain
2726,MERFISH,Hypothalamus,Animal3_Bregma0.16,SpaGCN,0.43791503746420873,0.5359717870161474,0.5444064474065755,0.8186496500617538,0.5840785125295127,0.49518651382515133,0.5359717870161474,14.590965509414673,465.25267486572267,0.6362700699876492,0.0501639270622304,-0.0939245220081175,celltype,Brain
2727,MERFISH,Hypothalamus,Animal3_Bregma0.16,SpaceFlow,0.2027578403177067,0.20371235054970827,0.34662201591893116,0.5452037875668999,0.21972596091914848,0.18987435791620602,0.20371235054970827,29.83734211921692,290.775138092041,0.05026759983532314,0.030054862616196682,0.00018082256105008012,celltype,Brain
2728,MERFISH,Hypothalamus,Animal3_Bregma0.16,SpatialMGCN,0.7769043534216692,0.7656394375248088,0.8230609585013966,0.9094277480444628,0.7920031853446378,0.7409743096539064,0.7656394375248088,47.02043895721435,374.1679126739502,0.5549608892548373,0.0620888994379445,-0.10068086249367361,celltype,Brain
2729,MERFISH,Hypothalamus,Animal3_Bregma0.16,stLearn,0.6843713889256439,0.746099749255272,0.7496977577047075,0.9130094689172499,0.800144534016815,0.6989518315699366,0.746099749255272,1.315004014968872,21.60891513824463,0.6070399341292714,0.060044984399713695,-0.09603814571202396,celltype,Brain
2730,MERFISH,Hypothalamus,Animal3_Bregma0.21,BASS,0.7001098477635613,0.7614751890614595,0.7645638242392991,0.9268344709897611,0.8182794791569361,0.7120455697955143,0.7614751890614595,809.3906179904938,1420.74,0.653796928327645,0.0611404371785754,-0.1142097425298642,celltype,Brain
2731,MERFISH,Hypothalamus,Animal3_Bregma0.21,Banksy,0.5218100275045272,0.6521200220538335,0.623347973341705,0.8464163822525597,0.6794724585928131,0.6268845335447598,0.6521200220538333,10.21483497619629,76.50334739685059,0.5678327645051194,0.0575681217657813,-0.0809847619119123,celltype,Brain
2732,MERFISH,Hypothalamus,Animal3_Bregma0.21,CCST,0.0897642198117915,0.1720565376705797,0.2605501506395621,0.502901023890785,0.18606882114411022,0.16003242851215077,0.17205653767057977,371.19490842819215,1450.0255044937135,0.16488907849829348,0.03454312593467046,-0.11045060740734933,celltype,Brain
2733,MERFISH,Hypothalamus,Animal3_Bregma0.21,CellCharter,0.32963045906287836,0.5081223678994632,0.4626890226638031,0.7276877133105801,0.5492002511556642,0.47299279445757636,0.5081223678994633,8.009397029876709,76.47111663818359,0.5861774744027304,0.054081365039501214,-0.09745565976035474,celltype,Brain
2734,MERFISH,Hypothalamus,Animal3_Bregma0.21,DeepST,0.38086328690957705,0.4753361166463702,0.5332260481213096,0.7397610921501706,0.47152135033567744,0.4815674003423537,0.4753361166463702,221.26250834465026,514.9366161346436,0.33583617747440264,0.04772735961423142,-0.08124618558010174,celltype,Brain
2735,MERFISH,Hypothalamus,Animal3_Bregma0.21,GraphST,0.1237641245562495,0.1770734482021483,0.2823994958425335,0.5155716723549488,0.1938488786173868,0.1629702170872566,0.1770734482021483,16.048410987854005,694.098978805542,0.1821672354948805,0.0332130671896201,-0.0764387037369771,celltype,Brain
2736,MERFISH,Hypothalamus,Animal3_Bregma0.21,PRECAST,0.5771485862724514,0.6755638026630704,0.665648258328617,0.8937713310580204,0.7426347345515215,0.619604340264919,0.6755638026630705,26.51946997642517,152.12,0.6397184300341296,0.0607143412687296,-0.0789387192031724,celltype,Brain
2737,MERFISH,Hypothalamus,Animal3_Bregma0.21,SEDR,0.4148794400859227,0.5444824867287557,0.5347027327040489,0.771160409556314,0.5741892352342267,0.5179386442419527,0.5444824867287557,23.04478874206543,515.0775323867798,0.5160836177474403,0.04989588429742972,-0.12247062417067214,celltype,Brain
2738,MERFISH,Hypothalamus,Animal3_Bregma0.21,STAGATE,0.16878825208638149,0.20323770203251185,0.32760281779381895,0.5426621160409557,0.2172926730826003,0.1909038164676882,0.20323770203251185,36.30005464553833,259.8647222518921,0.14530716723549483,0.0352670339436094,-0.15041560929568823,celltype,Brain
2739,MERFISH,Hypothalamus,Animal3_Bregma0.21,SpaGCN,0.3786935552017885,0.49895265773842123,0.4977479560404192,0.7662116040955631,0.5392192577686103,0.46428204959024344,0.49895265773842123,28.495439529418945,438.5633262634277,0.6885665529010239,0.0503103249971514,-0.1787031937950795,celltype,Brain
2740,MERFISH,Hypothalamus,Animal3_Bregma0.21,SpaceFlow,0.13338450864590384,0.1518573766025471,0.28503247498934253,0.5061860068259385,0.16903709331222597,0.13784980139907319,0.1518573766025471,46.42748098373413,280.7397413253784,0.053967576791808816,0.031186885063022602,-0.04014447126827852,celltype,Brain
2741,MERFISH,Hypothalamus,Animal3_Bregma0.21,SpatialMGCN,0.6811837773883782,0.732112371072467,0.7480631605524277,0.8944112627986348,0.7657998366234674,0.701263838252889,0.7321123710724671,50.89583649635315,349.0758493423462,0.643344709897611,0.0598227860772414,-0.1124461401212157,celltype,Brain
2742,MERFISH,Hypothalamus,Animal3_Bregma0.21,stLearn,0.653620180700216,0.7293893933671209,0.7278378524514444,0.9091723549488056,0.790614449328612,0.6769787892993259,0.7293893933671209,1.3447787761688232,20.858034133911133,0.6787116040955631,0.06256950319484281,-0.10124381951595404,celltype,Brain
2743,MERFISH,Hypothalamus,Animal3_Bregma0.26,BASS,0.5559441272086244,0.7068270179389298,0.6529156228395244,0.8628434365460096,0.7312271903710925,0.6840026709573186,0.7068270179389297,802.5277661323547,1308.26,0.5634539904055822,0.0554277867580969,-0.0905274331164636,celltype,Brain
2744,MERFISH,Hypothalamus,Animal3_Bregma0.26,Banksy,0.6124314311216623,0.6637408097599298,0.7071643281481657,0.8231574356737899,0.6688354292536299,0.6587232165031033,0.6637408097599297,10.817056226730347,74.84364700317383,0.5335804622764937,0.056671417509344305,-0.0852688467495858,celltype,Brain
2745,MERFISH,Hypothalamus,Animal3_Bregma0.26,CCST,0.09168751428961797,0.16184429744410683,0.28334683508665215,0.5166593981683384,0.16916499182514574,0.15514508071648636,0.16184429744410683,357.4001571178436,1395.7431127548218,0.13894461404273875,0.031948358401330854,-0.06715967032707659,celltype,Brain
2746,MERFISH,Hypothalamus,Animal3_Bregma0.26,CellCharter,0.382626722715106,0.5393670788125716,0.5102542098708872,0.7693850850414304,0.5756885577615213,0.5074928321475454,0.5393670788125716,6.99693603515625,74.81506690979003,0.6621456607064979,0.05382249561204152,-0.09905369976995408,celltype,Brain
2747,MERFISH,Hypothalamus,Animal3_Bregma0.26,DeepST,0.41117610595459364,0.4768220390814695,0.5978495344086924,0.7348887919755779,0.4313219676177932,0.5344538784052212,0.47682203908146936,224.3502583026886,493.0303243637085,0.27784561709550804,0.04528600410656598,-0.15284194243966034,celltype,Brain
2748,MERFISH,Hypothalamus,Animal3_Bregma0.26,GraphST,0.0555162411002757,0.139952827887404,0.2624673193821634,0.495202791103358,0.1423297073004349,0.1376540313850739,0.139952827887404,14.093789100646973,664.7268577575684,0.1101177496729175,0.0309055507202194,-0.11118398484714768,celltype,Brain
2749,MERFISH,Hypothalamus,Animal3_Bregma0.26,PRECAST,0.5513828466700909,0.6867060844883173,0.6498713227431004,0.8573920627998255,0.7469893496048445,0.6354261522901593,0.6867060844883173,23.396083927154542,152.56,0.6927605756650675,0.060247587627747304,-0.0970041543227445,celltype,Brain
2750,MERFISH,Hypothalamus,Animal3_Bregma0.26,SEDR,0.3859543634010729,0.5292809747563298,0.5117002546592189,0.7780636720453554,0.5728901999164667,0.4919809082334889,0.5292809747563298,19.744587373733523,493.1691560745239,0.6030091583078936,0.05041873786294458,-0.0944026828391218,celltype,Brain
2751,MERFISH,Hypothalamus,Animal3_Bregma0.26,STAGATE,0.056282451082615106,0.13528360486127963,0.2793343303643211,0.4989533362407327,0.13365555513377908,0.13704706862384333,0.13528360486127963,35.122620820999146,248.9293119430542,0.14461404273877015,0.03419407674319946,-0.12396297687359308,celltype,Brain
2752,MERFISH,Hypothalamus,Animal3_Bregma0.26,SpaGCN,0.49933667753270256,0.5815550081691448,0.6083870955530334,0.8179241168774531,0.594626979291958,0.5690454090198855,0.5815550081691447,6.704146671295166,412.3597890853882,0.553641517662451,0.0511527452123728,-0.0903677026951058,celltype,Brain
2753,MERFISH,Hypothalamus,Animal3_Bregma0.26,SpaceFlow,0.081970432132222,0.1383108467994199,0.2605141637079113,0.5098124727431312,0.1484755351355825,0.12945175292963518,0.1383108467994199,56.99159045219422,287.36682815551757,0.05006541648495416,0.0304828847699198,0.0006739762607356999,celltype,Brain
2754,MERFISH,Hypothalamus,Animal3_Bregma0.26,SpatialMGCN,0.5832491371765918,0.7146849193101514,0.6854545773314216,0.855865678150894,0.7092355222872708,0.7202187054019464,0.7146849193101513,37.353876161575315,334.1804494857788,0.513301351940689,0.057060321722513,-0.1676442664800691,celltype,Brain
2755,MERFISH,Hypothalamus,Animal3_Bregma0.26,stLearn,0.5661572811735707,0.7092459429122021,0.6612189127437331,0.8768861753161797,0.7518705395495042,0.6714411184316373,0.7092459429122021,1.1699217796325683,20.412406539916994,0.6322721325774096,0.0586362747348567,-0.07962289801685582,celltype,Brain
2756,MERFISH,Mouse Primary Motor Cortex,mouse1_slice1,BASS,0.6222530710592951,0.8306295091061975,0.6710652797573751,0.8835155592935241,0.8787933372604275,0.7874707759639521,0.8306295091061975,347.16226601600647,1254.6399999999999,0.8250630782169891,0.1164019252197704,-0.2407594189233822,celltype,Brain
2757,MERFISH,Mouse Primary Motor Cortex,mouse1_slice1,Banksy,0.5842943926785923,0.8221157527980264,0.640471542180257,0.9044575273338941,0.8836769764857193,0.7685864638103967,0.8221157527980264,11.964916133880616,67.74661617279052,0.8250630782169891,0.11382372745467204,-0.2293054867566971,celltype,Brain
2758,MERFISH,Mouse Primary Motor Cortex,mouse1_slice1,CCST,0.2337115981404602,0.30788356535451483,0.30510173061848855,0.4600504625735913,0.30995947499473003,0.3058589869672802,0.30788356535451483,197.17421302795407,398.73536720275877,0.11925988225399493,0.04591480214573848,-0.3059451568418089,celltype,Brain
2759,MERFISH,Mouse Primary Motor Cortex,mouse1_slice1,CellCharter,0.41831375253143915,0.6689222902975035,0.4822600049746277,0.7489486963835155,0.7204463972364463,0.6243278803502125,0.6689222902975035,12.14836015701294,149.28409271240236,0.7631623212783852,0.09725452439523302,-0.16539087225606824,celltype,Brain
2760,MERFISH,Mouse Primary Motor Cortex,mouse1_slice1,DeepST,0.4912928727638475,0.6896787233348948,0.54706587529065,0.82228763666947,0.7340016712435176,0.6504341022535824,0.6896787233348948,121.95559945106507,148.31475372314452,0.6140454163162321,0.09737608174908632,-0.26428780059398865,celltype,Brain
2761,MERFISH,Mouse Primary Motor Cortex,mouse1_slice1,GraphST,0.2458258469978528,0.3598303479152269,0.312526274153159,0.5332211942809083,0.3831761464233681,0.3391659609017324,0.3598303479152269,18.88108401298523,199.38212909698487,0.3221194280908326,0.0482125612741849,-0.20611704297744332,celltype,Brain
2762,MERFISH,Mouse Primary Motor Cortex,mouse1_slice1,PRECAST,0.5495224019223944,0.7879287287462566,0.6081107109937255,0.8633305298570229,0.8473047480722512,0.7363294524543458,0.7879287287462567,39.22876601219177,146.1,0.8116063919259883,0.11549887586119009,-0.23198192816015634,celltype,Brain
2763,MERFISH,Mouse Primary Motor Cortex,mouse1_slice1,SEDR,0.31531826160835663,0.57689100608466,0.38328564391254477,0.6843566021867116,0.6257877521881519,0.5350819577373128,0.57689100608466,20.36942024230957,143.88400001525878,0.659125315391085,0.07056804430787544,-0.1873794993010501,celltype,Brain
2764,MERFISH,Mouse Primary Motor Cortex,mouse1_slice1,STAGATE,0.17989117297119814,0.3129518831904804,0.24881952978804867,0.49150546677880574,0.337754892977491,0.2915438186682725,0.3129518831904804,34.93586668968201,80.1157636642456,0.21783010933557606,0.05073789739179824,-0.16562543299725482,celltype,Brain
2765,MERFISH,Mouse Primary Motor Cortex,mouse1_slice1,SpaGCN,0.48598947844623763,0.7247871210868467,0.5481171006604918,0.8212783851976451,0.7813632493982017,0.6758508253931023,0.7247871210868467,8.61809482574463,137.66437091827393,0.8587047939444912,0.1031864490132953,-0.2074745299580792,celltype,Brain
2766,MERFISH,Mouse Primary Motor Cortex,mouse1_slice1,SpaceFlow,0.15847555558005624,0.314833419969866,0.22790471671790796,0.4746846089150546,0.34548118061550437,0.2891835864417326,0.314833419969866,54.93028888702393,137.31588726043702,0.4330529857022708,0.056022856451474604,-0.1867722359091557,celltype,Brain
2767,MERFISH,Mouse Primary Motor Cortex,mouse1_slice1,SpatialMGCN,0.5936809631707803,0.827663044382945,0.6504766408444301,0.9163162321278385,0.8893284435004345,0.7739947978818201,0.827663044382945,42.17816848754883,76.32296657562256,0.8259041211101767,0.1124043169141861,-0.208114857098266,celltype,Brain
2768,MERFISH,Mouse Primary Motor Cortex,mouse1_slice1,stLearn,0.5934918940795421,0.8256485269162488,0.6481097187957638,0.8975609756097562,0.8828839756117753,0.7754153837115917,0.8256485269162488,1.316080665588379,25.30457649230957,0.8317073170731707,0.11850919042872068,-0.22849092818278258,celltype,Brain
2769,MERFISH,Mouse Primary Motor Cortex,mouse1_slice10,BASS,0.7425976033511597,0.8505886275357881,0.7673669607477761,0.8968221213371853,0.8684240542752134,0.8334710547743265,0.8505886275357879,504.37081203460696,764.9799999999999,0.7222451506397028,0.1089773482434924,-0.1584865261631299,celltype,Brain
2770,MERFISH,Mouse Primary Motor Cortex,mouse1_slice10,Banksy,0.6516472086137385,0.826315479315096,0.6949678103993382,0.8988856789104416,0.8749065008210166,0.7828378172149257,0.8263154793150959,12.203770208358765,68.73269500732422,0.7189434585224928,0.1076128368468652,-0.1890059237168493,celltype,Brain
2771,MERFISH,Mouse Primary Motor Cortex,mouse1_slice10,CCST,0.23463727398621917,0.33727228072650817,0.30420622827443655,0.49566652909616177,0.33584359833838945,0.3387426751347156,0.33727228072650817,201.1644681930542,416.7798198699951,0.12274040445728432,0.04383255338160344,-0.36552971720286975,celltype,Brain
2772,MERFISH,Mouse Primary Motor Cortex,mouse1_slice10,CellCharter,0.43870580991259295,0.654907996103239,0.4942236294433976,0.7443664878250102,0.6957408016449493,0.6186334713754836,0.6549079961032391,12.220483207702637,62.22024707794189,0.7503095336359884,0.08928011689903888,-0.14832755202978182,celltype,Brain
2773,MERFISH,Mouse Primary Motor Cortex,mouse1_slice10,DeepST,0.5374805900126465,0.6839278269914316,0.5806731405476638,0.809492364836979,0.7066623605172507,0.6626210381197618,0.6839278269914316,129.17880229949952,148.3005687713623,0.5104416013206768,0.08765285640132324,-0.21432659971091922,celltype,Brain
2774,MERFISH,Mouse Primary Motor Cortex,mouse1_slice10,GraphST,0.2422705485348667,0.3888608046034533,0.3058127029066416,0.5385885266198926,0.4153694243343695,0.3655327317654011,0.3888608046034533,17.926001691818236,204.0174259185791,0.374742055303343,0.0476138608153396,-0.1581878149061154,celltype,Brain
2775,MERFISH,Mouse Primary Motor Cortex,mouse1_slice10,PRECAST,0.5741922365588606,0.791215205263883,0.6245424978783336,0.8683450268262485,0.8415759988479596,0.7465413831153103,0.791215205263883,38.86287999153137,143.3,0.7548493602971523,0.1100583217950429,-0.1997068815043045,celltype,Brain
2776,MERFISH,Mouse Primary Motor Cortex,mouse1_slice10,SEDR,0.4210378301880998,0.5946540756013527,0.47647417076967635,0.6880726372265786,0.631165180092102,0.5621547700216414,0.5946540756013529,21.349728679656984,148.93173809051513,0.5995047461824184,0.06404532070878936,-0.1635951088430572,celltype,Brain
2777,MERFISH,Mouse Primary Motor Cortex,mouse1_slice10,STAGATE,0.2070889752941077,0.3800900190445735,0.272043495910386,0.5267849773008667,0.40938958870173847,0.3547092004730665,0.3800900190445735,27.620852947235107,80.47692947387695,0.3555922410235245,0.0513489327823778,-0.16312620571015268,celltype,Brain
2778,MERFISH,Mouse Primary Motor Cortex,mouse1_slice10,SpaGCN,0.5387152557516417,0.7433952027286802,0.5848618002053867,0.8241848947585637,0.7789576621134315,0.7109381019081003,0.7433952027286802,16.280764722824095,141.8508783340454,0.7837391663227404,0.0922068762898557,-0.3592981129737808,celltype,Brain
2779,MERFISH,Mouse Primary Motor Cortex,mouse1_slice10,SpaceFlow,0.1757500629592812,0.33949251741005615,0.24112686645098602,0.49310771770532397,0.363654499901122,0.31834754443152613,0.33949251741005615,36.89182262420654,104.39039707183838,0.39182831200990503,0.05301766303551751,-0.17106151619706206,celltype,Brain
2780,MERFISH,Mouse Primary Motor Cortex,mouse1_slice10,SpatialMGCN,0.5747837054326036,0.802111596790823,0.6145036439175166,0.8609162195625257,0.8347485121368864,0.771930725112445,0.8021115967908228,38.80599312782287,78.9293369293213,0.7849773008666941,0.09934834439615,-0.2565862401079786,celltype,Brain
2781,MERFISH,Mouse Primary Motor Cortex,mouse1_slice10,stLearn,0.6813132504349717,0.8354788938741702,0.7176518512352299,0.8956665290961616,0.873230217056064,0.8009630231974059,0.8354788938741704,1.1842132091522217,25.600355911254884,0.766240198101527,0.11082983373254918,-0.1624387098420852,celltype,Brain
2782,MERFISH,Mouse Primary Motor Cortex,mouse1_slice102,BASS,0.7206910852283479,0.8532987121506255,0.7442870682579017,0.8866438864953201,0.8726426739895301,0.8347937513563439,0.8532987121506255,980.2355680942535,2044.2599999999998,0.7392660823057495,0.0627366727592704,-0.249957792329578,celltype,Brain
2783,MERFISH,Mouse Primary Motor Cortex,mouse1_slice102,Banksy,0.689029373387018,0.8561263198230706,0.717892612606462,0.9102659337394148,0.8905003993859946,0.8243073488131282,0.8561263198230709,13.893390417098999,192.90823783874512,0.7221809537958699,0.0611810218529454,-0.2510559551498077,celltype,Brain
2784,MERFISH,Mouse Primary Motor Cortex,mouse1_slice102,CCST,0.17692673374706042,0.32216877588753934,0.23442828503761004,0.4468578220175308,0.32491666078297987,0.31951431534859126,0.32216877588753934,1018.3880884647369,3028.7410915374758,0.10658148863467531,0.0260220446695894,-0.2545950799228225,celltype,Brain
2785,MERFISH,Mouse Primary Motor Cortex,mouse1_slice102,CellCharter,0.46724691434562315,0.6868888250323394,0.5072121113641233,0.7506165502897044,0.7124671365970745,0.663123945571647,0.6868888250323394,17.683863592147826,173.35637969970702,0.6797206952904472,0.05523772117856525,-0.22923317709167845,celltype,Brain
2786,MERFISH,Mouse Primary Motor Cortex,mouse1_slice102,DeepST,0.5566472974656256,0.6868413503477735,0.5891913255420318,0.8044867033130293,0.7024921891482869,0.6719030799950556,0.6868413503477735,282.3480766296387,1076.6734912872314,0.5006685485069082,0.05302807363170155,-0.24391076865507572,celltype,Brain
2787,MERFISH,Mouse Primary Motor Cortex,mouse1_slice102,GraphST,0.2712265098734727,0.3876050968590828,0.320797090583829,0.5262219581042936,0.4016392757370545,0.3745185761709338,0.3876050968590829,22.81124954223633,1453.1241212844848,0.2938642103699301,0.0286757050373522,-0.1786283568882264,celltype,Brain
2788,MERFISH,Mouse Primary Motor Cortex,mouse1_slice102,PRECAST,0.668500027523178,0.8071658033658886,0.6994501048851599,0.8500965681176644,0.8409096680431212,0.776025594560974,0.8071658033658886,110.90894203186035,134.95999999999998,0.7281236071906106,0.0654053014025013,-0.2417940064297554,celltype,Brain
2789,MERFISH,Mouse Primary Motor Cortex,mouse1_slice102,SEDR,0.43363822959622284,0.6569475362739317,0.4773819253551544,0.6920517010845343,0.6886495390983122,0.6280623810707311,0.6569475362739317,37.12613615989685,1078.03692779541,0.6475115138909523,0.04225309982491594,-0.22964176267435218,celltype,Brain
2790,MERFISH,Mouse Primary Motor Cortex,mouse1_slice102,STAGATE,0.21061390556111154,0.3636382675622441,0.2627186472153876,0.481146932105185,0.38189436104059926,0.34704910067069816,0.3636382675622441,65.96276531219482,553.7047204971313,0.2160154508988263,0.029272149621121478,-0.13095315763746765,celltype,Brain
2791,MERFISH,Mouse Primary Motor Cortex,mouse1_slice102,SpaGCN,0.6240545426617649,0.7605057099329355,0.6536296791211516,0.834199970286733,0.7809292212549054,0.7411232378381665,0.7605057099329354,49.872336292266844,949.0638568878173,0.711632744020205,0.0551944464026017,-0.3401844578506099,celltype,Brain
2792,MERFISH,Mouse Primary Motor Cortex,mouse1_slice102,SpaceFlow,0.19462950561576617,0.33505630061174807,0.24725604058124775,0.4627247065814887,0.3536783702543215,0.31829938846653355,0.33505630061174807,144.9155996799469,679.406907081604,0.17747734363393253,0.028866339878681778,-0.09346300646666458,celltype,Brain
2793,MERFISH,Mouse Primary Motor Cortex,mouse1_slice102,SpatialMGCN,0.5966377719036963,0.8131755318285002,0.6286753290374233,0.8613876095676719,0.8426900407442958,0.7856585044366893,0.8131755318285002,58.88393397331238,551.5342266082764,0.7643737928985292,0.06204677772569069,-0.2659146461487432,celltype,Brain
2794,MERFISH,Mouse Primary Motor Cortex,mouse1_slice102,stLearn,0.7110680136054297,0.8548749659749213,0.7380723794800204,0.9058386569603328,0.886353037650047,0.8255571086129277,0.8548749659749213,2.2299656867980957,72.31633682250977,0.7493983063437825,0.06525493588031622,-0.2518050181409093,celltype,Brain
2795,MERFISH,Mouse Primary Motor Cortex,mouse1_slice21,BASS,0.6153258590850266,0.8231771037231873,0.6597880528451779,0.8730939498278406,0.8620437283817729,0.7876640080972146,0.8231771037231871,424.79838809967043,1878.6200000000001,0.7747171667486473,0.1249769373822999,-0.1892443656873219,celltype,Brain
2796,MERFISH,Mouse Primary Motor Cortex,mouse1_slice21,Banksy,0.5854881291979457,0.8084309838670395,0.640454837399857,0.8844072798819479,0.8672682928848163,0.7570697746057944,0.8084309838670393,10.471935367584228,57.70145816802979,0.7673389080177078,0.1212747982835948,-0.2276230226725903,celltype,Brain
2797,MERFISH,Mouse Primary Motor Cortex,mouse1_slice21,CCST,0.20954142546993199,0.33224915567049484,0.28333611647752116,0.4855878012788981,0.3317386583191514,0.33278832542249104,0.33224915567049484,161.1472004890442,299.01802864074705,0.1285784554845056,0.047807814433948805,-0.3237301138558559,celltype,Brain
2798,MERFISH,Mouse Primary Motor Cortex,mouse1_slice21,CellCharter,0.3815583177343418,0.6398697121705995,0.4434850348458311,0.7246433841613379,0.686139982112484,0.5994831904732691,0.6398697121705995,11.329158067703247,52.22509326934814,0.7483521888834235,0.10534021885557421,-0.19812082147701762,celltype,Brain
2799,MERFISH,Mouse Primary Motor Cortex,mouse1_slice21,DeepST,0.47862381265734466,0.6867220620323404,0.5331336084087714,0.8233152975897688,0.727442890931552,0.6503520484791248,0.6867220620323404,121.94803466796876,108.10463199615478,0.5678307919331038,0.10512120553208819,-0.20032574933642971,celltype,Brain
2800,MERFISH,Mouse Primary Motor Cortex,mouse1_slice21,GraphST,0.2560114518059567,0.3949967602210792,0.3204361494614414,0.5538612887358584,0.41673988222672886,0.3754099970707983,0.3949967602210792,14.55054874420166,147.006925201416,0.3123462862764387,0.0489679430093205,-0.2370074753230389,celltype,Brain
2801,MERFISH,Mouse Primary Motor Cortex,mouse1_slice21,PRECAST,0.5720890904649473,0.8061409000109572,0.6290761850002029,0.8745696015740286,0.8663570526795571,0.7537514037172213,0.8061409000109572,33.595175981521606,157.11999999999998,0.7678307919331038,0.1287439070928417,-0.2089536285053249,celltype,Brain
2802,MERFISH,Mouse Primary Motor Cortex,mouse1_slice21,SEDR,0.3468558831924814,0.5381356073867789,0.40885545319918826,0.6482046237088047,0.5749537369936053,0.5057655267730025,0.5381356073867789,22.199922561645508,106.8300220489502,0.5412690605017216,0.06742054089077128,-0.20794632483664216,celltype,Brain
2803,MERFISH,Mouse Primary Motor Cortex,mouse1_slice21,STAGATE,0.18235799644706502,0.3815065793279181,0.24964482822783643,0.52926709296606,0.41136684174303023,0.3556879337339596,0.3815065793279181,30.283142805099487,58.6860876083374,0.31913428430890306,0.05642214089643124,-0.15424547468975908,celltype,Brain
2804,MERFISH,Mouse Primary Motor Cortex,mouse1_slice21,SpaGCN,0.4903678519507788,0.7150207347111108,0.5475232152056358,0.8175110673880963,0.7616424348633271,0.6737774321171168,0.7150207347111107,6.783954286575318,103.95615577697754,0.7939006394490901,0.1119352071443402,-0.20586996686012032,celltype,Brain
2805,MERFISH,Mouse Primary Motor Cortex,mouse1_slice21,SpaceFlow,0.16502473887888627,0.3408105709802895,0.23274577383125877,0.4969995081160846,0.3715565841238373,0.31476497151792265,0.34081057098028944,30.506908416748047,78.13071155548096,0.344023610427939,0.05708965845485588,-0.13695557834780328,celltype,Brain
2806,MERFISH,Mouse Primary Motor Cortex,mouse1_slice21,SpatialMGCN,0.5985668628218992,0.8318860714580751,0.6503877297440085,0.9212985735366452,0.8878120845313472,0.7825884205251269,0.8318860714580751,40.056463670730594,57.177322196960446,0.7820954254795868,0.11952338219043739,-0.23947458712563244,celltype,Brain
2807,MERFISH,Mouse Primary Motor Cortex,mouse1_slice21,stLearn,0.6121303786880505,0.8330939685991989,0.6628808095468328,0.9035907525823905,0.8876632687317857,0.7848500930312616,0.8330939685991989,1.1380244255065919,21.51316566467285,0.7989178553861289,0.1260652661066067,-0.22865074386168516,celltype,Brain
2808,MERFISH,Mouse Primary Motor Cortex,mouse1_slice31,BASS,0.6778748477649913,0.8211341308177669,0.7078768470300488,0.8580167417900837,0.8433446867247832,0.8000634415984014,0.8211341308177669,459.36396803855894,903.4,0.7649710238248552,0.0911488642028695,-0.1923916551529046,celltype,Brain
2809,MERFISH,Mouse Primary Motor Cortex,mouse1_slice31,Banksy,0.6419859077097607,0.8165446030616025,0.68076872411218,0.8831294269156471,0.8572632701226027,0.779518682543867,0.8165446030616023,12.372460174560548,87.7169231414795,0.7356728911783644,0.0921393201996657,-0.23107251914630397,celltype,Brain
2810,MERFISH,Mouse Primary Motor Cortex,mouse1_slice31,CCST,0.2190753655034121,0.32095367369139305,0.2846000961813438,0.4560849967804249,0.3208111154094029,0.3213467834116509,0.32095367369139305,286.6563745975494,668.6652715682983,0.13908564069542817,0.037093448236502034,-0.317036475918236,celltype,Brain
2811,MERFISH,Mouse Primary Motor Cortex,mouse1_slice31,CellCharter,0.46475680728255375,0.6745731792323906,0.5132868929556104,0.7495170637475853,0.7086590022392808,0.6436263527537912,0.6745731792323906,10.492067289352416,79.63111896514893,0.7246619446233098,0.08383436032159308,-0.16565585287648604,celltype,Brain
2812,MERFISH,Mouse Primary Motor Cortex,mouse1_slice31,DeepST,0.5139594952944977,0.6663367507132487,0.5553153411157259,0.7860914359304572,0.6842300441020777,0.6493596255558798,0.6663367507132487,144.83652329444885,238.4572555541992,0.5140373470701867,0.07847077532518967,-0.2274265427708738,celltype,Brain
2813,MERFISH,Mouse Primary Motor Cortex,mouse1_slice31,GraphST,0.2733447561946326,0.3804217090982535,0.3312840873071411,0.5264005151320026,0.3930885245936344,0.3685457554791886,0.3804217090982535,21.059461307525634,325.95328216552736,0.2897617514488088,0.0382560981985347,-0.1928152056230604,celltype,Brain
2814,MERFISH,Mouse Primary Motor Cortex,mouse1_slice31,PRECAST,0.6126684974493257,0.7875814905346551,0.6544696491812845,0.851577591757888,0.8296321063081447,0.7495879800407264,0.7875814905346552,47.482125997543335,152.44,0.7710882163554411,0.0938885796786782,-0.21285791403595108,celltype,Brain
2815,MERFISH,Mouse Primary Motor Cortex,mouse1_slice31,SEDR,0.36227359787966046,0.5916178927205291,0.4174630045192079,0.6608499678042499,0.626884639961933,0.5601092528172766,0.591617892720529,24.8311589717865,239.26851024627686,0.6385705086928526,0.056992279650489516,-0.21046787249427962,celltype,Brain
2816,MERFISH,Mouse Primary Motor Cortex,mouse1_slice31,STAGATE,0.22432884168105147,0.3791042788026705,0.28419922868089864,0.5144236960721185,0.399976068623408,0.36030573555810796,0.3791042788026706,31.531066131591796,126.7571533203125,0.3311010946555054,0.044602987495564385,-0.1993717044082098,celltype,Brain
2817,MERFISH,Mouse Primary Motor Cortex,mouse1_slice31,SpaGCN,0.5802110137694954,0.7506909488474048,0.6197299123599453,0.8303283966516419,0.7808964759888706,0.7227351359622783,0.750690948847405,6.78606424331665,221.8590925216675,0.7887958789439794,0.0824253432716078,-0.2402363424883831,celltype,Brain
2818,MERFISH,Mouse Primary Motor Cortex,mouse1_slice31,SpaceFlow,0.18253977423923304,0.33292158629450413,0.2438720271825067,0.4743721828718609,0.3532410680672292,0.31481681826397034,0.33292158629450413,30.168353843688966,145.43722019195556,0.3581455247907276,0.04433366284031742,-0.1985361009086713,celltype,Brain
2819,MERFISH,Mouse Primary Motor Cortex,mouse1_slice31,SpatialMGCN,0.6433324524043231,0.8145738496868423,0.6759915683306427,0.8792659368963298,0.8444340686066146,0.7867532933535875,0.8145738496868423,42.24138770103455,125.30839862823487,0.7797810688989053,0.0875739322976634,-0.24693146763659263,celltype,Brain
2820,MERFISH,Mouse Primary Motor Cortex,mouse1_slice31,stLearn,0.6537104911481547,0.8241506214164117,0.6865947191404584,0.8786864133934321,0.8535301604940873,0.796757054387977,0.8241506214164117,1.4193973541259766,32.541363906860354,0.7835157759175788,0.09167222533991416,-0.20735346359764967,celltype,Brain
2821,MERFISH,Mouse Primary Motor Cortex,mouse1_slice40,BASS,0.7526601412876539,0.8675106899105562,0.7771874814962968,0.910074537148353,0.8934904959562606,0.8429990124617254,0.8675106899105562,641.5198239326477,1383.2599999999998,0.7557105073334937,0.0832580193441067,-0.2212704269972004,celltype,Brain
2822,MERFISH,Mouse Primary Motor Cortex,mouse1_slice40,Banksy,0.6601129076926452,0.8445605632704334,0.6974647180996653,0.9074296705938927,0.8888744668754835,0.8044552891657842,0.8445605632704336,14.984764909744262,116.17922916412354,0.787689348401058,0.0838209154688021,-0.2342901677129848,celltype,Brain
2823,MERFISH,Mouse Primary Motor Cortex,mouse1_slice40,CCST,0.17575308482692065,0.3009740656693679,0.23730345227251154,0.4369800432796345,0.3069597092935426,0.2952284238605337,0.3009740656693679,444.7538945198059,1178.7092525482178,0.13291656648232747,0.03433534236929212,-0.26693197765127696,celltype,Brain
2824,MERFISH,Mouse Primary Motor Cortex,mouse1_slice40,CellCharter,0.43990617898050843,0.6562110374151295,0.4862659023174176,0.7317143544121183,0.6876645722537511,0.6275422052238524,0.6562110374151295,12.665799713134765,106.32074947357178,0.756287569127194,0.0747759794532674,-0.18180827424446827,celltype,Brain
2825,MERFISH,Mouse Primary Motor Cortex,mouse1_slice40,DeepST,0.5613891221686665,0.7004201242449004,0.5973298840344412,0.8230824717480164,0.7216626144636853,0.68042237318402,0.7004201242449005,164.38280906677247,418.9486888885498,0.5657610002404424,0.07225137470887154,-0.22484136540057933,celltype,Brain
2826,MERFISH,Mouse Primary Motor Cortex,mouse1_slice40,GraphST,0.298192539726205,0.3793354003674359,0.3507389537811147,0.5193556143303679,0.3978208635683899,0.3624915761605639,0.3793354003674359,19.085310077667238,569.1541841506958,0.3452753065640779,0.0356504117211653,-0.1805620584763182,celltype,Brain
2827,MERFISH,Mouse Primary Motor Cortex,mouse1_slice40,PRECAST,0.6784578443115161,0.8082726875728363,0.7133977837154669,0.8646309208944458,0.8504761277563894,0.7700597730544714,0.8082726875728363,68.2352080821991,147.94,0.7614811252704977,0.0880907069204011,-0.20011240393265242,celltype,Brain
2828,MERFISH,Mouse Primary Motor Cortex,mouse1_slice40,SEDR,0.457433243013076,0.6539981178273868,0.5035571788245807,0.7190670834335177,0.6872594786157867,0.623808777368797,0.6539981178273868,24.58844423294067,420.1461133956909,0.6515027650877615,0.05677794160417474,-0.2170389700426376,celltype,Brain
2829,MERFISH,Mouse Primary Motor Cortex,mouse1_slice40,STAGATE,0.2146709041504203,0.366965528211299,0.2714005781050514,0.48627073815821104,0.3912465020060513,0.34552232797223603,0.36696552821129896,44.60891156196594,219.1441909790039,0.3057465736955999,0.03879643913199502,-0.18975022873625108,celltype,Brain
2830,MERFISH,Mouse Primary Motor Cortex,mouse1_slice40,SpaGCN,0.6215064634329263,0.769987713661603,0.6577091688088559,0.856936763645107,0.8050297459419713,0.7378691078268579,0.7699877136616031,7.731195640563965,379.3151647567749,0.8006732387593172,0.0768645614215492,-0.22390054402834186,celltype,Brain
2831,MERFISH,Mouse Primary Motor Cortex,mouse1_slice40,SpaceFlow,0.1696658615026335,0.32203945351933216,0.22737324999958614,0.4656888675162299,0.3442381066743877,0.3025306415220478,0.32203945351933216,44.21999688148499,250.31629791259766,0.3357056984852128,0.04002622026533298,-0.15703909236573924,celltype,Brain
2832,MERFISH,Mouse Primary Motor Cortex,mouse1_slice40,SpatialMGCN,0.6500947884381483,0.8352428820671836,0.6852540424263908,0.8930031257513825,0.8752661733207411,0.7987198252307501,0.8352428820671836,47.338490629196166,217.56910934448243,0.8030776628997355,0.0811600819324978,-0.2229442911427712,celltype,Brain
2833,MERFISH,Mouse Primary Motor Cortex,mouse1_slice40,stLearn,0.7221439263373631,0.8624689409990275,0.7497574548389674,0.9199326761240684,0.894094787905685,0.8330489459804633,0.8624689409990275,1.6798423767089843,42.74941501617432,0.7765809088723251,0.08641338603963432,-0.23334671667470253,celltype,Brain
2834,MERFISH,Mouse Primary Motor Cortex,mouse1_slice50,BASS,0.6842590992554125,0.8467438303010795,0.7187554370239981,0.8938193343898574,0.8807899005501246,0.8152318425245244,0.8467438303010795,479.32787399291993,1288.28,0.7674892460946343,0.0766829111817688,-0.2443595509844289,celltype,Brain
2835,MERFISH,Mouse Primary Motor Cortex,mouse1_slice50,Banksy,0.6682255103690975,0.8500707851596628,0.7070277180722091,0.9232510753905364,0.8938444200416461,0.810384381961667,0.850070785159663,12.269238090515136,121.32927837371827,0.7631876839483812,0.0758348428249742,-0.2467328594548078,celltype,Brain
2836,MERFISH,Mouse Primary Motor Cortex,mouse1_slice50,CCST,0.22325077540641533,0.3084717112597217,0.28470228840530293,0.4552863934797373,0.31728196374088286,0.3001458132660084,0.3084717112597217,489.72181234359743,1324.5266227722168,0.12456418383518222,0.03129695153844164,-0.3212241109908375,celltype,Brain
2837,MERFISH,Mouse Primary Motor Cortex,mouse1_slice50,CellCharter,0.389158008547569,0.6352531262835611,0.44297793174403255,0.7154629839257415,0.6704785973647251,0.6035959786302351,0.6352531262835611,14.819751119613647,112.48667068481446,0.7426307448494454,0.06567777483470498,-0.17058608899586047,celltype,Brain
2838,MERFISH,Mouse Primary Motor Cortex,mouse1_slice50,DeepST,0.5078084844407498,0.6806390172593342,0.554334286428308,0.8142630744849445,0.7139523692396977,0.650407729696516,0.6806390172593341,138.73116760253907,470.2592615127563,0.5632782431514602,0.06493447397943224,-0.23615270356004117,celltype,Brain
2839,MERFISH,Mouse Primary Motor Cortex,mouse1_slice50,GraphST,0.2487892003627016,0.3751029541937701,0.3081782820717312,0.5392800543355218,0.3956728358114897,0.3565661172975548,0.3751029541937702,20.247921800613405,638.0551839828491,0.3380122254924156,0.0333590439627677,-0.1687039121868867,celltype,Brain
2840,MERFISH,Mouse Primary Motor Cortex,mouse1_slice50,PRECAST,0.567243404857518,0.7847958736076313,0.620489429910625,0.8639347973737831,0.8392273384910925,0.7369950922874533,0.7847958736076315,75.08563199043274,147.38000000000002,0.7625084899252886,0.0800021108688516,-0.2218083926767981,celltype,Brain
2841,MERFISH,Mouse Primary Motor Cortex,mouse1_slice50,SEDR,0.4440311778585226,0.6397157798696947,0.49657055011444823,0.7304958116368576,0.6773685964283969,0.6060309274676433,0.6397157798696947,30.356004762649537,471.6929834365845,0.6404346841747792,0.05369692328923342,-0.22114644888523896,celltype,Brain
2842,MERFISH,Mouse Primary Motor Cortex,mouse1_slice50,STAGATE,0.20475329001015657,0.35133717189678276,0.2659496053039859,0.4958116368575956,0.374436640759223,0.3309255897365733,0.3513371718967827,60.368563652038574,245.06985263824464,0.26905139234774733,0.03629810337165556,-0.2101426603099171,celltype,Brain
2843,MERFISH,Mouse Primary Motor Cortex,mouse1_slice50,SpaGCN,0.5528320463975339,0.7312983272071,0.59731104974969,0.8281639121575729,0.7642435278514105,0.7010761611634967,0.7312983272070999,40.19532871246338,422.9670686721802,0.793298618972153,0.0690694092465271,-0.2470081603762584,celltype,Brain
2844,MERFISH,Mouse Primary Motor Cortex,mouse1_slice50,SpaceFlow,0.163399131698927,0.31522886234239306,0.2254235237356068,0.47213040525243377,0.3378594403890276,0.295439989684048,0.31522886234239306,41.782890224456786,271.989998626709,0.2935023771790808,0.03602438399669626,-0.21211911534761985,celltype,Brain
2845,MERFISH,Mouse Primary Motor Cortex,mouse1_slice50,SpatialMGCN,0.5931439129588308,0.8223192082012757,0.6378599456350567,0.8874801901743264,0.8683042513597604,0.7809598873540249,0.8223192082012755,52.14436073303223,243.67565307617187,0.8032601313108445,0.0734976137404407,-0.2488664327614139,celltype,Brain
2846,MERFISH,Mouse Primary Motor Cortex,mouse1_slice50,stLearn,0.6464583311650444,0.8387611683365028,0.6866819453240185,0.9011093502377179,0.8801823735826332,0.8011097784802257,0.8387611683365026,1.6947489261627198,44.38622531890869,0.7938872537921666,0.07940811986724652,-0.2204959771643642,celltype,Brain
2847,MERFISH,Mouse Primary Motor Cortex,mouse1_slice62,BASS,0.7099926029903546,0.8589448551174726,0.7382121788912281,0.9165101231475685,0.8931402661761452,0.8272713488364921,0.8589448551174724,518.7175220012665,1461.46,0.7814652473387602,0.0808846429196097,-0.2425047662445409,celltype,Brain
2848,MERFISH,Mouse Primary Motor Cortex,mouse1_slice62,Banksy,0.6509938590014598,0.8425146024364045,0.6846586814014709,0.902108119390524,0.8813870324638927,0.8069261719282499,0.8425146024364045,14.717955255508423,138.13839359283446,0.7891880609476101,0.0775344531123914,-0.22675671259065838,celltype,Brain
2849,MERFISH,Mouse Primary Motor Cortex,mouse1_slice62,CCST,0.17199309970280136,0.29574096123879007,0.23204623775501862,0.4347735337090378,0.3009289741485033,0.2907416906257704,0.29574096123879007,563.5269690513611,1547.9627687454224,0.12427468169484446,0.032329631484080516,-0.31486865180157,celltype,Brain
2850,MERFISH,Mouse Primary Motor Cortex,mouse1_slice62,CellCharter,0.47354047609640054,0.6912353823298018,0.5169108538192944,0.748945940304738,0.7246440195831958,0.6608015579994407,0.6912353823298018,14.656275415420533,123.58400840759278,0.7443539970778543,0.07110534532834381,-0.21583400053033577,celltype,Brain
2851,MERFISH,Mouse Primary Motor Cortex,mouse1_slice62,DeepST,0.5580512617402305,0.7044903895577599,0.5936374017570907,0.8171989146316008,0.7305250537249364,0.680252598228164,0.7044903895577599,182.31393117904662,553.9489467620849,0.5707367981632228,0.06745988321895721,-0.21263413461589137,celltype,Brain
2852,MERFISH,Mouse Primary Motor Cortex,mouse1_slice62,GraphST,0.2218103949084139,0.3534220011414442,0.2762763841289883,0.5001043623460656,0.3724349810877918,0.3362559763075218,0.3534220011414442,20.6128689289093,751.2140623092652,0.3235232728031726,0.0336237438193006,-0.1737430055018695,celltype,Brain
2853,MERFISH,Mouse Primary Motor Cortex,mouse1_slice62,PRECAST,0.6171876500240319,0.7977357832468815,0.6560561292008569,0.8476309747443123,0.8402616385026389,0.7593070598105481,0.7977357832468814,81.54748797416687,143.8,0.7977457733249843,0.08166531164791,-0.1881608709602018,celltype,Brain
2854,MERFISH,Mouse Primary Motor Cortex,mouse1_slice62,SEDR,0.43237238378007037,0.6479537708171896,0.48050885422895445,0.7051972448340639,0.6857757264522044,0.6140869979463414,0.6479537708171896,30.885611724853515,554.8597942352295,0.7042788561886871,0.05480297447923712,-0.20225011856910644,celltype,Brain
2855,MERFISH,Mouse Primary Motor Cortex,mouse1_slice62,STAGATE,0.17979245041931854,0.34284011744218235,0.2355943735955563,0.4629096222083072,0.3639923499397452,0.3240123066765148,0.34284011744218235,43.5951189994812,288.2783420562744,0.2950949697349196,0.03741795026539516,-0.16494576069177821,celltype,Brain
2856,MERFISH,Mouse Primary Motor Cortex,mouse1_slice62,SpaGCN,0.5877157394803251,0.749434313326208,0.623810135426592,0.8384470882905448,0.7797731161715317,0.7213678951637426,0.749434313326208,19.163897657394408,498.98293285369874,0.7871008140262993,0.0714956095842009,-0.2819808298658576,celltype,Brain
2857,MERFISH,Mouse Primary Motor Cortex,mouse1_slice62,SpaceFlow,0.168179819176853,0.3110107816339128,0.2244618102961727,0.4552285535378835,0.32779872049223524,0.2958596177657249,0.3110107816339128,42.1294198513031,317.6500244140625,0.2700062617407639,0.037114106858754284,-0.23779487796575127,celltype,Brain
2858,MERFISH,Mouse Primary Motor Cortex,mouse1_slice62,SpatialMGCN,0.5950547847832275,0.8172462947004867,0.632016235367404,0.8653725735754539,0.8561474431494076,0.7817266371892646,0.8172462947004867,47.6467251777649,286.3895629882812,0.8134001252348153,0.0757111882587527,-0.2590725073442619,celltype,Brain
2859,MERFISH,Mouse Primary Motor Cortex,mouse1_slice62,stLearn,0.6955001650971457,0.8494572955351625,0.7246059647072303,0.9003548319766228,0.88271094643827,0.8186831176036093,0.8494572955351625,1.736970567703247,51.95315036773682,0.7921519515758714,0.08101088925793332,-0.21840949741126234,celltype,Brain
2860,MERFISH,Mouse Primary Motor Cortex,mouse1_slice71,BASS,0.7056921175451543,0.8516806878443436,0.7346824188430239,0.8971637376022272,0.8876763404091358,0.8184905485210943,0.8516806878443436,828.5025260448456,1686.56,0.7795371498172959,0.073280808090285,-0.22787839613405342,celltype,Brain
2861,MERFISH,Mouse Primary Motor Cortex,mouse1_slice71,Banksy,0.6464931987299863,0.8427491424634589,0.6815976334973021,0.8931616495562903,0.882216180155212,0.8066621100359892,0.8427491424634589,14.664026165008545,165.51867961883545,0.7864973029406647,0.0689799486346025,-0.26702249584312,celltype,Brain
2862,MERFISH,Mouse Primary Motor Cortex,mouse1_slice71,CCST,0.1731777380357181,0.29054541534958267,0.2364649907990155,0.4104054289194362,0.2880833482127935,0.29307386016783044,0.29054541534958267,770.7108129024506,2209.3109952926634,0.11818340003480074,0.028606031032922065,-0.3398401066854494,celltype,Brain
2863,MERFISH,Mouse Primary Motor Cortex,mouse1_slice71,CellCharter,0.5285429499243929,0.7223652883573933,0.5676186067682923,0.7791891421611276,0.7543573746575587,0.6929858493949148,0.7223652883573933,15.452316570281983,148.13683280944824,0.7402470854358796,0.06544430455503972,-0.21387457031192686,celltype,Brain
2864,MERFISH,Mouse Primary Motor Cortex,mouse1_slice71,DeepST,0.5347348744527072,0.6900745252317236,0.5712402238038331,0.8010092222028884,0.714816779950084,0.6669897873415023,0.6900745252317236,244.84042143821716,790.1385808944702,0.5616843570558553,0.06128146622064812,-0.2420373133652483,celltype,Brain
2865,MERFISH,Mouse Primary Motor Cortex,mouse1_slice71,GraphST,0.2509882777269329,0.3533492441786685,0.3029863179821083,0.4969549330085261,0.3694971761714868,0.3385536213536542,0.3533492441786685,28.705390548706056,1068.634786605835,0.2985905689925178,0.0315800738404847,-0.226279189375433,celltype,Brain
2866,MERFISH,Mouse Primary Motor Cortex,mouse1_slice71,PRECAST,0.6271817943005752,0.8033036610887428,0.6653155368105018,0.8524447537845832,0.8456954109405986,0.7649589474622476,0.8033036610887428,97.95626802444458,139.2,0.7837132416913172,0.073013567015344,-0.23393681611137512,celltype,Brain
2867,MERFISH,Mouse Primary Motor Cortex,mouse1_slice71,SEDR,0.44181653441866847,0.6483121294732785,0.48532476907477584,0.6870715155733427,0.677857993766691,0.6212358953646502,0.6483121294732785,29.10345587730408,791.2281211853027,0.6788585348877676,0.04854434656684918,-0.23327167060128334,celltype,Brain
2868,MERFISH,Mouse Primary Motor Cortex,mouse1_slice71,STAGATE,0.16523234005536241,0.34214636644291235,0.2209240942158742,0.45961371150165303,0.35955248477916246,0.3263484720849236,0.34214636644291235,55.88883008956909,408.36791095733645,0.25359317904993905,0.03295866105964344,-0.1906845308000352,celltype,Brain
2869,MERFISH,Mouse Primary Motor Cortex,mouse1_slice71,SpaGCN,0.5988324112452698,0.7573727646264853,0.6310320050953065,0.8103358273882024,0.7804276372832409,0.7356409503976198,0.7573727646264854,47.13828077316284,703.1173742294311,0.7426483382634418,0.0650775495273937,-0.2445186665311198,celltype,Brain
2870,MERFISH,Mouse Primary Motor Cortex,mouse1_slice71,SpaceFlow,0.1562682201220582,0.3055455185894459,0.21148939546136822,0.4425961371150165,0.3234625874545688,0.28953420687957865,0.30554551858944595,110.99049863815307,504.7214359283447,0.2301374630241865,0.03209865618903886,-0.20183068985331537,celltype,Brain
2871,MERFISH,Mouse Primary Motor Cortex,mouse1_slice71,SpatialMGCN,0.638947878869195,0.8263147186093563,0.6726121279640889,0.879241343309553,0.8637616788849586,0.7919797454429516,0.8263147186093563,58.252571201324464,406.3283992767334,0.7870193144249173,0.0699384644359401,-0.2303887937351739,celltype,Brain
2872,MERFISH,Mouse Primary Motor Cortex,mouse1_slice71,stLearn,0.7286892769212618,0.8646032720863246,0.7529850042616336,0.9097616147555246,0.8917323180396923,0.8391646776314525,0.8646032720863246,2.0266611576080322,62.182973289489745,0.7991299808595789,0.072154670195378,-0.23427001544970222,celltype,Brain
2873,MERFISH,Mouse Primary Motor Cortex,mouse1_slice81,BASS,0.7573533650361969,0.8696408885242276,0.7785350114976786,0.9138946968256987,0.8943364941885752,0.8462724899056984,0.8696408885242276,793.7056780338287,1711.7599999999998,0.7652537540391561,0.0776338378145486,-0.2555203928140611,celltype,Brain
2874,MERFISH,Mouse Primary Motor Cortex,mouse1_slice81,Banksy,0.6814553595210994,0.8434529567755472,0.711259728120069,0.8969777608819616,0.8786542743104633,0.8109635179384282,0.8434529567755474,13.551642513275146,152.09221725463868,0.7656339099030602,0.0747172272322944,-0.2642845202718128,celltype,Brain
2875,MERFISH,Mouse Primary Motor Cortex,mouse1_slice81,CCST,0.1869662021946903,0.29654763791396826,0.24813107303117046,0.4139137046188937,0.29197811210962243,0.3013637410147617,0.29654763791396826,659.6563196659088,1870.463815307617,0.1086105303174301,0.03075526855147086,-0.3170861616704034,celltype,Brain
2876,MERFISH,Mouse Primary Motor Cortex,mouse1_slice81,CellCharter,0.5383336921921963,0.6997401954645773,0.573707640535116,0.7586390420072229,0.7232007917600309,0.6778056172935747,0.6997401954645773,14.218758010864258,135.76733436584473,0.7606158524995248,0.06871886793815203,-0.23897367324517563,celltype,Brain
2877,MERFISH,Mouse Primary Motor Cortex,mouse1_slice81,DeepST,0.5671740223926327,0.6984932238998806,0.6000978097032449,0.8178673256034974,0.7207524092061586,0.6775972586095466,0.6984932238998807,231.76924614906312,665.0706865310669,0.5601596654628398,0.06387121132019194,-0.2261676347882839,celltype,Brain
2878,MERFISH,Mouse Primary Motor Cortex,mouse1_slice81,GraphST,0.2481026227608894,0.3780634510164877,0.2998208822881227,0.5312678198061205,0.3903757920282619,0.3665040189123875,0.3780634510164877,24.395805978775023,900.6567489624024,0.2837863524044858,0.0333913574926817,-0.1682249069346982,celltype,Brain
2879,MERFISH,Mouse Primary Motor Cortex,mouse1_slice81,PRECAST,0.6426622638799664,0.8171098843443622,0.6775826617154188,0.871317240068428,0.8564822336058956,0.7811983241796717,0.8171098843443623,87.07657999992371,141.36,0.7882531838053602,0.0775253626158424,-0.2383468334734658,celltype,Brain
2880,MERFISH,Mouse Primary Motor Cortex,mouse1_slice81,SEDR,0.4374302872289254,0.6431254276448659,0.4812645956859902,0.6958753088766395,0.6740488239294219,0.6149329046473155,0.6431254276448658,27.945320987701415,666.0180366516113,0.6946968256985364,0.05077635017216238,-0.23671697782987405,celltype,Brain
2881,MERFISH,Mouse Primary Motor Cortex,mouse1_slice81,STAGATE,0.17072434177761353,0.34036438802128255,0.225056785879445,0.4731800038015586,0.357179644753732,0.3250637030113416,0.34036438802128255,52.895860242843625,344.93459701538086,0.2565291769625547,0.03601919243024618,-0.15240537424742834,celltype,Brain
2882,MERFISH,Mouse Primary Motor Cortex,mouse1_slice81,SpaGCN,0.6420241639371917,0.775420140313444,0.6717247433833388,0.8511689792815054,0.8003383736145337,0.7520066955730133,0.7754201403134438,19.08363332748413,595.4727970123291,0.7760881961604258,0.0691860023916891,-0.2787111544920881,celltype,Brain
2883,MERFISH,Mouse Primary Motor Cortex,mouse1_slice81,SpaceFlow,0.17411682533435627,0.30768541819336204,0.22802256246411656,0.4434137996578597,0.3243526059587995,0.2926487140078598,0.30768541819336204,29.588444328308107,359.3587127685547,0.2033453716023569,0.03417594089621464,-0.10664279883168137,celltype,Brain
2884,MERFISH,Mouse Primary Motor Cortex,mouse1_slice81,SpatialMGCN,0.5826902460286467,0.8227887010441209,0.6176329136280033,0.8743584869796617,0.8579831608281069,0.7903678217236441,0.8227887010441212,61.74056673049927,342.86979999542234,0.8133434708230375,0.0701011435100616,-0.2582150214958476,celltype,Brain
2885,MERFISH,Mouse Primary Motor Cortex,mouse1_slice81,stLearn,0.7054294174188515,0.8576268101262443,0.7326245093121772,0.9083444212126972,0.8886373255583593,0.8287217247707057,0.8576268101262443,1.8328685283660888,57.291192054748535,0.7792434898308306,0.07777005420332378,-0.2265475638434828,celltype,Brain
2886,MERFISH,Mouse Primary Motor Cortex,mouse1_slice91,BASS,0.667610315098802,0.8492279995878012,0.6970426853539428,0.8680445151033387,0.8696136311486068,0.8297762428998074,0.8492279995878009,745.8327619552613,1589.5,0.7647058823529411,0.0630986094137229,-0.2697028497881298,celltype,Brain
2887,MERFISH,Mouse Primary Motor Cortex,mouse1_slice91,Banksy,0.7311847992471713,0.8702188176895149,0.7572969286849536,0.9178590355060944,0.8992126574181315,0.8430363049550376,0.8702188176895149,12.339955568313599,162.66880702972412,0.7136548313018901,0.0661207955794266,-0.2742516244393816,celltype,Brain
2888,MERFISH,Mouse Primary Motor Cortex,mouse1_slice91,CCST,0.23160636978187452,0.32768593214947644,0.29057833757200713,0.44246599540717185,0.3252275241650893,0.3302039426708913,0.32768593214947644,753.2688769340515,2152.1489406585692,0.10118353647765406,0.028761858469816336,-0.3104233521273111,celltype,Brain
2889,MERFISH,Mouse Primary Motor Cortex,mouse1_slice91,CellCharter,0.48341180966090214,0.695669953336461,0.527565807649292,0.76350468115174,0.7289027685831814,0.6653547376901253,0.695669953336461,16.341960620880126,145.92999935150146,0.7232644409114998,0.05972597012517402,-0.22899498110525088,celltype,Brain
2890,MERFISH,Mouse Primary Motor Cortex,mouse1_slice91,DeepST,0.550444665063093,0.6882580478199631,0.5856327188247097,0.8110227874933758,0.7049452617400699,0.6723665904588266,0.6882580478199631,229.7023488998413,767.0104110717773,0.5075075075075075,0.05656315594998196,-0.22180284083257762,celltype,Brain
2891,MERFISH,Mouse Primary Motor Cortex,mouse1_slice91,GraphST,0.2413906331290423,0.3911932773919865,0.2951725903609449,0.53117823706059,0.41116652762150474,0.3730706136554122,0.3911932773919865,28.91071147918701,1037.5335807800293,0.3040098922451864,0.0300628242992474,-0.1726258062721287,celltype,Brain
2892,MERFISH,Mouse Primary Motor Cortex,mouse1_slice91,PRECAST,0.6403507864148739,0.8177839811726997,0.6763497389515597,0.8717541070482246,0.8552181722407844,0.7834894639990021,0.8177839811726997,92.30889797210693,139.84,0.7420950362126832,0.0675141509150447,-0.21123309698716103,celltype,Brain
2893,MERFISH,Mouse Primary Motor Cortex,mouse1_slice91,SEDR,0.4222613288478649,0.6641921387279732,0.4700062417048677,0.707401519166225,0.6981969563726356,0.6333712884777789,0.6641921387279732,27.969566059112548,768.12276096344,0.6573043631867161,0.045110220292328584,-0.20976109003341464,celltype,Brain
2894,MERFISH,Mouse Primary Motor Cortex,mouse1_slice91,STAGATE,0.19584957358023708,0.3707803753822489,0.2512228943728864,0.48044515103338625,0.389725462161391,0.35359195659152803,0.3707803753822489,57.308107709884645,396.64744262695314,0.2579049637873167,0.03247069400486778,-0.18163256931529898,celltype,Brain
2895,MERFISH,Mouse Primary Motor Cortex,mouse1_slice91,SpaGCN,0.6114118229600063,0.7756610666388057,0.6466743165037588,0.8588588588588589,0.8055812852634924,0.7478837992317602,0.7756610666388057,20.885641527175903,682.9699369430542,0.7652358240593534,0.06021984978621671,-0.2660536851073098,celltype,Brain
2896,MERFISH,Mouse Primary Motor Cortex,mouse1_slice91,SpaceFlow,0.18373261693477078,0.3413347262820478,0.23940126068636225,0.4717541070482246,0.3617423129691848,0.32310708105100405,0.3413347262820478,36.30260348320007,412.1511297225952,0.2180886769122063,0.030275608157945944,-0.1439790496812292,celltype,Brain
2897,MERFISH,Mouse Primary Motor Cortex,mouse1_slice91,SpatialMGCN,0.6395100177667262,0.845743899906289,0.6748417821462004,0.8982511923688394,0.8825453132847375,0.8118888047935661,0.845743899906289,61.31447200775146,394.5887010574341,0.7767178943649532,0.0639807470298167,-0.2511273481481049,celltype,Brain
2898,MERFISH,Mouse Primary Motor Cortex,mouse1_slice91,stLearn,0.6746637479284191,0.8574806300503728,0.7069049737005221,0.9114644055820527,0.8915290497663356,0.825937848125681,0.8574806300503728,2.064335250854492,61.03852481842041,0.7774598127539304,0.0673841039490519,-0.22594003822750341,celltype,Brain
2899,Xenium,Mouse Brain,MultiSection1_sub1,BASS,0.48794269874766527,0.6850333542630928,0.5325200268271977,0.6837778697734934,0.6869736697878843,0.683103968475296,0.6850333542630928,3717.076641988754,5020.68,0.0490271453072328,0.0207148423856263,-0.0730812319876931,domain,Brain
2900,Xenium,Mouse Brain,MultiSection1_sub1,Banksy,0.3862347512648711,0.6686641569596217,0.44641136427226974,0.7254598143000769,0.7165668297162306,0.6267686542535291,0.6686641569596218,40.915369272232056,416.5741918563843,0.07217458158377191,0.020139262922080542,-0.02522649977392168,domain,Brain
2901,Xenium,Mouse Brain,MultiSection1_sub1,CCST,0.3351034040271626,0.6433189292995181,0.394776797960552,0.6679874622981844,0.6866570697572907,0.6051427598533782,0.6433189292995181,5703.120911121368,18783.120045089723,0.09076822993672004,0.02071749901586564,-0.07391085466395132,domain,Brain
2902,Xenium,Mouse Brain,MultiSection1_sub1,CellCharter,0.3411555586647971,0.6538690147863505,0.4059200404133426,0.7041338931929741,0.7086836713512443,0.6069315689025826,0.6538690147863505,1289.9187505722045,71.19693202972412,0.24318410314033945,0.023208844515338202,-0.05098639532903508,domain,Brain
2903,Xenium,Mouse Brain,MultiSection1_sub1,DeepST,0.3541868718238655,0.5736722194674317,0.41132573593552035,0.635164705186587,0.6067586830560634,0.5440225244500303,0.5736722194674317,581.5184380531311,6585.111415481568,0.27562836359335263,0.026890496696146998,-0.1319355291021893,domain,Brain
2904,Xenium,Mouse Brain,MultiSection1_sub1,GraphST,0.4239858507929301,0.7053355339729318,0.4867761087436421,0.7540363120231829,0.76076141135724,0.657437408922422,0.7053355339729318,76.95410628318787,10970.727537345887,0.0351292211248447,0.0195980018449604,-0.0039956635994311,domain,Brain
2905,Xenium,Mouse Brain,MultiSection1_sub1,PRECAST,0.2423431460717727,0.4352452746217719,0.3052411963108916,0.5423147436276539,0.4686130861934578,0.4063135316496703,0.435245274621772,224.8652279853821,348.76,0.5246318528594239,0.0373794545396046,-0.22885658621133337,domain,Brain
2906,Xenium,Mouse Brain,MultiSection1_sub1,SEDR,0.3170803702760402,0.6257219541582542,0.3795828012791314,0.6698917736116861,0.674115123730542,0.5838238457861042,0.625721954158254,120.61471619606019,6595.335227012634,0.20276775681589684,0.02214617183625272,-0.09518796995173892,domain,Brain
2907,Xenium,Mouse Brain,MultiSection1_sub1,STAGATE,0.369383375612711,0.6766788899480375,0.4319152015943205,0.7310426400141936,0.7301409336042866,0.630519959017277,0.6766788899480375,128.77720823287964,131.68999862670898,0.07814773197705362,0.02065577358509364,0.0016615759071184999,domain,Brain
2908,Xenium,Mouse Brain,MultiSection1_sub1,SpaGCN,0.3020840868158062,0.5262342198332878,0.3617346378847765,0.6086107989827902,0.5564946127071666,0.4990950321239894,0.5262342198332878,344.4119029521942,5481.7317724227905,0.4395883848837897,0.0292900291655121,-0.1601609931601018,domain,Brain
2909,Xenium,Mouse Brain,MultiSection1_sub1,SpaceFlow,0.41130542879401794,0.7052872539050496,0.4705562123451624,0.7406469927257674,0.7585233789322828,0.6590582686207886,0.7052872539050496,601.4292137622833,671.2017097473145,0.047690578981607404,0.020115867002156278,0.047521585621670734,domain,Brain
2910,Xenium,Mouse Brain,MultiSection1_sub1,SpatialMGCN,0.1809672665986997,0.4309635939943318,0.2451295603415411,0.5392985983795612,0.4541875060606172,0.4099991590632128,0.4309635939943317,101.90721483230591,2273.7695339202883,0.5356910521024306,0.0332741028428663,-0.2948805959191948,domain,Brain
2911,Xenium,Mouse Brain,MultiSection1_sub1,stLearn,0.22685728209807676,0.4297777572269367,0.2897614041432458,0.5239694837069016,0.4625157918215219,0.40137079437008005,0.4297777572269367,5.116626644134522,62.942653274536134,0.5993376308474777,0.03776747627024066,-0.22081146735984616,domain,Brain
2912,Xenium,Mouse Brain,MultiSection1_sub2,BASS,0.45644508028244035,0.6874522496353409,0.5083674086503854,0.5259089420242384,0.6309432504045461,0.7550792035756295,0.6874522496353407,3126.3810720920565,4194.66,0.0363576809695381,0.0206932598815386,-0.2791515042600945,domain,Brain
2913,Xenium,Mouse Brain,MultiSection1_sub2,Banksy,0.41381623929632594,0.6681997089899193,0.448729619256884,0.5598427775958074,0.6663857506306423,0.6700235698005718,0.6681997089899193,36.739531660079955,376.167134475708,0.089223714379299,0.0208015604649497,-0.1798617205879634,domain,Brain
2914,Xenium,Mouse Brain,MultiSection1_sub2,CCST,0.42093624688735465,0.667520771289565,0.45578225761083174,0.5766393711103832,0.6664644317257854,0.6686435091216787,0.667520771289565,4667.980840682983,15255.301919364929,0.08763838847035699,0.0208225016596377,-0.16156525759138585,domain,Brain
2915,Xenium,Mouse Brain,MultiSection1_sub2,CellCharter,0.3602457244345671,0.6265972832964577,0.3959353038842287,0.530533901080904,0.6437298646613194,0.6103689358756375,0.6265972832964577,1166.8089295864106,65.47118034362794,0.38739600393056006,0.02470051322857906,-0.1713998702020489,domain,Brain
2916,Xenium,Mouse Brain,MultiSection1_sub2,DeepST,0.35281126117084244,0.5562048902699182,0.39424714563573504,0.456324926301998,0.5536964802771636,0.5588023751707347,0.5562048902699182,532.2460259437561,5370.899059486389,0.33420242384539794,0.029169907743678104,-0.1679755322618882,domain,Brain
2917,Xenium,Mouse Brain,MultiSection1_sub2,GraphST,0.48612709765451945,0.700977393796497,0.5158989906074671,0.6227317392728464,0.7016576118195706,0.7002984933631624,0.7009773937964972,90.38940935134887,8944.510585784912,0.0461185718964952,0.0203163401864128,-0.1667636730710637,domain,Brain
2918,Xenium,Mouse Brain,MultiSection1_sub2,PRECAST,0.22824471942361182,0.4282413205822997,0.2704519479962071,0.4025548640681297,0.4387281276967965,0.4182441370975375,0.4282413205822996,179.50398206710815,343.86,0.5998689813298395,0.0371404347789903,-0.2195721043313164,domain,Brain
2919,Xenium,Mouse Brain,MultiSection1_sub2,SEDR,0.38366525587612604,0.6386988890005159,0.4182345572192232,0.5516410088437602,0.6525317792221792,0.625458842755412,0.6386988890005159,111.93611588478089,5379.723009681702,0.3006354405502784,0.02347881600190254,-0.17701271519738013,domain,Brain
2920,Xenium,Mouse Brain,MultiSection1_sub2,STAGATE,0.4281885635194346,0.6804596058488858,0.46090477120456946,0.5832689158205044,0.6863038659480509,0.6747259468878386,0.6804596058488858,127.37132334709167,112.85250053405761,0.10620373403209955,0.020948928721212838,-0.1703353318021214,domain,Brain
2921,Xenium,Mouse Brain,MultiSection1_sub2,SpaGCN,0.312130847650454,0.5577669242882842,0.3613178076561315,0.4306583688175564,0.5380257606407002,0.5790119471839404,0.5577669242882843,279.0640391349792,4470.504615783691,0.3363904356370782,0.0279068562114502,-0.2106434288770934,domain,Brain
2922,Xenium,Mouse Brain,MultiSection1_sub2,SpaceFlow,0.4445439554763467,0.7017531488743497,0.4763238234719542,0.6517130691123485,0.7224147344296952,0.6822432921663765,0.7017531488743497,228.62867932319642,402.6296487808228,0.07930560104814932,0.021001353003269402,-0.11513471116823566,domain,Brain
2923,Xenium,Mouse Brain,MultiSection1_sub2,SpatialMGCN,0.20231051010973838,0.4231181362228312,0.24607925952367146,0.400524074680642,0.4327892027217974,0.4138698400096225,0.4231181362228312,86.92862215042115,1861.3564149856568,0.6575171962004586,0.0367718019227409,-0.2667685690491926,domain,Brain
2924,Xenium,Mouse Brain,MultiSection1_sub2,stLearn,0.23780723891057476,0.41814647519899095,0.28187001612835016,0.38085817228955127,0.4227245491371949,0.41367816421341647,0.41814647519899095,4.432718801498413,57.02114696502686,0.6145430723878152,0.03865616226199342,-0.2209422587952692,domain,Brain
2925,Xenium,Mouse Brain,MultiSection1_sub3,BASS,0.5778359530606342,0.6971051294668226,0.6468296394094464,0.8258229140086757,0.7385617113480027,0.6600552344446288,0.6971051294668227,3501.5990060329436,5763.9400000000005,0.0392957387088543,0.018034757596954,0.1166235096657561,domain,Brain
2926,Xenium,Mouse Brain,MultiSection1_sub3,Banksy,0.4285640151100189,0.6530204284920886,0.5154970711104593,0.7945394233222761,0.6991284465495681,0.6126178460383538,0.6530204284920887,32.504854393005374,480.9629404067993,0.0349068639959173,0.0175154524391283,0.0280264067664573,domain,Brain
2927,Xenium,Mouse Brain,MultiSection1_sub3,CCST,0.48099257654467353,0.6542835728786169,0.561199233759995,0.78312834906864,0.6855051075884291,0.6259365454300607,0.6542835728786169,7523.720907878876,25029.42954597473,0.0368971676448073,0.01756882232565056,0.027840736334583522,domain,Brain
2928,Xenium,Mouse Brain,MultiSection1_sub3,CellCharter,0.4452257746512931,0.6459691145751106,0.5331198150852117,0.7927940801224802,0.7033052675409275,0.5972894353075716,0.6459691145751107,1487.927962064743,81.66754894256592,0.15260015310028066,0.0192171535329692,0.0646349376574638,domain,Brain
2929,Xenium,Mouse Brain,MultiSection1_sub3,DeepST,0.47488879765646336,0.5701122074702547,0.5571949938267027,0.7115080377647359,0.5800082609425813,0.5612020079327306,0.5701122074702547,832.7395666122436,8835.508631896973,0.18579229395253888,0.020606482848105002,-0.020473457526237797,domain,Brain
2930,Xenium,Mouse Brain,MultiSection1_sub3,GraphST,0.47368219297099323,0.6752984752861134,0.5569954028862794,0.8090329165603471,0.7301383192310691,0.6281210317109696,0.6752984752861134,81.20459146499634,14717.424467277528,0.0152589946414901,0.0172239595634514,0.0573217558511217,domain,Brain
2931,Xenium,Mouse Brain,MultiSection1_sub3,PRECAST,0.2977089414575017,0.4462219196246243,0.3983340051748982,0.6767542740495024,0.49042418049854153,0.4093288365809321,0.44622191962462415,147.4435080051422,329.02,0.4285276856340904,0.027607053526907798,-0.0441780888815915,domain,Brain
2932,Xenium,Mouse Brain,MultiSection1_sub3,SEDR,0.3860257463434661,0.6282446503716324,0.4780636285208799,0.7716662413881092,0.6739729970678199,0.5884060458179119,0.6282446503716324,89.6542006969452,8847.494098091125,0.08963511099770347,0.01813667700291724,0.007479336808462441,domain,Brain
2933,Xenium,Mouse Brain,MultiSection1_sub3,STAGATE,0.41357952138987253,0.652975319682301,0.5021041614556984,0.7603266139321255,0.6923612700670525,0.6178376333315019,0.6529753196823009,116.43213000297547,144.5713056564331,0.03355958152589944,0.01756121034146938,0.05218883536403544,domain,Brain
2934,Xenium,Mouse Brain,MultiSection1_sub3,SpaGCN,0.3627486544111781,0.5428304893767321,0.45734563080965723,0.7377392191885686,0.5887954978956816,0.5035224230802308,0.5428304893767321,1155.7456394195556,7361.6313592910765,0.3422811941821893,0.0228049708845091,-0.0177172862016399,domain,Brain
2935,Xenium,Mouse Brain,MultiSection1_sub3,SpaceFlow,0.4664531074240651,0.7068242045604578,0.5540736759645538,0.8305384026537382,0.7717579627996415,0.6519971312657546,0.7068242045604578,561.2762674808503,604.845294380188,0.025353406481245178,0.01741284721858882,0.1465033991069234,domain,Brain
2936,Xenium,Mouse Brain,MultiSection1_sub3,SpatialMGCN,0.2128698395274252,0.4315821311635427,0.323417124854329,0.638938504720592,0.4615657319184655,0.4052564188624242,0.4315821311635427,95.97507257461548,3036.7662313461306,0.47996937994386324,0.0246956858630791,-0.1599861179058591,domain,Brain
2937,Xenium,Mouse Brain,MultiSection1_sub3,stLearn,0.2275136519148116,0.3649492445299664,0.3356936286585804,0.5823016075529471,0.39186508006289883,0.34151205112604904,0.36494924452996647,3.3173395156860352,72.65884017944336,0.5297780045930084,0.029154644551289736,-0.09166599722191422,domain,Brain
2938,Xenium,Mouse Brain,MultiSection1_sub4,BASS,0.5650002079703755,0.7514302834239623,0.5953955097008222,0.6056172216616212,0.7031034064007482,0.8068908524414116,0.7514302834239623,5831.375322008133,6461.46,0.0404473595694584,0.0166279859621748,-0.1000630487854897,domain,Brain
2939,Xenium,Mouse Brain,MultiSection1_sub4,Banksy,0.5628211036720315,0.7606722041170179,0.583408230182638,0.7202741338715103,0.7848510674381735,0.7379385714586004,0.7606722041170179,179.84366369247434,571.6595176696777,0.10801379078372011,0.0168259024099334,-0.1206573522383122,domain,Brain
2940,Xenium,Mouse Brain,MultiSection1_sub4,CCST,0.5376933189702802,0.7411410727214888,0.5560892116233134,0.690489404641776,0.7530925280827065,0.729582300730286,0.7411410727214888,11075.40549340248,37241.61050186157,0.09934409687184657,0.01740769354503844,-0.1265627990319201,domain,Brain
2941,Xenium,Mouse Brain,MultiSection1_sub4,CellCharter,0.47000915809681787,0.7294601355965391,0.49863935058616227,0.6815708699491234,0.7622115390673028,0.6994127241430804,0.7294601355965391,1522.8486602783203,92.63716106414795,0.2641382500105117,0.01874542383863658,-0.10911322219952202,domain,Brain
2942,Xenium,Mouse Brain,MultiSection1_sub4,DeepST,0.5384812504629424,0.6773279976125504,0.5570597825813236,0.6410528086108308,0.69159039957347,0.6636491534779898,0.6773279976125504,708.3122959136963,13002.502670288086,0.28980827447023205,0.023244991278893477,-0.16425606279411004,domain,Brain
2943,Xenium,Mouse Brain,MultiSection1_sub4,GraphST,0.6139098706188788,0.777359615540004,0.6291239863317852,0.739572822065254,0.7870067100526092,0.767946164379133,0.7773596155400041,192.89406933784485,21662.06671295166,0.0427598385469223,0.0161469234957715,-0.1291444900233908,domain,Brain
2944,Xenium,Mouse Brain,MultiSection1_sub4,PRECAST,0.4881032422294537,0.5871340707600344,0.5090455395222582,0.566389169189371,0.604447854909192,0.5707845375479969,0.5871340707600344,576.141892004013,325.74,0.4893205516313488,0.0305026792503865,-0.1616337174619974,domain,Brain
2945,Xenium,Mouse Brain,MultiSection1_sub4,SEDR,0.4877005464209835,0.7191680154712746,0.511627504450427,0.6814244870501177,0.7446660073701029,0.6953620020642981,0.7191680154712746,315.95130453109743,13019.14930973053,0.25037840565085767,0.01828924114905776,-0.15385735286318564,domain,Brain
2946,Xenium,Mouse Brain,MultiSection1_sub4,STAGATE,0.5229691287922279,0.7742657718751872,0.5479612996298614,0.7444248234106963,0.8045694302970781,0.7461619968643142,0.7742657718751871,262.71193227767947,179.31899719238282,0.10715607130844262,0.0168614256320373,-0.10978806875956329,domain,Brain
2947,Xenium,Mouse Brain,MultiSection1_sub4,SpaGCN,0.42361059734153195,0.6419364937537865,0.4461575357901052,0.5844685502859065,0.6489025677350797,0.6351183950944598,0.6419364937537865,838.5095710277558,10833.148042678833,0.4287336024217961,0.0246413467134119,-0.2536448172964407,domain,Brain
2948,Xenium,Mouse Brain,MultiSection1_sub4,SpaceFlow,0.5068768089997826,0.7714964343655021,0.5331074282248984,0.7303565422132526,0.8019589424809428,0.7432733734759086,0.771496434365502,1131.6493718147278,802.8351724624633,0.11769256643121422,0.016725605184598542,-0.1074640119041576,domain,Brain
2949,Xenium,Mouse Brain,MultiSection1_sub4,SpatialMGCN,0.4307425942316902,0.6758298019877512,0.4547800632103213,0.6374032963336697,0.6979583767919478,0.6550612680002353,0.6758298019877513,414.29531397819517,4445.155534934997,0.3958123107971745,0.0228188773359968,-0.205229125151221,domain,Brain
2950,Xenium,Mouse Brain,MultiSection1_sub4,stLearn,0.42852200641928445,0.5495682234566518,0.4519071770415515,0.5215691220988901,0.5664329763523004,0.5336838922320402,0.5495682234566518,10.693382263183594,86.99574928283691,0.570770265724857,0.03262735399868382,-0.21825107548435635,domain,Brain
2951,Xenium,Mouse Brain,MultiSection1_sub5,BASS,0.4180018687915239,0.6319647984548039,0.49000811883174744,0.7396081731893206,0.6780582799546473,0.5917391726997536,0.6319647984548038,3873.964355993271,6012.84,0.0440454481694487,0.0180329949655165,0.0658933344501687,domain,Brain
2952,Xenium,Mouse Brain,MultiSection1_sub5,Banksy,0.4087020941400771,0.6424306099167716,0.4837709395928077,0.7776219198578576,0.701533802635638,0.592512317251144,0.6424306099167716,49.21897420883179,521.391222190857,0.051292841445738,0.0173775924400755,-0.0414588819383109,domain,Brain
2953,Xenium,Mouse Brain,MultiSection1_sub5,CCST,0.4023316065356804,0.6180016552482197,0.47483190255950847,0.7499322018048347,0.6645391579944806,0.5775732764607705,0.6180016552482197,8974.591561031342,30031.76078605652,0.06658250338990972,0.0177214151250675,-0.06655150095011482,domain,Brain
2954,Xenium,Mouse Brain,MultiSection1_sub5,CellCharter,0.40022612655726136,0.6481045295303082,0.4797054490727353,0.7691214289054098,0.7160060337953442,0.5919745206278794,0.6481045295303081,1518.6988333702088,87.6390645980835,0.14623836910272592,0.01915176493758676,0.004080723838653659,domain,Brain
2955,Xenium,Mouse Brain,MultiSection1_sub5,DeepST,0.4153970366710727,0.57182201304659,0.4854842316009228,0.7036236966381446,0.5971433315905588,0.5487500037450795,0.5718220130465901,921.005728673935,10519.87538547516,0.22122784869313125,0.02126686190520384,-0.13021592670937282,domain,Brain
2956,Xenium,Mouse Brain,MultiSection1_sub5,GraphST,0.4215532562205115,0.6686216660759575,0.4934985389103913,0.7832328049749848,0.7221308812010188,0.6224953495835538,0.6686216660759574,106.47560086250306,17524.485299110413,0.019451068406041,0.0170608437948511,0.021653641225083,domain,Brain
2957,Xenium,Mouse Brain,MultiSection1_sub5,PRECAST,0.2686416605964093,0.4398652589210171,0.3515826015346441,0.6262682938233506,0.485007923052515,0.40241044867161585,0.4398652589210171,221.11120200157166,348.6,0.4817880020573245,0.0289320793680523,-0.1363216757950455,domain,Brain
2958,Xenium,Mouse Brain,MultiSection1_sub5,SEDR,0.3358362406169433,0.6075418395105766,0.41441478166956996,0.7378500958526207,0.662402422696839,0.5611032112854103,0.6075418395105766,123.92633986473083,10533.75781097412,0.12095198017487252,0.018301903960562797,-0.07920363201584067,domain,Brain
2959,Xenium,Mouse Brain,MultiSection1_sub5,STAGATE,0.4002092497934765,0.6449447068839459,0.4754835116848472,0.7807079066722775,0.7041656374613192,0.5949204777638663,0.6449447068839458,124.62592072486878,156.95401191711426,0.055977930518539255,0.01756408844460748,-0.00264141239106526,domain,Brain
2960,Xenium,Mouse Brain,MultiSection1_sub5,SpaGCN,0.3578471654142934,0.532929507696079,0.43336260989822406,0.6989760134661243,0.5714281680321687,0.49929092820489596,0.532929507696079,883.7267718315125,8764.877134513856,0.3577874409688128,0.0225329252986166,-0.1749188928572775,domain,Brain
2961,Xenium,Mouse Brain,MultiSection1_sub5,SpaceFlow,0.42673766892334253,0.6748081725089794,0.5032083268732965,0.7894889418805817,0.7404718044328497,0.619847712643917,0.6748081725089794,462.9172731876373,524.2920984268188,0.036152803104689726,0.017339451535107842,0.035312454997317624,domain,Brain
2962,Xenium,Mouse Brain,MultiSection1_sub5,SpatialMGCN,0.3293241966501917,0.5777463567348723,0.40693120943459593,0.7146397344181045,0.6181589181565496,0.5422935458377907,0.5777463567348725,148.28164563179016,3605.466502380371,0.2512741384953476,0.0204178053013146,-0.0898308501619445,domain,Brain
2963,Xenium,Mouse Brain,MultiSection1_sub5,stLearn,0.2297078369779005,0.39367432897543686,0.3143382639034775,0.5828493944919811,0.42718942320363845,0.3650605978697875,0.3936743289754368,4.075619077682495,78.8398494720459,0.5286669472109226,0.0293373783243826,-0.18411925237326066,domain,Brain
2964,Xenium,Mouse Brain,MultiSection1_sub6,BASS,0.5834208577780087,0.7564948477690657,0.6151603787108383,0.6181856718948707,0.7020368174592405,0.8201121560666105,0.7564948477690656,5370.348751974106,7006.56,0.0440440864773209,0.0163016797181484,-0.2872441553761707,domain,Brain
2965,Xenium,Mouse Brain,MultiSection1_sub6,Banksy,0.5684699224281885,0.748108515969018,0.5856237141565378,0.6804154302670623,0.7603370653865915,0.7362670855688911,0.7481085159690181,121.96759457588196,564.8357290267944,0.1219584569732937,0.0165355554027576,-0.159691008154563,domain,Brain
2966,Xenium,Mouse Brain,MultiSection1_sub6,CCST,0.5291061179079511,0.7323367707293134,0.5474162236207222,0.6743535396354388,0.7425308838118561,0.7224369334251357,0.7323367707293134,10969.57962527275,36181.68476524353,0.11551504874947008,0.01719411063163654,-0.17923128318957487,domain,Brain
2967,Xenium,Mouse Brain,MultiSection1_sub6,CellCharter,0.44290725982963774,0.7167029503375553,0.47045461945203026,0.6502755404832556,0.7434977090281927,0.6917892816340753,0.7167029503375553,1512.740104007721,90.9986047744751,0.2712759643916914,0.0187759056366119,-0.15093439818836427,domain,Brain
2968,Xenium,Mouse Brain,MultiSection1_sub6,DeepST,0.5225452920435909,0.6719664649739581,0.540305738446221,0.6242221280203476,0.6752627278883735,0.6687089203848757,0.6719664649739581,659.6490385532379,12791.160856819153,0.280746078846969,0.02272387276643712,-0.1969949690664922,domain,Brain
2969,Xenium,Mouse Brain,MultiSection1_sub6,GraphST,0.5863545425792684,0.761936231242333,0.6023257624298723,0.6849088596863078,0.7576572146771084,0.7662638554864402,0.761936231242333,182.5654188156128,21310.2507894516,0.0458668927511657,0.0160197386206813,-0.21530090770679694,domain,Brain
2970,Xenium,Mouse Brain,MultiSection1_sub6,PRECAST,0.47061599634149526,0.5475665589432196,0.4906757423787,0.5145400593471811,0.5588757052573119,0.5367060278106816,0.5475665589432196,601.413256072998,342.24,0.527893175074184,0.0325809105629947,-0.2032796679597373,domain,Brain
2971,Xenium,Mouse Brain,MultiSection1_sub6,SEDR,0.48280443411069174,0.7077951461660469,0.5063317802376417,0.6551589656634167,0.7292436226740917,0.6875777553133855,0.707795146166047,249.10828909873962,12808.222816848755,0.28262823230182277,0.0183261724223149,-0.17561736765854968,domain,Brain
2972,Xenium,Mouse Brain,MultiSection1_sub6,STAGATE,0.5485969225705744,0.7613688450789475,0.5676381842826828,0.7010258584145824,0.7780181044201362,0.7454195988212752,0.7613688450789475,321.27214608192446,176.9387565612793,0.10450190758796099,0.01662551907363426,-0.13566564915959228,domain,Brain
2973,Xenium,Mouse Brain,MultiSection1_sub6,SpaGCN,0.40636313635682,0.6188124210237784,0.42856851883500646,0.5595167443832132,0.6214036886629283,0.6162426749303075,0.6188124210237785,1009.5629771709442,10653.72070198059,0.4777871979652395,0.0244178805013147,-0.2915191707515001,domain,Brain
2974,Xenium,Mouse Brain,MultiSection1_sub6,SpaceFlow,0.5132045553133538,0.7590251466093779,0.5366898646393232,0.7035353963543874,0.7803201363771948,0.7388632917865939,0.759025146609378,1149.1058029651642,881.4097860336303,0.12125476896990246,0.016797649862785098,-0.1472985165376981,domain,Brain
2975,Xenium,Mouse Brain,MultiSection1_sub6,SpatialMGCN,0.3934275882872872,0.6218826120222644,0.4164906403439751,0.5902924968206867,0.6365349301492349,0.6078896754389658,0.6218826120222642,450.24043555259703,4372.864403533936,0.4442560406952098,0.0247473743048176,-0.2529436829372892,domain,Brain
2976,Xenium,Mouse Brain,MultiSection1_sub6,stLearn,0.4184878605604835,0.5441175786183716,0.44136175843146874,0.5208223823654091,0.5580914508700243,0.5308396514648785,0.5441175786183716,10.61803388595581,86.02498531341553,0.5886562102585842,0.03218511049010752,-0.25209363356481934,domain,Brain
2977,Xenium,Mouse Brain,MultiSection1_sub7,BASS,0.5894551767129853,0.7206160255283035,0.6203493055242554,0.6987889273356401,0.7169666115889998,0.7243027811219069,0.7206160255283035,3155.3777659893035,5190.280000000001,0.0426758938869665,0.0193168621271166,-0.0971031381857019,domain,Brain
2978,Xenium,Mouse Brain,MultiSection1_sub7,Banksy,0.45426311738900005,0.7001965237342579,0.4960501040879922,0.7071510957324106,0.7255516827026264,0.6765536519648733,0.700196523734258,62.30512080192566,420.08821392059326,0.0612456747404844,0.0189735613577369,-0.026500060820673698,domain,Brain
2979,Xenium,Mouse Brain,MultiSection1_sub7,CCST,0.4808616357532216,0.6763729269558189,0.51941242963052,0.6712572087658593,0.690938527346612,0.6624309685862013,0.676372926955819,5973.718119335174,19628.472596359257,0.07294117647058818,0.01956765754467002,-0.07274575353161321,domain,Brain
2980,Xenium,Mouse Brain,MultiSection1_sub7,CellCharter,0.439276408232469,0.6835603563808403,0.48415258362539115,0.6824106113033449,0.7147186928227973,0.6550079056876215,0.6835603563808403,1315.8992871761322,69.96207981109619,0.15536332179930792,0.02065527843527388,-0.01749545009551662,domain,Brain
2981,Xenium,Mouse Brain,MultiSection1_sub7,DeepST,0.47432623498824766,0.6212851201575829,0.5132842090028886,0.6251903114186851,0.6333028176362848,0.6097239054700909,0.6212851201575829,647.5587242126464,6922.783198738098,0.21726643598615913,0.024169573497342563,-0.09413626098944991,domain,Brain
2982,Xenium,Mouse Brain,MultiSection1_sub7,GraphST,0.5032111083969634,0.7183206392787531,0.5416116142437893,0.7314302191464821,0.7384465639099838,0.6992626490859067,0.7183206392787531,72.0549204826355,11531.169691848756,0.0316608996539792,0.0186154934595828,-0.05654702027689991,domain,Brain
2983,Xenium,Mouse Brain,MultiSection1_sub7,PRECAST,0.2954811444705515,0.44058354020768553,0.3455373702779756,0.5055363321799308,0.4571589956173174,0.4251679992667653,0.44058354020768553,205.35804800987245,363.64,0.5019031141868512,0.0329732325908716,-0.2092168837344623,domain,Brain
2984,Xenium,Mouse Brain,MultiSection1_sub7,SEDR,0.4235019950993496,0.64781429721448,0.4663373325255219,0.6444521337946943,0.6672833183134125,0.6294770408207973,0.6478142972144799,105.07471866607666,6934.435261154174,0.16572087658592843,0.02085030771260226,-0.10794707835515356,domain,Brain
2985,Xenium,Mouse Brain,MultiSection1_sub7,STAGATE,0.46741443325236787,0.7069600115192848,0.5085543205745404,0.7066897347174164,0.7314141319755728,0.6840937430992694,0.7069600115192849,122.73255543708801,128.5447443008423,0.07318339100346016,0.019261312359900678,-0.014484059218132738,domain,Brain
2986,Xenium,Mouse Brain,MultiSection1_sub7,SpaGCN,0.3524682920787398,0.5400256376258219,0.3994173303353153,0.5470588235294118,0.5471192916048913,0.5331135742327385,0.5400256376258221,519.3979859828949,5767.643134880066,0.3852364475201845,0.0264010632672395,-0.229161300827904,domain,Brain
2987,Xenium,Mouse Brain,MultiSection1_sub7,SpaceFlow,0.47351987959712155,0.7190058334431667,0.5158130208851812,0.7163321799307958,0.7482247942357398,0.6919967800478977,0.7190058334431667,192.77016501426698,435.7610897064209,0.0492272202998846,0.0190705013473731,0.03895541581536448,domain,Brain
2988,Xenium,Mouse Brain,MultiSection1_sub7,SpatialMGCN,0.2151056961767425,0.4607129053400937,0.2716852987488819,0.4900230680507497,0.4691268358063746,0.45259546987860133,0.4607129053400937,125.26246891021728,2388.2635272979737,0.5018454440599769,0.028606468673025697,-0.2739004061131416,domain,Brain
2989,Xenium,Mouse Brain,MultiSection1_sub7,stLearn,0.2899131260772936,0.44348971393986203,0.34046466629984545,0.48795847750865046,0.45655498900554126,0.43117562681322835,0.4434897139398619,5.125343656539917,63.864000129699704,0.5360553633217993,0.03347871058931462,-0.21119950622764755,domain,Brain
2990,Xenium,Mouse Brain,MultiSection1_sub8,BASS,0.4499930082353549,0.6701348721240676,0.49976949765992645,0.585192051445455,0.6390698192814563,0.7043743655677503,0.6701348721240676,3605.3446040153503,4825.88,0.0446092346909217,0.0193796650247377,-0.1590195199858436,domain,Brain
2991,Xenium,Mouse Brain,MultiSection1_sub8,Banksy,0.392647214320897,0.6408602816768364,0.4359382249130287,0.5564567522159782,0.6486184218489708,0.6332855384826352,0.6408602816768363,32.80219912528992,419.57300491333007,0.0859162273332947,0.0190253086870773,-0.1620707792265509,domain,Brain
2992,Xenium,Mouse Brain,MultiSection1_sub8,CCST,0.38455260863691965,0.6469943591061045,0.42822688004452525,0.6033717629337814,0.6592124829608456,0.6352609611449902,0.6469943591061046,5939.4868325710295,19472.086765480042,0.07101558426510626,0.01911566966039412,-0.15883027231995406,domain,Brain
2993,Xenium,Mouse Brain,MultiSection1_sub8,CellCharter,0.3389212439245096,0.6115569566014256,0.38531377056445465,0.5550779213255316,0.6326525722757598,0.5918322054695204,0.6115569566014256,1320.3999306678772,69.99950580596924,0.2888245176988587,0.0218461034506253,-0.15834539334285327,domain,Brain
2994,Xenium,Mouse Brain,MultiSection1_sub8,DeepST,0.3645502441353466,0.5597344529321913,0.41143551317146887,0.5033080354556515,0.5612835971015129,0.5582468143300805,0.5597344529321913,651.2145269870758,6860.388700675964,0.24467875557615432,0.023725983728169357,-0.16037090014225325,domain,Brain
2995,Xenium,Mouse Brain,MultiSection1_sub8,GraphST,0.46275605973158973,0.6784985799714903,0.5021358504887379,0.6082498117142692,0.6742148018494372,0.6828371421066706,0.6784985799714904,74.65475106239319,11426.959266090393,0.0413069926423729,0.0187612858269364,-0.1934425219000056,domain,Brain
2996,Xenium,Mouse Brain,MultiSection1_sub8,PRECAST,0.244685150663101,0.4133799950161515,0.2958408971313692,0.42674236718614206,0.42871851517709186,0.399101114415019,0.4133799950161515,196.52176795005798,374.65999999999997,0.5127744626614912,0.032719891263643,-0.1905868375456397,domain,Brain
2997,Xenium,Mouse Brain,MultiSection1_sub8,SEDR,0.3762966533217493,0.6184374668010265,0.4203782693037394,0.5589942645269683,0.6334127501316866,0.6041764618233316,0.6184374668010265,98.63149728775025,6871.632452392578,0.21726435316609694,0.02069676345742774,-0.16582350006987456,domain,Brain
2998,Xenium,Mouse Brain,MultiSection1_sub8,STAGATE,0.40186518875075344,0.6572675514488268,0.44511046911295643,0.5946468918370893,0.6796826141272427,0.6362853170100278,0.6572675514488268,132.54517521858216,128.39166831970215,0.08826835061699781,0.01935826780359892,-0.1456686255356651,domain,Brain
2999,Xenium,Mouse Brain,MultiSection1_sub8,SpaGCN,0.3707253828356051,0.5616209959790565,0.4188158223405714,0.5058803082092579,0.5506135197973849,0.5730775573158094,0.5616209959790563,470.23530955314635,5713.293640327453,0.268872023637101,0.0236324896707911,-0.2727872612041483,domain,Brain
3000,Xenium,Mouse Brain,MultiSection1_sub8,SpaceFlow,0.4474321641490401,0.6879053045596144,0.4877946961126905,0.6599501766989166,0.7072941737675023,0.669561365312869,0.6879053045596144,206.27189898490906,421.8649896621704,0.0647587045941718,0.019124531749139938,-0.14209420116636245,domain,Brain
3001,Xenium,Mouse Brain,MultiSection1_sub8,SpatialMGCN,0.22925913735085174,0.42547615649408044,0.2818508743822054,0.4272637738253867,0.4374762518862667,0.41411681690714863,0.42547615649408066,102.38199577331542,2367.138473510742,0.5470714327095765,0.030689810262070898,-0.2464369382610227,domain,Brain
3002,Xenium,Mouse Brain,MultiSection1_sub8,stLearn,0.2726491045698351,0.4163869650547055,0.32393907084109663,0.42610509240484323,0.42398503105046376,0.4090763213513654,0.4163869650547056,4.738035058975219,63.75246353149414,0.539505243033428,0.0326407840453546,-0.182966579072046,domain,Brain
3003,CosMx,Mouse Brain,Hemisphere_sub1,BASS,0.4555420557964009,0.6923395942183699,0.49514441094407136,0.7151918158567775,0.7282373299141635,0.6598146848358313,0.6923395942183699,1364.2676179885864,3476.38,0.6727365728900255,0.060527070766373106,-0.2737451730182633,celltype,Brain
3004,CosMx,Mouse Brain,Hemisphere_sub1,Banksy,0.37396684805756475,0.673200042043191,0.41935049829340765,0.6803273657289003,0.7143630292170297,0.6365302178525912,0.673200042043191,52.585298204421996,954.2789421081543,0.6834168797953964,0.0560323183225571,-0.2890788467318594,celltype,Brain
3005,CosMx,Mouse Brain,Hemisphere_sub1,CCST,0.1700354583126387,0.32952872868926175,0.21785643534205704,0.42228132992327366,0.3428673134057251,0.31719532165859776,0.32952872868926175,2049.8396207809446,6392.839789199829,0.16004092071611248,0.025556874646954802,-0.20388647347580116,celltype,Brain
3006,CosMx,Mouse Brain,Hemisphere_sub1,CellCharter,0.29656713513598604,0.5823022269431037,0.3463534859754308,0.60476726342711,0.6244781926191187,0.5454703096667025,0.5823022269431039,791.9605514526368,279.0936487197876,0.5587109974424552,0.04124517205545456,-0.1901848827456339,celltype,Brain
3007,CosMx,Mouse Brain,Hemisphere_sub1,DeepST,0.324989195670596,0.5425266729959553,0.36914292395493997,0.6313657289002558,0.5694472258065256,0.5180597338480802,0.5425266729959553,143.40375289916992,2289.2324447631836,0.38976982097186696,0.04324304008444456,-0.19307301275323382,celltype,Brain
3008,CosMx,Mouse Brain,Hemisphere_sub1,GraphST,0.1895484547892305,0.374195853479217,0.2371377327843806,0.4798976982097186,0.3962357651839993,0.3544786095019381,0.3741958534792169,50.56996273994446,3803.0904491424562,0.3325831202046035,0.026968758917479695,-0.1667579628067549,celltype,Brain
3009,CosMx,Mouse Brain,Hemisphere_sub1,PRECAST,0.3606970270503247,0.6336780088776977,0.4080592026964881,0.6391815856777494,0.6756975833744814,0.5965786027829837,0.6336780088776975,320.0983699798584,575.5,0.69769820971867,0.0653967497785474,-0.278688883779941,celltype,Brain
3010,CosMx,Mouse Brain,Hemisphere_sub1,SEDR,0.34401288731719626,0.6158074724671385,0.38952458212896673,0.6403887468030691,0.6526377619813009,0.5829207884904011,0.6158074724671385,56.673663473129274,2307.340245246887,0.5985063938618926,0.045541074236729,-0.24156973892729092,celltype,Brain
3011,CosMx,Mouse Brain,Hemisphere_sub1,STAGATE,0.17586475102724952,0.3697492021224786,0.22430362762555078,0.4753964194373402,0.3958652435470242,0.3468664872071633,0.3697492021224786,142.24914350509644,189.35732421875,0.24083887468030687,0.027963129557918097,-0.09910711704514195,celltype,Brain
3012,CosMx,Mouse Brain,Hemisphere_sub1,SpaGCN,0.3758073238618136,0.61107671623244,0.4149481951079935,0.6136061381074169,0.6260159893116057,0.5968338470779457,0.61107671623244,265.05583209991454,1921.8648670196533,0.6793861892583121,0.0528238136392146,-0.3907166895410076,celltype,Brain
3013,CosMx,Mouse Brain,Hemisphere_sub1,SpaceFlow,0.13076835957552493,0.313001275021366,0.17914788366626955,0.40920716112531963,0.3369420169451883,0.2922378841003577,0.313001275021366,130.22348456382753,318.86724281311035,0.438158567774936,0.03222121375759336,-0.1768211343880884,celltype,Brain
3014,CosMx,Mouse Brain,Hemisphere_sub1,SpatialMGCN,0.4153206015206582,0.6940809339956685,0.4596113944083444,0.7213299232736573,0.7341738480543982,0.658140185150214,0.6940809339956685,157.09306864738465,1219.718590927124,0.6822506393861892,0.0566806520854616,-0.2828401524278399,celltype,Brain
3015,CosMx,Mouse Brain,Hemisphere_sub1,stLearn,0.3859780964790024,0.6613105110712003,0.43066870742274255,0.6865882352941176,0.7010269142290374,0.6258629025648401,0.6613105110712003,4.648986101150513,153.56219825744628,0.8479386189258312,0.06894797136962312,-0.2832249910686377,celltype,Brain
3016,CosMx,Mouse Brain,Hemisphere_sub1,BASS,0.2402046401393057,0.5010663739769474,0.40682274407335617,0.7614322250639386,0.5931774789000537,0.43371697047551533,0.5010663739769474,1364.2676179885864,3476.38,0.0308951406649616,0.021751701149882,0.0452725210900218,niche,Brain
3017,CosMx,Mouse Brain,Hemisphere_sub1,Banksy,0.2979442716241621,0.538917143848886,0.47061197651848125,0.7441432225063939,0.5962234706334707,0.4916609023167749,0.5389171438488861,22.572439765930177,954.1637552261352,0.0422506393861892,0.0210186248767693,-0.0756446918746829,niche,Brain
3018,CosMx,Mouse Brain,Hemisphere_sub1,CCST,0.23238960179123672,0.49083456024641003,0.40773004191029544,0.7249104859335038,0.5508898304766965,0.4427792537636342,0.49083456024641003,2010.8324332237244,6393.529248619079,0.06713043478260866,0.02222962871165054,-0.04778855707199066,niche,Brain
3019,CosMx,Mouse Brain,Hemisphere_sub1,CellCharter,0.1627602444217488,0.39869766658572436,0.3351304242516141,0.6931150895140664,0.4732477126396654,0.3444458311724773,0.39869766658572436,792.2952805995941,277.45564727783204,0.3538618925831202,0.02974445998816196,-0.043049735815846105,niche,Brain
3020,CosMx,Mouse Brain,Hemisphere_sub1,DeepST,0.1979560878643262,0.3703268032010045,0.39300044011278634,0.6497800511508951,0.3965369371946372,0.3477514758206089,0.3703268032010045,345.40177445411683,2289.2022079467774,0.2120511508951406,0.030598052918640255,-0.0948318892247482,niche,Brain
3021,CosMx,Mouse Brain,Hemisphere_sub1,GraphST,0.23852742629340556,0.49548703159169316,0.40496267379616124,0.761841432225064,0.590059878955745,0.4270421302480494,0.49548703159169294,33.57604560852051,3800.152744102478,0.12470588235294108,0.0220101191434283,-0.0019162140141070001,niche,Brain
3022,CosMx,Mouse Brain,Hemisphere_sub1,PRECAST,0.1534129438616263,0.2946127721040649,0.3254261850220515,0.6566751918158568,0.3507539265351825,0.2539637156033208,0.2946127721040649,97.3287799835205,464.93999999999994,0.530537084398977,0.0403301831223194,-0.1363544416746699,niche,Brain
3023,CosMx,Mouse Brain,Hemisphere_sub1,SEDR,0.16292304579377842,0.3311136733874843,0.33822674037014433,0.6847058823529412,0.3882175604332738,0.28865911419549667,0.3311136733874843,36.090560865402225,2307.2621105194094,0.46723273657289,0.03564278721072552,-0.1304672781840968,niche,Brain
3024,CosMx,Mouse Brain,Hemisphere_sub1,STAGATE,0.260905425324335,0.5137182237374126,0.4356610161827845,0.7385984654731458,0.5807161228257665,0.46071846637204555,0.5137182237374126,82.71889653205872,188.10442447662354,0.08380562659846547,0.022590611650126817,-0.07740098414107432,niche,Brain
3025,CosMx,Mouse Brain,Hemisphere_sub1,SpaGCN,0.1557126507650887,0.2959656654098436,0.3366638306937508,0.661381074168798,0.3424325953036269,0.2606027633374249,0.2959656654098436,347.0877851963043,1910.7248514175415,0.46659846547314576,0.0379727325801667,-0.1112092281175058,niche,Brain
3026,CosMx,Mouse Brain,Hemisphere_sub1,SpaceFlow,0.20263418284726117,0.4594404745199217,0.37244352388031443,0.7250332480818414,0.5421985241939475,0.3986460616224701,0.45944047451992176,78.81660227775573,281.8730922698975,0.11339130434782607,0.023318183767454762,0.019452401824945297,niche,Brain
3027,CosMx,Mouse Brain,Hemisphere_sub1,SpatialMGCN,0.1262845610481317,0.2626615491748735,0.3099285638423635,0.6304859335038363,0.3045625154944059,0.2308955094531951,0.2626615491748735,57.13630013465881,1218.156410598755,0.5393350383631713,0.0398527116723036,-0.1747715047884981,niche,Brain
3028,CosMx,Mouse Brain,Hemisphere_sub1,stLearn,0.10633951767646395,0.19324259893600648,0.2888056286190755,0.5778414322250639,0.2248701817352469,0.16941498094229346,0.19324259893600648,2.890985202789307,153.49203510284423,0.6839079283887468,0.045348273315343204,-0.10833534223291993,niche,Brain
3029,CosMx,Mouse Brain,Hemisphere_sub2,BASS,0.5417322237838028,0.7026460728613876,0.5705310738035658,0.7124329932560954,0.7264743073470554,0.6803313205433718,0.7026460728613876,1584.5888759613038,3431.9800000000005,0.6928929621303822,0.05378139426887381,-0.2713986133927421,celltype,Brain
3030,CosMx,Mouse Brain,Hemisphere_sub2,Banksy,0.4855126181918682,0.6905598258629331,0.519542380194734,0.679405153034757,0.7247033972349348,0.65948876716941,0.690559825862933,72.48619928359986,1123.5502759933472,0.6303821545910427,0.05028813261148389,-0.2517789931606554,celltype,Brain
3031,CosMx,Mouse Brain,Hemisphere_sub2,CCST,0.21644661052428799,0.36709933461634786,0.26144022131698963,0.4160989106000345,0.36741935956011185,0.3668048918935105,0.36709933461634786,2787.1698083877563,8815.123557662964,0.10025938094414658,0.02229798028821044,-0.21299765465100212,celltype,Brain
3032,CosMx,Mouse Brain,Hemisphere_sub2,CellCharter,0.3375321928438413,0.5875981165903406,0.3806138909932976,0.5808576863219782,0.6260258829283664,0.553617597224451,0.5875981165903404,943.7136881828308,318.051727104187,0.581618537091475,0.037132138414348495,-0.2137289873270804,celltype,Brain
3033,CosMx,Mouse Brain,Hemisphere_sub2,DeepST,0.29550681597297623,0.4928412664495495,0.41302878485678285,0.42476223413453223,0.4186255715095002,0.626590840636949,0.4928412664495495,368.68452391624453,3179.166562271118,0.21533805983053775,0.0281520007938482,-0.12472516191505023,celltype,Brain
3034,CosMx,Mouse Brain,Hemisphere_sub2,GraphST,0.2570134314062773,0.40794981870440133,0.2986050510502639,0.46238976309873775,0.42180464487171776,0.3949762138619364,0.40794981870440133,65.09574031829834,5283.692464447022,0.3168770534324745,0.0240553720445037,-0.2627523879402723,celltype,Brain
3035,CosMx,Mouse Brain,Hemisphere_sub2,PRECAST,0.4684697496973361,0.6620435409776817,0.5051400164491464,0.6713643437662113,0.6999580896948514,0.628025363882369,0.6620435409776818,418.4027139186859,578.92,0.7295521355697735,0.0569624981971897,-0.3046329176682615,celltype,Brain
3036,CosMx,Mouse Brain,Hemisphere_sub2,SEDR,0.41593853019140353,0.623228306710712,0.45344865259309464,0.6306242434722462,0.6545855465056718,0.5947442662750243,0.623228306710712,89.32303867340087,3204.0114183425903,0.5980459968874287,0.037792256082889206,-0.268858241661455,celltype,Brain
3037,CosMx,Mouse Brain,Hemisphere_sub2,STAGATE,0.16895954167068736,0.35282481923827363,0.21350516908516362,0.42657790074355867,0.3751325209918249,0.33303735039952864,0.3528248192382736,129.43334431648253,215.6322431564331,0.3089399965415874,0.025661274065806337,-0.19703383218737888,celltype,Brain
3038,CosMx,Mouse Brain,Hemisphere_sub2,SpaGCN,0.5356956039727853,0.6504309285364442,0.5631687740971683,0.6701538993601937,0.6604097154725659,0.6407492116973148,0.6504309285364442,257.12781472206115,2663.9615592956543,0.6880511845063116,0.0489752305138909,-0.3138687867428028,celltype,Brain
3039,CosMx,Mouse Brain,Hemisphere_sub2,SpaceFlow,0.13957392990767845,0.3460643614231472,0.18490226810123933,0.40204046342728683,0.37339511185055146,0.32246217688885065,0.3460643614231472,155.43451671600343,364.81632595062257,0.4947777969911811,0.02964120515756094,-0.19811607550906798,celltype,Brain
3040,CosMx,Mouse Brain,Hemisphere_sub2,SpatialMGCN,0.4339676127190919,0.6998725006672584,0.4776865601373085,0.7340480719349819,0.7463291633690687,0.6588604900730319,0.6998725006672583,152.94401984214784,1675.4555032730102,0.7993256095452187,0.05504837967580199,-0.2830725888842606,celltype,Brain
3041,CosMx,Mouse Brain,Hemisphere_sub2,stLearn,0.4240043389801049,0.6692268762674843,0.4651410443111194,0.7083693584644648,0.7107170476445486,0.6323167527332677,0.6692268762674842,5.416163492202759,178.71340656280518,0.8961265779007436,0.06288005861899616,-0.3039678089426415,celltype,Brain
3042,CosMx,Mouse Brain,Hemisphere_sub2,BASS,0.6881015023660931,0.7253226706408995,0.7315439547809289,0.8430745287912847,0.7450232345788105,0.7066371456496631,0.7253226706408994,1584.5888759613038,3431.9800000000005,0.0274079197648279,0.0201825444481236,-0.1014303452146845,niche,Brain
3043,CosMx,Mouse Brain,Hemisphere_sub2,Banksy,0.6927339444099792,0.7155395456975056,0.7349475783494229,0.8468787826387688,0.7469719216204386,0.686645681597487,0.7155395456975056,22.956267023086546,1123.5494401931762,0.0764309182085422,0.0210796524627328,-0.0453062949682794,niche,Brain
3044,CosMx,Mouse Brain,Hemisphere_sub2,CCST,0.664333556457087,0.7186114674361483,0.7109077589269783,0.8249870309527927,0.734755671745739,0.7031775259073345,0.7186114674361482,2766.3310039520265,8815.122523117065,0.03320076085076944,0.020645483315968778,-0.05215555236157978,niche,Brain
3045,CosMx,Mouse Brain,Hemisphere_sub2,CellCharter,0.4484354511647021,0.5663816049349911,0.5207132078250807,0.6899533114300536,0.6058057392984284,0.5318044176106648,0.5663816049349911,945.4826986312867,320.81902561187746,0.28839702576517373,0.0265204796925471,-0.052350965145734396,niche,Brain
3046,CosMx,Mouse Brain,Hemisphere_sub2,DeepST,0.5217676223234424,0.5691517355229256,0.602520508940878,0.6495071762061213,0.5577011980981502,0.5818492915945458,0.5691517355229256,429.729727268219,3179.1652574539185,0.17205602628393563,0.026885695463367158,-0.15993385596333604,niche,Brain
3047,CosMx,Mouse Brain,Hemisphere_sub2,GraphST,0.670622446204604,0.7077409540733601,0.7177417581116725,0.8279439737160643,0.7157493055014028,0.6999098268638965,0.7077409540733599,45.046056795120236,5283.682393455505,0.0762579975791111,0.0201294205053777,-0.073511879803583,niche,Brain
3048,CosMx,Mouse Brain,Hemisphere_sub2,PRECAST,0.3623561522654592,0.382461969760861,0.4457625678325547,0.5611274425038907,0.405326083259705,0.3620396108376492,0.382461969760861,122.84037790298461,570.18,0.4511499221857167,0.0384026949877396,-0.0952774611268084,niche,Brain
3049,CosMx,Mouse Brain,Hemisphere_sub2,SEDR,0.4262286901897351,0.5159481521010021,0.501470108582333,0.6606086806155974,0.546588308374641,0.4885722294961206,0.5159481521010022,45.773695945739746,3204.011281967163,0.380511845063116,0.03072609042110856,-0.12383674338792865,niche,Brain
3050,CosMx,Mouse Brain,Hemisphere_sub2,STAGATE,0.666144464834513,0.7246543456730326,0.7124411277462683,0.8415874113781774,0.7462543823876348,0.7042809381735141,0.7246543456730326,84.25924172401429,215.6316759109497,0.054072280823102135,0.02098705180373096,-0.06333382291971101,niche,Brain
3051,CosMx,Mouse Brain,Hemisphere_sub2,SpaGCN,0.3244311594220389,0.3777271029166887,0.4217794464644591,0.49619574615251605,0.3844054244719653,0.3712768653932786,0.3777271029166887,433.61785678863527,2673.0729480743407,0.41379906622860113,0.0347862268967253,-0.1687032354175502,niche,Brain
3052,CosMx,Mouse Brain,Hemisphere_sub2,SpaceFlow,0.567048381931949,0.6665837856958202,0.6258918435402159,0.7684074010029397,0.6949146640261149,0.6405419437161393,0.6665837856958202,102.2270812034607,337.05803775787354,0.08089227044786437,0.02128378490855588,-0.03397930902333444,niche,Brain
3053,CosMx,Mouse Brain,Hemisphere_sub2,SpatialMGCN,0.23803160850722743,0.3798861419045029,0.3407360351670715,0.5573231886564067,0.3975713863687698,0.3637072809560557,0.3798861419045029,73.38821864128113,1675.4525733947753,0.5653639979249524,0.0348821303751998,-0.1620682351369332,niche,Brain
3054,CosMx,Mouse Brain,Hemisphere_sub2,stLearn,0.24487383773153898,0.3120616790894203,0.3424483403136643,0.4490057063807712,0.3300933459814916,0.2958982071005315,0.3120616790894203,3.02060489654541,178.71133365631104,0.6076430918208542,0.0403838058556348,-0.10513123164879021,niche,Brain
3055,CosMx,Mouse Brain,Hemisphere_sub3,BASS,0.3216877162392633,0.6396194903250706,0.408934194261758,0.7696045736064793,0.7377250030096854,0.5645442246543881,0.6396194903250706,1437.1249540805816,3119.54,0.7746545974273463,0.06069135222069609,-0.2401935576157673,celltype,Brain
3056,CosMx,Mouse Brain,Hemisphere_sub3,Banksy,0.3568833898083152,0.650270479330328,0.4437369321168273,0.7741781800857551,0.7467726819300973,0.575855203016283,0.6502704793303279,76.85325860977173,1016.3462671279907,0.6890900428775607,0.05142029980844161,-0.2501832452141014,celltype,Brain
3057,CosMx,Mouse Brain,Hemisphere_sub3,CCST,0.14131117045394928,0.3246636134343636,0.2183272962179068,0.5187232015245355,0.36394786292586745,0.2930426564272003,0.3246636134343637,2322.4764159202578,7335.38199558258,0.09297760838494516,0.02294952792077756,-0.04010314100210786,celltype,Brain
3058,CosMx,Mouse Brain,Hemisphere_sub3,CellCharter,0.21693174237691926,0.5308255117474323,0.30708323138424604,0.6631157694140067,0.6256985352140205,0.4609545563100407,0.5308255117474323,850.9707397937775,285.4429248809814,0.528099094807051,0.03716465461440928,-0.09086970659135021,celltype,Brain
3059,CosMx,Mouse Brain,Hemisphere_sub3,DeepST,0.24564925651531183,0.520536309987016,0.33058016466024454,0.7000666984278228,0.6006014086193563,0.4593330689123233,0.520536309987016,110.04378180503845,2625.713546562195,0.5005812291567413,0.04383498943482592,-0.15984383628768867,celltype,Brain
3060,CosMx,Mouse Brain,Hemisphere_sub3,GraphST,0.1852466028639187,0.3656361531465468,0.2630579009515749,0.5472129585516913,0.416215784425044,0.3260176367985077,0.3656361531465468,89.13409371376038,4364.121329879761,0.3105288232491662,0.0252260067910611,-0.10278088409308658,celltype,Brain
3061,CosMx,Mouse Brain,Hemisphere_sub3,PRECAST,0.2597483955776073,0.5908257780258019,0.352142865857899,0.7284421152929966,0.6945853254685231,0.5140371401506687,0.590825778025802,340.20397992134093,483.14,0.808861362553597,0.0648487964541341,-0.2727434743818776,celltype,Brain
3062,CosMx,Mouse Brain,Hemisphere_sub3,SEDR,0.30017191291567863,0.5809941219861872,0.3852461438970003,0.7232968080038114,0.6670137373204488,0.5146394780795133,0.5809941219861872,97.19344906806946,2650.1222780227663,0.5691472129585516,0.037831654212206564,-0.1865866926678951,celltype,Brain
3063,CosMx,Mouse Brain,Hemisphere_sub3,STAGATE,0.10290070626282918,0.3060299913246693,0.17814676349871297,0.5152548832777513,0.35963410972312443,0.2663347489799907,0.3060299913246693,141.53077368736268,191.7913547515869,0.2662029537875178,0.02673985334519004,-0.07299834262503764,celltype,Brain
3064,CosMx,Mouse Brain,Hemisphere_sub3,SpaGCN,0.3096943193199063,0.5830600825996777,0.3927693981284504,0.7113863744640305,0.6620312701233315,0.5209213587056308,0.5830600825996777,235.20028614997864,2219.056641960144,0.7927584564078133,0.0533442724490111,-0.3044457639011398,celltype,Brain
3065,CosMx,Mouse Brain,Hemisphere_sub3,SpaceFlow,0.10091742215776893,0.30758565078973776,0.17652515543024003,0.5061648404001906,0.3646887975704062,0.2659485271446172,0.30758565078973776,111.54400615692138,324.89619941711425,0.43346355407336823,0.03043795806511528,-0.1234208970728268,celltype,Brain
3066,CosMx,Mouse Brain,Hemisphere_sub3,SpatialMGCN,0.3236479044241309,0.6406877547332047,0.4068625964319533,0.7771319676036208,0.7306684003529093,0.5704390922940644,0.6406877547332047,152.27297525405885,1390.1604049682617,0.7557884707003335,0.0556353851764408,-0.3088786833277137,celltype,Brain
3067,CosMx,Mouse Brain,Hemisphere_sub3,stLearn,0.2800313574417316,0.611366834145295,0.3727949447911485,0.7500714626012387,0.7139540368319431,0.5345650849286622,0.6113668341452949,4.9538719177246096,160.6323169708252,0.9003334921391138,0.06837142614251947,-0.29551115842162023,celltype,Brain
3068,CosMx,Mouse Brain,Hemisphere_sub3,BASS,0.3720722382021365,0.5837012608392551,0.4977046658327673,0.7914244878513578,0.6593067357268025,0.5236518966011501,0.5837012608392551,1437.1249540805816,3119.54,0.025726536445926602,0.0211049724473202,0.1536927971676689,niche,Brain
3069,CosMx,Mouse Brain,Hemisphere_sub3,Banksy,0.6670101969434111,0.6992082446043747,0.7413486430296203,0.8527870414483087,0.748606602111953,0.6559256328575995,0.6992082446043747,22.83813147544861,1016.3464374542236,0.0562172463077656,0.0213698903117596,0.1148616799757396,niche,Brain
3070,CosMx,Mouse Brain,Hemisphere_sub3,CCST,0.5165032914046087,0.6418704205121921,0.6191197937098027,0.832777513101477,0.6872532281255376,0.6021221019150927,0.6418704205121921,2299.814202451706,7335.379944229126,0.03420676512625056,0.021230317307837702,0.08363227455197933,niche,Brain
3071,CosMx,Mouse Brain,Hemisphere_sub3,CellCharter,0.3626699686503624,0.5345532537114555,0.4892708042409115,0.7575988565983802,0.6022108871208937,0.4805737086272936,0.5345532537114555,848.0708765029907,282.1156534194946,0.24005717008099095,0.02597035381230948,0.06561422689357763,niche,Brain
3072,CosMx,Mouse Brain,Hemisphere_sub3,DeepST,0.4963774936691404,0.5049275359716494,0.6069555038029316,0.6804001905669367,0.5118045404293421,0.4983524114191633,0.5049275359716493,394.852215719223,2625.7124452590942,0.20670795616960452,0.02654947276810784,-0.08711223160964732,niche,Brain
3073,CosMx,Mouse Brain,Hemisphere_sub3,GraphST,0.45939453940028085,0.6110240275496059,0.5717308632431513,0.8172463077656026,0.6671630606157055,0.5635994474378845,0.6110240275496059,38.13450002670288,4364.12308883667,0.081848499285374,0.0213865412474901,0.0843262963935242,niche,Brain
3074,CosMx,Mouse Brain,Hemisphere_sub3,PRECAST,0.2107639690716371,0.3146238922327278,0.3572020652191961,0.5838018103858981,0.3504875874820675,0.2854184103473731,0.3146238922327278,95.8917359828949,533.5600000000001,0.5232015245354931,0.0369512645249334,-0.0575017102588572,niche,Brain
3075,CosMx,Mouse Brain,Hemisphere_sub3,SEDR,0.33676477870694826,0.40980979640366477,0.4676301272406804,0.6731777036684136,0.4531012949596411,0.374128733844872,0.40980979640366477,36.355568170547485,2650.122576713562,0.4496426869938065,0.03387000373407478,-0.04546658318300652,niche,Brain
3076,CosMx,Mouse Brain,Hemisphere_sub3,STAGATE,0.4566901863900883,0.6308483594312543,0.570044954219421,0.8162363030014292,0.6960244856184896,0.5768339232338737,0.6308483594312542,75.06594376564026,191.79166831970218,0.09513101476893757,0.02247692233713206,0.052709809023581765,niche,Brain
3077,CosMx,Mouse Brain,Hemisphere_sub3,SpaGCN,0.2947708459493959,0.3436659576599336,0.436150757481203,0.5796093377798952,0.3661602688478399,0.323775470339338,0.3436659576599336,338.5896637916565,2201.240665817261,0.4589804668889947,0.033675807370641,-0.12875271139778,niche,Brain
3078,CosMx,Mouse Brain,Hemisphere_sub3,SpaceFlow,0.43483476194749426,0.5988168214245999,0.5510871931844381,0.7979418770843258,0.6601606277914479,0.5479455919114908,0.5988168214246,201.52706055641175,395.12382926940916,0.07487374940447829,0.022212646932580078,0.044761029093401516,niche,Brain
3079,CosMx,Mouse Brain,Hemisphere_sub3,SpatialMGCN,0.2142359832463816,0.312096166529737,0.3587935021899243,0.5971414959504526,0.3512616851045594,0.280788388556896,0.312096166529737,59.820527696609496,1390.1580629348755,0.5517865650309671,0.0379510470035697,-0.0675003433385532,niche,Brain
3080,CosMx,Mouse Brain,Hemisphere_sub3,stLearn,0.1668229184915715,0.21988181352834055,0.32207286607976354,0.5264030490709862,0.2426736899603464,0.20101034499905795,0.21988181352834055,2.7533608436584474,160.62986793518067,0.7223630300142926,0.04209157958523646,-0.07248776260766188,niche,Brain
3081,CosMx,Mouse Brain,Hemisphere_sub4,BASS,0.5140056279193332,0.7097077806527028,0.5355104837938263,0.668033288459185,0.7235984708433179,0.6963403558445947,0.7097077806527028,2480.8422659397124,4767.1,0.6487578019826215,0.0460850229574714,-0.2618998968469389,celltype,Brain
3082,CosMx,Mouse Brain,Hemisphere_sub4,Banksy,0.4896938484689817,0.7103778212649523,0.5134499652321074,0.688679476196304,0.7319421745531484,0.69005169521682,0.7103778212649523,112.08706769943237,1579.51064453125,0.5900134622445232,0.04107951441689642,-0.2510633348816327,celltype,Brain
3083,CosMx,Mouse Brain,Hemisphere_sub4,CCST,0.2598408579882413,0.4431246606703162,0.2907581204184462,0.4645331048831232,0.4517553432478859,0.4348498143044601,0.4431246606703162,5406.970382022858,17553.4085855484,0.10447925590502996,0.0188663232415931,-0.13617240505798436,celltype,Brain
3084,CosMx,Mouse Brain,Hemisphere_sub4,CellCharter,0.3660018704017721,0.6199799105703627,0.396699555987888,0.597038306204871,0.6484999219659778,0.5938684484833002,0.6199799105703627,1309.2701081752778,440.7495742797852,0.4934402153959123,0.02973000447166408,-0.19600050493668308,celltype,Brain
3085,CosMx,Mouse Brain,Hemisphere_sub4,DeepST,0.4131015514826177,0.6062261066122707,0.4387594051573789,0.6398971974054584,0.6218661010140524,0.5913689677504166,0.6062261066122707,210.09462451934814,6273.939960098267,0.3844817035858524,0.033091704563568004,-0.2112178696167056,celltype,Brain
3086,CosMx,Mouse Brain,Hemisphere_sub4,GraphST,0.2883236401750726,0.4765671452151591,0.3182362999130541,0.490209276710317,0.4913965329862789,0.46260658194570536,0.4765671452151592,95.26376552581787,10439.345894050599,0.2973320279035614,0.0202089612122049,-0.1749496458108016,celltype,Brain
3087,CosMx,Mouse Brain,Hemisphere_sub4,PRECAST,0.44106555433080163,0.6558355227863656,0.4660953491780024,0.6044547790968058,0.6765550596407603,0.6363473493277362,0.6558355227863655,628.9372179508209,838.86,0.6687064006853506,0.0512391123353523,-0.2630864613140984,celltype,Brain
3088,CosMx,Mouse Brain,Hemisphere_sub4,SEDR,0.3811748014443559,0.6172124524321433,0.41005945367857943,0.6147717537633093,0.641497062386946,0.5947038491490532,0.6172124524321433,104.52894396781922,6313.541815376282,0.5225186635662709,0.02904813672774406,-0.22645213291051128,celltype,Brain
3089,CosMx,Mouse Brain,Hemisphere_sub4,STAGATE,0.27082145880650527,0.4760760487349501,0.30118226470853815,0.4866846163260311,0.48992739480173064,0.4629878664533387,0.4760760487349501,215.34583292007446,296.1599655151367,0.20465059356259938,0.020236533535501443,-0.17279202915684622,celltype,Brain
3090,CosMx,Mouse Brain,Hemisphere_sub4,SpaGCN,0.45739726267437864,0.6717002319390274,0.480637698041028,0.6316240362256762,0.6774740356573343,0.6660240115790755,0.6717002319390275,629.6791726112366,5232.74815826416,0.6351119813976257,0.0394610237305621,-0.3011580234905218,celltype,Brain
3091,CosMx,Mouse Brain,Hemisphere_sub4,SpaceFlow,0.204026999046732,0.4166729008720867,0.23772449729190695,0.4327499694039897,0.43853419278750305,0.3968920303508573,0.4166729008720867,657.869158411026,728.8157133102417,0.4799290172561498,0.025698285781122644,-0.20796915956245005,celltype,Brain
3092,CosMx,Mouse Brain,Hemisphere_sub4,SpatialMGCN,0.4741228596066427,0.713649852614133,0.4982897853741883,0.7058499571655856,0.7359949265837061,0.6926216083788254,0.7136498526141332,273.7537644863129,2352.532403564453,0.6270958267041977,0.0437980315293759,-0.2848646689629517,celltype,Brain
3093,CosMx,Mouse Brain,Hemisphere_sub4,stLearn,0.4500178112814338,0.6863224700419952,0.47638686533810815,0.663566270958267,0.7113198333323355,0.6630260580040828,0.6863224700419952,7.758680963516236,249.04407405853271,0.7539346469220414,0.05057797214979855,-0.27695042227079225,celltype,Brain
3094,CosMx,Mouse Brain,Hemisphere_sub4,BASS,0.5874341287478541,0.7123387809115699,0.6270943485717707,0.7405458328233998,0.7183884742873013,0.7063901280154102,0.7123387809115699,2480.8422659397124,4767.1,0.0417329580222739,0.0173920871421562,-0.05708948154675379,niche,Brain
3095,CosMx,Mouse Brain,Hemisphere_sub4,Banksy,0.621742229228777,0.758871404584008,0.659720475040136,0.8401052502753641,0.7874421168624727,0.7323013608513017,0.7588714045840079,35.433488035202025,1579.3721797943115,0.1147962305715334,0.0180348651732809,-0.0894600096563924,niche,Brain
3096,CosMx,Mouse Brain,Hemisphere_sub4,CCST,0.4907475446606583,0.6994121853186492,0.5387713314652791,0.7023252967812997,0.7179195985134256,0.6818729880392562,0.6994121853186492,5447.758886432648,17555.955613517763,0.06044547790968052,0.0176510866036588,-0.04604477079690088,niche,Brain
3097,CosMx,Mouse Brain,Hemisphere_sub4,CellCharter,0.4434815970520269,0.6371440994572055,0.495492167014531,0.6809203279892302,0.6638871998334619,0.6125029233200877,0.6371440994572055,1308.6575781345368,438.14240951538085,0.2993391261779464,0.022851395792952162,-0.10090820353003009,niche,Brain
3098,CosMx,Mouse Brain,Hemisphere_sub4,DeepST,0.44696605717747306,0.6189872930115229,0.509834940843425,0.6311345000611921,0.6071539568880019,0.6315345210430006,0.6189872930115228,608.1341021060944,6273.939604949951,0.19545955207440946,0.023979386838051158,-0.11794489387678309,niche,Brain
3099,CosMx,Mouse Brain,Hemisphere_sub4,GraphST,0.537622935377928,0.7016608172574269,0.5818918242702983,0.7768327010157875,0.7265787656531767,0.6783953156139935,0.701660817257427,68.77175569534302,10439.343335914611,0.1351119813976257,0.0177471957497948,-0.0858286012388199,niche,Brain
3100,CosMx,Mouse Brain,Hemisphere_sub4,PRECAST,0.2704648067863904,0.4119901623568746,0.3358429102041218,0.49755231917757914,0.4276308910860453,0.3974531920649412,0.41199016235687436,249.16636805534364,764.5600000000001,0.5384285889120058,0.0346780701195126,-0.1957749815198945,niche,Brain
3101,CosMx,Mouse Brain,Hemisphere_sub4,SEDR,0.4115342517877704,0.595971294851185,0.46647363829367877,0.6495410598457961,0.6120981125236826,0.5806841946528891,0.5959712948511849,72.90517148971557,6313.540369606018,0.35127891322971483,0.0251258171918347,-0.15017412540666175,niche,Brain
3102,CosMx,Mouse Brain,Hemisphere_sub4,STAGATE,0.60111801927556,0.7636701016631009,0.6395429036089983,0.8129849467629422,0.7849755593161019,0.7434936850281525,0.7636701016631009,145.22854018211365,296.15766010284426,0.08525272304491492,0.0179874538866346,-0.09930934324402926,niche,Brain
3103,CosMx,Mouse Brain,Hemisphere_sub4,SpaGCN,0.2802393589688749,0.45660524697380944,0.3547408394520017,0.5258842246970995,0.4550039597943211,0.4582178447202002,0.45660524697380944,775.337494134903,5251.756304550171,0.4304858646432505,0.029653082989016998,-0.2094580309636195,niche,Brain
3104,CosMx,Mouse Brain,Hemisphere_sub4,SpaceFlow,0.45009171234648376,0.6427897629203867,0.501792119620963,0.6757434830498104,0.6674506367132885,0.6199665594171094,0.6427897629203867,140.23513765335085,452.7771854400635,0.198237669807857,0.019869861811363042,-0.13128412729002656,niche,Brain
3105,CosMx,Mouse Brain,Hemisphere_sub4,SpatialMGCN,0.2891851138159085,0.46641206078256203,0.3572464842574593,0.5576428833680088,0.4713076128645711,0.4616171650252139,0.46641206078256203,140.42976508140563,2352.5346755981445,0.4714845184187982,0.030992347290448495,-0.2434511930788556,niche,Brain
3106,CosMx,Mouse Brain,Hemisphere_sub4,stLearn,0.2512061146527941,0.39460312677895126,0.31967128608788953,0.46683392485619873,0.40577166159703076,0.3840354719611635,0.39460312677895126,3.715010929107666,249.0432538986206,0.5888385754497614,0.03569239936856466,-0.19020816514725505,niche,Brain
3107,CosMx,Mouse Brain,Hippocampus_sub1,BASS,0.5141667898992252,0.7209932131550596,0.5364252535875843,0.6720471829892907,0.7300669139566972,0.7121422901161204,0.7209932131550597,3168.7889999866484,5451.32,0.6928966837394589,0.0402830856667981,-0.2541113614877437,celltype,Brain
3108,CosMx,Mouse Brain,Hippocampus_sub1,Banksy,0.47539520465872054,0.7183035605812513,0.5026288850806144,0.7060272129960163,0.7440481495824341,0.6942837032604079,0.7183035605812513,118.57812957763672,1862.2173871994019,0.6309379688550882,0.0364519660500363,-0.2735686414498371,celltype,Brain
3109,CosMx,Mouse Brain,Hippocampus_sub1,CCST,0.21948135701233223,0.42880057755061884,0.25317555088544075,0.44815562108748513,0.4397196081908101,0.41842632832473736,0.42880057755061884,7535.937493228912,24573.20829715729,0.13302291893010498,0.01711174963548546,-0.1960768682149656,celltype,Brain
3110,CosMx,Mouse Brain,Hippocampus_sub1,CellCharter,0.33261758809778114,0.6070627380865024,0.3673795156304006,0.5795229965337059,0.6383767964686768,0.5786783447308828,0.6070627380865025,1588.428156042099,524.3811599731446,0.5432769413834135,0.0266147127872746,-0.2221679791241756,celltype,Brain
3111,CosMx,Mouse Brain,Hippocampus_sub1,DeepST,0.4407968137955742,0.6261605454575536,0.4662993602653803,0.6541362719230173,0.6390973793142507,0.6137410904068973,0.6261605454575536,307.4201816082001,8743.50196800232,0.4288995809405556,0.030336633480789084,-0.2529305833503199,celltype,Brain
3112,CosMx,Mouse Brain,Hippocampus_sub1,GraphST,0.2692406337331959,0.47479962993789837,0.3012028291950374,0.48305654715712143,0.48683063135904375,0.4633489296891999,0.47479962993789837,151.47346210479736,14551.06399230957,0.3074654663976408,0.018440438118012,-0.21924683488919866,celltype,Brain
3113,CosMx,Mouse Brain,Hippocampus_sub1,PRECAST,0.4646342109747933,0.6752652240262855,0.49277686911513785,0.6354182834083502,0.702434220909739,0.6501196677572684,0.6752652240262854,719.2330599784851,919.0799999999999,0.7147808991670547,0.0467579008482601,-0.2823711535467352,celltype,Brain
3114,CosMx,Mouse Brain,Hippocampus_sub1,SEDR,0.3889335123812427,0.6205108774917918,0.41859956767295337,0.6194319416420921,0.6430110958846458,0.5995377058961993,0.6205108774917918,176.47358851432801,8788.888375091552,0.5223653577525997,0.025959300097212763,-0.23462812993174337,celltype,Brain
3115,CosMx,Mouse Brain,Hippocampus_sub1,STAGATE,0.24694455751701821,0.46334964826368397,0.2800078288708538,0.4876092917378033,0.4803860285324079,0.4474855636303957,0.46334964826368397,297.7638956546783,353.4619140625,0.2529773914842982,0.01848919088893546,-0.21911536470492216,celltype,Brain
3116,CosMx,Mouse Brain,Hippocampus_sub1,SpaGCN,0.4519363996456427,0.66910125717948,0.47665891269437555,0.6462827875213409,0.674625477161343,0.6636667733440453,0.66910125717948,465.4726446628571,7331.914789962769,0.6540948833359201,0.036061365177206,-0.3025329116364457,celltype,Brain
3117,CosMx,Mouse Brain,Hippocampus_sub1,SpaceFlow,0.17973816922523886,0.41533087860233264,0.21561088209585524,0.43502509183092763,0.4383245455496527,0.39463028311461607,0.41533087860233264,473.3424515247345,623.8275115966796,0.4455688343939158,0.021666897121643998,-0.19487952182479834,celltype,Brain
3118,CosMx,Mouse Brain,Hippocampus_sub1,SpatialMGCN,0.5659525383213216,0.7413876580563458,0.5859695641336619,0.7388897511511201,0.7603820537933779,0.723319097503665,0.7413876580563458,323.6138132095337,3184.4282468795777,0.659992756997258,0.0386135036665729,-0.3388981465079227,celltype,Brain
3119,CosMx,Mouse Brain,Hippocampus_sub1,stLearn,0.4832673268684067,0.7188350025677466,0.5106607816960577,0.7095969786331419,0.7454354512168172,0.6940786225137839,0.7188350025677466,9.209683656692505,295.7497589111328,0.7541931812302758,0.04525869720852946,-0.2965189020756246,celltype,Brain
3120,CosMx,Mouse Brain,Hippocampus_sub1,BASS,0.6646084958898196,0.7518174386586218,0.6982268642649485,0.7653267111593978,0.7445358826823243,0.7592428284667881,0.7518174386586218,3168.7889999866484,5451.32,0.0324900408712297,0.0157245747597091,-0.10843485111094811,niche,Brain
3121,CosMx,Mouse Brain,Hippocampus_sub1,Banksy,0.6534232098468695,0.7637828825866937,0.6870017197636336,0.7713797920223499,0.7656358468752712,0.7619388655989884,0.7637828825866937,46.03037643432617,1862.2165431976318,0.052149619742356004,0.0153568370510928,-0.0984786648799952,niche,Brain
3122,CosMx,Mouse Brain,Hippocampus_sub1,CCST,0.5340466654182148,0.7301534992211323,0.5788569302006682,0.7220859847896943,0.737697042514903,0.7228379373567577,0.7301534992211323,7533.460845041275,24573.206121635438,0.05521237518754198,0.0157333233783912,-0.08049905884904263,niche,Brain
3123,CosMx,Mouse Brain,Hippocampus_sub1,CellCharter,0.413797742489055,0.6159554324623164,0.4670589963128976,0.645237725697139,0.6384847222634347,0.594983391486325,0.6159554324623164,1586.1388204574585,519.6636362075806,0.33721351337368716,0.02078885680857504,-0.10887380421060174,niche,Brain
3124,CosMx,Mouse Brain,Hippocampus_sub1,DeepST,0.4284712296794447,0.5908244912722969,0.48859022304340494,0.5984996637177298,0.581591989354272,0.600368739598046,0.5908244912722969,765.3972966194153,8743.501112747192,0.24657250763102073,0.021126619408474278,-0.16864245788434512,niche,Brain
3125,CosMx,Mouse Brain,Hippocampus_sub1,GraphST,0.6132064726257479,0.7196903887275786,0.649539299890263,0.7817269387966268,0.7286576322005758,0.7109411733015087,0.7196903887275787,84.5706241607666,14551.063073158264,0.1030058461379274,0.015799126515068,-0.1026591962281564,niche,Brain
3126,CosMx,Mouse Brain,Hippocampus_sub1,PRECAST,0.24272845903753,0.3887144089887505,0.3093294603984081,0.4820735682135651,0.4017615989882623,0.376487978680945,0.3887144089887505,297.1182159900665,871.74,0.5975477262144964,0.0308099548428027,-0.1963370916255062,niche,Brain
3127,CosMx,Mouse Brain,Hippocampus_sub1,SEDR,0.45589172760558616,0.6365960928676817,0.5058181602869662,0.6816389880490454,0.6522464944294118,0.6217023151578938,0.6365960928676817,99.13244590759277,8788.847701835632,0.2881369962232914,0.0204661282880516,-0.12289595970237432,niche,Brain
3128,CosMx,Mouse Brain,Hippocampus_sub1,STAGATE,0.6172561804499488,0.7478578743213271,0.6539258686966244,0.8142894096952766,0.769630226554633,0.727389923031618,0.7478578743213272,152.99738011360168,353.46085319519045,0.10409229654922654,0.016241897729516543,-0.07868973143735102,niche,Brain
3129,CosMx,Mouse Brain,Hippocampus_sub1,SpaGCN,0.2754865417217991,0.4372119315325477,0.3468308229433618,0.496714780899167,0.435666260326939,0.4387686093549156,0.4372119315325477,869.0036813735962,7293.135700416565,0.5088726783589426,0.025918655742521703,-0.2369054144173433,niche,Brain
3130,CosMx,Mouse Brain,Hippocampus_sub1,SpaceFlow,0.5216416678496513,0.6948647523084657,0.5661113849981231,0.717967820373532,0.7108802801520211,0.6797495763526308,0.6948647523084656,142.91496062278748,466.3167112350464,0.14376325728180453,0.01695272151669858,-0.09498462400387739,niche,Brain
3131,CosMx,Mouse Brain,Hippocampus_sub1,SpatialMGCN,0.2630352078332819,0.4454306834507554,0.3337650838157686,0.5541931812302757,0.447625134548271,0.4432576436735694,0.4454306834507554,138.57357807159423,3203.041174125671,0.5510890371979926,0.0267389805645769,-0.2587344998335654,niche,Brain
3132,CosMx,Mouse Brain,Hippocampus_sub1,stLearn,0.1994768684203236,0.35008987543513126,0.2746266359881922,0.41952506596306066,0.3551683852964723,0.3451622076240081,0.35008987543513126,4.432017230987549,295.75142230987547,0.6519323296600963,0.031738195858455595,-0.18871818216100975,niche,Brain
3133,CosMx,Mouse Brain,Hippocampus_sub2,BASS,0.5428708237037868,0.7394306652585015,0.5641540240518385,0.7186292192733832,0.7567773977061664,0.7228613510952946,0.7394306652585015,2621.0298260211944,5258.18,0.6767328008245298,0.0401210697081268,-0.2620939275935546,celltype,Brain
3134,CosMx,Mouse Brain,Hippocampus_sub2,Banksy,0.5152776542645952,0.7363066814311794,0.5390996541207721,0.7165678948724555,0.7577508013502117,0.7160428830634037,0.7363066814311795,113.76218214035035,1887.4514120101928,0.634990981705746,0.0386738618284597,-0.2826114926028558,celltype,Brain
3135,CosMx,Mouse Brain,Hippocampus_sub2,CCST,0.2041113022216503,0.42954895251766095,0.23764013198605438,0.4379283689770677,0.44027726213010165,0.41934136486892176,0.42954895251766106,7565.837476968765,24746.94639072418,0.12680237052306104,0.01714909015488202,-0.1761103172680813,celltype,Brain
3136,CosMx,Mouse Brain,Hippocampus_sub2,CellCharter,0.3435771920732441,0.6202973105964369,0.37561801437735276,0.5814171605256377,0.647859507134475,0.5949907144304171,0.6202973105964369,1600.6884696483612,549.232818031311,0.5556609121360474,0.026987938581188496,-0.22795486720209807,celltype,Brain
3137,CosMx,Mouse Brain,Hippocampus_sub2,DeepST,0.38028559099854814,0.6056706822055304,0.42655328427099093,0.5985776861633599,0.598948399885337,0.626765095824074,0.6056706822055304,419.18650951385496,8820.763214683533,0.4018861118268487,0.0278245535312104,-0.20842747101819875,celltype,Brain
3138,CosMx,Mouse Brain,Hippocampus_sub2,GraphST,0.2614883902286639,0.47757635441699764,0.2931196192028439,0.4729708837928369,0.4879933468066822,0.4675948013507495,0.47757635441699764,177.52138071060182,14672.142420196533,0.3185261530533367,0.0182128169106345,-0.2259841089667641,celltype,Brain
3139,CosMx,Mouse Brain,Hippocampus_sub2,PRECAST,0.5065416322990218,0.6964951330694779,0.5297691029989631,0.6612728678175728,0.7175731459724655,0.6766200767248063,0.6964951330694779,740.7278460025788,968.9,0.6913682040711157,0.044874904015051,-0.2902405106911538,celltype,Brain
3140,CosMx,Mouse Brain,Hippocampus_sub2,SEDR,0.3772269796329335,0.6157339293803428,0.4062687674229113,0.6052357639783561,0.6377438184660189,0.5951958539348475,0.6157339293803428,222.5290906906128,8857.133328819275,0.5162793094563256,0.025739418650842498,-0.2476940704574754,celltype,Brain
3141,CosMx,Mouse Brain,Hippocampus_sub2,STAGATE,0.21251511889591831,0.42655529836319284,0.24564133971069513,0.44704972945117233,0.44040992763465414,0.41355254520911766,0.42655529836319284,285.333842420578,373.5120536804199,0.24871940221592373,0.018883927948961782,-0.2108915359240177,celltype,Brain
3142,CosMx,Mouse Brain,Hippocampus_sub2,SpaGCN,0.45728910503654363,0.6769526321875988,0.48125316984841604,0.6557072919350683,0.6823442778744365,0.6716455243072549,0.6769526321875988,257.43991961479185,7377.681516647339,0.6644163875289874,0.0358473170556453,-0.3307910562441369,celltype,Brain
3143,CosMx,Mouse Brain,Hippocampus_sub2,SpaceFlow,0.1781810908139672,0.41412486009006333,0.21305398133088396,0.42296315382633337,0.4354452148865892,0.3947955422805012,0.41412486009006333,743.2500775337219,771.9716278076172,0.47517650090182945,0.02228223583084732,-0.20461332593217332,celltype,Brain
3144,CosMx,Mouse Brain,Hippocampus_sub2,SpatialMGCN,0.5287960096690064,0.7355895323157801,0.5515644131040681,0.7306364339087864,0.7577089803959993,0.7147248986678316,0.7355895323157801,286.3508008956909,3234.4428256988526,0.7023447565060551,0.0371290616767654,-0.3527542780772513,celltype,Brain
3145,CosMx,Mouse Brain,Hippocampus_sub2,stLearn,0.4978540237239727,0.7307267230513931,0.5233881637866901,0.7165885081164648,0.7555517524691451,0.7075013827949875,0.7307267230513931,9.091020584106445,304.5142082214355,0.7658129348106157,0.04390159654673552,-0.3040248032825357,celltype,Brain
3146,CosMx,Mouse Brain,Hippocampus_sub2,BASS,0.6508267543629037,0.7440807055030203,0.686282593423246,0.7640298892038134,0.7430083325403861,0.7451561784199193,0.7440807055030203,2621.0298260211944,5258.18,0.0372069054367431,0.015491671352077902,-0.0838156535656391,niche,Brain
3147,CosMx,Mouse Brain,Hippocampus_sub2,Banksy,0.60849243710605,0.7250493347339646,0.6472330214605677,0.7480030919866014,0.7286455965691582,0.7214883975638086,0.7250493347339647,35.56052689552307,1887.45283203125,0.0899252769904663,0.0163311293431339,-0.1130224887690063,niche,Brain
3148,CosMx,Mouse Brain,Hippocampus_sub2,CCST,0.4857139604669761,0.6989017659758205,0.5359856065520613,0.6956660654470498,0.7087868991752811,0.6893385818187892,0.6989017659758205,7574.35602350235,24746.94637260437,0.06408657562483892,0.01602090732023296,-0.0906804911351342,niche,Brain
3149,CosMx,Mouse Brain,Hippocampus_sub2,CellCharter,0.3960676295734344,0.603974162906163,0.4529754440154526,0.6461015202267457,0.6285487725601048,0.5812789347677381,0.6039741629061631,1599.1413539409637,553.79172706604,0.3310796186549858,0.02072369278529448,-0.10794980908488097,niche,Brain
3150,CosMx,Mouse Brain,Hippocampus_sub2,DeepST,0.4377974131995074,0.5918569265268726,0.49589851269249596,0.6083895903117753,0.5897188624089232,0.5941102366165113,0.5918569265268725,760.6035074234009,8820.762977027893,0.2477196598814738,0.02150431308401956,-0.1685838828108959,niche,Brain
3151,CosMx,Mouse Brain,Hippocampus_sub2,GraphST,0.5725615956207342,0.6971568288645036,0.6153260874731362,0.7390878639525895,0.6989691677327576,0.6953538640226542,0.6971568288645036,83.63001585006714,14672.138826179504,0.10832259726874512,0.0160839838629428,-0.11968647445514628,niche,Brain
3152,CosMx,Mouse Brain,Hippocampus_sub2,PRECAST,0.23551619733001622,0.3818600592911104,0.3061322582217691,0.45132697758309714,0.3938103362221351,0.3706136905961188,0.3818600592911104,295.7262060165405,882.4200000000001,0.5704715279567122,0.030946504936016,-0.1842121198104173,niche,Brain
3153,CosMx,Mouse Brain,Hippocampus_sub2,SEDR,0.41860724011940464,0.6107875751410521,0.4748262948842167,0.6343828910074722,0.6223075778714119,0.5997433615467542,0.6107875751410521,106.0872371673584,8857.132112693787,0.32449368719402216,0.02073164118082544,-0.15763070429573278,niche,Brain
3154,CosMx,Mouse Brain,Hippocampus_sub2,STAGATE,0.5953995324659466,0.7483742654793488,0.6348074049922964,0.7815099201236795,0.7642016571388781,0.7332023696740452,0.7483742654793488,137.27836580276488,373.5121904373169,0.10630249935583609,0.01653911449130946,-0.11545792220156556,niche,Brain
3155,CosMx,Mouse Brain,Hippocampus_sub2,SpaGCN,0.250178813760654,0.4239679474007674,0.3352283442314417,0.4810100489564545,0.41535173154056115,0.4329492121582921,0.4239679474007674,857.2069646835328,7377.6800729751585,0.4702911620716311,0.026409201156538796,-0.21382734970540138,niche,Brain
3156,CosMx,Mouse Brain,Hippocampus_sub2,SpaceFlow,0.4315535780163039,0.6515474218378924,0.48555458553073105,0.684782272610152,0.6777854713020843,0.6272800933473258,0.6515474218378924,195.67147135734558,503.6076152801514,0.1947539293996392,0.01785992547863566,-0.09756131126828088,niche,Brain
3157,CosMx,Mouse Brain,Hippocampus_sub2,SpatialMGCN,0.24483235199990888,0.42781834680114506,0.3167081706616986,0.5329038907498067,0.4360250640178497,0.41991485060697864,0.42781834680114506,139.38925557136537,3214.2358921051027,0.5724297861375934,0.027527485509552096,-0.236903533025865,niche,Brain
3158,CosMx,Mouse Brain,Hippocampus_sub2,stLearn,0.20845892690924642,0.3594439644069422,0.28736908750573886,0.4348673022416903,0.36392210182614826,0.3550834698879811,0.3594439644069422,4.533748769760132,304.5178457260132,0.6006596238082968,0.03135413710640348,-0.18717443351699986,niche,Brain
