,Technology,Dataset,Sample,Method,Tissue,ARI,NMI,FMI,Purity,Homogeneity,Completeness,V_measure,Time,Memory,PAS,CHAOS,ASW
14,10X,Chicken Heart,D10,BASS,Heart,0.4434790535756929,0.5867763757460764,0.5404747129253973,0.6696242171189979,0.5834500131385225,0.5901408843185011,0.5867763757460763,1322.4258059978486,1349.68,0.051670146137787,0.0650049138264046,-0.0226602966068533
15,10X,Chicken Heart,D10,Banksy,Heart,0.4962033221118654,0.5711873619734638,0.5904951467959321,0.7075156576200418,0.56142215139896,0.5814150692816401,0.5711873619734638,9.278538990020753,328.487407875061,0.07901878914405,0.0671518907027496,-0.0848021459165166
16,10X,Chicken Heart,D10,BayesSpace,Heart,0.6101471775364533,0.6496082522285817,0.6805478095039781,0.8011482254697286,0.6385901440612246,0.6610132441340413,0.6496082522285817,954.5760100364683,4129.58,0.1106471816283924,0.0658941389888325,-0.0448246670544635
17,10X,Chicken Heart,D10,CCST,Heart,0.3404634795886128,0.4776649252851865,0.4614056722453566,0.5980167014613779,0.4689912489808831,0.4868035778149203,0.4776649252851865,130.26701498031616,458.95351829528806,0.0442588726513569,0.0649748449067909,0.0298973533796603
18,10X,Chicken Heart,D10,CellCharter,Heart,0.3721522170852137,0.4978015015929754,0.4778203473974798,0.6132567849686847,0.5009999723962524,0.4947050790972609,0.4978015015929753,177.29826588630675,161.8408878326416,0.1203549060542797,0.0670656889199074,-0.04117385859643
19,10X,Chicken Heart,D10,DeepST,Heart,0.477717712957551,0.5859104794580696,0.5686187253425985,0.7197286012526096,0.5824572274390489,0.5894439408862151,0.5859104794580696,144.02872376441957,2003.8298509597776,0.0749478079331941,0.0657711064322101,0.0438456278422525
20,10X,Chicken Heart,D10,GraphST,Heart,0.4633953731153696,0.5786850480571176,0.5862488180957449,0.7343423799582464,0.542510506241405,0.6200284799676157,0.5786850480571176,15.239378595352171,298.96874542236327,0.1247390396659707,0.06753118542431,-0.1038668194828524
21,10X,Chicken Heart,D10,PRECAST,Heart,0.4978008155114832,0.6406371835210841,0.6222162317335979,0.7244258872651357,0.5867940054394228,0.7053597436286876,0.6406371835210841,20.03418197631836,676.22,0.1122129436325678,0.0706339143408756,-0.0356078095485275
22,10X,Chicken Heart,D10,SEDR,Heart,0.4503088226509334,0.5255230645959519,0.5471806535469492,0.6814196242171191,0.5244005834089842,0.526731737334088,0.5255230645959518,17.19746732711792,646.61129322052,0.0514613778705636,0.0647255447690265,-0.0712989808735011
23,10X,Chicken Heart,D10,STAGATE,Heart,0.5590359242164713,0.6192960389594931,0.6437700253602967,0.7741127348643007,0.6038206929167751,0.6357743600633541,0.6192960389594931,32.49972624778748,268.6144378662109,0.0939457202505218,0.0679759146292342,-0.0729789312424613
24,10X,Chicken Heart,D10,SpaGCN,Heart,0.6466554929782553,0.6532179649372978,0.7066123272492741,0.8199373695198331,0.657245008973991,0.6492399690453119,0.6532179649372978,28.91997036933899,355.00276470184326,0.1383089770354906,0.0689332751062401,-0.0602121661659569
25,10X,Chicken Heart,D10,SpaceFlow,Heart,0.3867743680011093,0.5054852892206342,0.4937552596656703,0.6406054279749478,0.5027249014914096,0.5085179282254274,0.5054852892206342,15.007435274124145,228.9009149551392,0.0698329853862212,0.0649262235898732,-0.0418982773599396
26,10X,Chicken Heart,D10,SpatialMGCN,Heart,0.4321226103634638,0.5837104974312389,0.5401501878886403,0.68580375782881,0.5683701415031219,0.5999018980088106,0.583710497431239,39.03094816207886,196.17334041595456,0.0464509394572025,0.0649318156328946,-0.088474039382694
27,10X,Chicken Heart,D10,stLearn,Heart,0.3903950272108583,0.5245422894683848,0.4997029703403994,0.6847599164926931,0.5177551691293647,0.5315097146331388,0.5245422894683848,185.78576245307923,2198.2335556030275,0.213465553235908,0.0707575745588607,-0.0516649367803943
28,10X,Chicken Heart,D14,BASS,Heart,0.635071043073588,0.6443970944401296,0.7262240735457864,0.8057956278596847,0.6226968645269633,0.6676643879645152,0.6443970944401296,1409.6669799804688,1172.54,0.0559227249618708,0.0808068397291105,0.0941157183153437
29,10X,Chicken Heart,D14,Banksy,Heart,0.5030484456036768,0.5230236743599963,0.6388577559796927,0.759023894255211,0.495027913188778,0.5543757896501765,0.5230236743599963,9.806933164596558,336.4635482788086,0.0574478901881037,0.0812134102646983,0.0530470183591759
30,10X,Chicken Heart,D14,BayesSpace,Heart,0.6227331651242661,0.6111827966817595,0.7188312303631724,0.7900355871886121,0.5819630143026764,0.6434918821331198,0.6111827966817595,978.723862028122,4212.84,0.0584646670055922,0.0825076106400632,0.1146549699585305
31,10X,Chicken Heart,D14,CCST,Heart,0.5344370045250042,0.5479173594806499,0.6491852839231125,0.7362480935434672,0.5248299889552552,0.573404974966923,0.5479173594806499,132.92051763534545,468.0980297088623,0.0254194204372139,0.0807199139200205,0.074732782262442
32,10X,Chicken Heart,D14,CellCharter,Heart,0.5049050641446533,0.5655752490498236,0.607443859627286,0.7493645144890697,0.5846657745973327,0.5477574541779753,0.5655752490498236,177.53233017921448,155.14279708862304,0.1154041687849516,0.0831510183284363,0.0482823771255577
33,10X,Chicken Heart,D14,DeepST,Heart,0.5227825768034323,0.5728433973106768,0.6235525678776178,0.7800711743772242,0.584586599515686,0.5616855737300582,0.5728433973106768,141.84857940673828,2044.834725189209,0.0684290798169801,0.0816741055150001,0.1101545942007683
34,10X,Chicken Heart,D14,GraphST,Heart,0.4929219076207308,0.5447149582731077,0.6388494340220532,0.7559735638027453,0.5039555722900827,0.592647665603869,0.5447149582731077,15.694324827194214,307.8722114562988,0.1159125571936959,0.0832045837547172,0.0211446688588502
35,10X,Chicken Heart,D14,PRECAST,Heart,0.5900132443091907,0.5847192188273979,0.7090059284954109,0.7671581087951195,0.5451609883041162,0.6304675010386944,0.584719218827398,18.47176399230957,687.2,0.1204880528723945,0.086693616666596,-0.0468353809695382
36,10X,Chicken Heart,D14,SEDR,Heart,0.4484719161110087,0.5097282081988667,0.5629766531625003,0.7133706151499746,0.5244466975839546,0.4958458872993743,0.5097282081988667,16.97954206466675,637.9749855041504,0.029588205388917,0.0808590946026893,0.0876944202380697
37,10X,Chicken Heart,D14,STAGATE,Heart,0.567067925429247,0.5596679240417288,0.6646605307879665,0.773157092018302,0.5546897322287575,0.5649787333938162,0.5596679240417288,34.626778793334964,257.3339958190918,0.0612099644128113,0.0817228423266681,0.0342380423436608
38,10X,Chicken Heart,D14,SpaGCN,Heart,0.545212620380224,0.5909011508802666,0.6412707153920352,0.7834265378749364,0.603233945601559,0.5790625278406925,0.5909011508802666,40.72750926017761,272.8659381866455,0.0854092526690391,0.0817832061856843,0.0562299031990094
39,10X,Chicken Heart,D14,SpaceFlow,Heart,0.4416083443829421,0.497092665212796,0.5622373118280443,0.686934417895272,0.500122155692501,0.4944904832837437,0.4970926652127959,30.082600545883174,224.3343008041382,0.0469750889679714,0.0808386306821493,0.0248966348689695
40,10X,Chicken Heart,D14,SpatialMGCN,Heart,0.4998101649954241,0.542838794974931,0.6082005022178792,0.7432638535841383,0.5462228601264411,0.5394964028680025,0.542838794974931,39.9881826877594,192.2006238937378,0.0350788002033553,0.0809413533676628,-0.0353520494743971
41,10X,Chicken Heart,D14,stLearn,Heart,0.5615529117192735,0.5545255913744545,0.6721725504325702,0.742755465175394,0.5294346356769551,0.5821130829969784,0.5545255913744546,187.6570867061615,2195.8608781814573,0.1855617691916624,0.0836051652240984,-0.030404066920252
42,10X,Chicken Heart,D4,BASS,Heart,0.4457374693200119,0.4635921237396653,0.5774351414504605,0.6599732262382865,0.4538983929016847,0.4737089407160159,0.4635921237396653,643.4674319267273,1282.6,0.1231593038821954,0.0784905310447176,-0.1048197709749926
43,10X,Chicken Heart,D4,Banksy,Heart,0.0772501994156549,0.1297407992086169,0.2813547846465717,0.4042838018741633,0.1305942702145854,0.128898411128095,0.129740799208617,4.374069118499756,141.7793338775635,0.0281124497991967,0.0805676932330235,0.2299239488475742
44,10X,Chicken Heart,D4,BayesSpace,Heart,0.4594543342416757,0.4677281139587007,0.5943195812889268,0.6586345381526104,0.4410407778836502,0.4978531620685492,0.4677281139587007,370.7278319835663,1884.7,0.0481927710843373,0.0792451670107887,-0.1662259544311237
45,10X,Chicken Heart,D4,CCST,Heart,0.2623153085985329,0.2726550383044426,0.4697550461722992,0.5253012048192771,0.2480379437745165,0.303072603830161,0.2726550383044426,68.80285363197326,135.64248447418214,0.0366800535475233,0.0764073687436134,-0.1863189724175149
46,10X,Chicken Heart,D4,CellCharter,Heart,0.2854057128016007,0.3242718856272182,0.4459515152033395,0.5922356091030789,0.3246011146938408,0.3240281653224642,0.3242718856272182,85.86325531005859,92.89962921142578,0.2203480589022757,0.0807567160740467,0.0312401664489822
47,10X,Chicken Heart,D4,DeepST,Heart,0.2798597655720966,0.3513158610192687,0.4442768367211276,0.5823293172690762,0.3503793468501178,0.3523841927544612,0.3513158610192687,72.02742013931274,850.72028465271,0.1344042838018741,0.0785375136007225,-0.0236094724333229
48,10X,Chicken Heart,D4,GraphST,Heart,0.3795367986655628,0.4807392421603057,0.5329931474249319,0.677376171352075,0.4694479830581796,0.4925870467650735,0.4807392421603057,8.327399826049804,103.98066654205324,0.2182061579651941,0.0780611995114605,-0.0522610510726268
49,10X,Chicken Heart,D4,PRECAST,Heart,0.4757370669222817,0.5101949943936795,0.5985800190254226,0.6934404283801874,0.5031787021186469,0.517409723133515,0.5101949943936795,6.12803201675415,292.72,0.1994645247657296,0.0807114173790836,-0.1257136017986942
50,10X,Chicken Heart,D4,SEDR,Heart,0.1892109861418014,0.2979461932049737,0.3965741464462012,0.5502008032128514,0.2843746263587935,0.3129254708455179,0.2979461932049737,8.776182937622071,276.1399440765381,0.0353413654618473,0.0762427983595005,-0.1072201563620313
51,10X,Chicken Heart,D4,STAGATE,Heart,0.4496624948314845,0.4630030440124771,0.5787646283080778,0.6862115127175368,0.4575626034753179,0.4687931927827077,0.4630030440124771,17.589599514007567,122.22145919799804,0.1437751004016063,0.077301492195315,-0.0711051437801354
52,10X,Chicken Heart,D4,SpaGCN,Heart,0.4450681296372709,0.4414843989206891,0.5668452665084006,0.7202141900937081,0.4465551721766209,0.4365274930883325,0.4414843989206891,26.172684717178345,165.62171688079837,0.2208835341365461,0.079231261927271,-0.040896370180993
53,10X,Chicken Heart,D4,SpaceFlow,Heart,0.2803152886431675,0.3106207530128629,0.4370783888965325,0.5710843373493976,0.3162498786837894,0.3053732913624024,0.3106207530128629,16.79027862548828,108.35210514068604,0.0859437751004015,0.0767453268279443,-0.0791105396220356
54,10X,Chicken Heart,D4,SpatialMGCN,Heart,0.2627325629327591,0.3376291402222104,0.4637263233526733,0.5917001338688086,0.3166225269320448,0.3616212342091773,0.3376291402222103,13.101511335372924,78.29378833770753,0.0615796519410977,0.0805631856820434,-0.0630295685574667
55,10X,Chicken Heart,D4,stLearn,Heart,0.36133676705391,0.3980756740263123,0.5153643768489741,0.6037483266398929,0.37967780020651,0.4183473400851391,0.3980756740263123,74.18591809272766,773.1141532897949,0.3319946452476573,0.0815655104817028,-0.1566260532977088
56,10X,Chicken Heart,D7,BASS,Heart,0.4605272738970133,0.5785961897032762,0.5420217027406959,0.6724313326551373,0.5857636987137546,0.5716019661759907,0.5785961897032762,1504.252651977539,1270.56,0.0696846388606307,0.0693646253129635,-0.069265249232352
57,10X,Chicken Heart,D7,Banksy,Heart,0.3622496008459933,0.503881103581913,0.4730734589753129,0.6281790437436419,0.4903593047572749,0.5181697843786238,0.5038811035819128,9.271189403533937,336.4852550506592,0.1546286876907426,0.0719108265732174,-0.0828121910504375
58,10X,Chicken Heart,D7,BayesSpace,Heart,0.4478313613521941,0.5617748560476202,0.5352123784442738,0.7105798575788402,0.5598819697265749,0.5636805849805766,0.5617748560476201,982.4588439941406,4229.14,0.1388606307222787,0.0700254685837649,-0.0701851821137553
59,10X,Chicken Heart,D7,CCST,Heart,0.2947510625359628,0.4231106624648414,0.4226983714518201,0.5344862665310275,0.4032912865398027,0.445160814107874,0.4231106624648414,132.37352662086488,477.351056098938,0.0484231943031535,0.068969416443974,-0.1508551443398345
60,10X,Chicken Heart,D7,CellCharter,Heart,0.3813001106187724,0.5107667331286762,0.4762919004619227,0.6053916581892167,0.5143373594441052,0.5072461721058661,0.5107667331286762,179.23265614509583,170.8327716827393,0.1663275686673448,0.0707424153507247,-0.0782495316172258
61,10X,Chicken Heart,D7,DeepST,Heart,0.3770062716454525,0.5050404956518295,0.4803565039878686,0.5981688708036622,0.4968614706803588,0.5135604637567607,0.5050404956518295,139.56922030448914,2039.507709884644,0.1380467955239063,0.0697357462023356,-0.0827195201016351
62,10X,Chicken Heart,D7,GraphST,Heart,0.4452879284737663,0.569198487746659,0.534558359637708,0.6683621566632757,0.5657379662950388,0.5727016045711755,0.5691984877466589,16.313809537887572,313.26391315460205,0.2222787385554425,0.0707186697841935,-0.0640276270449288
63,10X,Chicken Heart,D7,PRECAST,Heart,0.4618457086812936,0.5921313726794196,0.5532998600460717,0.698880976602238,0.5804902023508239,0.6042490028031128,0.5921313726794196,15.184366035461426,660.9399999999999,0.2121057985757884,0.0722911908985419,-0.083593003389733
64,10X,Chicken Heart,D7,SEDR,Heart,0.3412638770101635,0.4824532086791531,0.4542717401688023,0.5825025432349948,0.4704414428236328,0.4952378329474842,0.4824532086791531,17.35034046173096,830.9370363235473,0.0653102746693794,0.0688627813112791,-0.1024854749228025
65,10X,Chicken Heart,D7,STAGATE,Heart,0.4358007662391251,0.5741935170246089,0.5295211711197565,0.6684638860630722,0.5670908703818267,0.5815111606035445,0.574193517024609,34.57992587089539,270.9727602005005,0.149643947100712,0.0698296129335989,-0.0925539515839834
66,10X,Chicken Heart,D7,SpaGCN,Heart,0.3821776988571165,0.5174668931042293,0.4803981037931765,0.6271617497456765,0.5158232430328853,0.5191210515099921,0.5174668931042293,78.61686239242553,284.33836460113525,0.217700915564598,0.071680528845941,-0.1417967910451096
67,10X,Chicken Heart,D7,SpaceFlow,Heart,0.3678497703645724,0.4636338809435479,0.4687533362419177,0.5792472024415056,0.4615887143092572,0.4657087445647233,0.4636338809435478,18.61378259658813,242.92573432922364,0.1076297049847405,0.0689589363698907,-0.0673321939740463
68,10X,Chicken Heart,D7,SpatialMGCN,Heart,0.4163915886509065,0.5588096208210493,0.5109203248401535,0.6449643947100712,0.5555605122925223,0.562096956719709,0.5588096208210492,43.62773575782776,192.5005990982056,0.1068158697863681,0.069993019039813,-0.0946329122273535
69,10X,Chicken Heart,D7,stLearn,Heart,0.4035837509009726,0.5362651793435437,0.500243273243204,0.6505595116988809,0.5325251743171476,0.54005808917291,0.5362651793435437,185.46100811958317,2274.4288724899293,0.2955239064089522,0.0737598864110799,-0.0767551178225425
70,10X,DLPFC,151507,BASS,Brain,0.504906153788966,0.6964700519948472,0.5900746729316805,0.7121535181236673,0.7044176004544089,0.6886998382255448,0.6964700519948471,1786.36577000618,2432.92,0.044776119402985,0.0584385952203261,0.0263318953159556
71,10X,DLPFC,151507,Banksy,Brain,0.4662872567795699,0.6368332520535798,0.5644397245087764,0.6647713811892917,0.6273536837971951,0.6468883068716174,0.6368332520535798,14.573495483398435,687.5726474761963,0.0472873726605069,0.05710859671709,-0.0075744039805674
72,10X,DLPFC,151507,BayesSpace,Brain,0.4775898900948039,0.6336498974696614,0.5766419387037393,0.662165363657901,0.6153547849280381,0.653066208304825,0.6336498974696615,2075.7734118938447,8305.3,0.0305614783226723,0.0566619115250571,0.0014053784304336
73,10X,DLPFC,151507,CCST,Brain,0.4665013202988935,0.6373220207619782,0.5831228933328376,0.677564558161573,0.5947899879112981,0.688293752775485,0.6373220207619783,342.2532364845276,1626.4160593032836,0.0171997157071783,0.0564108320260654,-0.046707216631244
74,10X,DLPFC,151507,CellCharter,Brain,0.439198305464865,0.5853794011484965,0.5346114749274997,0.6608386638237385,0.5950318128116681,0.5761642486396846,0.5853794011484965,205.8453345298767,377.1965770721436,0.0615967780146884,0.0572800809610286,0.1005765174139353
75,10X,DLPFC,151507,DeepST,Brain,0.5228678546743051,0.6371725147690945,0.604512670686969,0.7105425254678985,0.6468692093499275,0.6278813442673468,0.6371725147690945,339.8296623706818,5840.225760650635,0.0721156124141198,0.0567331603763555,0.0384965988019931
76,10X,DLPFC,151507,GraphST,Brain,0.4048731713446971,0.6190888771827664,0.5278446780571941,0.6344468135512912,0.5820349658133737,0.661181467737701,0.6190888771827664,26.41531090736389,1123.329942703247,0.0082918739635157,0.0562555391252555,-0.0366747986014869
77,10X,DLPFC,151507,PRECAST,Brain,0.5372834940466679,0.6427644320068783,0.6229503683770427,0.7199715707178393,0.6303785609515998,0.6556467807852953,0.6427644320068783,37.01820802688599,966.98,0.0424070125562662,0.0598027648116591,0.0387744457648684
78,10X,DLPFC,151507,SEDR,Brain,0.5321156781554254,0.6790488773928103,0.6180135261467701,0.7045249940772329,0.6695022935339464,0.6893225309140657,0.6790488773928103,23.35296201705933,2199.186318397522,0.0206586117033878,0.056303621134905,0.0264634949886834
79,10X,DLPFC,151507,STAGATE,Brain,0.5460283080457758,0.6710813693990049,0.622679676875465,0.746410803127221,0.6855243437986431,0.6572344220236035,0.6710813693990049,68.83641114234925,392.7487819671631,0.067851220090026,0.057807929821691,0.0367255654413312
80,10X,DLPFC,151507,SpaGCN,Brain,0.4553904154938349,0.58062973495582,0.5536092290718608,0.6685619521440417,0.5663785862134466,0.5956165661754399,0.5806297349558199,88.30054531097412,1100.7798860549926,0.1037668798862827,0.0581897540998824,-0.0320642097726762
81,10X,DLPFC,151507,SpaceFlow,Brain,0.5027936333490615,0.6419354702857752,0.5882564697833393,0.714759535655058,0.6495365587632818,0.6346184920907649,0.6419354702857752,58.66516695022583,432.4794723510742,0.0152570480928689,0.0562651669673784,0.0875552400223988
82,10X,DLPFC,151507,SpatialMGCN,Brain,0.4707711835173719,0.6044771564134531,0.5616002406742824,0.6704572376214167,0.6085886110874763,0.6004208806450029,0.6044771564134532,66.76495795249939,425.6635768890381,0.033167495854063,0.0562826987958664,-0.0260710387586883
83,10X,DLPFC,151507,stLearn,Brain,0.3974013254588202,0.5223724354900117,0.5217015361485742,0.6306562425965411,0.4801382940924325,0.5727532121209573,0.5223724354900117,392.6448361396789,7157.872786140442,0.187396351575456,0.0593685482945901,-0.0923032324503035
84,10X,DLPFC,151508,BASS,Brain,0.4948716368836033,0.6197839514245518,0.5912505225988272,0.7062314540059347,0.6185662951984636,0.6210064110521262,0.6197839514245518,1773.8850040912628,2497.92,0.0365213421593243,0.0576724030814258,0.0292036599545125
85,10X,DLPFC,151508,Banksy,Brain,0.4964269998021309,0.6646217969940498,0.5917631343253558,0.7263181921935631,0.6679744963891899,0.6613025852731905,0.6646217969940498,15.666196012496949,704.4105987548828,0.0483907783611047,0.0560917369975432,0.0237499675937453
86,10X,DLPFC,151508,BayesSpace,Brain,0.386321963438059,0.53844252668989,0.4996397843321599,0.6498516320474778,0.545383784056382,0.5316757356257179,0.53844252668989,2152.655988025665,9318.94,0.0262497146770143,0.0557457531534097,0.1348562364242205
87,10X,DLPFC,151508,CCST,Brain,0.3394003774424869,0.5453000666336197,0.4931569451915958,0.5998173932892034,0.5084080196185045,0.5880039049220042,0.5453000666336197,358.66012744903566,1682.0523515701293,0.0169824241040857,0.0553851913429255,-0.0349464579334705
88,10X,DLPFC,151508,CellCharter,Brain,0.4463072450631558,0.5900254849356937,0.5457663331560365,0.6939968043825611,0.6114414393407717,0.5700634149396693,0.5900254849356937,223.71835627555848,344.63707275390624,0.065829719242182,0.0562958452855601,0.0591160771501862
89,10X,DLPFC,151508,DeepST,Brain,0.4563211602619414,0.5798874619963497,0.5546391891741459,0.6973293768545994,0.5960586421387657,0.5647000852360196,0.5798874619963497,321.9597608089447,6050.634875488281,0.0534124629080118,0.0553600902296414,0.0070652996758012
90,10X,DLPFC,151508,GraphST,Brain,0.5245657934311523,0.669167963741716,0.6288406379378375,0.717187856653732,0.6380528129692383,0.7034734013192337,0.6691679637417162,26.2933810710907,1175.9269804000855,0.0125542113672677,0.0550752487657347,-0.0333832344724456
91,10X,DLPFC,151508,PRECAST,Brain,0.4516956691050254,0.6034818077240317,0.5523630041240479,0.7183291485962109,0.6188455974342484,0.5888623968862962,0.6034818077240317,40.40763397216797,1002.46,0.0497603286920794,0.0592503250756672,0.0372550687000606
92,10X,DLPFC,151508,SEDR,Brain,0.485240761851364,0.6343985104888665,0.581104084480571,0.7184204519516092,0.6462374640107765,0.6230602289564197,0.6343985104888665,19.681738901138303,1945.0206396102903,0.0225062771056835,0.0551949190334004,0.0590343370763809
93,10X,DLPFC,151508,STAGATE,Brain,0.5006984096101265,0.6278561989041134,0.5922412258105806,0.7269573156813512,0.6439217132608348,0.6128755004446356,0.6278561989041134,64.56660137176513,393.5843469619751,0.0616754165715589,0.0569187186823935,0.0316961449039906
94,10X,DLPFC,151508,SpaGCN,Brain,0.3922962381834538,0.4881165113557099,0.500832434036175,0.6391234877881762,0.5058792655687593,0.4715588378096578,0.48811651135571,72.03076190948487,1163.7079444885253,0.0890207715133531,0.0579522096004313,0.090259891871928
95,10X,DLPFC,151508,SpaceFlow,Brain,0.4647614471735865,0.6001558684358357,0.5627879993193361,0.7165030814882447,0.6126382338611245,0.5883146710608447,0.6001558684358357,71.27609138488769,436.8391357421875,0.024104085825154,0.055175504840912,0.0323580712713537
96,10X,DLPFC,151508,SpatialMGCN,Brain,0.428476853297813,0.5839758308711783,0.5336963662703692,0.6939055010271628,0.5966498002996289,0.5718291000277085,0.5839758308711782,65.95247735977173,500.899374961853,0.0312713992239214,0.0554423653978612,0.0376415109139504
97,10X,DLPFC,151508,stLearn,Brain,0.3970934057012096,0.4998186066839192,0.5212428390548643,0.6594384843643004,0.4798756260092964,0.5214910687607545,0.4998186066839192,404.62687516212463,7306.487685966492,0.1981282812143346,0.0584735395885118,-0.0941370833819682
98,10X,DLPFC,151509,BASS,Brain,0.493101504250437,0.6506011182840605,0.609978362734787,0.7612781954887218,0.6660853887140291,0.6358204080185791,0.6506011182840605,1841.41452999115,2895.92,0.0342522974101921,0.0541183310264162,-0.0520513851223565
99,10X,DLPFC,151509,Banksy,Brain,0.4721546839409775,0.6328793782913276,0.5980653052512751,0.7383040935672515,0.633190577105241,0.6325684852214719,0.6328793782913276,15.034970378875732,777.1926374435425,0.0923141186299081,0.0554144137165337,-0.0393078959373587
100,10X,DLPFC,151509,BayesSpace,Brain,0.3664132148317673,0.5438569560473498,0.5047399450944405,0.6720969089390142,0.5730218431795419,0.5175170751752366,0.5438569560473498,2350.522557926178,9386.7,0.0409356725146198,0.0538867072670602,-0.0064669615232197
101,10X,DLPFC,151509,CCST,Brain,0.4048105287680363,0.6112442366123688,0.5508266423604355,0.7191311612364244,0.605713457751136,0.6173659751583165,0.6112442366123689,415.87323384284974,1966.2272371292115,0.0141604010025062,0.0535266587396224,-0.0542434512745607
102,10X,DLPFC,151509,CellCharter,Brain,0.4329984600381759,0.6194847424019363,0.5567006103210431,0.7572681704260652,0.6634812621282228,0.5811180547234807,0.6194847424019364,250.6008143901825,405.0749786376953,0.046532999164578,0.0540435169275253,0.0037080271154024
103,10X,DLPFC,151509,DeepST,Brain,0.4822707061877928,0.6327305628208395,0.5972020491320583,0.754093567251462,0.6692309307955836,0.6002134420206247,0.6327305628208394,357.78075370788576,6615.99413394928,0.0455722639933165,0.0536405099860322,-0.0529033808705018
104,10X,DLPFC,151509,GraphST,Brain,0.4427365633155992,0.6373977210477857,0.577749611171896,0.7188805346700083,0.6288642107409816,0.6461660119260022,0.6373977210477857,29.768929529190064,1381.5704544067382,0.0096073517126148,0.0534968372071132,-0.1163857829159961
105,10X,DLPFC,151509,PRECAST,Brain,0.3053806715736464,0.43395520953848,0.5291285488494286,0.6735588972431078,0.3935124378774672,0.4836631089412914,0.43395520953848,44.031321907043456,1084.88,0.1073517126148705,0.0599614129802546,-0.1243114295493064
106,10X,DLPFC,151509,SEDR,Brain,0.5084944932548563,0.6556253265137575,0.6209912209372371,0.7328320802005013,0.6676658694453617,0.6445364874493917,0.6556253265137575,20.29420714378357,2386.747706413269,0.0189640768588136,0.0536507577108359,-0.0261619755602374
107,10X,DLPFC,151509,STAGATE,Brain,0.4982730601013698,0.6523016182086759,0.6132891202229411,0.7511695906432749,0.672023859499262,0.6337727525394625,0.652301618208676,65.22844161987305,454.26011791229246,0.0515455304928988,0.0548389899951178,-0.071859278870916
108,10X,DLPFC,151509,SpaGCN,Brain,0.467222617179324,0.5902426259526854,0.5847412104871554,0.7314118629908104,0.6277619698795345,0.556955179538926,0.5902426259526854,78.33674421310425,1274.7751028060914,0.1330409356725146,0.0548014526898421,-0.0359849830013385
109,10X,DLPFC,151509,SpaceFlow,Brain,0.4772527204917578,0.6391679890127835,0.593143921751375,0.7483291562238931,0.6753414305524039,0.6067764999155789,0.6391679890127835,42.19103565216064,473.88099098205566,0.021345029239766,0.0535174312386529,-0.0153265473116855
110,10X,DLPFC,151509,SpatialMGCN,Brain,0.4215210664947905,0.5945970845571482,0.5544953934043573,0.7403926482873852,0.6116174469460531,0.5784983744505205,0.5945970845571482,78.73891568183899,568.8859884262085,0.0605680868838762,0.0537355897150175,-0.0632355473274504
111,10X,DLPFC,151509,stLearn,Brain,0.3696192520900509,0.5556703675917183,0.5097316865077699,0.6992481203007519,0.5787153969708192,0.5343904040289422,0.5556703675917183,446.3255943775177,8270.126412963868,0.1950710108604845,0.0564405470947047,-0.0799302102238186
112,10X,DLPFC,151510,BASS,Brain,0.4390272211279141,0.6186949423325648,0.5624333450848416,0.7732317736670293,0.6591201039842046,0.5829419406535203,0.6186949423325648,1868.5214859008788,2780.96,0.0485310119695321,0.0559697848455298,-0.0238463642748676
113,10X,DLPFC,151510,Banksy,Brain,0.4885265667339178,0.625449603604525,0.608781294663865,0.7593035908596301,0.6358758277607851,0.6153597737079894,0.6254496036045248,14.111332893371582,742.2147211074829,0.0859630032644178,0.0567818389891392,-0.0664137523447369
114,10X,DLPFC,151510,BayesSpace,Brain,0.4355430537566402,0.5985966606033762,0.5610963808853323,0.7347116430903156,0.6305145590197456,0.5697545542255209,0.5985966606033762,2257.251747989654,9018.5,0.0411316648531012,0.0555441108881687,-0.0516049675447306
115,10X,DLPFC,151510,CCST,Brain,0.3247838906517019,0.558090530377423,0.5001478960451171,0.667986942328618,0.537295225709497,0.5808299985566137,0.5580905303774228,393.1231075763702,1829.59205493927,0.0153645266594123,0.055257105072799,-0.1039933618796516
116,10X,DLPFC,151510,CellCharter,Brain,0.3876797939459143,0.5847516279077756,0.5193874898521053,0.7292709466811752,0.6296384487440316,0.5458486672416274,0.5847516279077756,230.741947555542,387.3050104141236,0.0986724700761697,0.056280897743243,0.0002455669256645
117,10X,DLPFC,151510,DeepST,Brain,0.4453212137980468,0.6045781683917506,0.5668265193495677,0.7422850924918389,0.646927416940741,0.5674407167914142,0.6045781683917507,332.2561424255371,6349.1424402236935,0.0509249183895538,0.0554367016554071,-0.0124274713326277
118,10X,DLPFC,151510,GraphST,Brain,0.4469716469731039,0.5812767640800239,0.6093504636063575,0.7201305767138194,0.5435441450013653,0.6246389525518986,0.5812767640800239,26.967377758026124,1285.7056379318235,0.0165397170837867,0.0551952830762061,-0.1400057182581112
119,10X,DLPFC,151510,PRECAST,Brain,0.4959855841333936,0.6057211916748072,0.6198318029579141,0.711860718171926,0.5919976046464265,0.6200961544703417,0.6057211916748072,42.22716989517212,1075.34,0.0524483133841131,0.0592860887603686,-0.008562899239347
120,10X,DLPFC,151510,SEDR,Brain,0.4751250985425826,0.63620316812812,0.5969724926146914,0.7533841131664853,0.6500902588018709,0.6234041454252578,0.63620316812812,19.53246703147888,2251.925769805908,0.019151251360174,0.0552048116762619,-0.0357499204046516
121,10X,DLPFC,151510,STAGATE,Brain,0.4347180541236192,0.5755777397688828,0.5605420947029337,0.7294450489662677,0.6058787808991367,0.5482068928500233,0.5755777397688828,61.87593684196472,430.0204574584961,0.0672034820457018,0.0568879612028725,-0.0562925593059108
122,10X,DLPFC,151510,SpaGCN,Brain,0.419935802747047,0.5557771285556398,0.5462727398170033,0.7029379760609358,0.5937655242062567,0.5223573415317324,0.5557771285556399,74.54741826057435,1239.022661781311,0.1636561479869423,0.0575713391880162,-0.0341753194606378
123,10X,DLPFC,151510,SpaceFlow,Brain,0.4958735304777694,0.6513547744112679,0.6078856225324007,0.7867247007616975,0.7009546542109419,0.6083234394886551,0.6513547744112679,38.89592409133911,445.3067953109741,0.0215451577801958,0.0551580702418072,-0.0221546363620417
124,10X,DLPFC,151510,SpatialMGCN,Brain,0.3915727428762966,0.5254025956044194,0.5281764075132604,0.7183895538628945,0.5472148597110218,0.505262571169853,0.5254025956044194,71.26229338645935,572.0044435501098,0.0515778019586507,0.0557812826926245,-0.004535656602409
125,10X,DLPFC,151510,stLearn,Brain,0.267465066019605,0.4844046804108809,0.4333788149994179,0.6450489662676823,0.4972155482953785,0.4722373805093257,0.4844046804108811,429.0387277126312,7830.749890136719,0.2245919477693144,0.0580190578699377,-0.0962984006109765
126,10X,DLPFC,151669,BASS,Brain,0.4102494422805696,0.5934668031952787,0.6017407484306935,0.8171067106710671,0.667217951324144,0.5343970550177504,0.5934668031952786,1575.8203620433808,2134.66,0.0352035203520352,0.0626028880104227,0.1115632556600008
127,10X,DLPFC,151669,Banksy,Brain,0.3876596079126209,0.5866929500377721,0.587867934557311,0.8187568756875688,0.6468765483191586,0.5367547757687833,0.5866929500377721,12.182595252990724,620.410177230835,0.0357535753575357,0.0615694900567481,0.1139828000317051
128,10X,DLPFC,151669,BayesSpace,Brain,0.4633773720398655,0.6127638602565646,0.6433060162967474,0.819031903190319,0.671834497526945,0.5632412204523572,0.6127638602565646,1776.3159539699554,7797.74,0.0225522552255225,0.0614294343270187,0.0944199307373298
129,10X,DLPFC,151669,CCST,Brain,0.3188098597812979,0.4888684560149581,0.5583663971886266,0.7417491749174918,0.5002531533693604,0.4784856624617404,0.488868456014958,268.1706675052643,1271.2943929672242,0.0169416941694169,0.0613957781090512,0.0928999794905329
130,10X,DLPFC,151669,CellCharter,Brain,0.2973383200883631,0.5010059610999175,0.5169014200728466,0.7563256325632564,0.5648396839322251,0.4501812504167228,0.5010059610999176,223.66121950149537,394.0786785125732,0.0606160616061605,0.0625418125351206,0.1096558824803436
131,10X,DLPFC,151669,DeepST,Brain,0.3398364158054823,0.5338468566707314,0.5456786528000308,0.785918591859186,0.6072828000550679,0.4764635961561696,0.5338468566707314,272.1118744373322,5055.257149314881,0.036083608360836,0.0615170513123955,0.1162155787529049
132,10X,DLPFC,151669,GraphST,Brain,0.5342153306492592,0.6363882621601544,0.6945939404716085,0.823982398239824,0.6955700429299606,0.5864876333269315,0.6363882621601544,21.99831280708313,905.170218849182,0.0088008800880088,0.0612535357762294,0.0917596015822398
133,10X,DLPFC,151669,PRECAST,Brain,0.3698477404481688,0.5129058208354891,0.5817818159354715,0.7574257425742574,0.5472780612044118,0.4825959901473771,0.5129058208354891,27.71932392120361,720.8799999999999,0.0429042904290429,0.0660582012288793,0.0706036334531503
134,10X,DLPFC,151669,SEDR,Brain,0.4413979429868599,0.5858145799084007,0.6285284189671925,0.8074257425742575,0.6413493195473297,0.5394797000718998,0.5858145799084007,23.34467821121216,1858.8555570602416,0.018096809680968,0.0614261155409036,0.0847391407413757
135,10X,DLPFC,151669,STAGATE,Brain,0.4956774547497306,0.6166768809048373,0.6674006703175209,0.8168866886688668,0.6699734807661737,0.5712352428930568,0.6166768809048373,50.32851157188416,416.6694694519043,0.0397139713971396,0.0614157762680723,0.0940165683625111
136,10X,DLPFC,151669,SpaGCN,Brain,0.3260119056167938,0.5496671391099779,0.53336235819612,0.8102310231023102,0.6334738130835283,0.485444320348566,0.549667139109978,50.58803086280823,1081.9421070098876,0.0932343234323432,0.0631642768178221,0.081499384450241
137,10X,DLPFC,151669,SpaceFlow,Brain,0.327347609586063,0.5293554981815197,0.5427203936219531,0.755005500550055,0.5858432961760227,0.4830284002931003,0.5293554981815197,34.10085868835449,456.8280546188354,0.022112211221122,0.0616224654032752,0.1168332978287699
138,10X,DLPFC,151669,SpatialMGCN,Brain,0.4659815071610137,0.5651487740320399,0.6442901759922403,0.8050055005500549,0.6289202024213513,0.5131193529023043,0.56514877403204,60.44827833175659,447.9148187637329,0.0272277227722772,0.0613549736439201,0.0895098496841331
139,10X,DLPFC,151669,stLearn,Brain,0.3079971701654782,0.4471970242797686,0.5370234433892458,0.7555005500550055,0.4807385136054081,0.4180307060662474,0.4471970242797686,338.40680904388427,6103.64121875763,0.1705170517051705,0.0655170101691194,0.0321552880360406
140,10X,DLPFC,151670,BASS,Brain,0.3748214187077168,0.5614763184384102,0.5909629689934851,0.8349598163030999,0.6566072290571272,0.4904226487564073,0.5614763184384101,1657.9539600849153,1930.02,0.0338691159586682,0.0607613670303521,0.10101852028679
141,10X,DLPFC,151670,Banksy,Brain,0.3434600144962408,0.5126560605421436,0.5769743130815034,0.830654420206659,0.5818255488886439,0.4581853574227524,0.5126560605421436,12.916756963729858,595.3790519714355,0.03300803673938,0.0621330822473617,0.1039256526682712
142,10X,DLPFC,151670,BayesSpace,Brain,0.4034083237621394,0.5401538885884346,0.6156280217610296,0.8260619977037887,0.6134084598816931,0.4825292026151325,0.5401538885884346,1702.7227819919583,7733.339999999999,0.0238231917336394,0.0609245028455377,0.0509173207890047
143,10X,DLPFC,151670,CCST,Brain,0.2900892949391142,0.4467925947106739,0.5510621072781692,0.7715843857634902,0.4705869675359281,0.4253702570836097,0.4467925947106739,251.8507395744324,1167.7301609039307,0.0123421354764638,0.0606171610729398,0.0283043648424307
144,10X,DLPFC,151670,CellCharter,Brain,0.3414146442379814,0.4713047249132625,0.5672401170854667,0.7743972445464984,0.5484360103057264,0.4132412780677253,0.4713047249132625,197.35680170059203,362.6732053756714,0.065499425947187,0.0615476797147355,0.0814967634829996
145,10X,DLPFC,151670,DeepST,Brain,0.3020505948191611,0.4966755756728165,0.5349977833836048,0.7954075774971298,0.5854311480062704,0.4313882503954145,0.4966755756728165,265.56945605278014,4845.858366394043,0.0363375430539609,0.0606647405236126,0.0722445475292486
146,10X,DLPFC,151670,GraphST,Brain,0.4363903118982983,0.5561637776271469,0.6539059688938259,0.8389781859931114,0.6010049290461414,0.5175492765553465,0.5561637776271469,20.809561824798585,841.0895343780518,0.0068886337543053,0.0602959146436527,0.0716825239367011
147,10X,DLPFC,151670,PRECAST,Brain,0.3712894540368798,0.5063614506171886,0.600540584502175,0.7921928817451206,0.5521789879816755,0.4675648461216042,0.5063614506171887,27.503749990463252,1096.76,0.0370264064293915,0.0650281030608483,0.0522180765725609
148,10X,DLPFC,151670,SEDR,Brain,0.3680175399231628,0.5273848790356378,0.5926586819057695,0.8328358208955224,0.5984198340576707,0.4715068720924092,0.5273848790356378,21.932202768325805,1736.9568124771115,0.0169919632606199,0.0603649287725281,0.0767989934931903
149,10X,DLPFC,151670,STAGATE,Brain,0.4685909778551695,0.5781808669535853,0.6636965194381224,0.8332950631458094,0.6484304585701335,0.5216648136405404,0.5781808669535853,50.03954615592957,419.44699573516846,0.0442594718714121,0.0629328470438712,0.0623629366238443
150,10X,DLPFC,151670,SpaGCN,Brain,0.2957473374633564,0.4455157472308725,0.5349202264631961,0.7729621125143513,0.516049273404489,0.3919447992919485,0.4455157472308725,49.17316164970398,995.1097484588624,0.0757749712973593,0.0622176826224475,0.0949612374058434
151,10X,DLPFC,151670,SpaceFlow,Brain,0.3363542918389839,0.5135965596525878,0.5667236170307265,0.7821469575200919,0.5856163174257236,0.4575072172578352,0.5135965596525878,43.22932777404785,421.0026376724243,0.017910447761194,0.0607323357787314,0.1361554123793532
152,10X,DLPFC,151670,SpatialMGCN,Brain,0.3124638044283678,0.5070241759689049,0.5408231608060662,0.8441446613088404,0.6022942563300281,0.4377771811774028,0.5070241759689049,55.89893646240235,426.5767528533936,0.0312858783008036,0.0608427568126218,0.0508968187266957
153,10X,DLPFC,151670,stLearn,Brain,0.1990271137566161,0.3218251290887359,0.48699189672291,0.7336394948335246,0.3430081833256931,0.3031062845335323,0.3218251290887359,323.0814673423767,5760.02703742981,0.1845579793340987,0.0649449752452407,0.0237331770179084
154,10X,DLPFC,151671,BASS,Brain,0.532745356095684,0.6553908492285637,0.6590184792146213,0.8692890300513071,0.6994505762696934,0.6165529988401031,0.6553908492285637,1595.7357039928436,2329.24,0.0276081114097239,0.0583499225198656,0.1380533855750204
155,10X,DLPFC,151671,Banksy,Brain,0.6124362405002105,0.6887050087931128,0.7209207959380072,0.883703884681163,0.716678458274547,0.6628332496927547,0.6887050087931129,13.107884550094605,683.28394947052,0.028096750549719,0.0584259026790224,0.1058043802091847
156,10X,DLPFC,151671,BayesSpace,Brain,0.5027734451096345,0.6331226611465194,0.6366001472905013,0.8521866601514783,0.6717884413925367,0.5986655758916734,0.6331226611465195,2004.8885400295255,8372.02,0.0205228438797947,0.0582128830934314,0.1399365982249884
157,10X,DLPFC,151671,CCST,Brain,0.6045323449987406,0.6383820236048423,0.7427959172955665,0.7314439286586856,0.575328022528811,0.7196182436112218,0.6383820236048423,321.4923066616058,1539.2314889907836,0.0084534571219154,0.057764809287358,0.075891219727847
158,10X,DLPFC,151671,CellCharter,Brain,0.4515370940450053,0.5887714505357574,0.5981051421189727,0.810408013681896,0.6254885198144469,0.5561435499531896,0.5887714505357574,238.96243724823,416.9697450637817,0.0686537991693134,0.058936612739474,0.1260882501575816
159,10X,DLPFC,151671,DeepST,Brain,0.5216509062486984,0.6421377516579204,0.6513539688794453,0.8205717077937942,0.6784109508879761,0.6096621363820063,0.6421377516579204,304.3876597881317,5679.173195838928,0.041290007329587,0.0580093020827491,0.1134322749125888
160,10X,DLPFC,151671,GraphST,Brain,0.6378427745232644,0.7334946847695926,0.7393278822162402,0.8978744197410211,0.7652195334432996,0.704295648551445,0.7334946847695927,24.20525369644165,1093.976701927185,0.0075739066699242,0.057736399284262,0.1274445507796355
161,10X,DLPFC,151671,PRECAST,Brain,0.7810747967048206,0.7063559038640344,0.8474589626251493,0.8734424627412656,0.6966389156859559,0.7163477991471909,0.7063559038640344,27.34111008644104,935.46,0.028096750549719,0.0612777395708408,0.1132487489260469
162,10X,DLPFC,151671,SEDR,Brain,0.5754091961104356,0.6840762495210837,0.6956684908889255,0.8585878328854142,0.7083552591764393,0.6623793852962883,0.6840762495210837,21.895769834518436,2127.329085159302,0.0120693867578792,0.0578667144689287,0.1117020025983982
163,10X,DLPFC,151671,STAGATE,Brain,0.5954493395349018,0.6868694573408802,0.7077598381613864,0.8853652577571463,0.7188578563319522,0.6576067596125631,0.6868694573408802,56.4331193447113,497.050256729126,0.0329342780356706,0.058820613748166,0.103927570965511
164,10X,DLPFC,151671,SpaGCN,Brain,0.5230958172603647,0.6345909020980189,0.6516513073035416,0.8646469582213536,0.6762301503533282,0.5977821341463074,0.6345909020980189,62.43220458030701,1156.4218320846558,0.0532616662594673,0.0585348278362971,0.0876277458019514
165,10X,DLPFC,151671,SpaceFlow,Brain,0.5003529569134415,0.6434628977609436,0.6351016045745934,0.8528707549474713,0.6825576589550961,0.6086135310601577,0.6434628977609435,38.60871343612671,516.0254528045655,0.0139262154898607,0.0578721248157952,0.157747733421781
166,10X,DLPFC,151671,SpatialMGCN,Brain,0.5847240979507718,0.6787685542324241,0.6987854840444409,0.8634253603713657,0.719559908377542,0.642353952399052,0.6787685542324242,64.25635867118835,569.2279489517211,0.0185682873198143,0.0577437971997411,0.0809773396748356
167,10X,DLPFC,151671,stLearn,Brain,0.3257860090418449,0.4826179800397211,0.5078970657295133,0.7393110188126069,0.5058564192454106,0.4614208574262868,0.4826179800397211,381.42634162902834,7047.510354614258,0.1996090886880039,0.0619920313702658,0.0693653472253156
168,10X,DLPFC,151672,BASS,Brain,0.4436477376138626,0.609836901119661,0.5895298521302337,0.7227366255144033,0.6123096207206538,0.6073840725982396,0.6098369011196612,1635.207405996323,2097.74,0.0252057613168724,0.059945615020059,0.0931852673215436
169,10X,DLPFC,151672,Banksy,Brain,0.6454648290861038,0.646653349462366,0.7418425227773382,0.8207304526748971,0.6392844909802026,0.6541940665678571,0.6466533494623661,13.28819980621338,656.609372138977,0.0290637860082304,0.0598635096231438,0.0746384512872932
170,10X,DLPFC,151672,BayesSpace,Brain,0.7355921524729898,0.7107330163023475,0.8090076230858865,0.8405349794238683,0.6983051590139128,0.7236112504625439,0.7107330163023475,1898.5982879161836,8599.64,0.0239197530864197,0.0596858573852413,0.116108638632266
171,10X,DLPFC,151672,CCST,Brain,0.6315140619478298,0.6589524986978124,0.7622179013007561,0.711111111111111,0.577919295842549,0.7665904658180249,0.6589524986978124,297.9227615833282,1404.71094455719,0.0064300411522633,0.0595571366451537,0.0918563871846344
172,10X,DLPFC,151672,CellCharter,Brain,0.567679813042888,0.6795610636096976,0.6743284924607218,0.8640946502057613,0.7096244694887548,0.6519457657642024,0.6795610636096976,223.7724964618683,395.7340162277222,0.0383230452674896,0.0601254293866401,0.1277268554025105
173,10X,DLPFC,151672,DeepST,Brain,0.5333495632374158,0.6493086447864048,0.6478714394257563,0.8279835390946502,0.6791481805171429,0.6219926692293939,0.6493086447864047,274.73714847564696,5397.115537452698,0.0421810699588477,0.0597077508360383,0.1266820687747515
174,10X,DLPFC,151672,GraphST,Brain,0.6389313577263698,0.7240182719762357,0.7307280554167375,0.8829732510288066,0.7426347397923108,0.7063123390019661,0.7240182719762357,24.479991674423218,1004.237864112854,0.0059156378600823,0.0595201622032607,0.1230178444247432
175,10X,DLPFC,151672,PRECAST,Brain,0.7669386104986882,0.7281114062693482,0.8342447262877151,0.8641975308641975,0.7069426642030419,0.7505870386276433,0.7281114062693482,26.8641339302063,930.76,0.0262345679012345,0.0624547515265013,0.1198188494860295
176,10X,DLPFC,151672,SEDR,Brain,0.6464070031565947,0.7032861293414755,0.7388469804528736,0.8621399176954732,0.7092173128418059,0.6993630386595429,0.7032861293414755,18.822473335266118,2121.9756610870363,0.0104938271604937,0.0595257730960046,0.1207873958752628
177,10X,DLPFC,151672,STAGATE,Brain,0.628431772338428,0.6741455415283004,0.7272260298735689,0.8489711934156379,0.6713127323705167,0.6770024476639902,0.6741455415283004,55.68080563545227,452.5218620300293,0.0350308641975308,0.0622916937760715,0.0575175030031457
178,10X,DLPFC,151672,SpaGCN,Brain,0.5740542197102796,0.6732401467423792,0.6795672853725467,0.8667695473251029,0.6995087657045461,0.6488730484303669,0.6732401467423791,53.2775887966156,1073.8396493911744,0.055298353909465,0.0602408132162747,0.0881161865063174
179,10X,DLPFC,151672,SpaceFlow,Brain,0.6636287561535561,0.7019189246144917,0.7487465724880777,0.822119341563786,0.7238149425129423,0.6813491070236586,0.7019189246144917,28.791204023361207,476.6448781967163,0.0161522633744855,0.0595232991916417,0.1058907985757526
180,10X,DLPFC,151672,SpatialMGCN,Brain,0.6503836739125921,0.6945841139408678,0.7381388017892525,0.8472222222222221,0.7224449460764227,0.6687923741402683,0.6945841139408677,63.84274206161499,536.2240125656128,0.0138888888888888,0.05961950561247,0.1023328807271512
181,10X,DLPFC,151672,stLearn,Brain,0.280499557880308,0.4282223304398297,0.4756801903452296,0.6463477366255144,0.423416585629941,0.4331384172711171,0.4282223304398296,360.8219702720642,6585.796734237671,0.1972736625514403,0.0642924717708868,0.0361502295603068
182,10X,DLPFC,151673,BASS,Brain,0.5279693758691486,0.654974153977713,0.609471052600704,0.7560232622542232,0.6651388033359652,0.6451155006754975,0.654974153977713,1657.235618019104,2132.7,0.0288008861811132,0.0607740815704726,0.0620372276129172
183,10X,DLPFC,151673,Banksy,Brain,0.6093393322845302,0.7113924430944808,0.6800932622828441,0.7981168651343118,0.7034635597596236,0.7195021001364403,0.7113924430944807,14.172277545928956,635.4553138732911,0.0360011077263915,0.0608309687682271,0.0054502349413973
184,10X,DLPFC,151673,BayesSpace,Brain,0.5513116271950651,0.6924467815062224,0.6284198385442062,0.780947106064802,0.7069779733962971,0.6785009059167725,0.6924467815062224,1780.2679140090945,7141.6,0.0429243976737745,0.0616050584122951,0.0099974834465867
185,10X,DLPFC,151673,CCST,Brain,0.4603419413728563,0.6296606663711418,0.5865437253542656,0.68047632234838,0.5714272878211589,0.702174379929578,0.6296606663711417,265.3677292346955,1258.144319725037,0.0188313486568817,0.0606463450985761,-0.054220374376758
186,10X,DLPFC,151673,CellCharter,Brain,0.4527985760410402,0.6082232678408979,0.5449063802434426,0.7076710052617003,0.6260681351677928,0.5913721371899698,0.6082232678408979,220.89628200531007,427.503437423706,0.0722791470506784,0.0614345144666827,0.0682386428369558
187,10X,DLPFC,151673,DeepST,Brain,0.5422047398822141,0.6845805100699165,0.6204350747211063,0.7806147881473275,0.7012446324711019,0.6687231269306877,0.6845805100699165,256.0650475502014,5032.648076820374,0.0400443090556632,0.0605739974689214,0.0309017107283423
188,10X,DLPFC,151673,GraphST,Brain,0.6096731633967741,0.7222464015519984,0.6767741933274669,0.8183328717806703,0.7395979029425586,0.7056903948108378,0.7222464015519985,23.21617975234985,918.2291860580444,0.0207698698421489,0.0605292555851516,0.0586669824468657
189,10X,DLPFC,151673,PRECAST,Brain,0.5849556871249268,0.6728441488857667,0.6573716596653827,0.7845472168374411,0.679760189906291,0.6660674213327643,0.6728441488857668,34.75146398544312,957.54,0.053724729991692,0.0629124106448194,0.0214597275914136
190,10X,DLPFC,151673,SEDR,Brain,0.5441108687185189,0.6826752754229725,0.6232862766838864,0.7621711437274993,0.6893549337107128,0.6761694429471958,0.6826752754229723,23.27886028289795,2115.556239128113,0.025200775408474,0.0605429219918263,-0.0068298406082029
191,10X,DLPFC,151673,STAGATE,Brain,0.5791435921565624,0.7062670677639624,0.651416400014698,0.8010523400720022,0.7233391078179294,0.6900142912162207,0.7062670677639624,52.10437521934509,523.8520629882812,0.0455275546939905,0.061226404828359,0.0384648896496451
192,10X,DLPFC,151673,SpaGCN,Brain,0.4632466862874647,0.625857396457727,0.5540359802141885,0.7352533924120742,0.6426960086968464,0.6098785991642945,0.6258573964577269,48.6491602897644,1081.9916681289674,0.0811409581833287,0.0611756649383558,0.0125337319971836
193,10X,DLPFC,151673,SpaceFlow,Brain,0.4397570220380603,0.5890988634311782,0.5360993326918629,0.7262808086402659,0.6009528195944409,0.577811057700611,0.5890988634311782,31.61262364387512,536.9768831253052,0.0470229853226252,0.0612203171081923,0.0694919749716322
194,10X,DLPFC,151673,SpatialMGCN,Brain,0.439320174011506,0.6033014950080839,0.5327329653284304,0.7150373857657158,0.6241197074948113,0.583827281556659,0.6033014950080839,61.42682175636291,437.1358913421631,0.047632234837995,0.0625221658914239,0.0579876851891802
195,10X,DLPFC,151673,stLearn,Brain,0.2514489769457982,0.4419745367201903,0.3930641259997833,0.5358626419274439,0.4310340313274554,0.4534848897818802,0.4419745367201903,335.4258780002594,6209.655228614807,0.2184990307394073,0.0637128006756118,-0.0361252990864233
196,10X,DLPFC,151674,BASS,Brain,0.5408933104778252,0.6592050020396711,0.6168139881067444,0.7678129298486933,0.6673361857717922,0.6512695824609956,0.6592050020396711,1730.2690799236298,2266.36,0.0332874828060522,0.0600937072812916,0.0752866891696393
197,10X,DLPFC,151674,Banksy,Brain,0.555350755493377,0.6987240024966068,0.6292469982034578,0.7713892709766162,0.705914396092519,0.6916786135642777,0.6987240024966068,13.509682416915894,666.4817443847656,0.0415405777166437,0.0605974417647896,0.0202030532602407
198,10X,DLPFC,151674,BayesSpace,Brain,0.3263080340973131,0.462657123290806,0.437451827075381,0.5587345254470426,0.4665048347451437,0.4588723641200499,0.462657123290806,1795.2079179763791,7489.58,0.0390646492434663,0.060684852390608,0.1445814939951543
199,10X,DLPFC,151674,CCST,Brain,0.4618792473002067,0.6144150403114574,0.5767366434866641,0.6799449793672627,0.5728617747757923,0.6627024531939619,0.6144150403114574,270.8098047733307,1315.188753318787,0.0187070151306739,0.0600552375825134,-0.0198840522804904
200,10X,DLPFC,151674,CellCharter,Brain,0.4054657845515015,0.5552442125926422,0.501772288009579,0.6539202200825309,0.5664320518423563,0.5445204587039963,0.5552442125926422,256.995287322998,496.3188781738281,0.0445116918844566,0.0602795077716768,0.1509665508251752
201,10X,DLPFC,151674,DeepST,Brain,0.4757362709301574,0.6332266709487098,0.5629683851438813,0.7146079779917469,0.6402214796274918,0.626410522641411,0.6332266709487098,262.1954828739166,5078.859645843506,0.0385694635488307,0.0598498775464286,0.0172329163446831
202,10X,DLPFC,151674,GraphST,Brain,0.5993883010382194,0.7162383846797566,0.665406402151436,0.807977991746905,0.7270805436828588,0.7057148292686585,0.7162383846797566,24.15470595359802,954.9180679321288,0.0145804676753782,0.0598221192518571,0.0630513767427064
203,10X,DLPFC,151674,PRECAST,Brain,0.537290450028752,0.6325352695365544,0.6128658364479118,0.7680880330123796,0.6440056063830153,0.6214663772548568,0.6325352695365544,37.33912000656128,910.28,0.0613480055020631,0.0635155538089236,0.0715315507537751
204,10X,DLPFC,151674,SEDR,Brain,0.592478519389353,0.7112083565800054,0.6615687234153984,0.7840990371389271,0.7058492621654816,0.7168107719119968,0.7112083565800054,23.63529767990112,2303.727519607544,0.0216231086657496,0.0598588298275603,0.0061552521620073
205,10X,DLPFC,151674,STAGATE,Brain,0.6512300228374366,0.7414181369387903,0.7086227604923637,0.8223383768913342,0.7560781447636828,0.7273292428329698,0.7414181369387903,53.94017333984375,580.3669595718384,0.0436313617606602,0.06028347325523,0.0422932780787008
206,10X,DLPFC,151674,SpaGCN,Brain,0.3544353906640105,0.5183671604136241,0.45866140318285,0.6019257221458046,0.5289888149441794,0.5081636576845944,0.5183671604136241,45.8842257976532,1168.513003540039,0.0817056396148555,0.0613424946220371,0.1042069684099298
207,10X,DLPFC,151674,SpaceFlow,Brain,0.4308505152982465,0.5700242472316066,0.5233268367123088,0.6877028885832187,0.5806052938301347,0.5598389265245455,0.5700242472316066,27.7305281162262,644.3906072616577,0.0241540577716643,0.0601965561834995,0.1155378841540003
208,10X,DLPFC,151674,SpatialMGCN,Brain,0.5179041844884276,0.6877501904131996,0.5997514985898535,0.7576341127922971,0.6892516860426533,0.6862552224094887,0.6877501904131996,64.40290675163268,607.8773565292358,0.0550206327372764,0.0603829501455457,0.0190261734643822
209,10X,DLPFC,151674,stLearn,Brain,0.2985236870963152,0.4503264162899785,0.4181045791303684,0.6211829436038514,0.4512432839188686,0.4494132670172771,0.4503264162899784,340.9611201763153,6412.569172668457,0.2154057771664374,0.0646856418473807,-0.025666758762047
210,10X,DLPFC,151675,BASS,Brain,0.4729700502569088,0.6645579816471079,0.567225589096819,0.7249018508132361,0.6523465925752758,0.6772352661180604,0.6645579816471079,1656.502014017105,2065.92,0.0375771172181716,0.0612672662332258,0.0311417682551756
211,10X,DLPFC,151675,Banksy,Brain,0.5074338398788248,0.6751450657561107,0.5971279503618495,0.67807066741447,0.6551966305441033,0.6963463658178942,0.6751450657561107,12.7739408493042,616.356240272522,0.0347728547392035,0.0615647183758023,0.0067447425281007
212,10X,DLPFC,151675,BayesSpace,Brain,0.3696245424165285,0.6080057881076205,0.4925473928912033,0.5939427930454291,0.5777231258376121,0.6416387311668245,0.6080057881076206,1762.0222840309143,8229.4,0.061132922041503,0.0611411338526742,-0.0581222957157934
213,10X,DLPFC,151675,CCST,Brain,0.4432964695796877,0.6104339347459383,0.5826518302959288,0.6535614133482894,0.5469103310097677,0.6949309261821432,0.6104339347459382,262.2719839572907,1215.7193485260009,0.0199663488502523,0.0609756599914893,-0.0052049916437912
214,10X,DLPFC,151675,CellCharter,Brain,0.4358333908537256,0.6005105739131686,0.5248210697138647,0.6609646662927651,0.609938065460544,0.5913870651835575,0.6005105739131686,226.08898305892944,391.38036308288576,0.0575995513180032,0.0616072037523514,0.0992332671266047
215,10X,DLPFC,151675,DeepST,Brain,0.5943445873683484,0.7067221412232213,0.6597262871441181,0.7686483454851374,0.712474301824954,0.7011533710040219,0.7067221412232212,256.0742829322815,4960.563739013672,0.0457655636567582,0.0604114383187255,0.0480653429658552
216,10X,DLPFC,151675,GraphST,Brain,0.591583923261273,0.7039781954044053,0.6592321336178291,0.7879977565900168,0.7031964031892408,0.7047617278996213,0.7039781954044052,25.08258452415466,878.9442567825317,0.0145821648906337,0.0603313073534666,0.0521670341803367
217,10X,DLPFC,151675,PRECAST,Brain,0.4600142061814291,0.5438387315216022,0.5497005001819819,0.6646102075154234,0.5422981321169434,0.5453881091545134,0.5438387315216023,34.234567975997926,1139.1,0.0880538418395961,0.0652388893648586,0.0784567204237779
218,10X,DLPFC,151675,SEDR,Brain,0.5581185472475497,0.6847981047855485,0.6307861889372514,0.7326977005047672,0.6832952545272318,0.6863526956062521,0.6847981047855485,24.122653770446775,2002.82859249115,0.0221536735838474,0.0606957731225214,0.034922594432855
219,10X,DLPFC,151675,STAGATE,Brain,0.6399409635998278,0.7278037364462014,0.6984275773035409,0.8029725182277062,0.7320419093970857,0.7237700583900155,0.7278037364462014,52.4167320728302,396.614825630188,0.0461020751542344,0.0618212216272324,0.0497126879161978
220,10X,DLPFC,151675,SpaGCN,Brain,0.3352061193110291,0.5094365599874274,0.4398988665791541,0.5849691531127313,0.5172179080554838,0.5018858765424158,0.5094365599874274,45.59693832397461,1029.9930252075196,0.0989904655075715,0.0622723778093639,0.078136741971278
221,10X,DLPFC,151675,SpaceFlow,Brain,0.4431400215209868,0.6016070344675306,0.5338772660175231,0.6772293886707795,0.6039281582632875,0.5993098088597936,0.6016070344675306,29.882653760910035,452.1759746551514,0.0310151430173864,0.0605785077159796,0.1271390953672948
222,10X,DLPFC,151675,SpatialMGCN,Brain,0.4232563980802817,0.6058525668105309,0.514021814330748,0.6500280426247896,0.6156948764485399,0.5963199783566979,0.6058525668105309,59.831047248840335,425.2140312194824,0.058328659562535,0.0615550848355404,0.0999279751102434
223,10X,DLPFC,151675,stLearn,Brain,0.3809190238576134,0.5285226844790468,0.4837878281857443,0.6303982052720135,0.5270065333913552,0.5300475844009631,0.5285226844790468,334.0972071170807,5993.324579429626,0.1839596186203028,0.065676559030522,0.043451895084933
224,10X,DLPFC,151676,BASS,Brain,0.561870029453163,0.6717352103048708,0.6338647264532216,0.7487612940833577,0.6789246836224395,0.6646964073271026,0.6717352103048708,1617.2378360748291,2093.34,0.0390556689011949,0.0626704305463669,0.0663257294779253
225,10X,DLPFC,151676,Banksy,Brain,0.5232554221672138,0.6828860850909069,0.6065713982351885,0.7129116875546488,0.674292339435253,0.6917017103331611,0.682886085090907,13.346975755691528,598.5301750183105,0.0381812882541533,0.0626921908766993,-0.0289203816397903
226,10X,DLPFC,151676,BayesSpace,Brain,0.3254880966037377,0.4997259940915438,0.4375583174743588,0.6047799475371611,0.503315301863578,0.4961875169098714,0.499725994091544,1692.5168319702148,7931.479999999999,0.0422617312736811,0.0630019405228302,0.1239184946287599
227,10X,DLPFC,151676,CCST,Brain,0.446864584542234,0.6108308709563365,0.5579851779019126,0.6599825123870591,0.5853495910499904,0.6394195922771961,0.6108308709563366,248.56510939598084,1134.445668411255,0.0207519673564558,0.0624437208461186,-0.0495653534779678
228,10X,DLPFC,151676,CellCharter,Brain,0.4248396359491918,0.5928395049353163,0.5175495195803756,0.6616729816380064,0.6038254108291572,0.5822815780589805,0.5928395049353163,209.3169039726257,397.4658639907837,0.0552025648498979,0.0631270673187515,0.1172336801531404
229,10X,DLPFC,151676,DeepST,Brain,0.5518126792160027,0.6859341469468219,0.6260004297119773,0.742698921597202,0.6903232471075199,0.6816802048065609,0.6859341469468219,253.2853920936585,4780.932581520081,0.0450597493442144,0.0625086453000394,0.0052690704183001
230,10X,DLPFC,151676,GraphST,Brain,0.5798657657359689,0.6651949282749554,0.6488876997547753,0.7545904983969688,0.6715030665422844,0.6590042050285567,0.6651949282749554,22.709986686706543,835.5823932647705,0.0163217720781113,0.0623552354901762,0.1096955081470897
231,10X,DLPFC,151676,PRECAST,Brain,0.369855712452683,0.5043303969649598,0.4754461557444989,0.5785485281259108,0.5056178212143821,0.5030495122462005,0.5043303969649597,33.36105804443359,1132.58,0.068784610900612,0.0685509733893391,0.1036156283788813
232,10X,DLPFC,151676,SEDR,Brain,0.5256014367425038,0.6704558304207174,0.6071968219776706,0.7338968230836491,0.6638226652383905,0.6773261934091972,0.6704558304207174,21.105027389526366,1956.0757177352905,0.0225007286505391,0.062387897055366,-0.0521957813344642
233,10X,DLPFC,151676,STAGATE,Brain,0.4739922152412311,0.6139806569945745,0.5610604231502554,0.6761877003788983,0.617580877362648,0.6104222972725017,0.6139806569945745,49.29168548583984,405.8947357177734,0.0520547945205479,0.0632926720944281,0.0763610796202619
234,10X,DLPFC,151676,SpaGCN,Brain,0.3113383911365154,0.4880213565416203,0.4227370024539277,0.5587292334596328,0.4956060684488211,0.4806652968949976,0.4880213565416203,43.07679009437561,1011.5484909057616,0.0918099679393762,0.0640486900708322,0.1027025403955253
235,10X,DLPFC,151676,SpaceFlow,Brain,0.4084709156927765,0.5687880316519426,0.5043842624273436,0.6825998251238705,0.5776653749916275,0.5602001794741241,0.5687880316519426,31.851233673095702,462.2869472503662,0.0341591372777615,0.0628983296444171,0.1130464732807706
236,10X,DLPFC,151676,SpatialMGCN,Brain,0.3833655922731997,0.5358186688258244,0.4838509003785263,0.6613232293791897,0.5423643262928757,0.5294291230453652,0.5358186688258244,58.67850561141968,459.1312759399414,0.068784610900612,0.0633582290578048,0.0720737085318058
237,10X,DLPFC,151676,stLearn,Brain,0.2983903393048402,0.4863458087046207,0.4262518015515452,0.6251821626348003,0.4769113551663836,0.4961610678538094,0.4863458087046207,319.5095446586609,5747.151180839539,0.1897406004080443,0.0661320357223901,0.0108626658579364
238,10X,Human Breast,sample01,BASS,Breast,0.1187730883819981,0.2182599609000638,0.2660676337480351,0.4854969091773656,0.2287298187172482,0.2087066421376158,0.2182599609000638,1551.217531967163,1252.94,0.0946267237280076,0.0719212400640592,-0.0389054448629694
239,10X,Human Breast,sample01,Banksy,Breast,0.1558845206607208,0.233184853433115,0.3154453935280293,0.4744650499286733,0.2344262707652265,0.2319894181760173,0.233184853433115,11.647388696670532,444.23295879364014,0.1487398953875415,0.0716657649834824,-0.0927464782428755
240,10X,Human Breast,sample01,BayesSpace,Breast,0.1546093715003639,0.2833761547459798,0.2940337952597804,0.5292439372325249,0.2989117725493895,0.2693756453768479,0.2833761547459798,1070.1044100284576,4469.4800000000005,0.1635758440323347,0.071528776333533,-0.0422320316621879
241,10X,Human Breast,sample01,CCST,Breast,0.1205047659427536,0.175638669282493,0.3517778510768515,0.4463147883975272,0.1440098378915171,0.2267140236249895,0.175638669282493,169.18205404281616,673.948024559021,0.0474560152163575,0.0682531146860374,-0.2223679513701754
242,10X,Human Breast,sample01,CellCharter,Breast,0.1179152686065241,0.2567649887702826,0.2612483288069768,0.4909177365668092,0.2720931714786689,0.2430797908797856,0.2567649887702826,192.91995549201965,348.8984600067139,0.3108892058963385,0.0729622082971696,-0.10352863477048
243,10X,Human Breast,sample01,DeepST,Breast,0.1260409528820795,0.2776116243375274,0.2758258887625467,0.4990014265335235,0.2890353877416838,0.2671018708634129,0.2776116243375274,169.5839916229248,3272.354378890991,0.284640989063243,0.0742257098032723,-0.1356489435438637
244,10X,Human Breast,sample01,GraphST,Breast,0.1408462078956515,0.3109233053823635,0.3475986207603536,0.5016642891107941,0.293200150518159,0.3309269426338171,0.3109233053823634,15.669198179244995,472.7085008621216,0.219210651450309,0.0715860983337245,-0.2426865480431654
245,10X,Human Breast,sample01,PRECAST,Breast,0.1599777393594032,0.3206904335208498,0.31783014777906,0.548264384213029,0.324955008090202,0.3165363420285408,0.3206904335208497,29.00410394668579,801.1,0.2734189253447456,0.0760539424332786,-0.1812031706520589
246,10X,Human Breast,sample01,SEDR,Breast,0.0789031060278676,0.1943903918950008,0.2502227734754606,0.4391821207798382,0.1977565985609875,0.1911493730453696,0.1943903918950008,19.4498854637146,1224.120873260498,0.0943414170233,0.0680947286938834,-0.1380698683176472
247,10X,Human Breast,sample01,STAGATE,Breast,0.1963345075306267,0.3144719052121333,0.3436848864523486,0.5357108892058964,0.3193799842040655,0.3097239825898016,0.3144719052121332,36.740934705734254,376.40197505950925,0.3331431288635283,0.0734776371869972,-0.2041712252334714
248,10X,Human Breast,sample01,SpaGCN,Breast,0.139433860143714,0.2754034037179139,0.2818134323939175,0.5121255349500713,0.2901031900008369,0.2621214757472564,0.2754034037179138,20.845998573303223,714.516305732727,0.291963861150737,0.0770283065617225,-0.1032348210559183
249,10X,Human Breast,sample01,SpaceFlow,Breast,0.0868580602867566,0.1899042483972201,0.2353106640395642,0.4610556348074179,0.2001595797308769,0.1806791718909814,0.1899042483972201,26.61465153694153,402.2707162857056,0.2159771754636233,0.070803546965061,-0.1384842310956689
250,10X,Human Breast,sample01,SpatialMGCN,Breast,0.1069317414280246,0.22743312281811,0.2694394746950913,0.4693295292439372,0.2323961385189187,0.2226776535667101,0.22743312281811,44.82733998298645,564.8146614074707,0.12981455064194,0.0711370833241274,-0.1598037761194526
251,10X,Human Breast,sample01,stLearn,Breast,0.2035442326717392,0.3127811727550236,0.3446642582450931,0.5106990014265336,0.3221552228393514,0.303937228589902,0.3127811727550236,225.01776523590087,3688.377856445312,0.3732762719923918,0.0755974588401948,-0.1806366148234199
252,10X,Human Breast,sample02,BASS,Breast,0.1380925783208672,0.2677057510499993,0.3034392029494934,0.5242857142857142,0.2905914739505962,0.2481616192950674,0.2677057510499993,1104.3099160671234,1174.1799999999998,0.0664285714285714,0.0794118781514678,0.0017740122121355
253,10X,Human Breast,sample02,Banksy,Breast,0.1006554055866387,0.2554712210003987,0.2831395139096733,0.5285714285714286,0.2718939242642488,0.240919413527782,0.2554712210003987,7.4678761005401615,345.96437587738035,0.0871428571428571,0.0815261239952357,-0.087311050874713
254,10X,Human Breast,sample02,BayesSpace,Breast,0.15944260234118,0.2940294612543019,0.3274080141359331,0.5492857142857143,0.3157259900086833,0.2751231396367491,0.2940294612543019,708.0161560058593,2998.4,0.0814285714285714,0.082516465316328,-0.0193437453243505
255,10X,Human Breast,sample02,CCST,Breast,0.1032404633217084,0.2028162493757245,0.3561213345861551,0.4512857142857142,0.1772746490827912,0.2372706832745869,0.2028162493757245,105.6136318206787,393.52547187805175,0.0608571428571428,0.0802831814727754,-0.0711132508585904
256,10X,Human Breast,sample02,CellCharter,Breast,0.1143391177765831,0.2406406041201154,0.2821800151911794,0.5152857142857143,0.2621342947119635,0.2224446050211259,0.2406406041201154,137.76461491584777,300.1335241317749,0.1635714285714285,0.082483290428424,-0.0727697927454071
257,10X,Human Breast,sample02,DeepST,Breast,0.1041821026080943,0.2618327397297175,0.277276876017138,0.5275714285714286,0.2838705042454845,0.2430035435103366,0.2618327397297175,115.7849748134613,2273.429846000671,0.1469999999999999,0.0819862646760897,-0.1145733047292891
258,10X,Human Breast,sample02,GraphST,Breast,0.14822056502979,0.2620013595781562,0.3349807818229126,0.515,0.2695387365551021,0.254874065238565,0.2620013595781562,12.379791879653933,309.3152704238892,0.2564285714285714,0.088552234954296,-0.1420449663908518
259,10X,Human Breast,sample02,PRECAST,Breast,0.1899419191296772,0.3076038370556364,0.3638152032571797,0.5621428571428572,0.3202483399240173,0.2959199042700925,0.3076038370556363,18.50974006652832,532.3399999999999,0.1957142857142857,0.090347600853058,-0.1192931097052277
260,10X,Human Breast,sample02,SEDR,Breast,0.0836470433237441,0.2328488528747079,0.2685461555039131,0.5008571428571428,0.2497688292020518,0.2181324702871295,0.2328488528747079,10.676660060882568,975.309196472168,0.0509999999999999,0.0786179272688966,-0.028438192715517
261,10X,Human Breast,sample02,STAGATE,Breast,0.124218548941579,0.2673924119533701,0.3173025956530541,0.537,0.2758945995717962,0.2593990791009863,0.2673924119533701,24.14229798316956,281.9461404800415,0.1967142857142857,0.0830156618128671,-0.1114535656564796
262,10X,Human Breast,sample02,SpaGCN,Breast,0.1293874762879636,0.2986972481055203,0.2846627246613281,0.5521428571428572,0.3341592507395208,0.2700397980741432,0.2986972481055203,20.946716165542604,552.4449890136718,0.2307142857142857,0.083395832606043,-0.0518878774836733
263,10X,Human Breast,sample02,SpaceFlow,Breast,0.087569703725436,0.210391206032463,0.2465565287290064,0.5029999999999999,0.2355354010837856,0.1901115808529682,0.210391206032463,15.741722917556762,302.17960834503174,0.2691428571428571,0.0847483619287582,-0.0524001399328827
264,10X,Human Breast,sample02,SpatialMGCN,Breast,0.1292176469589983,0.2562679507923132,0.3208941820272863,0.525,0.2674339998589724,0.2459969529091684,0.2562679507923132,25.6281849861145,321.47412757873536,0.175,0.0823583128922637,-0.0987457298245599
265,10X,Human Breast,sample02,stLearn,Breast,0.2003191229114151,0.3147530742483597,0.3845309071297334,0.5178571428571429,0.3070585235379328,0.3228431709563634,0.3147530742483596,150.24017491340638,2382.303458976746,0.1857142857142857,0.0843972457022667,-0.1948008672498679
266,10X,Human Breast,sample03,BASS,Breast,0.1182429660073553,0.2432817316475851,0.2692900777391483,0.5461082910321489,0.2661243014109686,0.2240505308364592,0.2432817316475851,1601.3936880588533,1366.92,0.1087140439932317,0.0635696946227196,-0.0831265902566973
267,10X,Human Breast,sample03,Banksy,Breast,0.1191640338424657,0.220377710394199,0.3126641403663461,0.5198815566835872,0.2221042603112536,0.2186777964403797,0.220377710394199,14.117506790161134,6002.098174095154,0.0905245346869712,0.0629551300836992,-0.1660261005280018
268,10X,Human Breast,sample03,BayesSpace,Breast,0.1530630586488764,0.2638589542933303,0.3034907227079399,0.5549915397631133,0.2862890794392302,0.2446881697170383,0.2638589542933303,1195.6789340019227,5585.9800000000005,0.1442470389170896,0.0648428411522267,0.009071987748853
269,10X,Human Breast,sample03,CCST,Breast,0.1562590891258615,0.1752465018430446,0.3828321317110556,0.4609983079526226,0.1522433518867401,0.207066160265276,0.1752465018430446,192.5232580184936,5088.3802490234375,0.0675972927241962,0.060656978497028,-0.1753977777174299
270,10X,Human Breast,sample03,CellCharter,Breast,0.1356794006810819,0.2565470206444105,0.289899150105993,0.528087986463621,0.2770879420099817,0.2388679535144278,0.2565470206444105,168.49261112213134,6320.888750267029,0.25,0.0669770400766393,-0.1237283563699631
271,10X,Human Breast,sample03,DeepST,Breast,0.1224599866791342,0.2466291330817072,0.2749486055889294,0.534010152284264,0.2677633370806941,0.2286229080956362,0.2466291330817072,178.30819535255432,6058.416395187378,0.3506768189509306,0.0712137400345464,-0.1565942420543525
272,10X,Human Breast,sample03,GraphST,Breast,0.1840924389898847,0.2778945242279412,0.3524533130674098,0.5816412859560067,0.2822478684067665,0.2736734307494415,0.2778945242279412,16.369153451919555,4511.709779357911,0.2897631133671743,0.0695118326561654,-0.1621676131119456
273,10X,Human Breast,sample03,PRECAST,Breast,0.2394097941300535,0.2709952884076332,0.403041814399855,0.5516074450084603,0.2763604876419505,0.2658344394627275,0.2709952884076332,31.95874600410461,760.64,0.1831641285956007,0.0728532088302483,-0.153805202688249
274,10X,Human Breast,sample03,SEDR,Breast,0.1370204336681204,0.21111128502979,0.3366834694167397,0.5316412859560067,0.2101075085291019,0.21225765085977,0.2111112850297899,17.923559284210206,8720.754191589356,0.0579526226734348,0.0605073457757069,-0.1452223971569334
275,10X,Human Breast,sample03,STAGATE,Breast,0.2154480592087065,0.2672977885610705,0.3690886020008969,0.5601522842639595,0.2789688789959756,0.2567247593605416,0.2672977885610704,39.61916584968567,4320.386869239807,0.2295262267343485,0.066126125406699,-0.1242199429026309
276,10X,Human Breast,sample03,SpaGCN,Breast,0.1627894941340616,0.2655621570414057,0.3144547356413634,0.5207275803722504,0.2817752514766949,0.2511133224154261,0.2655621570414056,30.336139726638795,9397.950198745728,0.3206429780033841,0.0701971410673464,-0.0715354273624351
277,10X,Human Breast,sample03,SpaceFlow,Breast,0.0973243354418353,0.1944795664187567,0.2557668810736612,0.4778341793570219,0.2102690556556877,0.1809128456430549,0.1944795664187567,45.26873569488525,4324.231584739685,0.1173434856175972,0.0616557051284077,-0.1395591401714616
278,10X,Human Breast,sample03,SpatialMGCN,Breast,0.1188996850956715,0.2486655153635796,0.2916570734097895,0.5478003384094755,0.257383389452108,0.2405188623779666,0.2486655153635796,50.77250828742981,7191.989889907837,0.1734348561759729,0.0643419619505695,-0.1926226680228362
279,10X,Human Breast,sample03,stLearn,Breast,0.1871290102037048,0.2757769886163206,0.3469344515945954,0.5245346869712352,0.2823333791739921,0.2695181943161052,0.2757769886163206,252.92293848991395,8838.2130443573,0.2800338409475465,0.0674251674957959,-0.2076641137263733
280,10X,Human Breast,sample04,BASS,Breast,0.2050123594836263,0.3904027173394717,0.3251130872920169,0.547923322683706,0.4042454785107677,0.3774766145127933,0.3904027173394717,1595.0968860149385,1489.8,0.0830670926517571,0.0645945758912737,-0.0408557235485385
281,10X,Human Breast,sample04,Banksy,Breast,0.1701994376593374,0.3570472792997987,0.3183760615039775,0.4912140575079872,0.3532228708313487,0.36095540937386,0.3570472792997988,13.860940885543824,5996.9918176651,0.0762779552715655,0.0617624086498927,-0.1171092239156381
282,10X,Human Breast,sample04,BayesSpace,Breast,0.22682718966266,0.4232778732770014,0.3455144847871472,0.5718849840255591,0.4355584573156718,0.4116708024000008,0.4232778732770014,1270.1257600784302,5894.0,0.1050319488817891,0.0639189461217632,-0.0878351857456326
283,10X,Human Breast,sample04,CCST,Breast,0.1694584562926419,0.3325257224698805,0.3554459237464705,0.4352236421725239,0.28363070906958,0.4020150004690827,0.3325257224698806,207.5463770866394,5097.20823097229,0.046405750798722,0.0617321532894748,-0.0999137370525903
284,10X,Human Breast,sample04,CellCharter,Breast,0.1698198221079327,0.3465618379845993,0.2960929087150965,0.49129392971246,0.3575015852645301,0.3363291374589603,0.3465618379845993,178.29688839912416,6310.64959602356,0.1472044728434504,0.0628524824821215,-0.0457187035505149
285,10X,Human Breast,sample04,DeepST,Breast,0.1893768477674171,0.3668948869608488,0.3134933392547325,0.5300319488817891,0.3777171036429443,0.3567352096338177,0.3668948869608488,199.8776222229004,5839.47451133728,0.1714856230031948,0.0641874472553593,-0.0551607811113087
286,10X,Human Breast,sample04,GraphST,Breast,0.1952578387235737,0.3961401224421639,0.3902401334672134,0.5099840255591054,0.3604754424929594,0.4396368667350359,0.3961401224421638,17.55030827522278,4539.59744644165,0.1206070287539935,0.0616508150363259,-0.2441125777103621
287,10X,Human Breast,sample04,PRECAST,Breast,0.193488514474207,0.3799259061763912,0.3471683520559804,0.5143769968051118,0.3664939559709458,0.394379871117919,0.3799259061763912,32.24587798118591,778.88,0.1381789137380191,0.0655924945564197,-0.2200034162320279
288,10X,Human Breast,sample04,SEDR,Breast,0.1380136545066176,0.3262892748574569,0.3172591439189056,0.4884984025559105,0.3106096152486005,0.3438045255517586,0.3262892748574569,16.960474014282227,8343.085464286803,0.0620607028753992,0.0607843690641006,-0.1461791036062349
289,10X,Human Breast,sample04,STAGATE,Breast,0.1912536332191207,0.4004904885861258,0.3412551328189906,0.5174121405750799,0.390109623006669,0.4115544427582075,0.4004904885861258,38.11466746330261,4302.256192588806,0.1599840255591053,0.0632709335628601,-0.1959001354514747
290,10X,Human Breast,sample04,SpaGCN,Breast,0.2200008056353265,0.3996269026523278,0.3394209609227238,0.5603035143769968,0.4105513563915973,0.389268762265487,0.3996269026523278,33.3021605014801,9845.060818862916,0.2204472843450479,0.0668186468709131,-0.1420405054655371
291,10X,Human Breast,sample04,SpaceFlow,Breast,0.1414871753439044,0.3052258866759311,0.2712749438135219,0.4630191693290735,0.3138337211191266,0.297237261105911,0.305225886675931,57.56215310096741,4311.49657497406,0.0608626198083066,0.0612312796246598,0.0264619233864186
292,10X,Human Breast,sample04,SpatialMGCN,Breast,0.1824171568970193,0.3840454906965041,0.3385387873489517,0.5163738019169329,0.3743660644361596,0.3942387350292523,0.3840454906965041,52.44294753074646,6773.401358795166,0.0702875399361022,0.0632490532521777,-0.105544226463146
293,10X,Human Breast,sample04,stLearn,Breast,0.2443616841903531,0.4144244292301086,0.3624661035720478,0.5810702875399361,0.4184292091721687,0.4104955819203536,0.4144244292301086,267.99316358566284,9008.763702011109,0.2304313099041533,0.0673101634613597,-0.154923311552292
294,10X,Human Breast,sample05,BASS,Breast,0.0910448029468448,0.2121103900378572,0.2618983341220707,0.5278776978417267,0.2310705648436842,0.1960257674874963,0.2121103900378572,1432.5198660373687,1318.74,0.1173561151079136,0.0617854651422546,-0.0945760391426632
295,10X,Human Breast,sample05,Banksy,Breast,0.0699381430561557,0.1744055801789527,0.270551151147118,0.5238309352517986,0.1817559240031452,0.1676266352296318,0.1744055801789527,18.134667444229127,11173.051735687255,0.095773381294964,0.05938047011615,-0.1380203391458628
296,10X,Human Breast,sample05,BayesSpace,Breast,0.1136405368927883,0.248969935026344,0.2796919035135279,0.5593525179856115,0.2720228850078456,0.2295190319753801,0.248969935026344,1126.8723940372467,4518.6,0.1232014388489208,0.061090969805229,-0.072442654942749
297,10X,Human Breast,sample05,CCST,Breast,0.043546464907477,0.1066422566302922,0.4404547699707544,0.4471223021582734,0.0745259365760731,0.1900130447476152,0.1066422566302922,182.9087549686432,9834.119107818604,0.0585431654676258,0.0611772977222544,-0.2618316665313424
298,10X,Human Breast,sample05,CellCharter,Breast,0.0566153690826273,0.1893855590727876,0.2240455874734966,0.4836330935251798,0.2091566632339763,0.1730297240595442,0.1893855590727876,207.9675845623016,11841.061041641236,0.281205035971223,0.0643020135819267,-0.1247604389588845
299,10X,Human Breast,sample05,DeepST,Breast,0.0933002924640452,0.2308555064877639,0.2569279571582021,0.4989208633093525,0.254585745261499,0.2111861286979451,0.2308555064877639,179.17930808067322,7887.636355781555,0.3076438848920863,0.0657809808938304,-0.1394307515370489
300,10X,Human Breast,sample05,GraphST,Breast,0.1219804936019033,0.2489983380638646,0.3160818855059898,0.5557553956834532,0.2552350356349133,0.2430591594338947,0.2489983380638646,18.051731538772582,8157.789245986938,0.2909172661870504,0.0646183562110064,-0.3097440719198236
301,10X,Human Breast,sample05,PRECAST,Breast,0.1315628374310395,0.2407491302874162,0.3039389147359876,0.5656474820143885,0.257116294914373,0.2263410170661655,0.2407491302874162,29.319339990615845,807.96,0.3125,0.067798119301526,-0.2338712311275485
302,10X,Human Breast,sample05,SEDR,Breast,0.1105042989634912,0.189818178253933,0.3103929409886393,0.5285071942446044,0.1947205725570296,0.1852911386775127,0.189818178253933,20.576526975631715,13001.25642414093,0.0616007194244603,0.0585499221558393,-0.1630380883061264
303,10X,Human Breast,sample05,STAGATE,Breast,0.0991656062692677,0.2258263435367954,0.2704709503278728,0.5366007194244604,0.2446847348036374,0.2096905824935704,0.2258263435367954,42.4241756439209,8037.605579376221,0.2254496402877697,0.0630383634869451,-0.1006758423045644
304,10X,Human Breast,sample05,SpaGCN,Breast,0.0787273803196499,0.2175195512881715,0.2529371726553884,0.4959532374100719,0.2331373528373937,0.2038628405620307,0.2175195512881715,28.96575345993042,19854.99961795807,0.2751798561151079,0.0689410943235106,-0.1441339928170077
305,10X,Human Breast,sample05,SpaceFlow,Breast,0.0497576296734349,0.1533945746471286,0.2209767740531209,0.4821043165467625,0.1684971092389098,0.1407943008954245,0.1533945746471286,26.075409984588624,8047.451965904236,0.1946043165467625,0.0607888119621617,-0.1003355164135608
306,10X,Human Breast,sample05,SpatialMGCN,Breast,0.1131050270598342,0.1978327735317738,0.2877156575922303,0.5107913669064749,0.2118753963021023,0.1855358747641556,0.1978327735317739,57.36715817451477,12661.707835578918,0.2203237410071942,0.0628267554159308,-0.2365555626826567
307,10X,Human Breast,sample05,stLearn,Breast,0.1200382607914261,0.2292283029463475,0.3063586960802708,0.4878597122302158,0.2295997553401792,0.2288580505016939,0.2292283029463474,249.05145378112792,14294.073015213013,0.493705035971223,0.0685360835751585,-0.2361306269908268
308,10X,Human Breast,sample06,BASS,Breast,0.1659995066297019,0.3383949717661997,0.3037516202392399,0.5367138623641752,0.3606891706809202,0.3186963492900797,0.3383949717661997,1518.2935039520264,1945.14,0.1643068817912413,0.0621534416587427,-0.053389109424405
309,10X,Human Breast,sample06,Banksy,Breast,0.2510205529080507,0.4108752658867128,0.3956557545077548,0.6322028317418505,0.413560185478813,0.4082249835462136,0.4108752658867128,20.59068460464477,11254.783612442016,0.2838327296674349,0.063135432902675,-0.1366369317040093
310,10X,Human Breast,sample06,BayesSpace,Breast,0.2492944076268377,0.415329365816658,0.3761889650869729,0.6180441224892986,0.4404917917319533,0.3928863297573884,0.415329365816658,1532.78868598938,6578.780000000001,0.2183075403358577,0.0639976175073581,-0.0528003575366239
311,10X,Human Breast,sample06,CCST,Breast,0.1748473960825174,0.2545927207162025,0.3893118716173232,0.4663154428712545,0.2122398770062148,0.318564491820315,0.2545927207162025,288.8418750286102,9372.573238945008,0.0653934804082976,0.0584478451792656,-0.2502310441960618
312,10X,Human Breast,sample06,CellCharter,Breast,0.2005624729224642,0.3523219278702207,0.3320360913915244,0.5645044451761606,0.3764789716777539,0.3310828336462838,0.3523219278702207,284.8463778972626,11879.732425498962,0.4181758314125782,0.0662685642374565,-0.0995896018452662
313,10X,Human Breast,sample06,DeepST,Breast,0.243499503193169,0.3753552617414409,0.3712238538417696,0.6081659532433322,0.3970323155367027,0.3560354980657035,0.3753552617414409,235.9632959842682,9264.394751167298,0.3160355614092854,0.0640624600282677,-0.1359869034853882
314,10X,Human Breast,sample06,GraphST,Breast,0.2354528133734387,0.3826065340118033,0.3719920893123183,0.597629239380968,0.3939275865382481,0.3719180128152716,0.3826065340118033,23.46148638725281,8396.902642440797,0.3743826144221271,0.062575332419909,-0.1061834605812544
315,10X,Human Breast,sample06,PRECAST,Breast,0.2854157495463345,0.432854088118683,0.4104258993012831,0.6384590055976292,0.4539416747818748,0.4136387495352197,0.432854088118683,38.90744600296021,1084.66,0.3819558775107013,0.0689939592920815,-0.1058540178830551
316,10X,Human Breast,sample06,SEDR,Breast,0.1840220030440425,0.2993747968669615,0.3318128616243051,0.5499506091537703,0.3080341045745823,0.2912191192351784,0.2993747968669616,23.09111886024475,14099.951644325256,0.1181429041817582,0.0591508893445301,-0.1872526419529022
317,10X,Human Breast,sample06,STAGATE,Breast,0.2793764875710335,0.4041203314940793,0.4040490906344048,0.6351004280540007,0.4257226583892849,0.3846295318758717,0.4041203314940793,49.28051137924194,8106.096374702453,0.330852815278235,0.0634467782728372,-0.1455356995757978
318,10X,Human Breast,sample06,SpaGCN,Breast,0.1986675199987272,0.3592069638135239,0.3324198558910677,0.578531445505433,0.37938185592953,0.3410694607486776,0.3592069638135239,50.45416593551636,18224.221155166622,0.3312479420480738,0.0680142057289226,-0.0856550609412695
319,10X,Human Breast,sample06,SpaceFlow,Breast,0.1325244581958317,0.2763545034988922,0.2713465539824041,0.5001646361540995,0.2966551959259565,0.2586590031060094,0.2763545034988921,30.534463834762573,8121.110778236389,0.2312808692788936,0.0606330339962873,-0.0928147532984373
320,10X,Human Breast,sample06,SpatialMGCN,Breast,0.1674096816300225,0.3087797102055557,0.3069835218299321,0.5610800131708923,0.3260873446402618,0.2932167384944128,0.3087797102055558,67.66217012405396,13524.777261924744,0.3022719789265722,0.0623598243910026,-0.0990896481775801
321,10X,Human Breast,sample06,stLearn,Breast,0.2865016973983345,0.4324229648025676,0.4095759338274868,0.6628251564043464,0.4550416179511366,0.4119464344186882,0.4324229648025676,330.3746123790741,15465.04897480011,0.5396773131379651,0.0696239789029441,-0.1096293954785292
322,10X,Human Breast,sample07,BASS,Breast,0.2840830838126446,0.4223040813848203,0.4028672237438631,0.6193672099712368,0.4494772344022869,0.3982291331077621,0.4223040813848203,1253.7638640403748,1447.94,0.0810162991371045,0.0737251718727399,-0.0851488430266517
323,10X,Human Breast,sample07,Banksy,Breast,0.2864440704236052,0.4030209894941323,0.4228609877646204,0.5977948226270374,0.4079965242119422,0.3981653464018833,0.4030209894941324,13.327088117599487,11097.959882354737,0.0465004793863854,0.0742521818264068,-0.0663874607209745
324,10X,Human Breast,sample07,BayesSpace,Breast,0.3198277423116537,0.4306173915112695,0.43449832897044,0.6433365292425696,0.4573711258360085,0.4068205898261022,0.4306173915112695,1051.343204021454,4255.4,0.1131351869606902,0.0742175143946444,0.0021778570655696
325,10X,Human Breast,sample07,CCST,Breast,0.292978129442188,0.3573188445227642,0.5153786933608837,0.5069031639501438,0.273734239500327,0.521803602983931,0.3573188445227643,169.34515466690064,8996.81442642212,0.0351869606903163,0.0744117321945148,-0.0277076995186083
326,10X,Human Breast,sample07,CellCharter,Breast,0.1908041396293346,0.3358356354128158,0.3203389305008158,0.5273250239693192,0.3599653378989451,0.3147387792672219,0.3358356354128159,198.1432620048523,11801.56375541687,0.0951102588686481,0.0745583901999268,-0.0540811764843898
327,10X,Human Breast,sample07,DeepST,Breast,0.2315335209709945,0.3941233527057594,0.3546808836101686,0.5858101629913711,0.4243276768620035,0.3679657766016828,0.3941233527057595,159.22339730262755,7862.332068252564,0.1016299137104505,0.0736528401318364,-0.0922574545146117
328,10X,Human Breast,sample07,GraphST,Breast,0.2248201894783074,0.3550532961205435,0.3614557454642645,0.5455417066155321,0.364951560560256,0.345677777764111,0.3550532961205435,18.559195137023927,8102.108440589905,0.2257909875359539,0.0755115724364845,-0.1829269432308237
329,10X,Human Breast,sample07,PRECAST,Breast,0.2198263978836132,0.368492276211664,0.3501286929469036,0.5560882070949185,0.3888402669712231,0.3501680029959427,0.368492276211664,28.56218409538269,771.3199999999999,0.1169702780441035,0.0768189466211566,-0.0967060885855471
330,10X,Human Breast,sample07,SEDR,Breast,0.2558291638197817,0.3823825874783007,0.3814826717149944,0.587823585810163,0.4019276629589842,0.3646708977734158,0.3823825874783007,18.482374048233037,14496.641484642028,0.0508149568552252,0.0727684974136685,-0.002725048055939
331,10X,Human Breast,sample07,STAGATE,Breast,0.2910962936704073,0.4077579783794379,0.4250388724507917,0.574496644295302,0.4127925965659157,0.4028507025766766,0.4077579783794379,36.36771826744079,7963.161187362671,0.1310642377756471,0.0744625949611525,-0.1603779936180175
332,10X,Human Breast,sample07,SpaGCN,Breast,0.3102933778758175,0.4372977863771364,0.4258285019843034,0.6505273250239694,0.4650208843447035,0.4126942400977002,0.4372977863771364,31.89379119873047,19072.23103561401,0.1313518696069031,0.075911552439765,-0.0888705571572934
333,10X,Human Breast,sample07,SpaceFlow,Breast,0.1241592864780689,0.2696216483818046,0.26154310873328,0.4865771812080536,0.2889763472965805,0.2527420519731173,0.2696216483818046,33.415979051589964,7971.408081436157,0.210450623202301,0.0753342238296798,-0.0495919272788869
334,10X,Human Breast,sample07,SpatialMGCN,Breast,0.1755680083896727,0.3421755133479527,0.3075008521849268,0.5426653883029722,0.3664651249503124,0.3209056232056499,0.3421755133479527,47.40868382453918,12620.66106967926,0.1001917545541705,0.0760484372678173,-0.0847023261012508
335,10X,Human Breast,sample07,stLearn,Breast,0.3488734444308269,0.4638000287743152,0.4665327852493718,0.6155321188878236,0.4637790622725711,0.4638209971718504,0.4638000287743155,228.94383935928343,14034.94666557312,0.2459252157238734,0.0805668497967296,-0.1898008717679674
336,10X,Human Breast,sample08,BASS,Breast,0.2085347935741288,0.3428491728113244,0.3376052171022285,0.5747947161727954,0.3611872422567366,0.3262832370319201,0.3428491728113244,1427.7201020240784,1644.44,0.0806854694751874,0.0600031007702308,0.044173443507134
337,10X,Human Breast,sample08,Banksy,Breast,0.1971158797638604,0.3338572075986495,0.3370819461620898,0.5394501963584434,0.3397703521060535,0.3281463595752142,0.3338572075986495,14.576208353042604,11265.961183547974,0.1081756515530167,0.0596145788225015,-0.0149249999148695
338,10X,Human Breast,sample08,BayesSpace,Breast,0.2250102344916374,0.3482493826642103,0.3473951148334964,0.5983577293823634,0.3694326909402592,0.3293636379821688,0.3482493826642102,1411.008039999008,5619.3,0.0946090681899321,0.061543604595943,0.0146216586774403
339,10X,Human Breast,sample08,CCST,Breast,0.2577135418769834,0.298104508603364,0.4269306844595363,0.5251695822920386,0.2610398315764855,0.3483514881551309,0.298104508603364,252.4758946418762,8581.823948669433,0.0424134237772223,0.0588720086978907,-0.1448470871270461
340,10X,Human Breast,sample08,CellCharter,Breast,0.1719665277525512,0.3036064037508133,0.2981011915395924,0.5260264191360229,0.3260351763404334,0.2840682353497509,0.3036064037508132,259.91534543037415,11889.46669921875,0.1434487682970367,0.06033911161583,-0.0185331884165168
341,10X,Human Breast,sample08,DeepST,Breast,0.1889006577430886,0.3258863428180459,0.3177873066069542,0.543877186719029,0.3439413991339652,0.3096405283709326,0.3258863428180459,212.8354300022125,9213.00839920044,0.1020349875044626,0.0585283866970228,-0.0393610989062305
342,10X,Human Breast,sample08,GraphST,Breast,0.1939147872698112,0.350058160126709,0.3549794327174316,0.5223134594787576,0.344498682303292,0.3558000175229847,0.3500581601267089,20.04037923812866,8334.23367176056,0.1963584434130667,0.0607358236557984,-0.1727069863051048
343,10X,Human Breast,sample08,PRECAST,Breast,0.2611720522387722,0.3611983778237173,0.3855090442526702,0.5640842556229918,0.3747975610387268,0.3485515083798787,0.3611983778237173,29.94338998794556,1014.24,0.1667261692252767,0.0637175408396655,-0.1175642765136149
344,10X,Human Breast,sample08,SEDR,Breast,0.1942011136317737,0.309973935375931,0.3289751747195774,0.5368796858264905,0.3206325008408588,0.30001774510583,0.309973935375931,20.134425592422485,15532.630770874024,0.067904319885755,0.0578390233252174,-0.032545667256191
345,10X,Human Breast,sample08,STAGATE,Breast,0.2143599078687501,0.3358224807557691,0.3504128264120946,0.561799357372367,0.3465765386260588,0.3258593258567308,0.3358224807557691,43.79874696731567,8121.863769149781,0.1403070332024276,0.0619363296422747,-0.0608193963326298
346,10X,Human Breast,sample08,SpaGCN,Breast,0.1944942265723837,0.3224815885916187,0.3215551856616871,0.5462334880399857,0.3400023802378371,0.3066780458626802,0.3224815885916187,35.88231792449951,18304.53040351868,0.1627990003570153,0.060861237604798,-0.0338554165168814
347,10X,Human Breast,sample08,SpaceFlow,Breast,0.1802530553089519,0.2868904647935112,0.3060959761630599,0.5211710103534453,0.3079650309787604,0.2685618688802514,0.2868904647935112,51.46116328239441,8140.147233772278,0.1007497322384861,0.0588787102723506,-0.0190827909093726
348,10X,Human Breast,sample08,SpatialMGCN,Breast,0.1720559736131741,0.2895570838929941,0.3094631228601789,0.5287397358086398,0.3003464254347652,0.2795160323471705,0.2895570838929941,70.4632309436798,12738.22859172821,0.1456622634773295,0.0600687212015108,-0.1149314501531482
349,10X,Human Breast,sample08,stLearn,Breast,0.2355711995223926,0.375032386935558,0.3588263561544985,0.5458764726883256,0.393731366693882,0.3580289751537904,0.375032386935558,300.6825325489044,15230.809931945802,0.2688325598000714,0.0652507079265611,-0.092958165652885
350,10X,Human Breast,sample09,BASS,Breast,0.2170860997929671,0.3329230200387768,0.3460741161720991,0.5645879732739421,0.3510429057312372,0.3165819173934464,0.3329230200387768,1246.8247139453888,1644.12,0.1020786933927245,0.060096827383271,-0.0535878509535294
351,10X,Human Breast,sample09,Banksy,Breast,0.2540934148619518,0.3167481427800638,0.3793775732984699,0.5927988121752041,0.3322858658467438,0.3025985995021728,0.3167481427800638,19.5337504863739,11240.865981292724,0.1124721603563474,0.0612529649704299,-0.041119147165823
352,10X,Human Breast,sample09,BayesSpace,Breast,0.2918378231617181,0.3735506241797751,0.4138289471813446,0.6340014847809948,0.3890697587204508,0.3592220489495654,0.3735506241797751,1359.9696860790252,5415.2,0.1184112843355605,0.0620764260863832,-0.0707683598413125
353,10X,Human Breast,sample09,CCST,Breast,0.2361687758537833,0.2853857638913209,0.4112701543890317,0.5222717149220489,0.2490037123364131,0.3352816608605904,0.2853857638913209,246.85418648719784,10673.829451179505,0.0631031922791387,0.0598190041258951,-0.2505210560307632
354,10X,Human Breast,sample09,CellCharter,Breast,0.1843043323326679,0.3091051204707734,0.3188519716832367,0.5497401633259094,0.3256550800085958,0.2941746047953629,0.3091051204707734,256.4882336139679,11876.576423454284,0.1904231625835188,0.0625657402671801,-0.1010957091106513
355,10X,Human Breast,sample09,DeepST,Breast,0.2392955565515069,0.345102945485665,0.3641396188617708,0.5824053452115813,0.3640557288334681,0.3280559245143468,0.345102945485665,213.72315363883973,7965.723615455628,0.1157386785449145,0.0602798825067723,-0.0750836439434209
356,10X,Human Breast,sample09,GraphST,Breast,0.2089393818555919,0.3483664220806153,0.3432750469855591,0.597253155159614,0.3631635251528621,0.3347279278315092,0.3483664220806153,24.368449878692623,8296.948176574708,0.2342242019302153,0.0618648174207853,-0.1160507101483847
357,10X,Human Breast,sample09,PRECAST,Breast,0.2695096723354521,0.3988953968231543,0.3934778650368214,0.6195248700816629,0.4170597742366958,0.3822472248204133,0.3988953968231543,27.927826023101808,1031.6,0.2030438010393466,0.0659284837290526,-0.0688838508445461
358,10X,Human Breast,sample09,SEDR,Breast,0.205903834138303,0.2958974910149368,0.3517973130976174,0.5651076466221232,0.2994375683897933,0.2925007652022759,0.2958974910149368,22.63664026260376,15581.218556022644,0.0720861172976985,0.0593122290214677,-0.1108151068905646
359,10X,Human Breast,sample09,STAGATE,Breast,0.2459695224229857,0.3702657212937909,0.3671539237508537,0.6072011878247958,0.3959391515399605,0.3477311271583162,0.3702657212937909,44.5612389087677,8099.287613296508,0.2092056421677802,0.0634462457989471,-0.0812809488458583
360,10X,Human Breast,sample09,SpaGCN,Breast,0.2635513982840829,0.3769010797116259,0.3878487441632922,0.6128433556050482,0.3929149541381447,0.3621414292783062,0.3769010797116258,43.08683657646179,20038.88340892792,0.165924276169265,0.0619660851238539,-0.1117917537064675
361,10X,Human Breast,sample09,SpaceFlow,Breast,0.1631928804082857,0.2799702015292334,0.2950229021599221,0.5244988864142539,0.2994569927779885,0.2628708452345182,0.2799702015292333,26.237101745605468,8115.610325241088,0.1933927245731254,0.0603788191031636,-0.0886723433598948
362,10X,Human Breast,sample09,SpatialMGCN,Breast,0.1950230028120168,0.3270096293929592,0.3263184800368583,0.5619896065330364,0.3456418966384738,0.3102834066442969,0.3270096293929592,66.4840961933136,13504.329562568664,0.1588715664439495,0.0611918707220762,-0.0616674543691972
363,10X,Human Breast,sample09,stLearn,Breast,0.2842911763992466,0.412351669671286,0.4013314494051513,0.6239792130660727,0.4389571519791747,0.3887870314376618,0.412351669671286,291.4039294719696,15031.960503196717,0.3827023014105419,0.0672248791580659,-0.1157956878313397
364,10X,Human Breast,sample10,BASS,Breast,0.1604163615366936,0.3310043792428208,0.3085062724025383,0.5822887181560857,0.3558069124104505,0.3094343756862049,0.3310043792428208,1198.0347079753876,1577.8200000000002,0.1002830570157703,0.061727129370832,-0.0795658741231826
365,10X,Human Breast,sample10,Banksy,Breast,0.1150054396219247,0.2578357583310973,0.285950646300234,0.4981803477557622,0.2672963487669072,0.2490219648403033,0.2578357583310973,14.473048448562622,11141.019123458862,0.0703598867771937,0.0615795729093324,-0.1009269303974169
366,10X,Human Breast,sample10,BayesSpace,Breast,0.1884668198951405,0.3448251359753244,0.3332154983902666,0.6004852405984634,0.3703700080623465,0.3225766314797206,0.3448251359753244,1250.9352359771729,4993.6,0.0845127375657096,0.0616675467052006,-0.0956638006992219
367,10X,Human Breast,sample10,CCST,Breast,0.1541280354374438,0.2241645159133748,0.3854287834970354,0.4828143954710877,0.1851488951068932,0.2841340245682394,0.2241645159133748,211.10115780830384,9848.3548910141,0.0637282652648604,0.0612097403524068,-0.3201355770669092
368,10X,Human Breast,sample10,CellCharter,Breast,0.1158721418328366,0.2673992944309786,0.2695943305053478,0.5166194904973717,0.2881151533537351,0.24947924657385,0.2673992944309786,193.29294052124024,11814.773676681518,0.2008896077638495,0.0642966394450569,-0.1031614679369609
369,10X,Human Breast,sample10,DeepST,Breast,0.1633879556258049,0.3114913787360495,0.3162239255799831,0.5496967246259603,0.3294684540536993,0.2954987296595556,0.3114913787360496,197.02102022171024,7870.417784881592,0.133683784876668,0.0618795012953513,-0.0525086913087217
370,10X,Human Breast,sample10,GraphST,Breast,0.1997315738542546,0.3176746209418787,0.3848102426958549,0.5418520016174687,0.3063803694282148,0.3298334344224382,0.3176746209418787,21.23807091712952,8199.789826393127,0.1508289526890416,0.0634077569550728,-0.2086131250245356
371,10X,Human Breast,sample10,PRECAST,Breast,0.1906325837700014,0.3217296774216079,0.3522406708965622,0.5790537808329964,0.3272355300427763,0.3164060348570506,0.3217296774216079,31.441506004333498,864.5,0.1427416093813182,0.0647254484414883,-0.1636673752384385
372,10X,Human Breast,sample10,SEDR,Breast,0.1300109481447224,0.2530330528890545,0.30146541312907,0.5276991508289527,0.2610227095654344,0.2455983649947423,0.2530330528890545,18.61761589050293,13021.50121383667,0.0596037201779215,0.0599251352595439,-0.1493820619868854
373,10X,Human Breast,sample10,STAGATE,Breast,0.1350381492198143,0.2858484508449201,0.2952564460029495,0.5218762636473919,0.3009463335476772,0.2722572491333506,0.2858484508449201,39.84107365608215,7993.608805084228,0.1615851192883137,0.0632958548966638,-0.1332126168616609
374,10X,Human Breast,sample10,SpaGCN,Breast,0.2185969679210893,0.3525057681268918,0.3569473368338976,0.6267691063485645,0.3819019172697244,0.3273116012202746,0.3525057681268918,29.697798442840572,18138.280299186707,0.2389809947432268,0.0660126387636732,-0.1220023713019205
375,10X,Human Breast,sample10,SpaceFlow,Breast,0.1172359048284319,0.273256085377506,0.2721008603191641,0.5162959967650627,0.2915701657594922,0.2571207145143604,0.273256085377506,19.574351692199706,7999.471993255615,0.229357056207036,0.0620950812018037,-0.1278028055151801
376,10X,Human Breast,sample10,SpatialMGCN,Breast,0.1430791778907585,0.2920610960937262,0.2988046480926239,0.5369995956328346,0.3103816430635921,0.2757827773258743,0.2920610960937261,57.55510902404785,12649.82842655182,0.1665992721391023,0.0629682268332297,-0.1004282554780421
377,10X,Human Breast,sample10,stLearn,Breast,0.2097518122209633,0.3602099835538169,0.366073197082458,0.5584310553983016,0.3554297633156406,0.365120536233467,0.3602099835538169,267.1447057723999,14611.236892700195,0.2765871411241407,0.0691245202308874,-0.2570448482339457
378,10X,Human Breast Cancer,Block_A_Section1,BASS,Breast,0.637460095215529,0.697135972170826,0.6644109776973393,0.7130068457082676,0.6972425898805256,0.6970293870626866,0.697135972170826,1660.8061379909516,2266.16,0.0866245392311743,0.0581667971503845,0.0238921810907609
379,10X,Human Breast Cancer,Block_A_Section1,Banksy,Breast,0.5228070726052596,0.6704128497799242,0.5581251118296784,0.7049499736703528,0.6865512362257211,0.6550247126210614,0.6704128497799241,19.89829316139221,1309.599612045288,0.1155344918378093,0.0602269168495678,0.0108873416410656
380,10X,Human Breast Cancer,Block_A_Section1,BayesSpace,Breast,0.5493009030731922,0.6722779170150569,0.5838776329503714,0.7166929963138494,0.6926535128402708,0.6530668315869276,0.6722779170150568,1986.873381948471,8916.92,0.1408636124275934,0.0619530832122975,0.0190718765344817
381,10X,Human Breast Cancer,Block_A_Section1,CCST,Breast,0.5441618655075622,0.635028502524525,0.5814706316944596,0.6418641390205371,0.6206593299204121,0.6501253542476746,0.635028502524525,290.2609375,1506.9560382843017,0.0629278567667193,0.0577560283568798,0.0349968789638589
382,10X,Human Breast Cancer,Block_A_Section1,CellCharter,Breast,0.488438739734945,0.6573015407222208,0.5272674387184404,0.6945234333859927,0.6799024782639987,0.6361554531516065,0.6573015407222208,329.59082956314086,850.1541707992553,0.1360716166403369,0.0589727795568568,0.0270763772724585
383,10X,Human Breast Cancer,Block_A_Section1,DeepST,Breast,0.5422384544400823,0.6827192981695993,0.5767240180955653,0.7279094260136915,0.7007443245405407,0.6656247262341175,0.6827192981695994,240.75582361221316,5848.675745773316,0.1097419694576092,0.0587929020587369,0.039401412599392
384,10X,Human Breast Cancer,Block_A_Section1,GraphST,Breast,0.5053564082356303,0.6473483358228832,0.5414782489312844,0.6703528172722486,0.6579268480291579,0.6371046150099308,0.6473483358228832,30.68121581077576,1280.8651096343997,0.1592943654555029,0.0598871181513884,-0.0426885208519465
385,10X,Human Breast Cancer,Block_A_Section1,PRECAST,Breast,0.5313852610549856,0.6462383397966368,0.5670848509525417,0.7056345444971037,0.6660339708309456,0.6275854620263479,0.6462383397966368,88.39030604362488,1360.58,0.1579778830963665,0.0645193360729615,0.0085809816227524
386,10X,Human Breast Cancer,Block_A_Section1,SEDR,Breast,0.4076252887693122,0.6534950155586605,0.4508940635764086,0.6758820431806214,0.6650904088718927,0.6423240329291452,0.6534950155586605,28.46719045639038,2758.1251373291016,0.0634017904160083,0.0574448945582077,-0.0101681467117547
387,10X,Human Breast Cancer,Block_A_Section1,STAGATE,Breast,0.4292406792661314,0.664337337898673,0.4704948778343617,0.7105318588730911,0.6797780216641977,0.6495890657946,0.664337337898673,63.96407380104065,1229.6432573318482,0.0855713533438651,0.0583734273608262,0.0230992469690178
388,10X,Human Breast Cancer,Block_A_Section1,SpaGCN,Breast,0.5071950496627761,0.6363943492863418,0.5434159758699356,0.6798314902580306,0.6497435797798088,0.6235826060103706,0.6363943492863416,197.9995706558228,1622.9835899353027,0.2024749868351763,0.0619147004780108,-0.0523625239898784
389,10X,Human Breast Cancer,Block_A_Section1,SpaceFlow,Breast,0.375081703450829,0.5512201723899736,0.4196787428809698,0.5656134807793576,0.5653535336643067,0.5377871896076116,0.5512201723899736,40.61280064582824,1313.626888847351,0.2394418114797261,0.0594879904175355,-0.1280500499689654
390,10X,Human Breast Cancer,Block_A_Section1,SpatialMGCN,Breast,0.5340590609683855,0.6567544279116678,0.5682116987899717,0.6827277514481306,0.665616770002824,0.6481249799337091,0.6567544279116678,94.01044621467592,1149.4986009597778,0.1406003159557662,0.0593389416773993,-0.034417881057505
391,10X,Human Breast Cancer,Block_A_Section1,stLearn,Breast,0.5177940004792463,0.5912741264049285,0.5530727197416733,0.6408636124275935,0.5965089371193572,0.5861303951352452,0.5912741264049284,354.5625330924988,7452.423502922058,0.3478146392838336,0.0667578605568031,-0.1104633432983733
420,10X,Human Cardiac Niches,AVN_11290657,BASS,Heart,0.3995212852282789,0.5296593601675083,0.5882139967609659,0.8435406698564594,0.6590772828714848,0.4427248884688898,0.5296593601675084,1178.7606459617614,1188.04,0.0267942583732056,0.0559553865285119,0.1937677315118789
421,10X,Human Cardiac Niches,AVN_11290657,Banksy,Heart,0.3278259221018598,0.4339166829277562,0.5419609163777503,0.8301435406698564,0.520136048501088,0.3722168609333839,0.4339166829277562,16.31429762840271,343.89193096160886,0.0401913875598086,0.0563876361445708,0.0605136907075099
422,10X,Human Cardiac Niches,AVN_11290657,BayesSpace,Heart,0.4072592048814633,0.5629088995800997,0.5940638738971636,0.8708133971291867,0.7012204048288746,0.4701705816147302,0.5629088995800998,1037.978941965103,4217.38,0.0177033492822966,0.0562814997920439,0.2144696042530055
423,10X,Human Cardiac Niches,AVN_11290657,CCST,Heart,0.5547876760373069,0.573540470921424,0.7094993333523563,0.8472727272727273,0.6339970835230447,0.5272816595009643,0.5735404709214241,168.6376917362213,519.2469348907471,0.024401913875598,0.057995508159777,0.207964508981696
424,10X,Human Cardiac Niches,AVN_11290657,CellCharter,Heart,0.4598208606043198,0.5732969572931952,0.6346376929370688,0.8664114832535885,0.7070772092693922,0.4821042647485661,0.5732969572931952,77.02467894554138,246.0138463973999,0.0426794258373205,0.0563809391428612,0.1826708181391562
425,10X,Human Cardiac Niches,AVN_11290657,DeepST,Heart,0.4509176943831042,0.5710805975914106,0.6275082142494964,0.905071770334928,0.7074571236956264,0.4788323813136856,0.5710805975914106,255.70929441452023,2956.607618713379,0.028133971291866,0.0560304126244313,0.2221082380735612
426,10X,Human Cardiac Niches,AVN_11290657,GraphST,Heart,0.3802286776490146,0.4995549082713862,0.5802885702746553,0.8727272727272727,0.6027785895078699,0.4265156295773399,0.4995549082713862,13.810885429382324,387.1177440643311,0.1253588516746411,0.0578945902057512,0.0782730663803597
427,10X,Human Cardiac Niches,AVN_11290657,PRECAST,Heart,0.3930845730012385,0.5547049236975758,0.5846697790305637,0.8526315789473685,0.6846211358729336,0.466231187368008,0.5547049236975758,65.010985994339,610.36,0.024401913875598,0.0579797748001735,0.2144227305138414
428,10X,Human Cardiac Niches,AVN_11290657,SEDR,Heart,0.4664655234133477,0.6036784361530417,0.6422718971136931,0.8771291866028708,0.7253480530500017,0.5170660038854177,0.6036784361530417,18.574175214767457,651.8940202713013,0.0084210526315789,0.0556518199145048,0.1884574431573969
429,10X,Human Cardiac Niches,AVN_11290657,STAGATE,Heart,0.3849599662520749,0.5313078691921869,0.5771576377472042,0.8522488038277511,0.6616285449142522,0.443877544504718,0.5313078691921869,35.52489824295044,191.0361078262329,0.0754066985645932,0.0577265679657597,0.1628820006680451
430,10X,Human Cardiac Niches,AVN_11290657,SpaGCN,Heart,0.3911979487797167,0.5300753027197962,0.5814122104157052,0.8511961722488038,0.662453029014114,0.4417921520362403,0.5300753027197962,14.840439558029177,534.8830623626709,0.054066985645933,0.0575603723115773,0.1744482036913738
431,10X,Human Cardiac Niches,AVN_11290657,SpaceFlow,Heart,0.4714840431718495,0.5816820343379614,0.6429142510806066,0.9164593301435406,0.7251127658514148,0.4856259098451502,0.5816820343379614,17.836078453063966,161.81551361083984,0.0233492822966506,0.0572273407670106,0.217455298920022
432,10X,Human Cardiac Niches,AVN_11290657,SpatialMGCN,Heart,0.3279685587105765,0.5059744238992956,0.5641938018434013,0.8248803827751197,0.5787899560648229,0.4494328544928868,0.5059744238992956,43.791043758392334,312.43693561553954,0.0191387559808612,0.0576121018245734,0.0708741307674619
433,10X,Human Cardiac Niches,AVN_11290657,stLearn,Heart,0.4283887246772752,0.5573937640032792,0.6192931365965447,0.8086124401913877,0.6309127318969066,0.4992206093141155,0.5573937640032792,213.01441264152527,2723.791583442688,0.0526315789473684,0.0569491585748233,0.2260746866577273
434,10X,Human Cardiac Niches,AVN_11290658,BASS,Heart,0.5579203806179733,0.5165106264504781,0.7392629682887861,0.8212829069336299,0.6325480645441439,0.4364468666925414,0.5165106264504782,1114.449228000641,1683.4599999999998,0.0326288468668891,0.0617553000991451,0.1678438925135475
435,10X,Human Cardiac Niches,AVN_11290658,Banksy,Heart,0.3780369554960756,0.4396161097621613,0.610897742676472,0.8301816833518725,0.5706960569786156,0.3575032188701135,0.4396161097621613,17.89047179222107,430.1982675552368,0.0548757879124953,0.0629061373365957,0.0896661831332785
436,10X,Human Cardiac Niches,AVN_11290658,BayesSpace,Heart,0.5783115573640839,0.5371284660850688,0.752353054599243,0.8372265480163146,0.6544211015981299,0.4554904047593206,0.5371284660850688,1359.0066719532012,5596.76,0.0237300704486466,0.0625400510767788,0.1482131078303916
437,10X,Human Cardiac Niches,AVN_11290658,CCST,Heart,0.6167863243077945,0.5302067873073171,0.7831109381022718,0.8361142009640341,0.566057173682435,0.4988618624609168,0.5302067873073171,232.21342215538024,758.4043403625489,0.0131998516870596,0.0627374740559809,0.208459870942083
438,10X,Human Cardiac Niches,AVN_11290658,CellCharter,Heart,0.3646485269307661,0.4787247239468088,0.5956369217082025,0.8596218020022247,0.6354371497984698,0.3841465491872344,0.4787247239468088,106.7137984752655,296.807403755188,0.0571004820170559,0.062562720239768,0.0923374618090073
439,10X,Human Cardiac Niches,AVN_11290658,DeepST,Heart,0.3246797549291763,0.4602874788550244,0.5676271949278201,0.8343344456803855,0.6074400912989988,0.3706248892880371,0.4602874788550245,308.6933835029602,3767.1266582489015,0.039822024471635,0.0619350410709996,0.0895249322851685
440,10X,Human Cardiac Niches,AVN_11290658,GraphST,Heart,0.4104451481108886,0.4927439968356966,0.6412996422646544,0.8253615127919911,0.6070838889763914,0.414648019234392,0.4927439968356966,15.917291831970214,547.7104587554932,0.0952910641453466,0.0628174258501642,-0.0057141035632035
441,10X,Human Cardiac Niches,AVN_11290658,PRECAST,Heart,0.4490938936491225,0.4703504872781091,0.6687132709798131,0.818316648127549,0.5746325064736626,0.3981041341828867,0.4703504872781091,82.94011201858521,697.64,0.0515387467556544,0.0651642865675016,0.0550072151394113
442,10X,Human Cardiac Niches,AVN_11290658,SEDR,Heart,0.4986172905397052,0.4735497178687649,0.702082627758485,0.7842046718576196,0.5740733329221557,0.4030731253249303,0.4735497178687649,18.49365191459656,1103.7156837463378,0.0181683351872449,0.0617743826589995,0.1873513535915387
443,10X,Human Cardiac Niches,AVN_11290658,STAGATE,Heart,0.4394554582563866,0.4793573418499653,0.657504880070492,0.8398220244716352,0.6036638431889008,0.3975035704633159,0.4793573418499653,41.29119081497193,212.3169542312622,0.0688913607712272,0.0635733024313753,0.0860635648334169
444,10X,Human Cardiac Niches,AVN_11290658,SpaGCN,Heart,0.3292140709632716,0.4572034041290401,0.5772189720766148,0.814238042269188,0.5864306499041682,0.3746456107597272,0.4572034041290401,15.43604826927185,635.0237804412842,0.0611790878754171,0.0625331415129191,0.0405722838788533
445,10X,Human Cardiac Niches,AVN_11290658,SpaceFlow,Heart,0.3353690302769247,0.4560190834326539,0.5720979513975488,0.8381905821282907,0.6096899705857036,0.3643403892774135,0.4560190834326539,24.908655118942264,186.25738525390628,0.0295884315906562,0.0618602648390994,0.0492663381391873
446,10X,Human Cardiac Niches,AVN_11290658,SpatialMGCN,Heart,0.2838429302887786,0.4502599135959236,0.5477429336920536,0.796440489432703,0.572872276907369,0.3708801129247918,0.4502599135959236,46.6722315788269,382.41979598999023,0.0152020763811641,0.0621924431662565,0.0243202098165403
447,10X,Human Cardiac Niches,AVN_11290658,stLearn,Heart,0.5543003121936019,0.467094579785449,0.747081611062431,0.8086763070077865,0.4897592893924486,0.4464348077402054,0.4670945797854489,273.69399785995483,3696.164261054993,0.0689655172413793,0.0644003280575632,0.079327897362902
448,10X,Human Cardiac Niches,AVN_11290659,BASS,Heart,0.3088565162362491,0.2933064533145356,0.6220179053644628,0.7925577416595381,0.3638043264713977,0.2456956395550012,0.2933064533145357,1076.758227968216,1387.02,0.0573139435414884,0.0661531407757485,0.0535489827130863
449,10X,Human Cardiac Niches,AVN_11290659,Banksy,Heart,0.3436364480428576,0.2547388050561788,0.6545593584006216,0.7489307100085543,0.3029859960502579,0.219746577002292,0.2547388050561788,17.312801361083984,385.65706195831297,0.0269461077844311,0.0659028703778144,-0.0919528156052364
450,10X,Human Cardiac Niches,AVN_11290659,BayesSpace,Heart,0.2330899125829083,0.2824950921658355,0.552728505608647,0.7908468776732249,0.3696409360806345,0.2286006401223092,0.2824950921658354,1159.9663859844209,5079.539999999999,0.0423438836612489,0.0661816542229807,0.056204645809735
451,10X,Human Cardiac Niches,AVN_11290659,CCST,Heart,0.3508691550616521,0.2643967780215647,0.6780162382498476,0.7615911035072711,0.2822357019407674,0.2496506870075973,0.2643967780215647,192.22319855690003,621.54045753479,0.0287425149700598,0.0661720946517691,0.0318458287374083
452,10X,Human Cardiac Niches,AVN_11290659,CellCharter,Heart,0.1224345720670827,0.2145450610775694,0.4453103583242061,0.751753635585971,0.2971012767290092,0.1678938631082286,0.2145450610775694,129.06664981842042,315.49785156250005,0.0923866552609067,0.0680523376916804,0.0137797449629403
453,10X,Human Cardiac Niches,AVN_11290659,DeepST,Heart,0.1208424890944442,0.2255722956419314,0.4460111838143326,0.7798118049615056,0.3106917271443247,0.1770810464908356,0.2255722956419314,280.9324248313904,3292.851242637634,0.0686911890504704,0.0664981488813727,0.0588699707426282
454,10X,Human Cardiac Niches,AVN_11290659,GraphST,Heart,0.1881491283550821,0.2311554107723332,0.5224272707013247,0.7455089820359282,0.300186038425994,0.1879374183112036,0.2311554107723332,16.022932243347167,460.2190923690796,0.165098374679213,0.0686510127034924,-0.0779332123564317
455,10X,Human Cardiac Niches,AVN_11290659,PRECAST,Heart,0.348654859386304,0.2499076378249393,0.6892618560454881,0.7378100940975193,0.2644178804714929,0.2369070826154805,0.2499076378249394,72.06001000404358,667.24,0.0568862275449101,0.070910099472098,-0.042929896905434
456,10X,Human Cardiac Niches,AVN_11290659,SEDR,Heart,0.1612101012150361,0.2453988825451388,0.4838746889598233,0.7772455089820359,0.3325351478364605,0.1947880337500815,0.2453988825451388,17.726067352294923,1026.4950382232666,0.0455945252352437,0.0660507598428509,0.0464932635200485
457,10X,Human Cardiac Niches,AVN_11290659,STAGATE,Heart,0.2562865955158791,0.2489667032093472,0.5803413503565589,0.7591958939264328,0.3129434918735256,0.2067927764189187,0.2489667032093472,38.91816358566284,217.13905715942383,0.1022241231822069,0.0671532482058015,-0.0208162555714515
458,10X,Human Cardiac Niches,AVN_11290659,SpaGCN,Heart,0.0628147422357848,0.2211349132170782,0.3964834486317543,0.7587681779298546,0.3081809348882963,0.1724314679467448,0.2211349132170782,12.509834814071656,592.2792238235473,0.1454234388366125,0.0679296224069018,0.0317882507905913
459,10X,Human Cardiac Niches,AVN_11290659,SpaceFlow,Heart,0.1137544685960445,0.2225007469730135,0.4475203921586378,0.7503849443969205,0.3018383665128644,0.1762602829161735,0.2225007469730136,27.39970970153809,194.03330898284912,0.027202737382378,0.0658977705812042,-0.0079113291833094
460,10X,Human Cardiac Niches,AVN_11290659,SpatialMGCN,Heart,0.0584996192825229,0.189947559815426,0.4086921716516004,0.7591958939264328,0.2591017042432503,0.1499310268629508,0.189947559815426,43.25345849990845,358.82528190612794,0.0372112917023096,0.0665400701123968,0.0542048595486707
461,10X,Human Cardiac Niches,AVN_11290659,stLearn,Heart,0.2060238527605264,0.2035987520466208,0.5485367854186248,0.739093242087254,0.2468331919087051,0.1732524567787962,0.2035987520466208,238.40274286270136,3231.181183242798,0.136869118905047,0.070361496280824,-0.141906590968608
462,10X,Human Cardiac Niches,AVN_11290662,BASS,Heart,0.3131082989726951,0.5245115010831825,0.5287161805377121,0.8477640342530923,0.6532070271646194,0.4381806874959525,0.5245115010831825,1267.9590919971463,1847.32,0.0164922296225816,0.0542679881250329,0.2582501150440051
463,10X,Human Cardiac Niches,AVN_11290662,Banksy,Heart,0.4017570201748139,0.5423308513752297,0.6085054755046724,0.8601332064700286,0.6280138321834926,0.4772212374828535,0.5423308513752297,18.363228940963744,497.620334815979,0.0405962575325087,0.0538707385991105,0.161828112622847
464,10X,Human Cardiac Niches,AVN_11290662,BayesSpace,Heart,0.3421890109080894,0.5491913225649503,0.5536579558715731,0.8750396447827467,0.6735476693530434,0.4635977860238106,0.5491913225649503,1606.3688360214232,6256.42,0.0212496035521725,0.0538987892218455,0.184958185716391
465,10X,Human Cardiac Niches,AVN_11290662,CCST,Heart,0.7041932282858105,0.6231750909140449,0.8301813423850477,0.8574056454170631,0.6249018713818592,0.6222878657564785,0.6231750909140449,290.9625695228577,975.7598140716552,0.0117348556929907,0.0533257237531688,0.1777301418322669
466,10X,Human Cardiac Niches,AVN_11290662,CellCharter,Heart,0.2879671273754994,0.488914865715791,0.50729026389294,0.8320329844592452,0.6130201563189484,0.4066042328190725,0.488914865715791,145.8313141822815,345.54491157531737,0.0410402790992704,0.0538875497918513,0.1640089999989261
467,10X,Human Cardiac Niches,AVN_11290662,DeepST,Heart,0.3235387804687158,0.5122338010743405,0.5374807620731674,0.8466222645099905,0.6342549973783965,0.4296131761830269,0.5122338010743406,344.50099844932555,4386.25521812439,0.0453536314620995,0.0535987778463098,0.1134905294683643
468,10X,Human Cardiac Niches,AVN_11290662,GraphST,Heart,0.4228492756175425,0.5522092959751419,0.6222667777302436,0.8753568030447193,0.6446926675202103,0.4829311659438602,0.552209295975142,18.940766716003417,703.0092824935913,0.0948303203298445,0.055679671582819,0.1655399417469708
469,10X,Human Cardiac Niches,AVN_11290662,PRECAST,Heart,0.4226221977258032,0.5427032539350195,0.6228984030345365,0.8645734221376467,0.6263235035193251,0.4787813145618352,0.5427032539350194,107.4807240009308,828.6200000000001,0.0390104662226451,0.0562963288240469,0.2066096440169547
470,10X,Human Cardiac Niches,AVN_11290662,SEDR,Heart,0.3024968103564023,0.468231202758956,0.5214088752043804,0.833174754202347,0.5780010681118982,0.3936304618363387,0.4682312027589561,20.252344274520876,1442.7554470062255,0.0210593085949888,0.0533332363184047,0.1413197200561811
471,10X,Human Cardiac Niches,AVN_11290662,STAGATE,Heart,0.3498484649597043,0.5126843232462663,0.5635941233309827,0.8466856961623851,0.6119166633188787,0.4414268378500169,0.5126843232462663,48.82529697418213,271.10492992401123,0.0480811925150649,0.0550584166468504,0.146892784396127
472,10X,Human Cardiac Niches,AVN_11290662,SpaGCN,Heart,0.2153750329623734,0.3943297219736503,0.448343831262758,0.7602283539486203,0.4939102327609065,0.3281660023881126,0.3943297219736503,34.12754430770874,688.3470056533813,0.130034887408817,0.0554269318744205,0.0749165672116924
473,10X,Human Cardiac Niches,AVN_11290662,SpaceFlow,Heart,0.2739301304646938,0.5069106382720107,0.4937968931700518,0.8368537900412306,0.6394805255803085,0.4199070059462819,0.5069106382720105,48.673881483078006,226.4601360321045,0.0120520139549634,0.0532402434074941,0.2152621583180074
474,10X,Human Cardiac Niches,AVN_11290662,SpatialMGCN,Heart,0.3086035550930783,0.5086757872344722,0.5350853723358764,0.80209324452902,0.6056346832421541,0.4384778175793083,0.508675787234472,50.46943740844726,433.6209325790405,0.0304471931493815,0.0543024331105315,0.046081709766525
475,10X,Human Cardiac Niches,AVN_11290662,stLearn,Heart,0.5910233498367259,0.5026474056595601,0.7559022668653818,0.8027275610529653,0.5051745452152197,0.5001454243199371,0.5026474056595602,318.5764226436615,4603.237303543091,0.073580716777672,0.0556124073873244,0.0989126358265342
476,10X,Human Cardiac Niches,AVN_11350377,BASS,Heart,0.4608021944953103,0.4771829753432454,0.6817976293349609,0.7890986818667617,0.5384131891260646,0.4284573236441665,0.4771829753432454,1240.1487040042878,1765.56,0.027431421446384,0.060967505259497,0.1616813157291028
477,10X,Human Cardiac Niches,AVN_11350377,Banksy,Heart,0.5577747936452925,0.5482012790357246,0.7533238221311185,0.8268614178838618,0.5844668989497112,0.5161732176442182,0.5482012790357245,19.0296838760376,453.5302543640137,0.0099750623441396,0.0606654805501907,0.100157376176313
478,10X,Human Cardiac Niches,AVN_11350377,BayesSpace,Heart,0.4165900641286061,0.5086000960295943,0.6369866260435124,0.8218738867117918,0.621801684358086,0.4302680112157019,0.5086000960295944,1420.15992603302,6059.74,0.0534378339864624,0.0615845585095441,0.1038122373868255
479,10X,Human Cardiac Niches,AVN_11350377,CCST,Heart,0.5104604427985396,0.5016600395278485,0.7195458856300602,0.7868899180619879,0.5251047116415621,0.4816501778168509,0.5016600395278485,242.82894554138184,809.3925268173218,0.0106875667972924,0.0599942910399342,0.0399971832709583
480,10X,Human Cardiac Niches,AVN_11350377,CellCharter,Heart,0.2300538861082794,0.4358226850172172,0.4815802439262272,0.7925899536872105,0.5607570028143873,0.3564412135983452,0.4358226850172172,126.0606165409088,325.22307262420657,0.0436765229782685,0.0605470627470227,0.1689734202887096
481,10X,Human Cardiac Niches,AVN_11350377,DeepST,Heart,0.2969201150859614,0.4610413180311097,0.5442118469677273,0.8037050231563947,0.5691587355718011,0.3875868499117526,0.4610413180311097,319.5241424083709,3921.936491966248,0.0594228713929461,0.0601226786503212,0.1809211067066698
482,10X,Human Cardiac Niches,AVN_11350377,GraphST,Heart,0.5627978666917269,0.5097476153746512,0.7482687375638182,0.7965799786248664,0.5560111631878732,0.4705915081269102,0.5097476153746512,17.51740155220032,594.7881515502929,0.0716066975418596,0.0616158574264342,0.0094217572709178
483,10X,Human Cardiac Niches,AVN_11350377,PRECAST,Heart,0.5267266789312647,0.4814097458212709,0.7235358784166039,0.7784111150694691,0.5380404730956326,0.4355649428345753,0.481409745821271,96.11634397506717,819.5,0.0619878874242964,0.0650018888871497,0.0448127333121093
484,10X,Human Cardiac Niches,AVN_11350377,SEDR,Heart,0.3163535207097475,0.4524657380074788,0.5600033664687688,0.7895261845386534,0.5564632136950483,0.3817585370160335,0.4524657380074788,21.033706760406496,1215.0744432449342,0.0273601710010687,0.0596222049601308,0.1144598099006592
485,10X,Human Cardiac Niches,AVN_11350377,STAGATE,Heart,0.4757774758593974,0.4863286006287172,0.6865200957105316,0.7938724617028857,0.5547697581074564,0.4329642860184628,0.4863286006287171,45.08522810935974,248.49334201812744,0.0536515853224082,0.0618367496923455,0.0733928404883939
486,10X,Human Cardiac Niches,AVN_11350377,SpaGCN,Heart,0.3231961384146505,0.4652692355021697,0.5654111965802527,0.8065550409690061,0.5728207425830495,0.3917206633766242,0.4652692355021697,22.43799433708191,685.815525817871,0.0630566441040256,0.0603511275706927,0.1668261942534963
487,10X,Human Cardiac Niches,AVN_11350377,SpaceFlow,Heart,0.2241876504902304,0.4405630242319386,0.4790204611149803,0.8017812611328822,0.5629877381842932,0.3618850913865624,0.4405630242319386,29.238354539871217,217.36745471954345,0.0225863911649447,0.060409930695333,0.2475240414620609
488,10X,Human Cardiac Niches,AVN_11350377,SpatialMGCN,Heart,0.2266870017923261,0.4124817735368747,0.4890947186717579,0.7274670466690417,0.5159708938279307,0.3435711499187597,0.4124817735368747,47.73219208717346,400.9165327072144,0.0220876380477378,0.0605373331113156,0.0624316973285326
489,10X,Human Cardiac Niches,AVN_11350377,stLearn,Heart,0.5004927114675107,0.4601916490324154,0.7048646826473386,0.7819736373352334,0.5199718959833797,0.4127396977818536,0.4601916490324155,282.30680146217344,4086.091604614258,0.1147132169576059,0.0649269130562248,0.0355956549958744
490,10X,Human Cardiac Niches,AVN_12992074,BASS,Heart,0.1013036172744712,0.2485088012314055,0.479711960852371,0.8697190886971908,0.4429003989046755,0.1727067777215535,0.2485088012314055,1402.631502008438,2730.06,0.0311877903118779,0.055878106992329,0.1927835622702054
491,10X,Human Cardiac Niches,AVN_12992074,Banksy,Heart,0.1494708452741833,0.2710613117853315,0.5597361669123161,0.8863083388630834,0.4458133910968341,0.1947300782343875,0.2710613117853315,20.948393774032592,726.0445549011231,0.0506525105065251,0.0562191375283571,0.0340542330927869
492,10X,Human Cardiac Niches,AVN_12992074,BayesSpace,Heart,0.1029299884926288,0.2462392854444106,0.4819975202758823,0.8690555186905552,0.4389323377843272,0.1711178602133095,0.2462392854444106,2301.826868057251,9600.62,0.0276487502764875,0.0553487295484208,0.2056620104122282
493,10X,Human Cardiac Niches,AVN_12992074,CCST,Heart,0.1514752290367794,0.2596102963440604,0.5653283314252511,0.867993806679938,0.4020111285312312,0.1917503738090445,0.2596102963440604,516.4977336406707,1792.52472820282,0.0227825702278256,0.0551794189148667,-0.0370044915921603
494,10X,Human Cardiac Niches,AVN_12992074,CellCharter,Heart,0.0781863323459137,0.2499179135402447,0.4378310509713164,0.8798495907984959,0.4644450905857109,0.1709544052198687,0.2499179135402447,253.18039231300355,480.2254514694214,0.0647644326476443,0.0566331124187738,0.1502441954155345
495,10X,Human Cardiac Niches,AVN_12992074,DeepST,Heart,0.0826416390816744,0.2388771274814058,0.4579706785151104,0.8633488166334882,0.4273417433100612,0.1658820580404068,0.2388771274814058,463.0958611488342,6264.392757987976,0.0677283786772837,0.05590625854291,0.0581636293577979
496,10X,Human Cardiac Niches,AVN_12992074,GraphST,Heart,0.1129781572447625,0.252520524423357,0.4841612706829082,0.8717097987170981,0.4529831071509219,0.1750528522025201,0.2525205244233571,26.515262269973757,1288.0891904830933,0.145985401459854,0.0574270726262225,0.0400887698746345
497,10X,Human Cardiac Niches,AVN_12992074,PRECAST,Heart,0.2469764088852766,0.3536774401727796,0.6351386505515845,0.8986949789869498,0.5591859192018964,0.2586280806312942,0.3536774401727796,158.78891797065734,982.76,0.0583941605839416,0.0595845020408396,0.0889723304408182
498,10X,Human Cardiac Niches,AVN_12992074,SEDR,Heart,0.1300435254179013,0.2480665688531361,0.5139195415836337,0.882415394824154,0.4378443348653258,0.1730579604260169,0.2480665688531361,25.16167883872986,2288.1438961029053,0.0346383543463835,0.0556902188742161,0.0785875739197906
499,10X,Human Cardiac Niches,AVN_12992074,STAGATE,Heart,0.1573371589330496,0.2788698244874441,0.5566638051150136,0.8808228268082283,0.4645689732703346,0.1992325197646354,0.2788698244874441,65.93555288314819,448.8489152908325,0.0357885423578854,0.0557757360493482,0.1093082217560834
500,10X,Human Cardiac Niches,AVN_12992074,SpaGCN,Heart,0.0698496568427808,0.2395656628036181,0.4314335798244281,0.8911745189117453,0.4435453147494979,0.1640990429352682,0.2395656628036181,29.938489532470705,1064.956571006775,0.1063923910639239,0.0565469297813447,0.085333312947351
501,10X,Human Cardiac Niches,AVN_12992074,SpaceFlow,Heart,0.044962172924901,0.2070915640453056,0.4057292833424853,0.8551205485512055,0.386517078875021,0.1414372543761001,0.2070915640453056,54.01083264350891,387.0747129440308,0.0284892722848927,0.055183271168128,0.1259487231367333
502,10X,Human Cardiac Niches,AVN_12992074,SpatialMGCN,Heart,0.0410451439441296,0.1852691781190576,0.4098449169235236,0.8442822384428224,0.3421671584537603,0.1270235552416168,0.1852691781190576,73.44868731498718,607.690771484375,0.0391506303915063,0.0557051220742204,0.0984911629297061
503,10X,Human Cardiac Niches,AVN_12992074,stLearn,Heart,0.1764127736504672,0.2858091323337959,0.5733995614564268,0.8905109489051096,0.4628985934695075,0.2067236168019807,0.2858091323337959,461.13351941108704,7441.290456199646,0.2778146427781464,0.0613710755376352,-0.1094846933990858
504,10X,Human Cardiac Niches,AVN_12992075,BASS,Heart,0.3007503506627214,0.4235173079844029,0.5150804344023788,0.672225416906268,0.4490918223826751,0.4006986485352854,0.4235173079844029,1210.4512840270995,2145.52,0.0468660149511213,0.0595502665346279,0.1616675443263078
505,10X,Human Cardiac Niches,AVN_12992075,Banksy,Heart,0.2655418391492612,0.4014675422051922,0.51948341615051,0.5876940770557791,0.4011612717209146,0.4017742806971494,0.4014675422051921,18.92889494895935,567.359414100647,0.0250143760782058,0.0595063600578706,0.1232455617113809
506,10X,Human Cardiac Niches,AVN_12992075,BayesSpace,Heart,0.2752960090514671,0.3965453961608022,0.498687368517478,0.651811385853939,0.4195371543785694,0.3759427290550385,0.3965453961608022,1745.9177360534668,6853.5,0.0290396779758481,0.0595854192084868,0.149608722752193
507,10X,Human Cardiac Niches,AVN_12992075,CCST,Heart,0.4063700887254561,0.4468722181505627,0.5990944099891539,0.7033927544565842,0.4598278279422896,0.4348203971350336,0.4468722181505627,334.959662771225,1165.2667516708375,0.0182288671650373,0.0596965732158323,0.1305516153849795
508,10X,Human Cardiac Niches,AVN_12992075,CellCharter,Heart,0.2589916813041422,0.3848607578730068,0.4835829659918929,0.6517538815411156,0.4097754307233378,0.3628202855983325,0.3848607578730067,169.1071382522583,390.1067506790161,0.044968372627947,0.0602991215337161,0.142328444150982
509,10X,Human Cardiac Niches,AVN_12992075,DeepST,Heart,0.2377855922034533,0.3692247349004957,0.4760697383576636,0.6403105232892468,0.3856387220218203,0.3541760481377708,0.3692247349004957,374.29978547096255,4833.768648338318,0.0265094882116158,0.059530593584922,0.164673017688248
510,10X,Human Cardiac Niches,AVN_12992075,GraphST,Heart,0.3143708310136092,0.4504768547335688,0.5828546490796825,0.6598619896492237,0.4222243451883026,0.4827814523896641,0.4504768547335688,19.35158061981201,834.3336820602417,0.0598044853364001,0.0600563514029104,0.089473135711214
511,10X,Human Cardiac Niches,AVN_12992075,PRECAST,Heart,0.2722950848039019,0.4096141169247279,0.503906369457556,0.6124209315698678,0.426813257589383,0.3937474185106305,0.4096141169247279,88.54181203842163,852.8399999999999,0.0198389879240943,0.0601033628395838,0.1565844553713809
512,10X,Human Cardiac Niches,AVN_12992075,SEDR,Heart,0.2804355418607514,0.4176512665850421,0.5260851497586672,0.6286946520989074,0.4208011050644096,0.4147022807649452,0.4176512665850421,19.85890135765076,1724.6465627670289,0.0119608970672799,0.0593835634154475,0.1133780687156156
513,10X,Human Cardiac Niches,AVN_12992075,STAGATE,Heart,0.2281185006732325,0.3710928214889275,0.4747683357904112,0.5731454859114433,0.3823786144124341,0.3608088769695937,0.3710928214889275,51.26423540115356,329.0160568237305,0.0282921219091431,0.0596296068729284,0.1618438498378759
514,10X,Human Cardiac Niches,AVN_12992075,SpaGCN,Heart,0.3040186320822935,0.4396366456208752,0.5127648837964471,0.6503737780333525,0.4710644191558502,0.4121400971426581,0.4396366456208752,28.45324850082397,829.8426507949829,0.0816561242093157,0.0605110606235139,0.0682155054927911
515,10X,Human Cardiac Niches,AVN_12992075,SpaceFlow,Heart,0.3326267915658239,0.4023353011603456,0.5383337088082317,0.7039677975848189,0.4246678828036113,0.3822433306664829,0.4023353011603456,29.688435220718382,273.38300094604494,0.020184013801035,0.0597112364437614,0.0802430642812511
516,10X,Human Cardiac Niches,AVN_12992075,SpatialMGCN,Heart,0.1706524369729393,0.3095406085381682,0.4421236530989141,0.6135710178263369,0.3175888327840417,0.3018902131764068,0.3095406085381683,55.12184481620788,478.1829853057861,0.0143760782058654,0.0595887376131615,0.1303088012216786
517,10X,Human Cardiac Niches,AVN_12992075,stLearn,Heart,0.5522351762584585,0.6232439442016745,0.7074752263518821,0.8205865439907993,0.6210081657017889,0.6254958795489047,0.6232439442016744,354.32176675796507,5404.8358890533445,0.1437607820586544,0.0629008154202297,0.0876448682068464
518,10X,Human Cardiac Niches,AVN_13228103,BASS,Heart,0.401265791600114,0.5334780699438115,0.5341347222094847,0.7138001359619307,0.5546155784475997,0.5138925957265037,0.5334780699438115,1216.9289079666137,1701.56,0.0380693405846363,0.0515700664497227,0.0049803317831739
519,10X,Human Cardiac Niches,AVN_13228103,Banksy,Heart,0.3301109691332476,0.4822092191735441,0.4910441818004941,0.5642420122365738,0.4848019592961469,0.4796440636814322,0.4822092191735441,18.46019277572632,506.7658214569092,0.0193745751189666,0.052309311444872,0.1425874506666073
520,10X,Human Cardiac Niches,AVN_13228103,BayesSpace,Heart,0.2996570787093993,0.4660873767414942,0.4663809608595098,0.6342624065261727,0.4719604709212155,0.4603586559911973,0.4660873767414941,1504.5568759918212,5855.16,0.0326308633582596,0.051449651369959,0.0071963591020377
521,10X,Human Cardiac Niches,AVN_13228103,CCST,Heart,0.3290292448073536,0.4804921574560251,0.4895440555082259,0.6847722637661454,0.47810740090934,0.4837714672356829,0.4804921574560251,262.26021666526793,914.69502658844,0.0263766145479265,0.0519566729761305,0.063683338364713
522,10X,Human Cardiac Niches,AVN_13228103,CellCharter,Heart,0.4011738471901939,0.5398054026872968,0.5311949577827957,0.7087015635622025,0.5665811672287981,0.5154702832039668,0.5398054026872968,204.5210891246796,353.5915796279907,0.0414004078857919,0.0520412670723449,0.1342744413919652
523,10X,Human Cardiac Niches,AVN_13228103,DeepST,Heart,0.3370895375355772,0.5128261053523457,0.4863153401642684,0.6313392250169952,0.5295051694002055,0.4971723198002323,0.5128261053523457,334.50422978401184,4117.567539024353,0.0290278721957851,0.0513589434041897,0.1943702045423361
524,10X,Human Cardiac Niches,AVN_13228103,GraphST,Heart,0.3686391730730557,0.5234654698993862,0.5100056801726804,0.6753908905506458,0.5411983617576195,0.5068577806546105,0.5234654698993864,17.678431272506714,665.0674520492554,0.0407885791978246,0.0515985217289367,0.1470694010618677
525,10X,Human Cardiac Niches,AVN_13228103,PRECAST,Heart,0.3134651551833466,0.4826747658492827,0.4662006830900923,0.5999320190346703,0.5011078253279886,0.4655496984523625,0.4826747658492827,93.20113596916198,976.02,0.0166553365057783,0.0516302939011189,0.1876979128370358
526,10X,Human Cardiac Niches,AVN_13228103,SEDR,Heart,0.2809984388650065,0.4309125434500885,0.4410285250082078,0.5573759347382733,0.446393766988218,0.4164727595178562,0.4309125434500885,19.426393270492557,1536.3148099899292,0.0154316791298436,0.0509867970804555,0.0833474964621439
527,10X,Human Cardiac Niches,AVN_13228103,STAGATE,Heart,0.3323581589314691,0.5203782045267096,0.4818111450661623,0.6366417403127125,0.5381169361483241,0.5038137800518194,0.5203782045267096,48.03810930252075,328.49848346710206,0.0264445955132562,0.0518966534173088,0.1720286100535304
528,10X,Human Cardiac Niches,AVN_13228103,SpaGCN,Heart,0.5140106664838252,0.621154057548103,0.6226033501965682,0.7501699524133243,0.6457330828530389,0.5983775611773403,0.6211540575481029,23.589906406402587,760.1050188064576,0.0424881033310673,0.0515527005676173,0.13037883766949
529,10X,Human Cardiac Niches,AVN_13228103,SpaceFlow,Heart,0.3362233954148553,0.5059710490527356,0.4831604607777118,0.636029911624745,0.5247007809839307,0.488548586156719,0.5059710490527356,54.71360177993775,278.54212226867674,0.0146838885112168,0.0512920400849471,0.2284475826040238
530,10X,Human Cardiac Niches,AVN_13228103,SpatialMGCN,Heart,0.3160333062081015,0.5117658615879381,0.4726436181447588,0.6594153636981646,0.5227457469192764,0.5012377360170631,0.5117658615879381,51.870612668991086,432.1608709335327,0.0353501019714479,0.0513622827384985,0.1239011397264912
531,10X,Human Cardiac Niches,AVN_13228103,stLearn,Heart,0.486717535457086,0.6128164413928059,0.6009956040461099,0.7760027192386132,0.6366793034459811,0.5906777272142437,0.6128164413928058,299.58891930580137,4621.534419250488,0.0690006798096533,0.0539099357923537,0.0773763016196639
532,10X,Human Cardiac Niches,AX_10238253,BASS,Heart,0.04510314913752,0.0944909150335685,0.4485814778580153,0.7749077490774908,0.1278190126796163,0.0749485078719451,0.0944909150335685,1011.2206679821014,1365.98,0.0470479704797048,0.0765025053344633,0.0848659041092092
533,10X,Human Cardiac Niches,AX_10238253,Banksy,Heart,0.0447107302899516,0.0754515165619866,0.5248828790535106,0.7624538745387454,0.0902977298099734,0.0647978424445363,0.0754515165619866,17.6525399684906,390.3655862808228,0.0834870848708487,0.0762449599338845,-0.1634244687651342
534,10X,Human Cardiac Niches,AX_10238253,BayesSpace,Heart,0.0063380500419562,0.0633715290068369,0.4436538244190652,0.7624538745387454,0.0808830868188354,0.0520931286629812,0.0633715290068369,1106.9043100357055,4550.5,0.0461254612546125,0.0773739139321029,0.1789725863532334
535,10X,Human Cardiac Niches,AX_10238253,CCST,Heart,0.0102871515500211,0.0695607819401262,0.5152673473957919,0.76309963099631,0.0768535879338997,0.0637669963173496,0.0695607819401262,175.034419298172,588.8027904510498,0.0148523985239852,0.0730936109370997,0.0007820519842136
536,10X,Human Cardiac Niches,AX_10238253,CellCharter,Heart,0.0392381592003641,0.1051749680326619,0.3892618975712104,0.7682656826568266,0.1589620108344018,0.0785896023331402,0.1051749680326619,163.92760682106018,388.6257478713989,0.2066420664206641,0.0768147451395635,0.0653852161792102
537,10X,Human Cardiac Niches,AX_10238253,DeepST,Heart,0.0538662778790318,0.1102697778139961,0.4059736312515838,0.7835793357933579,0.1640377459442631,0.0831133581492777,0.1102697778139961,255.67907838821407,3088.514175796509,0.1797047970479704,0.0755457975679704,0.0724198982537853
538,10X,Human Cardiac Niches,AX_10238253,GraphST,Heart,0.0413239950995433,0.1064805462898319,0.5989274899443906,0.7629151291512916,0.1082536900655421,0.1047645529153387,0.1064805462898319,15.929759979248049,462.173791885376,0.1023985239852398,0.07663151432282,-0.2056783247195842
539,10X,Human Cardiac Niches,AX_10238253,PRECAST,Heart,0.0637776161320437,0.1146268597006343,0.4645010500746201,0.7781365313653137,0.1583246435229975,0.089832881124821,0.1146268597006343,67.70627799034119,836.72,0.1047047970479704,0.0815880628182404,0.0966588207253155
540,10X,Human Cardiac Niches,AX_10238253,SEDR,Heart,0.0436195820473812,0.0761052905869473,0.4274776688377056,0.7657749077490774,0.1077360759074965,0.0588451749669591,0.0761052905869473,18.358151340484618,1159.2755327224731,0.0409594095940958,0.0729696727577834,0.1924966625277985
541,10X,Human Cardiac Niches,AX_10238253,STAGATE,Heart,0.0182588495404618,0.0727395179579507,0.4318093870841807,0.7616236162361624,0.0991921303230406,0.0574987246166795,0.0727395179579507,37.3154200553894,321.34818935394287,0.0716789667896678,0.07610346788728,0.1491258122252587
542,10X,Human Cardiac Niches,AX_10238253,SpaGCN,Heart,0.0567147870722098,0.1376952154031317,0.3953834547221321,0.7896678966789668,0.2105528900164829,0.1022972646853812,0.1376952154031317,10.20996127128601,621.1411636352539,0.2204797047970478,0.0783040141659934,0.0335046153610356
543,10X,Human Cardiac Niches,AX_10238253,SpaceFlow,Heart,0.0336693272499181,0.0883092505921396,0.4105496099446587,0.7579335793357934,0.1287655993002011,0.0672312077290243,0.0883092505921396,24.813872051239013,271.2702125549316,0.0275830258302582,0.0727321882262488,0.0744688669202139
544,10X,Human Cardiac Niches,AX_10238253,SpatialMGCN,Heart,-0.0086971721625607,0.0399176739406062,0.3532329055137486,0.7569188191881919,0.0602903779964115,0.0298358504211223,0.0399176739406062,43.72549476623535,380.4266170501709,0.0530442804428044,0.0744049616054815,0.0871020687648747
545,10X,Human Cardiac Niches,AX_10238253,stLearn,Heart,0.6757794189322996,0.6250502173190436,0.8550295466628304,0.882380073800738,0.6821201661942695,0.5767925590798058,0.6250502173190436,219.7940757274628,3212.6162729263306,0.2656826568265683,0.0815741198025214,-0.1508028469111591
546,10X,Human Cardiac Niches,AX_8795936,BASS,Heart,0.1288073509280091,0.1672058851126726,0.5919715169366672,0.8929719797886999,0.274186650951915,0.1202768642830068,0.1672058851126725,888.5100039958954,1300.98,0.071198897565457,0.0631728093906876,0.1313676264342944
547,10X,Human Cardiac Niches,AX_8795936,Banksy,Heart,0.0835987969142115,0.0624897292973306,0.5861406052925363,0.8631143775838309,0.0972609320108656,0.0460328034932685,0.0624897292973306,16.764802980422974,369.7676120758057,0.026182820395039,0.0629377849935347,0.2083628890666716
548,10X,Human Cardiac Niches,AX_8795936,BayesSpace,Heart,0.0848331715710074,0.1340768033906923,0.5297006137193199,0.8980248047772165,0.234188548092955,0.0939252899136557,0.1340768033906923,1100.6703799724578,4546.8,0.0404225999081304,0.0628862017961827,0.1885655429874823
549,10X,Human Cardiac Niches,AX_8795936,CCST,Heart,0.1366994873396949,0.1352030205142648,0.6217276842410352,0.8754248966467616,0.1977726129548271,0.1027212205193998,0.1352030205142648,176.80539383888245,523.0805047988891,0.0256316031235645,0.0632947663029994,0.1138922908519854
550,10X,Human Cardiac Niches,AX_8795936,CellCharter,Heart,0.0596005139645276,0.1153298633000919,0.4891682475150437,0.8631143775838309,0.2122605559789342,0.0791806009509511,0.1153298633000919,146.5276379585266,236.7147382736206,0.1254937988056958,0.0641160623039049,0.0657169504615004
551,10X,Human Cardiac Niches,AX_8795936,DeepST,Heart,0.1012130940562529,0.1366838019504829,0.5444328355873748,0.8733118971061092,0.2347991574183168,0.0966706811298307,0.1366838019504829,268.216331243515,3061.487085533142,0.079650895728066,0.0630868225958436,0.1045258462007875
552,10X,Human Cardiac Niches,AX_8795936,GraphST,Heart,0.0903849501869448,0.1442864965903574,0.5381647683372054,0.8938906752411576,0.2508000868817276,0.1012753448650977,0.1442864965903574,13.336560773849488,386.2659336090088,0.3233807992650436,0.0672559655894259,-0.0134215778878981
553,10X,Human Cardiac Niches,AX_8795936,PRECAST,Heart,0.1940909902419387,0.1859731155328307,0.6743621661210198,0.8860817638952687,0.2709050378326196,0.1415846568623018,0.1859731155328307,60.27178602218628,721.9,0.0996784565916398,0.0667144045217225,0.0508520548814689
554,10X,Human Cardiac Niches,AX_8795936,SEDR,Heart,0.1535202681643145,0.1398496819593269,0.6195134637018758,0.8853468075333026,0.2220880063167577,0.1020580880370923,0.1398496819593269,16.854584884643554,882.8465568542481,0.0567753789618741,0.0622691167956006,0.1858492428647223
555,10X,Human Cardiac Niches,AX_8795936,STAGATE,Heart,0.1494043362175779,0.1560570409299506,0.6169738526567293,0.8920532843362425,0.2465785390703145,0.1143286648582876,0.1560570409299507,36.01982369422913,187.06905822753905,0.1062930638493339,0.0646408596147696,0.1518136863817516
556,10X,Human Cardiac Niches,AX_8795936,SpaGCN,Heart,0.1262471748821589,0.162983400211888,0.5626122802691709,0.8929719797886999,0.2834340004723265,0.1143768221141046,0.162983400211888,13.48805899620056,473.1117784500122,0.1203491042719338,0.0652366375616255,0.0931441145974617
557,10X,Human Cardiac Niches,AX_8795936,SpaceFlow,Heart,0.0277112982161253,0.0420105022292814,0.4908936502626572,0.8631143775838309,0.074322470766322,0.0292938986613661,0.0420105022292814,23.456684589385983,161.84253520965575,0.0395957740009186,0.0625610500270556,0.1562683302370351
558,10X,Human Cardiac Niches,AX_8795936,SpatialMGCN,Heart,0.1370219530405428,0.1658010241822858,0.6063052577580935,0.8971061093247588,0.2707975927516132,0.1194763592560721,0.1658010241822858,42.5745596408844,267.9360452651978,0.0721175930179145,0.0637253007756604,0.0747310332095271
559,10X,Human Cardiac Niches,AX_8795936,stLearn,Heart,0.1647413010527263,0.1913994063540237,0.6525354388880096,0.898943500229674,0.2669025662988012,0.1491943295002475,0.1913994063540237,220.05881280899047,2918.8596042633058,0.1391823610473128,0.0666446736103212,-0.1108467353809138
560,10X,Human Cardiac Niches,AX_9341984,BASS,Heart,0.0285974308231794,0.0070260677928541,0.8180825699403955,0.9795539033457248,0.0208245824613539,0.0042259341382026,0.0070260677928541,904.209708070755,1240.52,0.0190520446096654,0.0693409588600932,0.1037554575693062
561,10X,Human Cardiac Niches,AX_9341984,Banksy,Heart,0.0026225805517428,4.128841931343968e-05,0.8835484353160282,0.9795539033457248,8.995647715458393e-05,2.6792953706447224e-05,4.128841931343968e-05,16.066208696365358,355.3132556915283,0.0060408921933085,0.0692543862884897,0.070269029358649
562,10X,Human Cardiac Niches,AX_9341984,BayesSpace,Heart,-0.0097022400332647,0.0019399347543822,0.9731427723166756,0.9795539033457248,0.0013514647517844,0.0034361356275441,0.0019399347543822,1090.9686299324037,4480.02,0.0065055762081784,0.0718981808449988,0.0159866206133253
563,10X,Human Cardiac Niches,AX_9341984,CCST,Heart,-0.0137079799375481,0.0134642826229009,0.7177965739382441,0.9795539033457248,0.0505237551941451,0.0077671858162377,0.0134642826229009,172.68466482162475,511.6588020324707,0.0060408921933084,0.069214434088015,0.1728440290167478
564,10X,Human Cardiac Niches,AX_9341984,CellCharter,Heart,-0.0111197179088125,0.0279045947137651,0.7047968656755308,0.9795539033457248,0.1078993376795867,0.0160257248249244,0.0279045947137651,135.549409198761,211.6955717086792,0.0892193308550185,0.0709436950417771,0.1354567653036661
565,10X,Human Cardiac Niches,AX_9341984,DeepST,Heart,0.0012966808597229,0.0151089664901351,0.6934918238876191,0.9795539033457248,0.0599874297611625,0.0086429258718201,0.0151089664901351,260.9109582901001,3024.5561887741087,0.0191449814126393,0.069265885232032,0.1678029317860245
566,10X,Human Cardiac Niches,AX_9341984,GraphST,Heart,0.0520848931104404,0.0092516472630093,0.9641286838910976,0.9795539033457248,0.0088283324951988,0.0097176021294985,0.0092516472630093,15.311387205123902,373.0610355377197,0.0171933085501858,0.0706378580857699,-0.016107017625631
567,10X,Human Cardiac Niches,AX_9341984,PRECAST,Heart,0.0489409330797984,0.0122875748128605,0.8676713765096237,0.9795539033457248,0.0301128697393483,0.0077185712538524,0.0122875748128605,45.41632399559021,642.98,0.0548327137546468,0.071041262127243,0.0565384776619826
568,10X,Human Cardiac Niches,AX_9341984,SEDR,Heart,0.0132898488493139,0.0010012593271848,0.922086871522074,0.9795539033457248,0.0016931800251237,0.0007112734715784,0.0010012593271848,16.70697412490845,814.4144050598145,0.0081784386617099,0.0692363545173152,0.1284508983689123
569,10X,Human Cardiac Niches,AX_9341984,STAGATE,Heart,0.0574454468575417,0.0135089012562619,0.9185903977566398,0.9795539033457248,0.0259736149463107,0.0091583057884436,0.0135089012562619,35.5818733215332,175.95008220672608,0.0252788104089219,0.0702718803598154,0.0287964374408726
570,10X,Human Cardiac Niches,AX_9341984,SpaGCN,Heart,-0.0066302537142049,0.0081381721958109,0.7003992900235759,0.9795539033457248,0.0317395473720662,0.0046674664974266,0.0081381721958109,17.11757254600525,451.72374897003175,0.0460037174721189,0.0698266638353132,0.1704545989135283
571,10X,Human Cardiac Niches,AX_9341984,SpaceFlow,Heart,-0.0077338252325116,0.0187146179420579,0.6975015698120759,0.9795539033457248,0.0733284651807534,0.0107260710223256,0.0187146179420579,31.97436285018921,148.1831424713135,0.0045539033457248,0.0692186061847855,0.1676247447092811
572,10X,Human Cardiac Niches,AX_9341984,SpatialMGCN,Heart,0.0020581546349908,0.0079300890503803,0.693877067674845,0.9795539033457248,0.0314830833234821,0.0045363635135083,0.0079300890503803,40.71661696434021,254.13377056121823,0.0199814126394052,0.0692366858774286,0.0926374420825001
573,10X,Human Cardiac Niches,AX_9341984,stLearn,Heart,-0.0072080002982294,0.0176712111803459,0.6968046097720101,0.9795539033457248,0.0693570841114206,0.0101255265909906,0.0176712111803459,217.41707792282105,2775.3886976242065,0.1184944237918214,0.0725126274714602,0.1440943647801663
574,10X,Human Cardiac Niches,LA_10238252,BASS,Heart,0.2084311830835964,0.2831787376860604,0.5175464448173294,0.846063454759107,0.3888288958744523,0.2226749040326351,0.2831787376860604,1080.23593211174,1112.38,0.0981198589894242,0.0737612620598768,0.0386578320631066
575,10X,Human Cardiac Niches,LA_10238252,Banksy,Heart,0.1797302063177924,0.2586610477598505,0.487412060749839,0.8119858989424207,0.3594808689677087,0.2020064279750338,0.2586610477598504,15.16995358467102,316.02179489135744,0.1110458284371327,0.0718350763337139,-0.072469703041245
576,10X,Human Cardiac Niches,LA_10238252,BayesSpace,Heart,0.1845912084359427,0.2537177365596703,0.5010775967870147,0.8301997649823736,0.3443915010691219,0.2008393660786608,0.2537177365596703,863.9406480789185,3635.86,0.0575793184488836,0.0723339159557811,0.0525556090564967
577,10X,Human Cardiac Niches,LA_10238252,CCST,Heart,0.1893819930865221,0.2238400203988452,0.5136156739509053,0.808695652173913,0.2958745459246271,0.1801864197004963,0.2238400203988452,134.169136428833,435.46900177001953,0.0475910693301997,0.0699480273080543,-0.0779274830637607
578,10X,Human Cardiac Niches,LA_10238252,CellCharter,Heart,0.1156994781880426,0.2336500148039939,0.41193691092148,0.8110458284371328,0.3500229435472975,0.1753517285459362,0.2336500148039939,128.9045075416565,336.66924266815187,0.1316098707403054,0.0716690583758125,0.0015274912566241
579,10X,Human Cardiac Niches,LA_10238252,DeepST,Heart,0.0958177212033142,0.2328736557658163,0.4013748195856551,0.8152761457109283,0.3440035204307398,0.1760214784335235,0.2328736557658163,208.40242085456848,2461.83726978302,0.1320799059929494,0.070637702373709,-0.0355218069101372
580,10X,Human Cardiac Niches,LA_10238252,GraphST,Heart,0.2639607365895999,0.3406537723361871,0.5951909107886963,0.8478260869565217,0.4150912194557752,0.2888541558974646,0.3406537723361871,12.762186670303343,339.10027408599854,0.1580493537015276,0.0724338561656852,-0.1133801289243096
581,10X,Human Cardiac Niches,LA_10238252,PRECAST,Heart,0.2358517274343939,0.3346899412331927,0.5327866913648815,0.8578143360752056,0.4667694771833594,0.2608721822392205,0.3346899412331926,56.30380001068115,567.42,0.1568742655699177,0.0755067205283006,0.0575454428523333
582,10X,Human Cardiac Niches,LA_10238252,SEDR,Heart,0.1404011450760802,0.2068680731959849,0.45053738092253,0.8009400705052879,0.2985391314177562,0.1582697550753865,0.2068680731959849,14.189332628250122,895.3478210449218,0.0646298472385428,0.0698805399663858,0.0250569216194026
583,10X,Human Cardiac Niches,LA_10238252,STAGATE,Heart,0.2197615245811117,0.2725248093074953,0.5293906115977951,0.8164512338425383,0.3714936183045058,0.2153547393638755,0.2725248093074953,31.33417887687683,247.68507957458496,0.1524089306698001,0.0724468483328846,-0.0751628104202302
584,10X,Human Cardiac Niches,LA_10238252,SpaGCN,Heart,0.1693480568363404,0.268803548704843,0.477867505936887,0.8202115158636898,0.3767678626734653,0.2089329807361769,0.268803548704843,10.145659923553469,484.5489311218262,0.1768507638072855,0.0722910874434676,-0.0588535877300468
585,10X,Human Cardiac Niches,LA_10238252,SpaceFlow,Heart,0.0791233159646373,0.2164748504330971,0.3763259073009088,0.8023501762632197,0.3268213219378712,0.1618357358607484,0.2164748504330971,22.24210376739502,216.37920894622803,0.0654524089306697,0.0696576782122034,-0.0007485678603251
586,10X,Human Cardiac Niches,LA_10238252,SpatialMGCN,Heart,0.1300853484103916,0.257392603334727,0.4375561768372119,0.8254994124559343,0.3764483467859555,0.1955483757034382,0.257392603334727,32.7213273525238,329.8071443557739,0.1621621621621621,0.0725598996711023,-0.035869366824267
587,10X,Human Cardiac Niches,LA_10238252,stLearn,Heart,0.2906370823376069,0.3702624299297739,0.5920777264086543,0.8149236192714454,0.4631865473965769,0.3083928926124292,0.3702624299297739,173.01980543136597,2486.8968547821046,0.2661574618096357,0.0771166878949094,-0.144121004689312
588,10X,Human Cardiac Niches,LA_8795934,BASS,Heart,0.2090471255171699,0.1905362214395843,0.5066799905305288,0.6608410704533042,0.1959455581845434,0.1854175249994523,0.1905362214395843,1076.341916036606,1107.34,0.0977607864554888,0.0694596058285641,0.0290425014849482
589,10X,Human Cardiac Niches,LA_8795934,Banksy,Heart,0.177565742834015,0.129984769046543,0.5955380781078842,0.624795193883124,0.107485405513868,0.1643971796531715,0.129984769046543,15.993732452392578,316.44621524810793,0.0354997269251775,0.0687470806999648,-0.104058202764739
590,10X,Human Cardiac Niches,LA_8795934,BayesSpace,Heart,0.1384657158855864,0.133593165618674,0.5993284852973536,0.6258874931731294,0.1031681833461819,0.1894687613538244,0.133593165618674,911.4607699871063,3867.3,0.0611687602403058,0.0695540111370251,-0.0680531920172071
591,10X,Human Cardiac Niches,LA_8795934,CCST,Heart,0.1533255963119452,0.1293201599713958,0.5223116499264797,0.6160567995630803,0.1198915261938158,0.1407441816121302,0.1293201599713958,144.88397283554076,420.6614725112915,0.0299290005461495,0.067868519903095,-0.0905584319203004
592,10X,Human Cardiac Niches,LA_8795934,CellCharter,Heart,0.1437246227446807,0.1755329910106619,0.431920241571771,0.6249044238121245,0.1898929422128512,0.1632597562076925,0.1755329910106619,125.04971361160278,227.62543029785155,0.1499726925177498,0.0697865206158838,-0.0065908499224886
593,10X,Human Cardiac Niches,LA_8795934,DeepST,Heart,0.1575299748792213,0.1567487597377012,0.4433920213146219,0.6379027853631895,0.1686208985201444,0.1464654564031004,0.1567487597377012,224.51247453689572,2603.028747177124,0.234407427635172,0.0698988571555811,-0.0358635223239361
594,10X,Human Cardiac Niches,LA_8795934,GraphST,Heart,0.1945224312735085,0.1546210711432012,0.6061648096222613,0.6411796832332058,0.1269207277520039,0.1977881763078663,0.1546210711432012,13.759950160980225,310.1245632171631,0.0983069361004915,0.0696957412863424,-0.0062127241513124
595,10X,Human Cardiac Niches,LA_8795934,PRECAST,Heart,0.2568096810227278,0.163485520151295,0.5913571144782316,0.6482796286182414,0.1498328714801749,0.1798756414435078,0.163485520151295,49.267524003982544,588.38,0.168214090660841,0.0736093720963448,-0.0135570386281558
596,10X,Human Cardiac Niches,LA_8795934,SEDR,Heart,0.0730292471302935,0.1083948345444453,0.3975444571863684,0.5978154014199891,0.1145413396242425,0.1029581128847191,0.1083948345444453,15.234778785705569,828.8119714736938,0.0399781540141998,0.067555438767622,-0.0029179541108847
597,10X,Human Cardiac Niches,LA_8795934,STAGATE,Heart,0.1974844021597777,0.1527619332120642,0.5507892318462199,0.6555980338612779,0.1431269437514465,0.1638279668054834,0.1527619332120642,31.61177883148193,177.26884918212892,0.1167667941015837,0.0715702429011419,-0.0042968063443621
598,10X,Human Cardiac Niches,LA_8795934,SpaGCN,Heart,0.0970235918214388,0.1412945981220622,0.3930043335914186,0.618787547788094,0.1545594274282785,0.1301266730410964,0.1412945981220621,21.36596221923828,390.6457801818848,0.1441835062807209,0.069135522223279,0.0093580844387579
599,10X,Human Cardiac Niches,LA_8795934,SpaceFlow,Heart,0.0688326071927316,0.1529964750438391,0.3862335832818006,0.5953031130529765,0.1636003545977851,0.1437623942466019,0.1529964750438391,34.35490946769714,153.98889122009277,0.0297105406881485,0.0676781537905876,0.0510209706846464
600,10X,Human Cardiac Niches,LA_8795934,SpatialMGCN,Heart,0.112752993297116,0.1719736353157756,0.4191578503419293,0.6198798470780994,0.183012476822184,0.1621907092327014,0.1719736353157756,36.06376662254333,242.00946960449215,0.0764609503003823,0.0682672022798982,0.0883096725101411
601,10X,Human Cardiac Niches,LA_8795934,stLearn,Heart,0.2266896665124073,0.1557297690864506,0.5490455647874013,0.622610595303113,0.1453403591953958,0.1677188689158241,0.1557297690864506,189.1487922668457,2529.862832450867,0.1725832878208629,0.0718044576003376,-0.0292626131259155
602,10X,Human Cardiac Niches,LA_8795935,BASS,Heart,0.4430569871899864,0.3993866598831492,0.7404127496275659,0.7615384615384615,0.3478734849631384,0.4688078143835124,0.3993866598831492,631.9594259738922,986.14,0.0451923076923076,0.0750818400548579,-0.0112448148430174
603,10X,Human Cardiac Niches,LA_8795935,Banksy,Heart,0.384138671410443,0.2429093875365965,0.723118913929585,0.7057692307692308,0.2043266132962843,0.2994551880535737,0.2429093875365964,12.478085136413574,198.61433200836183,0.0240384615384615,0.0721341924962674,-0.0304215608076435
604,10X,Human Cardiac Niches,LA_8795935,BayesSpace,Heart,0.3146234593329619,0.2751737281949136,0.6810558433156568,0.7076923076923077,0.2406586287233036,0.3212467174131437,0.2751737281949136,518.4176820278168,2288.32,0.0711538461538461,0.0749954398708441,-0.1510394044614481
605,10X,Human Cardiac Niches,LA_8795935,CCST,Heart,0.3595200065649946,0.2700891233438929,0.7136666028921279,0.7146153846153847,0.219944366450261,0.3506998070007067,0.2700891233438929,87.39355320930481,226.25668487548828,0.0263461538461537,0.0719840232415288,-0.1254038877047337
606,10X,Human Cardiac Niches,LA_8795935,CellCharter,Heart,0.1590846861890592,0.2416779881115091,0.4383878649861891,0.703076923076923,0.2961644347010171,0.204140265390808,0.241677988111509,95.94439959526062,210.1935115814209,0.1674999999999999,0.0776985582157385,0.0097333648556152
607,10X,Human Cardiac Niches,LA_8795935,DeepST,Heart,0.1320534278040476,0.1757054333581869,0.4252480314229956,0.7015384615384616,0.2105486227047514,0.150953950843204,0.1757054333581869,116.02905073165894,1559.392911148071,0.3442307692307692,0.0852517455511562,-0.110741194209408
608,10X,Human Cardiac Niches,LA_8795935,GraphST,Heart,0.39994464318746,0.3219924001094127,0.6969431763264312,0.7365384615384616,0.3073215456650114,0.3381341820218551,0.3219924001094127,9.417780923843384,172.8798801422119,0.1307692307692307,0.0784686031718829,-0.0451631287959138
609,10X,Human Cardiac Niches,LA_8795935,PRECAST,Heart,0.2873570507284198,0.2933338197667954,0.5643452125743598,0.7451923076923077,0.3280838581247248,0.2652400788363324,0.2933338197667954,25.82567000389099,348.02,0.1403846153846153,0.0808607553883519,0.0013005478189019
610,10X,Human Cardiac Niches,LA_8795935,SEDR,Heart,0.1788918894794993,0.1995610714977067,0.4662983016003939,0.7023076923076923,0.2365892923852691,0.1725720428061583,0.1995610714977067,9.707644987106324,473.58349418640137,0.0692307692307691,0.0735715558767319,-0.1311289666867308
611,10X,Human Cardiac Niches,LA_8795935,STAGATE,Heart,0.2466042119507358,0.2665890886470062,0.5391758857944239,0.734423076923077,0.2960208055883462,0.2437995865064143,0.2665890886470062,20.98878040313721,143.74918689727784,0.1465384615384615,0.0761197622341979,-0.0386308182828886
612,10X,Human Cardiac Niches,LA_8795935,SpaGCN,Heart,0.0958367405019462,0.1779013744692809,0.3847159048909647,0.6875,0.2203290089529165,0.1491754233709536,0.1779013744692809,6.724121379852295,280.72421684265134,0.2125,0.0829418454135571,-0.0251739698151193
613,10X,Human Cardiac Niches,LA_8795935,SpaceFlow,Heart,0.0747913713900541,0.2160819158703318,0.3690400252484683,0.686923076923077,0.2682566568984271,0.1809020324462328,0.2160819158703318,30.53426733016968,128.42522735595702,0.0190384615384615,0.0720280304179672,0.1475500782668954
614,10X,Human Cardiac Niches,LA_8795935,SpatialMGCN,Heart,0.0194594622692722,0.1636053028440173,0.3413472385623987,0.6259615384615385,0.1998024093412921,0.1385118675904692,0.1636053028440173,17.73772602081299,187.78610553741456,0.0471153846153846,0.0725452467761025,0.0335781128346432
615,10X,Human Cardiac Niches,LA_8795935,stLearn,Heart,0.4288972131776304,0.3484461818527523,0.709104809979409,0.7173076923076923,0.3244719003066314,0.3762458925521788,0.3484461818527524,108.91417789459229,1382.1150957107543,0.1105769230769229,0.0756245289953674,-0.0807939275942929
616,10X,Human Cardiac Niches,LA_9341983,BASS,Heart,0.0740463712986258,0.0825034402980282,0.5369190750122204,0.8150520416333066,0.1197083890266271,0.062941455892283,0.0825034402980282,829.7677199363709,755.5600000000001,0.0760608486789431,0.0762942754986663,0.0081132266587109
617,10X,Human Cardiac Niches,LA_9341983,Banksy,Heart,0.3684510999820563,0.1832107179209919,0.8316914171178066,0.8422738190552442,0.1578175396407084,0.2183424895620428,0.1832107179209919,13.11107587814331,230.776171875,0.0304243394715772,0.0761964313947128,0.0450146827366281
618,10X,Human Cardiac Niches,LA_9341983,BayesSpace,Heart,0.1193648716345796,0.0858172302955432,0.6617533910990409,0.8158526821457166,0.0969776727559894,0.0769604247287794,0.0858172302955432,643.4832119941711,2601.6,0.0224179343474779,0.0782180769035863,-0.0158201406482627
619,10X,Human Cardiac Niches,LA_9341983,CCST,Heart,0.1476445987871476,0.0974767068838031,0.6707898623004572,0.8180944755804644,0.1045539242179902,0.0923974854249305,0.0974767068838031,98.97837805747986,259.81298828125,0.0168134507606084,0.0771351459205177,-0.0322525219276686
620,10X,Human Cardiac Niches,LA_9341983,CellCharter,Heart,0.1002685767163238,0.1512935925541695,0.5003542702927171,0.8169735788630905,0.2388523127598461,0.1107282434417128,0.1512935925541695,90.2666244506836,206.56875324249268,0.1756605284227381,0.0792395638604079,0.0245439669930231
621,10X,Human Cardiac Niches,LA_9341983,DeepST,Heart,0.0820150845236712,0.1146561050958588,0.4973718090631401,0.8150520416333066,0.1794044864268739,0.0842794901380387,0.1146561050958588,145.49735264778138,1834.4512727737424,0.088550840672538,0.0762402728245739,0.0320671761411453
622,10X,Human Cardiac Niches,LA_9341983,GraphST,Heart,0.1550166192863026,0.1166976332209082,0.6645197231851159,0.8238590872698157,0.1369166988693112,0.1016818466216659,0.1166976332209082,9.668915176391604,204.0812282562256,0.0864691753402722,0.0789989352609639,-0.0056961829828046
623,10X,Human Cardiac Niches,LA_9341983,PRECAST,Heart,0.0696383457548217,0.0836420453151716,0.5286952185944354,0.8150520416333066,0.1209730260295617,0.0639177209294774,0.0836420453151716,29.25691599845886,388.02,0.0936749399519615,0.0787900873176681,0.0352378069918831
624,10X,Human Cardiac Niches,LA_9341983,SEDR,Heart,0.0766057889767267,0.1085613580895362,0.5121123517867415,0.8169735788630905,0.1636945931800418,0.0812285444421682,0.1085613580895362,11.565392208099365,557.0795963287353,0.0509207365892713,0.0748620246306065,0.0345772935083784
625,10X,Human Cardiac Niches,LA_9341983,STAGATE,Heart,0.2286396145472495,0.1382540408989596,0.728193455607055,0.8214571657325861,0.1547255773116855,0.1258962673242216,0.1382540408989596,23.98349533081055,154.75546913146974,0.0994395516413129,0.0767276906434107,-0.0231179046542139
626,10X,Human Cardiac Niches,LA_9341983,SpaGCN,Heart,0.0293619761733042,0.0720604060432344,0.435189721135413,0.8150520416333066,0.1168102897398503,0.0521006924518536,0.0720604060432344,10.672339296340942,321.4411365509033,0.1625300240192153,0.0788486795986026,0.0294665783124378
627,10X,Human Cardiac Niches,LA_9341983,SpaceFlow,Heart,0.0096908020326269,0.061353552972477,0.4365375948267385,0.8150520416333066,0.0974542144630611,0.0447696636740903,0.061353552972477,22.79752721786499,136.96301937103271,0.0257806244995996,0.0747154891691409,0.0787308072947169
628,10X,Human Cardiac Niches,LA_9341983,SpatialMGCN,Heart,0.1531936000734381,0.1212928617622949,0.6119315735997586,0.8182546036829464,0.1604092750190626,0.0975137596988507,0.1212928617622949,21.69903182983398,201.24124031066896,0.055244195356285,0.078745276223306,0.0543581568976987
629,10X,Human Cardiac Niches,LA_9341983,stLearn,Heart,0.2060684863780374,0.1336216015243703,0.6553640214438645,0.8190552441953562,0.1682321621825781,0.1108220725097845,0.1336216015243703,128.6822299003601,1623.5946773529054,0.0952762209767814,0.080034202622383,-0.0658070350619964
630,10X,Human Cardiac Niches,LV_8795933,BASS,Heart,0.7780034454838657,0.5716729415517604,0.9399054261837796,0.9491525423728812,0.618782617800262,0.5312289727039099,0.5716729415517605,1012.70976395607,1697.22,0.0383950190245589,0.0651975638611472,-0.0761122685860917
631,10X,Human Cardiac Niches,LV_8795933,Banksy,Heart,0.7100448950845739,0.5602931026340597,0.9191121047187532,0.9463853337945348,0.5923076563560452,0.5315618908578614,0.5602931026340597,18.46306343078613,466.7106578826904,0.0166032514700795,0.0617005225563157,-0.1754538900925291
632,10X,Human Cardiac Niches,LV_8795933,BayesSpace,Heart,0.6692489710838083,0.4861682963780632,0.9058820590113408,0.9446558284330682,0.5450833066180742,0.4387466242309003,0.4861682963780632,1467.404000043869,5995.1,0.0729851262538913,0.0654625887329714,-0.079600388757116
633,10X,Human Cardiac Niches,LV_8795933,CCST,Heart,0.7379247352083042,0.5401859273413536,0.9363790568031728,0.9375302663438256,0.47477728727279,0.6271521277285291,0.5401859273413536,255.31400146484376,821.4594131469727,0.0051885160843998,0.0618163115145314,-0.1054948015194399
634,10X,Human Cardiac Niches,LV_8795933,CellCharter,Heart,0.1113756614917117,0.2466127806066206,0.4729699390065331,0.9234866828087168,0.5092728036494532,0.1627061665047025,0.2466127806066206,192.15870084762577,261.9190801620483,0.4096160498097544,0.0697525700471115,-0.0552195460235026
635,10X,Human Cardiac Niches,LV_8795933,DeepST,Heart,0.1372825548638711,0.2717467711147266,0.5141099534367987,0.9277066758906952,0.5276130347918825,0.1831356570852162,0.2717467711147266,313.74170594215394,4016.937919235229,0.4154271878242822,0.0714937427493696,-0.0795865379453211
636,10X,Human Cardiac Niches,LV_8795933,GraphST,Heart,0.6937918064108778,0.4871965489064143,0.9150513449899071,0.941542718782428,0.5300964323265226,0.4507204415102783,0.4871965489064142,17.281861209869383,584.9765064239502,0.0677966101694915,0.0677080461329905,-0.0595930072206687
637,10X,Human Cardiac Niches,LV_8795933,PRECAST,Heart,0.3870042625903139,0.3145903271238915,0.7573179175538518,0.9287443791075752,0.4901266186815334,0.2316323937107292,0.3145903271238915,98.69659790992736,811.28,0.1795226565202352,0.0720827829444608,-0.0778842993032608
638,10X,Human Cardiac Niches,LV_8795933,SEDR,Heart,0.5365483532794584,0.3949767413012642,0.8379040671757348,0.9347630577654792,0.5481919291553458,0.3094363375090533,0.3949767413012642,24.063192653656007,1292.832122039795,0.0493946731234866,0.0619731151951746,-0.0574737487141203
639,10X,Human Cardiac Niches,LV_8795933,STAGATE,Heart,0.4943977107035181,0.4035714394224042,0.8203188001936255,0.9399515738498788,0.5158664892895835,0.3357641733843338,0.4035714394224042,46.41469702720642,225.1001277923584,0.1214112763749567,0.0640620579054261,-0.091005348753765
640,10X,Human Cardiac Niches,LV_8795933,SpaGCN,Heart,0.1385781491551062,0.2634998164409932,0.5176153911001884,0.9377378069872015,0.5157312919029914,0.1769553245603217,0.2634998164409932,21.224072980880734,587.0462896347046,0.2905569007263922,0.0684966199525703,-0.055089257973544
641,10X,Human Cardiac Niches,LV_8795933,SpaceFlow,Heart,0.091272834911162,0.2493213262660744,0.4445503769191509,0.9319958491871324,0.5269284306215866,0.1632935696651825,0.2493213262660744,35.24807167053223,190.11752071380616,0.0796956070563818,0.0622847174711193,-0.0239113791644081
642,10X,Human Cardiac Niches,LV_8795933,SpatialMGCN,Heart,0.2067069897205132,0.2934536308795111,0.6275310639029243,0.9408509166378416,0.5132887414008428,0.205458388045519,0.2934536308795111,51.49486303329468,330.20375595092776,0.0764441369768246,0.0632284715869802,-0.1415660735243485
643,10X,Human Cardiac Niches,LV_8795933,stLearn,Heart,0.2622926745744236,0.3329484212379726,0.6681521447054204,0.936008301625735,0.4988657271504298,0.249850775371333,0.3329484212379727,296.2906672000885,4083.735429763794,0.2438602559667935,0.0675124471712815,-0.2268949146740799
644,10X,Human Cardiac Niches,LV_9383352,BASS,Heart,0.129433483134764,0.1847379847516808,0.547330118251288,0.8115044247787611,0.2797769563515147,0.1378955034777674,0.1847379847516808,1153.802580022812,1353.6,0.0469026548672566,0.0608847918092416,0.1572760727365385
645,10X,Human Cardiac Niches,LV_9383352,Banksy,Heart,0.0132176054148647,0.0381425995613201,0.6125450653950169,0.7867256637168142,0.0467155888371832,0.0322282478425231,0.0381425995613201,16.00250949859619,361.4417890548706,0.0588495575221238,0.0615078959398876,0.127214293828649
646,10X,Human Cardiac Niches,LV_9383352,BayesSpace,Heart,0.0517221358988918,0.0473608788085868,0.8156440709291599,0.7933628318584071,0.026785535349248,0.2042749267635554,0.0473608788085868,1127.2379159450531,4518.68,0.011504424778761,0.0624908910514039,-0.1465578001752346
647,10X,Human Cardiac Niches,LV_9383352,CCST,Heart,0.2214941501734317,0.1880120722096002,0.6530619408229537,0.7935398230088496,0.230517215331735,0.1614687393766387,0.1880120722096003,182.2898147583008,543.9741714477539,0.013362831858407,0.0600353365490939,0.061298728491759
648,10X,Human Cardiac Niches,LV_9383352,CellCharter,Heart,0.091891715048541,0.1611103972446771,0.5290923831574775,0.7912389380530973,0.2426958714609338,0.1205802453522525,0.1611103972446771,119.46588802337646,212.2489212036133,0.1667256637168141,0.0646276440423267,0.0816363316895307
649,10X,Human Cardiac Niches,LV_9383352,DeepST,Heart,0.144177883951419,0.190599279730554,0.5631043909730438,0.8000884955752212,0.2846210584812693,0.1432983952742958,0.190599279730554,273.5509798526764,3164.6955377578734,0.0909734513274335,0.0615776241831516,0.0652039345037204
650,10X,Human Cardiac Niches,LV_9383352,GraphST,Heart,0.483543648786913,0.3092358063131155,0.818933891195555,0.8610619469026549,0.3265114303320993,0.2936964151247054,0.3092358063131155,14.64703974723816,392.03854541778566,0.0809734513274336,0.0629467604029202,0.1154899921765467
651,10X,Human Cardiac Niches,LV_9383352,PRECAST,Heart,0.5939872441893811,0.4038558610268578,0.8573221367421464,0.8955752212389381,0.4369514850489785,0.3754207074481278,0.4038558610268578,55.15919804573059,662.3,0.0893805309734513,0.0666088761836946,0.134504341800969
652,10X,Human Cardiac Niches,LV_9383352,SEDR,Heart,0.2371068771509318,0.0980911184542228,0.7195572313570116,0.7942477876106194,0.1120544985461657,0.0872222395467878,0.0980911184542228,16.64991750717163,857.6424703598022,0.0150442477876106,0.0600056816141446,0.0888035480822376
653,10X,Human Cardiac Niches,LV_9383352,STAGATE,Heart,0.4597134280218077,0.2821053482649105,0.8126915085013448,0.8542477876106196,0.2956224068778313,0.2697709811587609,0.2821053482649106,38.05678858757019,158.7662462234497,0.0460176991150442,0.061195236986717,0.1533707265625052
654,10X,Human Cardiac Niches,LV_9383352,SpaGCN,Heart,0.1236262695871193,0.182071008659525,0.5454207903747693,0.8013274336283185,0.2750315705411111,0.1360770273319702,0.182071008659525,13.792105722427369,459.1849393844605,0.0849557522123893,0.0619312956321235,0.1125226936355543
655,10X,Human Cardiac Niches,LV_9383352,SpaceFlow,Heart,0.0992338529188306,0.1575888551614667,0.5367483613376385,0.7951327433628318,0.2358492641981611,0.1183305384856536,0.1575888551614667,33.90194745063782,141.95527896881103,0.0084070796460176,0.0598923942521883,0.2341291258593243
656,10X,Human Cardiac Niches,LV_9383352,SpatialMGCN,Heart,-0.0353764773812881,0.1183319620468373,0.5036847692482191,0.7867256637168142,0.1669121374755959,0.0916554305381888,0.1183319620468373,42.40922408103943,265.93745441436766,0.0234513274336283,0.0599742757423186,0.0681863760795079
657,10X,Human Cardiac Niches,LV_9383352,stLearn,Heart,0.7977614930694815,0.6566957543307096,0.9294862724569252,0.9495575221238935,0.6625774624040208,0.6509175514268614,0.6566957543307096,230.16621675491336,2871.707879257202,0.1084070796460177,0.0640086780697333,-0.2041092955511617
658,10X,Human Cardiac Niches,LV_9383354,BASS,Heart,-0.0021785116455005,0.0216210564851013,0.4947349612214829,0.9512783405692232,0.0741033019501003,0.0126569873884712,0.0216210564851013,1073.009645986557,1275.3,0.0487216594307766,0.071518458893958,0.1194637202978717
659,10X,Human Cardiac Niches,LV_9383354,Banksy,Heart,0.0646805072229977,0.0649151403616189,0.7402961344088658,0.9516642547033284,0.1357975186397821,0.0429998927554644,0.0649151403616189,15.793861865997314,333.7138654708862,0.0414857694163048,0.0712318672053616,0.028734507676468
660,10X,Human Cardiac Niches,LV_9383354,BayesSpace,Heart,-0.0075682686919401,0.0219067481584995,0.6272372208669541,0.9512783405692232,0.0568157374791162,0.0135693841325025,0.0219067481584995,1029.1733279705047,4346.7,0.0188133140376266,0.0700279406391036,0.0205887627058241
661,10X,Human Cardiac Niches,LV_9383354,CCST,Heart,0.0069971281264481,0.0293008931463511,0.5300661794678085,0.9512783405692232,0.0938549533632194,0.0173685890063934,0.0293008931463511,166.34882946014403,478.20851001739504,0.022961890979257,0.0702076374455441,0.1047190059633513
662,10X,Human Cardiac Niches,LV_9383354,CellCharter,Heart,0.001184025929431,0.0490852952028266,0.4995521304080382,0.9512783405692232,0.1684281143319872,0.0287307022531091,0.0490852952028266,100.59094915390014,186.59352989196776,0.3712493970091654,0.0791318262449004,-0.0158201006750935
663,10X,Human Cardiac Niches,LV_9383354,DeepST,Heart,0.0061541843116962,0.0340275975036551,0.515457970826397,0.9512783405692232,0.1128730739061273,0.0200470603791604,0.0340275975036551,252.065971326828,2917.27851638794,0.0723589001447177,0.0711155180991743,0.0578932027924136
664,10X,Human Cardiac Niches,LV_9383354,GraphST,Heart,0.102755671323385,0.0717640727990576,0.7613089046844342,0.9512783405692232,0.159494844900166,0.0462977898460697,0.0717640727990576,13.762616157531738,349.8704113006592,0.1683550410033767,0.0758861371944648,-0.1135026159470595
665,10X,Human Cardiac Niches,LV_9383354,PRECAST,Heart,0.0179596620763076,0.0263788143029334,0.620264297388466,0.9512783405692232,0.0731906697319125,0.016088687158682,0.0263788143029334,57.25743608474731,591.48,0.0641582247949831,0.0744236941698994,0.1935309848233846
666,10X,Human Cardiac Niches,LV_9383354,SEDR,Heart,0.0297201129484665,0.06927937665647,0.6023515115307905,0.9522431259044865,0.1981450828416693,0.0419783393014913,0.06927937665647,20.54105792045593,675.3060655593872,0.0328991799324649,0.0705560391831965,0.0816663981658383
667,10X,Human Cardiac Niches,LV_9383354,STAGATE,Heart,0.0365039151132995,0.0639695352835404,0.6981930053358529,0.9512783405692232,0.1551870682734925,0.0402885739668497,0.0639695352835404,35.97051553726196,152.9692876815796,0.0710082006753496,0.0720214671774703,0.1020439638554566
668,10X,Human Cardiac Niches,LV_9383354,SpaGCN,Heart,0.0009085369307564,0.0156751775101599,0.4899440204446011,0.9512783405692232,0.0541635932768985,0.0091635782965442,0.0156751775101599,11.470564937591552,405.49960975646974,0.185721177038109,0.0748619138365736,0.0246240707235004
669,10X,Human Cardiac Niches,LV_9383354,SpaceFlow,Heart,0.0152612182837898,0.0406515526118606,0.5309193397318313,0.9512783405692232,0.132945776433719,0.0239946154159071,0.0406515526118606,35.196527576446535,136.61616230010986,0.0101302460202604,0.0701212249405885,0.1306053754524047
670,10X,Human Cardiac Niches,LV_9383354,SpatialMGCN,Heart,-0.0034162500867432,0.0096488435985645,0.5447803373086408,0.9512783405692232,0.0303943643832757,0.0057346720128263,0.0096488435985645,40.11092338562012,252.7427215576172,0.0366618427399903,0.0720643790214919,-0.0040755752270099
671,10X,Human Cardiac Niches,LV_9383354,stLearn,Heart,0.0156550383422046,0.013569768940009,0.9514294230358598,0.9517607332368548,0.0071550000776248,0.1311640144593704,0.013569768940009,208.8915048599243,2613.737501335144,0.0014471780028943,0.0696972917001142,-0.0185293937091539
672,10X,Human Cardiac Niches,LV_9383356,BASS,Heart,0.0054932793117669,0.0268023813752866,0.591228624943403,0.95368782161235,0.0766532632687098,0.0162404954648331,0.0268023813752866,747.0877139568329,1077.38,0.0428816466552315,0.0656472704050384,0.2387206035397646
673,10X,Human Cardiac Niches,LV_9383356,Banksy,Heart,0.1173631050416985,0.1563090274912788,0.7897087252808297,0.9665523156089192,0.3019310903218861,0.1054501677960808,0.1563090274912788,11.975945043563843,199.79149036407472,0.0205831903945111,0.0649309815306356,-0.0359212914105629
674,10X,Human Cardiac Niches,LV_9383356,BayesSpace,Heart,0.0432750611421775,0.1023740299684971,0.6943070246186893,0.962264150943396,0.2235105660765464,0.0663916140445031,0.1023740299684971,587.9550479888916,2636.24,0.0317324185248713,0.0668735271475204,0.190566374371989
675,10X,Human Cardiac Niches,LV_9383356,CCST,Heart,0.0137486256307339,0.0152153772384665,0.7069250522660605,0.95368782161235,0.032669188095465,0.0099238044625969,0.0152153772384665,93.67431254386902,211.68341121673583,0.0464837049742709,0.0675161467310464,-0.0166901355660524
676,10X,Human Cardiac Niches,LV_9383356,CellCharter,Heart,-0.0103439860188689,0.0381467126551329,0.5548753697064358,0.95368782161235,0.1136166048989996,0.0229218520642551,0.0381467126551329,56.8209183216095,173.9877405166626,0.1036020583190393,0.0676799602981655,0.0249605513632037
677,10X,Human Cardiac Niches,LV_9383356,DeepST,Heart,0.0002318367990985,0.0179687134847796,0.5895983446596686,0.95368782161235,0.0511873687297971,0.0108975871031715,0.0179687134847796,135.9629870891571,1715.2638328552246,0.0660377358490565,0.065010998118932,0.0365889268611254
678,10X,Human Cardiac Niches,LV_9383356,GraphST,Heart,0.1394967156252529,0.1023008534127042,0.8602304306134911,0.9588336192109777,0.1534777932932396,0.0767190134833831,0.1023008534127042,10.205050706863403,171.30834865570068,0.0677530017152658,0.0671671901520448,-0.056846395882253
679,10X,Human Cardiac Niches,LV_9383356,PRECAST,Heart,0.0938763012840496,0.1150274319660598,0.7448071841448352,0.9545454545454548,0.2485921105731736,0.0748250793806124,0.1150274319660598,22.18865599632263,301.2,0.062607204116638,0.0683163007635367,0.0211190324541023
680,10X,Human Cardiac Niches,LV_9383356,SEDR,Heart,0.0646381979776333,0.0858923754023365,0.684375006140926,0.95368782161235,0.2083083273089646,0.0541421082522422,0.0858923754023364,10.484666442871092,358.31122570037843,0.036878216123499,0.0654769086569646,0.168760822225694
681,10X,Human Cardiac Niches,LV_9383356,STAGATE,Heart,0.1365229151715255,0.104709274558084,0.8508923881792244,0.957975986277873,0.1647161325188148,0.0767524846324519,0.104709274558084,22.127982521057127,99.68437061309814,0.0411663807890222,0.0693586670022991,-0.0138592355679417
682,10X,Human Cardiac Niches,LV_9383356,SpaGCN,Heart,0.0134233881914467,0.0162400605102473,0.5769871944646556,0.95368782161235,0.0477750907871145,0.0097827409018753,0.0162400605102473,10.419012546539308,250.11572227478027,0.1226415094339622,0.0670897247816626,0.0352652371888817
683,10X,Human Cardiac Niches,LV_9383356,SpaceFlow,Heart,0.0077673557950031,0.0295873114816419,0.5816642648402853,0.95368782161235,0.0856480346424406,0.0178867062501293,0.0295873114816419,14.741883897781372,95.91578006744383,0.0202401372212692,0.0642432115914221,0.0444378417345889
684,10X,Human Cardiac Niches,LV_9383356,SpatialMGCN,Heart,0.0362784142034307,0.039546900631775,0.6955383899370843,0.95368782161235,0.096249543353388,0.0248860197721115,0.039546900631775,19.43995771408081,183.09998683929444,0.0548885077186964,0.0656203946219513,0.033341391733755
685,10X,Human Cardiac Niches,LV_9383356,stLearn,Heart,0.0660518167906154,0.0565125596928185,0.955807424271185,0.9554030874785592,0.0300480291436399,0.4738640174872903,0.0565125596928185,118.91920485496522,1343.0018159866331,0.0017152658662092,0.0637308932638241,-0.3613349094604763
686,10X,Human Cardiac Niches,LV_9383358,BASS,Heart,0.0336436834359549,0.0350833882085492,0.6583456326027891,0.9749190938511328,0.1410234803980412,0.0200336489203143,0.0350833882085492,649.9827620506287,766.5600000000001,0.0331715210355987,0.073298430293739,0.1090823692156158
687,10X,Human Cardiac Niches,LV_9383358,Banksy,Heart,-0.024173589512908,0.0070056905545633,0.8066779747621113,0.9749190938511328,0.0187046134798298,0.0043099832939314,0.0070056905545633,12.707958841323851,208.56903476715087,0.012135922330097,0.0740134700044999,0.0101370334719772
688,10X,Human Cardiac Niches,LV_9383358,BayesSpace,Heart,0.0607149988313024,0.0203679688071405,0.8457586200560743,0.9749190938511328,0.0435843603792191,0.0132891452079809,0.0203679688071405,615.5795739650727,2672.86,0.0064724919093851,0.0724584740143839,0.0159334840922293
689,10X,Human Cardiac Niches,LV_9383358,CCST,Heart,0.003633634711768,0.020218861022273,0.6911361703684176,0.9749190938511328,0.063330673759343,0.0120297487636399,0.020218861022273,99.42961640357971,226.17400016784669,0.02168284789644,0.0755054410006005,0.0506422335285521
690,10X,Human Cardiac Niches,LV_9383358,CellCharter,Heart,0.0054522829636574,0.0221933563681195,0.6058777398563846,0.9749190938511328,0.0955603433071671,0.0125568286721726,0.0221933563681195,50.34496297836304,157.92368717193602,0.0977346278317151,0.0748025026972435,0.0830585683712674
691,10X,Human Cardiac Niches,LV_9383358,DeepST,Heart,0.0051083659619114,0.0112369058617822,0.6494561079699404,0.9749190938511328,0.0456279496653743,0.0064100874222941,0.0112369058617822,152.172758102417,1806.8628969192505,0.0488673139158575,0.0736932916322301,0.0904148739390092
692,10X,Human Cardiac Niches,LV_9383358,GraphST,Heart,0.0343180040315663,0.0159626037866238,0.7786838616846381,0.9749190938511328,0.0468600371091882,0.0096197600262341,0.0159626037866238,9.92370858192444,181.03571720123293,0.0954692556634304,0.0742033784629277,0.0834240904471472
693,10X,Human Cardiac Niches,LV_9383358,PRECAST,Heart,0.0469868096402581,0.0305030199299811,0.8109479812347222,0.9749190938511328,0.0809922691081153,0.0187897799704492,0.0305030199299811,23.80705399513245,287.22,0.0711974110032362,0.0798529088986655,0.034790531391562
694,10X,Human Cardiac Niches,LV_9383358,SEDR,Heart,0.0222757601010481,0.0472832000144042,0.644326580398326,0.9749190938511328,0.1889628187966187,0.0270928448888433,0.0472832000144042,12.479903411865234,326.5962532043457,0.0241100323624594,0.0734832789986839,0.1449063053153102
695,10X,Human Cardiac Niches,LV_9383358,STAGATE,Heart,0.1069249500520625,0.071712988163139,0.8881879041165343,0.9749190938511328,0.1410748078419401,0.0480922430316404,0.071712988163139,22.91068391799927,105.54060230255126,0.0462783171521034,0.077247635634931,-0.0288700642976489
696,10X,Human Cardiac Niches,LV_9383358,SpaGCN,Heart,0.0073785453183615,0.0151201623319943,0.5784838827717033,0.9749190938511328,0.0681404171585116,0.0085035362706952,0.0151201623319943,7.42924919128418,292.1564840316772,0.1674757281553398,0.0751862176599921,0.0566377322529973
697,10X,Human Cardiac Niches,LV_9383358,SpaceFlow,Heart,-0.0034033913431515,0.0186012221831459,0.6083583290335784,0.9749190938511328,0.078340344168359,0.0105535516692481,0.0186012221831459,28.28947219848633,96.3855152130127,0.0059870550161811,0.0725788207334126,0.0605888081872349
698,10X,Human Cardiac Niches,LV_9383358,SpatialMGCN,Heart,0.0205602156613119,0.0394446306400621,0.7504743490556519,0.9749190938511328,0.1291347748472359,0.0232773923493159,0.0394446306400621,20.459511613845827,186.95990753173828,0.0105177993527508,0.0727531490948932,0.0781847697360672
699,10X,Human Cardiac Niches,LV_9383358,stLearn,Heart,0.028685680410708,0.017573224281069,0.8341561992258579,0.9757281553398058,0.0384762782690331,0.0113869968189624,0.0175732242810689,126.5147909641266,1426.2450267791749,0.0501618122977346,0.0752310809078425,-0.0192392979394528
700,10X,Human Cardiac Niches,RA_10238251,BASS,Heart,0.385032188210563,0.3679554358924814,0.6738793125373506,0.8264208909370201,0.4210283551556694,0.326764934631943,0.3679554358924813,689.2468820095062,784.2,0.0407066052227342,0.0854980565883068,0.0779840501571989
701,10X,Human Cardiac Niches,RA_10238251,Banksy,Heart,0.2643741755664973,0.3722685350074148,0.5603658650637495,0.8525345622119815,0.4708679057164969,0.307812779942936,0.3722685350074148,13.039141750335691,258.94491920471194,0.043010752688172,0.0859947591789852,0.125030449290279
702,10X,Human Cardiac Niches,RA_10238251,BayesSpace,Heart,0.399569769067588,0.4121125350930675,0.691139110803289,0.8479262672811061,0.4453599235220292,0.3834843357560579,0.4121125350930675,650.6744120121002,2702.6,0.0337941628264208,0.0855069712148146,0.01827923785201
703,10X,Human Cardiac Niches,RA_10238251,CCST,Heart,0.2939845780407764,0.3678887322099912,0.596112824159598,0.8357910906298003,0.4439908243114653,0.3142750235282139,0.3678887322099912,105.77116723060608,307.6407949447632,0.0216589861751151,0.0847335677096387,0.0739422353731143
704,10X,Human Cardiac Niches,RA_10238251,CellCharter,Heart,0.2357753318026849,0.3319812095688584,0.5445866701023425,0.8440860215053764,0.4171891140237881,0.275735651140793,0.3319812095688584,83.06469249725342,325.0232698440552,0.0798771121351766,0.0861636071686184,0.0549046224627177
705,10X,Human Cardiac Niches,RA_10238251,DeepST,Heart,0.3100626353589143,0.3674518041069223,0.6067321791797328,0.8539170506912441,0.4328057495272167,0.3212140453689735,0.3674518041069223,159.581457901001,1925.7009830474851,0.0588325652841781,0.0851624293051026,0.0615174119508662
706,10X,Human Cardiac Niches,RA_10238251,GraphST,Heart,0.2691990771448843,0.3345173137331572,0.5730309956537464,0.8202764976958525,0.4138848374397025,0.2806912950066209,0.3345173137331572,10.7643114566803,255.4154842376709,0.1582181259600614,0.0865724247660505,0.0376985564898635
707,10X,Human Cardiac Niches,RA_10238251,PRECAST,Heart,0.4008740298249241,0.3818623991310519,0.6962594236217857,0.8440860215053764,0.4130984820013145,0.3550180199463214,0.3818623991310519,30.617384004592896,373.5,0.0614439324116743,0.0890070768179805,0.017945563824407
708,10X,Human Cardiac Niches,RA_10238251,SEDR,Heart,0.2475063454937572,0.3215095335045261,0.5685064704834717,0.8356374807987711,0.3884936864758454,0.2742272517926511,0.3215095335045261,11.37439513206482,651.7978254318238,0.0368663594470046,0.0845977477398906,0.0409439523920639
709,10X,Human Cardiac Niches,RA_10238251,STAGATE,Heart,0.2227265283566807,0.310463571084079,0.5306726074498902,0.8370199692780338,0.3943758907803202,0.2559964396958968,0.3104635710840792,24.33441996574402,198.91668605804443,0.0866359447004607,0.0864361807580893,0.0350069288946975
710,10X,Human Cardiac Niches,RA_10238251,SpaGCN,Heart,0.2176774080193682,0.3291184364330328,0.520045334205959,0.8571428571428571,0.4245808846262197,0.2687033715631951,0.3291184364330328,9.729532432556152,425.2932363510132,0.1059907834101382,0.0861855037905908,0.0605878485250602
711,10X,Human Cardiac Niches,RA_10238251,SpaceFlow,Heart,0.1624528311107084,0.296412302788212,0.4970369161375174,0.793394777265745,0.369279381404539,0.2476824495723644,0.296412302788212,28.844570207595822,180.55781326293945,0.023195084485407,0.0846272449205049,0.0780260601685014
712,10X,Human Cardiac Niches,RA_10238251,SpatialMGCN,Heart,0.2585754457200028,0.3203882661508984,0.6167019947449638,0.8302611367127495,0.3482932220189262,0.2966230781380492,0.3203882661508984,22.31707124710083,290.7299041748047,0.0299539170506912,0.0845369472315197,0.0356745179884542
713,10X,Human Cardiac Niches,RA_10238251,stLearn,Heart,0.2655532945175812,0.3194448545571304,0.5916821900436436,0.8417818740399385,0.3658044671204401,0.2835141647600611,0.3194448545571304,134.67692084312438,1839.2066329956056,0.1490015360983103,0.0896157156217505,-0.0366619466259655
714,10X,Human Cardiac Niches,RA_8795937,BASS,Heart,0.1250644123502458,0.2242285826326116,0.4481132887473663,0.7851099830795262,0.298783774359879,0.179450494922888,0.2242285826326116,1198.8186499118806,1677.34,0.060575296108291,0.0653160999918993,0.0664302390597422
715,10X,Human Cardiac Niches,RA_8795937,Banksy,Heart,0.0964400785126279,0.2083709358412206,0.4445387526774336,0.7817258883248731,0.2700249130764657,0.1696380007341119,0.2083709358412206,19.0461088180542,496.0361961364746,0.0734348561759729,0.0633391121640046,-0.10277478329252
716,10X,Human Cardiac Niches,RA_8795937,BayesSpace,Heart,0.0928780352905332,0.1870256755442884,0.4312335393104743,0.7719120135363791,0.2425900290857939,0.1521713807131708,0.1870256755442884,1512.9454800128938,6135.780000000001,0.0582064297800338,0.0642821997368117,0.074529188952773
717,10X,Human Cardiac Niches,RA_8795937,CCST,Heart,0.1517314721841057,0.2111389536528848,0.5048189551723776,0.7746192893401015,0.2547815492029113,0.1804127826059724,0.2111389536528848,263.9701095581055,867.7398439407349,0.0297800338409475,0.062260640550727,-0.0392572846662966
718,10X,Human Cardiac Niches,RA_8795937,CellCharter,Heart,0.082966709852676,0.1972041829584451,0.3692563170539786,0.7814551607445008,0.2912382307750615,0.1490739305832829,0.1972041829584451,201.39150295257565,308.1587886810303,0.2686971235194585,0.0671775322614002,-0.0168837884628883
719,10X,Human Cardiac Niches,RA_8795937,DeepST,Heart,0.0534945980274668,0.1554223032098571,0.3383468802202302,0.7588494077834179,0.2310445647126203,0.1171022327255819,0.1554223032098571,316.5300940036774,4115.460035324097,0.1502538071065989,0.0639902669946655,-0.0258642226488671
720,10X,Human Cardiac Niches,RA_8795937,GraphST,Heart,0.1462838621181818,0.2067821275841637,0.4867535085451419,0.7712351945854484,0.2655684281333625,0.1693047757054367,0.2067821275841637,18.46485118865967,630.0005737304688,0.1820642978003384,0.0642198979775338,-0.0613656968305348
721,10X,Human Cardiac Niches,RA_8795937,PRECAST,Heart,0.2170298664621491,0.2424504051263482,0.5844573155743922,0.7861252115059222,0.2759475732007455,0.2162053251913756,0.2424504051263482,112.12252202033996,906.42,0.099492385786802,0.0685092311677594,-0.0068631568975052
722,10X,Human Cardiac Niches,RA_8795937,SEDR,Heart,0.112178452569939,0.2029704261234081,0.4303548175891158,0.7758375634517767,0.278819332866344,0.1597445349654971,0.2029704261234081,19.53941879272461,1468.8429225921632,0.0430456852791877,0.0623376660075498,-0.003266281064155
723,10X,Human Cardiac Niches,RA_8795937,STAGATE,Heart,0.1053416727490409,0.2091506022369372,0.4384596922123493,0.7805076142131979,0.2737937564397707,0.1693153047754114,0.2091506022369372,48.21500277519226,293.2809938430786,0.0880541455160744,0.0646004465407165,0.0307016179911291
724,10X,Human Cardiac Niches,RA_8795937,SpaGCN,Heart,0.0611083534822386,0.1443115626318836,0.3490401901329727,0.7576988155668358,0.2134095010763586,0.1090146816418573,0.1443115626318836,18.4809543132782,624.8815248489379,0.3181049069373942,0.0675415086511268,-0.071709290868512
725,10X,Human Cardiac Niches,RA_8795937,SpaceFlow,Heart,0.0600339397130844,0.1916331615165006,0.3530533735147158,0.7780033840947547,0.2809292894852722,0.1454175243668441,0.1916331615165006,25.76270837783813,258.13969173431394,0.0620642978003383,0.0621095564741115,0.0353039878572045
726,10X,Human Cardiac Niches,RA_8795937,SpatialMGCN,Heart,0.043954133480323,0.1721213045374706,0.3463837300604775,0.7793570219966159,0.2492276217938328,0.131452411951941,0.1721213045374706,52.08710737228394,350.67020359039304,0.0829103214890017,0.0622426532352051,-0.0454350787133818
727,10X,Human Cardiac Niches,RA_8795937,stLearn,Heart,0.1807402989680489,0.1934476303951477,0.5279199543092407,0.7566835871404399,0.233442560798308,0.1651525912609214,0.1934476303951477,301.4981719493866,4451.25330696106,0.293062605752961,0.069870881367938,-0.0874696262927383
728,10X,Human Cardiac Niches,RA_9383353,BASS,Heart,0.1803320734617959,0.254003922859879,0.5588043857026185,0.8144927536231885,0.3114946111379509,0.2144281989119167,0.2540039228598789,671.3070179462433,1400.6799999999998,0.072463768115942,0.094896375474595,-0.0719714923015744
729,10X,Human Cardiac Niches,RA_9383353,Banksy,Heart,0.1278549288383326,0.1549800251758697,0.5021428404508221,0.7439613526570048,0.1990469422528118,0.1268882827435961,0.1549800251758697,11.758955240249634,191.9028167724609,0.0434782608695652,0.0936314599500416,-0.1204197761950468
730,10X,Human Cardiac Niches,RA_9383353,BayesSpace,Heart,0.1010346901559211,0.1285182838296104,0.533912946844541,0.7710144927536232,0.1497139590630558,0.1125798505351689,0.1285182838296105,510.9249179840088,2250.8,0.0647342995169082,0.0978201358548463,-0.1409340646903067
731,10X,Human Cardiac Niches,RA_9383353,CCST,Heart,0.128035217015499,0.1769453013514652,0.5016045586548222,0.7818357487922706,0.2270353985371781,0.1452264381320683,0.1769453013514652,88.01217532157898,218.09732189178467,0.0365217391304347,0.0933602786807017,-0.0564113903379146
732,10X,Human Cardiac Niches,RA_9383353,CellCharter,Heart,0.1685811560581409,0.2672362387282129,0.5145734690026337,0.7870531400966183,0.352639828886534,0.2151807192943764,0.2672362387282129,71.65662517547608,185.4396602630615,0.21487922705314,0.1006737276680443,-0.0534758065227728
733,10X,Human Cardiac Niches,RA_9383353,DeepST,Heart,0.0519614264861329,0.1574062058126072,0.4215223280899227,0.7464734299516909,0.2130453788448993,0.124811264932824,0.1574062058126072,118.23462901115415,1550.730715560913,0.1431884057971014,0.0949938886059176,-0.0156735461756943
734,10X,Human Cardiac Niches,RA_9383353,GraphST,Heart,0.1975520699567776,0.2982511765507619,0.6394407896555221,0.8077294685990338,0.3148101493846741,0.2833471532153329,0.2982511765507619,9.318367862701416,168.00144329071043,0.1371980676328502,0.0973491911640382,-0.1282719178791734
735,10X,Human Cardiac Niches,RA_9383353,PRECAST,Heart,0.1729056219731707,0.2951698589634376,0.592996350948757,0.8,0.3316269357269923,0.2659346033115937,0.2951698589634376,22.41222004890442,401.6,0.093719806763285,0.0993209030394992,-0.0911972619881528
736,10X,Human Cardiac Niches,RA_9383353,SEDR,Heart,0.1258676387981025,0.2288916871207489,0.4968616099852621,0.808695652173913,0.2967383616249139,0.1863097012893867,0.2288916871207488,9.801268911361694,415.6039703369141,0.0660869565217391,0.0931651926453933,-0.0560907280046542
737,10X,Human Cardiac Niches,RA_9383353,STAGATE,Heart,0.2197916305422783,0.2879061511187818,0.6277883221505373,0.8293719806763284,0.3218889170453215,0.2606230950271125,0.2879061511187818,21.223544216156007,133.32316246032715,0.1145893719806762,0.0971814672189259,-0.0765584685239397
738,10X,Human Cardiac Niches,RA_9383353,SpaGCN,Heart,0.1478439757235447,0.2713907296739211,0.496021818539501,0.8009661835748793,0.3619448752274927,0.2170799919526282,0.2713907296739211,7.615635395050049,288.3152868270874,0.166183574879227,0.0992595684215261,-0.0497029912334896
739,10X,Human Cardiac Niches,RA_9383353,SpaceFlow,Heart,0.0352052349228813,0.1103343741353137,0.4191145710389824,0.7439613526570048,0.1471228989511901,0.0882946310199317,0.1103343741353137,17.938498640060423,120.50931072235107,0.0388405797101448,0.092791502426224,0.0068145968573408
740,10X,Human Cardiac Niches,RA_9383353,SpatialMGCN,Heart,0.0228055469921102,0.1595081269305271,0.4812576861325144,0.7845410628019324,0.191166460939952,0.1368456509671514,0.1595081269305271,17.227646780014037,184.47090835571288,0.0483091787439613,0.0944314289690686,-0.0402322936547417
741,10X,Human Cardiac Niches,RA_9383353,stLearn,Heart,0.1906781591733588,0.2981208084394071,0.6084467108086082,0.7864734299516908,0.3097409939726038,0.2873409777495275,0.2981208084394071,107.30737051963806,1341.7281730651855,0.114975845410628,0.0963477062078343,-0.2144562430827164
742,10X,Human Cardiac Niches,RA_9383355,BASS,Heart,0.2271157133823141,0.2499444589390101,0.5681296495312921,0.7567723342939481,0.2900063657788235,0.2196075484880272,0.2499444589390101,1021.6415820598602,1091.3200000000002,0.0184438040345821,0.0590261747486713,0.1868600973616722
743,10X,Human Cardiac Niches,RA_9383355,Banksy,Heart,0.2861342647790668,0.2413813110475755,0.6006627720476543,0.8,0.2809441829603447,0.2115855928382145,0.2413813110475755,14.720010566711426,288.27532997131345,0.0184438040345821,0.0593246993956998,0.1734422181207898
744,10X,Human Cardiac Niches,RA_9383355,BayesSpace,Heart,0.1850789836273505,0.221605519329823,0.5393926143318124,0.7296829971181557,0.2587745266419583,0.1937729897309252,0.221605519329823,899.7986599445343,3810.78,0.0172910662824207,0.0597174365451972,0.1673881740662777
745,10X,Human Cardiac Niches,RA_9383355,CCST,Heart,0.2283252579734914,0.2699372693120104,0.6116194334354141,0.7514697406340057,0.2834118642847111,0.2709716200542454,0.2699372693120104,136.6130720615387,381.6542776107788,0.0231700288184437,0.0603280300002386,0.1178975169331367
746,10X,Human Cardiac Niches,RA_9383355,CellCharter,Heart,0.2549690592408767,0.2928074309976634,0.5774771099219409,0.7646109510086456,0.3447008728770882,0.2545177938380688,0.2928074309976634,77.38584713935852,211.3613971710205,0.0613256484149855,0.0602844671074123,0.172386130903569
747,10X,Human Cardiac Niches,RA_9383355,DeepST,Heart,0.2335904260294586,0.2562353379881048,0.5642280985128982,0.7511239193083574,0.3002425660339209,0.2235197927097135,0.2562353379881049,224.90826349258424,2470.4001491546637,0.0254755043227665,0.0594855098295539,0.1530597668312221
748,10X,Human Cardiac Niches,RA_9383355,GraphST,Heart,0.1243041977529522,0.1815262832198634,0.5286570400007142,0.6783861671469741,0.20412032742405,0.1634356221036959,0.1815262832198634,12.64777364730835,279.2434513092041,0.0512968299711815,0.0602886235407664,0.1628314654009607
749,10X,Human Cardiac Niches,RA_9383355,PRECAST,Heart,0.2519076690411968,0.2576275999462529,0.5944886972002882,0.7734870317002882,0.2909502591621776,0.2311534905430876,0.2576275999462528,39.29678797721863,487.5,0.0916426512968299,0.0600449352143428,0.0437938454069739
750,10X,Human Cardiac Niches,RA_9383355,SEDR,Heart,0.2718142684404824,0.2757359921582914,0.5885724328145092,0.7862824207492796,0.3228388169284852,0.2406433561241082,0.2757359921582914,13.530685901641846,715.7570291519165,0.0140634005763688,0.0591809378837685,0.1738569593287738
751,10X,Human Cardiac Niches,RA_9383355,STAGATE,Heart,0.2777797167442016,0.2871057144329541,0.599498428162961,0.7807492795389048,0.3325726570781026,0.2527146491000706,0.2871057144329541,30.150862884521484,147.84181365966796,0.0870317002881843,0.0599966720626855,0.1082060684124606
752,10X,Human Cardiac Niches,RA_9383355,SpaGCN,Heart,0.2083442927290528,0.2533863548779932,0.5407897742366723,0.723342939481268,0.3032444533763547,0.2176081885278101,0.2533863548779932,15.550970602035523,403.1812791824341,0.0414985590778098,0.0597582807566933,0.136672640836613
753,10X,Human Cardiac Niches,RA_9383355,SpaceFlow,Heart,0.1985400596721005,0.2442640723087087,0.5414661477220126,0.725878962536023,0.2886368643304975,0.2117512454147719,0.2442640723087087,29.30648550987244,130.2609935760498,0.015100864553314,0.0592615985831241,0.1657562269989198
754,10X,Human Cardiac Niches,RA_9383355,SpatialMGCN,Heart,0.3317836015215785,0.3288435316656062,0.6219130498891827,0.8195965417867436,0.3846131646675578,0.2871991187296142,0.3288435316656062,32.69467463493347,227.6038230895996,0.0570605187319884,0.0596680861424139,0.0957445420500755
755,10X,Human Cardiac Niches,RA_9383355,stLearn,Heart,0.1172788111128518,0.1872303163869267,0.4925730054084861,0.6968299711815562,0.221677319170272,0.1620490950936398,0.1872303163869267,176.90754680633546,2316.574855804444,0.0927953890489913,0.0610611076218805,0.1255250718340497
756,10X,Human Cardiac Niches,RV_10550730,BASS,Heart,0.0303884438906041,0.0447867527360011,0.5529961481960961,0.9410616705698672,0.1230282662079559,0.0273763728810034,0.0447867527360011,1148.11920003891,1518.8200000000002,0.0441061670569867,0.0676202523053297,0.2796477155923861
757,10X,Human Cardiac Niches,RV_10550730,Banksy,Heart,0.0335159746688417,0.0509243923675759,0.5963701624961324,0.9410616705698672,0.1279920042766758,0.0317854639881553,0.0509243923675759,17.257110261917113,447.2790803909302,0.0253708040593286,0.067283566151544,0.2259596364151273
758,10X,Human Cardiac Niches,RV_10550730,BayesSpace,Heart,0.0163886493235946,0.0341252059825996,0.5167804243293318,0.9410616705698672,0.0978796546569683,0.0206649667850583,0.0341252059825996,1286.2250460147857,5531.7,0.0222482435597189,0.0666473087621085,0.2560271531605445
759,10X,Human Cardiac Niches,RV_10550730,CCST,Heart,0.0580306349697023,0.0613654565641989,0.646687796717569,0.9410616705698672,0.1433130000186902,0.0392577835666356,0.0613654565641989,218.14687662124635,721.4579216003418,0.0162373145979702,0.066175334966325,0.1146087293910761
760,10X,Human Cardiac Niches,RV_10550730,CellCharter,Heart,0.0137740598419239,0.0570567975235516,0.5007137183251078,0.9410616705698672,0.1675354275562493,0.034386083209507,0.0570567975235516,166.5452015399933,340.9983795166016,0.1012490241998438,0.0680163091923069,0.0800012210473144
761,10X,Human Cardiac Niches,RV_10550730,DeepST,Heart,0.0242526171931579,0.0740886060798539,0.5053912179320442,0.9410616705698672,0.219108887690527,0.0445830281776304,0.0740886060798539,302.26325964927673,3602.357413291931,0.1280249804839968,0.0674073430596987,0.1123612994739573
762,10X,Human Cardiac Niches,RV_10550730,GraphST,Heart,0.1020132708889281,0.0731731007346063,0.7277895016028837,0.9410616705698672,0.1531385976533923,0.0480713393431118,0.0731731007346063,15.079113674163818,541.1115451812744,0.1124121779859484,0.0685017938794477,-0.0183765206633474
763,10X,Human Cardiac Niches,RV_10550730,PRECAST,Heart,0.0577858662702106,0.0660019492531127,0.5843807139009801,0.9410616705698672,0.1757870257498344,0.0406282205496356,0.0660019492531127,71.29496803283692,766.74,0.1288056206088993,0.0717986601619501,0.1477672043649694
764,10X,Human Cardiac Niches,RV_10550730,SEDR,Heart,0.0335237707634493,0.0559602891311429,0.5965495464373739,0.9410616705698672,0.1412232179688568,0.0348979415156415,0.0559602891311428,19.112721824645995,1252.8631553649902,0.0204527712724433,0.0655642657638265,0.1966133595573432
765,10X,Human Cardiac Niches,RV_10550730,STAGATE,Heart,0.0211880592565159,0.0328402549427185,0.5762622210896564,0.9410616705698672,0.085309501518795,0.0203339746417411,0.0328402549427185,40.92174935340881,277.4467561721802,0.0390320062451209,0.066562722272274,0.2479191949162245
766,10X,Human Cardiac Niches,RV_10550730,SpaGCN,Heart,0.0019752389146927,0.0221680782321142,0.4855158106203961,0.9410616705698672,0.0659189783339391,0.0133245070527156,0.0221680782321142,17.285664224624632,667.5998283386231,0.2029664324746292,0.0697975568563195,0.0723705978235941
767,10X,Human Cardiac Niches,RV_10550730,SpaceFlow,Heart,0.004776954371112,0.0216417149942385,0.5187105431489466,0.9410616705698672,0.0592449842157954,0.0132776947331999,0.0216417149942385,35.228139352798465,240.0137540817261,0.0393442622950819,0.0663942793290089,0.0993719216229016
768,10X,Human Cardiac Niches,RV_10550730,SpatialMGCN,Heart,-0.0162095606957777,0.0245864728729381,0.555153220807408,0.9410616705698672,0.0649164341109704,0.0151650433345922,0.0245864728729381,45.87197847366333,393.434635925293,0.0296643247462919,0.0659749719434783,0.1442679250586836
769,10X,Human Cardiac Niches,RV_10550730,stLearn,Heart,0.1650256631697829,0.095892955161761,0.7817427412217858,0.9414519906323184,0.1692849456663563,0.0668923629928709,0.095892955161761,262.43720574378966,3691.320642089844,0.1479313036690085,0.07003866773025,-0.0851622911668009
770,10X,Human Cardiac Niches,RV_8795940,BASS,Heart,0.3003873537290025,0.3840883056423653,0.6561920555722504,0.9053061224489796,0.5429846742668308,0.2971359116208791,0.3840883056423653,640.1083139419555,1408.6799999999998,0.1028571428571428,0.081676350269842,0.0853797619164763
771,10X,Human Cardiac Niches,RV_8795940,Banksy,Heart,0.4890067994231517,0.3850123420196871,0.8166107997963812,0.9036734693877552,0.4231864449373413,0.3531554768474054,0.3850123420196871,12.604625034332276,219.91414127349853,0.0244897959183673,0.0809445274324348,-0.2582348226186707
772,10X,Human Cardiac Niches,RV_8795940,BayesSpace,Heart,0.6756689201691822,0.524472665963296,0.9046019627013372,0.9093877551020408,0.4856582488586508,0.5700301949478105,0.524472665963296,608.0652739048004,2664.02,0.0677551020408163,0.0822851065073772,-0.1606891954603745
773,10X,Human Cardiac Niches,RV_8795940,CCST,Heart,0.4972572150099976,0.3231159564649529,0.8383946779424927,0.8604081632653061,0.2903919169120269,0.3641782209892947,0.3231159564649529,98.72516913414002,243.24357471466064,0.0073469387755101,0.0803833852260763,-0.1513644370292766
774,10X,Human Cardiac Niches,RV_8795940,CellCharter,Heart,0.165963783414049,0.2562748144898299,0.5407132002426873,0.8814693877551021,0.3951290138791374,0.1897380643404665,0.2562748144898299,63.902028751373294,192.95675716400143,0.2881632653061224,0.0851961603932117,-0.0237873224074167
775,10X,Human Cardiac Niches,RV_8795940,DeepST,Heart,0.1551719266365247,0.2416413613925777,0.5578350452986174,0.8271020408163265,0.3496589751868227,0.1850871532105004,0.2416413613925777,147.88589792251588,1799.6149768829346,0.1913469387755101,0.0824882713547,-0.0396657750935635
776,10X,Human Cardiac Niches,RV_8795940,GraphST,Heart,0.4431349343785072,0.3511335260643639,0.8665266241908632,0.8693877551020408,0.266731685058363,0.5136758470584509,0.3511335260643638,10.585307407379153,193.9107683181763,0.0514285714285714,0.0813745783368294,-0.1749575087430757
777,10X,Human Cardiac Niches,RV_8795940,PRECAST,Heart,0.2745036242195612,0.3675251507718832,0.6524347963146568,0.9093877551020408,0.4892053037889196,0.294319092115068,0.3675251507718831,28.45584602355957,410.6,0.12,0.0837324118135376,0.1236013525653844
778,10X,Human Cardiac Niches,RV_8795940,SEDR,Heart,0.2379082174759176,0.2627501424092995,0.6269778011956462,0.8814693877551021,0.3603504360154063,0.2088062273415386,0.2627501424092995,11.182979631423953,508.3186309814453,0.0816326530612244,0.0803150860285978,0.0424458168087458
779,10X,Human Cardiac Niches,RV_8795940,STAGATE,Heart,0.5806556233152742,0.4240016859127332,0.8459090169256547,0.9066122448979592,0.4408837617386166,0.4179225853915286,0.4240016859127332,23.664916038513184,137.22760848999025,0.1528163265306121,0.0841168445050154,-0.0515156628857232
780,10X,Human Cardiac Niches,RV_8795940,SpaGCN,Heart,0.1507766138220362,0.2700996258511516,0.5222046698450593,0.8848979591836734,0.4243874142608647,0.198085007407948,0.2700996258511516,15.119888544082642,305.18376941680907,0.3379591836734694,0.0854611813275937,-0.0062308038151578
781,10X,Human Cardiac Niches,RV_8795940,SpaceFlow,Heart,0.1129133600224776,0.1889293539219531,0.503138487020102,0.8597551020408163,0.2928177100513221,0.1394562598347226,0.1889293539219531,21.47658534049988,123.43588695526122,0.018938775510204,0.082985869334004,0.0890050208172924
782,10X,Human Cardiac Niches,RV_8795940,SpatialMGCN,Heart,0.1366830491584418,0.2143838590666168,0.5572985722174818,0.8571428571428571,0.3068988465121219,0.1647267907734562,0.2143838590666168,21.671853256225585,194.7761852264404,0.057142857142857,0.0829447907982398,-0.0570270325546834
783,10X,Human Cardiac Niches,RV_8795940,stLearn,Heart,0.4342110729892331,0.3725720756973905,0.7780563617755938,0.9077551020408164,0.4405327330100855,0.3227774399309804,0.3725720756973905,126.102632188797,1575.263837623596,0.113469387755102,0.0842359046001848,-0.1503804290986627
784,10X,Human Cardiac Niches,RV_9341982,BASS,Heart,0.3813867867764662,0.3597748311512336,0.7605905226447812,0.939297124600639,0.5323957554031714,0.2716851934616797,0.3597748311512335,616.0176239490509,774.38,0.0646964856230031,0.0806453773335296,-0.0409119704542431
785,10X,Human Cardiac Niches,RV_9341982,Banksy,Heart,0.371602957719884,0.2560796372689251,0.7760988783281267,0.8993610223642172,0.3569580919925267,0.199655749138634,0.2560796372689251,12.850541067123412,230.275830078125,0.0335463258785942,0.0761908774224177,-0.0477982051225056
786,10X,Human Cardiac Niches,RV_9341982,BayesSpace,Heart,0.135542177120028,0.1089645856785195,0.6862258800194991,0.8626198083067094,0.138895511894285,0.0896464562991076,0.1089645856785195,628.0856600284576,2607.3,0.0463258785942492,0.080453020081492,0.0392400469876364
787,10X,Human Cardiac Niches,RV_9341982,CCST,Heart,0.1928529134181255,0.1468488821012839,0.6942968778493468,0.869329073482428,0.1939166236330571,0.1186791652509393,0.1468488821012839,101.09797110557555,257.5865962982178,0.0158146964856229,0.0764495052700605,-0.0309985156479143
788,10X,Human Cardiac Niches,RV_9341982,CellCharter,Heart,0.1442232015571388,0.2617143523752568,0.5416649522355282,0.9170926517571886,0.4959194499022497,0.177774706134091,0.2617143523752568,111.5442111492157,220.0858030319214,0.1840255591054312,0.0840225693460604,0.0005760574649095
789,10X,Human Cardiac Niches,RV_9341982,DeepST,Heart,0.0882790776319755,0.1838397126904409,0.5055447333429868,0.8667731629392972,0.3458725450931541,0.1252722858697284,0.1838397126904409,146.68350572586058,1840.910189628601,0.1182108626198082,0.0788221271186035,-0.0223055792635998
790,10X,Human Cardiac Niches,RV_9341982,GraphST,Heart,0.3161091450046628,0.2846823378493353,0.7174699829660852,0.9049520766773164,0.4447889981697033,0.2093312624605209,0.2846823378493353,10.803643274307252,209.6513454437256,0.1405750798722044,0.0815730194453614,0.0320466903865633
791,10X,Human Cardiac Niches,RV_9341982,PRECAST,Heart,0.4686699041313474,0.421022503332031,0.7980483275623831,0.944888178913738,0.6320392184416269,0.3156406631662075,0.421022503332031,29.320560026168824,400.98,0.1357827476038338,0.0855413705377303,0.0508944037933821
792,10X,Human Cardiac Niches,RV_9341982,SEDR,Heart,0.1770878147127678,0.2152843521021898,0.6017575705607628,0.9039936102236424,0.3754918715927441,0.1509115067383477,0.2152843521021899,11.140874004364012,539.8388166427612,0.0528753993610223,0.0761635841761315,0.0303104941675352
793,10X,Human Cardiac Niches,RV_9341982,STAGATE,Heart,0.3017997729640983,0.2620331487215106,0.7288619443060262,0.9138977635782748,0.3914989996127882,0.1970267385872004,0.2620331487215105,23.755070972442628,167.95760974884033,0.0792332268370606,0.0803313789727079,-0.021890727768567
794,10X,Human Cardiac Niches,RV_9341982,SpaGCN,Heart,0.0502054912125444,0.109910405080721,0.4731620709411571,0.8450479233226836,0.2093836985916646,0.0745116598230159,0.109910405080721,10.308423185348513,338.8562112808228,0.1685303514376996,0.0824571837076844,-0.0127418950342927
795,10X,Human Cardiac Niches,RV_9341982,SpaceFlow,Heart,-0.008287693326763,0.0473633819330177,0.4369114041124328,0.8450479233226836,0.0898881334979413,0.032154225616425,0.0473633819330177,15.853438758850098,146.42529067993163,0.0274760383386581,0.0753890237864077,-0.0170825708266542
796,10X,Human Cardiac Niches,RV_9341982,SpatialMGCN,Heart,0.058917405646163,0.1178436097346064,0.5651988687230817,0.8450479233226836,0.1893027541887941,0.0855497678242219,0.1178436097346064,21.888030433654784,204.67713546752924,0.0319488817891373,0.0754747086496557,-0.1084497821483852
797,10X,Human Cardiac Niches,RV_9341982,stLearn,Heart,0.8839235578922573,0.6952021004603676,0.9682551169982896,0.9656549520766772,0.7348446026636272,0.6596178400820779,0.6952021004603675,129.19799919128417,1636.3081632614137,0.0982428115015974,0.0858914908362896,-0.1447593419008074
798,10X,Human Cardiac Niches,SAN_10659160,BASS,Heart,0.3195182518740165,0.4528177518240103,0.5226418026400425,0.7586613245345275,0.4977666807990057,0.4153143658907582,0.4528177518240102,1217.3648399829865,2402.86,0.0579778458637756,0.0584558632553495,-0.0217143076298101
799,10X,Human Cardiac Niches,SAN_10659160,Banksy,Heart,0.3202927804673663,0.4115129648022231,0.5222535929901464,0.7282583078010841,0.4489665389627112,0.379827121784217,0.411512964802223,22.36081118583679,660.0199598312378,0.0945086024039594,0.0595000619063123,0.012344365883919
800,10X,Human Cardiac Niches,SAN_10659160,BayesSpace,Heart,0.2518194474347843,0.4515255084148798,0.4507686322427431,0.755361772330898,0.5179860038901982,0.4001801602237697,0.4515255084148799,2148.853383922577,8401.380000000001,0.0577421635635163,0.0586225920975061,0.0769472247065354
801,10X,Human Cardiac Niches,SAN_10659160,CCST,Heart,0.242058332792785,0.4397577640647682,0.4381399020224619,0.7597925995757718,0.5144915046619902,0.3841163259688757,0.4397577640647682,466.25384402275085,1635.397904777527,0.0308272448739099,0.0562093092909612,0.0408317651735454
802,10X,Human Cardiac Niches,SAN_10659160,CellCharter,Heart,0.2131370471196789,0.4127067339904858,0.4070372175840225,0.7236860711760547,0.4982326694544089,0.3523269574210912,0.4127067339904858,216.84607682228088,465.57093143463135,0.1307094037237803,0.0584423017836302,0.0225284085946943
803,10X,Human Cardiac Niches,SAN_10659160,DeepST,Heart,0.2283537493072283,0.4051186076924397,0.4324620658630201,0.7144944614659439,0.4612335967351947,0.361453054733201,0.4051186076924397,452.5777769088745,5880.914683723449,0.080179118548197,0.056828560379034,-0.0595777141863955
804,10X,Human Cardiac Niches,SAN_10659160,GraphST,Heart,0.3350706377685841,0.4266280920236575,0.5437350425575082,0.7442847042187132,0.4468914467743535,0.4081226279953179,0.4266280920236575,27.95559320449829,1156.318486213684,0.227669102050436,0.0599727327638821,-0.1664967755827238
805,10X,Human Cardiac Niches,SAN_10659160,PRECAST,Heart,0.3353010466857246,0.4088618041523054,0.5329890311610436,0.7148244166863068,0.4465528627205049,0.3770381022344933,0.4088618041523054,178.71856799125672,901.18,0.0989865661088852,0.0626498608258469,-0.0534937882282612
806,10X,Human Cardiac Niches,SAN_10659160,SEDR,Heart,0.2936173844802827,0.4371490308575121,0.4846751244591223,0.7590855526749941,0.5011269475491381,0.3876992851378226,0.4371490308575121,22.779470109939574,2241.673878479004,0.0606174876266792,0.0572767915904021,-0.0404389977155465
807,10X,Human Cardiac Niches,SAN_10659160,STAGATE,Heart,0.2505035744622363,0.431232332005225,0.4506181373344374,0.7491868960641056,0.4955714237631826,0.3816807202131155,0.4312323320052251,64.37721266746522,414.7206100463867,0.0776808861654489,0.0582719377457397,0.0361978733589332
808,10X,Human Cardiac Niches,SAN_10659160,SpaGCN,Heart,0.2161698849195939,0.3902254673431655,0.4089853510724747,0.7277869432005656,0.46932641182173,0.3339423467587647,0.3902254673431655,42.88998527526856,1026.6959861755372,0.3028517558331369,0.0601533084171064,-0.058150246978849
809,10X,Human Cardiac Niches,SAN_10659160,SpaceFlow,Heart,0.1902967462332818,0.4008785508962173,0.382055808969146,0.7299080839028989,0.4949471420327619,0.3368586265591904,0.4008785508962173,37.43720479011536,346.84174060821533,0.0459109120905019,0.056112723115697,0.0331686110702088
810,10X,Human Cardiac Niches,SAN_10659160,SpatialMGCN,Heart,0.2704674648036243,0.4367865792780313,0.4654410945123002,0.7423992458166392,0.5072435866935147,0.383515601943067,0.4367865792780313,66.67281646728516,568.8982732772827,0.0483148715531463,0.0562568294753044,0.0429514194833685
811,10X,Human Cardiac Niches,SAN_10659160,stLearn,Heart,0.2646979062438861,0.3728823764600703,0.4730315169731863,0.7079896299787886,0.3970288369644915,0.3515046042353059,0.3728823764600703,430.74777126312256,7211.467205619812,0.3016733443318407,0.0622542684335388,-0.1300360654842053
812,10X,Human Cardiac Niches,SAN_11702008,BASS,Heart,0.2150775462330931,0.4233594662544451,0.4309137222014872,0.7814888196999717,0.5330502374277465,0.3511085506982044,0.4233594662544451,1111.616532087326,2207.52,0.0379281064251344,0.059022080632538,0.2229498579044423
813,10X,Human Cardiac Niches,SAN_11702008,Banksy,Heart,0.2492567697567111,0.4218236404721878,0.4703809535184005,0.7964902349278233,0.5076120946459115,0.3608402151585034,0.4218236404721878,20.004516506195067,687.0690982818603,0.0628361166147749,0.0589899877567805,0.1969269564939429
814,10X,Human Cardiac Niches,SAN_11702008,BayesSpace,Heart,0.1958148785150082,0.3860570313040992,0.4155867255123718,0.7446928955561846,0.4828826282424291,0.3215759684442382,0.3860570313040992,1804.3243740558623,6992.7,0.0291536937446928,0.0579272708958992,0.2403173474596377
815,10X,Human Cardiac Niches,SAN_11702008,CCST,Heart,0.3702965563721813,0.4092530065169974,0.6070400952983552,0.7451457684687235,0.404877943637465,0.4156053036318131,0.4092530065169974,340.10972876548766,1241.9539304733275,0.0126238324370223,0.0572681353699556,0.0187938644263186
816,10X,Human Cardiac Niches,SAN_11702008,CellCharter,Heart,0.1795292559196576,0.3938576059558883,0.3999819111278914,0.7678460232097368,0.4963561714248791,0.3264479027936948,0.3938576059558883,299.1901708602905,616.0943241119385,0.0567223322954995,0.0584201956450307,0.1741022584377828
817,10X,Human Cardiac Niches,SAN_11702008,DeepST,Heart,0.2182240501956768,0.4153381635453959,0.4345799975857637,0.7875459949051797,0.5189182528342637,0.346355707632778,0.4153381635453958,345.1842106342316,2778.550475120545,0.0678743277667703,0.0578377882998691,0.1236102691109532
818,10X,Human Cardiac Niches,SAN_11702008,GraphST,Heart,0.2475007861735659,0.4277249005374958,0.4749862457453622,0.7721483158788565,0.5040935509779033,0.3714511701654018,0.4277249005374958,21.51738486289978,953.8667499542236,0.0625530710444381,0.0581285540244555,0.1610192138892523
819,10X,Human Cardiac Niches,SAN_11702008,PRECAST,Heart,0.2299087842039021,0.3882837879621513,0.4529423834558688,0.7673365411831304,0.4720705750255244,0.3297560913244989,0.3882837879621513,134.65826597213746,871.5200000000001,0.0939711293518256,0.0631388412064808,0.1131859164132959
820,10X,Human Cardiac Niches,SAN_11702008,SEDR,Heart,0.1892207104048038,0.3665903522966308,0.4116743363873235,0.7339937729974526,0.4558545950648898,0.3065766601633735,0.3665903522966308,21.679858875274657,1719.2912231445312,0.0162468157373336,0.0571235997605365,0.1581016384893792
821,10X,Human Cardiac Niches,SAN_11702008,STAGATE,Heart,0.2084352096961692,0.4214177268019387,0.4254514576551444,0.7795641098216812,0.529712990151779,0.3498875181070772,0.4214177268019387,54.28558955192566,593.5748294830322,0.0359467874327766,0.0581875694620625,0.2235052056481112
822,10X,Human Cardiac Niches,SAN_11702008,SpaGCN,Heart,0.2120325217931883,0.4148401980185515,0.4351959402069708,0.7594112652136994,0.5026141960023663,0.3531652135331098,0.4148401980185515,18.73025412559509,858.6439111709594,0.0645343900367959,0.0584652944041299,0.1387788236248424
823,10X,Human Cardiac Niches,SAN_11702008,SpaceFlow,Heart,0.1398974130730263,0.3290030797669288,0.3714696779727523,0.7091423719218795,0.4069217246763328,0.2762574274778729,0.3290030797669288,68.56087174415589,539.4010877609253,0.0478347013869232,0.0576410644557324,0.1098604308864617
824,10X,Human Cardiac Niches,SAN_11702008,SpatialMGCN,Heart,0.2127058700926455,0.4042848134264097,0.429017178873199,0.7721483158788565,0.5083941960210133,0.3355671050118244,0.4042848134264099,66.02365622520446,644.6338171005249,0.0220775544862722,0.0577127518714767,0.2160202328116979
825,10X,Human Cardiac Niches,SAN_11702008,stLearn,Heart,0.3201643952237113,0.3120545764087105,0.6210183390466035,0.6388338522502123,0.2522484876433463,0.4090330167376037,0.3120545764087105,361.4135498046875,5095.352144050598,0.0574582507783753,0.058360599657381,-0.0269944745045745
826,10X,Human Cardiac Niches,SAN_11702009,BASS,Heart,0.2352871720398342,0.4424515862174255,0.4319502557675692,0.7370668006027122,0.5169314106435486,0.3867311086471078,0.4424515862174255,1177.444060087204,2557.2,0.0323957810145655,0.0562891386957019,0.1086271541858782
827,10X,Human Cardiac Niches,SAN_11702009,Banksy,Heart,0.2338879850899628,0.406690449655504,0.4344896070814582,0.7240080361627323,0.4751227291688488,0.3554890917769212,0.406690449655504,21.47685732841492,731.0384138107299,0.1024610748367654,0.0574018608880273,0.0737345326857624
828,10X,Human Cardiac Niches,SAN_11702009,BayesSpace,Heart,0.2218801334430026,0.4198772122492695,0.4279876487177382,0.7265193370165746,0.4855141529731098,0.3698737630919135,0.4198772122492695,2040.485710000992,7872.1,0.0517327975891511,0.0578493856447615,0.0106738862282749
829,10X,Human Cardiac Niches,SAN_11702009,CCST,Heart,0.3455762438513369,0.4082035381066408,0.5615223242622815,0.7025615268709191,0.404486460194495,0.414289161151354,0.4082035381066408,414.2922303676605,1495.0593523025514,0.0202913108990456,0.056016862258283,-0.0075665103145515
830,10X,Human Cardiac Niches,SAN_11702009,CellCharter,Heart,0.197295173595965,0.4279416664419401,0.39097129937504,0.7259668508287292,0.5261748505326377,0.360626745178827,0.4279416664419401,320.2245617389679,572.0198287963867,0.0403314917127071,0.0566348101905181,0.1408716896716255
831,10X,Human Cardiac Niches,SAN_11702009,DeepST,Heart,0.2058199636813724,0.4074029925319609,0.4001439592586207,0.7253641386238071,0.4963240347056502,0.345553032066246,0.407402992531961,375.26469593048097,3106.904026794434,0.0871923656454042,0.056585120438075,0.0569190812215426
832,10X,Human Cardiac Niches,SAN_11702009,GraphST,Heart,0.202062479954767,0.386001382476627,0.4048638399868932,0.7069311903566047,0.4536964261590787,0.3358847580980502,0.386001382476627,23.78742008209229,1102.5507974624634,0.0821195379206428,0.0574381155585837,0.0839119026817676
833,10X,Human Cardiac Niches,SAN_11702009,PRECAST,Heart,0.1541226721679064,0.3577538025652868,0.3638376569977735,0.7044198895027625,0.4224646564348169,0.310233856366414,0.3577538025652869,182.8477180480957,1043.86,0.0542440984429934,0.0598455489703188,0.0615725466147381
834,10X,Human Cardiac Niches,SAN_11702009,SEDR,Heart,0.1433435892818516,0.3681155739316234,0.3494073921376912,0.6831240582621798,0.4419280164384795,0.3154897511088825,0.3681155739316234,25.618391227722167,1879.4190019607545,0.0185836263184329,0.0559074726387798,0.1003076265884152
835,10X,Human Cardiac Niches,SAN_11702009,STAGATE,Heart,0.1811420188081459,0.3916395240083131,0.3782872263669125,0.7147664490205926,0.4783143034910623,0.3315710933999828,0.3916395240083131,60.628909301757815,549.7981142044067,0.0369663485685584,0.0568557786295946,0.1491218455652825
836,10X,Human Cardiac Niches,SAN_11702009,SpaGCN,Heart,0.2067413407189889,0.4226397737306578,0.4017548447072637,0.7227523857358111,0.5152855388991916,0.358231533908267,0.4226397737306577,30.46496253013611,937.9171743392944,0.0791059768960321,0.0563774895125,0.0993014732415321
837,10X,Human Cardiac Niches,SAN_11702009,SpaceFlow,Heart,0.1720459755739497,0.4082415845307,0.3666670068238976,0.6962832747363134,0.5041823952957053,0.3430218204583878,0.4082415845307,52.203839015960696,494.9183557510376,0.0237066800602711,0.0561889668477566,0.128152030733054
838,10X,Human Cardiac Niches,SAN_11702009,SpatialMGCN,Heart,0.1288662092987028,0.363507181657494,0.325560769594928,0.6850828729281768,0.450833456428586,0.3045214824563967,0.363507181657494,74.32626972198486,601.325200843811,0.052737317930688,0.0562867869292309,0.1072975744338977
839,10X,Human Cardiac Niches,SAN_11702009,stLearn,Heart,0.2844433709163343,0.2773654944700319,0.5903028596354876,0.5853842290306379,0.2110776089359229,0.4043494524234367,0.2773654944700319,407.1774181842804,5800.862752914429,0.0419387242591662,0.0563276845364504,-0.0053493985250425
840,10X,Human Cardiac Niches,SAN_11702010,BASS,Heart,0.1172455055435195,0.3124225315872282,0.3753654837203675,0.736370819067685,0.4019537286061293,0.2555101793047893,0.3124225315872281,1107.5996661186218,2299.58,0.0326573610745325,0.0587966688761929,0.0718466621013553
841,10X,Human Cardiac Niches,SAN_11702010,Banksy,Heart,0.1889181848624691,0.3538031914792759,0.4322493454516659,0.7545430603107717,0.4750606740938153,0.2818595757145309,0.3538031914792759,21.711344242095947,730.706901550293,0.1445878324993416,0.0608621728896588,0.0337851014775231
842,10X,Human Cardiac Niches,SAN_11702010,BayesSpace,Heart,0.1342035287408966,0.3548706910543302,0.3711354237862062,0.7927311035027653,0.4941894185611842,0.2768288641038408,0.3548706910543301,1950.619629955292,8156.639999999999,0.0271266789570713,0.0580696066592572,0.2159042559008344
843,10X,Human Cardiac Niches,SAN_11702010,CCST,Heart,0.3697891834594345,0.3399585263578326,0.6286754446549219,0.7235185672899658,0.355557975831522,0.3263846300205261,0.3399585263578326,383.3682014465332,1374.8337480545044,0.0157492757440083,0.0572485380877534,0.0092120966477458
844,10X,Human Cardiac Niches,SAN_11702010,CellCharter,Heart,0.0934880355015362,0.3010076549613285,0.3312762314592822,0.7334211219383724,0.4212900972409631,0.2341610340857856,0.3010076549613285,337.800444316864,627.7997978210449,0.0614695812483539,0.0582004741687423,0.1203207724040973
845,10X,Human Cardiac Niches,SAN_11702010,DeepST,Heart,0.1283923799507412,0.3197085178683936,0.365141453725241,0.7490650513563339,0.4452166716557295,0.2494571314471815,0.3197085178683936,368.2745032787323,2983.0512310028075,0.1222017382143797,0.0588528164469161,0.0444544635095122
846,10X,Human Cardiac Niches,SAN_11702010,GraphST,Heart,0.141848981696187,0.3354301819979238,0.384224433053726,0.7479589149328417,0.4552432942421786,0.2655432394432264,0.3354301819979238,22.09761152267456,1058.675305747986,0.1098235449038714,0.0597389920467451,0.1018576619536499
847,10X,Human Cardiac Niches,SAN_11702010,PRECAST,Heart,0.1103959753312211,0.3224459187874758,0.3647976019244495,0.7429549644456149,0.4276509580815325,0.2587834363844981,0.3224459187874758,140.453537940979,1019.56,0.0750592573084013,0.0628487091648504,0.0954564431187273
848,10X,Human Cardiac Niches,SAN_11702010,SEDR,Heart,0.0774789441843069,0.2905793656625928,0.3173229245129502,0.7377403213062944,0.4058423181830718,0.2263158395552356,0.2905793656625928,23.4031665802002,1843.3620162963864,0.0233868843824071,0.0576489302731517,0.1034447955387371
849,10X,Human Cardiac Niches,SAN_11702010,STAGATE,Heart,0.0835038996158248,0.3132735695446386,0.3199796595052532,0.7748749012378193,0.440581047650013,0.2430471394718941,0.3132735695446386,60.7024160861969,617.2419206619263,0.0391888332894389,0.0587933531931169,0.1580716419764262
850,10X,Human Cardiac Niches,SAN_11702010,SpaGCN,Heart,0.1190371125846581,0.3069552778750612,0.3505650783930898,0.7366341848828022,0.435542164829279,0.2369882667960625,0.3069552778750612,32.19184274673462,890.78853931427,0.1274690545167237,0.0586129237826342,0.0943060758989085
851,10X,Human Cardiac Niches,SAN_11702010,SpaceFlow,Heart,0.0890152886303981,0.2498360204179587,0.3217722057994254,0.7190413484329734,0.3534519549648458,0.1932030534081629,0.2498360204179587,23.880770015716557,562.3703374862671,0.1147748222280747,0.0579863560630845,0.0289015891787628
852,10X,Human Cardiac Niches,SAN_11702010,SpatialMGCN,Heart,0.0702298212262276,0.2555589332774454,0.2998354934237658,0.7295233078746379,0.3642846381889597,0.1968164013807954,0.2555589332774454,76.87116112709046,658.0843128204345,0.0726889649723465,0.0577698998617468,0.1064789922316876
853,10X,Human Cardiac Niches,SAN_11702010,stLearn,Heart,0.2777741590569284,0.2226979723075017,0.6404912107215588,0.6615749275744008,0.1730217139523373,0.312387551497578,0.2226979723075017,384.9258929252625,5486.898503875733,0.0210692652093758,0.0581869854944791,0.023875530347764
854,10X,Human Cardiac Niches,SAN_12992072,BASS,Heart,0.1762167996230043,0.3672377440673935,0.4060200028888487,0.7569700157811678,0.4581982736922865,0.3064099115773301,0.3672377440673934,1112.8129379749298,2251.42,0.042872172540768,0.0599298081314591,0.1178364010369315
855,10X,Human Cardiac Niches,SAN_12992072,Banksy,Heart,0.136126562595149,0.3068614103721527,0.3662360454161135,0.6799053129931615,0.3891786457528528,0.253287277579881,0.3068614103721527,19.77051978111267,658.2908781051635,0.0410310362966859,0.0602624817882595,0.2287138985734417
856,10X,Human Cardiac Niches,SAN_12992072,BayesSpace,Heart,0.166612251745152,0.3677306640389437,0.3978684947002153,0.7609153077327723,0.4585282456515865,0.3069487868316902,0.3677306640389437,1973.701154088974,7820.539999999999,0.0289321409784323,0.0600750949033132,0.1102350727927027
857,10X,Human Cardiac Niches,SAN_12992072,CCST,Heart,0.2537628711498126,0.3704449881852162,0.4783612122321381,0.751814834297738,0.4485583001022545,0.3157562687871147,0.3704449881852162,389.5558211326599,1380.4224782943725,0.0215675960021041,0.0597274010539563,0.0973189227702824
858,10X,Human Cardiac Niches,SAN_12992072,CellCharter,Heart,0.1676250771061927,0.3366611975148538,0.3980945677834083,0.7193582325092056,0.4213692280844927,0.2803296475953592,0.3366611975148538,293.29117312431333,524.7042705535889,0.0710678590215675,0.061049344202075,0.0937347723288212
859,10X,Human Cardiac Niches,SAN_12992072,DeepST,Heart,0.1196957345957985,0.3075216604239982,0.3599791833304249,0.7039452919516045,0.3827602665326564,0.2570137512153012,0.3075216604239982,408.8750051498413,5303.00538520813,0.0409258285113097,0.0596938808510291,0.0640362576198297
860,10X,Human Cardiac Niches,SAN_12992072,GraphST,Heart,0.1899560458683409,0.3724424297475715,0.4234359795449346,0.7590741714886902,0.4574368494154431,0.3140838321143942,0.3724424297475716,23.083037281036376,1017.84073677063,0.0704892162019989,0.0605907834488117,0.0959820836234605
861,10X,Human Cardiac Niches,SAN_12992072,PRECAST,Heart,0.1977263104673291,0.3751680562200858,0.427312000874379,0.7548658600736454,0.4637894280044637,0.3149811304673461,0.3751680562200858,120.13762798309328,1045.86,0.0502367175170962,0.0616105601171546,0.0903755548386332
862,10X,Human Cardiac Niches,SAN_12992072,SEDR,Heart,0.1267164359706457,0.3322789381597059,0.3659585765980374,0.7301420305102577,0.4137645197482449,0.27763595542488,0.3322789381597059,23.51923017501831,2085.0506483078,0.021462388216728,0.0594047190273744,0.0973148980344614
863,10X,Human Cardiac Niches,SAN_12992072,STAGATE,Heart,0.1412834348398585,0.3529494993692576,0.3795073456256394,0.7248816412414518,0.4373119038807329,0.295872377137004,0.3529494993692576,57.32514982223511,495.9484516143799,0.0337190952130457,0.0600056362014555,0.145302005391815
864,10X,Human Cardiac Niches,SAN_12992072,SpaGCN,Heart,0.159837980937699,0.3210768081015085,0.3889378029323761,0.7033140452393477,0.4055135808732556,0.2657432640265751,0.3210768081015084,28.25008773803711,963.407184791565,0.0760126249342451,0.0606979913644235,0.1346733765328584
865,10X,Human Cardiac Niches,SAN_12992072,SpaceFlow,Heart,0.1907887194468168,0.3433979391583973,0.4179233289580598,0.7122041031036297,0.4266233245163994,0.287624057335441,0.3433979391583974,68.73787693977356,455.6335126876831,0.0334560757496054,0.0595931684208643,0.114947619717686
866,10X,Human Cardiac Niches,SAN_12992072,SpatialMGCN,Heart,0.0564266694338843,0.3338137578881338,0.3432373974780781,0.7096265123619148,0.3963466036039487,0.2883239800155817,0.3338137578881338,63.147724866867065,563.9367139816284,0.0294581799053129,0.0603919329457599,-0.0070924769763175
867,10X,Human Cardiac Niches,SAN_12992072,stLearn,Heart,0.2372143262156953,0.3137925081861505,0.4658322946125134,0.6925302472382956,0.3829185238832919,0.2658077988328333,0.3137925081861505,387.6029207229614,6384.978471565247,0.2256706996317727,0.0657387620793044,-0.0346359871575505
868,10X,Human Cardiac Niches,SAN_13228105,BASS,Heart,0.2532603740464891,0.3851729686331781,0.4471225798550701,0.7594670406732118,0.4788066423062398,0.3221704877701994,0.3851729686331781,1006.1829999923706,1801.86,0.0894109396914446,0.056610890186786,0.0470107140325378
869,10X,Human Cardiac Niches,SAN_13228105,Banksy,Heart,0.312613085129417,0.4141148163806557,0.5005674343299467,0.7938288920056101,0.5022750357519886,0.3522816979476914,0.4141148163806556,18.5773099899292,492.26253299713136,0.1507713884992987,0.0587397724360257,-0.0975448528078458
870,10X,Human Cardiac Niches,SAN_13228105,BayesSpace,Heart,0.2722517247620019,0.3995684849953748,0.4693064107402087,0.7812061711079944,0.4813906524022963,0.3415201623721501,0.3995684849953748,1443.1178320407869,5693.68,0.0448807854137447,0.0565758626108045,0.0975739897047344
871,10X,Human Cardiac Niches,SAN_13228105,CCST,Heart,0.2386456448932958,0.3487126793582676,0.4516098333328487,0.7047685834502103,0.4006454395365158,0.30896198247571,0.3487126793582676,251.85726661682128,858.7870203018189,0.0357643758765778,0.0551857343803577,-0.0049039043092218
872,10X,Human Cardiac Niches,SAN_13228105,CellCharter,Heart,0.1895226877601493,0.332997558832273,0.3976906403601054,0.7002805049088359,0.4079219894262846,0.2813596652192295,0.332997558832273,225.97536058425905,360.21181240081785,0.0753856942496493,0.0568456391110726,0.0439811690965558
873,10X,Human Cardiac Niches,SAN_13228105,DeepST,Heart,0.2927384096900433,0.4282135000365024,0.4873105576483472,0.7934782608695652,0.512537415229743,0.3680205435011087,0.4282135000365024,319.6486989021301,3993.847327041626,0.076297335203366,0.0560163650099841,-0.0517864518119213
874,10X,Human Cardiac Niches,SAN_13228105,GraphST,Heart,0.3724021580357861,0.4432690009702937,0.5551599890052662,0.8022440392706873,0.5069460304663435,0.3938036792370114,0.4432690009702937,17.635620450973512,631.5267063140869,0.1227208976157081,0.0584913284768831,-0.1029881755772449
875,10X,Human Cardiac Niches,SAN_13228105,PRECAST,Heart,0.2743580534559772,0.3954279163795911,0.4692658591465517,0.7738429172510519,0.4807872921135338,0.3358082418202258,0.3954279163795911,107.5113639831543,1046.02,0.114656381486676,0.0620028431818677,0.0256718201483315
876,10X,Human Cardiac Niches,SAN_13228105,SEDR,Heart,0.287237719768455,0.3629925336028695,0.4882096911084955,0.7253155680224405,0.429913598610941,0.3142172840260433,0.3629925336028695,19.816968774795534,1444.2311403274537,0.0316269284712482,0.0549203792581422,0.0090588395493053
877,10X,Human Cardiac Niches,SAN_13228105,STAGATE,Heart,0.4206639210853264,0.4212588916424309,0.598251652997405,0.7724403927068724,0.4791819230076242,0.3758584406561711,0.4212588916424308,44.87446465492248,308.3455167770386,0.0781206171107993,0.0565605376370543,-0.0512125568422883
878,10X,Human Cardiac Niches,SAN_13228105,SpaGCN,Heart,0.239828119954594,0.3845287237365736,0.4396799565330912,0.7542075736325385,0.4699942262222906,0.3253634253435131,0.3845287237365736,23.988999700546263,730.9554595947266,0.1718092566619916,0.0598804191689896,-0.0489807466918869
879,10X,Human Cardiac Niches,SAN_13228105,SpaceFlow,Heart,0.1810491238700329,0.304268145552368,0.3883451697820602,0.6842215988779803,0.374758027544525,0.2561073850832892,0.304268145552368,48.446233129501344,263.72799453735354,0.0201262272089761,0.0548228770909432,0.1332295705796728
880,10X,Human Cardiac Niches,SAN_13228105,SpatialMGCN,Heart,0.4819657612916847,0.440647679852517,0.6567785810923,0.791374474053296,0.4784875604135569,0.4083541113688328,0.440647679852517,51.63405475616455,421.677472114563,0.046984572230014,0.0554085718990402,-0.0963619137065799
881,10X,Human Cardiac Niches,SAN_13228105,stLearn,Heart,0.3871164932934978,0.5005158669143381,0.5656390934707778,0.8085553997194952,0.5613157884523792,0.4516000061697108,0.5005158669143382,288.6659209251404,4407.964728355408,0.1812762973352033,0.0591331033636943,-0.176500755564315
882,10X,Human Cardiac Niches,SAN_13228106,BASS,Heart,0.2300331370968832,0.4084457417370414,0.4991524505098235,0.8551020408163266,0.5499253027742744,0.3248670351454754,0.4084457417370414,1096.6719660282135,2103.18,0.0536443148688045,0.0593371092622927,0.1299504801178244
883,10X,Human Cardiac Niches,SAN_13228106,Banksy,Heart,0.1438439516828187,0.3061811984475065,0.4049604990706951,0.7909620991253644,0.4437443326978611,0.2337251442906778,0.3061811984475065,19.6431426525116,580.2761308670044,0.0527696793002915,0.0587757874906616,0.1314932970812068
884,10X,Human Cardiac Niches,SAN_13228106,BayesSpace,Heart,0.2046782542412329,0.3907509810747723,0.473721533217221,0.8416909620991253,0.5354127441373947,0.3076325503112723,0.3907509810747723,1726.497056055069,7091.08,0.078134110787172,0.0600261391866385,0.069396167524312
885,10X,Human Cardiac Niches,SAN_13228106,CCST,Heart,0.2776897409902957,0.3579064583606114,0.551847755427773,0.8082798833819241,0.4515866362324898,0.2967260855727667,0.3579064583606114,330.98784828186035,1147.0088397979737,0.0218658892128279,0.0581407900909967,0.0347045685255725
886,10X,Human Cardiac Niches,SAN_13228106,CellCharter,Heart,0.1248493516717084,0.3158777188843921,0.385134328739121,0.7970845481049562,0.458419147302905,0.240978118170387,0.3158777188843921,228.33691391944885,432.5602369308472,0.0593002915451894,0.0585197979827777,0.1412231159197601
887,10X,Human Cardiac Niches,SAN_13228106,DeepST,Heart,0.1474747204193149,0.3415313372083302,0.4121884987031466,0.8029737609329446,0.4851066910140936,0.26358469783023,0.3415313372083302,362.3823670387268,4778.156548118592,0.0662973760932944,0.058579336576115,0.0986260699759951
888,10X,Human Cardiac Niches,SAN_13228106,GraphST,Heart,0.1478949759924636,0.3377279969882346,0.4113400556829624,0.8061224489795918,0.4858800438274636,0.2588122847312928,0.3377279969882345,20.55598201751709,835.5483860015869,0.117201166180758,0.0595505371982249,0.0724748261551395
889,10X,Human Cardiac Niches,SAN_13228106,PRECAST,Heart,0.1945543804870912,0.3731178542817928,0.4620071789326923,0.8131195335276968,0.5184884553122842,0.2914132119877436,0.3731178542817928,140.17705197334288,782.6,0.1253644314868804,0.0659533526348893,0.0909448537373004
890,10X,Human Cardiac Niches,SAN_13228106,SEDR,Heart,0.1554643863303946,0.3178553734366267,0.4232575558173931,0.8031486880466472,0.4503688222118861,0.2456383029043869,0.3178553734366267,25.00407929420471,1764.549427986145,0.0243731778425655,0.0579219134659898,0.0993557297083349
891,10X,Human Cardiac Niches,SAN_13228106,STAGATE,Heart,0.1558632599379565,0.3361793311200139,0.4227023945670535,0.8100291545189504,0.4762544871498903,0.2598159151038529,0.3361793311200139,52.60997858047485,370.0535167694092,0.0669970845481049,0.0587923753174731,0.1047733293701495
892,10X,Human Cardiac Niches,SAN_13228106,SpaGCN,Heart,0.1394714264470207,0.3081486383843501,0.4082804966681069,0.7629737609329446,0.4331370518678764,0.239140840281966,0.3081486383843501,20.548439979553223,768.2523860931396,0.1026239067055393,0.0599141900066155,0.0386706436518607
893,10X,Human Cardiac Niches,SAN_13228106,SpaceFlow,Heart,0.113613464177113,0.3060922522711264,0.3755446390493702,0.7964431486880466,0.4440523516310148,0.2335394330334754,0.3060922522711264,45.12656283378601,313.87543258666994,0.0193002915451894,0.058127232257359,0.195964931710816
894,10X,Human Cardiac Niches,SAN_13228106,SpatialMGCN,Heart,0.1188998782335754,0.3020413251040139,0.3805765787035238,0.7577259475218658,0.4376257848831388,0.2305978882908289,0.3020413251040139,58.83894677162171,482.6986267089844,0.0568513119533527,0.0578973916158395,0.1100597911821375
895,10X,Human Cardiac Niches,SAN_13228106,stLearn,Heart,0.3687961760249337,0.5754600810612875,0.613012466030535,0.9201166180758016,0.7423110980129364,0.4698506433606259,0.5754600810612875,345.94625597000123,5397.887987327576,0.2335276967930029,0.0642123504609906,-0.1380560363705502
896,10X,Human Cardiac Niches,SAN_13233996,BASS,Heart,0.2223592474068564,0.348185382231864,0.4094392895421437,0.6294233289646134,0.3919500979173991,0.3132124279427233,0.348185382231864,1071.215885925293,1870.34,0.0396461336828309,0.0569109213822275,0.197186661835939
897,10X,Human Cardiac Niches,SAN_13233996,Banksy,Heart,0.1598436352060082,0.2947527342124065,0.3768466462544556,0.6231979030144168,0.3227553345611541,0.2712212836125198,0.2947527342124065,18.96512985229492,527.6071460723876,0.0589777195281781,0.0567029700366774,0.0940268544372757
898,10X,Human Cardiac Niches,SAN_13233996,BayesSpace,Heart,0.1982253471797688,0.307473222199225,0.3863136279271558,0.6248361730013107,0.3494991752832411,0.2744693246853598,0.307473222199225,1529.7785759449005,6316.08,0.0403014416775884,0.0569569583224532,0.1642208877568226
899,10X,Human Cardiac Niches,SAN_13233996,CCST,Heart,0.2043793448825453,0.312127349153062,0.4233261001600822,0.6041939711664482,0.3251319869867353,0.3004119213261919,0.3121273491530619,281.0873095035553,938.2636678695678,0.025229357798165,0.0561522643614171,0.0828983074969471
900,10X,Human Cardiac Niches,SAN_13233996,CellCharter,Heart,0.2198196018312717,0.349431955305181,0.4040745758323116,0.6430537352555701,0.3968279943073739,0.3121573910394389,0.349431955305181,201.35137495994567,358.94303569793703,0.0628440366972476,0.056993142831601,0.1426594664570104
901,10X,Human Cardiac Niches,SAN_13233996,DeepST,Heart,0.2445876496238449,0.3622311772365812,0.4273496319978222,0.6425294888597641,0.4064750041394422,0.3267677809518293,0.3622311772365812,338.6700581073761,4262.977981948852,0.04305373525557,0.055771677589041,0.1524250885495563
902,10X,Human Cardiac Niches,SAN_13233996,GraphST,Heart,0.2356092731355092,0.3190790784825553,0.4299293937003858,0.6153342070773263,0.3453074129084995,0.2965538898868288,0.3190790784825553,17.34160146713257,695.3263109207153,0.1241808650065529,0.0579985887540841,0.0673212746643339
903,10X,Human Cardiac Niches,SAN_13233996,PRECAST,Heart,0.2977667547271153,0.3752711927302778,0.4837651007448306,0.6831585845347313,0.4058245471556075,0.3489962743268358,0.3752711927302778,105.46067805290222,1021.76,0.1422018348623853,0.0617920075110261,0.0082500951925628
904,10X,Human Cardiac Niches,SAN_13233996,SEDR,Heart,0.146762058838653,0.2890049875725561,0.3744945363773471,0.6040629095674968,0.3124758810980246,0.2688147549647041,0.2890049875725561,19.679234123229985,1445.7740535736084,0.0272608125819134,0.0555829051411725,0.0960268283227292
905,10X,Human Cardiac Niches,SAN_13233996,STAGATE,Heart,0.2121882608662994,0.3270129729718413,0.403319207068446,0.6238532110091743,0.3663730101994619,0.2952896968576778,0.3270129729718414,46.80945372581482,321.25085258483887,0.0464613368283092,0.0572538609639534,0.1983736490462148
906,10X,Human Cardiac Niches,SAN_13233996,SpaGCN,Heart,0.2642007821148247,0.3696028039010284,0.4398705115171564,0.7205111402359109,0.4183444207723795,0.3310338105883617,0.3696028039010284,20.99871277809143,761.6527338027954,0.096002621231979,0.0578391457160106,0.0737771045033912
907,10X,Human Cardiac Niches,SAN_13233996,SpaceFlow,Heart,0.2851131761346864,0.3738434993600378,0.4599993641023833,0.6521625163826998,0.4170106522203154,0.3388927169801836,0.3738434993600378,30.25146560668945,273.8903812408447,0.0239842726081257,0.0554268436348458,0.1721273697826777
908,10X,Human Cardiac Niches,SAN_13233996,SpatialMGCN,Heart,0.272761402045219,0.3530792975776957,0.4625527111153532,0.6792267365661862,0.3843681598866437,0.326501015638193,0.3530792975776958,56.30770130157471,440.56781787872313,0.0540629095674966,0.0563764041185429,0.0082050346352017
909,10X,Human Cardiac Niches,SAN_13233996,stLearn,Heart,0.4981795741597795,0.5951328495564572,0.6277889082812789,0.8551769331585846,0.6532359023847657,0.5465216563352413,0.5951328495564572,310.6785486698151,4690.265384101867,0.2218217562254259,0.0632402635023591,-0.0433475613597898
910,10X,Human Cardiac Niches,SAN_13233997,BASS,Heart,0.1479033891080921,0.2054330840871384,0.3549428687421498,0.553235294117647,0.2166033673408047,0.1953584080526696,0.2054330840871384,1136.3728860855103,1969.18,0.045,0.0566985989544013,0.2038613556066357
911,10X,Human Cardiac Niches,SAN_13233997,Banksy,Heart,0.1253408677549776,0.2026224209823607,0.3603726516781937,0.5285294117647059,0.203116973855005,0.2021302705527192,0.2026224209823607,19.14641571044922,586.5691246032715,0.0402941176470588,0.0563842699173982,0.0657889281048439
912,10X,Human Cardiac Niches,SAN_13233997,BayesSpace,Heart,0.1413879537507486,0.1939356315302116,0.3533028432106007,0.543235294117647,0.202545310962632,0.1860280579754725,0.1939356315302117,1715.053478050232,6716.2,0.0267647058823529,0.0554674263023185,0.2357922527906912
913,10X,Human Cardiac Niches,SAN_13233997,CCST,Heart,0.2159522487821771,0.2549806299237298,0.4498230252773575,0.5535882352941176,0.2344013341368172,0.279572625534533,0.2549806299237298,324.5216453075409,1127.948272705078,0.0228235294117646,0.0550580374454278,0.0280804968949878
914,10X,Human Cardiac Niches,SAN_13233997,CellCharter,Heart,0.1830422306907174,0.2311002014997106,0.3746673622179983,0.5558823529411765,0.2475363190492014,0.216713987014463,0.2311002014997106,218.51070404052732,408.3316844940185,0.0829999999999999,0.0573088790613484,0.1238187234892637
915,10X,Human Cardiac Niches,SAN_13233997,DeepST,Heart,0.1939322576615915,0.2656070302854476,0.4081310805373782,0.5634117647058824,0.264169696998201,0.267214430545063,0.2656070302854476,371.53441009521487,4734.336921882629,0.0612941176470587,0.0555349524045091,0.040080614018007
916,10X,Human Cardiac Niches,SAN_13233997,GraphST,Heart,0.1260185369188524,0.2230321485032083,0.3694143599861469,0.49,0.219367104917912,0.2268217392940265,0.2230321485032083,18.123669242858888,818.1524278640748,0.1008823529411764,0.0572729831715302,0.1282543693137021
917,10X,Human Cardiac Niches,SAN_13233997,PRECAST,Heart,0.1550492447526008,0.2470486379974105,0.3740320347676553,0.5647058823529412,0.2536047219447471,0.2408229822756259,0.2470486379974105,105.07057995796204,691.62,0.1620588235294117,0.0616559423091755,0.0590962800012176
918,10X,Human Cardiac Niches,SAN_13233997,SEDR,Heart,0.1843828324923816,0.2327498581850076,0.4025070703810525,0.5775882352941176,0.2321438880793011,0.2338521893345678,0.2327498581850076,22.343278121948245,1742.4451795578002,0.0163529411764705,0.0550700271073591,0.1718249381885773
919,10X,Human Cardiac Niches,SAN_13233997,STAGATE,Heart,0.2765083092812045,0.2778363900295589,0.4584158461438131,0.6436470588235295,0.2885021040475156,0.2680516008778053,0.2778363900295589,50.70500941276551,351.30283508300784,0.0831176470588234,0.0569316610154865,0.1332625259430009
920,10X,Human Cardiac Niches,SAN_13233997,SpaGCN,Heart,0.2494725494334276,0.2488660435951972,0.4302954743264867,0.6026470588235294,0.2635323542140836,0.2357461147125337,0.2488660435951972,27.669157648086543,829.8093843460083,0.1117647058823529,0.0574517558327074,0.1349717140052557
921,10X,Human Cardiac Niches,SAN_13233997,SpaceFlow,Heart,0.1790602666511477,0.2207916371460663,0.3719313138854371,0.5648823529411764,0.2362049458245863,0.2072906624448953,0.2207916371460663,40.5481339931488,296.7326919555664,0.0143529411764705,0.0548606065438936,0.2216607448778718
922,10X,Human Cardiac Niches,SAN_13233997,SpatialMGCN,Heart,0.2375177968345555,0.3291738483107407,0.4268855468934587,0.6297058823529412,0.3451194289003775,0.314636665287513,0.3291738483107407,58.174290609359744,487.4146572113037,0.0479411764705882,0.0556887085740882,0.124678088137813
923,10X,Human Cardiac Niches,SAN_13233997,stLearn,Heart,0.5913418176906892,0.6000630680297463,0.6954082463147755,0.8129411764705882,0.6085342243115309,0.5918245207040826,0.6000630680297462,345.5617416381836,5286.865208816528,0.3438235294117647,0.063042860164571,-0.0675038760658169
924,10X,Human Cardiac Niches,SAN_13233998,BASS,Heart,0.3080153698325543,0.3390944396872536,0.4986872469988955,0.6653132250580046,0.3704858597301924,0.3126071100316516,0.3390944396872537,996.9541839599608,2110.42,0.0461136890951276,0.0557965839261555,0.0875619122717321
925,10X,Human Cardiac Niches,SAN_13233998,Banksy,Heart,0.1588935129700329,0.2527971116412897,0.3743531891479002,0.576276102088167,0.2844132320390102,0.2275068534541263,0.2527971116412898,20.10771789550781,612.9926445007325,0.052784222737819,0.0553013339662963,0.0975073243193718
926,10X,Human Cardiac Niches,SAN_13233998,BayesSpace,Heart,0.2045122620928791,0.3117075969073034,0.4032224382510662,0.66415313225058,0.357161942350619,0.2765166093176955,0.3117075969073034,1749.4179179668429,6819.1,0.0507540603248259,0.0552841798784363,0.1360669356769439
927,10X,Human Cardiac Niches,SAN_13233998,CCST,Heart,0.1897882964787808,0.269623122903866,0.4433288728941897,0.5948375870069607,0.2683527019113191,0.2713930128379854,0.269623122903866,327.90843787193296,1183.2892990112305,0.0200116009280742,0.0550451408246514,0.0003819449698844
928,10X,Human Cardiac Niches,SAN_13233998,CellCharter,Heart,0.2590568528812459,0.2855379755982715,0.4496281117953143,0.620185614849188,0.3247325365777186,0.2548085832885967,0.2855379755982715,243.592727470398,481.4463590621948,0.0585846867749419,0.0557281757074718,0.0965792638305278
929,10X,Human Cardiac Niches,SAN_13233998,DeepST,Heart,0.2518263392686101,0.2787247203202831,0.455922816895292,0.59622969837587,0.3011226857482325,0.2596733803055543,0.2787247203202831,380.1953423023224,4812.600699424744,0.0537122969837586,0.0551288550405165,0.0012385255672189
930,10X,Human Cardiac Niches,SAN_13233998,GraphST,Heart,0.1356383256442113,0.2396750452835759,0.3551750027918621,0.5817865429234339,0.2706472517698434,0.2150636855422386,0.2396750452835759,19.247614765167235,861.9939682006836,0.1206496519721576,0.0571168336785692,0.0901527618691598
931,10X,Human Cardiac Niches,SAN_13233998,PRECAST,Heart,0.2215166504108846,0.2817511472838093,0.4159039044608709,0.6490719257540604,0.323170264532201,0.2497428541535398,0.2817511472838094,118.22898006439208,809.4399999999999,0.1334106728538283,0.0599929194423907,0.0992286150622897
932,10X,Human Cardiac Niches,SAN_13233998,SEDR,Heart,0.1512577775444363,0.2404789178101464,0.3732831408497891,0.5823085846867749,0.2697841508687493,0.2169869492267001,0.2404789178101464,22.097304153442384,1823.3048597335812,0.0394431554524361,0.0551381345306497,0.0741279932055829
933,10X,Human Cardiac Niches,SAN_13233998,STAGATE,Heart,0.1878004622171027,0.2748270421141042,0.3887488573519438,0.6296403712296984,0.3161773534528275,0.2430562151809009,0.2748270421141042,50.561292839050296,421.1207145690918,0.0799303944315544,0.0564804348245799,0.1002118470794178
934,10X,Human Cardiac Niches,SAN_13233998,SpaGCN,Heart,0.292538531373272,0.3098838024178145,0.4821787800261755,0.6334106728538283,0.3392618105783941,0.2851882366826647,0.3098838024178145,23.966452884674077,864.9833322525025,0.0858468677494199,0.0564820916168339,0.0168218939142156
935,10X,Human Cardiac Niches,SAN_13233998,SpaceFlow,Heart,0.2494874472331135,0.291768461359963,0.4370857008472141,0.6540603248259861,0.336174801668004,0.2577372573031731,0.291768461359963,27.05146942138672,364.5832309722901,0.0409512761020881,0.0549409578053324,0.1033938507251759
936,10X,Human Cardiac Niches,SAN_13233998,SpatialMGCN,Heart,0.1869386837596352,0.2786309955344516,0.3868203860046728,0.6136890951276102,0.3215097119365542,0.2458436222009229,0.2786309955344515,58.43839564323425,497.8492599487305,0.0348027842227378,0.0553745323261798,0.0509995329669629
937,10X,Human Cardiac Niches,SAN_13233998,stLearn,Heart,0.4033634153525174,0.4801599958985508,0.5625720054383009,0.7453596287703016,0.5331214807628395,0.4367702578466914,0.4801599958985506,350.0351454257965,5508.138829803467,0.3314965197215777,0.0639409905616844,-0.0289219539699356
938,10X,Human Cardiac Niches,SAN_13233999,BASS,Heart,0.4596920912525041,0.4360294656214972,0.5832355246790922,0.7250954529677195,0.4662235945071443,0.4095083942283675,0.4360294656214974,1060.3736979961395,1725.92,0.0600485942381116,0.0586196812409939,0.1915387836045925
939,10X,Human Cardiac Niches,SAN_13233999,Banksy,Heart,0.4335524815465572,0.4429513871556046,0.565016246642731,0.7098229781325929,0.4639992186209502,0.4237302288318224,0.4429513871556046,18.39929723739624,514.5678365707397,0.0579659840333216,0.0570538130716947,0.146002879246526
940,10X,Human Cardiac Niches,SAN_13233999,BayesSpace,Heart,0.4688570302961665,0.4427719598337126,0.5896708254699621,0.7535577924331829,0.4744469490360895,0.4150616473828027,0.4427719598337127,1451.581358098984,5977.9400000000005,0.0513710517181533,0.0576932042374195,0.1102144007152659
941,10X,Human Cardiac Niches,SAN_13233999,CCST,Heart,0.3813753405213526,0.4034139561806291,0.5302407335017774,0.6528982992016661,0.414449616203157,0.3930192442404,0.4034139561806291,256.10818166732787,896.4321382522583,0.0225616105518916,0.0564828926715329,0.1197057484394613
942,10X,Human Cardiac Niches,SAN_13233999,CellCharter,Heart,0.3651229292606907,0.3887282572803878,0.5044733953217744,0.6625477264838597,0.4223312226997303,0.3600800231643416,0.3887282572803878,188.30583205223084,418.0427562713623,0.056022214508851,0.0574493337600209,0.1613636538430686
943,10X,Human Cardiac Niches,SAN_13233999,DeepST,Heart,0.4356162964016629,0.4327370774521767,0.5665286001015434,0.7121138493578618,0.4568129625917613,0.4111772251131514,0.4327370774521767,326.9601590156555,4043.441452598572,0.072266574106213,0.0566463106570659,0.1064173539188687
944,10X,Human Cardiac Niches,SAN_13233999,GraphST,Heart,0.4857893343253723,0.4716775248581289,0.6146494823501207,0.7452273516140229,0.4777703465854186,0.4657381451740928,0.4716775248581289,16.59292116165161,661.5531938552856,0.1711211384935786,0.0579828600974186,-0.0169455657374766
945,10X,Human Cardiac Niches,SAN_13233999,PRECAST,Heart,0.4507567253196295,0.4568003190393554,0.5750153990555881,0.7136410968413746,0.4890630294772834,0.4285308220766373,0.4568003190393554,100.0916480064392,1072.1799999999998,0.1898646303366886,0.062888068735115,0.0506359781734303
946,10X,Human Cardiac Niches,SAN_13233999,SEDR,Heart,0.3357386015132075,0.3993531822442767,0.4863645432580642,0.6740020826102048,0.4267614865724669,0.3752529998798395,0.3993531822442767,19.54186244010925,1564.6892360687257,0.0376258243665393,0.0561071668039667,0.1280030077024697
947,10X,Human Cardiac Niches,SAN_13233999,STAGATE,Heart,0.510208777518548,0.4872224218040021,0.623389832173145,0.77292606733773,0.5127587183745107,0.4642088289532537,0.4872224218040021,46.66534352302551,364.7424161911011,0.1306490801804928,0.0588429722508293,0.0538559345939029
948,10X,Human Cardiac Niches,SAN_13233999,SpaGCN,Heart,0.2894494723353452,0.404811715594734,0.4465245833587917,0.6556751128080528,0.4353536638867924,0.3782741433091903,0.4048117155947339,26.117320442199706,753.8059078216553,0.0930232558139534,0.0581391976659606,0.1796067498314939
949,10X,Human Cardiac Niches,SAN_13233999,SpaceFlow,Heart,0.3794598724984833,0.4068412320165559,0.5172372566183714,0.6669906282540785,0.4386415431006638,0.3793806310500507,0.4068412320165559,43.70526189804077,308.97899131774903,0.03956959389101,0.0563015432576399,0.1555720423359248
950,10X,Human Cardiac Niches,SAN_13233999,SpatialMGCN,Heart,0.4571149662420853,0.4359105538871432,0.5848423704138372,0.7004512322110379,0.4549967557894542,0.4183611425281138,0.4359105538871432,52.76962790489197,446.1658029556274,0.0780978826796251,0.0586076783194282,0.117257438345091
951,10X,Human Cardiac Niches,SAN_13233999,stLearn,Heart,0.7665407459771394,0.7912104863805496,0.8233857487465832,0.9524470669906282,0.8473461857753095,0.7420505034849546,0.7912104863805495,292.4915985584259,4503.118015480041,0.3238458868448455,0.0659858877410843,0.0423454061135167
952,10X,Human Cardiac Niches,SP_10550732,BASS,Heart,-0.0040977611863339,0.0128376572420632,0.6101243188749363,0.9836289222373809,0.0746614163748882,0.007022577133834,0.0128376572420632,1075.616692018509,1456.5400000000002,0.0286493860845839,0.0602011412459107,0.1221241872511604
953,10X,Human Cardiac Niches,SP_10550732,Banksy,Heart,0.0122233749064548,0.0107464574159494,0.6754178301516576,0.9836289222373809,0.055443210473987,0.0059498533786831,0.0107464574159494,16.641158533096313,392.9056985855103,0.0327421555252387,0.0599903731476771,0.0685691838081919
954,10X,Human Cardiac Niches,SP_10550732,BayesSpace,Heart,0.0014418331128208,0.0196928444123931,0.5690237635074268,0.9836289222373809,0.1242250445941459,0.0106940633845789,0.0196928444123931,1090.3607419967652,4586.280000000001,0.0286493860845839,0.0598036870070004,0.1719724938287532
955,10X,Human Cardiac Niches,SP_10550732,CCST,Heart,-0.0012516556887808,0.0120035821513479,0.5754262003067047,0.9836289222373809,0.0747736129466438,0.0065255991340895,0.0120035821513479,179.42008538246154,586.1334400177002,0.0221919054115506,0.0601030516228527,0.1694563106762152
956,10X,Human Cardiac Niches,SP_10550732,CellCharter,Heart,-0.0005476257969801,0.0187454925772282,0.5956570851306016,0.9836289222373809,0.1141660088250374,0.0102122106745922,0.0187454925772282,99.39071130752563,364.4742300033569,0.0569349704411095,0.0616151689474454,0.1541641661673808
957,10X,Human Cardiac Niches,SP_10550732,DeepST,Heart,-0.0016700196189337,0.0166446310235147,0.5821015964352317,0.9836289222373809,0.1026353434262852,0.0090567385347661,0.0166446310235147,267.2663006782532,3116.427178001404,0.0336516598453842,0.0600339928304657,0.1807061900770093
958,10X,Human Cardiac Niches,SP_10550732,GraphST,Heart,0.2055955169762991,0.156720667731449,0.9339780945370342,0.9836289222373809,0.3184287366711794,0.1039378020031027,0.156720667731449,14.310525846481324,442.94122104644777,0.0541155070486584,0.0623514531378644,-0.1138077601213002
959,10X,Human Cardiac Niches,SP_10550732,PRECAST,Heart,0.0667399080473916,0.0834773469483656,0.7532654662560337,0.9836289222373809,0.3799731924071825,0.0468892916573303,0.0834773469483656,53.7884880065918,781.1,0.0713960891314233,0.0650059699193413,0.125886626169802
960,10X,Human Cardiac Niches,SP_10550732,SEDR,Heart,0.0212907727568385,0.0275628163186714,0.6611404229580203,0.9836289222373809,0.1456221326423825,0.0152221381526595,0.0275628163186714,17.199735403060913,1063.0604810714722,0.010550250113688,0.0598685733075976,0.0471360429313486
961,10X,Human Cardiac Niches,SP_10550732,STAGATE,Heart,0.0400024079605599,0.0766355098856605,0.6887216730116442,0.9836289222373809,0.3702168199493615,0.0427415421819267,0.0766355098856605,35.800905323028566,252.57959671020507,0.0793997271487039,0.0633754080574796,0.1197490902787466
962,10X,Human Cardiac Niches,SP_10550732,SpaGCN,Heart,0.0122518111063338,0.0323870051927572,0.5930924392389665,0.9836289222373809,0.1982965762041125,0.0176335086388015,0.0323870051927572,17.946941232681276,570.2676931381226,0.1255115961800818,0.0628660965070676,0.0813887854827475
963,10X,Human Cardiac Niches,SP_10550732,SpaceFlow,Heart,2.722885593735994e-05,0.0134189575126812,0.6170389122442039,0.9836289222373809,0.0774425572654661,0.0073463629666213,0.0134189575126812,38.95986585617065,221.3342580795288,0.0140063665302409,0.0597556534457173,0.1949499347518081
964,10X,Human Cardiac Niches,SP_10550732,SpatialMGCN,Heart,0.0040899404839093,0.0131809685812556,0.6156034963268935,0.9836289222373809,0.0766399634611527,0.0072105386250686,0.0131809685812556,41.84008369445801,360.52351665496826,0.0154615734424738,0.0601439166095951,0.192350463019594
965,10X,Human Cardiac Niches,SP_10550732,stLearn,Heart,0.0373795403270013,0.0695324722024261,0.667511213914478,0.9836289222373809,0.3639244816466617,0.0384383032272196,0.0695324722024261,222.4978976726532,3074.1869508743284,0.1209640745793541,0.0664715625993968,0.1209891560298447
966,10X,Human Cardiac Niches,SP_11350375,BASS,Heart,0.2748782986832878,0.3641574476066074,0.640325201423648,0.8853323953570171,0.5121771594554902,0.2825113768582597,0.3641574476066075,1197.950769996643,1596.26,0.040450228631727,0.0658062034933607,0.0263717154212218
967,10X,Human Cardiac Niches,SP_11350375,Banksy,Heart,0.3153527132282592,0.3184878259124241,0.6817757641207511,0.8603587759409075,0.4231921331268646,0.2553181497789129,0.3184878259124241,18.22165784835816,469.2964668273926,0.0393950052761167,0.0678932758111892,-0.0037110518005801
968,10X,Human Cardiac Niches,SP_11350375,BayesSpace,Heart,0.2660908833928527,0.3516592103640372,0.623257293388571,0.9004572634540977,0.5251145591063878,0.2643420066213282,0.3516592103640371,1425.8460260391234,5900.32,0.0485402743580724,0.0671254679422652,0.0626848211238684
969,10X,Human Cardiac Niches,SP_11350375,CCST,Heart,0.2596688085601707,0.306596588804404,0.6401255961873922,0.8671825536405207,0.4151472015676068,0.2431988356795409,0.306596588804404,248.92806844711305,853.0612218856811,0.0141399929651776,0.0652580743555007,0.0287894937665224
970,10X,Human Cardiac Niches,SP_11350375,CellCharter,Heart,0.1272848401445813,0.2676018708770006,0.4786212973514157,0.8513542033063665,0.4460607722271832,0.1911752833535729,0.2676018708770006,132.77869081497192,381.0566022872925,0.1634892718958846,0.0678479012733302,0.0089540250314637
971,10X,Human Cardiac Niches,SP_11350375,DeepST,Heart,0.1633264167230734,0.2925208559106947,0.5166534100316079,0.8614139992965179,0.4755286696173968,0.2112631918649976,0.2925208559106947,319.6854824542999,3976.620183753968,0.1765740415054519,0.0685961004728488,-0.0052435462144709
972,10X,Human Cardiac Niches,SP_11350375,GraphST,Heart,0.2283302571055628,0.3530891575147122,0.6012354484730297,0.8927189588462892,0.511635151343843,0.2695582020533916,0.3530891575147122,18.11820778846741,618.4768266677856,0.2718958846289131,0.0677429099444583,-0.0519673818120189
973,10X,Human Cardiac Niches,SP_11350375,PRECAST,Heart,0.5446201520518575,0.4497739948713043,0.8137694701446827,0.9008090045726348,0.570326173299622,0.3712924000340495,0.4497739948713043,98.51681604385377,861.46,0.1104467112205415,0.0719130459512882,-0.025099371632321
974,10X,Human Cardiac Niches,SP_11350375,SEDR,Heart,0.2475598700824936,0.3159310461270647,0.6188753221204129,0.8733028491030602,0.4513161886896072,0.2434409773271192,0.3159310461270648,20.490447425842287,1378.347583580017,0.0259584945480126,0.0654426608015537,-0.0263583190800149
975,10X,Human Cardiac Niches,SP_11350375,STAGATE,Heart,0.2250347831166583,0.3255581014694256,0.5939333476775707,0.8893422441083363,0.4833903057431721,0.2457884609640757,0.3255581014694256,44.51567707061768,283.868118095398,0.0658459373900808,0.0664404429608357,0.03647633397773
976,10X,Human Cardiac Niches,SP_11350375,SpaGCN,Heart,0.130901013460668,0.278820502122744,0.4879203279503625,0.8561378825184665,0.4477560962754595,0.2024408331258092,0.2788205021227441,14.041057205200197,683.5287256240845,0.2036581076327822,0.0681668919667034,-0.063771415393287
977,10X,Human Cardiac Niches,SP_11350375,SpaceFlow,Heart,0.0905239724241294,0.2283659767277456,0.4356310887577,0.8550123109391489,0.3892183757145349,0.1616098360481644,0.2283659767277456,28.56453237533569,242.13405227661127,0.0593739008090045,0.065738687733719,0.0039637616319243
978,10X,Human Cardiac Niches,SP_11350375,SpatialMGCN,Heart,0.0872129634362482,0.2800554197675631,0.4646529188334761,0.8818149841716497,0.4498050442191726,0.2033240113299922,0.2800554197675631,48.04198937416077,413.2891815185547,0.0450228631727048,0.0653474986327783,-0.0236828739079852
979,10X,Human Cardiac Niches,SP_11350375,stLearn,Heart,0.3220258625914287,0.3834633215761331,0.6733203961946019,0.9050298979950756,0.525951094262703,0.3017223617068387,0.3834633215761331,289.83269438743594,4184.380917549133,0.3102356665494196,0.0733917572715685,-0.0532965015572471
980,10X,Human Cardiac Niches,SP_8795938,BASS,Heart,0.1838293367816084,0.1765670366172087,0.8409911205403604,0.971227621483376,0.4343920970623077,0.1108024042403281,0.1765670366172087,793.0052579402924,1345.6799999999998,0.0421994884910485,0.0839546836744993,-0.0696392267196619
981,10X,Human Cardiac Niches,SP_8795938,Banksy,Heart,0.3421001983632681,0.2175006794910645,0.9193868245741252,0.971227621483376,0.395707199965393,0.1499643270525698,0.2175006794910645,13.893460988998411,290.78857841491697,0.0255754475703324,0.0828184826007513,-0.0313661570796915
982,10X,Human Cardiac Niches,SP_8795938,BayesSpace,Heart,0.145136902972659,0.1597420518002031,0.9344809179630912,0.9769820971867008,0.1970631223092315,0.1343062734449839,0.1597420518002031,774.0959460258484,3326.8,0.0479539641943734,0.0838863932152581,-0.1820265272388748
983,10X,Human Cardiac Niches,SP_8795938,CCST,Heart,0.0059341746962823,0.0232022433792741,0.6962591777048577,0.971227621483376,0.0645135129210081,0.0141450240294554,0.0232022433792741,123.2653419494629,354.36152210235593,0.017391304347826,0.0814967761906734,0.0799516853191867
984,10X,Human Cardiac Niches,SP_8795938,CellCharter,Heart,0.0022166213789439,0.0220110851948054,0.5724263443110882,0.971227621483376,0.0900782045645552,0.0125373446869005,0.0220110851948054,147.35728821754455,263.3244052886963,0.1263427109974424,0.0839383832174904,0.0818384641683258
985,10X,Human Cardiac Niches,SP_8795938,DeepST,Heart,0.0139745391554089,0.0442484840332257,0.5844637958347714,0.971227621483376,0.1777685980658709,0.0252729603913387,0.0442484840332257,205.64389629364013,2259.792002868652,0.097314578005115,0.0830088780635585,0.0798902373003246
986,10X,Human Cardiac Niches,SP_8795938,GraphST,Heart,0.0779732911991449,0.1545345078609732,0.7336693618992908,0.9789002557544756,0.4527734778231419,0.0931664006025934,0.1545345078609732,10.82700138092041,277.6827556610108,0.1374680306905371,0.0852426170493492,0.0592534421079825
987,10X,Human Cardiac Niches,SP_8795938,PRECAST,Heart,0.313189465181252,0.2135557634725048,0.9247058367729376,0.971227621483376,0.3570110291756094,0.1523414537280255,0.2135557634725048,34.40778002738953,593.3,0.0703324808184143,0.0886885673720594,0.0030386882843135
988,10X,Human Cardiac Niches,SP_8795938,SEDR,Heart,0.0887177410396892,0.0949783462960992,0.7380017039561483,0.971227621483376,0.2747939473990715,0.0578672070218586,0.0949783462960992,13.060919713973998,739.336901473999,0.0253196930946291,0.0814988361557907,0.0238865588434778
989,10X,Human Cardiac Niches,SP_8795938,STAGATE,Heart,0.1626687211499064,0.1657180268670569,0.831453088287158,0.9730179028132993,0.399143772739338,0.1048882533514943,0.1657180268670569,28.23574318885803,218.83404197692863,0.0762148337595907,0.0823595753074365,-0.0557508194607269
990,10X,Human Cardiac Niches,SP_8795938,SpaGCN,Heart,0.0121995815374887,0.0303084391164657,0.5822385251531066,0.971227621483376,0.1230559293898048,0.0172825488569771,0.0303084391164657,13.340473127365112,390.9914903640747,0.1451406649616368,0.083324215966301,0.0586767864460749
991,10X,Human Cardiac Niches,SP_8795938,SpaceFlow,Heart,-0.0010835144457969,0.0211677752525038,0.5670627042114145,0.971227621483376,0.0872720186123108,0.0120447466005389,0.0211677752525038,23.511152601242067,186.2746675491333,0.027237851662404,0.0820698846795401,0.1568481702393218
992,10X,Human Cardiac Niches,SP_8795938,SpatialMGCN,Heart,0.0027561370400241,0.0115034187291642,0.5981973857115592,0.971227621483376,0.0449706204215306,0.0065952350954873,0.0115034187291642,28.695565223693848,244.55947895050048,0.0351662404092071,0.0816982019355831,0.1004643949165049
993,10X,Human Cardiac Niches,SP_8795938,stLearn,Heart,0.0473006031831117,0.1101646538464784,0.6948993851644064,0.9763427109974424,0.3352228145558794,0.0659128311638733,0.1101646538464784,160.94662137031554,2179.0190975189207,0.1214833759590791,0.0829088908954103,-0.0502247367509945
994,10X,Human Cardiac Niches,SP_8795939,BASS,Heart,-0.0060023356833493,0.0164771996911414,0.5961212375471729,0.9558173784977908,0.0531937437402619,0.0097484276769404,0.0164771996911414,1014.9607139587404,1122.72,0.0446735395189003,0.0676103587759039,0.1239039985855696
995,10X,Human Cardiac Niches,SP_8795939,Banksy,Heart,0.0042398649776953,0.0220040507959545,0.4903399792390753,0.9558173784977908,0.0836747362180789,0.0126676377233159,0.0220040507959545,16.713142156600952,362.98850574493406,0.0780559646539028,0.0674505045271386,0.1251624425684967
996,10X,Human Cardiac Niches,SP_8795939,BayesSpace,Heart,0.0207566145444037,0.0632421763261482,0.6212760046885071,0.9607265586647028,0.1874921176635512,0.0380359634597939,0.0632421763261482,1026.899186038971,4104.7,0.0191458026509572,0.0676157287246621,0.1768916222223094
997,10X,Human Cardiac Niches,SP_8795939,CCST,Heart,-0.0099874019240616,0.018406627377296,0.6434753653676305,0.9558173784977908,0.0558304980254579,0.011041763003118,0.018406627377296,165.44223608970643,496.25848350524905,0.0206185567010308,0.06571896758933,0.0404732047266927
998,10X,Human Cardiac Niches,SP_8795939,CellCharter,Heart,0.0067305342416555,0.0358074440471691,0.4907565186518313,0.9558173784977908,0.1363012390465143,0.0206113626075744,0.0358074440471691,194.0238118171692,277.1842878341675,0.0876779577810505,0.0682986005356116,0.064474742501163
999,10X,Human Cardiac Niches,SP_8795939,DeepST,Heart,0.024586628664,0.0566770958559636,0.5293214697708238,0.955915562101129,0.2045449872882869,0.0329054303724184,0.0566770958559636,258.3819202899933,2887.4691982269287,0.0889543446244476,0.0667473400839714,0.0347644572675101
1000,10X,Human Cardiac Niches,SP_8795939,GraphST,Heart,0.035137948159541,0.0626926210683914,0.6156570888699915,0.9582719685812467,0.1919662999445877,0.0374638005658733,0.0626926210683914,15.614099502563477,377.6327377319336,0.1674030436917034,0.0683548345801597,0.0028832972874695
1001,10X,Human Cardiac Niches,SP_8795939,PRECAST,Heart,0.096684050447342,0.1197552843823407,0.7120637915610529,0.9558173784977908,0.3386481116135118,0.072738875455236,0.1197552843823407,57.22825002670288,741.3199999999999,0.1261659302896416,0.0745867598841127,0.0184095479911306
1002,10X,Human Cardiac Niches,SP_8795939,SEDR,Heart,0.0037661562448693,0.0119189346523314,0.5196432708580879,0.9558173784977908,0.0433944865008848,0.0069081846672625,0.0119189346523314,16.772607803344727,998.7561428070068,0.0300441826215021,0.0658149502206559,0.0517689518419922
1003,10X,Human Cardiac Niches,SP_8795939,STAGATE,Heart,0.0699506332806273,0.0864232136387509,0.6694403000439467,0.956308296514482,0.2402236445534799,0.0530060523324425,0.0864232136387508,37.29036130905151,244.1793064117432,0.0629356897398134,0.0675438019890005,0.0511783393174137
1004,10X,Human Cardiac Niches,SP_8795939,SpaGCN,Heart,0.0067771228701943,0.025599771668977,0.4927851824578533,0.9558173784977908,0.097221336153026,0.0147405902023683,0.025599771668977,10.44560980796814,481.4918407440185,0.2214040255277368,0.0703954417731002,0.0187230532416662
1005,10X,Human Cardiac Niches,SP_8795939,SpaceFlow,Heart,0.0023120821057507,0.0111818080901803,0.5122645249497955,0.9558173784977908,0.0413419428801937,0.0064662340258944,0.0111818080901803,21.942461919784545,210.74060115814208,0.0336769759450171,0.0660192447796594,0.1081566398902222
1006,10X,Human Cardiac Niches,SP_8795939,SpatialMGCN,Heart,0.004514051342217,0.0089269728660496,0.5322371739006392,0.9558173784977908,0.031734420212737,0.0051940338832415,0.0089269728660496,43.24445161819458,271.88493461608886,0.0446735395189003,0.0661001025455465,0.1211547812835092
1007,10X,Human Cardiac Niches,SP_8795939,stLearn,Heart,0.0508135001746461,0.1121076797869267,0.5875484956160834,0.961217476681394,0.3741512698053551,0.0659314203809018,0.1121076797869267,208.6115161895752,2875.5649463653563,0.180166912125675,0.0730506557406475,0.0008596563855993
1022,10X,Human Colon,V10S29-108_B1,BASS,Intestine,0.5217778998764481,0.5951078416528044,0.7013489469036084,0.8517857142857143,0.6257346896692578,0.5673391861585098,0.5951078416528044,1119.156576013565,1829.26,0.0229166666666666,0.0573551976735411,0.1895827960567064
1023,10X,Human Colon,V10S29-108_B1,Banksy,Intestine,0.299815176341646,0.4093830774780692,0.5953534954589204,0.7196428571428571,0.3976635190679828,0.421814387143925,0.4093830774780692,11.49162230491638,512.8264097213745,0.0205357142857142,0.0575274653889627,-0.0352311308147147
1024,10X,Human Colon,V10S29-108_B1,BayesSpace,Intestine,0.495158234135537,0.5860437289375786,0.6881223382587022,0.8520833333333332,0.6078857099634623,0.5657169175380633,0.5860437289375786,1617.988374042511,6888.660000000001,0.0071428571428571,0.05742532838921,0.2240719663024863
1025,10X,Human Colon,V10S29-108_B1,CCST,Intestine,0.8489802780010566,0.769093727933386,0.9114633927384524,0.9202976190476192,0.7538105293186212,0.7851447904402193,0.7690937279333862,317.1499946117401,988.6479572296142,0.0080357142857142,0.0574762608342608,0.1837184087672467
1026,10X,Human Colon,V10S29-108_B1,CellCharter,Intestine,0.5526368431446897,0.6239813126198027,0.7237214234620086,0.8529761904761906,0.6474768677262773,0.6021492248834649,0.6239813126198027,181.0960021018982,127.83078651428222,0.0256547619047618,0.0576782219170078,0.2005118580832517
1027,10X,Human Colon,V10S29-108_B1,DeepST,Intestine,0.461370570261472,0.6004164791544715,0.6672596344034641,0.8344047619047619,0.6283167685215358,0.5770855902836312,0.6004164791544715,388.4146120548248,2535.831506347656,0.0155357142857142,0.0573641916822981,0.1659180718091431
1028,10X,Human Colon,V10S29-108_B1,GraphST,Intestine,0.5247265960932265,0.6400337517565439,0.7115348016090601,0.8479166666666667,0.6517507974555,0.6287305593025582,0.640033751756544,17.74563546180725,654.1405994415284,0.0235119047619047,0.0575710708516752,0.1951385537346636
1029,10X,Human Colon,V10S29-108_B1,PRECAST,Intestine,0.5011583498831615,0.6157394465291304,0.6962774041207538,0.8431547619047619,0.6297467975194203,0.6023416632821145,0.6157394465291304,84.04141802787781,310.02,0.0419642857142857,0.0585589945812246,0.1824207499942287
1030,10X,Human Colon,V10S29-108_B1,SEDR,Intestine,0.3376245672647691,0.4594209657398238,0.621293305458541,0.7440476190476191,0.4556303745306258,0.4684392072785845,0.4594209657398237,18.633813095092773,829.3142169952392,0.0130357142857142,0.0573947210224313,0.0235006060207378
1031,10X,Human Colon,V10S29-108_B1,STAGATE,Intestine,0.51635681689259,0.597833625769567,0.6989906559891172,0.8455952380952381,0.6269058187375129,0.5715553877717005,0.5978336257695669,52.12505555152893,214.3411220550537,0.0285714285714285,0.0578896630142799,0.1532309791973146
1032,10X,Human Colon,V10S29-108_B1,SpaGCN,Intestine,0.5007950487935747,0.6302868119820593,0.693928487176522,0.8488095238095237,0.6498516073455104,0.6118656432643391,0.6302868119820592,24.197658348083497,454.4082845687866,0.0130952380952379,0.0581113118091586,0.2074564479982083
1033,10X,Human Colon,V10S29-108_B1,SpaceFlow,Intestine,0.527029434125782,0.6289639071222644,0.7129615035409108,0.8488095238095237,0.6400275619105165,0.6182762523683832,0.6289639071222644,30.20304799079895,195.35800952911376,0.0172023809523809,0.0574281246428928,0.1837554316300314
1034,10X,Human Colon,V10S29-108_B1,SpatialMGCN,Intestine,0.4840431937985647,0.6125990424254272,0.6871658640450224,0.8366071428571429,0.6239548839577588,0.6016491601559679,0.6125990424254272,52.79585065841675,247.3026342391968,0.0095238095238095,0.0573367868545888,0.1974418920172804
1035,10X,Human Colon,V10S29-108_B1,stLearn,Intestine,0.5287564299394476,0.6314862967003615,0.7134429842423564,0.8508928571428571,0.6439684449024173,0.6194788347134593,0.6314862967003615,341.5825898170471,3976.023529243469,0.0380952380952381,0.0579797838848695,0.1943186946713689
1036,10X,Human Colon,V11A20-396_A1,BASS,Intestine,0.2385932441983275,0.3655446675468855,0.5328525180610524,0.5712290502793296,0.3540749664639009,0.3777823313918361,0.3655446675468855,881.9583839893342,1319.24,0.0174581005586592,0.0684111564576621,0.3366199217077397
1037,10X,Human Colon,V11A20-396_A1,Banksy,Intestine,0.3353735328860705,0.4343761756250382,0.6351073212163327,0.6522346368715084,0.3868132590036355,0.4952757392879678,0.4343761756250381,6.406081914901733,206.9577184677124,0.0069832402234635,0.0684977989886655,0.1822979807261343
1038,10X,Human Colon,V11A20-396_A1,BayesSpace,Intestine,0.3283240753290944,0.4288870868727866,0.6281995948168071,0.645949720670391,0.3844637257659775,0.4849175112410647,0.4288870868727866,695.12049202919,3184.24,0.0174581005586592,0.068498936298488,0.1716455136395603
1039,10X,Human Colon,V11A20-396_A1,CCST,Intestine,0.3623128639373141,0.5020670599390471,0.6045601247318603,0.7022346368715084,0.4899414358080107,0.5212857541415973,0.5020670599390471,114.71659255027772,264.6740644454956,0.0201117318435753,0.0691283071155286,0.3585874751503723
1040,10X,Human Colon,V11A20-396_A1,CellCharter,Intestine,0.3691756116343959,0.4537010937830106,0.6008208283519937,0.7216480446927374,0.4531031262720061,0.4543378569979955,0.4537010937830106,71.00583448410035,76.13550453186035,0.0294692737430167,0.0693510782285543,0.1736985921783664
1041,10X,Human Colon,V11A20-396_A1,DeepST,Intestine,0.3106988315840724,0.439811074139436,0.5797323399018315,0.6674581005586593,0.4200583249553088,0.4615389948531317,0.4398110741394361,199.69813508987423,2223.2681619644163,0.0078212290502792,0.0686249142494109,0.3588252836939138
1042,10X,Human Colon,V11A20-396_A1,GraphST,Intestine,0.3624962082335544,0.4017752723641042,0.6574370009572479,0.6787709497206704,0.3513782613242949,0.4690494723938989,0.4017752723641042,10.700815391540528,166.34169750213624,0.0544692737430167,0.069860249149657,0.0844396256833578
1043,10X,Human Colon,V11A20-396_A1,PRECAST,Intestine,0.3236948266658051,0.3497616908548429,0.6323166833754122,0.6652690426275332,0.306356678603601,0.4074962954198742,0.3497616908548429,30.597629928588866,356.5,0.0698812019566736,0.0702920790671098,0.0472200005241814
1044,10X,Human Colon,V11A20-396_A1,SEDR,Intestine,0.4001028594806735,0.4553219416152473,0.6363342756699115,0.727513966480447,0.4397239999016891,0.4731959212930178,0.4553219416152473,11.934323978424072,352.61393699646,0.0125698324022346,0.0687020060041912,0.1079312472408268
1045,10X,Human Colon,V11A20-396_A1,STAGATE,Intestine,0.3777238604943897,0.4444450984422731,0.6498260564244565,0.6965083798882682,0.3982122274457248,0.5032912547200167,0.4444450984422731,24.304859972000123,81.21206588745117,0.0393854748603351,0.0697749814187326,0.0145364002216151
1046,10X,Human Colon,V11A20-396_A1,SpaGCN,Intestine,0.3064957241965786,0.3957448596262353,0.5595829770531543,0.6752793296089385,0.397394011771829,0.394109338601509,0.3957448596262353,17.2680917263031,219.52791843414303,0.0942737430167597,0.0697715257700151,0.2418351350758039
1047,10X,Human Colon,V11A20-396_A1,SpaceFlow,Intestine,0.4424223994515142,0.5480411349552492,0.6441760177805208,0.7730446927374302,0.552518884156832,0.5436515818779248,0.5480411349552493,18.164086771011352,56.23605461120606,0.0069832402234636,0.0685034996442177,0.362040528597973
1048,10X,Human Colon,V11A20-396_A1,SpatialMGCN,Intestine,0.3281020197196334,0.4281858805547157,0.6596086256004906,0.6731843575418994,0.3563001763925902,0.5364097810284362,0.4281858805547157,24.38729681968689,91.56425247192382,0.0139664804469273,0.068590420811834,0.0924284031484317
1049,10X,Human Colon,V11A20-396_A1,stLearn,Intestine,0.3789848107712765,0.4747753565419642,0.6797435067236955,0.6613128491620112,0.3736477036796488,0.6509565854091942,0.4747753565419642,146.39700417518617,1856.826418685913,0.020949720670391,0.069051091728323,-0.0489364888516848
1050,10X,Human Colon,V11A20-396_C1,BASS,Intestine,0.5094760778593661,0.5576933658311243,0.6971573894372781,0.8352014541048167,0.5606968039771837,0.5547219327828922,0.5576933658311243,1235.686462020874,1880.16,0.0172674946985761,0.0566934386148793,0.2309107042955726
1051,10X,Human Colon,V11A20-396_C1,Banksy,Intestine,0.7628833395052323,0.7105878723488338,0.8633474468694586,0.8719781884277491,0.6659769021949975,0.7669690700251397,0.7105878723488338,11.42118992805481,454.5833507537842,0.013026355649803,0.0571848378337425,0.1503297179808153
1052,10X,Human Colon,V11A20-396_C1,BayesSpace,Intestine,0.5073268338866807,0.5897294013634123,0.6951034378855336,0.8382308391396547,0.5958119305664549,0.5837698078707932,0.5897294013634123,1592.7688400745392,6504.4,0.013026355649803,0.0575549186173206,0.2299400999415099
1053,10X,Human Colon,V11A20-396_C1,CCST,Intestine,0.8377166501311404,0.7613279249228414,0.900703324135395,0.9242653741290516,0.7587807258533675,0.7639211377758663,0.7613279249228414,316.66089363098143,929.1462167739868,0.0106028476219327,0.0565882350652113,0.2104630334587509
1054,10X,Human Colon,V11A20-396_C1,CellCharter,Intestine,0.5331696763877617,0.5859781809231528,0.7070703789535576,0.8371402605271131,0.5996866986312026,0.5728948023030428,0.5859781809231528,130.2191912651062,100.12957019805908,0.0282338685246894,0.0569344915298864,0.1796135732567439
1055,10X,Human Colon,V11A20-396_C1,DeepST,Intestine,0.5017415670182566,0.6121747587720415,0.6952544760343875,0.832353832172069,0.6114686297867818,0.6130947069952375,0.6121747587720415,395.35416436195374,4921.602214241028,0.0159951529839442,0.0566842095607405,0.1922235616235885
1056,10X,Human Colon,V11A20-396_C1,GraphST,Intestine,0.479509037369091,0.5581484053073621,0.6880170695548815,0.8155104513783702,0.5452083293658686,0.571717658601795,0.5581484053073621,19.24941754341125,631.2190570831299,0.0242350802787034,0.0568158231162942,0.1655609766439459
1057,10X,Human Colon,V11A20-396_C1,PRECAST,Intestine,0.0427488164675426,0.2275201867748637,0.5039459079002931,0.600909090909091,0.1941624241181969,0.274717602080216,0.2275201867748637,81.60129604339599,321.2,0.0433333333333333,0.0586040090146971,0.0177128907753761
1058,10X,Human Colon,V11A20-396_C1,SEDR,Intestine,0.6052706103808118,0.5912868022506304,0.7573758212701336,0.8264162375037867,0.5940828291827602,0.5885254689780368,0.5912868022506304,20.637840509414676,900.4363019943237,0.0121781278400484,0.0565397816827298,0.1860775052009884
1059,10X,Human Colon,V11A20-396_C1,STAGATE,Intestine,0.6200299923138054,0.5991967755639095,0.7733053619721754,0.8216298091487427,0.5782351711644799,0.6217353388784033,0.5991967755639095,54.81453170776367,213.7522176742553,0.0404119963647379,0.0570899305736483,0.1564202242427989
1060,10X,Human Colon,V11A20-396_C1,SpaGCN,Intestine,0.5199869795806434,0.5906214758007896,0.697718116851818,0.8397455316570737,0.607026929645614,0.5750794320802446,0.5906214758007895,36.03772277832032,493.9934478759766,0.030596788851863,0.0567372554042294,0.1855203921459639
1061,10X,Human Colon,V11A20-396_C1,SpaceFlow,Intestine,0.5447759590094498,0.5773271410047317,0.7192391505069349,0.8051499545592244,0.5783604249359383,0.576570427563521,0.5773271410047317,35.20002818107605,194.55435581207277,0.0136322326567706,0.0569403530484851,0.1607798933189156
1062,10X,Human Colon,V11A20-396_C1,SpatialMGCN,Intestine,0.0596163868156473,0.2671881266756939,0.5023093937302668,0.6255680096940321,0.2347050207762181,0.3101068193365717,0.2671881266756938,50.93488149642944,227.7446132659912,0.0112087246289003,0.0565604091995764,-0.057934431571715
1063,10X,Human Colon,V11A20-396_C1,stLearn,Intestine,0.6843254337480592,0.645933734080036,0.8286766685368925,0.8242956679794002,0.5447242137787149,0.7933350363009591,0.6459337340800358,338.7246509075165,4743.447485733032,0.0230233262647682,0.0569928025387873,0.0575901247161699
1064,10X,Human Colon,V11B18-363_C1,BASS,Intestine,0.7121893250086744,0.6224571289050927,0.8310129959052656,0.8492784607161944,0.6262202870363934,0.6187389286507959,0.6224571289050927,1193.8323600769045,2157.28,0.0248530197755211,0.0559712223250804,0.1478625012259984
1065,10X,Human Colon,V11B18-363_C1,Banksy,Intestine,0.7620476439664561,0.6367208677123876,0.8682165435010214,0.8295029396044896,0.6065224622539936,0.6700839638737864,0.6367208677123876,11.527168607711792,486.7074472427368,0.0232495991448423,0.0561655696890116,0.1702668143973954
1066,10X,Human Colon,V11B18-363_C1,BayesSpace,Intestine,0.6820614420157636,0.6668389912291525,0.8241552794270708,0.7779262426509888,0.6168466203425231,0.7256492801229776,0.6668389912291524,1787.3936820030212,7345.6,0.0120256547300908,0.05648398998182,0.1380441049762578
1067,10X,Human Colon,V11B18-363_C1,CCST,Intestine,0.7965939206418411,0.6750632269973826,0.884278827197201,0.884339925173704,0.6646545036299367,0.685855460850145,0.6750632269973826,379.9471883773804,1139.219949913025,0.0121325494388027,0.0560637495927143,0.1529717819981405
1068,10X,Human Colon,V11B18-363_C1,CellCharter,Intestine,0.5751258494859662,0.6337596203341171,0.7409302727214356,0.8228754676643506,0.6551676349437553,0.6141965033716118,0.633759620334117,78.78173804283142,89.13427848815918,0.0338321753073222,0.0560476116809861,0.1615246761538736
1069,10X,Human Colon,V11B18-363_C1,DeepST,Intestine,0.6148216993445816,0.6572012645072791,0.7784877433057701,0.7773917691074292,0.6277349556980933,0.6928060922827737,0.6572012645072791,446.8953883647919,2809.062905502319,0.0122928915018706,0.0557305012480792,0.1438438036343878
1070,10X,Human Colon,V11B18-363_C1,GraphST,Intestine,0.61736611049685,0.5662951249085805,0.7876850845793084,0.7731159807589524,0.5245152915389157,0.6153068880934565,0.5662951249085804,19.522358226776124,769.1435972213745,0.0609299839657936,0.0573894376729418,0.1353605915754901
1071,10X,Human Colon,V11B18-363_C1,PRECAST,Intestine,0.2344342830882039,0.1933429806129027,0.6637394114087576,0.665062817428495,0.1504131873405737,0.2705658322014725,0.1933429806129027,98.7182499408722,344.62,0.0515904838278534,0.0579558189495842,0.0721956057975421
1072,10X,Human Colon,V11B18-363_C1,SEDR,Intestine,0.6650996242922915,0.5803511361330869,0.8139414414384125,0.8069481560662748,0.5515653989203753,0.6124351338231482,0.5803511361330869,18.973784589767455,554.4185020446778,0.0141635489043291,0.0555968951789204,0.134849482494111
1073,10X,Human Colon,V11B18-363_C1,STAGATE,Intestine,0.3264471043458692,0.3107305261936274,0.6856660211127321,0.7350080171031534,0.2547699461352123,0.3982220271153152,0.3107305261936274,58.11467056274414,240.18220672607416,0.0740780331373596,0.0565478262662872,-0.0025714296427289
1074,10X,Human Colon,V11B18-363_C1,SpaGCN,Intestine,0.452269738974919,0.6036983075377982,0.6656973776264753,0.7792624265098878,0.6306090488995223,0.5789903531077036,0.6036983075377982,26.62412691116333,451.5346405029297,0.0448957776590058,0.0564505918509858,0.1561329508482668
1075,10X,Human Colon,V11B18-363_C1,SpaceFlow,Intestine,0.8285025578674103,0.7387485677553767,0.8992671778135547,0.9180652057723142,0.7479572128604756,0.7297673951403895,0.7387485677553767,60.04236927032471,229.56006908416748,0.0060395510422233,0.0554214839516583,0.1499239091845601
1076,10X,Human Colon,V11B18-363_C1,SpatialMGCN,Intestine,0.7022970013044301,0.6577593383609838,0.8299185357000034,0.8377872795296633,0.6372650279834807,0.6796156354407082,0.6577593383609838,53.293075513839725,258.9789302825928,0.0093532870122928,0.0556090430612056,0.1746577986848453
1077,10X,Human Colon,V11B18-363_C1,stLearn,Intestine,0.7190528327486791,0.6045393518852046,0.8427177846195659,0.8476750400855158,0.5816316656570307,0.6293254686359591,0.6045393518852046,376.56872658729554,4239.278094673156,0.0758952431854623,0.0581059911390883,0.1521730201816637
1078,10X,Human Colon,V11M22-349_A1,BASS,Intestine,0.3156328141573545,0.3078204240337764,0.6923159094888683,0.7815126050420168,0.3337848416534019,0.2856039000647932,0.3078204240337764,536.104705953598,1927.8,0.0718954248366013,0.0616063065057688,0.0315404621932021
1079,10X,Human Colon,V11M22-349_A1,Banksy,Intestine,0.5022498878633856,0.3499950533391297,0.8126554227973258,0.8646125116713353,0.3340597873845314,0.3675267551792888,0.3499950533391298,5.287774753570557,189.4094333648682,0.0140056022408963,0.0611957225181794,0.0660841343900468
1080,10X,Human Colon,V11M22-349_A1,BayesSpace,Intestine,0.7367970658993103,0.6189394994149328,0.9012997239941294,0.9337068160597572,0.5907591996110205,0.6499429740564036,0.6189394994149328,519.2898220062256,2346.6,0.0242763772175536,0.0618607064972199,0.0234841070446444
1081,10X,Human Colon,V11M22-349_A1,CCST,Intestine,0.5145527165921864,0.3787134032965283,0.8259479384818544,0.8705882352941176,0.3495642029098408,0.4136303290485795,0.3787134032965283,89.04175825119019,196.98597545623775,0.026704014939309,0.0620816698664527,0.0397719447250162
1082,10X,Human Colon,V11M22-349_A1,CellCharter,Intestine,0.140265398807274,0.13510378264038,0.6129054365254559,0.7258636788048553,0.1465288682105484,0.1253319156585861,0.13510378264038,77.65809841156006,94.1940200805664,0.0519140989729224,0.0624108594601038,0.0357252395428416
1083,10X,Human Colon,V11M22-349_A1,DeepST,Intestine,-0.0219996492431217,0.1161661002598478,0.5938806043650007,0.7436041083099907,0.1253489691730786,0.109769501685226,0.1161661002598479,117.1407063484192,862.9726411819458,0.0735760971055088,0.0618437481790618,-0.0036087894400462
1084,10X,Human Colon,V11M22-349_A1,GraphST,Intestine,0.019866905070999,0.0021606407884366,0.711339416284446,0.7226890756302521,0.0016480559448687,0.0031360171932421,0.0021606407884366,8.284348201751708,127.2073371887207,0.0242763772175536,0.0618034022517685,0.0365089594815142
1085,10X,Human Colon,V11M22-349_A1,PRECAST,Intestine,-0.0758933903114172,0.061713139411195,0.6482145129446744,0.7226890756302521,0.0521153606594811,0.0756440600225134,0.061713139411195,16.885287952423095,299.92,0.0849673202614379,0.0627979604043414,0.0565085054213829
1086,10X,Human Colon,V11M22-349_A1,SEDR,Intestine,0.4191545316350703,0.2861805199563171,0.796082864867906,0.8408963585434174,0.2600754477607417,0.3188547561837768,0.2861805199563171,9.15195379257202,238.0011247634888,0.0059757236227823,0.061128113969666,0.0704852315536406
1087,10X,Human Colon,V11M22-349_A1,STAGATE,Intestine,0.4471412091033094,0.3053406311575735,0.7783994050413648,0.8418300653594771,0.3029181004073392,0.3084589063042611,0.3053406311575735,19.60634841918945,76.16193237304688,0.0507936507936507,0.0626905129067975,0.047522366277048
1088,10X,Human Colon,V11M22-349_A1,SpaGCN,Intestine,0.0288464735271101,0.1012952810302731,0.5727155140143515,0.7226890756302521,0.1080279127309265,0.0953526129855288,0.1012952810302731,19.65043606758118,167.85299224853514,0.0830999066293183,0.0626962508921475,0.0339224819572035
1089,10X,Human Colon,V11M22-349_A1,SpaceFlow,Intestine,0.1270036895956788,0.1465941687528864,0.749247906439834,0.7505135387488329,0.1134401309466343,0.2884969368926747,0.1465941687528864,17.00419750213623,76.16016902923585,0.0074696545284779,0.0612910101329089,0.0844591094041331
1090,10X,Human Colon,V11M22-349_A1,SpatialMGCN,Intestine,0.3521740318594354,0.2747766099532565,0.7149448636962727,0.7992530345471522,0.2936059909294108,0.2582167901076667,0.2747766099532566,17.23872857093811,89.51137371063233,0.0448179271708683,0.0621346497500533,0.0393704289344299
1091,10X,Human Colon,V11M22-349_A1,stLearn,Intestine,0.2392019908110914,0.2297046058942481,0.6569654204033939,0.7450980392156863,0.2493565679494926,0.2129239253750499,0.2297046058942481,110.26430006027222,1155.8163948059082,0.099906629318394,0.0640728392186281,0.0484908236261356
1092,10X,Human Colon,V11M22-349_B1,BASS,Intestine,0.8115784183290946,0.741827599679309,0.8792422743166801,0.917677642980936,0.7404495878814331,0.7432107501310761,0.7418275996793092,772.3373420715332,657.04,0.0216637781629116,0.0652465935053843,0.311569864866163
1093,10X,Human Colon,V11M22-349_B1,Banksy,Intestine,0.7101003394049334,0.6732061281855753,0.824323447734779,0.8474870017331021,0.6369351602342221,0.7138575241132596,0.6732061281855753,5.626873302459717,203.66175098419188,0.0199306759098786,0.0649451030163732,0.3207865986828497
1094,10X,Human Colon,V11M22-349_B1,BayesSpace,Intestine,0.5164063156242955,0.5700593959249981,0.702011534446291,0.7946273830155979,0.5505889521818403,0.5909573861517828,0.570059395924998,563.1200200080872,2511.44,0.0285961871750433,0.0653335622444215,0.3208897797265459
1095,10X,Human Colon,V11M22-349_B1,CCST,Intestine,0.7145077792686709,0.686184970673169,0.8320884806640747,0.8623916811091854,0.6322340560118859,0.7508529009355251,0.686184970673169,94.46519780158997,222.0585144042969,0.0483535528596186,0.066878284193102,0.3662124580617558
1096,10X,Human Colon,V11M22-349_B1,CellCharter,Intestine,0.6447881804660623,0.6396135146428156,0.7762097855306918,0.8294627383015598,0.6307499432795036,0.648939885421482,0.6396135146428156,119.37838501930236,110.3171615600586,0.0294627383015597,0.0661580366640252,0.305295501671938
1097,10X,Human Colon,V11M22-349_B1,DeepST,Intestine,0.6642033551993227,0.6613343743418975,0.7988522093671225,0.8258232235701906,0.6158186170654181,0.7216011398317812,0.6613343743418975,124.63050808906556,924.5441705703736,0.0178509532062391,0.0650763825656065,0.2916758140246026
1098,10X,Human Colon,V11M22-349_B1,GraphST,Intestine,0.6342167025820563,0.6504357236722866,0.7905420751711868,0.7876949740034662,0.5774336815449219,0.7445676781141092,0.6504357236722866,9.12818102836609,141.55746841430664,0.0181975736568457,0.0654127289562331,0.1633236884316116
1099,10X,Human Colon,V11M22-349_B1,PRECAST,Intestine,0.1662077706169538,0.2540847252280593,0.5572965344021231,0.6265164644714039,0.2132108607124123,0.3143470302679451,0.2540847252280593,22.23677401542664,325.5,0.0606585788561525,0.0694775628382228,0.0957748317390465
1100,10X,Human Colon,V11M22-349_B1,SEDR,Intestine,0.7097371315115335,0.6604910781902412,0.8208770544474747,0.8509532062391681,0.6354248002768216,0.6876263245814839,0.6604910781902413,10.095424699783326,292.90106735229494,0.0162911611785095,0.0656317359518514,0.3089392543785459
1101,10X,Human Colon,V11M22-349_B1,STAGATE,Intestine,0.8097932066490957,0.7507905412711592,0.8778699915166222,0.917677642980936,0.7513639627931401,0.7502180385848156,0.7507905412711591,20.517078399658203,89.92761878967285,0.036741767764298,0.0655287458885762,0.2926118454755576
1102,10X,Human Colon,V11M22-349_B1,SpaGCN,Intestine,0.5599245427415431,0.5936896239258461,0.7160492617666447,0.791161178509532,0.5974789139341554,0.5899480953613414,0.5936896239258461,16.060379648208617,186.66814689636232,0.058058925476603,0.0665156418200413,0.2224116387248203
1103,10X,Human Colon,V11M22-349_B1,SpaceFlow,Intestine,0.628365622240264,0.6194163379550726,0.7716365865642125,0.8093587521663779,0.5967567177639369,0.6438647091758768,0.6194163379550726,12.368846321105956,89.92846927642822,0.0294627383015597,0.0653958911309521,0.3006485332552306
1104,10X,Human Colon,V11M22-349_B1,SpatialMGCN,Intestine,0.3819587441004672,0.5017249668517498,0.6458878493910613,0.7521663778162911,0.4592349283969842,0.5528793148707565,0.5017249668517498,19.554480266571044,122.70188846588135,0.024263431542461,0.0649399304076259,0.2117152160541099
1105,10X,Human Colon,V11M22-349_B1,stLearn,Intestine,0.5113608280639279,0.5716680119748986,0.6988593016150111,0.7946273830155979,0.5538631394189915,0.5906556421014976,0.5716680119748987,118.98168153762818,1290.3457849502563,0.0285961871750433,0.0650423155223873,0.313120443867966
1301,10X,Human Liver,GSM5764424,BASS,Liver,0.1869184578864227,0.2590894650204143,0.505136915120027,0.645367412140575,0.2612111872078778,0.2570019330528599,0.2590894650204142,872.9232519626618,797.7,0.0447284345047923,0.1098014745159889,0.1599877364895134
1302,10X,Human Liver,GSM5764424,Banksy,Liver,0.2176902565239068,0.2772288501863164,0.5266034207039128,0.6629392971246006,0.2792394850669314,0.2754337712678589,0.2772288501863164,5.376718902587891,414.2691488265991,0.0456869009584664,0.1103602068864092,0.0742280268195386
1303,10X,Human Liver,GSM5764424,BayesSpace,Liver,0.1184458713769422,0.1428171048265488,0.4622478354001174,0.6437699680511182,0.1446655717329478,0.1410152795926583,0.1428171048265488,311.69064593315125,1550.86,0.047923322683706,0.1090807933812132,0.1557010347785375
1304,10X,Human Liver,GSM5764424,CCST,Liver,0.1124054185375643,0.1772695554624623,0.6564197372090159,0.6220447284345048,0.1101165787020749,0.45516800325016,0.1772695554624623,64.84282231330872,488.4514024734497,0.0166134185303514,0.1091906280322619,0.3294795173041839
1305,10X,Human Liver,GSM5764424,CellCharter,Liver,0.1347342464308426,0.2457387013347906,0.4352063810005903,0.6281150159744409,0.268131775564384,0.2270007526067624,0.2457387013347906,74.46868185997009,359.4615465164185,0.1801916932907347,0.1180192696326195,-0.0167215754284107
1306,10X,Human Liver,GSM5764424,DeepST,Liver,0.1578153409995042,0.2852711382754631,0.436021164359878,0.6313099041533546,0.3198282330859838,0.2574664200397656,0.2852711382754631,63.55735850334168,1098.543742752075,0.2172523961661341,0.1162448263781063,-0.0307055809146593
1307,10X,Human Liver,GSM5764424,GraphST,Liver,0.0529037717861377,0.1258689893302415,0.4011476799682335,0.6054313099041534,0.1296074464312278,0.1223401533893464,0.1258689893302416,8.332276010513306,301.86491680145264,0.1054313099041533,0.1147130352897478,0.1922673534243367
1308,10X,Human Liver,GSM5764424,PRECAST,Liver,0.252194110734083,0.351596663098729,0.5382340592193107,0.6964856230031949,0.3608920824403508,0.3427680602774958,0.351596663098729,4.458220052719116,250.3,0.1166134185303513,0.1201573254443985,0.1181387631420249
1309,10X,Human Liver,GSM5764424,SEDR,Liver,0.1068388061579128,0.1680088230223523,0.4265979466009727,0.6102236421725239,0.1803854887305722,0.1573484479253346,0.1680088230223523,8.884124183654786,647.4359323501587,0.0408945686900958,0.108021675152319,0.0619953854384815
1310,10X,Human Liver,GSM5764424,STAGATE,Liver,0.20533108332391,0.2887076495183227,0.509936822926002,0.663258785942492,0.2958843044452018,0.2818715803588518,0.2887076495183227,15.377919673919678,333.34860649108884,0.100958466453674,0.1133063311612501,0.1354114328748822
1311,10X,Human Liver,GSM5764424,SpaGCN,Liver,0.0694353031160536,0.1863325223233469,0.3736090946845666,0.5814696485623003,0.2089942362932958,0.1681045669464511,0.1863325223233468,33.470258474349976,767.4995218276978,0.1964856230031949,0.1199758945585612,-0.0153017576370288
1312,10X,Human Liver,GSM5764424,SpaceFlow,Liver,0.1038947954554199,0.2225606808940292,0.4136961733206938,0.6220447284345048,0.2414569878814427,0.2065606905675928,0.2225606808940292,12.115742444992064,430.09412879943847,0.0367412140575079,0.1072823370520205,0.1595352967387673
1313,10X,Human Liver,GSM5764424,SpatialMGCN,Liver,0.0097757163471484,0.1285426198990016,0.4420244292094903,0.6198083067092651,0.1215274218063096,0.1364173420264863,0.1285426198990016,11.999386882781982,430.815093421936,0.0463258785942492,0.1094184638454604,-0.1507318254780323
1314,10X,Human Liver,GSM5764424,stLearn,Liver,0.1954965309458209,0.3167206531476711,0.6834708486954905,0.6517571884984026,0.2056522628947453,0.6886408560577553,0.3167206531476711,60.100745582580565,1055.1064004898071,0.0367412140575079,0.1087425560816342,0.2122700745214139
1315,10X,Human Liver,GSM5764425,BASS,Liver,0.2003871730198624,0.2781887843339765,0.5152356529635397,0.7142857142857143,0.2922871551362812,0.2653878903538576,0.2781887843339764,827.5029859542847,555.0600000000001,0.0997304582210242,0.1473109941679104,0.0480350200277788
1316,10X,Human Liver,GSM5764425,Banksy,Liver,0.0244633868679312,0.0502685980798089,0.4727559405292522,0.5929919137466307,0.0505136063220337,0.0500259551124946,0.0502685980798089,4.5886555194854735,364.2325016021729,0.0404312668463611,0.1531871094970613,-0.0718911170817354
1317,10X,Human Liver,GSM5764425,BayesSpace,Liver,0.1586630789902407,0.1869211389283926,0.52692579588755,0.6253369272237197,0.1809357849667615,0.1933160313157388,0.1869211389283926,188.0883279800415,1183.9599999999998,0.045822102425876,0.1471828166853258,-0.1742355938302765
1318,10X,Human Liver,GSM5764425,CCST,Liver,0.061237395379193,0.0736230857830146,0.460111088875738,0.615633423180593,0.0720344828326507,0.0766176931257578,0.0736230857830146,55.1859444141388,395.211912536621,0.0172506738544473,0.1467719992723357,0.1657388820631555
1319,10X,Human Liver,GSM5764425,CellCharter,Liver,0.053485262484833,0.0955386534317272,0.3893034514463098,0.615633423180593,0.1123494928840814,0.0831139930535906,0.0955386534317272,25.304438400268555,313.22967739105223,0.2393530997304582,0.1510259571848775,-0.02995133145511
1320,10X,Human Liver,GSM5764425,DeepST,Liver,0.0741458278710291,0.1250273489677683,0.4004440566659369,0.6355795148247978,0.1467829682910253,0.1090484286612586,0.1250273489677683,52.8256413936615,758.2624820709228,0.0814016172506738,0.1495321970776579,0.0793010444016564
1321,10X,Human Liver,GSM5764425,GraphST,Liver,0.0505404784807631,0.0894920272312989,0.4252912612859433,0.628032345013477,0.0996894666276506,0.0811872204334035,0.0894920272312989,7.733019256591797,252.78368759155276,0.1266846361185983,0.1509197265474462,-0.1700951989733632
1322,10X,Human Liver,GSM5764425,PRECAST,Liver,0.3148936859085188,0.3282904200837223,0.5831485927734088,0.7358490566037735,0.3641554455547739,0.2988565657411909,0.3282904200837223,2.856969976425171,166.42,0.2318059299191373,0.1614307312867583,0.0390616664534975
1323,10X,Human Liver,GSM5764425,SEDR,Liver,0.0419632598480734,0.1344202946815011,0.4577190623545322,0.6663072776280323,0.1421792483501872,0.1277468370296698,0.1344202946815011,6.700853538513184,573.7923110961914,0.0382749326145552,0.1462469395234812,-0.1605435910547765
1324,10X,Human Liver,GSM5764425,STAGATE,Liver,0.1131304073514431,0.163727891413374,0.4445798566836812,0.6382749326145553,0.1860596673940174,0.1462621394478208,0.163727891413374,13.191762781143188,275.08563842773435,0.1714285714285713,0.152608648935514,-0.0501232149509736
1325,10X,Human Liver,GSM5764425,SpaGCN,Liver,0.1602704578035226,0.2015626062113263,0.4596829972414544,0.6711590296495957,0.2378400712960576,0.1748872591840528,0.2015626062113264,25.875312757492065,659.865305519104,0.1913746630727762,0.1513088345754618,0.0325799495263122
1326,10X,Human Liver,GSM5764425,SpaceFlow,Liver,0.1089438439416631,0.1764262441528797,0.4320359403361569,0.7137466307277628,0.2048141515828293,0.1549820365484043,0.1764262441528797,8.941031360626221,364.3953147888184,0.0307277628032344,0.1458772913572771,-0.0286987804157691
1327,10X,Human Liver,GSM5764425,SpatialMGCN,Liver,0.1409914150647306,0.2005655003557685,0.5161977203074289,0.7088948787061995,0.2113605499111,0.1908195631809664,0.2005655003557685,7.434660482406616,352.4873233795166,0.0754716981132075,0.1467752039593624,-0.1179294891659384
1328,10X,Human Liver,GSM5764425,stLearn,Liver,0.0595328391315015,0.1137321259020988,0.5057882991766743,0.5983827493261455,0.0983062176493385,0.1349002580233525,0.1137321259020988,37.84727835655213,641.9955814361572,0.0862533692722372,0.1451065736612965,-0.3405426361445401
1329,10X,Human Liver,GSM5764426,BASS,Liver,0.3241274796165759,0.4564478221880451,0.5446588337967776,0.6969869243888573,0.4625290967266559,0.4505243841049703,0.4564478221880451,850.2450580120087,1089.86,0.2205798749289368,0.0804489429976738,-0.0681161640133614
1330,10X,Human Liver,GSM5764426,Banksy,Liver,0.2289416100569759,0.3711814392512234,0.524148630936709,0.5463331438317226,0.3351345610841038,0.4159172571494776,0.3711814392512234,9.507881212234498,669.0415632247925,0.1034678794769754,0.0788240042021589,-0.0955407685036211
1331,10X,Human Liver,GSM5764426,BayesSpace,Liver,0.111642153177282,0.1889870242880492,0.3921946277306998,0.5753268902785673,0.1948078476472247,0.1835039590808743,0.1889870242880492,873.6132700920105,3683.4,0.0818646958499147,0.0796040892662458,0.0614137787928056
1332,10X,Human Liver,GSM5764426,CCST,Liver,0.1662597512784616,0.2201722489366949,0.555969381968688,0.5773735076748152,0.172489508505669,0.321937453828153,0.2201722489366949,116.39772901535034,837.3951833724975,0.034451392836839,0.0787264561015257,-0.1174324927630239
1333,10X,Human Liver,GSM5764426,CellCharter,Liver,0.2033374217643915,0.281628058700783,0.4518798000060308,0.6343376918703809,0.2926395067870122,0.271423334407543,0.2816280587007829,167.9843378543854,498.77332229614257,0.2536668561682774,0.0828570235141269,-0.0348474690482905
1334,10X,Human Liver,GSM5764426,DeepST,Liver,0.316029858716494,0.4273913137777942,0.527029036429878,0.6828880045480387,0.4479409710469569,0.4087194149610511,0.4273913137777942,140.61242046356202,2645.735811805725,0.2868675383740761,0.0801558788893229,-0.0452348185751627
1335,10X,Human Liver,GSM5764426,GraphST,Liver,0.1066232569694824,0.1882341125595488,0.4236723184609975,0.5633882888004548,0.1811875542031405,0.1958509442674885,0.1882341125595488,12.673669910430908,567.4127550125122,0.1887436043206367,0.0829987317963438,-0.0219673725875139
1336,10X,Human Liver,GSM5764426,PRECAST,Liver,0.2773136954497845,0.4226537428018782,0.5434761314501786,0.5992040932347925,0.3963335649425961,0.4527183893032545,0.4226537428018782,12.833887958526612,586.48,0.1677089255258669,0.0832386568517267,-0.0635442545840268
1337,10X,Human Liver,GSM5764426,SEDR,Liver,0.0497844909373357,0.1119631027027921,0.385608941053596,0.5397384877771461,0.1075968281383095,0.1174513283048627,0.1119631027027921,16.027293062210084,1480.828285598755,0.0267197271176804,0.0780176987354585,0.0684757181330725
1338,10X,Human Liver,GSM5764426,STAGATE,Liver,0.3169303262236861,0.4576199779579212,0.5515710148687086,0.6460488914155771,0.4512252925539345,0.4663701704128041,0.4576199779579212,30.61554112434387,567.1175142288208,0.2022740193291642,0.0803225308400928,-0.0674565300196981
1339,10X,Human Liver,GSM5764426,SpaGCN,Liver,0.188298718670465,0.2860852506832829,0.4277001935419144,0.6344513928368392,0.3062125656068155,0.2684406774055014,0.2860852506832829,70.75170187950134,1086.969228363037,0.2177373507674815,0.0830672105193964,-0.0168230429946016
1340,10X,Human Liver,GSM5764426,SpaceFlow,Liver,0.1491473341779509,0.2089754836926823,0.4253655863993028,0.5778283115406481,0.2135223845099165,0.2046734160304268,0.2089754836926823,24.759070730209352,678.5146415710449,0.0469584991472427,0.0781759756241306,-0.0124635288779376
1341,10X,Human Liver,GSM5764426,SpatialMGCN,Liver,0.2351261476926309,0.2980425270862903,0.4956886748716811,0.6293348493462194,0.2897108912399655,0.3068675621761283,0.2980425270862903,36.59325132369995,710.6082178115845,0.1125639567936327,0.0788927889954276,-0.0910737056623058
1342,10X,Human Liver,GSM5764426,stLearn,Liver,0.1454868200048167,0.2839224310293666,0.6214583994317199,0.5656623081296192,0.1774298523681732,0.7101529617510038,0.2839224310293666,168.42724928855895,2811.25771446228,0.0318362706083001,0.0807601774151664,-0.0827132007330469
1343,10X,Human Liver,GSM5764427,BASS,Liver,0.6034014284515758,0.5498798509151411,0.7526329125102277,0.831306990881459,0.5359961879231178,0.5645018838518486,0.5498798509151412,815.9474400043488,1287.8200000000002,0.0577507598784194,0.1150021444884738,0.0080773398389757
1344,10X,Human Liver,GSM5764427,Banksy,Liver,0.2307413500181994,0.2687808759119967,0.4827459919974132,0.6702127659574468,0.2875014866309631,0.2523492003725879,0.2687808759119967,5.516322803497315,454.82251052856446,0.0410334346504559,0.1159389765234859,0.1531582073554684
1345,10X,Human Liver,GSM5764427,BayesSpace,Liver,0.1679212435352547,0.2042210977892868,0.4558825633402342,0.6306990881458967,0.2110242104041096,0.1978429304073073,0.2042210977892868,328.3248799324036,1636.44,0.0896656534954407,0.1144611683011191,0.1790775878601539
1346,10X,Human Liver,GSM5764427,CCST,Liver,0.179598505693784,0.2428181736001938,0.6267600600200284,0.5337386018237081,0.1721494786500664,0.4351336084926649,0.2428181736001938,66.17728071212768,512.7094648361206,0.0212765957446808,0.1145504138392897,0.1998239662945066
1347,10X,Human Liver,GSM5764427,CellCharter,Liver,0.2859711279667241,0.3122850967874412,0.5072335248201444,0.7106382978723405,0.3447796777093327,0.2853938883186684,0.3122850967874412,75.63000073432923,355.36055240631106,0.2045592705167173,0.1212868507856581,-0.006899631763856
1348,10X,Human Liver,GSM5764427,DeepST,Liver,0.3506492955807596,0.4318454887883886,0.5551788736163805,0.7486322188449848,0.4730731523268913,0.3973609262648713,0.4318454887883886,65.36233525276184,1145.276117706299,0.243161094224924,0.1168383106498081,-0.0184235873510694
1349,10X,Human Liver,GSM5764427,GraphST,Liver,0.1654107710215095,0.2156237269749214,0.4983783544690585,0.6109422492401215,0.2021705899089211,0.2309949367383868,0.2156237269749214,9.32002091407776,316.1905086517334,0.0820668693009118,0.1142308875637308,0.1038477416816403
1350,10X,Human Liver,GSM5764427,PRECAST,Liver,0.6192877840160202,0.5766435361123643,0.7621294000641681,0.8343465045592705,0.5655983305634905,0.5881287231891165,0.5766435361123643,4.844321966171265,344.7,0.0911854103343465,0.1250017283887947,0.0132925938359497
1351,10X,Human Liver,GSM5764427,SEDR,Liver,0.2584125188153423,0.2910785988034934,0.5108541934810363,0.6683890577507599,0.3069713169667108,0.2768788877320847,0.2910785988034934,8.653095054626466,788.0769510269165,0.0534954407294832,0.1130496508628353,0.1192920990942692
1352,10X,Human Liver,GSM5764427,STAGATE,Liver,0.5662295936525175,0.4983815861052725,0.7183260713510148,0.8224924012158056,0.5073150911696571,0.4906426213524216,0.4983815861052724,16.31752815246582,359.53268699646,0.1361702127659574,0.1192688217802524,0.0387994358569085
1353,10X,Human Liver,GSM5764427,SpaGCN,Liver,0.3105956409297739,0.3359585159670704,0.5234062221687595,0.7203647416413373,0.3723606757650671,0.3060399066422157,0.3359585159670704,20.504737854003903,692.0447629928589,0.2127659574468085,0.1183586376249896,0.0002955766499224
1354,10X,Human Liver,GSM5764427,SpaceFlow,Liver,0.312368309627017,0.3184318931893947,0.5401249224869671,0.7106382978723405,0.3377794420051664,0.3012053554122483,0.3184318931893947,9.625442790985108,455.3502365112305,0.0471124620060789,0.1125337393750808,0.158612556455536
1355,10X,Human Liver,GSM5764427,SpatialMGCN,Liver,0.2287360385764966,0.3135293823708188,0.4670360874636634,0.6869300911854104,0.3459157970071502,0.2866881631931112,0.3135293823708188,11.798116874694824,468.1726421356201,0.1003039513677811,0.1151608019692192,-0.0332610066868194
1356,10X,Human Liver,GSM5764427,stLearn,Liver,0.3131255381523573,0.4121618138230437,0.6660134406316123,0.5820668693009119,0.3252147954050644,0.5625650335567906,0.4121618138230437,65.32626647949219,1120.4119510650637,0.0714285714285714,0.1152824048263681,0.02065249990956
1357,10X,Human Liver,GSM5764428,BASS,Liver,0.1400233352350714,0.2293099667527997,0.5164373268530855,0.6420021762785637,0.2118616328821587,0.2498902299349566,0.2293099667527997,872.6832780361176,629.1600000000001,0.0391730141458106,0.0934620370764292,0.1039346442402911
1358,10X,Human Liver,GSM5764428,Banksy,Liver,0.1582067151211466,0.2343649870794758,0.530184318115521,0.6322089227421109,0.2157132790110524,0.2565474313762322,0.2343649870794758,6.238587236404419,467.4295650482178,0.0457018498367791,0.0975122998057129,0.002763418553384
1359,10X,Human Liver,GSM5764428,BayesSpace,Liver,0.1198970153928689,0.1515904534157673,0.4240608437177732,0.6147986942328618,0.1609105359505585,0.1432909151194711,0.1515904534157674,454.2925840377808,2081.0,0.0435255712731229,0.0924700537960585,0.0537502487471188
1360,10X,Human Liver,GSM5764428,CCST,Liver,0.129094146288745,0.1832298020291948,0.5417482681244605,0.5747551686615886,0.1527555552935155,0.2316549101445099,0.1832298020291948,75.47893004417419,526.6898706436157,0.0387377584330794,0.0955779504097598,-0.0541110810388352
1361,10X,Human Liver,GSM5764428,CellCharter,Liver,0.1221284077005996,0.1875228594237892,0.4122571982883191,0.6047878128400435,0.207217401648538,0.1713461742078549,0.1875228594237892,95.21484322547911,365.9927202224732,0.1788900979325353,0.0985187081796354,-0.0230561316545623
1362,10X,Human Liver,GSM5764428,DeepST,Liver,0.1087013209883604,0.1700300564671811,0.3946342154750605,0.5902067464635474,0.1914693843262666,0.1529091298320288,0.1700300564671811,80.731401014328,1479.3928661346436,0.2322089227421109,0.0975296067561047,-0.0006230096013467
1363,10X,Human Liver,GSM5764428,GraphST,Liver,0.1989968805291271,0.2372194689982746,0.5353470026147052,0.6507072905331882,0.213124278918101,0.2674573981517714,0.2372194689982746,9.55189518928528,344.0758735656738,0.1099020674646354,0.0964547071277554,-0.114240518039521
1364,10X,Human Liver,GSM5764428,PRECAST,Liver,0.1591931280285844,0.2629292815350691,0.5575229444903947,0.5712731229597389,0.2328049143047358,0.3020084055403071,0.2629292815350691,6.774210023880005,339.56,0.1044613710554951,0.1066815690777467,0.0069023832330258
1365,10X,Human Liver,GSM5764428,SEDR,Liver,0.0920496114978922,0.1198119139213119,0.4059093838212669,0.5780195865070729,0.1299856616580625,0.1111492204418745,0.119811913921312,9.16997241973877,834.0513135910035,0.0359085963003264,0.0929574032208343,-0.0084089688979214
1366,10X,Human Liver,GSM5764428,STAGATE,Liver,0.1311827701778871,0.2023324133757916,0.4673223001028551,0.5738846572361262,0.2060257037351338,0.1996466531471958,0.2023324133757916,19.231516218185423,367.4184986114502,0.1227421109902067,0.0988911104463425,0.0065156849239315
1367,10X,Human Liver,GSM5764428,SpaGCN,Liver,0.118459618019308,0.1862987889791695,0.4061833728120884,0.5919477693144722,0.2080988404707559,0.1686330962135369,0.1862987889791695,37.519256067276,852.1080513000488,0.1838955386289445,0.1004998053886372,0.0478592379585228
1368,10X,Human Liver,GSM5764428,SpaceFlow,Liver,0.127782667701991,0.1566889755727794,0.414209697427797,0.6217627856365615,0.1736494685973835,0.1428086870179002,0.1566889755727794,12.425561904907228,467.2345314025879,0.1277475516866158,0.0961411985296564,-0.014986327905718
1369,10X,Human Liver,GSM5764428,SpatialMGCN,Liver,0.1242772159208162,0.1611456685972751,0.4662928934063727,0.6256800870511425,0.1595906225742298,0.162731317452753,0.1611456685972751,19.35084638595581,439.831142616272,0.0554951033732317,0.0926370385377153,-0.2506060349686798
1370,10X,Human Liver,GSM5764428,stLearn,Liver,0.1013995506720601,0.1853254610997705,0.6385583839947949,0.5070729053318824,0.1117084314129312,0.5434931670197067,0.1853254610997706,86.54634866714477,1450.418560600281,0.0163220892274211,0.0941710213040969,-0.2062078289614359
1371,10X,Human Lung,6332STDY10289520,BASS,Lung,0.1493095523049553,0.2987397805997736,0.3481090904387937,0.7207392197125256,0.4045819022324356,0.236792750843367,0.2987397805997737,2047.5458339691163,1453.36,0.12217659137577,0.0823083831235069,-0.0792912615067103
1372,10X,Human Lung,6332STDY10289520,Banksy,Lung,0.1571739547041823,0.3611545200122952,0.3961800297454718,0.7279260780287474,0.443519425734895,0.3046171662796871,0.3611545200122953,12.235712909698488,551.9243188858032,0.1796714579055441,0.0834378370410794,-0.1714419856539147
1373,10X,Human Lung,6332STDY10289520,BayesSpace,Lung,0.1723820471093917,0.358184146198698,0.3717042135515087,0.7541067761806981,0.4780047606433344,0.286394211762509,0.358184146198698,997.056423997879,4003.7,0.2915811088295688,0.0845158880445589,-0.0835051358696266
1374,10X,Human Lung,6332STDY10289520,CCST,Lung,0.2052754703012133,0.3142536914068334,0.4866410723849457,0.7122176591375771,0.3228040886709792,0.3062941547427495,0.3142536914068334,151.90379424095153,534.5858596801758,0.0299794661190964,0.078045397458554,-0.1122401459310305
1375,10X,Human Lung,6332STDY10289520,CellCharter,Lung,0.2124728617387089,0.3623882676791491,0.4030602466756483,0.7495893223819301,0.493163308504792,0.286445403082307,0.3623882676791491,187.27934365272523,322.48967399597166,0.3216632443531827,0.0846580367658197,-0.1114745997210797
1376,10X,Human Lung,6332STDY10289520,DeepST,Lung,0.2238834422151668,0.3826525082144996,0.4115802141813421,0.7798767967145791,0.5240771752646459,0.3013465723880131,0.3826525082144996,149.26160197257997,2798.450570487976,0.3752566735112936,0.0871652591367929,-0.1400146766964135
1377,10X,Human Lung,6332STDY10289520,GraphST,Lung,0.2316212776269402,0.4035082196538689,0.4272349624595303,0.7674537987679672,0.5194773058187095,0.3298678936034028,0.403508219653869,15.886179780960084,483.6577703475952,0.4358316221765913,0.0882694795536988,-0.2339624881452071
1378,10X,Human Lung,6332STDY10289520,PRECAST,Lung,0.3127913839904013,0.4558677676708483,0.4951805094208624,0.7962012320328542,0.5934920089501275,0.370055893526766,0.4558677676708483,29.150610065460206,964.76,0.3844969199178645,0.0914253911588829,-0.1959241149177386
1379,10X,Human Lung,6332STDY10289520,SEDR,Lung,0.1867890889240415,0.3291774565853227,0.3895308601379569,0.7100616016427105,0.4256747956652038,0.2683526293704338,0.3291774565853227,18.47340703010559,1137.2846639633178,0.1890143737166324,0.0795767995702161,-0.1960150426716088
1380,10X,Human Lung,6332STDY10289520,STAGATE,Lung,0.2229777272887551,0.3701356523177689,0.4167848969933437,0.7603696098562629,0.4884157555963971,0.2979906177542621,0.3701356523177689,34.65454573631287,491.7269792556762,0.3487679671457905,0.0825567985041403,-0.1923354852201033
1381,10X,Human Lung,6332STDY10289520,SpaGCN,Lung,0.2193891745122714,0.3538836786405102,0.4117605154526098,0.7515400410677618,0.4634968943397831,0.2861997775545025,0.3538836786405101,22.62256135940552,721.5902847290039,0.4004106776180698,0.0879739060857822,-0.1711819875167244
1382,10X,Human Lung,6332STDY10289520,SpaceFlow,Lung,0.160969770678609,0.3115499787069225,0.3512552350505126,0.7221765913757701,0.4314475529066818,0.2438031581866574,0.3115499787069224,16.689943695068358,491.71436462402346,0.3833675564681725,0.084908873928887,-0.1312395124964099
1383,10X,Human Lung,6332STDY10289520,SpatialMGCN,Lung,0.2156929523901282,0.3390304476439114,0.4076178612706648,0.7315195071868583,0.449914660742989,0.2719954977588119,0.3390304476439114,43.26328082084656,463.084983253479,0.4188911704312115,0.0838199895909507,-0.2608853193868476
1384,10X,Human Lung,6332STDY10289520,stLearn,Lung,0.3044261471457146,0.4501402681458534,0.487899197403496,0.7849075975359343,0.5686268287908052,0.3725176035312161,0.4501402681458534,214.5700472354889,3338.04388256073,0.5061601642710473,0.0872914863526017,-0.3812499667705157
1385,10X,Human Lung,6332STDY10289521,BASS,Lung,0.1194111623348958,0.2761877651336972,0.409037765312403,0.844695441710367,0.4261855684145954,0.2042878108861296,0.2761877651336972,2293.131694030761,1471.76,0.0956030657523194,0.0611609902984158,-0.0707631036596948
1386,10X,Human Lung,6332STDY10289521,Banksy,Lung,0.0947846439963796,0.2924730804970261,0.3656827770171532,0.8265429608713191,0.4789418567175963,0.2105130174951343,0.2924730804970261,12.100547695159912,684.433596420288,0.599838644614764,0.0791266095406866,-0.2463113053961435
1387,10X,Human Lung,6332STDY10289521,BayesSpace,Lung,0.1118185274937939,0.2798360401117735,0.4051674508146199,0.8414683340056474,0.4282945863734061,0.2078051323353362,0.2798360401117736,1274.2535019874572,5487.68,0.1924162968939088,0.0660291971518459,-0.1233397482889856
1388,10X,Human Lung,6332STDY10289521,CCST,Lung,0.1350437424931132,0.2497698011744732,0.4443720611520262,0.8218636546994755,0.3606935398844816,0.1911348011398565,0.2497698011744732,212.71584258079528,848.5251747131348,0.0544574425171439,0.0594157064661866,-0.2003097918863163
1389,10X,Human Lung,6332STDY10289521,CellCharter,Lung,0.0644049150763563,0.256444627635344,0.3121797885676601,0.8154901169826543,0.4361350823606634,0.1816243306764073,0.256444627635344,224.86290493011475,377.9227304458618,0.4162162162162161,0.0721915335581707,-0.1742236201460615
1390,10X,Human Lung,6332STDY10289521,DeepST,Lung,0.0504305866379866,0.2270467193209887,0.2927481975323004,0.8248487293263412,0.3865460577850814,0.1607376382650085,0.2270467193209887,181.59112706184388,3518.692872619629,0.2351754739814441,0.0657253360751671,-0.1153933388588334
1391,10X,Human Lung,6332STDY10289521,GraphST,Lung,0.1180637088182013,0.2995431965897818,0.4050920796881455,0.8442920532472771,0.4666380041556658,0.2205633617665356,0.2995431965897818,20.35936322212219,597.6049018859864,0.4945542557482856,0.0714624212723394,-0.3305074022420142
1392,10X,Human Lung,6332STDY10289521,PRECAST,Lung,0.1566577041366809,0.3559933324730146,0.4479863713633865,0.8652682533279549,0.5492447261218931,0.2633380231747547,0.3559933324730145,50.378208017349245,1202.66,0.3622428398547802,0.0796008128644557,-0.2777863597023067
1393,10X,Human Lung,6332STDY10289521,SEDR,Lung,0.094671503652081,0.2381963252217887,0.3691549903354804,0.8191206131504639,0.3869133737234915,0.1720635889535706,0.2381963252217887,22.770525598526,1682.468190574646,0.2048406615570794,0.0639251957574297,-0.1547796794082756
1394,10X,Human Lung,6332STDY10289521,STAGATE,Lung,0.0984915157137738,0.2734138091154324,0.3757400491798993,0.8336425978217022,0.4408780565499189,0.198149100603715,0.2734138091154324,44.66344799995422,614.9412942886353,0.2559096409842678,0.0646079546561497,-0.1755799580002095
1395,10X,Human Lung,6332STDY10289521,SpaGCN,Lung,0.0603970761481966,0.2606234455724149,0.3179019672338532,0.8281565147236789,0.4269916753345583,0.1875489744092065,0.2606234455724149,41.75243043899536,834.6137866973877,0.6127470754336426,0.0852004858296152,-0.2414625372261467
1396,10X,Human Lung,6332STDY10289521,SpaceFlow,Lung,0.0522465758384141,0.2468137758081022,0.294283398287822,0.8249294070189592,0.4205236354347917,0.1746670434724417,0.2468137758081022,21.1206018447876,614.9255739212036,0.3618394513916901,0.0679155190663325,-0.2274497295711165
1397,10X,Human Lung,6332STDY10289521,SpatialMGCN,Lung,0.05933409527646,0.2615050848635782,0.3093730832784589,0.8346107301331183,0.441991040666738,0.1856822103531114,0.2615050848635782,54.992293214797975,569.8981595993042,0.2351754739814441,0.0630710743237772,-0.1500558335929661
1398,10X,Human Lung,6332STDY10289521,stLearn,Lung,0.159273900182727,0.3463208110375653,0.4762326180445485,0.8555869302137958,0.4703970638048215,0.2740380234153421,0.3463208110375653,264.87275099754333,4245.720349884034,0.6938281565147236,0.0787539487658719,-0.3910570871711221
1399,10X,Human Lung,6332STDY10289522,BASS,Lung,0.0679383683384727,0.1757172466033515,0.406146299229349,0.8823889739663093,0.3270466142147101,0.1201308860478115,0.1757172466033515,2042.5800359725952,2083.34,0.1185298621745788,0.0659646187916919,-0.1350723860977594
1400,10X,Human Lung,6332STDY10289522,Banksy,Lung,0.2814832423847417,0.267208842827105,0.6795781243304797,0.8845329249617151,0.3950817756866582,0.2018709122952301,0.2672088428271051,20.3060706615448,691.6289537429809,0.2686064318529862,0.0710077528376311,-0.2671029914203942
1401,10X,Human Lung,6332STDY10289522,BayesSpace,Lung,0.0630476450300894,0.230547336455928,0.3766419014921884,0.9078101071975496,0.4517226349739471,0.154768569089892,0.230547336455928,1663.2334300518037,7095.0,0.2833078101071976,0.070252016749329,-0.0891390664217055
1402,10X,Human Lung,6332STDY10289522,CCST,Lung,0.0356977292968543,0.110419669173528,0.343223839952614,0.8431852986217457,0.2181317866362607,0.0739542521297645,0.110419669173528,313.6595765113831,1073.6785123825073,0.1011944869831546,0.0623021171939399,-0.2318607377342855
1403,10X,Human Lung,6332STDY10289522,CellCharter,Lung,0.0356857688921796,0.1649845004501672,0.3062246246633577,0.8583154670750384,0.3518031389696783,0.107761776356344,0.1649845004501672,235.22260255813603,380.2841171264648,0.465114854517611,0.0697121274938164,-0.1267673741540777
1404,10X,Human Lung,6332STDY10289522,DeepST,Lung,0.0359304717103637,0.1511040042039603,0.3178865030906454,0.8801225114854517,0.3130012658827608,0.0996134345829588,0.1511040042039603,241.8597008228302,4566.495279312134,0.2511485451761102,0.0653435884129289,-0.1698709866737242
1405,10X,Human Lung,6332STDY10289522,GraphST,Lung,0.0922288717685068,0.2260413138610664,0.431495534333994,0.8964777947932617,0.4276452745630698,0.1536203690227643,0.2260413138610664,20.712322664260864,803.3985794067382,0.5705972434915774,0.0702807861762502,-0.2248458448315276
1406,10X,Human Lung,6332STDY10289522,PRECAST,Lung,0.1540244898397933,0.3100616740390908,0.5089978147974941,0.9050535987748852,0.5679151554115698,0.2132422036332819,0.3100616740390908,51.95054793357849,1245.62,0.3978560490045942,0.0756471106490645,-0.1851420938110209
1407,10X,Human Lung,6332STDY10289522,SEDR,Lung,0.0655121379059665,0.1795716451149019,0.405122020147515,0.8796937212863707,0.3379515874041174,0.1222800462918749,0.1795716451149019,23.35744090080261,1939.7601781845087,0.1852986217457886,0.0631856437957244,-0.2243477514664818
1408,10X,Human Lung,6332STDY10289522,STAGATE,Lung,0.1502253830214361,0.2433860976705345,0.5236256089026478,0.8973353751914243,0.4217899379235418,0.1711721666151631,0.2433860976705345,59.26860055923462,621.58208694458,0.3121592649310872,0.0658893937681612,-0.2518558393025158
1409,10X,Human Lung,6332STDY10289522,SpaGCN,Lung,0.0380989364725168,0.1627661703445767,0.3713525958687246,0.8826952526799389,0.301039577866768,0.1115356496192321,0.1627661703445767,58.68889708518982,970.2998613357544,0.4245022970903521,0.0757733303975546,-0.1410071161156894
1410,10X,Human Lung,6332STDY10289522,SpaceFlow,Lung,0.0207724730054862,0.1177632407661806,0.2895006228747107,0.8510872894333843,0.2493352164937953,0.077100263929177,0.1177632407661806,29.15976557731629,621.566782951355,0.3956508422664624,0.0685204836532826,-0.1277691037017151
1411,10X,Human Lung,6332STDY10289522,SpatialMGCN,Lung,0.0335385578002071,0.1541851048496583,0.3156586824545856,0.8713629402756509,0.3238511869723352,0.1011778763295974,0.1541851048496583,64.75567588806152,551.7548643112183,0.2447166921898928,0.0643619989005517,-0.1217615804971944
1412,10X,Human Lung,6332STDY10289522,stLearn,Lung,0.0796151955435888,0.2555277493798423,0.4266923607101775,0.908728943338438,0.4470307289673386,0.1788922879814492,0.2555277493798423,348.2870942115784,5538.60185546875,0.6275650842266463,0.0744735531327991,-0.3113499599152307
1413,10X,Human Lung,6332STDY10289523,BASS,Lung,0.3627776222307436,0.5658860629506732,0.5152685459453507,0.6822066822066822,0.5752710235120979,0.5568023991762098,0.5658860629506733,1744.5798080921172,2059.76,0.0582750582750582,0.0607017761211276,0.022177092606569
1414,10X,Human Lung,6332STDY10289523,Banksy,Lung,0.4717052790391727,0.5592506286944627,0.5786859829983937,0.777000777000777,0.6274340305838372,0.5044337011807487,0.5592506286944626,8.077851724624633,323.8322225570679,0.3061383061383061,0.0723461273562244,-0.1064565945826561
1415,10X,Human Lung,6332STDY10289523,BayesSpace,Lung,0.2955196990364658,0.5277199432666115,0.4264737492216554,0.7723387723387724,0.640563990511791,0.4486790368442537,0.5277199432666115,661.2726699829102,2851.6,0.3644133644133644,0.0721131670462448,-0.1017747215615456
1416,10X,Human Lung,6332STDY10289523,CCST,Lung,0.3140303878308429,0.5227486715922292,0.4698871446502007,0.6756798756798756,0.5592728044317147,0.4911785316339367,0.5227486715922292,102.2995122909546,309.64216861724856,0.0512820512820512,0.0597389123338616,0.0037595173111439
1417,10X,Human Lung,6332STDY10289523,CellCharter,Lung,0.3143159727072867,0.4960185445130823,0.4442987758951099,0.6946386946386947,0.579677841713798,0.4335295812329248,0.4960185445130823,133.20741319656372,224.2545946121216,0.1847707847707847,0.0666766591698494,-0.0287080391073277
1418,10X,Human Lung,6332STDY10289523,DeepST,Lung,0.2665875577338864,0.4970656967525689,0.3993291670040358,0.7569541569541569,0.6068780908478377,0.4209363805577568,0.4970656967525689,100.14732031822204,1898.94891872406,0.2348096348096347,0.0660105717956252,-0.0943318520392353
1419,10X,Human Lung,6332STDY10289523,GraphST,Lung,0.3682915450266762,0.5392262990523999,0.4928526773184555,0.7832167832167832,0.6466731183277972,0.4623974714166151,0.5392262990523998,11.742610597610474,287.5165107727051,0.5524475524475524,0.0750634970322055,-0.1934322889348579
1420,10X,Human Lung,6332STDY10289523,PRECAST,Lung,0.3439237108570093,0.5432378584913348,0.4692438346503473,0.7801087801087802,0.6418758083227734,0.4708774626953561,0.5432378584913349,22.65533604621887,678.08,0.3286713286713286,0.0751283098123252,-0.1288063803185368
1421,10X,Human Lung,6332STDY10289523,SEDR,Lung,0.3335209515109876,0.5001386327024806,0.4599297810860666,0.7342657342657344,0.579611411975922,0.4398857187747376,0.5001386327024806,14.521673727035523,804.519097518921,0.1944055944055943,0.0644276601509059,-0.1862615565009108
1422,10X,Human Lung,6332STDY10289523,STAGATE,Lung,0.3245394096461554,0.5219886154458923,0.4516904812858265,0.7463869463869464,0.6178017524549103,0.4519398558436932,0.5219886154458923,24.12810516357422,279.6619819641113,0.3653457653457653,0.0693933779425591,-0.1677539200204085
1423,10X,Human Lung,6332STDY10289523,SpaGCN,Lung,0.3107499778550658,0.5133141769732381,0.4397411218072265,0.7599067599067599,0.614315592755503,0.4408351809524581,0.5133141769732381,20.589881563186644,378.0624864578247,0.3247863247863248,0.0728010969945321,-0.1925087969884722
1424,10X,Human Lung,6332STDY10289523,SpaceFlow,Lung,0.2222657197406871,0.4562598944701691,0.3567230463662495,0.6825174825174825,0.5607368802951878,0.3846070088627801,0.4562598944701691,16.32318243980408,279.64740390777587,0.3069153069153069,0.0694457783565394,-0.1314349560324584
1425,10X,Human Lung,6332STDY10289523,SpatialMGCN,Lung,0.2726544919493391,0.4820101641754806,0.4047964680713943,0.7078477078477079,0.5863299796645562,0.4092045081925378,0.4820101641754805,23.359929370880128,291.6840309143066,0.1903651903651903,0.0644953152760622,-0.1101416495033348
1426,10X,Human Lung,6332STDY10289523,stLearn,Lung,0.377806125827377,0.5757053944224392,0.5270589048191258,0.6938616938616938,0.5934603246838255,0.5589819748965463,0.5757053944224392,140.73830642700196,2077.512680053711,0.2004662004662004,0.0641307026259452,-0.1221768090325642
1427,10X,Human Lung,6332STDY9479166,BASS,Lung,0.1535946941946701,0.2027797375783871,0.5132379662295448,0.7654723127035831,0.2320092825874346,0.1800910755559653,0.2027797375783872,1228.2828179836274,920.66,0.0423452768729641,0.0929904589132116,-0.0708046024619025
1428,10X,Human Lung,6332STDY9479166,Banksy,Lung,0.0842732784993569,0.2082185284355663,0.3531408523098474,0.755700325732899,0.3237683791407065,0.1534527157734876,0.2082185284355663,4.67134656906128,224.36772575378416,0.3566775244299674,0.1130428537573505,-0.130612853457627
1429,10X,Human Lung,6332STDY9479166,BayesSpace,Lung,0.1053777134860222,0.2650818048938188,0.3873100552427452,0.8241042345276874,0.3960771657408822,0.1992000050761562,0.2650818048938188,317.91617999076846,1545.2,0.3159609120521172,0.1097945094909134,-0.0596360806464806
1430,10X,Human Lung,6332STDY9479166,CCST,Lung,0.0871330072002619,0.2119860036945081,0.4824989781339157,0.7625407166123779,0.2409141254557467,0.1894246900401224,0.2119860036945081,74.22591109275818,206.19075050354004,0.0684039087947882,0.0912517656500615,-0.3729628772420337
1431,10X,Human Lung,6332STDY9479166,CellCharter,Lung,0.0704399553780448,0.2520082025557937,0.3296375366123162,0.7833876221498371,0.39622835420899,0.1847765277070731,0.2520082025557938,76.6127956867218,179.8050895690918,0.7596091205211726,0.1415925561804061,-0.2351224767449604
1432,10X,Human Lung,6332STDY9479166,DeepST,Lung,0.0480161446078905,0.1915211407011604,0.3067668545397487,0.758957654723127,0.3010344044657506,0.1404537363553822,0.1915211407011604,66.45800757408142,1008.3920934677124,0.4400651465798045,0.1206595442458083,-0.175250680440268
1433,10X,Human Lung,6332STDY9479166,GraphST,Lung,0.2468168728983923,0.3571677506059354,0.5462719285758761,0.8143322475570033,0.481879938714627,0.2837359176983848,0.3571677506059354,9.325755262374878,199.7564910888672,0.5928338762214984,0.1154989330322265,-0.3688167371325216
1434,10X,Human Lung,6332STDY9479166,PRECAST,Lung,0.3165928275302777,0.4198417457205013,0.5964783405102957,0.8257328990228012,0.5698562493216776,0.3323505525867501,0.4198417457205011,9.48837203979492,338.52000000000004,0.4885993485342019,0.1451863853603367,-0.2767027530688417
1435,10X,Human Lung,6332STDY9479166,SEDR,Lung,0.0268525258410063,0.1252722508632054,0.301693755430112,0.7325732899022801,0.1908658096447573,0.0932393844531628,0.1252722508632054,7.523320722579956,408.9939039230347,0.0472312703583061,0.0935167850580202,-0.0137599232370328
1436,10X,Human Lung,6332STDY9479166,STAGATE,Lung,0.1782077439418853,0.327583196863303,0.4742588652937495,0.8358306188925082,0.4628555037413733,0.2535796753200602,0.327583196863303,14.855322980880738,191.705558013916,0.575244299674267,0.1165629935787276,-0.3063876096332751
1437,10X,Human Lung,6332STDY9479166,SpaGCN,Lung,0.0688144077559181,0.2334237472845336,0.3279292799487827,0.7768729641693811,0.3671996762930199,0.1710924115564449,0.2334237472845336,10.318212080001832,303.0470375061035,0.7133550488599348,0.1487311481520485,-0.2034022359597853
1438,10X,Human Lung,6332STDY9479166,SpaceFlow,Lung,0.0263800285532548,0.1552163923742448,0.2690288000407629,0.7312703583061889,0.2504663976115414,0.1124601077492826,0.1552163923742448,16.621289205551147,193.25221920013428,0.1452768729641693,0.1003498067216094,-0.0179535431960011
1439,10X,Human Lung,6332STDY9479166,SpatialMGCN,Lung,0.0819051363546039,0.2228196607989109,0.4105725933902836,0.7931596091205212,0.308541672537722,0.1743735311136692,0.2228196607989109,11.323601865768431,205.76032485961915,0.1270358306188925,0.0986960567278482,-0.1644425817022017
1440,10X,Human Lung,6332STDY9479166,stLearn,Lung,0.1391567170253454,0.3583504060021363,0.4803088823158211,0.8338762214983714,0.4382878217921673,0.3030740448261225,0.3583504060021364,67.39802145957947,954.4665649414062,0.6482084690553745,0.1240420078411609,-0.3580388825124714
1441,10X,Human Lung,6332STDY9479167,BASS,Lung,0.0886657945228902,0.1594009368423138,0.4035883387662008,0.6679487179487179,0.1724623953450976,0.1481786132505569,0.1594009368423138,1469.12335190773,603.72,0.0294871794871794,0.1095558480769132,-0.117781101173239
1442,10X,Human Lung,6332STDY9479167,Banksy,Lung,0.0755039874276113,0.2145519075981431,0.3044432386698944,0.7,0.303757483535809,0.1658470076732963,0.2145519075981432,5.787434720993042,244.91359634399413,0.2807692307692307,0.1230496086523994,-0.0612776621253594
1443,10X,Human Lung,6332STDY9479167,BayesSpace,Lung,0.1061823684280343,0.2740776197015595,0.3321367929321093,0.732051282051282,0.3862088428332396,0.2124075657984106,0.2740776197015595,403.9171040058136,1867.28,0.3564102564102564,0.1286170821388907,-0.1598574938244331
1444,10X,Human Lung,6332STDY9479167,CCST,Lung,0.0664297773047579,0.1470236107667485,0.3721761785264112,0.65,0.1745675844169689,0.1270231594876228,0.1470236107667485,79.18822875022889,225.19751396179203,0.0499999999999999,0.1053535179361725,-0.1285959808214676
1445,10X,Human Lung,6332STDY9479167,CellCharter,Lung,0.077488673754832,0.2749061847926609,0.2792703011289584,0.7212820512820513,0.4115536849602598,0.2063851037350491,0.2749061847926609,84.01725306510926,189.7386554718018,0.5969230769230769,0.1381459293187878,-0.1234822534525621
1446,10X,Human Lung,6332STDY9479167,DeepST,Lung,0.0442155364535771,0.2061605599959453,0.2472085724414317,0.6648717948717948,0.3049547108961032,0.1557303578278298,0.2061605599959453,71.42622685432434,1238.082693862915,0.4676923076923076,0.1336440916522044,-0.1288883276063819
1447,10X,Human Lung,6332STDY9479167,GraphST,Lung,0.1502568430650747,0.3492203941890924,0.3713046309987283,0.764102564102564,0.495663550144703,0.2695748521580712,0.3492203941890924,9.2926842212677,219.7008390426636,0.6576923076923077,0.1460651011922587,-0.1755351214455822
1448,10X,Human Lung,6332STDY9479167,PRECAST,Lung,0.1613404108106729,0.3850310371260191,0.3799116632575379,0.7948717948717948,0.553313151293729,0.2952385453386474,0.3850310371260191,13.521761989593506,353.0,0.5884615384615385,0.1495719766353708,-0.1511969568178291
1449,10X,Human Lung,6332STDY9479167,SEDR,Lung,0.0676852618288225,0.1687347609830009,0.3023207161051653,0.6571794871794872,0.2363473590497191,0.131201988633254,0.1687347609830009,8.295883274078369,476.2503942489624,0.1235897435897435,0.1103702655336034,-0.0975355569313615
1450,10X,Human Lung,6332STDY9479167,STAGATE,Lung,0.1174782847860562,0.2361406413266188,0.3473817468432617,0.6956410256410257,0.3293891370511689,0.1840630912333598,0.2361406413266188,18.45786566734314,210.019215965271,0.3151282051282051,0.121591253029234,-0.1736789096156802
1451,10X,Human Lung,6332STDY9479167,SpaGCN,Lung,0.0962458385846452,0.2935730407649709,0.3039525412989771,0.7564102564102564,0.433885096931066,0.2218348986260186,0.2935730407649709,17.12342667579651,371.0431913375854,0.6012820512820513,0.1440055062875651,-0.1686520121343887
1452,10X,Human Lung,6332STDY9479167,SpaceFlow,Lung,0.0410027604027004,0.1785406205536793,0.2411984243549711,0.6566666666666666,0.2650874945661034,0.1346001962584421,0.1785406205536793,20.71092095375061,211.5648971557617,0.2599999999999999,0.1175013560565546,-0.1013464846948602
1453,10X,Human Lung,6332STDY9479167,SpatialMGCN,Lung,0.0660077668490992,0.2162426549769699,0.2704348086207043,0.717948717948718,0.3208253607643789,0.1630813641075794,0.2162426549769699,14.356254434585573,202.5331241607666,0.1871794871794871,0.1189080655687796,-0.079294122956221
1454,10X,Human Lung,6332STDY9479167,stLearn,Lung,0.1452324344363944,0.2993588539100074,0.3925792048893602,0.732051282051282,0.3800278608170955,0.2469404783020747,0.2993588539100074,86.89084906578064,1213.7275985717774,0.4371794871794872,0.1306135506558297,-0.2729752502864087
1455,10X,Human Lung,6332STDY9479168,BASS,Lung,0.1155272592434462,0.2276844013817947,0.3529645384658046,0.7296780363404527,0.319829470780214,0.1767589365286364,0.2276844013817947,2372.2164240837096,1704.8200000000002,0.176920624800765,0.0638937064614612,-0.1965409891768699
1456,10X,Human Lung,6332STDY9479168,Banksy,Lung,0.1188193396202214,0.2954064391952397,0.3871604077764243,0.7258527255339496,0.3832745406577347,0.2403131390959933,0.2954064391952398,16.507221364974974,570.1388511657715,0.6088619700350654,0.0757451872511508,-0.3582039828881543
1457,10X,Human Lung,6332STDY9479168,BayesSpace,Lung,0.1595076485652762,0.3473139989600255,0.3872425272231179,0.8135160981829774,0.5000793042252701,0.2660427005488651,0.3473139989600255,1605.830185985565,6838.719999999999,0.6136436085431941,0.0807613212666365,-0.227781949300201
1458,10X,Human Lung,6332STDY9479168,CCST,Lung,0.1037657741876479,0.1727280368178492,0.3702173484743229,0.6775900541919031,0.2230982658888113,0.1409192994102543,0.1727280368178492,300.94351568222044,971.5389390945436,0.1732228243544787,0.0582317920255557,-0.3455079314196105
1459,10X,Human Lung,6332STDY9479168,CellCharter,Lung,0.0958259214158131,0.31116278710188,0.304688811326663,0.7593241950908511,0.4724126396842952,0.2319827575744742,0.31116278710188,231.8423411369324,332.52933502197266,0.8358304112209117,0.085660563599508,-0.1986221983965503
1460,10X,Human Lung,6332STDY9479168,DeepST,Lung,0.1127962963868185,0.2906207719754518,0.3299547818169237,0.7700350653490596,0.4299996446772306,0.2195103897079303,0.2906207719754518,233.3168288707733,4378.37762298584,0.7143130379343321,0.0821220016521123,-0.2569497009757561
1461,10X,Human Lung,6332STDY9479168,GraphST,Lung,0.1456371791528138,0.3196267026471813,0.3888043540972427,0.7631495058973542,0.4378395770588429,0.2516762940864001,0.3196267026471813,24.79305367469788,729.0814342498779,0.7350972266496653,0.0737770147471411,-0.2692481949229555
1462,10X,Human Lung,6332STDY9479168,PRECAST,Lung,0.1722247305139512,0.3959970345194146,0.3946243923757987,0.8179789607905642,0.5793152037787729,0.3008091579240844,0.3959970345194146,56.19012002944946,1140.6799999999998,0.6824992030602487,0.0851951672755344,-0.1472310744317113
1463,10X,Human Lung,6332STDY9479168,SEDR,Lung,0.2652020302413429,0.2437424300214348,0.5521974624048744,0.7194772075231113,0.2867826362067143,0.2119600824921847,0.2437424300214348,23.16813931465149,1816.9904125213625,0.2334714695569014,0.0617893984743015,-0.3737300439073803
1464,10X,Human Lung,6332STDY9479168,STAGATE,Lung,0.229235357724148,0.3008642721735138,0.4772884385471691,0.732228243544788,0.3909057894566826,0.2448662750103974,0.3008642721735138,59.67129583358765,508.4570064544678,0.5079375199234938,0.065294087632033,-0.2781955310807318
1465,10X,Human Lung,6332STDY9479168,SpaGCN,Lung,0.1100596110334408,0.3154992708260101,0.3275243738697725,0.7743066624163213,0.465879030201262,0.2385109905249919,0.3154992708260102,58.92485055923462,834.3165992736816,0.8198916161938158,0.087713553981217,-0.1968429183026855
1466,10X,Human Lung,6332STDY9479168,SpaceFlow,Lung,0.047972760971097,0.1842809838331169,0.2472703257420097,0.6829454893210073,0.2824509074570934,0.1367539797270429,0.184280983833117,44.74786553382874,508.44229755401614,0.424099458080969,0.0638489286691041,-0.1514399451324644
1467,10X,Human Lung,6332STDY9479168,SpatialMGCN,Lung,0.0679036220312475,0.2026612685793056,0.2850076023225513,0.7013069811922219,0.3000872297673796,0.1529912970257178,0.2026612685793056,66.10452914237976,498.2841142654419,0.3388587822760599,0.064957940028694,-0.2313566186038806
1468,10X,Human Lung,6332STDY9479168,stLearn,Lung,0.1858962554478671,0.4084074863510315,0.4135973516935422,0.8552757411539688,0.5626305730236437,0.3205431610270218,0.4084074863510315,333.4859010696411,5225.7013715744015,0.8871533312081606,0.0872921994349357,-0.3341059025457157
1469,10X,Human Lung,6332STDY9479169,BASS,Lung,0.0945045345716885,0.2467751640106747,0.348246576807379,0.6072214883311317,0.2811294601609947,0.219902823050588,0.2467751640106747,1687.5997379779817,1513.38,0.1237340378687802,0.0713538550592399,-0.1908036593122527
1470,10X,Human Lung,6332STDY9479169,Banksy,Lung,0.0828353433190677,0.2256286706701489,0.4636871494138465,0.5147512109202994,0.2082901516898818,0.2461158848059714,0.2256286706701489,15.400841236114502,378.5716598510743,0.1175693527080581,0.0742175420342903,-0.3145301295304725
1471,10X,Human Lung,6332STDY9479169,BayesSpace,Lung,0.0796579873440737,0.249360071114432,0.2801175072770113,0.607661822985469,0.3170840589626283,0.2054741426211505,0.249360071114432,1156.3453260421752,4631.2,0.3549097313958608,0.0804519301964165,-0.1724547721415957
1472,10X,Human Lung,6332STDY9479169,CCST,Lung,0.0802557738157239,0.2086665142766635,0.3712968799244039,0.5344782034346103,0.2155219182037541,0.202264742456676,0.2086665142766635,183.8000089168549,582.7832475662232,0.066754733597534,0.0688591874903041,-0.2627776883908838
1473,10X,Human Lung,6332STDY9479169,CellCharter,Lung,0.1103990153000273,0.2618554195845385,0.294283101345444,0.6248348745046235,0.3432520967018343,0.2116783370255478,0.2618554195845385,117.15274872779848,215.05893993377688,0.6413033905768384,0.0887849369383746,-0.1973906362326193
1474,10X,Human Lung,6332STDY9479169,DeepST,Lung,0.0888758992759355,0.2341481473806303,0.2795019080618048,0.5992073976221929,0.3016134259137348,0.1913935707491719,0.2341481473806303,174.44513669013978,3190.146716117859,0.4883311316600616,0.0826177272042981,-0.1971480466117247
1475,10X,Human Lung,6332STDY9479169,GraphST,Lung,0.1710385239643866,0.303132192030652,0.3978824717632422,0.6235138705416117,0.3438830922063773,0.2710161805960248,0.303132192030652,17.38919906616211,419.9423135757446,0.5116688683399383,0.0796201395361365,-0.2893617038649485
1476,10X,Human Lung,6332STDY9479169,PRECAST,Lung,0.123075900931974,0.2698849797139459,0.3470417024902029,0.6204315279612506,0.3206331356089533,0.2330059948604556,0.2698849797139459,35.34472999572754,860.46,0.3315719947159841,0.086096164656545,-0.1600368851513319
1477,10X,Human Lung,6332STDY9479169,SEDR,Lung,0.0873716702778299,0.2123369744232245,0.3062633968680839,0.5466314398943197,0.2587812891239995,0.1801028193848374,0.2123369744232245,16.079185438156127,916.4971263885498,0.2920299427564948,0.0729711402550672,-0.2328275596895264
1478,10X,Human Lung,6332STDY9479169,STAGATE,Lung,0.1343823934610252,0.2823393844627601,0.3793239564057478,0.6011448701012769,0.3187838260426561,0.253673086822034,0.2823393844627601,39.45047373771668,261.1605188369751,0.4122413033905768,0.077226885941856,-0.3077073311643818
1479,10X,Human Lung,6332STDY9479169,SpaGCN,Lung,0.1039872773987089,0.2560310401466473,0.2984014708696655,0.590048436811977,0.3198490803622079,0.2134436034335275,0.2560310401466472,28.629205751419068,647.1772626876831,0.6067811536767944,0.090316157560562,-0.1706604128598359
1480,10X,Human Lung,6332STDY9479169,SpaceFlow,Lung,0.0580465507469073,0.1730012907276275,0.238979443092917,0.5672391017173052,0.2294020998010278,0.1388625692491983,0.1730012907276275,23.070365953445435,261.14505405426024,0.2237780713342139,0.0735164472081508,-0.130222369233759
1481,10X,Human Lung,6332STDY9479169,SpatialMGCN,Lung,0.0790236130606622,0.2063707120775176,0.2738248955967886,0.5878467635402906,0.2636422057008821,0.1695410007074995,0.2063707120775176,48.3530351638794,266.9825077056885,0.214002642007926,0.0712044932803076,-0.2009439875910144
1482,10X,Human Lung,6332STDY9479169,stLearn,Lung,0.239199834067428,0.327184291016418,0.443318104330583,0.6895640686922061,0.3615889485062097,0.2987579141809954,0.327184291016418,239.7531983375549,3483.454342460632,0.6446499339498019,0.0862263149185458,-0.3532470658527273
1483,10X,Human Lung,6332STDY9479170,BASS,Lung,0.1980032712375332,0.1619184511569678,0.6236496585035358,0.7376311844077961,0.1436368872984754,0.1855323067433363,0.1619184511569677,1003.0246660232544,1220.42,0.0299850074962518,0.1081618076482379,0.0777664602702402
1484,10X,Human Lung,6332STDY9479170,Banksy,Lung,0.0533008264868606,0.1510806110424394,0.3872668369345716,0.7271364317841079,0.2048511089395613,0.1196691610181443,0.1510806110424394,5.093526315689087,248.27446670532223,0.2023988005997001,0.1326123557750477,-0.0975114192225607
1485,10X,Human Lung,6332STDY9479170,BayesSpace,Lung,0.1654933390569264,0.3341454901443098,0.4252623637735063,0.8215892053973015,0.4856794150535572,0.2546832842600966,0.3341454901443098,342.1549280166626,1696.0,0.631184407796102,0.1635025209261363,-0.0819073835022905
1486,10X,Human Lung,6332STDY9479170,CCST,Lung,0.0540736778240164,0.106822243319093,0.3776775626596654,0.7097451274362818,0.138015332943426,0.0871560964129499,0.106822243319093,75.7074501991272,217.48569450378417,0.0458770614692653,0.1052876322327517,-0.0015190395724988
1487,10X,Human Lung,6332STDY9479170,CellCharter,Lung,0.1059913416091434,0.2907265732790723,0.355854782561358,0.791304347826087,0.4409212020915412,0.216893873994183,0.2907265732790723,76.452272605896,189.49917469024655,0.8158920539730135,0.1738374653275268,-0.1429193415811787
1488,10X,Human Lung,6332STDY9479170,DeepST,Lung,0.0684209176213455,0.2287304259959122,0.3196497323368449,0.7631184407796102,0.3455274418234217,0.1709729310465701,0.2287304259959122,69.02817893028259,1080.8137315750123,0.6119940029985008,0.1532713370793148,-0.162712706067766
1489,10X,Human Lung,6332STDY9479170,GraphST,Lung,0.2083996361454368,0.3480568295861513,0.4838336160672677,0.8215892053973015,0.4792837984823959,0.2732433370308268,0.3480568295861513,8.628042316436767,222.58193416595455,0.7001499250374813,0.1539188579835846,-0.1427718235147076
1490,10X,Human Lung,6332STDY9479170,PRECAST,Lung,0.1810083764618242,0.4000859534498692,0.4363362772850863,0.8455772113943029,0.592862068359894,0.3019147884294433,0.4000859534498692,9.466185998916623,362.86,0.815592203898051,0.1864914249526475,-0.1353861084177403
1491,10X,Human Lung,6332STDY9479170,SEDR,Lung,0.0548258370702126,0.1167880765073195,0.3150257190901203,0.7166416791604198,0.1735586242111002,0.088002651658739,0.1167880765073195,7.995005702972412,447.3204553604126,0.0614692653673163,0.1083442388443501,0.0983440537392213
1492,10X,Human Lung,6332STDY9479170,STAGATE,Lung,0.2621380031052812,0.3301125220573581,0.543242497610503,0.8077961019490255,0.4299212599955678,0.2685645790445316,0.3301125220573581,15.947522020339964,212.66670913696288,0.5784107946026986,0.1464259113259786,-0.1900231878042498
1493,10X,Human Lung,6332STDY9479170,SpaGCN,Lung,0.0827976907364496,0.2467205081847174,0.3290876043837902,0.7961019490254873,0.3755469971688611,0.1837034430486271,0.2467205081847175,14.486319637298584,334.39630794525146,0.7931034482758621,0.1710816680928358,-0.1404991167633501
1494,10X,Human Lung,6332STDY9479170,SpaceFlow,Lung,0.0446088546347298,0.1654153874834545,0.2883970456076422,0.7271364317841079,0.2531979458741248,0.1228325810306574,0.1654153874834545,18.169848585128783,214.21253623962403,0.1979010494752623,0.1136230653301691,-0.0483772966966665
1495,10X,Human Lung,6332STDY9479170,SpatialMGCN,Lung,0.0190868129667986,0.1141496506544268,0.2930851473228882,0.679160419790105,0.1673907529510326,0.0866039763419265,0.1141496506544268,12.659345245361328,217.54213752746583,0.1184407796101949,0.1146799597651924,-0.1527357179255679
1496,10X,Human Lung,6332STDY9479170,stLearn,Lung,0.1822770587248458,0.3318840456813806,0.4550678353849829,0.8125937031484259,0.4507174642626631,0.2626384051093318,0.3318840456813807,73.93820490837098,1031.992276763916,0.6341829085457271,0.1408099855357746,-0.2194876659672153
1497,10X,Human Lung,6332STDY9479171,BASS,Lung,0.0289605032375436,0.0920361129819385,0.3735352780350286,0.7172774869109948,0.1179325096664231,0.0754650094983078,0.0920361129819385,1240.9372960090636,692.5,0.0575916230366492,0.1206562594282693,-0.0852562298627483
1498,10X,Human Lung,6332STDY9479171,Banksy,Lung,0.0354081358593784,0.1067975223295008,0.3262378993804953,0.7198952879581152,0.1589048246393172,0.0804249585227573,0.1067975223295008,5.711776161193848,270.1823850631714,0.1060209424083769,0.1262658924553215,-0.0076944210762596
1499,10X,Human Lung,6332STDY9479171,BayesSpace,Lung,0.1281585879961409,0.2559987694135981,0.4464455579298992,0.7971204188481675,0.3429077138284895,0.2042358086382415,0.2559987694135981,393.0179939746857,1871.2,0.306282722513089,0.1398154037164611,-0.1856927721819461
1500,10X,Human Lung,6332STDY9479171,CCST,Lung,0.0396331644353146,0.1032365346535069,0.3514055241195333,0.7073298429319371,0.1494202868287578,0.0788782847265983,0.1032365346535069,79.03519644737244,230.5424627304077,0.0586387434554973,0.1218365936807227,-0.0546926600116533
1501,10X,Human Lung,6332STDY9479171,CellCharter,Lung,0.0808980409010988,0.2443377598377075,0.3424341939560906,0.7675392670157068,0.3818328651650844,0.1796574519086159,0.2443377598377075,90.09035034179688,201.00116367340087,0.7306282722513089,0.1515430990478032,-0.134334893559536
1502,10X,Human Lung,6332STDY9479171,DeepST,Lung,0.038296175784565,0.1359948402996451,0.3166467456006807,0.7269633507853402,0.205977175477591,0.101539281854352,0.1359948402996451,79.01667432785034,1209.877984428406,0.4416230366492146,0.1411197661128898,-0.1689858258392853
1503,10X,Human Lung,6332STDY9479171,GraphST,Lung,0.0778712574616359,0.2521184107093248,0.3940285840245623,0.7905759162303665,0.3530712694598135,0.1960595523286819,0.2521184107093248,9.13687252998352,241.42229804992675,0.6282722513089005,0.1436118454781482,-0.292563777450651
1504,10X,Human Lung,6332STDY9479171,PRECAST,Lung,0.0698392904841487,0.23147357246388,0.3493795113638014,0.75,0.3446733715711926,0.174246454607784,0.23147357246388,10.446458005905152,380.28,0.5549738219895288,0.1479954561592791,-0.1660687953116037
1505,10X,Human Lung,6332STDY9479171,SEDR,Lung,0.0320039539663924,0.1002713138518963,0.3253262031844008,0.7198952879581152,0.1488055902803178,0.0756182045056604,0.1002713138518963,8.89853115081787,504.9281795501709,0.0918848167539266,0.121408600256557,-0.0370157123981456
1506,10X,Human Lung,6332STDY9479171,STAGATE,Lung,0.0952390221469613,0.1608330589397322,0.4224407667646718,0.7413612565445027,0.2198585550393385,0.1268367679847466,0.1608330589397322,17.691997480392455,229.9177408218384,0.2735602094240837,0.1248694056263849,-0.203259446058013
1507,10X,Human Lung,6332STDY9479171,SpaGCN,Lung,0.0446274773719577,0.1830246980128207,0.3152540812244607,0.7408376963350786,0.2775256148704418,0.1365333854457818,0.1830246980128207,14.575180339813231,352.3127626419067,0.7486910994764397,0.1584605561237788,-0.1254500423751493
1508,10X,Human Lung,6332STDY9479171,SpaceFlow,Lung,0.0117852203925537,0.0925378371800053,0.2691264103722514,0.705759162303665,0.146160268380922,0.0677218116802914,0.0925378371800053,21.20282611846924,231.5143980026245,0.2089005235602093,0.1284558546213172,-0.0870916194917861
1509,10X,Human Lung,6332STDY9479171,SpatialMGCN,Lung,0.0180585533154873,0.1033013744260366,0.2832120793822182,0.7094240837696335,0.1606059572474958,0.0761359047590155,0.1033013744260366,15.6211576461792,247.3279064178467,0.0484293193717277,0.1206343486890716,0.0070439968885273
1510,10X,Human Lung,6332STDY9479171,stLearn,Lung,0.1192226330451872,0.2723304887997178,0.4378041243882138,0.7382198952879581,0.3519038955975183,0.222107071140428,0.2723304887997179,84.0958261013031,1197.6673643112183,0.6583769633507853,0.1349942622819316,-0.316314694356101
1511,10X,Human Lung,6332STDY9479172,BASS,Lung,0.1823435801834051,0.3034373099808985,0.3857137723251255,0.6217117450907743,0.3096626144343585,0.2974573736673453,0.3034373099808985,2061.835788059235,1592.54,0.1289366432011856,0.0620958283165507,-0.0209710412680418
1512,10X,Human Lung,6332STDY9479172,Banksy,Lung,0.1655447447612181,0.3740683351728186,0.3989489446923725,0.6469062615783624,0.3874173663284576,0.3616085833275853,0.3740683351728185,15.183813333511353,517.3242832183838,0.4490552056317154,0.0816469521229004,-0.3577931015984985
1513,10X,Human Lung,6332STDY9479172,BayesSpace,Lung,0.1994207183855702,0.4113723183477281,0.3683283668575884,0.7347165616895146,0.4771876732551875,0.3615114267376533,0.4113723183477281,1387.6747539043429,5934.38,0.5057428677287884,0.0747707957228942,-0.1654348092825136
1514,10X,Human Lung,6332STDY9479172,CCST,Lung,0.1445098830667976,0.2446994070341402,0.3619933041798323,0.5762134123749536,0.2509711309679728,0.2388358263145363,0.2446994070341402,236.0990955352783,801.7546346664428,0.0871433864394219,0.0608993901220229,-0.2556553282582088
1515,10X,Human Lung,6332STDY9479172,CellCharter,Lung,0.1543410580118949,0.3477462394028624,0.3116742594264068,0.6494257132271212,0.4307041501121357,0.2915983479711445,0.3477462394028624,185.98351159095765,309.0991596221924,0.6545387180437199,0.0797244698103152,-0.1778074616227529
1516,10X,Human Lung,6332STDY9479172,DeepST,Lung,0.1490372882824961,0.3364255396262322,0.3062906781398767,0.6765468692108187,0.4159187551039974,0.2824666620858994,0.3364255396262322,187.88863940238951,3787.3732767105103,0.6369025565024083,0.08410503415885,-0.2103693168593673
1517,10X,Human Lung,6332STDY9479172,GraphST,Lung,0.2134310613693038,0.3846766312409893,0.3941164403431819,0.6580214894405335,0.4261972492778184,0.3505278150643636,0.3846766312409893,23.48431525230408,587.0755609512329,0.6339384957391626,0.0750337642402513,-0.2245169051782153
1518,10X,Human Lung,6332STDY9479172,PRECAST,Lung,0.280465939062402,0.4543188202726808,0.4351484914084609,0.7361985920711375,0.5364690758315582,0.3939870373865544,0.4543188202726808,47.85178399085999,1015.3,0.6105965172286032,0.0820737275578699,-0.1718294940487142
1519,10X,Human Lung,6332STDY9479172,SEDR,Lung,0.1539112645658655,0.2628985530902296,0.3505809015568981,0.6077806595035199,0.2904500169463082,0.2404259156571463,0.2628985530902295,24.42647972106933,1445.455520439148,0.2239347906632086,0.0641803285250885,-0.3078278178029022
1520,10X,Human Lung,6332STDY9479172,STAGATE,Lung,0.216739798362903,0.3721489252732401,0.3970519463857226,0.6490552056317155,0.4191691099682294,0.3348232677140591,0.37214892527324,48.51127967834473,459.3459297180176,0.5703593923675435,0.0710194872976917,-0.2458735374426903
1521,10X,Human Lung,6332STDY9479172,SpaGCN,Lung,0.1645168916407266,0.3453973545768046,0.3282440784134358,0.6595035198221564,0.4063974992026024,0.3003194880946869,0.3453973545768046,54.11291823387146,788.6390712738037,0.6257873286402371,0.0820332135550191,-0.2906104136568057
1522,10X,Human Lung,6332STDY9479172,SpaceFlow,Lung,0.0927071201159053,0.2564697870740693,0.2478406103225071,0.6008151167098925,0.3211042266499168,0.2135013085902149,0.2564697870740693,38.91105046272278,459.3304691314697,0.4321600592812152,0.0660802370231663,-0.1723342850525908
1523,10X,Human Lung,6332STDY9479172,SpatialMGCN,Lung,0.1302050272534607,0.2979386927960248,0.2996405883492311,0.6172656539459059,0.3518794453020769,0.2583373191411695,0.2979386927960249,55.71541814804077,454.0235933303833,0.2960355687291589,0.0662331696731055,-0.2457178561712549
1524,10X,Human Lung,6332STDY9479172,stLearn,Lung,0.2850093633531269,0.4652436014095656,0.4444890891260087,0.7528714338643943,0.5107868161901334,0.4271570555020759,0.4652436014095656,283.2377654075623,4483.329130554199,0.75064838829196,0.0803395725193157,-0.4004084637518635
1581,10X,Human Small Intestine,V10F24-048_A1,BASS,Intestine,0.4815311387792295,0.5916923470246725,0.6303925527955957,0.7633970542149796,0.6233593716175929,0.5630871851364312,0.5916923470246725,1414.0873579978943,1865.82,0.0275775618928235,0.0655974265750605,0.0518532720357065
1582,10X,Human Small Intestine,V10F24-048_A1,Banksy,Intestine,0.4515901180127352,0.5076172605176205,0.6077946328885202,0.7474146035725477,0.5388624890545356,0.479796873554324,0.5076172605176205,11.819894647598266,444.24987506866455,0.0332184268254465,0.0648797873466013,0.0247572060084635
1583,10X,Human Small Intestine,V10F24-048_A1,BayesSpace,Intestine,0.4769316959638291,0.5671407058028887,0.6295204918203946,0.7953619554998433,0.5915215143594235,0.5446901508068734,0.5671407058028887,1547.3634660243988,6576.839999999999,0.0363522406769037,0.0651054414613335,0.0755472190477198
1584,10X,Human Small Intestine,V10F24-048_A1,CCST,Intestine,0.5294870510338988,0.5637346818862617,0.6921898772249768,0.76922594797869,0.5381952288758548,0.593441417669893,0.5637346818862619,296.64775557518004,933.7123279571532,0.0133500470072077,0.0642186759591539,0.107350052987356
1585,10X,Human Small Intestine,V10F24-048_A1,CellCharter,Intestine,0.5473278265285998,0.6197747125295671,0.6746677221206226,0.8077164366373901,0.6692882704537617,0.577168970763996,0.6197747125295671,154.81091194152833,112.71845779418943,0.0297365119196988,0.0642804481758336,0.0672456106543819
1586,10X,Human Small Intestine,V10F24-048_A1,DeepST,Intestine,0.442664415086832,0.5853959559392873,0.6030918343490678,0.7765590723911,0.6148636088070504,0.5597798001756846,0.5853959559392873,369.3162912845612,4380.807901382446,0.0214352867439673,0.0640356195750331,0.0867977276891953
1587,10X,Human Small Intestine,V10F24-048_A1,GraphST,Intestine,0.436266673417003,0.5525769475599216,0.5974407498915216,0.7665308680664369,0.5784024648239771,0.5289590650354926,0.5525769475599215,17.271115446090697,606.2479368209839,0.0532748354747728,0.0642269360091263,0.0462667278289212
1588,10X,Human Small Intestine,V10F24-048_A1,PRECAST,Intestine,0.4136088411006476,0.5270469206118479,0.5844911498255948,0.7236054207374725,0.5454994175025636,0.5098019544797368,0.527046920611848,92.2683440208435,710.1600000000001,0.0526315789473684,0.0672425866851446,0.0844585742520976
1589,10X,Human Small Intestine,V10F24-048_A1,SEDR,Intestine,0.5179633960272689,0.5613025892809838,0.6561069564931741,0.820369790034472,0.5954578912909768,0.530865359266859,0.5613025892809838,19.740442657470705,851.9551090240478,0.0163585083046066,0.0640600431140493,0.0247689290805645
1590,10X,Human Small Intestine,V10F24-048_A1,STAGATE,Intestine,0.5168142094230783,0.6119954244133639,0.6543052626390933,0.8042619868379818,0.6480351151182508,0.5798747488665181,0.6119954244133637,50.33353576660157,207.15410594940187,0.0357254779066123,0.0649792736354453,-0.0027667479754841
1591,10X,Human Small Intestine,V10F24-048_A1,SpaGCN,Intestine,0.3662024656261964,0.53181861559994,0.5366936681287388,0.7578419071518193,0.5820743064015713,0.4895512678126211,0.5318186155999401,27.277815532684325,550.0387552261352,0.082810539523212,0.0654366315347855,0.0558834211363812
1592,10X,Human Small Intestine,V10F24-048_A1,SpaceFlow,Intestine,0.5632682334327123,0.656358414687366,0.6857339431386642,0.8545910372923847,0.7072707014050257,0.612896639172478,0.6563584146873661,37.37944898605347,168.6927131652832,0.010905672203071,0.064118635779094,0.10716941090249
1593,10X,Human Small Intestine,V10F24-048_A1,SpatialMGCN,Intestine,0.5019986585749572,0.5454859174749812,0.6452361828105512,0.7988091507364462,0.5758739051745374,0.5181442363544208,0.5454859174749812,49.9569938659668,227.70292472839355,0.0379191476026324,0.0641102709197624,0.0520560504821536
1594,10X,Human Small Intestine,V10F24-048_A1,stLearn,Intestine,0.5896398472243521,0.5683075840863754,0.7407977265043336,0.7869006581009088,0.5087095741838487,0.6437231460932461,0.5683075840863753,323.536483669281,4835.894116020203,0.0661234722657474,0.0658180004457584,-0.17185851763738
1595,10X,Human Small Intestine,V10F24-048_B1,BASS,Intestine,0.2749840871813727,0.4428508036172108,0.4747139211030194,0.6284538506760728,0.4693638242066341,0.4191729235194323,0.4428508036172108,1374.944150018692,1940.46,0.0329218106995884,0.0617574313101034,-0.0166340458086109
1596,10X,Human Small Intestine,V10F24-048_B1,Banksy,Intestine,0.4339651988722295,0.5210796652327182,0.6077854600281826,0.7583774250440917,0.5210133003059354,0.5211460470683383,0.5210796652327182,12.62954535484314,476.3396450042725,0.0293944738389182,0.0633125028348562,0.0335893404795644
1597,10X,Human Small Intestine,V10F24-048_B1,BayesSpace,Intestine,0.4353612402814867,0.5432461831225809,0.5927507540349513,0.7921810699588477,0.5776819055560092,0.5126849414271345,0.543246183122581,1646.8902099609377,6995.339999999999,0.0329218106995884,0.0617451081597092,0.1045789851305281
1598,10X,Human Small Intestine,V10F24-048_B1,CCST,Intestine,0.5098861381605655,0.5462943303381445,0.6774972802192885,0.7552616108171664,0.5287109041390766,0.5653196458627434,0.5462943303381446,329.25662407875063,1042.181942176819,0.0154614932392709,0.0618157199622612,0.1639838619469137
1599,10X,Human Small Intestine,V10F24-048_B1,CellCharter,Intestine,0.4028611594081347,0.5255094495446269,0.5655859623645116,0.7328428487345497,0.565985806249653,0.4905983371738879,0.5255094495446269,144.22242350578307,101.0017433166504,0.0332548557975279,0.0617389957446327,0.0230473366659313
1600,10X,Human Small Intestine,V10F24-048_B1,DeepST,Intestine,0.5991428563601991,0.6326284404244706,0.7148511669216979,0.8102880658436215,0.6546358921323023,0.6126902729429855,0.6326284404244706,389.3560826301575,4661.68258895874,0.0208700764256319,0.0614658359701854,0.0105467127921356
1601,10X,Human Small Intestine,V10F24-048_B1,GraphST,Intestine,0.5141879157009165,0.5669459306326299,0.6706921825701448,0.8224573780129336,0.5526660555447844,0.5819833096829709,0.56694593063263,18.8705424785614,672.0120111465454,0.0470311581422692,0.0615821896798186,-0.077787979146051
1602,10X,Human Small Intestine,V10F24-048_B1,PRECAST,Intestine,0.4524107497915555,0.5588022601891808,0.6263465769208644,0.8191740412979351,0.5557565801381322,0.5618815063123727,0.5588022601891808,106.59267201423646,697.6600000000001,0.0498525073746312,0.0629299788093787,-0.0951971532369519
1603,10X,Human Small Intestine,V10F24-048_B1,SEDR,Intestine,0.5905365083416486,0.5436316096551479,0.7135175212293234,0.7950617283950617,0.5629985715686991,0.5256283925053102,0.5436316096551479,21.902954959869383,1155.3024648666385,0.0180482069370958,0.061374516049031,0.0796299686605505
1604,10X,Human Small Intestine,V10F24-048_B1,STAGATE,Intestine,0.473013610432376,0.546836040192237,0.632355306105687,0.8282774838330393,0.5558108185808156,0.5381465076505509,0.546836040192237,53.71214113235474,224.28615436553957,0.0403292181069958,0.0624440372621209,-0.0568311222361783
1605,10X,Human Small Intestine,V10F24-048_B1,SpaGCN,Intestine,0.352770442933799,0.5094154534803034,0.5250619805720644,0.7065921130076516,0.5554480798262635,0.4704287811161157,0.5094154534803033,16.270028734207152,576.2427740097046,0.052089464390818,0.0619538647776751,0.0171465032481946
1606,10X,Human Small Intestine,V10F24-048_B1,SpaceFlow,Intestine,0.4710245376077943,0.5631595336548386,0.6179325626374353,0.7473251028806585,0.6002079884285964,0.5309838048166535,0.5631595336548386,35.99448752403259,186.1729024887085,0.0157554379776601,0.0614228949751154,0.0327290166347849
1607,10X,Human Small Intestine,V10F24-048_B1,SpatialMGCN,Intestine,0.458029001841427,0.5835321711179245,0.6086137432018736,0.8409758965314522,0.6266716309685173,0.5459495407128553,0.5835321711179247,52.503627681732176,236.1392152786255,0.0141093474426807,0.0614106178922997,0.0984495044901526
1608,10X,Human Small Intestine,V10F24-048_B1,stLearn,Intestine,0.6101192513207722,0.5553726544844291,0.7446866056360363,0.7883597883597884,0.512636937681191,0.6058816709069967,0.5553726544844291,347.74767231941223,5195.458526802063,0.0664315108759553,0.0625772426368666,-0.1151165913633108
1609,10X,Human Small Intestine,V10F24-048_C1,BASS,Intestine,0.3357605110084609,0.5213403785227091,0.5232573294221489,0.7491248541423571,0.5758959343015073,0.4762266551867348,0.521340378522709,1388.4422139644623,1914.62,0.0332555425904317,0.0622425741047516,0.0999618833138432
1610,10X,Human Small Intestine,V10F24-048_C1,Banksy,Intestine,0.4225374075454732,0.518110192957429,0.5876201575741504,0.7551925320886814,0.5729767559398191,0.472841054864616,0.518110192957429,12.334577417373657,471.3005970001221,0.0310385064177362,0.0616695096738331,0.0639763290647569
1611,10X,Human Small Intestine,V10F24-048_C1,BayesSpace,Intestine,0.7167996591302795,0.6521657750246524,0.8082605501438221,0.8725204200700116,0.669441524118751,0.6357592381039011,0.6521657750246523,1662.4723279953002,6769.5,0.0382147024504084,0.0612531097017763,0.0681538683525444
1612,10X,Human Small Intestine,V10F24-048_C1,CCST,Intestine,0.6435099412060928,0.6127359161862903,0.7664430730374191,0.8016336056009334,0.5978047694282201,0.629878518417158,0.6127359161862903,333.685191488266,1039.3444627761842,0.0138273045507584,0.0614465813551848,0.1281820344714662
1613,10X,Human Small Intestine,V10F24-048_C1,CellCharter,Intestine,0.3507493347859088,0.5160691295620694,0.5345455978673456,0.7609101516919486,0.5696442248980752,0.4717474565074574,0.5160691295620693,117.57941222190856,95.69696636199951,0.0331971995332555,0.0616469509642767,0.0570724429625846
1614,10X,Human Small Intestine,V10F24-048_C1,DeepST,Intestine,0.5133315232145036,0.6146794216494577,0.6584616661414845,0.8324970828471411,0.6566706604330814,0.5794729264967263,0.6146794216494577,400.363547039032,4695.774188804627,0.0269544924154025,0.0611255194834114,0.0635010704463208
1615,10X,Human Small Intestine,V10F24-048_C1,GraphST,Intestine,0.4221804957202726,0.5430654555362991,0.6040665428073013,0.808343057176196,0.5500077906951145,0.5362961915923736,0.543065455536299,17.97448706626892,675.2936117172242,0.0843057176196032,0.0628660445210374,0.0230746971354091
1616,10X,Human Small Intestine,V10F24-048_C1,PRECAST,Intestine,0.3662465504894766,0.5199098684475085,0.5600788439713713,0.7815420560747663,0.5451250068418491,0.4969242880092627,0.5199098684475085,107.77111401557924,699.46,0.0692172897196261,0.064530482371412,-0.0292862625128921
1617,10X,Human Small Intestine,V10F24-048_C1,SEDR,Intestine,0.3707925257224886,0.5044402096119198,0.557256215962542,0.7768961493582264,0.5436549693163315,0.4708653206277209,0.5044402096119198,23.828364658355717,1165.9894277572632,0.0222870478413068,0.0611411802025369,0.0863949759736315
1618,10X,Human Small Intestine,V10F24-048_C1,STAGATE,Intestine,0.3290493477230221,0.5112306048481303,0.531914474751726,0.7696032672112019,0.5414496874489737,0.4843821546476795,0.5112306048481303,52.12127766609192,223.91577701568605,0.0544340723453908,0.0620926747171705,0.0198337424892828
1619,10X,Human Small Intestine,V10F24-048_C1,SpaGCN,Intestine,0.3346467119144375,0.5114541470625251,0.5223063471495936,0.7362893815635939,0.5636375902086319,0.4681145451985146,0.511454147062525,26.0432671546936,561.9653751373291,0.0565927654609101,0.0613278856274805,0.0107754558036117
1620,10X,Human Small Intestine,V10F24-048_C1,SpaceFlow,Intestine,0.4315443050729085,0.5832901094068305,0.5927454346510934,0.805659276546091,0.6473200393419261,0.531145637871674,0.5832901094068305,49.56078252792359,186.86025295257568,0.0123687281213535,0.0611156522065442,0.1299325344538675
1621,10X,Human Small Intestine,V10F24-048_C1,SpatialMGCN,Intestine,0.2618287186920248,0.4740984550780104,0.5044622619184406,0.751458576429405,0.4847127262733129,0.463939086416118,0.4740984550780104,53.42827582359314,249.7765645980835,0.0198366394399066,0.0614170685045561,0.1478452587708626
1622,10X,Human Small Intestine,V10F24-048_C1,stLearn,Intestine,0.5871289406246827,0.5543997826723528,0.7481197711826597,0.7692532088681447,0.4767145642698979,0.6623333686234034,0.5543997826723529,348.1184741973877,5280.502435493469,0.0487164527421236,0.0622464170088622,-0.2354281927355913
1623,10X,Human Small Intestine,V10F24-048_D1,BASS,Intestine,0.3306514589855185,0.4926669284171566,0.5370852303803562,0.8301886792452831,0.5845688742505698,0.4257356609846804,0.4926669284171566,1345.6426539897918,1897.52,0.0468553459119496,0.0640275947519481,0.1093196001522132
1624,10X,Human Small Intestine,V10F24-048_D1,Banksy,Intestine,0.4183412134035679,0.4940888527661576,0.6123982046255422,0.8172955974842766,0.5395547361349122,0.4556898880036395,0.4940888527661576,11.656931638717651,437.7142757415771,0.0229559748427672,0.0647317923130347,0.0533813671069969
1625,10X,Human Small Intestine,V10F24-048_D1,BayesSpace,Intestine,0.5273230137548014,0.587802387648187,0.6870291248332143,0.8644654088050314,0.6597307807878958,0.5300163545690724,0.587802387648187,1543.9679880142212,6553.9800000000005,0.0264150943396226,0.0638318909715417,0.0971330626979394
1626,10X,Human Small Intestine,V10F24-048_D1,CCST,Intestine,0.6313071154995956,0.5575796517338667,0.767717351563341,0.8423899371069183,0.58508718671306,0.5328635084055382,0.5575796517338667,296.69861497879026,898.370697593689,0.0167295597484276,0.063611576297233,0.1075544279348466
1627,10X,Human Small Intestine,V10F24-048_D1,CellCharter,Intestine,0.3859728476563878,0.4983209118170968,0.5808911626294332,0.8219704123386842,0.585268952006728,0.4338682123950258,0.4983209118170968,107.3572006225586,81.66398277282715,0.0301542335536669,0.0638624367438394,0.1200881331760925
1628,10X,Human Small Intestine,V10F24-048_D1,DeepST,Intestine,0.383302246938248,0.4946042825611867,0.58164546562251,0.8072955974842767,0.5620116468680294,0.4424530165760722,0.4946042825611868,374.8998793125153,4358.513781166077,0.0369811320754716,0.0636349483075298,0.0622371836169589
1629,10X,Human Small Intestine,V10F24-048_D1,GraphST,Intestine,0.472173948476091,0.5020988371189687,0.6697273663218714,0.8371069182389939,0.5031281973925792,0.501073680224071,0.5020988371189686,17.29588704109192,587.7262233734131,0.0468553459119496,0.0642058930826293,0.0070157852286903
1630,10X,Human Small Intestine,V10F24-048_D1,PRECAST,Intestine,0.4337537231432767,0.5156945539146606,0.6303217109086987,0.8580931263858093,0.567281185213744,0.4727080807035601,0.5156945539146607,99.15123796463013,638.54,0.0734874881216344,0.0673369578690881,0.0030559950855967
1631,10X,Human Small Intestine,V10F24-048_D1,SEDR,Intestine,0.4211806638702374,0.4838498155189833,0.6100657350535664,0.8148427672955976,0.5531384901392444,0.4300718175594646,0.4838498155189833,19.515257644653325,605.1689510345459,0.0160377358490565,0.0634554457226156,0.0899150563428847
1632,10X,Human Small Intestine,V10F24-048_D1,STAGATE,Intestine,0.4346806192898752,0.5192433612293211,0.6235072870430534,0.8411320754716982,0.579627463815793,0.47094165558747,0.5192433612293211,51.70774350166321,198.6892637252808,0.0586792452830188,0.0657124262114107,0.0408860279967907
1633,10X,Human Small Intestine,V10F24-048_D1,SpaGCN,Intestine,0.3071673366108561,0.4802002887013245,0.517875543309679,0.816178785017312,0.5729780848514406,0.4132809782337475,0.4802002887013245,18.309054851531982,493.99791622161865,0.1004091910607491,0.0647222732483785,0.0535328923027026
1634,10X,Human Small Intestine,V10F24-048_D1,SpaceFlow,Intestine,0.3798405720223572,0.5159978772905986,0.5779790991894826,0.8118867924528302,0.594347260618393,0.4564768676619305,0.5159978772905986,50.849481916427614,168.88537349700928,0.010754716981132,0.0632974626081735,0.0985836561039896
1635,10X,Human Small Intestine,V10F24-048_D1,SpatialMGCN,Intestine,0.2789108642266407,0.4033775641910065,0.4995909193572877,0.7867924528301887,0.4762453861784318,0.3498489946645687,0.4033775641910067,47.716711330413816,210.5785022735596,0.0377358490566037,0.0636176884905502,0.0552639706494991
1636,10X,Human Small Intestine,V10F24-048_D1,stLearn,Intestine,0.590562350621969,0.5102578608302721,0.7538348830323207,0.7965408805031446,0.4690267122762407,0.5594367664685194,0.5102578608302721,322.4894858360291,4531.942705154419,0.05062893081761,0.064723823253375,-0.105010162155677
1637,10X,Human Small Intestine,V10F24-050_A1,BASS,Intestine,0.4157538784828872,0.5515078796700524,0.5968003510139417,0.7592592592592593,0.5781990286653218,0.5271722572182722,0.5515078796700525,1268.6756860256196,1896.4,0.0314814814814814,0.0627474484777477,0.0477026061377875
1638,10X,Human Small Intestine,V10F24-050_A1,Banksy,Intestine,0.7406073518185164,0.6812366625627524,0.8251325082520647,0.8814814814814815,0.6860666446210733,0.6764742122473374,0.6812366625627525,12.234251689910888,459.5547304153442,0.0188271604938271,0.0625748416102508,-0.0189831550128376
1639,10X,Human Small Intestine,V10F24-050_A1,BayesSpace,Intestine,0.4190950454656244,0.5515484054616131,0.6082110216673157,0.7824074074074074,0.5641591750232353,0.5394890915034926,0.5515484054616131,1571.8735319614411,6674.44,0.0246913580246913,0.0625675292560373,0.0425913236226047
1640,10X,Human Small Intestine,V10F24-050_A1,CCST,Intestine,0.6723829901014783,0.6536057209053947,0.7761563260239458,0.8570370370370369,0.679766626433388,0.6293918069222058,0.6536057209053947,305.8618891239166,976.36278591156,0.0146296296296295,0.062322363034416,0.1390998755423944
1641,10X,Human Small Intestine,V10F24-050_A1,CellCharter,Intestine,0.523335275621805,0.6100142461756726,0.664488504946344,0.8601173926475131,0.6741685746933953,0.5571047893133143,0.6100142461756726,147.2814390182495,117.10391006469726,0.0232313870868087,0.0626928209972266,0.1371008890542271
1642,10X,Human Small Intestine,V10F24-050_A1,DeepST,Intestine,0.6701707578975938,0.6851396769882923,0.7711595834109304,0.8948765432098765,0.718730204855607,0.6567807854898241,0.6851396769882923,380.2766842842102,4448.181879043579,0.0179012345679011,0.0622533854649602,0.0831302904692776
1643,10X,Human Small Intestine,V10F24-050_A1,GraphST,Intestine,0.5834621926694542,0.6460818630041351,0.7108900193371085,0.8966049382716049,0.6883644936546025,0.6086930334657278,0.6460818630041352,17.016841411590576,625.5875080108642,0.0354938271604938,0.0631603545106411,0.0826778249681554
1644,10X,Human Small Intestine,V10F24-050_A1,PRECAST,Intestine,0.5824972399117484,0.6529141690382881,0.7101486089383207,0.8979528535980149,0.6959410049591199,0.6148978586286983,0.6529141690382881,101.59682006835938,642.62,0.0344292803970223,0.0640803054657924,0.0568481247513891
1645,10X,Human Small Intestine,V10F24-050_A1,SEDR,Intestine,0.6545599316424123,0.6877557693376775,0.7597170198901868,0.9091358024691358,0.7387969797714936,0.6434013310024551,0.6877557693376775,20.67245740890503,938.1889455795288,0.0091358024691357,0.0620257851796062,0.0932515162096154
1646,10X,Human Small Intestine,V10F24-050_A1,STAGATE,Intestine,0.5379525968566888,0.6436479607453972,0.6779040007511998,0.8672222222222222,0.690475279285421,0.6027748193455762,0.6436479607453971,49.77508792877197,213.22988204956056,0.0256172839506172,0.0627620453014173,0.070529130173783
1647,10X,Human Small Intestine,V10F24-050_A1,SpaGCN,Intestine,0.5800835813502047,0.6604987893048995,0.7048859575841612,0.898671609514983,0.7203281242867728,0.6098459334602733,0.6604987893048995,47.02024655342102,575.7843763351441,0.0466481309854803,0.0620014872613696,0.0328810152439882
1648,10X,Human Small Intestine,V10F24-050_A1,SpaceFlow,Intestine,0.6811723502086121,0.6976836969314747,0.7784873682234261,0.9074074074074074,0.7555881880486048,0.6480862206594624,0.6976836969314747,37.34403657913208,172.54864177703854,0.0093827160493826,0.0622140120941883,0.1475178245876205
1649,10X,Human Small Intestine,V10F24-050_A1,SpatialMGCN,Intestine,0.3989849263341168,0.5558554836602885,0.60200451344415,0.7929012345679012,0.5604253208969693,0.5513595706407239,0.5558554836602885,51.09025249481202,236.01336517333985,0.012037037037037,0.0619914654712766,0.0161549544032235
1650,10X,Human Small Intestine,V10F24-050_A1,stLearn,Intestine,0.7342324922399766,0.6783312067300872,0.8269540271462533,0.8765432098765432,0.6480037554044789,0.7116367690754433,0.6783312067300873,328.7110927581787,5089.995846176147,0.0469135802469135,0.0626097313204279,-0.0065182093770698
1651,10X,Human Small Intestine,V10F24-050_B1,BASS,Intestine,0.5447244648043188,0.5897678540015197,0.6696913557036857,0.8360852596817774,0.6459403403504955,0.5425835191365687,0.5897678540015197,1396.398263978958,1929.44,0.0354247973581507,0.0650969372830075,0.090342793788331
1652,10X,Human Small Intestine,V10F24-050_B1,Banksy,Intestine,0.482808232693092,0.5402055558790856,0.6300250572764394,0.7847493245271691,0.5710172175660263,0.5125488059241606,0.5402055558790857,12.713737106323242,449.8506099700928,0.0243170219153407,0.0650752829354734,0.104746231747628
1653,10X,Human Small Intestine,V10F24-050_B1,BayesSpace,Intestine,0.5282090446450859,0.6002232033093706,0.6605700846941657,0.848994296007205,0.6410134325138831,0.5643136835875945,0.6002232033093706,1616.903924036026,7122.539999999999,0.0408285800060042,0.0647993570520865,0.080775351010998
1654,10X,Human Small Intestine,V10F24-050_B1,CCST,Intestine,0.512323517815647,0.5691665845564,0.6535440460444073,0.7800660462323628,0.5958168275909982,0.5451224624778377,0.5691665845564,316.26553535461426,974.729055595398,0.0109276493545481,0.0643831571796233,0.1618212902002578
1655,10X,Human Small Intestine,V10F24-050_B1,CellCharter,Intestine,0.5727291551200941,0.6172765454511076,0.6908789390154556,0.8580006004202942,0.6734111912728263,0.5698135769396521,0.6172765454511076,114.49343986511232,81.65280342102051,0.0221555088561993,0.0646817154560562,0.0993075996024463
1656,10X,Human Small Intestine,V10F24-050_B1,DeepST,Intestine,0.5975445613713921,0.6543551366101176,0.7094955861897996,0.8638246772740918,0.7096082900282437,0.6072146746599111,0.6543551366101176,383.5596290588379,4560.487313842774,0.0224557190033022,0.0643740165984984,0.0747593339106611
1657,10X,Human Small Intestine,V10F24-050_B1,GraphST,Intestine,0.408290657672438,0.49292354971756,0.6217356767363946,0.7706394476133294,0.4617932459056832,0.5285543374146218,0.49292354971756,19.123086500167847,636.2866035461426,0.0591413989792855,0.0653598491598075,0.0232939231963879
1658,10X,Human Small Intestine,V10F24-050_B1,PRECAST,Intestine,0.3442751265149587,0.4498507959290503,0.5278531395176551,0.7424879807692307,0.4771363674147971,0.4255171278158117,0.4498507959290503,104.48367800712586,689.88,0.0721153846153846,0.0673110847566384,-0.0273769678715878
1659,10X,Human Small Intestine,V10F24-050_B1,SEDR,Intestine,0.5128683886228111,0.5464982792103307,0.6618911354510562,0.7766436505553889,0.5509354479969071,0.5422146413145597,0.5464982792103308,21.01440343856812,648.9625551223755,0.0135694986490543,0.0642658330834319,0.0621766450954478
1660,10X,Human Small Intestine,V10F24-050_B1,STAGATE,Intestine,0.5574884168582623,0.6044334975468126,0.692433212746985,0.8653857700390273,0.6206343290912766,0.5890634171223755,0.6044334975468126,51.208110618591306,211.8214994430542,0.0410687481236865,0.0648165752740429,0.0070377982209572
1661,10X,Human Small Intestine,V10F24-050_B1,SpaGCN,Intestine,0.299546113805694,0.4767464411372663,0.483612468613228,0.699189432602822,0.5241047500627255,0.4372374914626055,0.4767464411372664,27.12775812149048,518.4403036117553,0.1224857400180126,0.0655691962401858,0.0450296660207941
1662,10X,Human Small Intestine,V10F24-050_B1,SpaceFlow,Intestine,0.5023781904895103,0.5974234968208674,0.6380575672595963,0.8275592915040528,0.6509151030444834,0.5522801224841231,0.5974234968208674,48.7877592086792,176.0437152862549,0.0106274392074451,0.0642753191470623,0.1061058612327435
1663,10X,Human Small Intestine,V10F24-050_B1,SpatialMGCN,Intestine,0.4192782593372229,0.5443758309818197,0.612629363391957,0.7544280996697689,0.5371694741923609,0.5517781696291539,0.5443758309818199,52.79592070579529,222.24170513153075,0.0147102972080456,0.0642505032639529,0.0043991137010997
1664,10X,Human Small Intestine,V10F24-050_B1,stLearn,Intestine,0.5831707463799624,0.5887054573832758,0.722795609899432,0.8231762233563493,0.5569908819829444,0.6242496907377878,0.588705457383276,336.1243357658386,4801.810398674012,0.06364455118583,0.0658647861424492,-0.0895730847582018
1665,10X,Human Small Intestine,V10F24-050_C1,BASS,Intestine,0.6779426825190368,0.651916558104681,0.7710136536464496,0.8689823278488726,0.6986742757884957,0.6110246583147706,0.651916558104681,1470.585352039337,1909.58,0.0432663010359536,0.0626059140483319,0.0880522051313663
1666,10X,Human Small Intestine,V10F24-050_C1,Banksy,Intestine,0.6376347894560331,0.6369151776935549,0.7484899283708975,0.8345521023765997,0.6428345417988097,0.631103832580068,0.636915177693555,12.740035438537598,445.8267259597778,0.0252894576477757,0.0624165295260197,0.0454843442773521
1667,10X,Human Small Intestine,V10F24-050_C1,BayesSpace,Intestine,0.5346930170343295,0.6005266538963965,0.6700782306314564,0.8595368677635588,0.6325427314298969,0.5715954176344457,0.6005266538963964,1591.7625060081482,6756.26,0.0356489945155393,0.0632654780196301,0.0641287701431228
1668,10X,Human Small Intestine,V10F24-050_C1,CCST,Intestine,0.6076823416366216,0.6051064722846483,0.721734434904293,0.8277879341864717,0.643285209912088,0.5714697112443579,0.6051064722846483,311.2798701763153,947.3001588821412,0.0175502742230346,0.0621453642648796,0.1516215261874658
1669,10X,Human Small Intestine,V10F24-050_C1,CellCharter,Intestine,0.5658199585999243,0.6250173402427223,0.6865267746326853,0.8702257474069555,0.6887975296124773,0.5720613625144905,0.6250173402427223,121.48982529640196,75.16084957122803,0.022208663819402,0.0623749919519342,0.1250628222350872
1670,10X,Human Small Intestine,V10F24-050_C1,DeepST,Intestine,0.523094161382019,0.6055628943643522,0.657046274569619,0.8038391224862889,0.6472240370498453,0.5689563316466779,0.6055628943643522,390.22429451942446,4493.763140106201,0.0222425350396099,0.0618744258957743,0.0479428478155771
1671,10X,Human Small Intestine,V10F24-050_C1,GraphST,Intestine,0.3301514996574406,0.4814668148111763,0.572144239603601,0.7538086532602072,0.4505799385019935,0.5168998664760075,0.4814668148111763,17.930870485305785,617.8986637115479,0.0508836075563679,0.0627007965535314,-0.0414415633776093
1672,10X,Human Small Intestine,V10F24-050_C1,PRECAST,Intestine,0.3692351691925313,0.4710917701905572,0.5490574369216622,0.7493887530562348,0.4983746793848497,0.4466409598768915,0.4710917701905572,102.19335598945618,650.54,0.0809902200488997,0.0639347847965944,-0.0449235784021511
1673,10X,Human Small Intestine,V10F24-050_C1,SEDR,Intestine,0.6731623033659178,0.666799156891881,0.7700851786172209,0.8881170018281536,0.6945382718754838,0.6412393291424914,0.666799156891881,20.8354031085968,686.3887113571167,0.0124314442413162,0.0619842773592584,0.0838431009326373
1674,10X,Human Small Intestine,V10F24-050_C1,STAGATE,Intestine,0.4597440989440507,0.5567332952211543,0.6210454206867773,0.8165143205362584,0.5766024827041145,0.5382367384516374,0.5567332952211543,52.11026844978333,206.2839412689209,0.0592321755027421,0.0634422745233488,-0.0145585250569514
1675,10X,Human Small Intestine,V10F24-050_C1,SpaGCN,Intestine,0.4907282587013538,0.5664500550617504,0.6291428313626724,0.8181818181818181,0.6287464715889513,0.5153854841373892,0.5664500550617503,26.84689083099365,497.01481590271,0.1467358145210494,0.0643323071900372,0.0356812087149957
1676,10X,Human Small Intestine,V10F24-050_C1,SpaceFlow,Intestine,0.4988153980703259,0.5726738295801896,0.6404571211878378,0.8185862279098111,0.6145396522640475,0.5362919323394816,0.5726738295801896,26.9172785282135,173.68510818481445,0.0208409506398537,0.0619294507339242,0.0603041765276345
1677,10X,Human Small Intestine,V10F24-050_C1,SpatialMGCN,Intestine,0.4149923097577598,0.5679590406676422,0.616359613621963,0.7556368068251066,0.5451441966629044,0.5927669455804513,0.5679590406676422,51.4920313835144,225.55576915740969,0.0127970749542961,0.0617988857242609,-0.0366273098627554
1678,10X,Human Small Intestine,V10F24-050_C1,stLearn,Intestine,0.5947761398784912,0.6094197558161244,0.7552200004548897,0.7647775746496039,0.5140310826692862,0.7482775030832539,0.6094197558161244,333.75801157951355,4641.12982673645,0.0298598415600242,0.0625093270731198,-0.2516911603100267
1679,10X,Human Small Intestine,V10F24-050_D1,BASS,Intestine,0.3314235350241146,0.5073633569349354,0.5139751014344065,0.6954819277108434,0.5625725576839363,0.4620218993030999,0.5073633569349355,1406.1242199420929,1913.06,0.0295180722891566,0.061787501868539,0.0512618696783741
1680,10X,Human Small Intestine,V10F24-050_D1,Banksy,Intestine,0.5854316380944143,0.6279792880511229,0.7070086181511467,0.8421686746987952,0.662041461296326,0.5972506174299951,0.6279792880511229,13.248794651031494,458.7779428482056,0.0204819277108433,0.0616199711045325,0.0657920894883463
1681,10X,Human Small Intestine,V10F24-050_D1,BayesSpace,Intestine,0.699274660558573,0.6794588391620574,0.8000197169561334,0.869578313253012,0.6521431744351921,0.7091628287557933,0.6794588391620575,1612.4580119609832,7101.1,0.0256024096385541,0.0611884508666411,0.1560909714834722
1682,10X,Human Small Intestine,V10F24-050_D1,CCST,Intestine,0.5645431694656401,0.6032272244075765,0.7039504220191835,0.7983132530120483,0.605918447798526,0.6007862546190277,0.6032272244075765,319.196746635437,991.3667823791504,0.0148192771084337,0.0612026526350521,0.1133459406205472
1683,10X,Human Small Intestine,V10F24-050_D1,CellCharter,Intestine,0.60149393300654,0.6663506209741991,0.7158594786245451,0.8916867469879518,0.7389360470196433,0.6067747514960109,0.6663506209741991,139.24344544410707,101.14194507598876,0.0247590361445782,0.0611153750684277,0.1025389572104888
1684,10X,Human Small Intestine,V10F24-050_D1,DeepST,Intestine,0.518122156819183,0.6172702811511893,0.6527059065844336,0.8510843373493977,0.6859153312858023,0.5615373114702905,0.6172702811511893,388.3848516464233,4550.011163520813,0.0297590361445782,0.0609126804100021,0.1070319203314221
1685,10X,Human Small Intestine,V10F24-050_D1,GraphST,Intestine,0.4381372537248325,0.5277392398080132,0.6253441980057248,0.8057228915662652,0.5205228109106773,0.5351585761612276,0.5277392398080131,18.341873168945312,640.9828062057495,0.0527108433734938,0.0615178783500752,0.041664281861379
1686,10X,Human Small Intestine,V10F24-050_D1,PRECAST,Intestine,0.3231905204051508,0.4830807299164109,0.5629774519500698,0.7399577167019028,0.4716750179222767,0.4950517208219026,0.4830807299164109,103.5538239955902,655.9,0.0498338870431893,0.0625424800818552,-0.0863708781250301
1687,10X,Human Small Intestine,V10F24-050_D1,SEDR,Intestine,0.4455321918469807,0.5644066474909212,0.6051755444546647,0.8157831325301205,0.6091773254373468,0.5259817273512174,0.5644066474909212,19.582848930358885,814.9285329818725,0.0154819277108433,0.0608009740412159,0.0974899050414134
1688,10X,Human Small Intestine,V10F24-050_D1,STAGATE,Intestine,0.4982159152302717,0.5844362523597412,0.6489440070846536,0.8403012048192771,0.6138343147471004,0.557777122686025,0.5844362523597411,51.88677716255188,214.9669412612915,0.0460240963855421,0.0621499429658151,0.0132882918033705
1689,10X,Human Small Intestine,V10F24-050_D1,SpaGCN,Intestine,0.3754889996111827,0.5587887880404977,0.5467705969824344,0.7701807228915662,0.6190857277749802,0.5091948618364367,0.5587887880404977,25.30404396057129,559.2856502532959,0.0617469879518072,0.0613209265062088,0.0656923081972092
1690,10X,Human Small Intestine,V10F24-050_D1,SpaceFlow,Intestine,0.4932638709977832,0.6194308938691477,0.6334584241043479,0.8451204819277109,0.6958512113383519,0.5581427695355459,0.6194308938691477,56.11395335197449,189.09022197723388,0.0112650602409638,0.0607848112652609,0.1219686633540808
1691,10X,Human Small Intestine,V10F24-050_D1,SpatialMGCN,Intestine,0.391262225662164,0.5334181322946432,0.5651401866938612,0.7662650602409639,0.5680583160209014,0.5027598477404993,0.5334181322946431,52.54790506362915,227.05757484436035,0.0322289156626506,0.0612889744826484,0.1598597306427099
1692,10X,Human Small Intestine,V10F24-050_D1,stLearn,Intestine,0.6573238026325104,0.6358047768486096,0.7741771633667733,0.8566265060240964,0.6059355305991236,0.6687714856497173,0.6358047768486097,337.3942940711975,5075.278300476074,0.0617469879518072,0.0630920502991936,-0.0658490571373106
1693,10X,Human Small Intestine,V10S29-108_A1,BASS,Intestine,0.4936065981248269,0.6631031285237747,0.681951841109669,0.8723776223776223,0.762678325275084,0.5865263181049679,0.6631031285237748,1330.7492459774016,1549.84,0.0196678321678321,0.06081301191925,0.1489500137621234
1694,10X,Human Small Intestine,V10S29-108_A1,Banksy,Intestine,0.3015218351035397,0.5198580769275974,0.5537900262441482,0.7814685314685315,0.5742342493568431,0.4748892195080326,0.5198580769275976,10.052587985992432,365.7109106063843,0.0520104895104895,0.0624475611386426,0.1612403154441761
1695,10X,Human Small Intestine,V10S29-108_A1,BayesSpace,Intestine,0.4525543277811089,0.612379655052003,0.6520642729709947,0.8557692307692306,0.7147748538261773,0.5356456431963619,0.6123796550520029,1110.7528519630432,4785.4,0.0244755244755244,0.061043401154474,0.1669468081036748
1696,10X,Human Small Intestine,V10S29-108_A1,CCST,Intestine,0.5518957035115579,0.6439263082407443,0.7236229397342007,0.8625,0.6803790567346721,0.6193531821618758,0.6439263082407443,183.83654432296757,543.7715476989746,0.0161713286713286,0.0621618622049962,0.2109561691944198
1697,10X,Human Small Intestine,V10S29-108_A1,CellCharter,Intestine,0.3417757965055936,0.5754270926864227,0.5659598782081211,0.8637237762237762,0.6920490932293036,0.492459088902753,0.5754270926864227,111.9423336982727,108.9033260345459,0.0346153846153845,0.0617085805345896,0.1569510774491127
1698,10X,Human Small Intestine,V10S29-108_A1,DeepST,Intestine,0.3820378662805495,0.598862990020196,0.5981576926355817,0.8594405594405595,0.703021680061858,0.5225171271225226,0.598862990020196,268.17632312774657,1742.9444734573365,0.0174825174825174,0.0608773023671085,0.1506221775867814
1699,10X,Human Small Intestine,V10S29-108_A1,GraphST,Intestine,0.4693216317535871,0.632321579241338,0.6669797964805667,0.8597027972027972,0.700732136299758,0.5760804267874391,0.632321579241338,13.976223754882811,354.48820247650144,0.0244755244755244,0.0622912079464286,0.0601670979021132
1700,10X,Human Small Intestine,V10S29-108_A1,PRECAST,Intestine,0.4538444369061859,0.6004216053582094,0.6558094204825867,0.8596414516834281,0.6827792656715417,0.535793540838612,0.6004216053582094,69.93589396476746,647.96,0.034543069523393,0.0615977262467245,0.1764253389831317
1701,10X,Human Small Intestine,V10S29-108_A1,SEDR,Intestine,0.4489679526745606,0.5948286072737139,0.6521295551302496,0.8506118881118881,0.676369144268362,0.5309279129643147,0.5948286072737138,17.492453479766844,614.7914928436279,0.0134615384615384,0.0613236894309617,0.1765377518490938
1702,10X,Human Small Intestine,V10S29-108_A1,STAGATE,Intestine,0.4582917716707104,0.6199671814527864,0.6569280523758108,0.8484265734265733,0.7164696046896546,0.5463755081442059,0.6199671814527864,36.09360404014588,129.60088787078857,0.0275349650349649,0.0619528755172267,0.1598451733041937
1703,10X,Human Small Intestine,V10S29-108_A1,SpaGCN,Intestine,0.4779469269188955,0.6264731097102421,0.6723470061575012,0.8662587412587414,0.7081262220915725,0.5617037785841095,0.626473109710242,14.442990493774412,373.9061132431031,0.0279720279720279,0.0617951164566099,0.1898452940019144
1704,10X,Human Small Intestine,V10S29-108_A1,SpaceFlow,Intestine,0.3130647329990284,0.5484928228238793,0.5471097154282575,0.8212412587412586,0.6509877313700649,0.4739006549743839,0.5484928228238793,15.678974103927612,104.13661766052246,0.0502622377622377,0.061204549835333,0.069198263285758
1705,10X,Human Small Intestine,V10S29-108_A1,SpatialMGCN,Intestine,0.4611294755375333,0.6176356518020085,0.6605091890831396,0.8579545454545453,0.703499013885714,0.5504519663098387,0.6176356518020084,44.15827412605286,164.6068326950073,0.0314685314685314,0.0616824945540335,0.1885985892789653
1706,10X,Human Small Intestine,V10S29-108_A1,stLearn,Intestine,0.4611062935054227,0.6028570507294515,0.6626037252643185,0.847902097902098,0.6582492501904754,0.5560638354295304,0.6028570507294514,233.93386449813843,2650.658296966553,0.048513986013986,0.0628061653875055,0.0254249144832702
1707,10X,Human Small Intestine,V11B18-363_D1,BASS,Intestine,0.5712368155374739,0.6125529580466504,0.6937853824853827,0.8619505494505495,0.6507805536519916,0.5785672544054047,0.6125529580466503,1349.1908679962155,1711.3,0.0398351648351648,0.0573556793096493,0.01444422997073
1708,10X,Human Small Intestine,V11B18-363_D1,Banksy,Intestine,0.4339904832020512,0.4706453831928819,0.6085348496367239,0.748282967032967,0.4768144630278798,0.464633896909768,0.4706453831928819,10.98811902999878,409.93584728240967,0.0453296703296703,0.0585715136624985,-0.0471799947622743
1709,10X,Human Small Intestine,V11B18-363_D1,BayesSpace,Intestine,0.4372799247877564,0.5619765767299525,0.6126947489427218,0.7726648351648352,0.5743997328793444,0.5500794219059948,0.5619765767299524,1410.7677119731902,6023.360000000001,0.0285027472527472,0.0573979107341421,-0.0115293909968362
1710,10X,Human Small Intestine,V11B18-363_D1,CCST,Intestine,0.562829361952893,0.5885173787892727,0.6891872732596583,0.8206043956043956,0.6194565637789086,0.5610419373559402,0.5885173787892728,257.2359642982483,785.5440349578857,0.0201923076923076,0.0576027981337834,0.1604350454345184
1711,10X,Human Small Intestine,V11B18-363_D1,CellCharter,Intestine,0.5472012898568541,0.5868221257663755,0.6717038688031953,0.8446428571428571,0.6506226972915468,0.534445511074509,0.5868221257663755,103.71735639572144,105.06983070373536,0.0470467032967032,0.058174072960572,0.1489235044641394
1712,10X,Human Small Intestine,V11B18-363_D1,DeepST,Intestine,0.6197743014174596,0.6348975051963925,0.7355836208299761,0.8487637362637364,0.6399959030618941,0.63087963722023,0.6348975051963925,344.09632658958435,2200.311326980591,0.021565934065934,0.0571796016025787,0.0093665945855683
1713,10X,Human Small Intestine,V11B18-363_D1,GraphST,Intestine,0.5564071467824497,0.5621875977847048,0.6923120872570575,0.8262362637362637,0.5745135634523232,0.5503794207870732,0.5621875977847048,16.348280954360963,517.9461380004883,0.082760989010989,0.0594124900806073,0.0530723200599819
1714,10X,Human Small Intestine,V11B18-363_D1,PRECAST,Intestine,0.1334927190059135,0.2556989469903823,0.5226617002751996,0.5176915149433184,0.2042740565312664,0.3417268310632644,0.2556989469903823,91.41811594963072,719.74,0.0704225352112676,0.0603351135460635,-0.2496924947068411
1715,10X,Human Small Intestine,V11B18-363_D1,SEDR,Intestine,0.5625763423677105,0.5719075729726442,0.696877063668911,0.8204670329670328,0.583201017642217,0.5610604115008663,0.5719075729726442,19.10244150161743,646.1463737487793,0.0269230769230768,0.0578125641955194,0.0718153229697915
1716,10X,Human Small Intestine,V11B18-363_D1,STAGATE,Intestine,0.5108808615936761,0.5377070304461157,0.6663696180054318,0.811195054945055,0.537599954492719,0.5379848455118184,0.5377070304461155,45.435149145126346,174.8399784088135,0.0775412087912087,0.0597174372902851,0.019678334482193
1717,10X,Human Small Intestine,V11B18-363_D1,SpaGCN,Intestine,0.489699216933755,0.5655846961456481,0.6281461427577313,0.8279532967032968,0.6289884059933453,0.5137929914911871,0.5655846961456482,20.940503072738647,450.1918266296387,0.1033653846153846,0.0580183925993595,0.0139905036911291
1718,10X,Human Small Intestine,V11B18-363_D1,SpaceFlow,Intestine,0.5715933177526644,0.6223239253531685,0.6905101418110033,0.8291895604395604,0.6765934863875458,0.5763606351277423,0.6223239253531686,35.28870301246643,142.25899143218993,0.0111950549450549,0.0571753161930325,0.1919720562378989
1719,10X,Human Small Intestine,V11B18-363_D1,SpatialMGCN,Intestine,0.3253050244042824,0.482605303467669,0.5053650786455197,0.689217032967033,0.5348944116602662,0.4396289594897837,0.482605303467669,48.51464748382568,199.47630519866945,0.0216346153846153,0.0571073985913628,0.1037660454681697
1720,10X,Human Small Intestine,V11B18-363_D1,stLearn,Intestine,0.5031282057268055,0.5327449514363547,0.666960708988866,0.7706043956043956,0.5096461851272988,0.5580369387321595,0.5327449514363546,294.56713886260985,3443.6301752090453,0.0989010989010989,0.0599059002416889,-0.1351165352523043
1721,10X,Human Small Intestine,V19T26-028_A1,BASS,Intestine,0.3804541654935239,0.5543180102851154,0.5516242452970048,0.6686103012633625,0.5501333351994305,0.5585668361118942,0.5543180102851154,1346.9047659873963,1951.94,0.0362811791383219,0.0649040047858935,0.0787690957193968
1722,10X,Human Small Intestine,V19T26-028_A1,Banksy,Intestine,0.7090406847364751,0.6423573130263224,0.7925410954433482,0.7975380628441853,0.6156077455502333,0.6715371409175694,0.6423573130263224,11.90673336982727,483.0333578109741,0.0391966310333657,0.0661919027080689,0.0139224639040187
1723,10X,Human Small Intestine,V19T26-028_A1,BayesSpace,Intestine,0.3750126369973823,0.5631893045967532,0.5566640163606686,0.7110463232912213,0.5457036746170443,0.5818325900518527,0.5631893045967531,1642.3401540279388,7876.7,0.0249433106575963,0.064041228074737,-0.0486452339488428
1724,10X,Human Small Intestine,V19T26-028_A1,CCST,Intestine,0.7132494214021136,0.6913827106357939,0.7942247964435782,0.80459993521218,0.6600798438788417,0.7260423621092211,0.6913827106357938,281.61601705551146,968.027945137024,0.0098477486232587,0.0641784883377915,-0.034208582638907
1725,10X,Human Small Intestine,V19T26-028_A1,CellCharter,Intestine,0.6546569827546374,0.7028321707301807,0.7429739346073643,0.8337653920933248,0.7254189453177373,0.6816553428128774,0.7028321707301806,224.07842402458195,194.11509399414064,0.0222294232015553,0.0642818973660286,0.0735189385584871
1726,10X,Human Small Intestine,V19T26-028_A1,DeepST,Intestine,0.7277751082778978,0.7540709651832438,0.7975843569481327,0.8860382248137351,0.7727336709924016,0.7364008129531847,0.7540709651832438,350.26778016090395,4265.81256313324,0.0223517978620019,0.0639786107966554,0.0378332095676493
1727,10X,Human Small Intestine,V19T26-028_A1,GraphST,Intestine,0.5095118306554681,0.5899417114585894,0.6365974585053347,0.7797214123744736,0.6018542804759345,0.5784915633123299,0.5899417114585895,17.73776044845581,621.9532297134399,0.0800129575639779,0.0646371790382152,-0.0519011624619972
1728,10X,Human Small Intestine,V19T26-028_A1,PRECAST,Intestine,0.4549831358950581,0.6005414611228442,0.6311877597642496,0.7088197146562906,0.5664472291553178,0.6390027828206664,0.6005414611228441,48.71390995979309,1053.74,0.0625810635538262,0.0669299495316688,-0.0068187681179141
1729,10X,Human Small Intestine,V19T26-028_A1,SEDR,Intestine,0.7723692835652174,0.7425611833090363,0.8324711772728272,0.8748299319727891,0.7542317242313505,0.7314281881829002,0.7425611833090362,18.595775032043456,1155.7301290512085,0.014382896015549,0.0644049528652437,0.0599813058530606
1730,10X,Human Small Intestine,V19T26-028_A1,STAGATE,Intestine,0.6296768018248546,0.6743055639466271,0.7270179528886734,0.8304502753482345,0.6837910964133039,0.6650796408983666,0.6743055639466271,50.33878779411316,232.83530960083007,0.0415289925494006,0.064703483619517,0.0375868879101912
1731,10X,Human Small Intestine,V19T26-028_A1,SpaGCN,Intestine,0.7460511964935396,0.6975151365544803,0.8119378645916384,0.8600129617627997,0.7163338104663417,0.6796599157909831,0.6975151365544803,49.01919050216675,664.8530141830445,0.0602721970187945,0.0652462520236972,0.0222380932973144
1732,10X,Human Small Intestine,V19T26-028_A1,SpaceFlow,Intestine,0.5659074216370537,0.6328473533533441,0.6763127714498656,0.8027210884353743,0.647929860674236,0.618529395453228,0.6328473533533441,45.68201322555542,232.8327461242676,0.0150307742144476,0.0640391652528445,0.04061519818736
1733,10X,Human Small Intestine,V19T26-028_A1,SpatialMGCN,Intestine,0.4528002496246611,0.5811393811673259,0.6514447136880744,0.7392290249433107,0.5246703322569042,0.6512297233046942,0.5811393811673259,49.61705460548401,262.409497833252,0.0278587625526401,0.0641179401000358,0.08496446658413
1734,10X,Human Small Intestine,V19T26-028_A1,stLearn,Intestine,0.6419798687597608,0.6661404539901257,0.7436577627231175,0.8185941043083901,0.6478594916437205,0.6854830585900673,0.6661404539901256,313.6776019096375,5033.607187843323,0.0693229672821509,0.0651266201407189,-0.037026780217878
1735,10X,Human Small Intestine,V19T26-028_B1,BASS,Intestine,0.6768094079172624,0.6849073202342805,0.760690550168483,0.8350515463917526,0.6811466730301038,0.6887097234442058,0.6849073202342804,1394.5389039993286,1971.1,0.0321774445485785,0.0649927792863082,0.0001961890003167
1736,10X,Human Small Intestine,V19T26-028_B1,Banksy,Intestine,0.689921227050365,0.6497184970415039,0.7726385978163336,0.8097469540768509,0.6269455868294493,0.674208153010516,0.6497184970415039,13.688196182250977,506.0598928451538,0.035613870665417,0.0658259203842916,-0.0097312852623791
1737,10X,Human Small Intestine,V19T26-028_B1,BayesSpace,Intestine,0.5657016831575713,0.6666442192081229,0.6749685598759219,0.836613558263043,0.6697873850874939,0.6635304159181931,0.6666442192081229,1695.5416900634766,8042.9,0.0253045923149015,0.0645904018529005,-0.0770680876319956
1738,10X,Human Small Intestine,V19T26-028_B1,CCST,Intestine,0.7212168195671211,0.7147831446683416,0.801935309385842,0.8503592627303969,0.6754760688809966,0.7606767659871662,0.7147831446683416,297.8400979995728,1040.879856491089,0.009247110278038,0.0645253536915664,0.0060372014322072
1739,10X,Human Small Intestine,V19T26-028_B1,CellCharter,Intestine,0.4919181582606614,0.6211126465761205,0.6115672960280236,0.750952827241487,0.644935262271761,0.599000738849621,0.6211126465761205,256.3650644302368,218.3800085067749,0.0211184004998437,0.0648259198217489,0.1107056986689433
1740,10X,Human Small Intestine,V19T26-028_B1,DeepST,Intestine,0.6090282332465264,0.7057548768409783,0.7029455101989619,0.8273039675101531,0.7239003218055775,0.6885490198099936,0.7057548768409783,361.341040468216,4423.576147842407,0.020431115276476,0.0646509880590691,0.0241747472437084
1741,10X,Human Small Intestine,V19T26-028_B1,GraphST,Intestine,0.5704604214261706,0.6445311256199167,0.6774369167502078,0.8284910965323335,0.6493912860374167,0.6397431734013036,0.6445311256199168,19.08867177963257,668.2659526824951,0.0437363323961262,0.0649823136162963,0.0625828450094705
1742,10X,Human Small Intestine,V19T26-028_B1,PRECAST,Intestine,0.6399479944928693,0.6550582923644273,0.7355999275370282,0.8214844973379268,0.6433776497407486,0.6671709060456379,0.6550582923644273,48.90160799026489,1029.62,0.0485436893203883,0.0667952003543773,-0.0123461300056794
1743,10X,Human Small Intestine,V19T26-028_B1,SEDR,Intestine,0.7146992785841266,0.6934326936963614,0.7863177709828005,0.8468603561387067,0.6996342230675121,0.6873424316750034,0.6934326936963614,20.17930083274841,1228.3144706726075,0.0154951577631989,0.0646975984199679,0.0337843988141389
1744,10X,Human Small Intestine,V19T26-028_B1,STAGATE,Intestine,0.5972260427835371,0.6127428610708074,0.697497679755327,0.7940643548890971,0.6189392255368243,0.6067855661074396,0.6127428610708074,50.0594578742981,260.66775646209715,0.0404248672289908,0.0650486919453555,0.0193759446841237
1745,10X,Human Small Intestine,V19T26-028_B1,SpaGCN,Intestine,0.5514712588869412,0.6303728244068834,0.657084463192017,0.7931896282411747,0.657369422361098,0.6055061285210552,0.6303728244068834,42.24654655456543,706.0971830368042,0.0415495157763199,0.0651732809125571,0.062063488594296
1746,10X,Human Small Intestine,V19T26-028_B1,SpaceFlow,Intestine,0.5600999613034896,0.6707278866165863,0.6654605389458677,0.8047485160887223,0.6902811641536092,0.6522788379790859,0.6707278866165863,38.72287855148316,260.66103706359866,0.0133083411433926,0.0645679549447432,0.0624076447998079
1747,10X,Human Small Intestine,V19T26-028_B1,SpatialMGCN,Intestine,0.512161756279709,0.5919593276816715,0.6495152509836472,0.7544517338331771,0.5771865557162978,0.6075081645225732,0.5919593276816715,51.46201500892639,328.0198528289795,0.0224929709465791,0.0646116949042029,0.0658763211037654
1748,10X,Human Small Intestine,V19T26-028_B1,stLearn,Intestine,0.6691847794946295,0.6675127553771518,0.7610142644245241,0.8291159012808498,0.6424122049954104,0.6946545360669799,0.6675127553771517,325.43403029441833,5286.6856712341305,0.0559200249921899,0.0653821605794737,-0.0340258978675622
1749,10X,Human Small Intestine,V19T26-028_C1,BASS,Intestine,0.6031508086465107,0.6905578907737174,0.6996090115253064,0.82853527364758,0.7030943604731972,0.6784606505369707,0.6905578907737173,1382.083938074112,1925.74,0.0335336918696615,0.0633517546876849,-0.0496243263663604
1750,10X,Human Small Intestine,V19T26-028_C1,Banksy,Intestine,0.70728710447863,0.6779873687672423,0.7880571631731672,0.8079721607086366,0.6480978280610402,0.7107671478021806,0.6779873687672422,12.164693927764892,499.1507007598877,0.0335336918696615,0.0646358916158593,0.0266431541580976
1751,10X,Human Small Intestine,V19T26-028_C1,BayesSpace,Intestine,0.5610545158099113,0.6719053661280538,0.6705556387212519,0.8304334071496362,0.6746279204178753,0.6692046980024495,0.6719053661280538,1681.653844022751,7948.7,0.0278392913634924,0.0627404032028239,-0.0754851027419815
1752,10X,Human Small Intestine,V19T26-028_C1,CCST,Intestine,0.8155353058395933,0.7704448837879122,0.8629334528875315,0.909205947484973,0.7679340662720961,0.7730666118572052,0.7704448837879122,289.8733479976654,1007.2210042953492,0.0130971211641885,0.0629386915427276,0.0194578862236088
1753,10X,Human Small Intestine,V19T26-028_C1,CellCharter,Intestine,0.5254827243581024,0.6476381484186848,0.637433034327152,0.7764556962025316,0.6691720647636584,0.6275377135220304,0.6476381484186847,252.7056684970856,204.0165647506713,0.0376582278481012,0.0635846354999317,0.0537880778587034
1754,10X,Human Small Intestine,V19T26-028_C1,DeepST,Intestine,0.6962470242716103,0.7663706735846161,0.770046661787205,0.8956026573869028,0.806655113429591,0.7315228845299379,0.7663706735846162,350.0597189903259,4367.269983673095,0.0237266687757038,0.062864263830435,0.0252277626679572
1755,10X,Human Small Intestine,V19T26-028_C1,GraphST,Intestine,0.5513039900199372,0.6240799820142784,0.6617590994858423,0.8054413160392281,0.6292882611770653,0.618957207405458,0.6240799820142784,18.261069297790527,649.9522346496582,0.0487187598861119,0.0633669643507604,0.0464093929514733
1756,10X,Human Small Intestine,V19T26-028_C1,PRECAST,Intestine,0.694043879379538,0.6934535987165269,0.7747905060717866,0.8350221659278023,0.6823833247673903,0.7048889809118375,0.6934535987165269,53.51241202354432,1099.2800000000002,0.0588980367321089,0.0653964694694871,-0.0130096293109881
1757,10X,Human Small Intestine,V19T26-028_C1,SEDR,Intestine,0.7284695561453198,0.7027599802801252,0.7983847103956789,0.8365707054729515,0.697813778654073,0.7083537859714804,0.7027599802801252,19.988960695266723,1195.8818616867063,0.0151850680164504,0.0630686792071629,0.0201572583798461
1758,10X,Human Small Intestine,V19T26-028_C1,STAGATE,Intestine,0.625071285566533,0.6878042158129688,0.7207251005462696,0.8321417273014868,0.6811028434538045,0.6951527980420191,0.6878042158129688,49.379562854766846,245.8830297470093,0.0359379943055994,0.0642350879751689,-0.0526961147145534
1759,10X,Human Small Intestine,V19T26-028_C1,SpaGCN,Intestine,0.8234644749890633,0.7871898360988536,0.8673149974223431,0.9091772151898734,0.7935658216617253,0.7809154909091462,0.7871898360988538,39.74930338859558,689.8803798675538,0.0414556962025316,0.0641759784223912,0.0131482851594362
1760,10X,Human Small Intestine,V19T26-028_C1,SpaceFlow,Intestine,0.6221420912401876,0.7186583394462186,0.7120091458488111,0.8310661183169883,0.7429793385621435,0.6959292130449696,0.7186583394462186,51.8868869304657,245.87675018310543,0.0149952546662448,0.062821269237298,0.0874899653244065
1761,10X,Human Small Intestine,V19T26-028_C1,SpatialMGCN,Intestine,0.3934125250227606,0.537642782428822,0.6075432289634739,0.695033217336286,0.4789012228223647,0.612809387688583,0.537642782428822,51.719282722473146,272.3541854858398,0.0319519139512812,0.0633233503152339,0.0810844080602028
1762,10X,Human Small Intestine,V19T26-028_C1,stLearn,Intestine,0.7305172179512504,0.7146731393983401,0.8077624541682067,0.8316988294843404,0.6679101105539861,0.7684772730988225,0.71467313939834,321.84603333473206,5217.389407920838,0.0559949383106611,0.0652270014724733,-0.0688841452976731
1763,10X,Human Small Intestine,V19T26-028_D1,BASS,Intestine,0.4982447049432914,0.6103562079647671,0.624423474551347,0.7612031921424187,0.6309556181449127,0.5910593299770618,0.6103562079647672,1424.7217700004578,1981.6,0.0331491712707182,0.0638651911888106,-0.0067723893285779
1764,10X,Human Small Intestine,V19T26-028_D1,Banksy,Intestine,0.5884335327874312,0.5670287664330526,0.705829851783598,0.7839165131982812,0.5446643943678635,0.591308379227756,0.5670287664330526,12.11337718963623,509.36861782073976,0.0405156537753222,0.064643330187976,-0.0867048544743939
1765,10X,Human Small Intestine,V19T26-028_D1,BayesSpace,Intestine,0.4052190815357164,0.5968012919368132,0.5734387449962361,0.7317372621240025,0.585564457112163,0.6084778286040236,0.5968012919368132,1670.51497797966,7993.719999999999,0.0242480049109883,0.062614794958873,-0.0503143189147261
1766,10X,Human Small Intestine,V19T26-028_D1,CCST,Intestine,0.7340793543119835,0.7084504051318079,0.810955551894333,0.8542664211172498,0.6847943144954087,0.7362632267898369,0.7084504051318079,307.0655093193054,1049.6027545928955,0.0138735420503375,0.0627313146966589,0.0067521072847875
1767,10X,Human Small Intestine,V19T26-028_D1,CellCharter,Intestine,0.5292934465777945,0.6588563074672253,0.6470887567983015,0.7996907854050711,0.6865049294817147,0.633406424368421,0.6588563074672253,208.8859721660614,188.001127243042,0.0331478045763759,0.0636833840606485,0.0545422473880664
1768,10X,Human Small Intestine,V19T26-028_D1,DeepST,Intestine,0.6067787734891544,0.6987971171148025,0.7059589106894695,0.8488643339472068,0.7226682109520183,0.6764568284438297,0.6987971171148025,353.207265663147,4493.453156280518,0.0217925107427869,0.0626414609928585,0.0165067727905078
1769,10X,Human Small Intestine,V19T26-028_D1,GraphST,Intestine,0.5729784231557198,0.6012545352967231,0.6842979647207683,0.7737875997544506,0.6103277553502867,0.5924471311698676,0.6012545352967231,17.548621368408202,673.8221418380738,0.0512584407612031,0.063654072604398,0.0121865803304317
1770,10X,Human Small Intestine,V19T26-028_D1,PRECAST,Intestine,0.3431783649514011,0.5225789253319193,0.5389972631800634,0.6550652579241765,0.5027114064386291,0.544081417006917,0.5225789253319193,47.722515964508055,1084.2,0.0537600994406463,0.0655141134064935,0.0299219274799275
1771,10X,Human Small Intestine,V19T26-028_D1,SEDR,Intestine,0.6661871149927434,0.6816129559662074,0.753961573445099,0.8377532228360958,0.6886333014598236,0.6749218103028644,0.6816129559662075,19.49426379203796,1208.201427268982,0.0173726212400245,0.0627414669971865,0.0177038920935504
1772,10X,Human Small Intestine,V19T26-028_D1,STAGATE,Intestine,0.5731460927520281,0.6649177682039956,0.6805044465142062,0.8339472068753837,0.6877758365454133,0.6435323480081298,0.6649177682039956,51.49446001052856,236.0365358352661,0.0350521792510742,0.0641282889240534,0.0224360571507415
1773,10X,Human Small Intestine,V19T26-028_D1,SpaGCN,Intestine,0.5130925452472752,0.603011437809872,0.6353159509903493,0.7671614100185529,0.6231931952141764,0.5840958264694406,0.603011437809872,34.84771099090576,685.585394668579,0.0408163265306122,0.0642765455702513,0.0647338046129687
1774,10X,Human Small Intestine,V19T26-028_D1,SpaceFlow,Intestine,0.4782856757035218,0.6232462063660187,0.6073283574481463,0.7686310620012278,0.6473959096958282,0.6009290435087403,0.6232462063660187,40.13295359611512,228.22216358184812,0.0123388581952117,0.0625197456844432,0.0967955129997609
1775,10X,Human Small Intestine,V19T26-028_D1,SpatialMGCN,Intestine,0.3687214472739805,0.5048850160635624,0.5299558145375182,0.7246777163904236,0.5153059441293235,0.4948772140809263,0.5048850160635624,50.86608734130859,289.0797317504883,0.0395948434622467,0.0631590416134206,0.0337853465467361
1776,10X,Human Small Intestine,V19T26-028_D1,stLearn,Intestine,0.7030951370079318,0.6457182220131072,0.7825705629635131,0.8259668508287292,0.6463833420393583,0.6450544693794866,0.6457182220131072,336.62251744270327,5321.457155227661,0.083793738489871,0.0646236525859417,-0.0138394929336734
1847,10X,Mouse Brain,S1_Sagittal_Anterior_Level1,BASS,Brain,0.3176183411161347,0.5490510334953167,0.4908564114335195,0.8559227627181581,0.7030196101305317,0.4504071928533507,0.5490510334953167,4726.031156110764,1809.24,0.0311919792053471,0.0636171813884034,0.1053481095092181
1848,10X,Mouse Brain,S1_Sagittal_Anterior_Level1,Banksy,Brain,0.216192755693359,0.4363606504990688,0.400905043763456,0.7901968065354623,0.5527689049977669,0.3604723816801881,0.4363606504990688,14.088629627227784,848.9665470123291,0.0741923505384329,0.0645976154186994,0.0080161296537009
1849,10X,Mouse Brain,S1_Sagittal_Anterior_Level1,BayesSpace,Brain,0.2769424966875476,0.4985423012479024,0.4541286556940763,0.8095061269959153,0.6310634058775324,0.4120196235915829,0.4985423012479025,1410.4828179836272,5413.3,0.0445599702933531,0.0638736026754856,0.0221173982441202
1850,10X,Mouse Brain,S1_Sagittal_Anterior_Level1,CCST,Brain,0.471043236596908,0.594682050363456,0.6187966170260747,0.8864463423691051,0.714233459481581,0.5096174756266123,0.594682050363456,232.9229336261749,901.6379787445068,0.0300779799480133,0.0637691331993692,0.004062053498089
1851,10X,Mouse Brain,S1_Sagittal_Anterior_Level1,CellCharter,Brain,0.3320609195052319,0.542165118988396,0.5038003211982284,0.8451541032305979,0.6935401259801758,0.4450399780172462,0.542165118988396,245.9832847595215,588.1153394699097,0.040772372818418,0.0642278163867676,0.0859589143859261
1852,10X,Mouse Brain,S1_Sagittal_Anterior_Level1,DeepST,Brain,0.3671151692622548,0.5708221028671392,0.5338418621979997,0.8759747493501671,0.7122522692509653,0.476285566828189,0.5708221028671392,221.88325691223145,3724.215760231018,0.0431489045673969,0.0640041407888063,0.0546586464982397
1853,10X,Mouse Brain,S1_Sagittal_Anterior_Level1,GraphST,Brain,0.2827455532015164,0.4642672861579963,0.4603105636532641,0.7950241366505756,0.5816205476476974,0.3863197586235228,0.4642672861579964,18.029002141952517,848.8941738128663,0.0352766431489045,0.0637468076003377,0.0051148220214809
1854,10X,Mouse Brain,S1_Sagittal_Anterior_Level1,PRECAST,Brain,0.3082566870365015,0.4822928398871724,0.4820862107545661,0.8295581136279242,0.6068102422873507,0.400176633758229,0.4822928398871723,122.76958394050598,1659.2,0.0850352766431489,0.0662776043821959,-0.0290470450770069
1855,10X,Mouse Brain,S1_Sagittal_Anterior_Level1,SEDR,Brain,0.214955434967391,0.4474263038907285,0.401389426693265,0.7912365391756405,0.561318081272723,0.3719710897717272,0.4474263038907285,19.85930542945862,1610.7815994262696,0.0559970293353137,0.0640124878772188,-0.0060255409837175
1856,10X,Mouse Brain,S1_Sagittal_Anterior_Level1,STAGATE,Brain,0.2129376701897111,0.44399455875292,0.3979479518162235,0.7761604158930561,0.5623136815042797,0.3668265188050882,0.44399455875292,43.18572063446045,676.716944694519,0.0695878202747864,0.0643870196930906,0.033003340092464
1857,10X,Mouse Brain,S1_Sagittal_Anterior_Level1,SpaGCN,Brain,0.3772262520504245,0.546183588264364,0.5425791787156131,0.8592647604901597,0.68343929681819,0.4548380641451882,0.546183588264364,20.34314694404602,744.2032360076904,0.0683252877831414,0.0665395904504433,0.0009229970522177
1858,10X,Mouse Brain,S1_Sagittal_Anterior_Level1,SpaceFlow,Brain,0.3609816940199725,0.5773408249168483,0.5298202860098329,0.8751578165614557,0.7343843068653055,0.4757212529261039,0.5773408249168483,72.06693649291992,676.7142797470093,0.0227998514667656,0.0635621865283243,0.1630052041373486
1859,10X,Mouse Brain,S1_Sagittal_Anterior_Level1,SpatialMGCN,Brain,0.2238111689986342,0.4647790808895989,0.4094937489717568,0.7968808020794653,0.5813792642823716,0.3871359264251505,0.4647790808895989,59.03598146438598,892.2642736434937,0.0679539546973635,0.0652196659271023,0.021293072397657
1860,10X,Mouse Brain,S1_Sagittal_Anterior_Level1,stLearn,Brain,0.5705932610388296,0.5843289934240543,0.6954618091754557,0.8830300779799479,0.6862320329800096,0.5087773492890122,0.5843289934240544,280.7964527130127,4508.961820602417,0.1188265874489417,0.069421007695777,-0.0583307770794212
1861,10X,Mouse Brain,S1_Sagittal_Anterior_Level2,BASS,Brain,0.3845676837756289,0.6314387272915396,0.4494501665804408,0.6476049015967322,0.6649217931558715,0.6011661651492121,0.6314387272915396,5903.315711975098,1824.8,0.0493873004084663,0.0637584275315856,0.0352472782034408
1862,10X,Mouse Brain,S1_Sagittal_Anterior_Level2,Banksy,Brain,0.2887639688448153,0.5508501808977065,0.363184278825447,0.6005198663200891,0.6057063903701202,0.5051079188450178,0.5508501808977064,17.476850986480713,848.9499881744384,0.1659116227255848,0.066111648706308,-0.0791633976763181
1863,10X,Mouse Brain,S1_Sagittal_Anterior_Level2,BayesSpace,Brain,0.297827290594665,0.5680130564756241,0.3704648521436529,0.623096917935388,0.6183537661228432,0.5252518532834783,0.568013056475624,1724.7599560260774,5688.1,0.1132565911622725,0.0665099937500544,-0.0511758670221173
1864,10X,Mouse Brain,S1_Sagittal_Anterior_Level2,CCST,Brain,0.312127242571878,0.5896997671485875,0.3822502337677175,0.6232454511696992,0.6280576641345825,0.5557736170099646,0.5896997671485875,232.6458443164825,891.5443370819091,0.0591162272558484,0.0642559722884363,-0.0325846212699146
1865,10X,Mouse Brain,S1_Sagittal_Anterior_Level2,CellCharter,Brain,0.3127604815001366,0.603641811215843,0.3873345312461027,0.6595618269587821,0.6646501490024208,0.552946947135705,0.6036418112158431,245.3769992828369,579.3979154586792,0.0844411437059041,0.0645445850442684,0.014697434863229
1866,10X,Mouse Brain,S1_Sagittal_Anterior_Level2,DeepST,Brain,0.369946681933042,0.6289660048034202,0.4415047563650002,0.6878574080950612,0.687673186951002,0.579512762717512,0.6289660048034202,239.55908360481263,3726.0211168289184,0.0948384701076865,0.0644229490387494,-0.0191769217478989
1867,10X,Mouse Brain,S1_Sagittal_Anterior_Level2,GraphST,Brain,0.3434244556677791,0.5926154889554692,0.411987478236904,0.6204975863349425,0.6389554115674225,0.5525426115737399,0.5926154889554691,22.36448993682861,848.8887786865234,0.0608986260675826,0.064031780536193,-0.0353266403087956
1868,10X,Mouse Brain,S1_Sagittal_Anterior_Level2,PRECAST,Brain,0.2634074359489134,0.5281449588915419,0.3393462207541786,0.5922762718158188,0.583518823364614,0.4823697795343061,0.5281449588915418,241.1698519229889,1669.16,0.2283698477534347,0.069738853929776,-0.0691709833499664
1869,10X,Mouse Brain,S1_Sagittal_Anterior_Level2,SEDR,Brain,0.3053155374557714,0.5647341529772222,0.3788583537551112,0.623988117341255,0.6200421881842464,0.5184974227715184,0.5647341529772222,22.657929039001463,1711.4015899658202,0.1197920534719643,0.0642406093851186,-0.0869276388413612
1870,10X,Mouse Brain,S1_Sagittal_Anterior_Level2,STAGATE,Brain,0.2610660543806619,0.5535943745825989,0.336386040582147,0.623988117341255,0.6091609738906648,0.5073255223335241,0.5535943745825989,48.2682852268219,676.7186594009399,0.1318232454511697,0.0648129121345715,-0.0710619531667612
1871,10X,Mouse Brain,S1_Sagittal_Anterior_Level2,SpaGCN,Brain,0.2624126556732243,0.5501144300838804,0.3396953222798465,0.6115855922762718,0.610356238509822,0.5006960217528559,0.5501144300838804,64.49785947799683,744.3473508834838,0.2079465280356479,0.0676863170533521,-0.0541247851484582
1872,10X,Mouse Brain,S1_Sagittal_Anterior_Level2,SpaceFlow,Brain,0.3097818348699337,0.6216733532216997,0.3880604368165508,0.6665428889714073,0.6918298130440739,0.5644358332637831,0.6216733532216998,44.40390315055847,676.711217880249,0.0774600816932788,0.064477725445648,0.0496285331119663
1873,10X,Mouse Brain,S1_Sagittal_Anterior_Level2,SpatialMGCN,Brain,0.3571580673816559,0.5617713088102403,0.4291853613832808,0.6331229112513925,0.6172106648154615,0.5154705006356539,0.5617713088102404,66.77399554252625,752.2378667831421,0.2005198663200891,0.0660798223659889,-0.061163685973791
1874,10X,Mouse Brain,S1_Sagittal_Anterior_Level2,stLearn,Brain,0.2765898832546344,0.5067812747256465,0.349204697057958,0.5692536204975863,0.5446731892247093,0.4738185850470429,0.5067812747256465,280.5274131298065,4506.751564979553,0.3122911251392499,0.0740582364951611,-0.1245085357276905
1875,10X,Mouse Brain,S1_Sagittal_Anterior_Level3,BASS,Brain,0.4089636122638141,0.6924331223450183,0.4465536573860189,0.5707389528406981,0.6840174457547896,0.7010584597612063,0.6924331223450182,7391.543401956558,1740.7,0.0742666171555885,0.0646077915909453,-0.0256612405531404
1876,10X,Mouse Brain,S1_Sagittal_Anterior_Level3,Banksy,Brain,0.333727849935182,0.654790284666919,0.3840094462967321,0.5915336056442629,0.6906061606354966,0.6225234479309567,0.654790284666919,22.10443449020386,848.9505588531495,0.316969922020052,0.0676745907101888,-0.1145155099615344
1877,10X,Mouse Brain,S1_Sagittal_Anterior_Level3,BayesSpace,Brain,0.3261107504516348,0.6709478559258811,0.3783781017088307,0.6078722614184924,0.7094145431759499,0.6364381767348373,0.6709478559258811,1553.0820058822633,6014.3,0.2242851838098774,0.068011537485571,-0.0486463160393023
1878,10X,Mouse Brain,S1_Sagittal_Anterior_Level3,CCST,Brain,0.3365266122442475,0.6669522593546491,0.3787559862700488,0.5835128109914594,0.6788318817397306,0.6555567945487647,0.6669522593546491,235.6664187908173,901.6357484817504,0.0981062012625324,0.0648085451166491,-0.0733479824616661
1879,10X,Mouse Brain,S1_Sagittal_Anterior_Level3,CellCharter,Brain,0.3017387414462465,0.6729610955210097,0.3566010480666162,0.6063869290753806,0.7153719026321956,0.6353049469140467,0.6729610955210098,246.0721384525299,588.1173551559448,0.169476420349053,0.0649316786541222,-0.0157904998887166
1880,10X,Mouse Brain,S1_Sagittal_Anterior_Level3,DeepST,Brain,0.2888492578660787,0.675755396244571,0.346766772224489,0.6320831786112142,0.7220345441683435,0.6350545785666822,0.675755396244571,304.3300126075745,3724.022515106202,0.1974006683995543,0.0662703384993142,-0.0449387923354072
1881,10X,Mouse Brain,S1_Sagittal_Anterior_Level3,GraphST,Brain,0.3369201813048471,0.6606629940315373,0.3802344044479902,0.5889342740438173,0.6780378025901396,0.6441564008823432,0.6606629940315372,24.989281320571894,848.8903606414794,0.1143705904196063,0.0643644852721248,-0.0227005682189062
1882,10X,Mouse Brain,S1_Sagittal_Anterior_Level3,PRECAST,Brain,0.2836402822012702,0.6417907252174566,0.3398620223452032,0.5852209431860379,0.6847221353004561,0.6039252039311465,0.6417907252174567,432.1980999469757,1688.98,0.3839584106943928,0.0732669460590932,-0.1110122025855173
1883,10X,Mouse Brain,S1_Sagittal_Anterior_Level3,SEDR,Brain,0.3663944196283434,0.67895570230421,0.4190579033381548,0.6236167842554772,0.7195366660535656,0.6427089017372911,0.67895570230421,31.24827914237976,1711.402188491821,0.2106943928704047,0.0651837478781513,-0.0612932084227418
1884,10X,Mouse Brain,S1_Sagittal_Anterior_Level3,STAGATE,Brain,0.3034344255969785,0.674984479771435,0.3595473127744578,0.6352766431489046,0.7189444938031653,0.6360911267088821,0.674984479771435,51.6612961769104,676.7172775268555,0.1861864092090605,0.0651068363401439,-0.0779817741340937
1885,10X,Mouse Brain,S1_Sagittal_Anterior_Level3,SpaGCN,Brain,0.2372804458661692,0.6134584049435652,0.2912766486665598,0.5677682881544746,0.6512856082556832,0.5797840697435954,0.6134584049435652,36.83441996574402,778.2517141342163,0.3713330857779428,0.076461030461861,-0.1311321412584775
1886,10X,Mouse Brain,S1_Sagittal_Anterior_Level3,SpaceFlow,Brain,0.2618529039556395,0.6626386620339417,0.3217874507816963,0.6253249164500557,0.7117838911961687,0.6198427658592497,0.6626386620339417,75.54691133499145,676.7123668670654,0.2278499814333456,0.065150359858603,-0.0557520907982567
1887,10X,Mouse Brain,S1_Sagittal_Anterior_Level3,SpatialMGCN,Brain,0.2890638716901537,0.6442288321486723,0.3452222277739375,0.5982176011882658,0.6864330289607569,0.6069137465857801,0.6442288321486724,78.96381130218506,787.2409887313843,0.3468251021165986,0.0687911489253001,-0.093442944409056
1888,10X,Mouse Brain,S1_Sagittal_Anterior_Level3,stLearn,Brain,0.2960526500680424,0.5949326530406802,0.3412538285326314,0.5469736353509098,0.6137026264539697,0.5772767576191,0.5949326530406802,279.7348798751831,4509.341649055481,0.4764203490531006,0.0808425134087864,-0.1708617211642067
1889,10X,Mouse Brain,S1_Sagittal_Anterior_Level4,BASS,Brain,0.4735980757725012,0.7324980593790581,0.4971262961869007,0.5629409580393613,0.6998982766247173,0.7682830608785102,0.732498059379058,6666.975065994263,1800.62,0.077979948013368,0.0647328241937244,0.0038252263407388
1890,10X,Mouse Brain,S1_Sagittal_Anterior_Level4,Banksy,Brain,0.3544005493767738,0.6918034418811903,0.3819695727792994,0.5654660230226514,0.7106760690803527,0.6739308006268682,0.6918034418811903,27.86537528038025,848.9510488510132,0.390419606386929,0.0684557722776444,-0.117404268697764
1891,10X,Mouse Brain,S1_Sagittal_Anterior_Level4,BayesSpace,Brain,0.3444204563580554,0.7016255948972849,0.3756826552640255,0.5952469365020423,0.7262363173411734,0.6786282174547524,0.7016255948972848,1847.448932027817,6186.0,0.285555142963238,0.0696543932520641,-0.05934406845384
1892,10X,Mouse Brain,S1_Sagittal_Anterior_Level4,CCST,Brain,0.4117574577208137,0.7110666485725188,0.4345080083387977,0.5857408095061271,0.7092980430722451,0.7128685883615369,0.7110666485725188,236.2882583141327,901.6385065078736,0.1210545859636093,0.064931067283369,-0.0632252592983542
1893,10X,Mouse Brain,S1_Sagittal_Anterior_Level4,CellCharter,Brain,0.3922186881805124,0.7120888299173747,0.422204192582676,0.6085406609728927,0.7360523314490012,0.6896433707853371,0.7120888299173747,247.61183676719665,588.0480873107911,0.2363906424062384,0.0654579159449677,-0.0424766674059643
1894,10X,Mouse Brain,S1_Sagittal_Anterior_Level4,DeepST,Brain,0.3517064458703567,0.715224802875752,0.386747551064215,0.6261418492387671,0.7459215577230338,0.6869958227449271,0.715224802875752,349.21617679595954,3724.0269159317018,0.2547344968436688,0.0666568409213,-0.0492771854723264
1895,10X,Mouse Brain,S1_Sagittal_Anterior_Level4,GraphST,Brain,0.4543551016811396,0.7119877738620052,0.47540486639035,0.5677682881544746,0.706866366825675,0.7171839340110322,0.7119877738620052,27.0016459941864,848.8917072296142,0.1158559227627181,0.0648220847320049,-0.0490699862574555
1896,10X,Mouse Brain,S1_Sagittal_Anterior_Level4,PRECAST,Brain,0.3060178348650063,0.6676920767013782,0.3373632239638811,0.5414036390642406,0.6916059748075013,0.6453766653578975,0.6676920767013781,525.9755839824677,1700.0400000000002,0.4660230226513182,0.0725860111598221,-0.1346198857218093
1897,10X,Mouse Brain,S1_Sagittal_Anterior_Level4,SEDR,Brain,0.4163791840167957,0.7156816347084868,0.4443395671038351,0.6052729298180468,0.7383484788717556,0.6943668429653502,0.7156816347084869,30.0042995929718,1711.4039930343629,0.2843668770887485,0.0648340451553525,-0.088089308426738
1898,10X,Mouse Brain,S1_Sagittal_Anterior_Level4,STAGATE,Brain,0.3808689903525543,0.7199218464876875,0.4108214714106998,0.6253249164500557,0.7445904376731778,0.6968363281433458,0.7199218464876875,57.092117595672605,676.7184396743775,0.2438915707389528,0.0655778125807484,-0.0929111161571266
1899,10X,Mouse Brain,S1_Sagittal_Anterior_Level4,SpaGCN,Brain,0.2986635671731092,0.6578220326504127,0.3305442864958274,0.5763089491273673,0.6816252742667347,0.6356251743846014,0.6578220326504127,40.56982102394104,778.4188259124755,0.4188637207575195,0.0764793886957716,-0.1494818866529639
1900,10X,Mouse Brain,S1_Sagittal_Anterior_Level4,SpaceFlow,Brain,0.3122511994039308,0.6959351321185923,0.3479035936107088,0.5929446713702191,0.7268062220987617,0.6675799419418513,0.6959351321185923,100.15222873687745,676.7132915496826,0.263349424433717,0.0658955996981067,-0.0746870730664156
1901,10X,Mouse Brain,S1_Sagittal_Anterior_Level4,SpatialMGCN,Brain,0.3584790044674307,0.6845390546078903,0.389206877813337,0.5770516152989231,0.7088230391929953,0.6618638717071303,0.6845390546078904,81.65251326560974,752.239151763916,0.4051243965837356,0.0695498845809808,-0.110629310859095
1902,10X,Mouse Brain,S1_Sagittal_Anterior_Level4,stLearn,Brain,0.3058557879487696,0.6179180767349957,0.3322589913587951,0.5176383215744523,0.6234516976652082,0.6124818220220668,0.6179180767349957,281.37191982269286,4511.426413345337,0.539175640549573,0.0835735531246995,-0.1990584166064077
1903,10X,Mouse Brain,Section_Coronal,BASS,Brain,0.5763457464118461,0.7321701883407565,0.6084131984508839,0.7297096053611318,0.7363024773158228,0.7280840231106865,0.7321701883407564,5509.884519958496,1874.06,0.0573343261355175,0.0687853471716163,0.0220718793270052
1904,10X,Mouse Brain,Section_Coronal,Banksy,Brain,0.5581611247874829,0.7226830975487105,0.5941767943818934,0.7154132539091587,0.7160876317724376,0.7294090054070537,0.7226830975487105,14.266705417633055,851.9993421554566,0.1455696202531645,0.071008249675951,-0.0189822226059611
1905,10X,Mouse Brain,Section_Coronal,BayesSpace,Brain,0.6211451163533552,0.7577374485042125,0.6508843201985219,0.77066269545793,0.7535175292035002,0.7620048995697916,0.7577374485042127,1628.5241440296172,5468.7,0.0997766195085629,0.0700379421482143,-0.0096520068241177
1906,10X,Mouse Brain,Section_Coronal,CCST,Brain,0.4601216185774728,0.6454768040376413,0.5037068874025076,0.6107222635889799,0.6387644880688781,0.6523490210326062,0.6454768040376413,238.0411351680756,891.5886987686157,0.055398361876396,0.0691650832595111,-0.0158958728527871
1907,10X,Mouse Brain,Section_Coronal,CellCharter,Brain,0.5092093492577847,0.6829912278235648,0.5462835154027361,0.6763961280714818,0.6867997431821858,0.6792258847412118,0.6829912278235648,245.0974868774414,559.4950212478637,0.093819806403574,0.0694158126399875,0.0227537663597299
1908,10X,Mouse Brain,Section_Coronal,DeepST,Brain,0.645294589203167,0.7652499054742816,0.6749089348400085,0.7629932985852569,0.7549055450140454,0.7759139579082565,0.7652499054742816,243.28274402618408,3714.39020614624,0.0806403574087862,0.0692879840397555,0.0006311963342136
1909,10X,Mouse Brain,Section_Coronal,GraphST,Brain,0.4829396038892721,0.6381051756093793,0.5234933213363425,0.6660461653015637,0.6344122552818207,0.6418413407204413,0.6381051756093794,18.78982400894165,854.1464082717896,0.0439314966492926,0.0684601007743537,-0.0472348965171329
1910,10X,Mouse Brain,Section_Coronal,PRECAST,Brain,0.636888247055464,0.7521759662651014,0.6653331833843651,0.763216679076694,0.7496196080236187,0.7547498195913999,0.7521759662651015,178.59780406951904,1620.2,0.1909903201787044,0.0731342548010052,-0.0480662393390129
1911,10X,Mouse Brain,Section_Coronal,SEDR,Brain,0.4793396511083316,0.6787020267207838,0.5191571700610053,0.669620253164557,0.6806505784101708,0.6767766513483687,0.6787020267207838,23.017913913726808,1759.347724533081,0.0897244973938942,0.0687949955912333,-0.0489336703969807
1912,10X,Mouse Brain,Section_Coronal,STAGATE,Brain,0.612567482242885,0.7413923719617193,0.6432413568225879,0.7572598659717051,0.7377577664585365,0.7450629676039654,0.7413923719617193,49.11984992027283,682.5018432617187,0.079151154132539,0.0698021554273523,-0.0259737804735867
1913,10X,Mouse Brain,Section_Coronal,SpaGCN,Brain,0.6073380974089895,0.7400532386682349,0.6398362547309163,0.7464631422189129,0.7319479751202793,0.7483400203723632,0.7400532386682349,27.617730712890623,807.5308752059937,0.1347728965003723,0.0720616238614017,-0.0531537819607059
1914,10X,Mouse Brain,Section_Coronal,SpaceFlow,Brain,0.4498653580728077,0.645439207213639,0.4913931065488134,0.6454206999255399,0.6496484224034447,0.6413033051582847,0.645439207213639,39.04203338623047,682.9174434661866,0.1037230081906179,0.0697119807004951,0.0077960157653536
1915,10X,Mouse Brain,Section_Coronal,SpatialMGCN,Brain,0.6327012315349141,0.7610138070853322,0.6619358929905667,0.7572598659717051,0.7557260084337584,0.7663761243693932,0.7610138070853322,66.05929999351501,815.9681035995484,0.1381236038719285,0.0760137123506466,-0.0284544919448711
1916,10X,Mouse Brain,Section_Coronal,stLearn,Brain,0.4996804154795259,0.6719482627325614,0.5429304779938581,0.6180193596425912,0.6532690374115427,0.6917271384165256,0.6719482627325615,282.75803246498106,4646.562249565124,0.3510796723752792,0.0777472452021463,-0.1834678037200174
1917,10X,Mouse Intestine,A1S1,BASS,Intestine,0.3474339928874743,0.5417601645368615,0.4226361194824296,0.4834869431643625,0.4911237777901607,0.6040383994494657,0.5417601645368615,1270.998929977417,1740.6,0.097926267281106,0.0711104014370087,-0.153513394515148
1918,10X,Mouse Intestine,A1S1,Banksy,Intestine,0.4305350138560083,0.6164328025237592,0.4778338653472547,0.6689708141321045,0.613686667929482,0.6192905464288786,0.6164328025237592,15.302960538864136,739.2515798568726,0.5206605222734255,0.0786120328059985,-0.2268219499369218
1919,10X,Mouse Intestine,A1S1,BayesSpace,Intestine,0.5380735028315202,0.6798222158526348,0.5727867791526776,0.7361751152073732,0.6865727488821661,0.6732031357754898,0.6798222158526348,1324.403846025467,5335.18,0.5837173579109063,0.0832209099949003,-0.171730972286437
1920,10X,Mouse Intestine,A1S1,CCST,Intestine,0.237405435168581,0.4310847508971204,0.3495323480718796,0.3867127496159754,0.381372768978942,0.4962889998984165,0.4310847508971204,224.4798508167267,912.7910621643066,0.0522273425499231,0.0698741743226198,-0.245470067246704
1921,10X,Mouse Intestine,A1S1,CellCharter,Intestine,0.3861973771242781,0.5661860849897958,0.4309662596426645,0.5936251920122888,0.5761410996468108,0.556573145238505,0.566186084989796,241.58819150924683,584.9714832305908,0.4859447004608295,0.0758562918864275,-0.1764822639246259
1922,10X,Mouse Intestine,A1S1,DeepST,Intestine,0.4631313436037841,0.6163960240849192,0.5042840575728075,0.6619815668202765,0.6184333123109517,0.6144432626744194,0.6163960240849192,265.6194974899292,3508.609210586548,0.4419354838709677,0.0765467117767617,-0.1762247563470854
1923,10X,Mouse Intestine,A1S1,GraphST,Intestine,0.1531953276159271,0.4019786246767154,0.2408107235287989,0.4400921658986175,0.385359830507898,0.420095404111114,0.4019786246767154,20.507475566864013,695.1691860198974,0.369047619047619,0.0748552938018528,-0.2224119617076422
1924,10X,Mouse Intestine,A1S1,PRECAST,Intestine,0.5362599838331918,0.6901878443523387,0.5707629318259477,0.7311827956989247,0.7082048612345971,0.6730648046611208,0.6901878443523387,191.33978996276852,731.04,0.7914746543778802,0.092421298623549,-0.1832379598003859
1925,10X,Mouse Intestine,A1S1,SEDR,Intestine,0.2950210586114411,0.5027443285024992,0.3478382529001411,0.5231182795698925,0.5074819620915932,0.4981081094983356,0.5027443285024992,29.404310941696167,1739.0189218521118,0.2451612903225806,0.0713014152135633,-0.1845740937714239
1926,10X,Mouse Intestine,A1S1,STAGATE,Intestine,0.446632860533803,0.6154253739277016,0.4894886400711338,0.6502304147465438,0.6178750824131728,0.6129967351887323,0.6154253739277016,49.64681348800659,554.963384437561,0.4493087557603686,0.074342519596278,-0.2437911030652511
1927,10X,Mouse Intestine,A1S1,SpaGCN,Intestine,0.4110256036222686,0.5754766361696582,0.4552333202676866,0.630568356374808,0.5779712045116049,0.5730035087860027,0.5754766361696582,40.64094591140747,794.3006198883056,0.5894777265745008,0.0859491113550811,-0.2447073708848966
1928,10X,Mouse Intestine,A1S1,SpaceFlow,Intestine,0.2588690104485656,0.4483817981759154,0.3121540247754774,0.4465437788018433,0.4572540496013516,0.4398486494217623,0.4483817981759154,26.19629635810852,555.3785509109497,0.3042242703533026,0.0737845388055057,-0.1764866394244773
1929,10X,Mouse Intestine,A1S1,SpatialMGCN,Intestine,0.4224292603905796,0.5933965710198501,0.4646125460191125,0.6259600614439325,0.602837925178257,0.5842463884602634,0.5933965710198501,57.77890920639038,732.7736356735229,0.5387864823348695,0.0773727535109198,-0.181401818270582
1930,10X,Mouse Intestine,A1S1,stLearn,Intestine,0.3863897490089057,0.5853461641683679,0.4840899471407544,0.5207373271889401,0.5046419867714216,0.6967773213500522,0.5853461641683679,269.721658372879,4709.832644462585,0.6401689708141322,0.0849157957946599,-0.5679475610316117
1931,10X,Mouse Intestine,B1S2,BASS,Intestine,0.3506945537553897,0.5491378945025527,0.4266984330335178,0.5107438016528926,0.5144623904263137,0.5888255846853703,0.5491378945025526,1718.4367220401764,2128.84,0.1143250688705234,0.0607872366468908,-0.2311226049774516
1932,10X,Mouse Intestine,B1S2,Banksy,Intestine,0.327122837247476,0.5531192226130416,0.3881874834374198,0.558236914600551,0.5427058884793682,0.5643810046922182,0.5531192226130417,20.498220252990723,889.57652759552,0.3655647382920109,0.0623146320758445,-0.2953941947188269
1933,10X,Mouse Intestine,B1S2,BayesSpace,Intestine,0.4855658944368662,0.659423220777153,0.5249975107486928,0.7088154269972452,0.6663645293854841,0.6526250321671265,0.659423220777153,1832.0764699459075,7292.2,0.4586776859504132,0.0638575788773107,-0.2866083831542733
1934,10X,Mouse Intestine,B1S2,CCST,Intestine,0.2322074224345523,0.4386671852016156,0.3074751217606193,0.4291460055096419,0.4183142296570954,0.4611318209850528,0.4386671852016156,368.7091114997864,1440.5036186218265,0.0950964187327823,0.0591007866596004,-0.326467310078969
1935,10X,Mouse Intestine,B1S2,CellCharter,Intestine,0.3690802042018916,0.5483245817940963,0.4170228521108427,0.5665013774104682,0.5561505656401647,0.5407674841439851,0.5483245817940963,306.2340521812439,680.5973169326783,0.371129476584022,0.0618624186088786,-0.2276925572282464
1936,10X,Mouse Intestine,B1S2,DeepST,Intestine,0.4348370618702092,0.5961701042287065,0.4788637969944624,0.6209917355371901,0.5986226233980286,0.5937632106045754,0.5961701042287066,359.7405554294586,4807.835222625732,0.3517906336088154,0.061422419283597,-0.2437613982270701
1937,10X,Mouse Intestine,B1S2,GraphST,Intestine,0.142478597377396,0.4040600466051842,0.2557411826523405,0.4066115702479339,0.3696542684761508,0.4455277957959732,0.4040600466051843,25.98466420173645,1047.8754293441773,0.3355371900826446,0.0618972686299422,-0.3476218184268833
1938,10X,Mouse Intestine,B1S2,PRECAST,Intestine,0.4532845490706323,0.6428448780892059,0.4949486243166861,0.6865013774104683,0.6523173944918704,0.6336435310275107,0.6428448780892059,264.5132719516754,757.66,0.6418732782369146,0.0704287853101742,-0.2293031788702571
1939,10X,Mouse Intestine,B1S2,SEDR,Intestine,0.3072916842348995,0.5088678754927036,0.3601186934063951,0.5381818181818182,0.5150287145080347,0.5028739606369179,0.5088678754927036,31.78161163330078,1945.3524459838868,0.2451239669421487,0.0601377265670225,-0.2229088994801187
1940,10X,Mouse Intestine,B1S2,STAGATE,Intestine,0.4181299426697536,0.6151022066146268,0.4636016621926209,0.6447933884297521,0.6174942813003781,0.6127635036157895,0.6151022066146268,61.70476922988892,676.7504482269287,0.3631404958677685,0.0612181407015982,-0.2818481363905264
1941,10X,Mouse Intestine,B1S2,SpaGCN,Intestine,0.3746918981098934,0.575226422623282,0.4225270518940521,0.6088154269972452,0.5808492790424554,0.5697113855271383,0.575226422623282,47.49177966117859,1017.162620162964,0.4862258953168044,0.0659799220418074,-0.2436112743183919
1942,10X,Mouse Intestine,B1S2,SpaceFlow,Intestine,0.2336831817066106,0.4588646321692224,0.2901070715855036,0.4423691460055096,0.4683869453908871,0.4497246760192501,0.4588646321692226,38.54100675582886,676.7494184494019,0.2695316804407713,0.0608867767167552,-0.2192232060072219
1943,10X,Mouse Intestine,B1S2,SpatialMGCN,Intestine,0.3485699859211877,0.5550707551045396,0.3998171862922226,0.5873278236914601,0.5559075734518226,0.5542364523279804,0.5550707551045395,82.59031596183777,975.3252597808838,0.2986225895316804,0.0617262671693258,-0.2446883654675435
1944,10X,Mouse Intestine,B1S2,stLearn,Intestine,0.4835701233771391,0.6158307458365819,0.5460465994084118,0.5958677685950413,0.5635584820655245,0.6787913069330225,0.6158307458365819,371.53122797012327,6787.994368362427,0.5333333333333333,0.0653518305198485,-0.425816676707888
1987,10X,Mouse Liver,GSM5764414,BASS,Liver,0.2344525492103158,0.2854050263371271,0.5326826631537698,0.674400618716164,0.2851285909292316,0.2856819982797355,0.2854050263371271,976.5790040493011,1088.14,0.1121423047177107,0.0816645964716612,-0.043211668341952
1988,10X,Mouse Liver,GSM5764414,Banksy,Liver,0.0975585914201085,0.142116693949713,0.5183536501828145,0.4923433874709976,0.1266568350445827,0.1625323184099428,0.142116693949713,7.881892967224121,658.1283477783203,0.0887857695282288,0.0797667646903271,-0.0299866426247483
1989,10X,Mouse Liver,GSM5764414,BayesSpace,Liver,0.6219926145617274,0.5704931259298734,0.764714086106707,0.8592420726991493,0.5660301175537289,0.5750270730894332,0.5704931259298734,637.6845359802246,3211.52,0.3325599381283836,0.0853532213376881,-0.057164733041724
1990,10X,Mouse Liver,GSM5764414,CCST,Liver,0.0257801752226061,0.0610540576023174,0.3973282940449587,0.5147718484145398,0.0593672382950035,0.0628427301815436,0.0610540576023174,90.44076356887815,635.8948677062988,0.0445475638051043,0.0751072511105328,-0.0483184034854936
1991,10X,Mouse Liver,GSM5764414,CellCharter,Liver,0.3181994278108324,0.3769514309501857,0.5418720514669085,0.7246713070378964,0.4206125850595779,0.341656622031044,0.3769514309501857,136.26649861335756,483.8976371765137,0.3006960556844547,0.0857562465193529,-0.0168357033006638
1992,10X,Mouse Liver,GSM5764414,DeepST,Liver,0.2491021189885168,0.2847680750866687,0.4964936097754823,0.6816705336426914,0.3156995389242817,0.2593970137851945,0.2847680750866688,107.62999548912047,1910.8438051223757,0.1945862335653518,0.0798218087923016,-0.0073203460449302
1993,10X,Mouse Liver,GSM5764414,GraphST,Liver,0.1443129029442981,0.2182923031053619,0.4977313295604852,0.6279969064191802,0.2107411273621945,0.2264047295860766,0.2182923031053619,11.44074935913086,481.1495639801025,0.1237432327919566,0.0766789529575751,-0.0727855435340655
1994,10X,Mouse Liver,GSM5764414,PRECAST,Liver,0.6337024820901244,0.6355091325789016,0.7705685260298355,0.8654292343387471,0.6452851221037318,0.626024932535978,0.6355091325789017,8.452534055709839,658.3,0.4230471771075018,0.0899400905598776,-0.056527346459096
1995,10X,Mouse Liver,GSM5764414,SEDR,Liver,-0.0013177695266337,0.0205433271257009,0.3819439029356181,0.4532095901005413,0.0206145665232686,0.0204775763582699,0.0205433271257009,16.277157831192017,1173.378934288025,0.0218097447795823,0.0748397365277539,0.0670649645047771
1996,10X,Mouse Liver,GSM5764414,STAGATE,Liver,0.6558323426678376,0.6027716960128949,0.779836394193571,0.85723124516628,0.6246072048048956,0.5824227211050985,0.6027716960128949,24.18442220687866,548.5429990768432,0.4080433101314772,0.0839241546488808,-0.05141310685023
1997,10X,Mouse Liver,GSM5764414,SpaGCN,Liver,0.3715862000867576,0.4193434096599997,0.5785735683165436,0.7641144624903325,0.4687253388567815,0.3793748783503283,0.4193434096599998,22.488947057724,876.2051122665405,0.477184841453983,0.0916209392029008,-0.047665785655826
1998,10X,Mouse Liver,GSM5764414,SpaceFlow,Liver,0.1746191765733596,0.2143486030158328,0.4400679538264155,0.6400618716163959,0.2404366543032585,0.1933994428094044,0.2143486030158329,18.927049779891966,657.7421644210815,0.4021655065738592,0.0890132494364255,-0.0371882979581929
1999,10X,Mouse Liver,GSM5764414,SpatialMGCN,Liver,0.6886185891253433,0.6827267754871469,0.7990834494021808,0.9164733178654292,0.7333509730732303,0.6386405639933513,0.6827267754871469,24.538656520843507,686.1970497131348,0.5336426914153132,0.0946262755435789,-0.0554190790319785
2000,10X,Mouse Liver,GSM5764414,stLearn,Liver,0.6062779470962756,0.6022129490446341,0.7828332437663046,0.7950502706883217,0.4973871976260765,0.7630219778156824,0.602212949044634,122.59051756858824,1854.0556898117063,0.1608662026295437,0.0788597668505394,-0.2123579457819392
2001,10X,Mouse Liver,GSM5764415,BASS,Liver,0.3886818365802262,0.4403023291615712,0.6092498561427139,0.7498165810711666,0.4730326849950465,0.4118082504243066,0.440302329161571,717.5426200389862,907.14,0.2377109317681584,0.0864756546636932,-0.1663264588727779
2002,10X,Mouse Liver,GSM5764415,Banksy,Liver,0.2346269588100869,0.3417208918462769,0.6466718270633123,0.5392516507703595,0.2645742260972638,0.4823759127713543,0.3417208918462769,8.468540859222411,658.6604845046998,0.1166544387380777,0.082070718264742,-0.1977861965887583
2003,10X,Mouse Liver,GSM5764415,BayesSpace,Liver,0.732024853946561,0.6863801467561789,0.836641091946208,0.9075568598679384,0.6868539949900766,0.6859069518703187,0.6863801467561789,669.3171100616455,2928.08,0.3521643433602348,0.0857229221663081,-0.0362158434553321
2004,10X,Mouse Liver,GSM5764415,CCST,Liver,0.0355690080752343,0.0632762638506252,0.3952063093849622,0.5231107850330154,0.0670376775152475,0.060278621715484,0.0632762638506252,95.99408755302429,735.3837106704711,0.053558327219369,0.0743469115736353,-0.0532831911073503
2005,10X,Mouse Liver,GSM5764415,CellCharter,Liver,0.318565418001757,0.4116090768476557,0.540416721888646,0.7831254585473221,0.4757296072039687,0.3627217919873613,0.4116090768476557,136.38889966011047,490.3103643417359,0.3454145267791635,0.0857710266057054,-0.0462680069322945
2006,10X,Mouse Liver,GSM5764415,DeepST,Liver,0.3290457250295757,0.3647547636529888,0.5586963267233138,0.7471753484959648,0.404239123975234,0.3334599093280143,0.3647547636529888,114.2462077140808,1998.1842113494872,0.2676449009537783,0.0814394616323527,-0.0503443796123305
2007,10X,Mouse Liver,GSM5764415,GraphST,Liver,0.4011004592606867,0.4135467448865661,0.6253182798340962,0.797505502567865,0.436804488828502,0.392640520433684,0.4135467448865661,13.179914379119872,495.6564260482788,0.3727072633895818,0.0819927748086843,-0.0341167493620424
2008,10X,Mouse Liver,GSM5764415,PRECAST,Liver,0.5289799290869474,0.5771503072600123,0.7115204152909352,0.8231841526045487,0.5923671360699033,0.5626956838156805,0.5771503072600123,9.69861397743225,647.3599999999999,0.4137931034482758,0.0901291074879085,-0.0320005282574207
2009,10X,Mouse Liver,GSM5764415,SEDR,Liver,0.0280207433725606,0.0716489495434569,0.4020414247777923,0.5072633895818048,0.0739536992223736,0.0699937187871937,0.0716489495434569,12.781761980056762,1281.62434425354,0.0526779163609684,0.0756377859200417,-0.035198835340634
2010,10X,Mouse Liver,GSM5764415,STAGATE,Liver,0.6853571330624868,0.6548902153372911,0.8021826474645055,0.8695524578136464,0.6814822882673537,0.6308847141219843,0.6548902153372912,25.819930171966558,557.7160446166993,0.4322817314746882,0.0831050485955028,-0.1167400803913583
2011,10X,Mouse Liver,GSM5764415,SpaGCN,Liver,0.4150940722134698,0.4421670226304705,0.6142351906206005,0.8041085840058694,0.4997128021821709,0.3965062704350447,0.4421670226304705,29.541558361053468,988.860640525818,0.4570799706529714,0.0886709815543221,-0.0284597715226199
2012,10X,Mouse Liver,GSM5764415,SpaceFlow,Liver,0.1098332656351721,0.1511476415736923,0.3977437789273653,0.6041085840058693,0.1732946469049599,0.1340422046529253,0.1511476415736923,20.522042083740235,667.2971080780029,0.2054292002934702,0.079679040704748,-0.0545168958008428
2013,10X,Mouse Liver,GSM5764415,SpatialMGCN,Liver,0.6142025402902621,0.6220223548703552,0.7548680572489275,0.9141599413059428,0.6763407732228484,0.5757801794676154,0.6220223548703551,25.54111189842224,697.1124364852906,0.425531914893617,0.0869516831161252,-0.0778257865392361
2014,10X,Mouse Liver,GSM5764415,stLearn,Liver,0.632776873798825,0.6194611567577287,0.7993080502234327,0.8209831254585473,0.5179033058764442,0.7705643885330845,0.6194611567577288,129.45527658462524,1948.046648216248,0.1606749816581071,0.0782887792173475,-0.2208865781085681
2015,10X,Mouse Liver,GSM5764416,BASS,Liver,0.3967768162491403,0.4704718693547017,0.5976148835509252,0.7424012158054711,0.5099710724140152,0.4366515432500222,0.4704718693547017,774.9237639904022,854.4,0.3229483282674772,0.087609481637773,-0.029540869659102
2016,10X,Mouse Liver,GSM5764416,Banksy,Liver,0.2252304084127128,0.3287637960349995,0.5856078193955053,0.5706686930091185,0.284284737484256,0.389742769503179,0.3287637960349994,8.080958080291747,646.5561361312866,0.1390577507598784,0.0823783185591952,-0.012516714613957
2017,10X,Mouse Liver,GSM5764416,BayesSpace,Liver,0.7150439327952365,0.6541988300436445,0.8214899229615685,0.8913373860182372,0.6312814052353779,0.6788428802825416,0.6541988300436444,647.6987740516663,2838.4,0.3533434650455927,0.0823161910024545,-0.1529012713806131
2018,10X,Mouse Liver,GSM5764416,CCST,Liver,0.1261280416030388,0.1502700405899898,0.434600667284605,0.5749240121580547,0.1527654847614906,0.147876074112693,0.1502700405899898,93.09299745559692,713.6653680801392,0.0609422492401215,0.0746873288920864,-0.1076421344838516
2019,10X,Mouse Liver,GSM5764416,CellCharter,Liver,0.3991299646382221,0.4865440555636239,0.593883233060597,0.7329787234042553,0.5364228232773562,0.4451978460378238,0.4865440555636239,135.59266448020935,496.8779720306396,0.5030395136778115,0.0911615485848753,-0.0322207086487429
2020,10X,Mouse Liver,GSM5764416,DeepST,Liver,0.3478411929160066,0.3565902992534807,0.5602401356382256,0.7287234042553192,0.3907532911208823,0.3280257959339671,0.3565902992534807,116.80566921234131,1974.6357803344729,0.2723404255319149,0.0813820041844978,-0.0338081082099732
2021,10X,Mouse Liver,GSM5764416,GraphST,Liver,0.0210552646038468,0.0194573316469983,0.3452090291127822,0.4399696048632219,0.0211239076559927,0.0180344955809189,0.0194573316469983,11.402940225601196,480.68327503204347,0.2659574468085106,0.0802552333122416,-0.0282129193276241
2022,10X,Mouse Liver,GSM5764416,PRECAST,Liver,0.6409867048461618,0.6508507360418763,0.7731042844363837,0.8700607902735562,0.6539578322851056,0.6477730251657409,0.6508507360418764,9.3917640209198,615.08,0.4202127659574468,0.0889754702049071,-0.0269499296487771
2023,10X,Mouse Liver,GSM5764416,SEDR,Liver,0.0302550452424967,0.0537958694989247,0.4826707696970256,0.4630699088145896,0.0471758574677073,0.0631696523029332,0.0537958694989247,12.83447322845459,1236.8223876953125,0.0258358662613981,0.0741686558313834,-0.0657873159273725
2024,10X,Mouse Liver,GSM5764416,STAGATE,Liver,0.593669823894171,0.5873151250229304,0.7499329846556508,0.8393617021276596,0.5673369156815701,0.6088368525392402,0.5873151250229303,24.29087166786194,535.1805267333984,0.4042553191489361,0.0829913454528799,-0.1749203430001499
2025,10X,Mouse Liver,GSM5764416,SpaGCN,Liver,0.3499041471212707,0.4560325877029113,0.5545671342186881,0.7621580547112462,0.5119993015848577,0.4110956642571736,0.4560325877029113,21.24698128700256,995.4728466033936,0.5045592705167173,0.0896389485057188,-0.0320804723058735
2026,10X,Mouse Liver,GSM5764416,SpaceFlow,Liver,0.1435826426271124,0.1940697809158717,0.4130897907393815,0.6103343465045593,0.2161827986895656,0.1760818407002238,0.1940697809158717,17.088796806335445,645.9605785369873,0.1995440729483282,0.0792330494444412,-0.0463522209191197
2027,10X,Mouse Liver,GSM5764416,SpatialMGCN,Liver,0.4557437814738797,0.4963799642675736,0.6689723688699709,0.797112462006079,0.4889007247363716,0.5040915948560268,0.4963799642675736,25.624743127822875,673.0327674865723,0.3594224924012158,0.0882367160668714,-0.044722985818654
2028,10X,Mouse Liver,GSM5764416,stLearn,Liver,0.5229729302568618,0.5465916074015685,0.7337432856299289,0.7386018237082067,0.447692886871004,0.7015747345333376,0.5465916074015685,124.89269518852234,1888.363980674744,0.1610942249240121,0.0776003205015852,-0.2169959363119177
2029,10X,Mouse Liver,GSM5764417,BASS,Liver,0.1490285578343163,0.1752175083318292,0.4378391557598804,0.5793296089385475,0.1821459603887019,0.1687968293499431,0.1752175083318292,1054.2086839675903,1118.64,0.0832402234636871,0.0740539512983479,0.0506154363751275
2030,10X,Mouse Liver,GSM5764417,Banksy,Liver,0.2741106131876744,0.372449678676724,0.6481601966215579,0.5581005586592179,0.2919245952678913,0.5143210632286039,0.372449678676724,10.335792732238769,805.4115577697754,0.1351955307262569,0.0783321739678981,-0.1047784251728974
2031,10X,Mouse Liver,GSM5764417,BayesSpace,Liver,0.2333892833695174,0.3650023724925813,0.6477103783129755,0.5402234636871508,0.2667308733911773,0.5779280732536137,0.3650023724925813,876.9553440093994,3742.58,0.1251396648044692,0.0750614923239647,-0.2251078494185577
2032,10X,Mouse Liver,GSM5764417,CCST,Liver,0.0390019538551387,0.0525860649018557,0.3766627762219499,0.5,0.0524647761932957,0.0527090701018824,0.0525860649018557,120.37124195098878,895.6639181137085,0.0501675977653631,0.071872468143082,-0.030913441374957
2033,10X,Mouse Liver,GSM5764417,CellCharter,Liver,0.3507614445244306,0.435538059679007,0.5554378356509193,0.772290502793296,0.4863042738307825,0.3943816261833328,0.435538059679007,170.1357238292694,596.0075916290283,0.4132960893854748,0.079067165068344,-0.0456784262833147
2034,10X,Mouse Liver,GSM5764417,DeepST,Liver,0.2460243456627401,0.2456035857290609,0.4894684624829207,0.6430167597765364,0.2686602403651458,0.2262139854406268,0.2456035857290609,149.91874470710755,2644.7032974243166,0.1719553072625697,0.0726326897748738,0.0156764562214542
2035,10X,Mouse Liver,GSM5764417,GraphST,Liver,0.0404001198961468,0.0430254465454914,0.4331166598050703,0.4653631284916201,0.0413910278122469,0.0447942492041996,0.0430254465454914,14.265719079971314,634.770809173584,0.112290502793296,0.0720761802117745,0.0196759549011104
2036,10X,Mouse Liver,GSM5764417,PRECAST,Liver,0.5141751951006954,0.5676099388764244,0.6940117967492235,0.8117318435754189,0.5720180927176818,0.5632692067405601,0.5676099388764243,12.232048082351684,843.8399999999999,0.429608938547486,0.0805684969687708,-0.0301188187596892
2037,10X,Mouse Liver,GSM5764417,SEDR,Liver,0.0202061502066499,0.0231708790631621,0.4323870021861652,0.449608938547486,0.0214324747715454,0.0253338933924892,0.0231708790631621,16.621507740020753,1610.3666563034058,0.0353072625698323,0.0702848484245565,-0.0925129914851348
2038,10X,Mouse Liver,GSM5764417,STAGATE,Liver,0.5662482931524704,0.5755277057410663,0.7189613981906344,0.8120670391061452,0.5834865495307356,0.5677941073244408,0.5755277057410664,30.83549098968506,685.885570526123,0.5051396648044693,0.0757045450726471,-0.0587754729804162
2039,10X,Mouse Liver,GSM5764417,SpaGCN,Liver,0.3752797890945064,0.4282193979113337,0.5737191340069191,0.7519553072625699,0.4768472049513345,0.388591690071325,0.4282193979113337,33.17969489097595,1184.838565635681,0.5346368715083799,0.0808378253448857,-0.0311611184294135
2040,10X,Mouse Liver,GSM5764417,SpaceFlow,Liver,0.1301382853132054,0.1741446846586857,0.4051384655892894,0.6143016759776536,0.192548778774503,0.1589769822161902,0.1741446846586857,24.473879289627074,804.3576009750366,0.1529608938547485,0.0722434699316493,-0.0246448554156177
2041,10X,Mouse Liver,GSM5764417,SpatialMGCN,Liver,0.306291069551464,0.3771449949840303,0.5406732173592218,0.7324022346368715,0.4039687050467863,0.3536616938806468,0.3771449949840303,38.86883792877197,850.3527723312378,0.2860335195530726,0.0756417867294678,-0.0242904921094552
2042,10X,Mouse Liver,GSM5764417,stLearn,Liver,0.6135772172974009,0.6147608373058971,0.7858357717729052,0.7865921787709497,0.5019817225739179,0.7928998877806214,0.6147608373058971,169.97699756622313,2598.2483236312864,0.1793296089385475,0.071910492450155,-0.3413623874005109
2043,10X,Mouse Liver,GSM5764419,BASS,Liver,0.2932986372917872,0.2952692073625871,0.5771847323449172,0.6574487065120428,0.2853062867353397,0.3059531171229873,0.2952692073625871,866.0947959423065,1115.0,0.1266726137377341,0.0859982424639411,-0.0791084319518428
2044,10X,Mouse Liver,GSM5764419,Banksy,Liver,0.3080126669797777,0.3070989572153264,0.5544811248389744,0.6708296164139161,0.3152576126318803,0.299351930184739,0.3070989572153263,7.404762029647827,651.2390193939209,0.1891168599464763,0.0898495990019432,-0.0405925907565678
2045,10X,Mouse Liver,GSM5764419,BayesSpace,Liver,0.4452727469218497,0.4675883301048723,0.6329330033055413,0.7386262265834077,0.491490342287495,0.4459032937133074,0.4675883301048723,551.0493059158325,3094.98,0.3398751115075825,0.0919172235089453,-0.1152302216870456
2046,10X,Mouse Liver,GSM5764419,CCST,Liver,0.0950813930121899,0.0778226832675849,0.55898711963422,0.4918822479928635,0.0587351867174389,0.1153648343905472,0.0778226832675849,82.25404424667359,687.715898323059,0.127029438001784,0.0927317077965076,-0.2192698304993545
2047,10X,Mouse Liver,GSM5764419,CellCharter,Liver,0.3746707035680173,0.3611468931379952,0.5805466988731987,0.7063336306868868,0.3871337853817493,0.339298278590986,0.3611468931379952,107.59231338500976,480.1060001373291,0.215521855486173,0.0874837703606623,-0.028104200145669
2048,10X,Mouse Liver,GSM5764419,DeepST,Liver,0.2799449693261465,0.3615183360966832,0.5073265880601691,0.7084745762711864,0.3976754143455104,0.3314193817977383,0.3615183360966832,95.66966462135316,1739.8662408828736,0.3505798394290812,0.0916877980128943,-0.053362896312059
2049,10X,Mouse Liver,GSM5764419,GraphST,Liver,0.1225229610042032,0.0969619556251344,0.4575208303089995,0.5370205173951829,0.0962974125746934,0.0976357343592495,0.0969619556251344,11.553578090667724,458.33567276000974,0.1445138269402319,0.0858866819074234,0.1005232181521242
2050,10X,Mouse Liver,GSM5764419,PRECAST,Liver,0.2574534867972607,0.3263363013371189,0.5566929407495308,0.6628010704727921,0.307311982734268,0.3478714779705637,0.3263363013371189,7.239764022827148,615.22,0.2016057091882248,0.0931888421663986,-0.0713900126773444
2051,10X,Mouse Liver,GSM5764419,SEDR,Liver,0.0593866172264846,0.0882848647453506,0.3885073334218521,0.5297056199821588,0.0931288533208131,0.0840340989251516,0.0882848647453506,12.284446096420288,1175.2435371398926,0.0467439785905441,0.0822079736332397,-0.0236119225079644
2052,10X,Mouse Liver,GSM5764419,STAGATE,Liver,0.3687312021033374,0.4662983107964099,0.5858408689448551,0.696164139161463,0.4817023377717394,0.4518558370538549,0.4662983107964099,21.3369562625885,544.3133728027344,0.455307760927743,0.0919813086780248,-0.1103374946602416
2053,10X,Mouse Liver,GSM5764419,SpaGCN,Liver,0.2524429109806086,0.3176163735783986,0.4842974512416417,0.6752899197145406,0.3529981147000799,0.2886812469555713,0.3176163735783986,23.71284589767456,918.9437297821044,0.3193577163247101,0.093493528692282,-0.0460109465076029
2054,10X,Mouse Liver,GSM5764419,SpaceFlow,Liver,0.0507404096178435,0.0738727389792708,0.3487857596235634,0.5234611953612845,0.0809917940794504,0.0679049539245586,0.0738727389792708,18.28918924331665,651.7688516616821,0.0849241748438893,0.0836758381839406,0.0679507717345622
2055,10X,Mouse Liver,GSM5764419,SpatialMGCN,Liver,0.3627216021327513,0.4678528150965778,0.5651855499010877,0.7725245316681534,0.5156764764577557,0.4281466409638538,0.4678528150965776,20.178995847702023,682.5668500900268,0.3496877787689563,0.092606823617633,-0.0369629189304395
2056,10X,Mouse Liver,GSM5764419,stLearn,Liver,0.4950671761345836,0.48618735931169,0.7194895202454282,0.7261373773416593,0.3934022864627099,0.6362483921105391,0.48618735931169,108.26178269386293,1629.8015726089477,0.1338090990187332,0.0841535720524068,-0.4601275497392406
2057,10X,Mouse Liver,GSM5764420,BASS,Liver,0.0897903539666555,0.1315213819285578,0.3682335240335129,0.5629370629370629,0.1403880463246879,0.1237081883024143,0.1315213819285578,1299.539124059677,1171.66,0.0489510489510489,0.073512154273318,0.0952111932472992
2058,10X,Mouse Liver,GSM5764420,Banksy,Liver,0.0387906356996746,0.0713319132521756,0.3941581327297347,0.502997002997003,0.0659550807503348,0.0776632245839179,0.0713319132521756,11.62283353805542,897.1981910705566,0.0234765234765234,0.0762702078281207,0.1171340298810883
2059,10X,Mouse Liver,GSM5764420,BayesSpace,Liver,0.0752267431135801,0.1315315559274819,0.4130578186342837,0.4915084915084914,0.126606975244002,0.1368547397942027,0.1315315559274819,983.0113359451294,4146.9800000000005,0.0724275724275724,0.0742293894923463,0.1341314796956505
2060,10X,Mouse Liver,GSM5764420,CCST,Liver,0.0422951334582253,0.0570525633823783,0.4494196815005006,0.4571428571428571,0.0502115219213174,0.0669273046744585,0.0570525633823783,134.17562856674195,1071.873769187927,0.2863136863136862,0.0859009716132702,-0.0450759712402568
2061,10X,Mouse Liver,GSM5764420,CellCharter,Liver,0.0973566020141995,0.1582718068261795,0.3763171080132522,0.5699300699300699,0.1690110136083983,0.1488703186535609,0.1582718068261795,190.20772371292117,646.3768217086792,0.0849150849150849,0.0743010830141071,0.0985929111070769
2062,10X,Mouse Liver,GSM5764420,DeepST,Liver,0.1260143466924609,0.1886235290393179,0.38771738552218,0.5876123876123875,0.2031890563397827,0.1760218628820324,0.1886235290393179,152.99305028915404,2835.7597156524657,0.1011988011988011,0.0742254119839029,0.0682666879782405
2063,10X,Mouse Liver,GSM5764420,GraphST,Liver,0.0888177515994855,0.1486762443630493,0.3723329961577925,0.5504495504495505,0.1566774772107615,0.1414525221851812,0.1486762443630493,15.16410551071167,721.8352949142457,0.1403596403596403,0.0748233360613361,0.0220977557902886
2064,10X,Mouse Liver,GSM5764420,PRECAST,Liver,0.1088787078277823,0.1520339577063607,0.4004828241694965,0.5539460539460539,0.155034284091558,0.1491475552064511,0.1520339577063607,13.72905797958374,981.76,0.1353646353646353,0.0795234011999529,0.1040296627222869
2065,10X,Mouse Liver,GSM5764420,SEDR,Liver,0.0254158357292302,0.0483668203575385,0.3556101472957411,0.4828171828171828,0.0487950265778216,0.0479531719087209,0.0483668203575385,17.37581925392151,1829.4339084625244,0.0137862137862137,0.0729257117404702,0.130882335069024
2066,10X,Mouse Liver,GSM5764420,STAGATE,Liver,0.2425393185737093,0.2995330289853972,0.4817233824255352,0.6783216783216783,0.3142459109616319,0.2867378902677239,0.2995330289853972,35.02039852142334,778.7370109558105,0.1411588411588411,0.0743889481277613,-0.0104482774656479
2067,10X,Mouse Liver,GSM5764420,SpaGCN,Liver,0.1085127244154805,0.1770289550198001,0.3739081704298342,0.5364635364635365,0.1912675495348515,0.1647634165873427,0.1770289550198001,37.19507813453674,1159.2026542663575,0.1473526473526473,0.0755801178168883,0.054966378310895
2068,10X,Mouse Liver,GSM5764420,SpaceFlow,Liver,0.092770614412177,0.1401645760423115,0.3723300775727721,0.5593406593406594,0.1498031531271272,0.1317524203684183,0.1401645760423115,23.406140279769897,898.2213174819947,0.0563436563436563,0.073423896248331,0.0648370156511925
2069,10X,Mouse Liver,GSM5764420,SpatialMGCN,Liver,0.0548695488714934,0.1122417482181041,0.3359922426114007,0.4815184815184815,0.1211750205821783,0.1045351978918588,0.1122417482181041,44.44830856323242,958.7881050109864,0.0464535464535464,0.0734312364194409,0.1118361714527482
2070,10X,Mouse Liver,GSM5764420,stLearn,Liver,0.2793135856173929,0.3628830111334936,0.5246650190139548,0.6673326673326674,0.3493195206884669,0.3775423465163994,0.3628830111334936,189.1627732753754,3055.0016668319704,0.2002997002997003,0.0757034069673091,-0.1857764349515308
2071,10X,Mouse Liver,GSM5764421,BASS,Liver,0.0480488731764165,0.1086454707506356,0.3670184005876655,0.5095505617977528,0.1090798077231488,0.1082145789697223,0.1086454707506356,1076.3962820529937,1200.66,0.0342696629213483,0.0724476963325204,0.1003528503104271
2072,10X,Mouse Liver,GSM5764421,Banksy,Liver,0.0503992404619894,0.09655257953339,0.3987188166777605,0.4882022471910112,0.0910083998558708,0.1028160760953893,0.0965525795333899,10.396887159347534,802.4564903259277,0.0342696629213483,0.074679887760383,0.1064402360072706
2073,10X,Mouse Liver,GSM5764421,BayesSpace,Liver,0.1095774772986359,0.171818938729814,0.3956608909040488,0.5382022471910113,0.1771608117826091,0.1667897800651706,0.1718189387298139,875.3544559955596,3723.5,0.0589887640449438,0.0720751777237084,0.1056651801628359
2074,10X,Mouse Liver,GSM5764421,CCST,Liver,0.0451888899220489,0.08114723845543,0.4346228420792258,0.4697752808988763,0.0733149905387571,0.0924667272977318,0.08114723845543,116.517657995224,887.2991092681884,0.2347191011235954,0.0819003489322844,0.0120074689523174
2075,10X,Mouse Liver,GSM5764421,CellCharter,Liver,0.0934474663380582,0.1478299512035262,0.3659602484236055,0.5295505617977528,0.1578186111875553,0.1390615343239986,0.1478299512035262,169.6315766811371,589.3740650177002,0.0562921348314606,0.0733357163626922,0.183652758673395
2076,10X,Mouse Liver,GSM5764421,DeepST,Liver,0.11895586659128,0.1579560509394502,0.380261275201106,0.5615730337078652,0.1693775247764552,0.1479880835040522,0.1579560509394502,141.97700605392455,2542.1895826339723,0.0921348314606741,0.072934998452585,0.0678493176882266
2077,10X,Mouse Liver,GSM5764421,GraphST,Liver,0.0727875646031691,0.1245112692763652,0.361879923181957,0.5028089887640449,0.1304520774269874,0.1190879837418682,0.1245112692763652,13.449430131912232,631.2185697555542,0.1050561797752809,0.073432352208792,0.1207198522327068
2078,10X,Mouse Liver,GSM5764421,PRECAST,Liver,0.1297120949614765,0.2039110767749011,0.412883537625872,0.5876404494382023,0.2084815037994643,0.1995367409390548,0.2039110767749011,13.486884021759034,919.32,0.1505617977528089,0.0776401350537383,0.0873266672915882
2079,10X,Mouse Liver,GSM5764421,SEDR,Liver,0.0745579564983369,0.1271756117163194,0.3823544480953414,0.5052808988764045,0.1295762952259665,0.1249602425442206,0.1271756117163194,16.498393392562868,1650.1870218276977,0.0248314606741572,0.0717604263039251,0.0895418001672035
2080,10X,Mouse Liver,GSM5764421,STAGATE,Liver,0.165015037999987,0.2273280823926701,0.4193727950028324,0.6270786516853932,0.2404181668639023,0.2155898481989025,0.2273280823926702,31.995091104507445,686.3864923477173,0.0814606741573033,0.0729641221966442,0.1030591666727908
2081,10X,Mouse Liver,GSM5764421,SpaGCN,Liver,0.2035248310650016,0.2471993444603683,0.4390918165762375,0.6286516853932584,0.2659418742372418,0.2309246872995132,0.2471993444603683,44.34747624397278,1155.6109062194823,0.1303370786516854,0.0744558767923055,0.0210384538238431
2082,10X,Mouse Liver,GSM5764421,SpaceFlow,Liver,0.1135283169808906,0.1460825795057882,0.3839981396977351,0.5537078651685393,0.1549284903656538,0.1382049862114016,0.1460825795057882,20.64642901420593,801.8905111312866,0.043820224719101,0.072041419343208,0.0932244014368336
2083,10X,Mouse Liver,GSM5764421,SpatialMGCN,Liver,0.1282332953987476,0.1877697925344506,0.4118005360934603,0.602808988764045,0.1939875877800713,0.1819382104578484,0.1877697925344506,35.89174036979675,850.0155485153198,0.045505617977528,0.0719609653558048,0.1607357756115048
2084,10X,Mouse Liver,GSM5764421,stLearn,Liver,0.2246237632949132,0.3024907208306414,0.4587020470520743,0.6528089887640449,0.3218623870147525,0.2853184919373329,0.3024907208306415,170.74789786338806,2630.2417417526244,0.2168539325842696,0.0775463875714107,0.0623952011610473
2085,10X,Mouse Liver,GSM5764422,BASS,Liver,0.0434921999174113,0.069549440219038,0.3339586038629972,0.458710407239819,0.0758708747314072,0.0642003724563522,0.069549440219038,1163.5022119998932,1126.6,0.0503393665158371,0.0733691491387797,0.1184466722615157
2086,10X,Mouse Liver,GSM5764422,Banksy,Liver,0.0181690253958081,0.0397311304552044,0.4043654127750522,0.4389140271493212,0.0363104673789299,0.0438633171254604,0.0397311304552044,10.334839391708377,837.040816116333,0.0339366515837104,0.0755917133610306,-0.0363861783631774
2087,10X,Mouse Liver,GSM5764422,BayesSpace,Liver,0.0473680479614619,0.1121143907352486,0.3507433533280966,0.4903846153846153,0.1195778143951298,0.1055278900899678,0.1121143907352486,870.0489079475403,3700.6,0.0412895927601809,0.0730303979054819,0.1006389616853314
2088,10X,Mouse Liver,GSM5764422,CCST,Liver,0.1273550045926774,0.1524192403889949,0.4792565286471207,0.4906108597285067,0.1426610217894119,0.164098587192522,0.1524192403889949,115.03696169853212,908.520672225952,0.3052036199095022,0.0875924508635126,-0.0484466160850311
2089,10X,Mouse Liver,GSM5764422,CellCharter,Liver,0.126289118885723,0.196097021047354,0.3907592416966036,0.5285067873303168,0.2147747403987535,0.1804127995338518,0.196097021047354,169.38731508255006,590.4386615753174,0.1283936651583709,0.07605671186961,0.056111307644621
2090,10X,Mouse Liver,GSM5764422,DeepST,Liver,0.1529506305662513,0.2224582349437359,0.4131512412057912,0.5691176470588235,0.2411659642461955,0.206508292359214,0.2224582349437359,140.43905143737794,2534.709743499756,0.1374434389140271,0.0750670958355599,0.0340879959889195
2091,10X,Mouse Liver,GSM5764422,GraphST,Liver,-0.001552015451147,0.0059781771072125,0.467464741831086,0.4321266968325792,0.0047477629179698,0.0080694209689439,0.0059781771072125,13.969540214538574,647.3526823043824,0.0656108597285067,0.0743669275927107,-0.0807900389711438
2092,10X,Mouse Liver,GSM5764422,PRECAST,Liver,0.1951574443042794,0.26098479507651,0.4789387953865217,0.6210407239819005,0.2624774312615442,0.2595090393113086,0.2609847950765101,13.792962026596069,909.92,0.1945701357466063,0.0819539255351137,0.0097073320363354
2093,10X,Mouse Liver,GSM5764422,SEDR,Liver,0.019404120820864,0.034150319733712,0.3274399258647109,0.4420814479638008,0.0366648839378719,0.0319610054815253,0.034150319733712,17.019693470001222,1678.7388681411744,0.0174208144796379,0.0724862943181337,0.1035917177443885
2094,10X,Mouse Liver,GSM5764422,STAGATE,Liver,0.2229225411101343,0.3128366882590842,0.4953365715974017,0.6194570135746607,0.3217390618172639,0.3048416952749989,0.3128366882590842,31.07657985687256,721.0089742660523,0.1576923076923076,0.0756457631894053,0.0197526387249435
2095,10X,Mouse Liver,GSM5764422,SpaGCN,Liver,0.1640187675685101,0.2532004341007245,0.4109870742098214,0.5565610859728507,0.2806938216878502,0.2306124179129777,0.2532004341007246,32.9993058681488,1181.7452747344971,0.2154977375565611,0.0769472732511048,-0.0067507658927632
2096,10X,Mouse Liver,GSM5764422,SpaceFlow,Liver,0.0877921299624825,0.124239804212256,0.3631379354461306,0.5108597285067873,0.1369219548483095,0.1137189918156549,0.124239804212256,21.424883365631104,835.9539596557618,0.0650452488687782,0.0737429457083446,0.0503884703010215
2097,10X,Mouse Liver,GSM5764422,SpatialMGCN,Liver,0.0539948357622068,0.1209318126585341,0.3706755453111414,0.5124434389140271,0.1252595028480051,0.1168931773044531,0.1209318126585341,36.079960680007936,890.8882308959961,0.0684389140271493,0.0740750348989694,0.0326833237896418
2098,10X,Mouse Liver,GSM5764422,stLearn,Liver,0.2662017992255852,0.3501421010168093,0.5190501374168802,0.6159502262443439,0.341535625891081,0.3591935441720387,0.3501421010168093,166.80935230255128,2662.4455276489257,0.2013574660633484,0.0782377936907438,-0.1312963086685966
