,Tech,Dataset,Sample,Method,Tissue,ARI,NMI,FMI,Purity,Homogeneity,Completeness,V_measure,Memory,Time
1,Slideseq,mammalian spermatogenesis,Diabetes_1_data,BASS,Testis,0.223091098,0.260808497,0.357728327,0.561594469,0.285760646,0.239863969,0.260808497,8410.8,2952.389293
2,Slideseq,mammalian spermatogenesis,Diabetes_1_data,Banksy,Testis,0.217317681,0.263911323,0.371881182,0.587901743,0.269241187,0.259001506,0.263911323,3978.959082,67.03097811
3,Slideseq,mammalian spermatogenesis,Diabetes_1_data,CCST,Testis,0.110490303,0.156132321,0.261916431,0.503971464,0.169506423,0.144714323,0.156132321,22111.17221,6723.953587
4,Slideseq,mammalian spermatogenesis,Diabetes_1_data,CellCharter,Testis,0.106087461,0.163607861,0.251797541,0.486725013,0.181682121,0.148805657,0.163607861,835.6335762,1577.254756
5,Slideseq,mammalian spermatogenesis,Diabetes_1_data,DeepST,Testis,0.093023891,0.205686839,0.30111549,0.481929837,0.194216039,0.218944183,0.205686839,31457.67726,733.1840285
6,Slideseq,mammalian spermatogenesis,Diabetes_1_data,GraphST,Testis,0.168247718,0.179747561,0.314896135,0.507097154,0.194336198,0.167196292,0.179747561,23862.39879,98.40702977
7,Slideseq,mammalian spermatogenesis,Diabetes_1_data,PRECAST,Testis,0.122086264,0.218789463,0.274409831,0.504621617,0.238619234,0.202002612,0.218789463,4280.52,418.8926638
8,Slideseq,mammalian spermatogenesis,Diabetes_1_data,SEDR,Testis,0.090249566,0.209523303,0.276602969,0.513517688,0.21507016,0.204635667,0.209523303,21759.53045,157.3341722
9,Slideseq,mammalian spermatogenesis,Diabetes_1_data,STAGATE,Testis,0.110339585,0.202384915,0.268184057,0.525682136,0.218961956,0.188187133,0.202384915,860.7278133,224.4302638
10,Slideseq,mammalian spermatogenesis,Diabetes_1_data,SpaGCN,Testis,0.148201761,0.245667384,0.293871525,0.544495109,0.269288863,0.225855769,0.245667384,14535.17032,251.0686654
11,Slideseq,mammalian spermatogenesis,Diabetes_1_data,SpaceFlow,Testis,0.103497823,0.154176172,0.249276539,0.482378466,0.171299922,0.140170495,0.154176172,843.8483292,373.364683
12,Slideseq,mammalian spermatogenesis,Diabetes_1_data,SpatialMGCN,Testis,0.110201998,0.157972186,0.257867088,0.497867177,0.174113191,0.14456996,0.157972186,6760.687099,321.0292859
13,Slideseq,mammalian spermatogenesis,Diabetes_1_data,stLearn,Testis,0.162759537,0.173198235,0.377232707,0.452077664,0.147041377,0.212552229,0.173198235,4804.652246,11.30309854
14,Slideseq,mammalian spermatogenesis,Diabetes_2_data,BASS,Testis,0.188265131,0.265167291,0.34683569,0.631545727,0.303399907,0.235492015,0.265167291,12360.04,7205.472726
15,Slideseq,mammalian spermatogenesis,Diabetes_2_data,Banksy,Testis,0.192201791,0.309194382,0.358255228,0.650570413,0.341746526,0.282309404,0.309194382,5881.546989,82.69255528
16,Slideseq,mammalian spermatogenesis,Diabetes_2_data,CCST,Testis,0.078165037,0.153071972,0.248402325,0.491654199,0.174513126,0.136322964,0.153071972,52404.33159,16231.42366
17,Slideseq,mammalian spermatogenesis,Diabetes_2_data,CellCharter,Testis,0.112974737,0.201191566,0.273046151,0.554352908,0.234756356,0.176026594,0.201191566,780.062273,1687.196484
18,Slideseq,mammalian spermatogenesis,Diabetes_2_data,DeepST,Testis,0.138557393,0.260111985,0.303497631,0.612217131,0.297021878,0.231432893,0.260111985,54135.3121,1566.467252
19,Slideseq,mammalian spermatogenesis,Diabetes_2_data,GraphST,Testis,0.251213698,0.163238107,0.455909128,0.52594913,0.165117425,0.161401087,0.163238107,57592.43457,232.332783
20,Slideseq,mammalian spermatogenesis,Diabetes_2_data,PRECAST,Testis,0.0690605,0.20016388,0.255361365,0.54563961,0.223973173,0.180930233,0.20016388,5762.32,623.331495
21,Slideseq,mammalian spermatogenesis,Diabetes_2_data,SEDR,Testis,0.150682298,0.280946054,0.326917502,0.615349729,0.311154551,0.256174643,0.280946054,46855.0016,308.2062497
22,Slideseq,mammalian spermatogenesis,Diabetes_2_data,STAGATE,Testis,0.080385146,0.204457746,0.273294124,0.566181971,0.225823011,0.186827056,0.204457746,802.2210709,384.7297708
23,Slideseq,mammalian spermatogenesis,Diabetes_2_data,SpaGCN,Testis,0.147100442,0.27275019,0.307783768,0.616420423,0.314734837,0.240648438,0.27275019,35382.18179,523.2870287
24,Slideseq,mammalian spermatogenesis,Diabetes_2_data,SpaceFlow,Testis,0.093310768,0.172080083,0.259452028,0.544113522,0.198707154,0.151747887,0.172080083,867.8139736,1006.496877
25,Slideseq,mammalian spermatogenesis,Diabetes_2_data,SpatialMGCN,Testis,0.082294545,0.195996646,0.277142084,0.555577894,0.210817587,0.183130371,0.195996646,30374.22394,25036.55927
26,Slideseq,mammalian spermatogenesis,Diabetes_2_data,stLearn,Testis,0.100165254,0.128319659,0.507618402,0.43675893,0.084507517,0.328051947,0.128319659,7286.691042,13.96236229
27,Slideseq,mammalian spermatogenesis,Diabetes_3_data,BASS,Testis,0.238706867,0.290706552,0.390405259,0.649741335,0.329986413,0.259783304,0.290706552,9053.98,7238.133639
28,Slideseq,mammalian spermatogenesis,Diabetes_3_data,Banksy,Testis,0.205319871,0.308712793,0.367632065,0.650082234,0.341388529,0.281862359,0.308712793,4871.833214,61.10781388
29,Slideseq,mammalian spermatogenesis,Diabetes_3_data,CCST,Testis,0.126312545,0.207475732,0.286648989,0.583475375,0.240245239,0.182572763,0.207475732,66895.02023,28671.91173
30,Slideseq,mammalian spermatogenesis,Diabetes_3_data,CellCharter,Testis,0.116202166,0.203369264,0.280467041,0.553506175,0.234188871,0.179730491,0.203369264,896.672757,1679.241673
31,Slideseq,mammalian spermatogenesis,Diabetes_3_data,DeepST,Testis,0.148824365,0.284569563,0.307230036,0.649621722,0.342197893,0.249256437,0.284569563,39066.52124,1399.405667
32,Slideseq,mammalian spermatogenesis,Diabetes_3_data,GraphST,Testis,0.138838785,0.192024824,0.311474669,0.534613199,0.213628748,0.174389136,0.192024824,35639.97929,216.4728887
33,Slideseq,mammalian spermatogenesis,Diabetes_3_data,PRECAST,Testis,0.113332285,0.240422416,0.284674657,0.585796338,0.272566841,0.215059913,0.240422416,4965.64,505.7700014
34,Slideseq,mammalian spermatogenesis,Diabetes_3_data,SEDR,Testis,0.174206741,0.283262458,0.343073334,0.634137735,0.313814359,0.258160907,0.283262458,30392.33338,213.3838186
35,Slideseq,mammalian spermatogenesis,Diabetes_3_data,STAGATE,Testis,0.126025511,0.231506698,0.297531213,0.59649532,0.26126732,0.207868399,0.231506698,910.8486496,335.6304731
36,Slideseq,mammalian spermatogenesis,Diabetes_3_data,SpaGCN,Testis,0.182775838,0.31155789,0.338173126,0.658772166,0.358756477,0.275334443,0.31155789,21791.06822,1016.959646
37,Slideseq,mammalian spermatogenesis,Diabetes_3_data,SpaceFlow,Testis,0.11092178,0.199376096,0.279026834,0.550270626,0.226953216,0.177816023,0.199376096,892.495454,771.782555
38,Slideseq,mammalian spermatogenesis,Diabetes_3_data,SpatialMGCN,Testis,0.154011718,0.263046053,0.32144929,0.612391974,0.294317209,0.237781778,0.263046053,9887.394979,555.6895906
39,Slideseq,mammalian spermatogenesis,Diabetes_3_data,stLearn,Testis,0.142656726,0.216022028,0.408322817,0.468496755,0.183784496,0.263013802,0.216022028,5682.489948,11.75789685
40,Slideseq,mammalian spermatogenesis,WT1_data,BASS,Testis,0.19167903,0.284580344,0.334768862,0.615749076,0.316527214,0.258491025,0.284580344,9164.4,3956.907019
41,Slideseq,mammalian spermatogenesis,WT1_data,Banksy,Testis,0.228060029,0.276710871,0.384081279,0.613538014,0.285713379,0.26833799,0.276710871,4526.563243,64.68943248
42,Slideseq,mammalian spermatogenesis,WT1_data,CCST,Testis,0.146699127,0.195636462,0.316624456,0.540572981,0.198155441,0.193180722,0.195636462,60116.85467,26051.21574
43,Slideseq,mammalian spermatogenesis,WT1_data,CellCharter,Testis,0.127779079,0.206035748,0.275139049,0.533276477,0.231586366,0.185564682,0.206035748,869.5553051,1670.737317
44,Slideseq,mammalian spermatogenesis,WT1_data,DeepST,Testis,0.144971775,0.24285603,0.300233209,0.581862977,0.265553962,0.223776669,0.24285603,37702.07952,975.5608158
45,Slideseq,mammalian spermatogenesis,WT1_data,GraphST,Testis,0.159959224,0.212514441,0.308260257,0.556650558,0.235161099,0.193846493,0.212514441,32042.31652,122.2878394
46,Slideseq,mammalian spermatogenesis,WT1_data,PRECAST,Testis,0.147687383,0.235009621,0.296544268,0.578120058,0.261885231,0.213136755,0.235009621,4804.08,462.5923465
47,Slideseq,mammalian spermatogenesis,WT1_data,SEDR,Testis,0.150228533,0.243772579,0.309454185,0.585331185,0.260781063,0.228950857,0.243772579,28036.94056,194.2297833
48,Slideseq,mammalian spermatogenesis,WT1_data,STAGATE,Testis,0.139405526,0.230268309,0.295910928,0.585628099,0.25181066,0.212125009,0.230268309,906.9154612,256.424501
49,Slideseq,mammalian spermatogenesis,WT1_data,SpaGCN,Testis,0.184017662,0.272295894,0.324509928,0.61265359,0.30643381,0.245001749,0.272295894,19429.50167,423.6430171
50,Slideseq,mammalian spermatogenesis,WT1_data,SpaceFlow,Testis,0.125077416,0.184408229,0.275673497,0.525019742,0.205363517,0.167334826,0.184408229,882.1078756,559.8270761
51,Slideseq,mammalian spermatogenesis,WT1_data,SpatialMGCN,Testis,0.11431367,0.182306555,0.266849998,0.549448814,0.202894184,0.165512079,0.182306555,8922.222667,390.3115686
52,Slideseq,mammalian spermatogenesis,WT1_data,stLearn,Testis,0.144941505,0.150143189,0.387068214,0.446729208,0.121543449,0.196345957,0.150143189,5552.823975,12.63440075
53,Slideseq,mammalian spermatogenesis,WT2_data,BASS,Testis,0.253087309,0.277387867,0.390653242,0.6287849,0.310135776,0.250895289,0.277387867,9386.1,4287.428675
54,Slideseq,mammalian spermatogenesis,WT2_data,Banksy,Testis,0.248196643,0.289715949,0.393366928,0.640263787,0.310874519,0.271325878,0.289715949,4874.547067,76.23363271
55,Slideseq,mammalian spermatogenesis,WT2_data,CCST,Testis,0.111579418,0.179628768,0.262513968,0.550349375,0.203569696,0.160726444,0.179628768,65652.18454,28252.99944
56,Slideseq,mammalian spermatogenesis,WT2_data,CellCharter,Testis,0.117409849,0.198176516,0.268870096,0.539986085,0.224040023,0.177670687,0.198176516,981.1454567,1674.452837
57,Slideseq,mammalian spermatogenesis,WT2_data,DeepST,Testis,0.162027408,0.254825104,0.313270462,0.61496113,0.282635486,0.232111421,0.254825104,38834.55384,1087.822965
58,Slideseq,mammalian spermatogenesis,WT2_data,GraphST,Testis,0.175258144,0.24302383,0.325614234,0.590671224,0.26935402,0.221382959,0.24302383,34894.59236,152.9694213
59,Slideseq,mammalian spermatogenesis,WT2_data,PRECAST,Testis,0.102970029,0.19690819,0.261124384,0.548608371,0.22036067,0.177967517,0.19690819,5109.5,449.7760106
60,Slideseq,mammalian spermatogenesis,WT2_data,SEDR,Testis,0.151728806,0.237874039,0.305130908,0.584415742,0.262151006,0.217741898,0.237874039,29890.59242,215.9120067
61,Slideseq,mammalian spermatogenesis,WT2_data,STAGATE,Testis,0.136697764,0.215345735,0.294603646,0.588354155,0.238493765,0.196298926,0.215345735,995.8566008,317.574779
62,Slideseq,mammalian spermatogenesis,WT2_data,SpaGCN,Testis,0.178610129,0.264982306,0.323679282,0.609637315,0.298346989,0.238329488,0.264982306,21294.94971,276.7940475
63,Slideseq,mammalian spermatogenesis,WT2_data,SpaceFlow,Testis,0.132435746,0.199574046,0.28125247,0.563041834,0.22601521,0.178673672,0.199574046,969.4688066,575.6001383
64,Slideseq,mammalian spermatogenesis,WT2_data,SpatialMGCN,Testis,0.164612497,0.212860702,0.315360861,0.588523549,0.236845573,0.193286927,0.212860702,9646.735076,376.3285512
65,Slideseq,mammalian spermatogenesis,WT2_data,stLearn,Testis,0.279746553,0.265926242,0.43091639,0.59223812,0.263033217,0.26928879,0.265926242,5715.665192,12.69342251
66,Slideseq,mammalian spermatogenesis,WT3_data,BASS,Testis,0.244403635,0.343762725,0.392776478,0.676988216,0.392084228,0.306044933,0.343762725,10627.58,3869.036104
67,Slideseq,mammalian spermatogenesis,WT3_data,Banksy,Testis,0.230367238,0.333507338,0.386478189,0.689022088,0.370642757,0.303157983,0.333507338,5663.267319,93.75956836
68,Slideseq,mammalian spermatogenesis,WT3_data,CCST,Testis,0.149765134,0.208515523,0.304016145,0.593225527,0.24345803,0.182344399,0.208515523,91789.77411,39960.61639
69,Slideseq,mammalian spermatogenesis,WT3_data,CellCharter,Testis,0.146127031,0.256141855,0.300969379,0.593842779,0.299104996,0.223972817,0.256141855,998.794422,1683.118314
70,Slideseq,mammalian spermatogenesis,WT3_data,DeepST,Testis,0.161670344,0.299387366,0.322200749,0.636928021,0.342853037,0.265731389,0.299387366,47788.2905,1336.065623
71,Slideseq,mammalian spermatogenesis,WT3_data,GraphST,Testis,0.250503511,0.226481766,0.411044722,0.549354691,0.246549833,0.209434706,0.226481766,48653.40867,253.1336004
72,Slideseq,mammalian spermatogenesis,WT3_data,PRECAST,Testis,0.195674865,0.284896637,0.346152268,0.624394225,0.331105475,0.250005984,0.284896637,5650.68,593.8325513
73,Slideseq,mammalian spermatogenesis,WT3_data,SEDR,Testis,0.237445832,0.343601987,0.388204424,0.682701627,0.388866108,0.307808034,0.343601987,40026.14627,282.6512313
74,Slideseq,mammalian spermatogenesis,WT3_data,STAGATE,Testis,0.148201347,0.269022034,0.319327881,0.630199459,0.302125451,0.242537767,0.269022034,1015.858301,345.2862144
75,Slideseq,mammalian spermatogenesis,WT3_data,SpaGCN,Testis,0.221926152,0.338369049,0.370133138,0.687624343,0.392698796,0.297245266,0.338369049,29949.50012,452.1302197
76,Slideseq,mammalian spermatogenesis,WT3_data,SpaceFlow,Testis,0.126604769,0.222358514,0.28712733,0.574223333,0.257165013,0.195882419,0.222358514,984.9653048,827.4836417
77,Slideseq,mammalian spermatogenesis,WT3_data,SpatialMGCN,Testis,0.111648316,0.226023908,0.303015445,0.58153854,0.247852201,0.208109805,0.226023908,16414.91406,17442.56563
78,Slideseq,mammalian spermatogenesis,WT3_data,stLearn,Testis,0.273588888,0.264742454,0.532367777,0.516145488,0.207869295,0.372957447,0.264742454,6651.57178,14.26409006
79,Slideseq,Brain,Mouse_Cortex,DeepST,Brain,0.0875076,0.148190445,0.184975978,0.325938386,0.148119273,0.148371615,0.148190445,40001.57015,3525.822173
80,Slideseq,Brain,Mouse_Cortex_data,BASS,Brain,0.094778613,0.182190246,0.235225957,0.339573221,0.161039298,0.209737188,0.182190246,11713.66,5467.588538
81,Slideseq,Brain,Mouse_Cortex_data,Banksy,Brain,0.089038373,0.193819268,0.19694217,0.392030602,0.192123263,0.195556539,0.193819268,1890.963704,44.39516048
82,Slideseq,Brain,Mouse_Cortex_data,CCST,Brain,0.062341008,0.135334379,0.160303236,0.31079925,0.137288199,0.133444213,0.135334379,114250.297,34590.60146
83,Slideseq,Brain,Mouse_Cortex_data,CellCharter,Brain,0.074709722,0.16042427,0.172433698,0.345096432,0.163716464,0.157296253,0.16042427,1035.144463,1667.470868
84,Slideseq,Brain,Mouse_Cortex_data,GraphST,Brain,0.081794644,0.138067235,0.17834784,0.333661748,0.140200891,0.135997547,0.138067235,54825.7898,150.4949627
85,Slideseq,Brain,Mouse_Cortex_data,PRECAST,Brain,0.050149624,0.090900841,0.142026134,0.297582191,0.09429894,0.087739128,0.090900841,2751.74,1186.93098
86,Slideseq,Brain,Mouse_Cortex_data,SEDR,Brain,0.08397042,0.175112461,0.200031015,0.331484597,0.169052782,0.181622733,0.175112461,41793.7419,379.4046607
87,Slideseq,Brain,Mouse_Cortex_data,STAGATE,Brain,0.056853713,0.153648654,0.165790905,0.329571779,0.152536544,0.154779155,0.153648654,786.480345,335.5095963
88,Slideseq,Brain,Mouse_Cortex_data,SpaGCN,Brain,0.054829647,0.123190188,0.174104818,0.313812659,0.11913257,0.127533956,0.123190188,34372.12663,4835.333213
89,Slideseq,Brain,Mouse_Cortex_data,SpaceFlow,Brain,0.084950369,0.140126472,0.177403705,0.329807276,0.143537555,0.13690106,0.140126472,1052.157892,1081.273684
90,Slideseq,Brain,Mouse_Cortex_data,SpatialMGCN,Brain,0.039053102,0.096236876,0.151625727,0.281429399,0.094813952,0.097707362,0.096236876,8274.09458,459.4413283
91,Slideseq,Brain,Mouse_Cortex_data,stLearn,Brain,0.06875587,0.150956692,0.264257514,0.315932138,0.118950074,0.206871987,0.150956692,1861.845884,11.67417951
92,Slideseq,Human Lung,Puck_200727_08,BASS,Lung,0.414482008,0.482864292,0.620186059,0.863720758,0.598783005,0.404547694,0.482864292,10189.16,2297.309598
93,Slideseq,Human Lung,Puck_200727_08,Banksy,Lung,0.413921667,0.431783766,0.61754192,0.828094,0.548679399,0.356250109,0.431783766,2549.507895,46.56269474
94,Slideseq,Human Lung,Puck_200727_08,CCST,Lung,0.558728171,0.424021558,0.732804758,0.800190971,0.458100717,0.394785888,0.424021558,24741.46007,7201.038047
95,Slideseq,Human Lung,Puck_200727_08,CellCharter,Lung,0.21055132,0.32700099,0.440619454,0.777932205,0.450855299,0.256556315,0.32700099,218.0999447,741.3092863
96,Slideseq,Human Lung,Puck_200727_08,DeepST,Lung,0.203028649,0.363435096,0.431750331,0.807012891,0.499607882,0.285736577,0.363435096,21374.38945,1276.511195
97,Slideseq,Human Lung,Puck_200727_08,GraphST,Lung,0.349859632,0.40545317,0.567285702,0.808286033,0.532841099,0.327222984,0.40545317,11405.19648,68.88999405
98,Slideseq,Human Lung,Puck_200727_08,PRECAST,Lung,0.216664622,0.331891484,0.451174442,0.791735186,0.445711068,0.264378203,0.331891484,1227.44,223.6922891
99,Slideseq,Human Lung,Puck_200727_08,SEDR,Lung,0.286021064,0.37409249,0.512558069,0.800806323,0.489172788,0.303013151,0.37409249,11839.2893,89.56805253
100,Slideseq,Human Lung,Puck_200727_08,STAGATE,Lung,0.264798268,0.373858122,0.489468282,0.807012891,0.505361684,0.296901287,0.373858122,307.9383749,213.186305
101,Slideseq,Human Lung,Puck_200727_08,SpaGCN,Lung,0.199883589,0.378394285,0.432327702,0.80329956,0.503525625,0.303076606,0.378394285,7256.278982,1199.398144
102,Slideseq,Human Lung,Puck_200727_08,SpaceFlow,Lung,0.154446756,0.329684151,0.381158023,0.794111718,0.465966055,0.255083926,0.329684151,435.3056173,260.071937
103,Slideseq,Human Lung,Puck_200727_08,SpatialMGCN,Lung,0.169547534,0.353606408,0.396742065,0.821282691,0.498121033,0.274088104,0.353606408,3354.606049,193.8351142
104,Slideseq,Human Lung,Puck_200727_08,stLearn,Lung,0.385075522,0.487212931,0.596069025,0.849196329,0.597671769,0.411995023,0.487212931,2994.606924,12.45872989
105,Slideseq,Human Lung,Puck_200727_09,BASS,Lung,0.511153598,0.515531777,0.646918297,0.822681788,0.58320845,0.461928654,0.515531777,4560.78,1504.432802
106,Slideseq,Human Lung,Puck_200727_09,Banksy,Lung,0.424830503,0.456965385,0.578173477,0.784656438,0.536504255,0.397965439,0.456965385,2011.327255,47.19602222
107,Slideseq,Human Lung,Puck_200727_09,CCST,Lung,0.492921936,0.421683265,0.636518619,0.751460974,0.451007455,0.39594492,0.421683265,15791.90462,4443.265839
108,Slideseq,Human Lung,Puck_200727_09,CellCharter,Lung,0.231863964,0.35415828,0.408985106,0.724989993,0.443657324,0.294718612,0.35415828,152.6411253,550.379666
109,Slideseq,Human Lung,Puck_200727_09,DeepST,Lung,0.364689371,0.415016887,0.52843117,0.752781855,0.481483942,0.365100353,0.415016887,16136.76671,949.7216961
110,Slideseq,Human Lung,Puck_200727_09,GraphST,Lung,0.407980112,0.41347974,0.564253685,0.749499666,0.496470083,0.354261157,0.41347974,7286.862005,55.93451953
111,Slideseq,Human Lung,Puck_200727_09,PRECAST,Lung,0.264657819,0.288627478,0.442181058,0.700133422,0.353895588,0.243685203,0.288627478,1111.38,173.7808741
112,Slideseq,Human Lung,Puck_200727_09,SEDR,Lung,0.352201946,0.403852095,0.51741907,0.746791194,0.479358564,0.349113194,0.403852095,8003.536111,55.10577378
113,Slideseq,Human Lung,Puck_200727_09,STAGATE,Lung,0.316657106,0.397101515,0.486465332,0.750567045,0.486922402,0.335258098,0.397101515,232.0995113,149.1877015
114,Slideseq,Human Lung,Puck_200727_09,SpaGCN,Lung,0.244198388,0.402292407,0.42065635,0.765777185,0.50283732,0.335256202,0.402292407,5340.48815,808.1327776
115,Slideseq,Human Lung,Puck_200727_09,SpaceFlow,Lung,0.23590524,0.349441692,0.412633085,0.725363576,0.437690983,0.290823272,0.349441692,391.1064625,176.7493082
116,Slideseq,Human Lung,Puck_200727_09,SpatialMGCN,Lung,0.26619369,0.398920617,0.441490004,0.764176117,0.490775076,0.336028788,0.398920617,2212.641273,138.1842418
117,Slideseq,Human Lung,Puck_200727_09,stLearn,Lung,0.423761042,0.502086034,0.577336735,0.819559706,0.568489169,0.449940107,0.502086034,2280.932195,9.949001169
118,Slideseq,Human Lung,Puck_200727_10,BASS,Lung,0.363930629,0.420901776,0.54239263,0.7645451,0.469228947,0.381599773,0.420901776,4599.5,1431.946848
119,Slideseq,Human Lung,Puck_200727_10,Banksy,Lung,0.378466663,0.384011366,0.554609469,0.737081869,0.428207734,0.348084693,0.384011366,2093.967569,49.68081484
120,Slideseq,Human Lung,Puck_200727_10,CCST,Lung,0.436767101,0.363564127,0.606554774,0.70468567,0.373031159,0.35464839,0.363564127,16534.75487,4668.055868
121,Slideseq,Human Lung,Puck_200727_10,CellCharter,Lung,0.209364902,0.2860187,0.397842846,0.674046596,0.361243913,0.236739562,0.2860187,195.0275055,632.6679506
122,Slideseq,Human Lung,Puck_200727_10,DeepST,Lung,0.223207734,0.337047494,0.411649059,0.718443316,0.419584232,0.281770413,0.337047494,17049.91544,994.2698415
123,Slideseq,Human Lung,Puck_200727_10,GraphST,Lung,0.311306374,0.368621257,0.492567787,0.730964467,0.443647297,0.315300234,0.368621257,7668.68538,58.0606102
124,Slideseq,Human Lung,Puck_200727_10,PRECAST,Lung,0.152313059,0.26138122,0.343773841,0.659898477,0.333863217,0.214757235,0.26138122,1156.1,186.7276177
125,Slideseq,Human Lung,Puck_200727_10,SEDR,Lung,0.223534096,0.330855948,0.413739323,0.707028504,0.408286633,0.278127938,0.330855948,8427.792587,57.04864597
126,Slideseq,Human Lung,Puck_200727_10,STAGATE,Lung,0.212982953,0.323573303,0.405593065,0.709944032,0.397997078,0.272756377,0.323573303,253.1287743,157.7566249
127,Slideseq,Human Lung,Puck_200727_10,SpaGCN,Lung,0.218410624,0.345493489,0.408588139,0.741507224,0.423515883,0.291746386,0.345493489,5749.889334,855.9678967
128,Slideseq,Human Lung,Puck_200727_10,SpaceFlow,Lung,0.183355375,0.293333551,0.37220359,0.69304959,0.374401249,0.241147412,0.293333551,419.6846685,215.0403646
129,Slideseq,Human Lung,Puck_200727_10,SpatialMGCN,Lung,0.194238863,0.343083104,0.383309198,0.721528049,0.434149871,0.283596281,0.343083104,2325.136227,148.7860147
130,Slideseq,Human Lung,Puck_200727_10,stLearn,Lung,0.361858323,0.443245841,0.536607219,0.803345048,0.508636208,0.39287833,0.443245841,2455.542341,10.8234509
131,Slideseq,Human Lung,Puck_220408_13,BASS,Lung,0.246546648,0.284015233,0.468310988,0.678469304,0.306037389,0.264949707,0.284015233,10690.8,6084.361255
132,Slideseq,Human Lung,Puck_220408_13,Banksy,Lung,0.120821499,0.200019079,0.441937127,0.633712112,0.196198459,0.203991454,0.200019079,5099.91713,130.4838779
133,Slideseq,Human Lung,Puck_220408_13,CCST,Lung,0.173452403,0.166456033,0.388479566,0.605017779,0.189028285,0.148764062,0.166456033,109830.35,31824.24701
134,Slideseq,Human Lung,Puck_220408_13,CellCharter,Lung,0.106643612,0.156105907,0.312842432,0.605082428,0.189500367,0.132724639,0.156105907,233.1657537,1628.785762
135,Slideseq,Human Lung,Puck_220408_13,DeepST,Lung,0.153000935,0.21670511,0.411586874,0.612870179,0.212347045,0.223432845,0.21670511,58365.95579,4481.785244
136,Slideseq,Human Lung,Puck_220408_13,GraphST,Lung,0.187951578,0.173070537,0.408235553,0.628241788,0.197170985,0.154220035,0.173070537,50418.91219,186.1126101
137,Slideseq,Human Lung,Puck_220408_13,PRECAST,Lung,0.038687208,0.090432416,0.250469515,0.571570998,0.110039394,0.076755934,0.090432416,2750.9,462.6387026
138,Slideseq,Human Lung,Puck_220408_13,SEDR,Lung,0.198054985,0.229579368,0.413227498,0.639172489,0.259348625,0.206164015,0.229579368,46193.55122,229.1368067
139,Slideseq,Human Lung,Puck_220408_13,STAGATE,Lung,0.134999015,0.159909979,0.3833989,0.624084342,0.178762139,0.144723137,0.159909979,655.617634,484.0061913
140,Slideseq,Human Lung,Puck_220408_13,SpaGCN,Lung,0.081480346,0.179585076,0.288276146,0.60877241,0.219030717,0.152178901,0.179585076,31062.37391,4674.899056
141,Slideseq,Human Lung,Puck_220408_13,SpaceFlow,Lung,0.096322585,0.164950857,0.30220985,0.615132904,0.200887048,0.139923372,0.164950857,753.8884426,1049.570196
142,Slideseq,Human Lung,Puck_220408_13,SpatialMGCN,Lung,0.061894858,0.121320204,0.3000479,0.613250914,0.138691278,0.109884266,0.121320204,7474.184811,386.7297407
143,Slideseq,Human Lung,Puck_220408_13,stLearn,Lung,0.265290369,0.291811751,0.493965439,0.671084367,0.2903995,0.294222958,0.291811751,7530.125908,28.3716289
144,Slideseq,Human Lung,Puck_220408_14,BASS,Lung,0.108878395,0.238847551,0.293208411,0.560450383,0.254917559,0.224683499,0.238847551,10587.36,6393.0603
145,Slideseq,Human Lung,Puck_220408_14,Banksy,Lung,0.115590692,0.218927544,0.313925792,0.546741908,0.227361104,0.211097262,0.218927544,4821.989967,71.67715111
146,Slideseq,Human Lung,Puck_220408_14,CCST,Lung,0.1553552,0.166548308,0.321477468,0.509918015,0.179338242,0.15546164,0.166548308,95065.89985,27854.65301
147,Slideseq,Human Lung,Puck_220408_14,CellCharter,Lung,0.120991106,0.16351475,0.283415921,0.512665034,0.183038082,0.14775528,0.16351475,259.5041147,1619.143426
148,Slideseq,Human Lung,Puck_220408_14,DeepST,Lung,0.138326046,0.201123399,0.348485641,0.497966354,0.192961465,0.21290829,0.201123399,55057.32594,3717.11632
149,Slideseq,Human Lung,Puck_220408_14,GraphST,Lung,0.139114319,0.190121989,0.312342783,0.549776405,0.206248655,0.176334336,0.190121989,44083.25375,228.6299678
150,Slideseq,Human Lung,Puck_220408_14,PRECAST,Lung,0.041705475,0.115792977,0.229975443,0.4760712,0.125987861,0.107124508,0.115792977,2592.4,437.7947308
151,Slideseq,Human Lung,Puck_220408_14,SEDR,Lung,0.125788578,0.212053477,0.303596924,0.548477428,0.226513579,0.199384569,0.212053477,41129.6312,207.2412119
152,Slideseq,Human Lung,Puck_220408_14,STAGATE,Lung,0.102392499,0.170402778,0.283455846,0.527768313,0.184206966,0.158523289,0.170402778,620.9837399,401.9165408
153,Slideseq,Human Lung,Puck_220408_14,SpaGCN,Lung,0.127060921,0.196415336,0.293468919,0.530957198,0.216516014,0.179729779,0.196415336,27130.15661,3244.011916
154,Slideseq,Human Lung,Puck_220408_14,SpaceFlow,Lung,0.156345159,0.174225984,0.318782196,0.504083262,0.191975744,0.159520082,0.174225984,745.7032393,941.4829
155,Slideseq,Human Lung,Puck_220408_14,SpatialMGCN,Lung,0.119551465,0.151391568,0.322256618,0.526968876,0.169369755,0.138275576,0.151391568,6619.091037,360.1065547
156,Slideseq,Human Lung,Puck_220408_14,stLearn,Lung,0.144347164,0.247786281,0.346478912,0.542568143,0.245836446,0.250304591,0.247786281,7354.210747,27.57812066
157,Slideseq,Human Lung,Puck_220408_15,BASS,Lung,0.263237037,0.326633423,0.418274084,0.609559419,0.340447702,0.313896507,0.326633423,10454.36,3113.341493
158,Slideseq,Human Lung,Puck_220408_15,Banksy,Lung,0.242978898,0.30911741,0.404875485,0.593571249,0.317594457,0.301081127,0.30911741,4524.883678,87.71963978
159,Slideseq,Human Lung,Puck_220408_15,CCST,Lung,0.265001611,0.263806461,0.418397212,0.564329362,0.273852682,0.254473466,0.263806461,87620.90769,25432.05794
160,Slideseq,Human Lung,Puck_220408_15,CellCharter,Lung,0.243941554,0.236469458,0.391595302,0.546622395,0.258576306,0.217936849,0.236469458,257.8588202,1545.197402
161,Slideseq,Human Lung,Puck_220408_15,DeepST,Lung,0.292864823,0.292391897,0.466210795,0.534724741,0.269188421,0.320130588,0.292391897,51542.96249,3547.065091
162,Slideseq,Human Lung,Puck_220408_15,GraphST,Lung,0.180940673,0.258804467,0.342252099,0.564496777,0.280216298,0.240432581,0.258804467,40174.25294,157.3505203
163,Slideseq,Human Lung,Puck_220408_15,PRECAST,Lung,0.049433706,0.106590539,0.22711107,0.479109646,0.11665333,0.098125963,0.106590539,2477.86,391.8494963
164,Slideseq,Human Lung,Puck_220408_15,SEDR,Lung,0.230478878,0.290853105,0.388517419,0.589313318,0.308094755,0.275609215,0.290853105,37715.73072,186.7135324
165,Slideseq,Human Lung,Puck_220408_15,STAGATE,Lung,0.184090103,0.257486524,0.349687186,0.564340523,0.274120576,0.242777428,0.257486524,592.5306807,383.2632172
166,Slideseq,Human Lung,Puck_220408_15,SpaGCN,Lung,0.2784595,0.271249593,0.424688044,0.5647479,0.291338159,0.253752651,0.271249593,24711.14605,3961.570102
167,Slideseq,Human Lung,Puck_220408_15,SpaceFlow,Lung,0.275191561,0.272335156,0.421859695,0.578593153,0.2929325,0.254448466,0.272335156,636.8313711,720.483482
168,Slideseq,Human Lung,Puck_220408_15,SpatialMGCN,Lung,0.136520626,0.241276296,0.306062805,0.556522601,0.267998306,0.220506142,0.241276296,6131.141435,334.3360107
169,Slideseq,Human Lung,Puck_220408_15,stLearn,Lung,0.286953698,0.325458102,0.45211137,0.567281453,0.309745672,0.343542684,0.325458102,6929.912707,26.1486649
170,Slideseq,Human Lung,Puck_220408_20,BASS,Lung,0.136006925,0.300536526,0.328672456,0.577350052,0.300899714,0.300174214,0.300536526,10711.66,4127.642062
171,Slideseq,Human Lung,Puck_220408_20,Banksy,Lung,0.083176438,0.26638333,0.297379384,0.547506855,0.264346176,0.268452126,0.26638333,4792.019238,65.31352205
172,Slideseq,Human Lung,Puck_220408_20,CCST,Lung,0.176109985,0.215583419,0.354026131,0.514442403,0.211111845,0.220250576,0.215583419,95165.59366,27943.03193
173,Slideseq,Human Lung,Puck_220408_20,CellCharter,Lung,0.133801754,0.202659415,0.291692511,0.516545537,0.220389948,0.187587751,0.202659415,270.9868345,1575.669167
174,Slideseq,Human Lung,Puck_220408_20,DeepST,Lung,0.188679763,0.240892961,0.368889238,0.520533504,0.232657474,0.251568536,0.240892961,55843.29981,3645.892972
175,Slideseq,Human Lung,Puck_220408_20,GraphST,Lung,0.097444593,0.229798014,0.28446386,0.533051141,0.238592094,0.221629158,0.229798014,44080.71305,174.0173291
176,Slideseq,Human Lung,Puck_220408_20,PRECAST,Lung,0.043439919,0.075651081,0.218004895,0.428480034,0.081409523,0.070653462,0.075651081,2589.5,426.7128914
177,Slideseq,Human Lung,Puck_220408_20,SEDR,Lung,0.148011276,0.24339105,0.313595548,0.547373745,0.257279981,0.23095274,0.24339105,41277.89086,208.2151575
178,Slideseq,Human Lung,Puck_220408_20,STAGATE,Lung,0.154385101,0.221080105,0.330289144,0.53323217,0.22672603,0.215713534,0.221080105,637.3003099,432.3983641
179,Slideseq,Human Lung,Puck_220408_20,SpaGCN,Lung,0.215646804,0.215776233,0.366359349,0.522402364,0.229888097,0.203296703,0.215776233,27158.71172,3729.705699
180,Slideseq,Human Lung,Puck_220408_20,SpaceFlow,Lung,0.187750199,0.222958309,0.341653393,0.535106355,0.238334636,0.209492793,0.222958309,733.6747246,882.6674104
181,Slideseq,Human Lung,Puck_220408_20,SpatialMGCN,Lung,0.138216352,0.206301451,0.311153703,0.519165076,0.22746255,0.189937558,0.206301451,6769.451502,372.2700075
182,Slideseq,Human Lung,Puck_220408_20,stLearn,Lung,0.170219247,0.248074795,0.379253629,0.52100205,0.224703501,0.278806527,0.248074795,7579.540781,28.99825726
183,Slideseq,Human Lymph Node,Puck_201014_06,BASS,Lymph Node,0.087280752,0.09431554,0.407531392,0.597533331,0.094915939,0.093869121,0.09431554,11134.74,3364.084378
184,Slideseq,Human Lymph Node,Puck_201014_06,Banksy,Lymph Node,0.046567786,0.083811782,0.356021913,0.597556384,0.089473781,0.078997496,0.083811782,3461.973088,54.71631165
185,Slideseq,Human Lymph Node,Puck_201014_06,CCST,Lymph Node,0.146434814,0.087145671,0.434017114,0.597571752,0.087991675,0.086324588,0.087145671,46022.96321,13549.12523
186,Slideseq,Human Lymph Node,Puck_201014_06,CellCharter,Lymph Node,0.055672762,0.074910429,0.312288365,0.598747455,0.088017534,0.065204409,0.074910429,252.8454563,956.8792371
187,Slideseq,Human Lymph Node,Puck_201014_06,DeepST,Lymph Node,0.058256627,0.095716891,0.413547343,0.597533331,0.087788592,0.105786093,0.095716891,29186.35098,2387.950753
188,Slideseq,Human Lymph Node,Puck_201014_06,GraphST,Lymph Node,0.099532379,0.083188833,0.395098195,0.597533331,0.089122048,0.077996304,0.083188833,21406.28569,99.9729465
189,Slideseq,Human Lymph Node,Puck_201014_06,PRECAST,Lymph Node,-0.006568187,0.020271903,0.27772282,0.597533331,0.023328656,0.017923401,0.020271903,3359.9,194.5685409
190,Slideseq,Human Lymph Node,Puck_201014_06,SEDR,Lymph Node,0.050146698,0.073692578,0.34741375,0.597533331,0.080763303,0.067923187,0.073692578,20280.23035,110.1185866
191,Slideseq,Human Lymph Node,Puck_201014_06,STAGATE,Lymph Node,0.032321623,0.078524724,0.304878869,0.597533331,0.090816389,0.069202145,0.078524724,429.9173864,268.3825839
192,Slideseq,Human Lymph Node,Puck_201014_06,SpaGCN,Lymph Node,0.095843578,0.078170507,0.348728158,0.597533331,0.091286242,0.06835016,0.078170507,13033.23864,1826.460244
193,Slideseq,Human Lymph Node,Puck_201014_06,SpaceFlow,Lymph Node,0.037439045,0.082174915,0.308571098,0.597533331,0.09457873,0.072722399,0.082174915,460.2415932,386.5857512
194,Slideseq,Human Lymph Node,Puck_201014_06,SpatialMGCN,Lymph Node,0.086783405,0.086444424,0.359491494,0.597533331,0.096521546,0.078272549,0.086444424,6035.326723,303.1999891
195,Slideseq,Human Lymph Node,Puck_201014_06,stLearn,Lymph Node,0.096426123,0.099947309,0.456100786,0.597564068,0.087740905,0.116970029,0.099947309,3994.074783,18.54691439
196,Slideseq,Human Lymph Node,Puck_220215_11,BASS,Lymph Node,0.268108223,0.274166836,0.405409607,0.571137457,0.282235978,0.266550401,0.274166836,6253.62,2547.554815
197,Slideseq,Human Lymph Node,Puck_220215_11,Banksy,Lymph Node,0.209361529,0.255371599,0.350113131,0.559634338,0.267741989,0.244093817,0.255371599,2743.784127,51.24909978
198,Slideseq,Human Lymph Node,Puck_220215_11,CCST,Lymph Node,0.145255027,0.169025681,0.317759996,0.455734895,0.16235948,0.176394868,0.169025681,30290.99855,9006.64881
199,Slideseq,Human Lymph Node,Puck_220215_11,CellCharter,Lymph Node,0.139443588,0.186568459,0.281216838,0.477407989,0.202226775,0.173164614,0.186568459,190.095645,823.9687137
200,Slideseq,Human Lymph Node,Puck_220215_11,DeepST,Lymph Node,0.207107318,0.237597379,0.34681261,0.551844975,0.246615743,0.229258663,0.237597379,26543.93754,1501.780468
201,Slideseq,Human Lymph Node,Puck_220215_11,GraphST,Lymph Node,0.151597391,0.199456076,0.308263993,0.504642194,0.206749644,0.192659567,0.199456076,14056.37362,81.52348304
202,Slideseq,Human Lymph Node,Puck_220215_11,PRECAST,Lymph Node,0.047030424,0.079360096,0.203321696,0.40567565,0.085882387,0.073758544,0.079360096,2812.86,203.652811
203,Slideseq,Human Lymph Node,Puck_220215_11,SEDR,Lymph Node,0.160694498,0.217497305,0.309137966,0.534066562,0.22957649,0.206658029,0.217497305,14706.55403,82.58066688
204,Slideseq,Human Lymph Node,Puck_220215_11,STAGATE,Lymph Node,0.130053546,0.185428541,0.277671347,0.504299386,0.198990411,0.173604614,0.185428541,345.3197178,220.7495663
205,Slideseq,Human Lymph Node,Puck_220215_11,SpaGCN,Lymph Node,0.240153822,0.288755614,0.36755112,0.617721278,0.312906727,0.268065487,0.288755614,9020.841947,1012.303961
206,Slideseq,Human Lymph Node,Puck_220215_11,SpaceFlow,Lymph Node,0.135485302,0.180794842,0.281159513,0.479721944,0.194434739,0.168949579,0.180794842,423.1147919,263.4068363
207,Slideseq,Human Lymph Node,Puck_220215_11,SpatialMGCN,Lymph Node,0.165430448,0.208475845,0.307042219,0.518687807,0.222661741,0.195989266,0.208475845,4065.017631,220.7271482
208,Slideseq,Human Lymph Node,Puck_220215_11,stLearn,Lymph Node,0.405838969,0.368448703,0.524857677,0.639670523,0.357447637,0.381170037,0.368448703,3684.434209,14.79796028
209,Slideseq,Human Lymph Node,Puck_220215_13,BASS,Lymph Node,0.217625689,0.291046494,0.358407642,0.578016356,0.301021917,0.281711123,0.291046494,7574.7,3945.087214
210,Slideseq,Human Lymph Node,Puck_220215_13,Banksy,Lymph Node,0.194072073,0.25916393,0.34910733,0.549771229,0.260378438,0.257960699,0.25916393,3611.075818,81.48144078
211,Slideseq,Human Lymph Node,Puck_220215_13,CCST,Lymph Node,0.134334799,0.16928711,0.284454254,0.474928847,0.175379739,0.163632972,0.16928711,52614.26864,15526.00655
212,Slideseq,Human Lymph Node,Puck_220215_13,CellCharter,Lymph Node,0.132589806,0.169563325,0.27258755,0.474179486,0.183884369,0.157344522,0.169563325,270.7253857,1208.16894
213,Slideseq,Human Lymph Node,Puck_220215_13,DeepST,Lymph Node,0.199779825,0.229905204,0.335519007,0.544122203,0.242385084,0.219064193,0.229905204,38314.28446,2154.724041
214,Slideseq,Human Lymph Node,Puck_220215_13,GraphST,Lymph Node,0.165715674,0.203385735,0.304440704,0.53878301,0.218389588,0.190310948,0.203385735,24311.0216,118.65041
215,Slideseq,Human Lymph Node,Puck_220215_13,PRECAST,Lymph Node,0.076258293,0.100590872,0.221567543,0.436230004,0.109750975,0.092842033,0.100590872,3590.94,270.1574404
216,Slideseq,Human Lymph Node,Puck_220215_13,SEDR,Lymph Node,0.170448579,0.207935976,0.311146205,0.510963,0.219634363,0.197552352,0.207935976,24091.20895,132.3766198
217,Slideseq,Human Lymph Node,Puck_220215_13,STAGATE,Lymph Node,0.147634968,0.195103696,0.288567599,0.519523003,0.209162588,0.182821964,0.195103696,469.0184696,294.992859
218,Slideseq,Human Lymph Node,Puck_220215_13,SpaGCN,Lymph Node,0.226690304,0.271943673,0.359403384,0.577223763,0.28550692,0.259610649,0.271943673,14868.72431,2612.270006
219,Slideseq,Human Lymph Node,Puck_220215_13,SpaceFlow,Lymph Node,0.154043409,0.183947127,0.295001746,0.495276867,0.197490075,0.172159363,0.183947127,415.1654091,218.3427074
220,Slideseq,Human Lymph Node,Puck_220215_13,SpatialMGCN,Lymph Node,0.176669727,0.21068377,0.324748504,0.502900169,0.220223953,0.201935836,0.21068377,6811.468296,366.1361524
221,Slideseq,Human Lymph Node,Puck_220215_13,stLearn,Lymph Node,0.396367004,0.379205762,0.510344227,0.657311669,0.376576237,0.382266937,0.379205762,5359.281713,22.77691016
222,Slideseq,Human Lymph Node,Puck_220215_14,BASS,Lymph Node,0.235973474,0.308962647,0.379004989,0.620399619,0.321292075,0.297552524,0.308962647,10403.78,7226.750658
223,Slideseq,Human Lymph Node,Puck_220215_14,Banksy,Lymph Node,0.209034239,0.268353904,0.382290079,0.569280957,0.263753122,0.273118042,0.268353904,4763.723767,86.33761039
224,Slideseq,Human Lymph Node,Puck_220215_14,CCST,Lymph Node,0.173813615,0.180847001,0.387702086,0.479124643,0.154307737,0.218518718,0.180847001,91963.58912,27164.2489
225,Slideseq,Human Lymph Node,Puck_220215_14,CellCharter,Lymph Node,0.126282243,0.169269102,0.274580432,0.478988718,0.18466512,0.156261653,0.169269102,380.1836523,1612.590107
226,Slideseq,Human Lymph Node,Puck_220215_14,DeepST,Lymph Node,0.192584477,0.253614023,0.340425028,0.574092701,0.265581434,0.243826823,0.253614023,55685.61496,3528.659085
227,Slideseq,Human Lymph Node,Puck_220215_14,GraphST,Lymph Node,0.154636263,0.19526939,0.310667307,0.530379231,0.206091001,0.185527543,0.19526939,42368.45737,166.3961559
228,Slideseq,Human Lymph Node,Puck_220215_14,PRECAST,Lymph Node,0.068664839,0.10577365,0.218519391,0.437792278,0.116614711,0.096776815,0.10577365,4804.16,379.6189226
229,Slideseq,Human Lymph Node,Puck_220215_14,SEDR,Lymph Node,0.182891377,0.251328801,0.339703943,0.554889221,0.258485052,0.244760125,0.251328801,40004.14022,204.8640039
230,Slideseq,Human Lymph Node,Puck_220215_14,STAGATE,Lymph Node,0.121349897,0.175874,0.283111048,0.501253228,0.186449247,0.166490092,0.175874,654.5919792,429.8401782
231,Slideseq,Human Lymph Node,Puck_220215_14,SpaGCN,Lymph Node,0.300851941,0.318820391,0.442276567,0.606904988,0.31164252,0.326336704,0.318820391,26192.69477,5204.39265
232,Slideseq,Human Lymph Node,Puck_220215_14,SpaceFlow,Lymph Node,0.123724214,0.167982155,0.271850241,0.490265054,0.182512448,0.155604629,0.167982155,542.5480371,294.9054757
233,Slideseq,Human Lymph Node,Puck_220215_14,SpatialMGCN,Lymph Node,0.145849289,0.186524309,0.304517425,0.508151391,0.19799079,0.17649164,0.186524309,6447.488949,376.7791942
234,Slideseq,Human Lymph Node,Puck_220215_14,stLearn,Lymph Node,0.299201029,0.341888811,0.456955013,0.613239092,0.316546214,0.375771131,0.341888811,7714.057059,29.47766352
235,Slideseq,Human Lymph Node,Puck_220408_07,BASS,Lymph Node,0.206916351,0.268040583,0.356141606,0.582206823,0.286923834,0.251489896,0.268040583,10623.22,5163.930651
236,Slideseq,Human Lymph Node,Puck_220408_07,Banksy,Lymph Node,0.195846748,0.263674434,0.362862243,0.591649993,0.270125974,0.257523875,0.263674434,5265.070777,101.5402959
237,Slideseq,Human Lymph Node,Puck_220408_07,CCST,Lymph Node,0.162373152,0.189405384,0.314306219,0.51606559,0.204615264,0.176311574,0.189405384,61294.96347,5949.111297
238,Slideseq,Human Lymph Node,Puck_220408_07,CellCharter,Lymph Node,0.142381976,0.180773871,0.29836049,0.501688546,0.197167565,0.16691817,0.180773871,370.8943087,1621.814194
239,Slideseq,Human Lymph Node,Puck_220408_07,DeepST,Lymph Node,0.228364496,0.242683202,0.402581322,0.527412035,0.228143578,0.26022523,0.242683202,60404.28274,4290.217039
240,Slideseq,Human Lymph Node,Puck_220408_07,GraphST,Lymph Node,0.166153461,0.195520813,0.328370247,0.512737299,0.207513935,0.184838218,0.195520813,52416.05562,222.9011731
241,Slideseq,Human Lymph Node,Puck_220408_07,PRECAST,Lymph Node,0.084489212,0.110105096,0.24320997,0.461322596,0.121354651,0.100764266,0.110105096,5355.56,451.5570986
242,Slideseq,Human Lymph Node,Puck_220408_07,SEDR,Lymph Node,0.200545649,0.240133524,0.343482059,0.567151432,0.264873861,0.219627609,0.240133524,47919.86712,254.1634534
243,Slideseq,Human Lymph Node,Puck_220408_07,STAGATE,Lymph Node,0.131015429,0.182853315,0.284624435,0.522522083,0.202045492,0.166996002,0.182853315,712.1419168,464.6264573
244,Slideseq,Human Lymph Node,Puck_220408_07,SpaGCN,Lymph Node,0.20195941,0.258679714,0.343950588,0.581938412,0.283230429,0.238045663,0.258679714,32373.86297,4467.189802
245,Slideseq,Human Lymph Node,Puck_220408_07,SpaceFlow,Lymph Node,0.165932437,0.203384774,0.310513143,0.536298863,0.227372128,0.183976639,0.203384774,530.047813,234.8851112
246,Slideseq,Human Lymph Node,Puck_220408_07,SpatialMGCN,Lymph Node,0.152187221,0.20318075,0.312734728,0.537339024,0.226456117,0.18424532,0.20318075,7789.06176,409.6250656
247,Slideseq,Human Lymph Node,Puck_220408_07,stLearn,Lymph Node,0.409714582,0.36688051,0.537023563,0.668815578,0.355219337,0.380040728,0.36688051,7854.678431,28.71963854
248,Slideseq,Human Lymph Node,Puck_220408_09,BASS,Lymph Node,0.187281113,0.292930017,0.357649078,0.657920858,0.334734695,0.260545039,0.292930017,10666.56,5093.895533
249,Slideseq,Human Lymph Node,Puck_220408_09,Banksy,Lymph Node,0.252860709,0.261289217,0.423955689,0.641824279,0.283640068,0.242203564,0.261289217,4816.467284,75.93385072
250,Slideseq,Human Lymph Node,Puck_220408_09,CCST,Lymph Node,0.207160748,0.202718014,0.385760414,0.578210597,0.217711057,0.189788409,0.202718014,93626.16926,28973.40176
251,Slideseq,Human Lymph Node,Puck_220408_09,CellCharter,Lymph Node,0.153239511,0.17770494,0.320320332,0.564850436,0.209771782,0.154144752,0.17770494,311.2368484,1620.711564
252,Slideseq,Human Lymph Node,Puck_220408_09,DeepST,Lymph Node,0.277540922,0.249089908,0.454386592,0.616568746,0.252599594,0.247327314,0.249089908,52847.71011,3783.287136
253,Slideseq,Human Lymph Node,Puck_220408_09,GraphST,Lymph Node,0.172810048,0.20795833,0.343836403,0.609738431,0.239332594,0.183856468,0.20795833,43442.34,178.3344496
254,Slideseq,Human Lymph Node,Puck_220408_09,PRECAST,Lymph Node,0.055328838,0.080920563,0.228332848,0.484185111,0.096417555,0.069715359,0.080920563,4734.04,389.4530136
255,Slideseq,Human Lymph Node,Puck_220408_09,SEDR,Lymph Node,0.209308169,0.244862488,0.374918471,0.621971831,0.277416837,0.219246513,0.244862488,40216.36026,213.6074471
256,Slideseq,Human Lymph Node,Puck_220408_09,STAGATE,Lymph Node,0.16034723,0.210367836,0.328647435,0.619927565,0.245328269,0.184139568,0.210367836,629.9279997,421.4313328
257,Slideseq,Human Lymph Node,Puck_220408_09,SpaGCN,Lymph Node,0.296492588,0.291410348,0.448475466,0.673266264,0.333606187,0.258690183,0.291410348,26802.44217,4066.474172
258,Slideseq,Human Lymph Node,Puck_220408_09,SpaceFlow,Lymph Node,0.13661697,0.189522753,0.304191311,0.585910127,0.224191907,0.164141362,0.189522753,490.0875221,243.5264563
259,Slideseq,Human Lymph Node,Puck_220408_09,SpatialMGCN,Lymph Node,0.179448793,0.210031121,0.354109162,0.613558393,0.244082233,0.184327254,0.210031121,6491.807928,357.6014009
260,Slideseq,Human Lymph Node,Puck_220408_09,stLearn,Lymph Node,0.346591133,0.33568807,0.513348146,0.701703555,0.325134144,0.351581297,0.33568807,6913.792381,27.38374591
261,Slideseq,Human Lymph Node,Puck_220408_12,BASS,Lymph Node,0.219336954,0.283584461,0.383966429,0.651762428,0.309969254,0.261562992,0.283584461,10340.18,6375.133118
262,Slideseq,Human Lymph Node,Puck_220408_12,Banksy,Lymph Node,0.181112865,0.22881356,0.377228728,0.589089345,0.232755868,0.225002574,0.22881356,4754.3819,86.50926514
263,Slideseq,Human Lymph Node,Puck_220408_12,CCST,Lymph Node,0.143072943,0.177283141,0.310069269,0.554050493,0.198413811,0.160222377,0.177283141,93312.96173,28302.71866
264,Slideseq,Human Lymph Node,Puck_220408_12,CellCharter,Lymph Node,0.138257235,0.170180582,0.298947019,0.571489259,0.197319936,0.149613216,0.170180582,293.7360125,1620.631564
265,Slideseq,Human Lymph Node,Puck_220408_12,DeepST,Lymph Node,0.21732676,0.208511023,0.439998665,0.555066814,0.182206481,0.247402181,0.208511023,53351.82988,3841.186456
266,Slideseq,Human Lymph Node,Puck_220408_12,GraphST,Lymph Node,0.194356239,0.18643722,0.366901793,0.587825666,0.203835062,0.171775724,0.18643722,43245.38856,172.7201796
267,Slideseq,Human Lymph Node,Puck_220408_12,PRECAST,Lymph Node,0.039893073,0.064833825,0.207222539,0.459424576,0.075855507,0.056608676,0.064833825,4751.76,397.5260722
268,Slideseq,Human Lymph Node,Puck_220408_12,SEDR,Lymph Node,0.168066604,0.224224642,0.334309383,0.592622268,0.248261859,0.204455687,0.224224642,40187.59674,209.0253686
269,Slideseq,Human Lymph Node,Puck_220408_12,STAGATE,Lymph Node,0.152439503,0.190302656,0.319862124,0.60026349,0.214526943,0.171011675,0.190302656,623.5287766,452.5804063
270,Slideseq,Human Lymph Node,Puck_220408_12,SpaGCN,Lymph Node,0.233955762,0.272091595,0.386723419,0.655526578,0.306019788,0.244935745,0.272091595,26622.67308,3887.288206
271,Slideseq,Human Lymph Node,Puck_220408_12,SpaceFlow,Lymph Node,0.142209185,0.172851082,0.303347702,0.569752373,0.199743178,0.152342363,0.172851082,547.7553978,517.5451237
272,Slideseq,Human Lymph Node,Puck_220408_12,SpatialMGCN,Lymph Node,0.169801531,0.195932696,0.338421619,0.596719077,0.221987792,0.175494224,0.195932696,6538.683595,380.7437066
273,Slideseq,Human Lymph Node,Puck_220408_12,stLearn,Lymph Node,0.306342977,0.32844304,0.468220273,0.683123168,0.325079166,0.332199538,0.32844304,7002.475277,29.01618795
274,Slideseq,Human Normal,Puck_200104_15,BASS,Kidney,0.141531908,0.293233892,0.417992439,0.62242469,0.306762662,0.280848004,0.293233892,8729.76,3794.75629
275,Slideseq,Human Normal,Puck_200104_15,Banksy,Kidney,0.183606701,0.292016064,0.463307302,0.620614486,0.309034916,0.282057639,0.292016064,3177.801652,70.6904161
276,Slideseq,Human Normal,Puck_200104_15,CCST,Kidney,-0.016424931,0.030949669,0.405044279,0.574981532,0.027424121,0.035557985,0.030949669,40621.8574,12276.50261
277,Slideseq,Human Normal,Puck_200104_15,CellCharter,Kidney,0.055183612,0.187889512,0.26643442,0.588016088,0.249228575,0.150827065,0.187889512,362.6734711,1781.064982
278,Slideseq,Human Normal,Puck_200104_15,DeepST,Kidney,0.09640675,0.219034554,0.372180546,0.588886153,0.23755274,0.213523379,0.219034554,28426.90601,2075.413146
279,Slideseq,Human Normal,Puck_200104_15,GraphST,Kidney,0.08077515,0.238432303,0.314647667,0.610317656,0.300736354,0.197513171,0.238432303,18886.3513,104.0747209
280,Slideseq,Human Normal,Puck_200104_15,PRECAST,Kidney,0.026311262,0.127475977,0.223465522,0.606274673,0.17181925,0.101325736,0.127475977,1746.1,416.4831289
281,Slideseq,Human Normal,Puck_200104_15,SEDR,Kidney,0.156913987,0.241726589,0.418746496,0.600410408,0.272229808,0.217558218,0.241726589,18386.42169,164.2422297
282,Slideseq,Human Normal,Puck_200104_15,STAGATE,Kidney,0.080347384,0.220533321,0.307941795,0.621300172,0.284309225,0.180143684,0.220533321,453.4865875,283.3039814
283,Slideseq,Human Normal,Puck_200104_15,SpaGCN,Kidney,0.055987429,0.171767117,0.270379015,0.618074366,0.216939836,0.142164614,0.171767117,11707.2895,1814.509001
284,Slideseq,Human Normal,Puck_200104_15,SpaceFlow,Kidney,0.030499287,0.167136067,0.220546419,0.576697037,0.229131695,0.131547481,0.167136067,550.121055,570.598543
285,Slideseq,Human Normal,Puck_200104_15,SpatialMGCN,Kidney,0.034532583,0.155544958,0.22930117,0.598785192,0.210973886,0.123181598,0.155544958,5480.762159,275.1872125
286,Slideseq,Human Normal,Puck_200104_15,stLearn,Kidney,0.176359482,0.290815041,0.448593221,0.63700238,0.293255707,0.290360033,0.290815041,3690.679566,17.35060148
287,Slideseq,Human Normal,Puck_200104_16,BASS,Kidney,0.109995783,0.212692097,0.48090525,0.631035557,0.195685569,0.232935961,0.212692097,6600.8,3871.755564
288,Slideseq,Human Normal,Puck_200104_16,Banksy,Kidney,0.166696179,0.247507763,0.503478546,0.635472713,0.252012234,0.24316149,0.247507763,2656.588494,85.50770345
289,Slideseq,Human Normal,Puck_200104_16,CCST,Kidney,0.040085551,0.112411007,0.313318422,0.60322193,0.138851381,0.094446069,0.112411007,34622.46169,10194.13122
290,Slideseq,Human Normal,Puck_200104_16,CellCharter,Kidney,0.027293985,0.138064589,0.237111096,0.606078946,0.194353415,0.107118921,0.138064589,200.0630693,1756.612747
291,Slideseq,Human Normal,Puck_200104_16,DeepST,Kidney,0.029655613,0.132615186,0.304924205,0.603230831,0.156757311,0.115067693,0.132615186,24050.55772,1794.475395
292,Slideseq,Human Normal,Puck_200104_16,GraphST,Kidney,0.044375515,0.18155425,0.255730592,0.610965244,0.255073983,0.140933205,0.18155425,16038.15481,93.31719112
293,Slideseq,Human Normal,Puck_200104_16,PRECAST,Kidney,0.008659912,0.055606263,0.228828855,0.598597003,0.076303889,0.043741319,0.055606263,1606.66,375.4648392
294,Slideseq,Human Normal,Puck_200104_16,SEDR,Kidney,0.060242946,0.155575611,0.34660013,0.60420097,0.185673469,0.133874429,0.155575611,15599.89505,133.0387895
295,Slideseq,Human Normal,Puck_200104_16,STAGATE,Kidney,0.100364463,0.18290363,0.356517963,0.628178541,0.240255215,0.147671309,0.18290363,364.4329561,247.7670967
296,Slideseq,Human Normal,Puck_200104_16,SpaGCN,Kidney,0.016454257,0.053283972,0.275180894,0.603800454,0.065072492,0.045111569,0.053283972,9856.507874,1459.360843
297,Slideseq,Human Normal,Puck_200104_16,SpaceFlow,Kidney,0.016775914,0.127427543,0.22028221,0.604459081,0.180316475,0.098542598,0.127427543,489.401252,545.9236746
298,Slideseq,Human Normal,Puck_200104_16,SpatialMGCN,Kidney,0.010837143,0.082254691,0.227382396,0.603310934,0.114487878,0.064184137,0.082254691,4677.989298,268.7013981
299,Slideseq,Human Normal,Puck_200104_16,stLearn,Kidney,0.046046097,0.115566181,0.400591245,0.607102488,0.118445067,0.115934848,0.115566181,3009.066252,13.32781
300,Slideseq,Human Normal,Puck_200104_17,BASS,Kidney,0.245231843,0.303797222,0.466188475,0.648488477,0.298430524,0.309360474,0.303797222,4931.24,3140.48386
301,Slideseq,Human Normal,Puck_200104_17,Banksy,Kidney,0.136045205,0.256930124,0.370751744,0.590781203,0.271167752,0.244113002,0.256930124,2251.615516,45.99921861
302,Slideseq,Human Normal,Puck_200104_17,CCST,Kidney,0.092239405,0.109772036,0.426040021,0.518982341,0.091807284,0.13664698,0.109772036,19664.938,5670.098124
303,Slideseq,Human Normal,Puck_200104_17,CellCharter,Kidney,0.090075144,0.204052713,0.296168946,0.621454654,0.237998109,0.178610407,0.204052713,328.3384571,1458.283394
304,Slideseq,Human Normal,Puck_200104_17,DeepST,Kidney,0.133923191,0.215582949,0.358992796,0.598826699,0.227575462,0.20499955,0.215582949,18759.69083,1150.369457
305,Slideseq,Human Normal,Puck_200104_17,GraphST,Kidney,0.079963127,0.20520728,0.301075775,0.574558515,0.23403058,0.182705231,0.20520728,9094.497115,54.68035746
306,Slideseq,Human Normal,Puck_200104_17,PRECAST,Kidney,0.136057683,0.252627637,0.332945536,0.683807243,0.295877811,0.220409154,0.252627637,1233.12,173.1640229
307,Slideseq,Human Normal,Puck_200104_17,SEDR,Kidney,0.090334356,0.195164349,0.315241627,0.582101167,0.21503336,0.178656543,0.195164349,9726.795728,74.16252623
308,Slideseq,Human Normal,Puck_200104_17,STAGATE,Kidney,0.086860288,0.18247975,0.295090251,0.598431607,0.212357332,0.159980604,0.18247975,332.5695787,162.1552227
309,Slideseq,Human Normal,Puck_200104_17,SpaGCN,Kidney,0.156683721,0.249526279,0.356674233,0.648368752,0.28246236,0.223469024,0.249526279,6197.326465,943.129419
310,Slideseq,Human Normal,Puck_200104_17,SpaceFlow,Kidney,0.059185504,0.127643069,0.271559186,0.54536965,0.146699114,0.113077835,0.127643069,445.5239117,312.7555089
311,Slideseq,Human Normal,Puck_200104_17,SpatialMGCN,Kidney,0.040616677,0.126862127,0.247545403,0.547680335,0.149315492,0.110278902,0.126862127,2867.808137,152.6669209
312,Slideseq,Human Normal,Puck_200104_17,stLearn,Kidney,0.166516336,0.253107167,0.418637986,0.626530979,0.242069255,0.268011045,0.253107167,2608.878022,9.881738424
313,Slideseq,Human Normal,Puck_200104_18,BASS,Kidney,0.168120082,0.315781765,0.399024889,0.627332536,0.317181503,0.314394327,0.315781765,4691,2763.066839
314,Slideseq,Human Normal,Puck_200104_18,Banksy,Kidney,0.207795305,0.32206325,0.403929849,0.647966507,0.34036116,0.305632369,0.32206325,2252.67894,39.54887705
315,Slideseq,Human Normal,Puck_200104_18,CCST,Kidney,0.135003202,0.209440658,0.395741328,0.557691388,0.189039309,0.234929155,0.209440658,19710.63668,5717.887209
316,Slideseq,Human Normal,Puck_200104_18,CellCharter,Kidney,0.123159419,0.248445282,0.305586534,0.600980861,0.287096072,0.21897492,0.248445282,366.5448025,1323.705416
317,Slideseq,Human Normal,Puck_200104_18,DeepST,Kidney,0.146700648,0.264263754,0.33211227,0.62611244,0.296584991,0.238524958,0.264263754,19075.95686,1094.729959
318,Slideseq,Human Normal,Puck_200104_18,GraphST,Kidney,0.170563652,0.276428,0.357544793,0.635287081,0.310079543,0.249365482,0.276428,9111.598533,53.10511098
319,Slideseq,Human Normal,Puck_200104_18,PRECAST,Kidney,0.148388307,0.237589045,0.330439571,0.640251196,0.272913584,0.210360993,0.237589045,1231.5,183.939044
320,Slideseq,Human Normal,Puck_200104_18,SEDR,Kidney,0.246483923,0.298518144,0.437385256,0.624940191,0.314185681,0.284339057,0.298518144,9800.468279,70.22117496
321,Slideseq,Human Normal,Puck_200104_18,STAGATE,Kidney,0.155584809,0.268683513,0.347703278,0.632739234,0.300015794,0.243318957,0.268683513,334.8040525,162.1987417
322,Slideseq,Human Normal,Puck_200104_18,SpaGCN,Kidney,0.187413081,0.303228824,0.368709228,0.677751196,0.338732891,0.274461338,0.303228824,6304.333501,801.6141959
323,Slideseq,Human Normal,Puck_200104_18,SpaceFlow,Kidney,0.108087308,0.226443808,0.292361717,0.588098086,0.261032705,0.199988403,0.226443808,403.2153389,134.1905797
324,Slideseq,Human Normal,Puck_200104_18,SpatialMGCN,Kidney,0.117387222,0.256815843,0.314494034,0.595035885,0.287354994,0.232144304,0.256815843,2833.567901,144.6196513
325,Slideseq,Human Normal,Puck_200104_18,stLearn,Kidney,0.177173459,0.282985819,0.38558705,0.603277512,0.290219396,0.276697015,0.282985819,2645.478368,9.687174606
326,Slideseq,Human Normal,Puck_200104_20,BASS,Kidney,0.134715465,0.26080348,0.376022691,0.560591871,0.26731993,0.254597173,0.26080348,8232.6,5749.168338
327,Slideseq,Human Normal,Puck_200104_20,Banksy,Kidney,0.167855393,0.238939699,0.47106828,0.54405337,0.225800722,0.253702218,0.238939699,3377.631996,124.2824134
328,Slideseq,Human Normal,Puck_200104_20,CCST,Kidney,0.048107095,0.130431772,0.291521228,0.509683461,0.140733334,0.121562729,0.130431772,48828.44087,14180.87347
329,Slideseq,Human Normal,Puck_200104_20,CellCharter,Kidney,0.052795385,0.169616626,0.238222398,0.534931635,0.212352637,0.141220056,0.169616626,337.676338,1773.16047
330,Slideseq,Human Normal,Puck_200104_20,DeepST,Kidney,0.071098672,0.190641278,0.286517368,0.536976962,0.213739951,0.172243641,0.190641278,31457.12337,2351.697656
331,Slideseq,Human Normal,Puck_200104_20,GraphST,Kidney,0.075925263,0.20142671,0.273210781,0.567522008,0.246105062,0.170477856,0.20142671,22560.44608,128.8018178
332,Slideseq,Human Normal,Puck_200104_20,PRECAST,Kidney,0.008339024,0.069092889,0.210000291,0.493964894,0.084619542,0.058380736,0.069092889,1886.6,395.5329641
333,Slideseq,Human Normal,Puck_200104_20,SEDR,Kidney,0.119524627,0.217217141,0.354160049,0.550095524,0.236856999,0.200612596,0.217217141,21530.45118,164.1613534
334,Slideseq,Human Normal,Puck_200104_20,STAGATE,Kidney,0.110626926,0.189682734,0.333333667,0.564630081,0.221141084,0.16608189,0.189682734,478.5973867,317.0245226
335,Slideseq,Human Normal,Puck_200104_20,SpaGCN,Kidney,-0.010030713,0.049266422,0.229246134,0.501404757,0.055039506,0.044589443,0.049266422,13936.43631,2183.067453
336,Slideseq,Human Normal,Puck_200104_20,SpaceFlow,Kidney,0.040244751,0.148668659,0.212051452,0.529192733,0.190847086,0.121771897,0.148668659,525.5090351,638.8507913
337,Slideseq,Human Normal,Puck_200104_20,SpatialMGCN,Kidney,0.03085847,0.114829487,0.213531843,0.508147593,0.144054817,0.095462411,0.114829487,6471.265905,319.9524904
338,Slideseq,Human Normal,Puck_200104_20,stLearn,Kidney,0.07861768,0.208351348,0.327871738,0.541277393,0.213140702,0.203895209,0.208351348,3976.724169,17.71321602
339,Slideseq,Human Normal,Puck_200104_21,BASS,Kidney,0.366715493,0.366435194,0.565901747,0.678476356,0.340525361,0.39661258,0.366435194,6162.74,2810.159443
340,Slideseq,Human Normal,Puck_200104_21,Banksy,Kidney,0.210932909,0.315223289,0.408640485,0.637220023,0.344068123,0.290840753,0.315223289,2541.658857,54.95376391
341,Slideseq,Human Normal,Puck_200104_21,CCST,Kidney,0.092364329,0.165435657,0.316002081,0.542355162,0.176064775,0.156100699,0.165435657,29193.77462,8603.844244
342,Slideseq,Human Normal,Puck_200104_21,CellCharter,Kidney,0.096507593,0.233552062,0.269125517,0.598054305,0.290316892,0.19535805,0.233552062,179.7132753,1781.288652
343,Slideseq,Human Normal,Puck_200104_21,DeepST,Kidney,0.138170512,0.243868084,0.362261061,0.59343691,0.248225727,0.245147622,0.243868084,22667.70563,1546.801859
344,Slideseq,Human Normal,Puck_200104_21,GraphST,Kidney,0.114005953,0.257931304,0.28977121,0.606795412,0.316423961,0.217690123,0.257931304,13612.65012,74.9788013
345,Slideseq,Human Normal,Puck_200104_21,PRECAST,Kidney,0.01843688,0.045447537,0.191083131,0.495384312,0.056294617,0.038105258,0.045447537,1489.52,306.0696969
346,Slideseq,Human Normal,Puck_200104_21,SEDR,Kidney,0.187894885,0.251310682,0.387785555,0.604094671,0.275020041,0.231364822,0.251310682,13654.82078,111.7204073
347,Slideseq,Human Normal,Puck_200104_21,STAGATE,Kidney,0.178196989,0.243168652,0.372449295,0.614268428,0.278966604,0.215571811,0.243168652,335.5421555,215.1867906
348,Slideseq,Human Normal,Puck_200104_21,SpaGCN,Kidney,0.016642391,0.029653213,0.268095347,0.493877353,0.030783346,0.028603122,0.029653213,8311.923261,1558.919802
349,Slideseq,Human Normal,Puck_200104_21,SpaceFlow,Kidney,0.077327907,0.199476122,0.255652184,0.56182179,0.242863759,0.16925764,0.199476122,420.9205519,277.6258602
350,Slideseq,Human Normal,Puck_200104_21,SpatialMGCN,Kidney,0.079067238,0.152547192,0.280952281,0.56705871,0.173999315,0.135804101,0.152547192,4024.152306,265.3867045
351,Slideseq,Human Normal,Puck_200104_21,stLearn,Kidney,0.174230707,0.242230955,0.412410683,0.590455447,0.222103276,0.268763396,0.242230955,2874.23139,11.2908165
352,Slideseq,Human Normal,Puck_200104_23,BASS,Kidney,0.098875834,0.23177793,0.43498351,0.708803919,0.235182001,0.228470995,0.23177793,4283.12,1607.071779
353,Slideseq,Human Normal,Puck_200104_23,Banksy,Kidney,0.080673036,0.185583499,0.364664875,0.657661949,0.211464376,0.165346887,0.185583499,1934.959007,39.13436298
354,Slideseq,Human Normal,Puck_200104_23,CCST,Kidney,-0.051214817,0.010116943,0.52664756,0.632603075,0.006974785,0.018713417,0.010116943,15090.40573,4497.785796
355,Slideseq,Human Normal,Puck_200104_23,CellCharter,Kidney,0.039184355,0.143463333,0.278128741,0.632603075,0.180423678,0.119080175,0.143463333,190.0429426,1159.631681
356,Slideseq,Human Normal,Puck_200104_23,DeepST,Kidney,0.039439724,0.15364164,0.336545556,0.634426453,0.165887399,0.143289965,0.15364164,15920.0036,968.932985
357,Slideseq,Human Normal,Puck_200104_23,GraphST,Kidney,0.051499855,0.182432364,0.302837927,0.661042319,0.225490501,0.153181805,0.182432364,7048.027752,59.76888409
358,Slideseq,Human Normal,Puck_200104_23,PRECAST,Kidney,-0.004611547,0.017413933,0.24852345,0.632289748,0.021687637,0.014547286,0.017413933,1107.74,168.3917939
359,Slideseq,Human Normal,Puck_200104_23,SEDR,Kidney,0.067605196,0.145728348,0.326662957,0.644972105,0.17272514,0.126091282,0.145728348,7800.992107,60.22639809
360,Slideseq,Human Normal,Puck_200104_23,STAGATE,Kidney,0.087387156,0.178433241,0.352119768,0.669859845,0.211959276,0.154104488,0.178433241,259.7971632,139.0729016
361,Slideseq,Human Normal,Puck_200104_23,SpaGCN,Kidney,0.057648193,0.096140483,0.333225309,0.651040958,0.11090938,0.084842676,0.096140483,5042.412019,699.0030459
362,Slideseq,Human Normal,Puck_200104_23,SpaceFlow,Kidney,0.037432616,0.133120342,0.265863196,0.632888828,0.170961392,0.108997647,0.133120342,377.4853071,141.9014984
363,Slideseq,Human Normal,Puck_200104_23,SpatialMGCN,Kidney,0.035794005,0.137311804,0.290231789,0.64464553,0.167361471,0.116410379,0.137311804,2244.278493,135.9202961
364,Slideseq,Human Normal,Puck_200104_23,stLearn,Kidney,0.100337815,0.156031903,0.413587647,0.638590284,0.151279246,0.162198885,0.156031903,2152.904723,8.7101758
365,Slideseq,Human Normal,Puck_200113_08,BASS,Kidney,0.069719307,0.163148637,0.55500898,0.783927455,0.172767644,0.154544237,0.163148637,6136,2017.486527
366,Slideseq,Human Normal,Puck_200113_08,Banksy,Kidney,0.128025019,0.151055731,0.65924493,0.780786416,0.151376159,0.150736656,0.151055731,2835.904155,85.15285845
367,Slideseq,Human Normal,Puck_200113_08,CCST,Kidney,0.019179247,0.065989867,0.369762481,0.775198785,0.098444504,0.049639977,0.065989867,34481.66428,10199.62282
368,Slideseq,Human Normal,Puck_200113_08,CellCharter,Kidney,0.012858591,0.090813948,0.264876023,0.774769946,0.160399725,0.063339607,0.090813948,184.7278196,1759.217627
369,Slideseq,Human Normal,Puck_200113_08,DeepST,Kidney,0.009892134,0.083678485,0.427091559,0.774769946,0.103486908,0.072978015,0.083678485,25059.31373,1848.544995
370,Slideseq,Human Normal,Puck_200113_08,GraphST,Kidney,0.018577059,0.117246558,0.300668409,0.778790315,0.198605062,0.083174251,0.117246558,15921.85054,128.7369856
371,Slideseq,Human Normal,Puck_200113_08,PRECAST,Kidney,-0.003869832,0.021008161,0.247981556,0.774390244,0.037021756,0.014664917,0.021008161,1621.5,326.6154119
372,Slideseq,Human Normal,Puck_200113_08,SEDR,Kidney,0.078598819,0.118585314,0.563698255,0.774769946,0.135577117,0.105387069,0.118585314,15719.42658,123.5886343
373,Slideseq,Human Normal,Puck_200113_08,STAGATE,Kidney,0.059404135,0.127938674,0.404689027,0.78170285,0.200944975,0.093877527,0.127938674,363.0409874,232.8223004
374,Slideseq,Human Normal,Puck_200113_08,SpaGCN,Kidney,0.002487439,0.03935609,0.291134286,0.774769946,0.064203642,0.028374739,0.03935609,9733.679938,1090.052442
375,Slideseq,Human Normal,Puck_200113_08,SpaceFlow,Kidney,0.008531075,0.086192341,0.266438757,0.774769946,0.14956848,0.060553088,0.086192341,452.1634066,421.2215887
376,Slideseq,Human Normal,Puck_200113_08,SpatialMGCN,Kidney,0.007416142,0.066148319,0.259145162,0.774769946,0.116858904,0.046130236,0.066148319,4647.535769,281.4276997
377,Slideseq,Human Normal,Puck_200113_08,stLearn,Kidney,0.014501344,0.047469775,0.506620029,0.774805682,0.052250151,0.043908932,0.047469775,3190.016065,12.19894385
378,Slideseq,Human Normal,Puck_200113_09,BASS,Kidney,0.274135583,0.253325102,0.621656749,0.74803028,0.241840321,0.26595507,0.253325102,4485.66,1265.547314
379,Slideseq,Human Normal,Puck_200113_09,Banksy,Kidney,0.15140654,0.231593624,0.495906926,0.747176234,0.250032734,0.215687373,0.231593624,1684.335168,55.63416905
380,Slideseq,Human Normal,Puck_200113_09,CCST,Kidney,-0.035424312,0.01179689,0.525411445,0.686003399,0.010066668,0.014319506,0.01179689,11709.11843,3516.037919
381,Slideseq,Human Normal,Puck_200113_09,CellCharter,Kidney,0.051380029,0.161947392,0.322176309,0.711231268,0.220826197,0.127884922,0.161947392,116.7639071,1147.148099
382,Slideseq,Human Normal,Puck_200113_09,DeepST,Kidney,0.084436489,0.186820115,0.381712289,0.720964004,0.231886508,0.156955128,0.186820115,12632.62335,822.4819315
383,Slideseq,Human Normal,Puck_200113_09,GraphST,Kidney,0.096456338,0.194073957,0.371850655,0.72547505,0.261852015,0.154168751,0.194073957,5487.685084,50.46053543
384,Slideseq,Human Normal,Puck_200113_09,PRECAST,Kidney,0.053479591,0.122037461,0.33166889,0.726620388,0.163710579,0.097275605,0.122037461,977.78,139.8419563
385,Slideseq,Human Normal,Puck_200113_09,SEDR,Kidney,0.15556263,0.20143542,0.483530296,0.724239147,0.227493314,0.180733555,0.20143542,6103.173972,55.97045579
386,Slideseq,Human Normal,Puck_200113_09,STAGATE,Kidney,0.115435698,0.193369573,0.42242074,0.739440754,0.244993365,0.15985567,0.193369573,210.0995211,131.1722486
387,Slideseq,Human Normal,Puck_200113_09,SpaGCN,Kidney,0.05526126,0.131276778,0.356265944,0.726788197,0.167225359,0.108049321,0.131276778,3902.481424,517.1894499
388,Slideseq,Human Normal,Puck_200113_09,SpaceFlow,Kidney,0.022985603,0.133044879,0.304646888,0.688444307,0.178427395,0.10610692,0.133044879,279.7510038,116.998951
389,Slideseq,Human Normal,Puck_200113_09,SpatialMGCN,Kidney,-0.006862491,0.112953432,0.318511827,0.687625521,0.144502546,0.092711755,0.112953432,1783.076604,118.7652153
390,Slideseq,Human Normal,Puck_200113_09,stLearn,Kidney,0.107549279,0.181466311,0.458752605,0.695319017,0.189058458,0.175005501,0.181466311,1662.644192,7.291339159
391,Slideseq,Human Normal,Puck_200113_10,BASS,Kidney,0.204719249,0.289214651,0.549802419,0.801273148,0.343282487,0.249860939,0.289214651,5120.84,2731.542984
392,Slideseq,Human Normal,Puck_200113_10,Banksy,Kidney,0.107278468,0.233228364,0.432506493,0.775115741,0.308862438,0.187350156,0.233228364,2297.009128,40.57860107
393,Slideseq,Human Normal,Puck_200113_10,CCST,Kidney,-0.03999425,0.004320054,0.605659165,0.748263889,0.003484458,0.005726416,0.004320054,20792.05826,6158.724308
394,Slideseq,Human Normal,Puck_200113_10,CellCharter,Kidney,0.041389946,0.16801843,0.328640154,0.762083333,0.249514356,0.126653031,0.16801843,303.9935686,1410.18454
395,Slideseq,Human Normal,Puck_200113_10,DeepST,Kidney,0.047233592,0.179672169,0.419786333,0.749328704,0.218238891,0.153357188,0.179672169,19232.90862,1226.241844
396,Slideseq,Human Normal,Puck_200113_10,GraphST,Kidney,0.073968691,0.20488206,0.386001153,0.756828704,0.291183076,0.158041597,0.20488206,9697.809429,60.27704062
397,Slideseq,Human Normal,Puck_200113_10,PRECAST,Kidney,0.06111382,0.214917913,0.33761166,0.789988426,0.324958799,0.160550614,0.214917913,1267.28,178.8224026
398,Slideseq,Human Normal,Puck_200113_10,SEDR,Kidney,0.153935283,0.218615351,0.508620205,0.776238426,0.274744974,0.181529494,0.218615351,10238.0564,73.06080542
399,Slideseq,Human Normal,Puck_200113_10,STAGATE,Kidney,0.092278901,0.184968668,0.419713611,0.762534722,0.256929913,0.144572831,0.184968668,336.9305233,171.6212636
400,Slideseq,Human Normal,Puck_200113_10,SpaGCN,Kidney,0.077261617,0.221917736,0.374487374,0.80462963,0.319672631,0.169948127,0.221917736,6400.606074,845.1440013
401,Slideseq,Human Normal,Puck_200113_10,SpaceFlow,Kidney,0.011303722,0.128746669,0.325696817,0.748263889,0.181261024,0.099848923,0.128746669,363.5710094,137.2449846
402,Slideseq,Human Normal,Puck_200113_10,SpatialMGCN,Kidney,0.058377906,0.175589382,0.362614376,0.7625,0.252916914,0.134474706,0.175589382,3026.414446,156.082245
403,Slideseq,Human Normal,Puck_200113_10,stLearn,Kidney,0.09700148,0.227559009,0.459382389,0.771342593,0.27593483,0.194339741,0.227559009,2634.222547,10.03885098
404,Slideseq,Human Tonsil,Puck_210119_221,BASS,Tonsil,0.003791301,0.188040634,0.383229131,0.673440577,0.20151177,0.176257738,0.188040634,11052.1,2693.32099
405,Slideseq,Human Tonsil,Puck_210119_221,Banksy,Tonsil,0.12543003,0.161634606,0.434881337,0.660920608,0.179008124,0.147335094,0.161634606,3448.552392,77.86986113
406,Slideseq,Human Tonsil,Puck_210119_221,CCST,Tonsil,-0.00826171,0.157499448,0.355261311,0.661775086,0.176596043,0.142129922,0.157499448,49344.37843,10417.33138
407,Slideseq,Human Tonsil,Puck_210119_221,CellCharter,Tonsil,0.032636102,0.153627953,0.330835685,0.659991827,0.184792475,0.131458068,0.153627953,174.7294464,1286.200087
408,Slideseq,Human Tonsil,Puck_210119_221,DeepST,Tonsil,0.049618254,0.176553162,0.331696725,0.672177434,0.2156441,0.149459799,0.176553162,29690.74658,2210.493493
409,Slideseq,Human Tonsil,Puck_210119_221,GraphST,Tonsil,0.004503235,0.163054915,0.345017609,0.654196233,0.187978086,0.143966978,0.163054915,22825.39457,101.3485658
410,Slideseq,Human Tonsil,Puck_210119_221,PRECAST,Tonsil,0.074243402,0.131644057,0.359381119,0.663186834,0.158080464,0.112782932,0.131644057,3169.6,194.7005715
411,Slideseq,Human Tonsil,Puck_210119_221,SEDR,Tonsil,0.076801675,0.178810345,0.365787003,0.666604748,0.213252832,0.15394644,0.178810345,21391.22288,107.5239639
412,Slideseq,Human Tonsil,Puck_210119_221,STAGATE,Tonsil,0.071433723,0.157981071,0.35509217,0.654976409,0.189943994,0.135225868,0.157981071,419.9746666,290.4646184
413,Slideseq,Human Tonsil,Puck_210119_221,SpaGCN,Tonsil,0.090139939,0.188712635,0.356430847,0.665415908,0.233008538,0.158568161,0.188712635,13902.58996,2031.825005
414,Slideseq,Human Tonsil,Puck_210119_221,SpaceFlow,Tonsil,0.071949555,0.181160097,0.341262497,0.64843779,0.224131651,0.152015067,0.181160097,461.8728266,305.3480647
415,Slideseq,Human Tonsil,Puck_210119_221,SpatialMGCN,Tonsil,0.109353783,0.177035467,0.395605656,0.671285805,0.208871899,0.153620501,0.177035467,6396.498363,290.3737497
416,Slideseq,Human Tonsil,Puck_210119_221,stLearn,Tonsil,0.069972543,0.175109385,0.362071652,0.65768845,0.207268155,0.151589464,0.175109385,3900.571906,16.8942647
417,Slideseq,Human Tonsil,Puck_210119_222,BASS,Tonsil,0.003791301,0.188040634,0.383229131,0.673440577,0.20151177,0.176257738,0.188040634,7560.8,2625.118458
418,Slideseq,Human Tonsil,Puck_210119_222,Banksy,Tonsil,0.06310382,0.165630494,0.365490602,0.659323104,0.194483951,0.144232321,0.165630494,3448.549299,48.48278737
419,Slideseq,Human Tonsil,Puck_210119_222,CCST,Tonsil,-0.000572869,0.162733646,0.334292026,0.666901958,0.189035344,0.142857031,0.162733646,26689.64513,2431.67417
420,Slideseq,Human Tonsil,Puck_210119_222,CellCharter,Tonsil,0.067521306,0.177430915,0.334858002,0.648029127,0.220449501,0.148460321,0.177430915,174.7272282,1122.386444
421,Slideseq,Human Tonsil,Puck_210119_222,DeepST,Tonsil,0.031626297,0.167918423,0.308345408,0.652524427,0.20772969,0.140912608,0.167918423,29690.74396,2221.507529
422,Slideseq,Human Tonsil,Puck_210119_222,GraphST,Tonsil,0.004503235,0.163054915,0.345017609,0.654196233,0.187978086,0.143966978,0.163054915,22825.39791,98.5959928
423,Slideseq,Human Tonsil,Puck_210119_222,PRECAST,Tonsil,0.074243402,0.131644057,0.359381119,0.663186834,0.158080464,0.112782932,0.131644057,3228.7,193.6255951
424,Slideseq,Human Tonsil,Puck_210119_222,SEDR,Tonsil,-0.031116477,0.161380356,0.342783351,0.662258053,0.180709577,0.145786599,0.161380356,21391.22671,112.3521001
425,Slideseq,Human Tonsil,Puck_210119_222,STAGATE,Tonsil,0.071516423,0.157888097,0.355168636,0.65501356,0.189830546,0.135147129,0.157888097,419.9790516,266.9172859
426,Slideseq,Human Tonsil,Puck_210119_222,SpaGCN,Tonsil,0.090139939,0.188712635,0.356430847,0.665415908,0.233008538,0.158568161,0.188712635,13965.71883,2016.695434
427,Slideseq,Human Tonsil,Puck_210119_222,SpaceFlow,Tonsil,0.080583281,0.180998076,0.348804547,0.654753502,0.223742681,0.151965954,0.180998076,498.8625708,421.2389066
428,Slideseq,Human Tonsil,Puck_210119_222,SpatialMGCN,Tonsil,0.109353783,0.177035467,0.395605656,0.671285805,0.208871899,0.153620501,0.177035467,6396.498569,291.3808494
429,Slideseq,Human Tonsil,Puck_210119_222,stLearn,Tonsil,0.069734031,0.175170853,0.361660987,0.657911357,0.207438482,0.151590528,0.175170853,3900.568769,16.82681537
430,Slideseq,Human Tonsil,Puck_210119_223,BASS,Tonsil,0.003791301,0.188040634,0.383229131,0.673440577,0.20151177,0.176257738,0.188040634,8601.5,2643.741901
431,Slideseq,Human Tonsil,Puck_210119_223,Banksy,Tonsil,0.129288105,0.17466122,0.42882942,0.664227068,0.198948903,0.155658437,0.17466122,3448.551147,75.44601917
432,Slideseq,Human Tonsil,Puck_210119_223,CCST,Tonsil,-0.003959883,0.161817087,0.329385535,0.665527362,0.188472453,0.141767176,0.161817087,26689.27504,2452.908587
433,Slideseq,Human Tonsil,Puck_210119_223,CellCharter,Tonsil,0.080331879,0.174528014,0.347486583,0.662518111,0.216159853,0.146342768,0.174528014,174.7297583,1155.325494
434,Slideseq,Human Tonsil,Puck_210119_223,DeepST,Tonsil,0.006638993,0.172819471,0.392167123,0.642642196,0.175505014,0.170214876,0.172819471,29690.74414,2167.229269
435,Slideseq,Human Tonsil,Puck_210119_223,GraphST,Tonsil,0.004503235,0.163054915,0.345017609,0.654196233,0.187978086,0.143966978,0.163054915,22825.38934,98.5749712
436,Slideseq,Human Tonsil,Puck_210119_223,PRECAST,Tonsil,0.074243402,0.131644057,0.359381119,0.663186834,0.158080464,0.112782932,0.131644057,3228.8,194.8894598
437,Slideseq,Human Tonsil,Puck_210119_223,SEDR,Tonsil,-0.033617283,0.155478318,0.339325506,0.659025894,0.174536572,0.140172407,0.155478318,21391.22352,115.0406356
438,Slideseq,Human Tonsil,Puck_210119_223,STAGATE,Tonsil,0.071230266,0.15805083,0.354950967,0.654864955,0.190016928,0.135291124,0.15805083,419.9753771,282.4469759
439,Slideseq,Human Tonsil,Puck_210119_223,SpaGCN,Tonsil,0.090139939,0.188712635,0.356430847,0.665415908,0.233008538,0.158568161,0.188712635,13902.58991,2010.8075
440,Slideseq,Human Tonsil,Puck_210119_223,SpaceFlow,Tonsil,0.072071691,0.179949418,0.34298847,0.655273619,0.222063447,0.151262661,0.179949418,500.4148264,369.8970497
441,Slideseq,Human Tonsil,Puck_210119_223,SpatialMGCN,Tonsil,0.109353783,0.177035467,0.395605656,0.671285805,0.208871899,0.153620501,0.177035467,6397.481359,295.7111025
442,Slideseq,Human Tonsil,Puck_210119_223,stLearn,Tonsil,0.070250306,0.17533849,0.362339284,0.65768845,0.207522822,0.151796631,0.17533849,3900.570053,18.91828251
443,Slideseq,Human Tonsil,Puck_210119_224,BASS,Tonsil,0.003791301,0.188040634,0.383229131,0.673440577,0.20151177,0.176257738,0.188040634,7353.8,2580.382257
444,Slideseq,Human Tonsil,Puck_210119_224,Banksy,Tonsil,-0.025644703,0.147868087,0.387834167,0.661960843,0.153728633,0.142437972,0.147868087,3448.550668,66.94321656
445,Slideseq,Human Tonsil,Puck_210119_224,CCST,Tonsil,0.006003566,0.15683589,0.345875438,0.659360256,0.179388461,0.139320616,0.15683589,26689.2666,2429.379867
446,Slideseq,Human Tonsil,Puck_210119_224,CellCharter,Tonsil,0.085483322,0.175105596,0.352371913,0.664338522,0.216640015,0.146935071,0.175105596,174.7212696,1228.261139
447,Slideseq,Human Tonsil,Puck_210119_224,DeepST,Tonsil,0.030881675,0.157584899,0.344352829,0.642865104,0.180371881,0.139909647,0.157584899,29690.74429,2387.349677
448,Slideseq,Human Tonsil,Puck_210119_224,GraphST,Tonsil,0.004503235,0.163054915,0.345017609,0.654196233,0.187978086,0.143966978,0.163054915,22825.3905,101.7483358
449,Slideseq,Human Tonsil,Puck_210119_224,PRECAST,Tonsil,0.074243402,0.131644057,0.359381119,0.663186834,0.158080464,0.112782932,0.131644057,3228.9,193.7536294
450,Slideseq,Human Tonsil,Puck_210119_224,SEDR,Tonsil,0.010018194,0.153973408,0.330197655,0.66485864,0.180082098,0.134476688,0.153973408,21391.22422,110.945379
451,Slideseq,Human Tonsil,Puck_210119_224,STAGATE,Tonsil,0.071540008,0.158098872,0.355186346,0.65501356,0.190084238,0.135327407,0.158098872,419.9730024,294.5290413
452,Slideseq,Human Tonsil,Puck_210119_224,SpaGCN,Tonsil,0.090139939,0.188712635,0.356430847,0.665415908,0.233008538,0.158568161,0.188712635,13895.25027,1903.2443
453,Slideseq,Human Tonsil,Puck_210119_224,SpaceFlow,Tonsil,0.077013155,0.182109678,0.3479537,0.650592562,0.224405238,0.153229258,0.182109678,464.256731,320.9215646
454,Slideseq,Human Tonsil,Puck_210119_224,SpatialMGCN,Tonsil,0.109353783,0.177035467,0.395605656,0.671285805,0.208871899,0.153620501,0.177035467,6396.498199,296.0057678
455,Slideseq,Human Tonsil,Puck_210119_224,stLearn,Tonsil,0.070625382,0.175429352,0.362620957,0.657651298,0.207625489,0.151877901,0.175429352,3900.569914,16.28811741
456,Slideseq,Human Tonsil,Puck_210119_225,BASS,Tonsil,0.003791301,0.188040634,0.383229131,0.673440577,0.20151177,0.176257738,0.188040634,7949,2612.593931
457,Slideseq,Human Tonsil,Puck_210119_225,Banksy,Tonsil,0.042643555,0.168085811,0.344483005,0.669168184,0.198647506,0.145674027,0.168085811,3448.55249,61.54534864
458,Slideseq,Human Tonsil,Puck_210119_225,CCST,Tonsil,0.012459018,0.151345836,0.338888679,0.661923691,0.175696807,0.132923147,0.151345836,26689.26834,2455.001925
459,Slideseq,Human Tonsil,Puck_210119_225,CellCharter,Tonsil,0.078733053,0.176589066,0.344902837,0.656945425,0.219135066,0.147877938,0.176589066,174.729661,954.4651601
460,Slideseq,Human Tonsil,Puck_210119_225,DeepST,Tonsil,0.057448108,0.165537628,0.33080861,0.661849389,0.204379105,0.139101847,0.165537628,29690.74417,2330.023763
461,Slideseq,Human Tonsil,Puck_210119_225,GraphST,Tonsil,0.004503235,0.163054915,0.345017609,0.654196233,0.187978086,0.143966978,0.163054915,22825.3905,99.31456208
462,Slideseq,Human Tonsil,Puck_210119_225,PRECAST,Tonsil,0.074243402,0.131644057,0.359381119,0.663186834,0.158080464,0.112782932,0.131644057,3229,193.2394748
463,Slideseq,Human Tonsil,Puck_210119_225,SEDR,Tonsil,-0.015254616,0.167019365,0.346684147,0.660326188,0.188466169,0.149955,0.167019365,21391.2257,111.7976232
464,Slideseq,Human Tonsil,Puck_210119_225,STAGATE,Tonsil,0.147135742,0.175735964,0.441968004,0.667347773,0.20116432,0.156014777,0.175735964,419.9720325,301.4438214
465,Slideseq,Human Tonsil,Puck_210119_225,SpaGCN,Tonsil,0.090139939,0.188712635,0.356430847,0.665415908,0.233008538,0.158568161,0.188712635,13895.53568,1902.369047
466,Slideseq,Human Tonsil,Puck_210119_225,SpaceFlow,Tonsil,0.07090166,0.1776575,0.340408102,0.64992384,0.21980714,0.149071869,0.1776575,422.5265551,258.0171409
467,Slideseq,Human Tonsil,Puck_210119_225,SpatialMGCN,Tonsil,0.109353783,0.177035467,0.395605656,0.671285805,0.208871899,0.153620501,0.177035467,6397.480989,312.865514
468,Slideseq,Human Tonsil,Puck_210119_225,stLearn,Tonsil,0.016078655,0.182887196,0.398983927,0.658431475,0.190227847,0.176092027,0.182887196,3900.56999,18.4977715
469,Slideseq,Mouse Autosomal Dominant Polycystic Kidney Disease,Puck_191223_21,BASS,Kidney,0.31762241,0.440646019,0.458777576,0.723878822,0.490033189,0.400302231,0.440646019,6391.98,2694.422002
470,Slideseq,Mouse Autosomal Dominant Polycystic Kidney Disease,Puck_191223_21,Banksy,Kidney,0.194558649,0.323812349,0.370833621,0.557512262,0.351786636,0.300201586,0.323812349,2869.079839,79.60162458
471,Slideseq,Mouse Autosomal Dominant Polycystic Kidney Disease,Puck_191223_21,CCST,Kidney,0.150007149,0.185097832,0.400600427,0.460018072,0.152791379,0.23477661,0.185097832,30511.88692,9273.185007
472,Slideseq,Mouse Autosomal Dominant Polycystic Kidney Disease,Puck_191223_21,CellCharter,Kidney,0.107864257,0.265462439,0.250532439,0.562105864,0.331155799,0.221521324,0.265462439,250.7356125,792.0348813
473,Slideseq,Mouse Autosomal Dominant Polycystic Kidney Disease,Puck_191223_21,DeepST,Kidney,0.104545668,0.258705549,0.256503725,0.557283493,0.305925143,0.224216039,0.258705549,20317.44164,1239.446655
474,Slideseq,Mouse Autosomal Dominant Polycystic Kidney Disease,Puck_191223_21,GraphST,Kidney,0.108790063,0.267487406,0.256503406,0.549388881,0.327883825,0.225880135,0.267487406,14110.53916,88.5163043
475,Slideseq,Mouse Autosomal Dominant Polycystic Kidney Disease,Puck_191223_21,PRECAST,Kidney,0.129321189,0.259931056,0.270451083,0.597528943,0.323473296,0.217254212,0.259931056,1527.46,348.5656346
476,Slideseq,Mouse Autosomal Dominant Polycystic Kidney Disease,Puck_191223_21,SEDR,Kidney,0.09908855,0.236710464,0.249667151,0.522471109,0.284446391,0.202728336,0.236710464,13481.76126,147.1564042
477,Slideseq,Mouse Autosomal Dominant Polycystic Kidney Disease,Puck_191223_21,STAGATE,Kidney,0.113733628,0.243792147,0.263028395,0.551918961,0.296747488,0.206899024,0.243792147,346.119697,173.7524856
478,Slideseq,Mouse Autosomal Dominant Polycystic Kidney Disease,Puck_191223_21,SpaGCN,Kidney,0.181085145,0.315558083,0.329277371,0.629143482,0.372512737,0.273709734,0.315558083,8616.364876,1676.884646
479,Slideseq,Mouse Autosomal Dominant Polycystic Kidney Disease,Puck_191223_21,SpaceFlow,Kidney,0.078859289,0.21974166,0.220777909,0.533000428,0.274173188,0.183344193,0.21974166,447.3159288,196.1521809
480,Slideseq,Mouse Autosomal Dominant Polycystic Kidney Disease,Puck_191223_21,SpatialMGCN,Kidney,0.090580445,0.249719983,0.236146384,0.562467304,0.307155392,0.210380622,0.249719983,4088.610868,276.6858131
481,Slideseq,Mouse Autosomal Dominant Polycystic Kidney Disease,Puck_191223_21,stLearn,Kidney,0.303646131,0.432172983,0.445289338,0.700404242,0.475278517,0.396615472,0.432172983,2957.651249,12.24809632
482,Slideseq,Mouse Autosomal Dominant Polycystic Kidney Disease,Puck_191223_22,BASS,Kidney,0.363244935,0.480608841,0.456386254,0.623598245,0.483223012,0.478022802,0.480608841,4963.02,2861.184651
483,Slideseq,Mouse Autosomal Dominant Polycystic Kidney Disease,Puck_191223_22,Banksy,Kidney,0.275931876,0.428414213,0.380397278,0.570816614,0.433949185,0.423018659,0.428414213,2546.203024,44.21154304
484,Slideseq,Mouse Autosomal Dominant Polycystic Kidney Disease,Puck_191223_22,CCST,Kidney,0.14157507,0.270105708,0.419535088,0.356888239,0.184974344,0.500702017,0.270105708,23470.02031,6936.252367
485,Slideseq,Mouse Autosomal Dominant Polycystic Kidney Disease,Puck_191223_22,CellCharter,Kidney,0.224666851,0.351583032,0.330363975,0.525012189,0.363066789,0.341117061,0.351583032,245.3739527,610.365784
486,Slideseq,Mouse Autosomal Dominant Polycystic Kidney Disease,Puck_191223_22,DeepST,Kidney,0.286235447,0.38695001,0.401468833,0.548707947,0.365476625,0.412537106,0.38695001,18125.41272,1164.762548
487,Slideseq,Mouse Autosomal Dominant Polycystic Kidney Disease,Puck_191223_22,GraphST,Kidney,0.257756081,0.377458913,0.364204764,0.551655019,0.383256005,0.371834581,0.377458913,10954.06791,63.64814038
488,Slideseq,Mouse Autosomal Dominant Polycystic Kidney Disease,Puck_191223_22,PRECAST,Kidney,0.201914421,0.297172706,0.304991471,0.510710198,0.313370827,0.282566842,0.297172706,1363.2,234.3260688
489,Slideseq,Mouse Autosomal Dominant Polycystic Kidney Disease,Puck_191223_22,SEDR,Kidney,0.282893434,0.396457645,0.389252276,0.570182567,0.39704768,0.395986802,0.396457645,10876.567,88.0512146
490,Slideseq,Mouse Autosomal Dominant Polycystic Kidney Disease,Puck_191223_22,STAGATE,Kidney,0.215563999,0.354201921,0.331173178,0.531588927,0.358562564,0.350176223,0.354201921,319.0824217,147.6304719
491,Slideseq,Mouse Autosomal Dominant Polycystic Kidney Disease,Puck_191223_22,SpaGCN,Kidney,0.332464245,0.436069298,0.421395054,0.630370009,0.455892419,0.41789824,0.436069298,6675.202427,1129.989054
492,Slideseq,Mouse Autosomal Dominant Polycystic Kidney Disease,Puck_191223_22,SpaceFlow,Kidney,0.201511198,0.310090487,0.306865277,0.478606642,0.323177263,0.298054456,0.310090487,414.7960617,136.326946
493,Slideseq,Mouse Autosomal Dominant Polycystic Kidney Disease,Puck_191223_22,SpatialMGCN,Kidney,0.268242226,0.393606437,0.369130761,0.584376185,0.405067619,0.382775986,0.393606437,3234.780748,176.8759192
494,Slideseq,Mouse Autosomal Dominant Polycystic Kidney Disease,Puck_191223_22,stLearn,Kidney,0.324969613,0.439345673,0.425879859,0.596717049,0.427011253,0.452603253,0.439345673,2717.72234,10.9317101
495,Slideseq,Mouse Autosomal Dominant Polycystic Kidney Disease,Puck_191223_23,BASS,Kidney,0.314948591,0.446939126,0.422657182,0.669183638,0.496116812,0.406631673,0.446939126,6903.14,2310.476293
496,Slideseq,Mouse Autosomal Dominant Polycystic Kidney Disease,Puck_191223_23,Banksy,Kidney,0.293091563,0.403916425,0.4135086,0.594185996,0.418726374,0.390118315,0.403916425,3101.173292,95.6861289
497,Slideseq,Mouse Autosomal Dominant Polycystic Kidney Disease,Puck_191223_23,CCST,Kidney,0.16151654,0.266328899,0.369424777,0.427744218,0.232605516,0.31208161,0.266328899,36592.57573,10836.05659
498,Slideseq,Mouse Autosomal Dominant Polycystic Kidney Disease,Puck_191223_23,CellCharter,Kidney,0.152733933,0.307923552,0.274074127,0.509777356,0.350684263,0.274470529,0.307923552,244.9709562,955.9816321
499,Slideseq,Mouse Autosomal Dominant Polycystic Kidney Disease,Puck_191223_23,DeepST,Kidney,0.224660503,0.347741351,0.342672784,0.58897135,0.381585801,0.319810531,0.347741351,23318.60849,1453.117496
500,Slideseq,Mouse Autosomal Dominant Polycystic Kidney Disease,Puck_191223_23,GraphST,Kidney,0.227361862,0.351380984,0.345014463,0.576674146,0.392375901,0.318141934,0.351380984,17055.10828,101.1966351
501,Slideseq,Mouse Autosomal Dominant Polycystic Kidney Disease,Puck_191223_23,PRECAST,Kidney,0.144807728,0.257442581,0.261368704,0.552967857,0.298496984,0.226315771,0.257442581,1685.12,391.4672886
502,Slideseq,Mouse Autosomal Dominant Polycystic Kidney Disease,Puck_191223_23,SEDR,Kidney,0.197288427,0.341032033,0.316362725,0.56846738,0.383003672,0.307427109,0.341032033,16110.10412,132.4382194
503,Slideseq,Mouse Autosomal Dominant Polycystic Kidney Disease,Puck_191223_23,STAGATE,Kidney,0.162904696,0.314111677,0.283949544,0.535510873,0.356165336,0.280955774,0.314111677,370.1944122,198.2922743
504,Slideseq,Mouse Autosomal Dominant Polycystic Kidney Disease,Puck_191223_23,SpaGCN,Kidney,0.259994818,0.389484424,0.372884341,0.649767,0.431265132,0.355084089,0.389484424,10442.86407,5651.27047
505,Slideseq,Mouse Autosomal Dominant Polycystic Kidney Disease,Puck_191223_23,SpaceFlow,Kidney,0.125165073,0.265976695,0.243564838,0.492621678,0.30831719,0.233864456,0.265976695,476.9409334,276.8033525
506,Slideseq,Mouse Autosomal Dominant Polycystic Kidney Disease,Puck_191223_23,SpatialMGCN,Kidney,0.189785455,0.302624551,0.31953558,0.553287884,0.329037744,0.280136832,0.302624551,4863.119073,399.5970315
507,Slideseq,Mouse Autosomal Dominant Polycystic Kidney Disease,Puck_191223_23,stLearn,Kidney,0.29916628,0.453638241,0.408247152,0.6923369,0.515401134,0.405116151,0.453638241,3319.987653,15.19948559
508,Slideseq,Mouse Autosomal Dominant Polycystic Kidney Disease,Puck_191223_24,BASS,Kidney,0.34317559,0.490585266,0.458217981,0.705266263,0.537190211,0.451421358,0.490585266,7282.1,4640.282722
509,Slideseq,Mouse Autosomal Dominant Polycystic Kidney Disease,Puck_191223_24,Banksy,Kidney,0.242998997,0.390378492,0.375211614,0.594056848,0.418916262,0.365480892,0.390378492,3633.414289,127.4616998
510,Slideseq,Mouse Autosomal Dominant Polycystic Kidney Disease,Puck_191223_24,CCST,Kidney,0.172800496,0.253906817,0.380718197,0.461454492,0.221302477,0.298545556,0.253906817,50009.87656,14736.44359
511,Slideseq,Mouse Autosomal Dominant Polycystic Kidney Disease,Puck_191223_24,CellCharter,Kidney,0.147260285,0.300875459,0.272928714,0.553540345,0.355059424,0.261057617,0.300875459,262.000769,1138.772677
512,Slideseq,Mouse Autosomal Dominant Polycystic Kidney Disease,Puck_191223_24,DeepST,Kidney,0.199549409,0.330563314,0.327824445,0.59143679,0.36977881,0.299008591,0.330563314,28140.65013,1913.453543
513,Slideseq,Mouse Autosomal Dominant Polycystic Kidney Disease,Puck_191223_24,GraphST,Kidney,0.215477701,0.3538041,0.346691969,0.589135566,0.395111605,0.320316188,0.3538041,23199.0116,155.2121593
514,Slideseq,Mouse Autosomal Dominant Polycystic Kidney Disease,Puck_191223_24,PRECAST,Kidney,0.19153395,0.31864357,0.313965089,0.629686105,0.378071348,0.275360559,0.31864357,1953.42,468.3610514
515,Slideseq,Mouse Autosomal Dominant Polycystic Kidney Disease,Puck_191223_24,SEDR,Kidney,0.175227659,0.310089925,0.30916196,0.565666027,0.352803593,0.276854435,0.310089925,21305.23551,187.545871
516,Slideseq,Mouse Autosomal Dominant Polycystic Kidney Disease,Puck_191223_24,STAGATE,Kidney,0.162261692,0.306077633,0.289905845,0.553525594,0.355847585,0.268566295,0.306077633,432.6948544,243.7961847
517,Slideseq,Mouse Autosomal Dominant Polycystic Kidney Disease,Puck_191223_24,SpaGCN,Kidney,0.253125005,0.383893373,0.375469745,0.6623027,0.432728098,0.344963194,0.383893373,14137.00114,2894.242339
518,Slideseq,Mouse Autosomal Dominant Polycystic Kidney Disease,Puck_191223_24,SpaceFlow,Kidney,0.114760348,0.266143885,0.23975897,0.527186901,0.316887835,0.229432159,0.266143885,1186.101738,1771.222931
519,Slideseq,Mouse Autosomal Dominant Polycystic Kidney Disease,Puck_191223_24,SpatialMGCN,Kidney,0.210546458,0.341454517,0.334383666,0.613733589,0.399266075,0.298267067,0.341454517,6500.307549,380.5081921
520,Slideseq,Mouse Autosomal Dominant Polycystic Kidney Disease,Puck_191223_24,stLearn,Kidney,0.345694606,0.474575693,0.459718289,0.709485175,0.506006349,0.447071266,0.474575693,3883.540067,17.28299737
521,Slideseq,Mouse Autosomal Dominant Polycystic Kidney Disease,Puck_200102_09,BASS,Kidney,0.443851236,0.522008952,0.533867877,0.675230486,0.52042379,0.523603799,0.522008952,7113.8,3057.388676
522,Slideseq,Mouse Autosomal Dominant Polycystic Kidney Disease,Puck_200102_09,Banksy,Kidney,0.398885311,0.484686417,0.493703613,0.662210923,0.48587888,0.483499792,0.484686417,3319.405888,67.16227732
523,Slideseq,Mouse Autosomal Dominant Polycystic Kidney Disease,Puck_200102_09,CCST,Kidney,0.191321031,0.329186501,0.445082919,0.420405655,0.244252631,0.506715268,0.329186501,40610.96495,11883.79167
524,Slideseq,Mouse Autosomal Dominant Polycystic Kidney Disease,Puck_200102_09,CellCharter,Kidney,0.258696374,0.380648333,0.362674883,0.55699242,0.400692442,0.362546301,0.380648333,303.7628391,913.2239212
525,Slideseq,Mouse Autosomal Dominant Polycystic Kidney Disease,Puck_200102_09,DeepST,Kidney,0.341640152,0.422956365,0.44718123,0.592427781,0.411306711,0.435640271,0.422956365,24999.73295,1737.246963
526,Slideseq,Mouse Autosomal Dominant Polycystic Kidney Disease,Puck_200102_09,GraphST,Kidney,0.353490395,0.419763916,0.455513811,0.612415489,0.42463339,0.415004858,0.419763916,18900.47469,92.4683105
527,Slideseq,Mouse Autosomal Dominant Polycystic Kidney Disease,Puck_200102_09,PRECAST,Kidney,0.208213528,0.299069093,0.319199205,0.535124222,0.313280395,0.286091173,0.299069093,1757.9,316.2199328
528,Slideseq,Mouse Autosomal Dominant Polycystic Kidney Disease,Puck_200102_09,SEDR,Kidney,0.275306234,0.39533892,0.400955375,0.563204261,0.39216329,0.399338319,0.39533892,17691.6421,166.4262272
529,Slideseq,Mouse Autosomal Dominant Polycystic Kidney Disease,Puck_200102_09,STAGATE,Kidney,0.236107159,0.368701978,0.349475713,0.546437205,0.381671523,0.356690304,0.368701978,408.2372059,194.3807862
530,Slideseq,Mouse Autosomal Dominant Polycystic Kidney Disease,Puck_200102_09,SpaGCN,Kidney,0.389790974,0.456745632,0.480120124,0.651833641,0.465738876,0.448093121,0.456745632,11490.20684,2009.781561
531,Slideseq,Mouse Autosomal Dominant Polycystic Kidney Disease,Puck_200102_09,SpaceFlow,Kidney,0.182747492,0.326786209,0.297914074,0.498791231,0.341321874,0.313458314,0.326786209,511.5273756,299.4865334
532,Slideseq,Mouse Autosomal Dominant Polycystic Kidney Disease,Puck_200102_09,SpatialMGCN,Kidney,0.310154313,0.430987266,0.414180593,0.597623438,0.442848818,0.419744554,0.430987266,5379.260259,299.1992115
533,Slideseq,Mouse Autosomal Dominant Polycystic Kidney Disease,Puck_200102_09,stLearn,Kidney,0.35828899,0.470277473,0.458578281,0.638139725,0.461956545,0.479728391,0.470277473,3582.893439,16.91221313
534,Slideseq,Mouse Autosomal Dominant Polycystic Kidney Disease,Puck_200104_06,BASS,Kidney,0.339881558,0.45646477,0.453408493,0.692097433,0.498831285,0.4207314,0.45646477,7774.88,4050.634187
535,Slideseq,Mouse Autosomal Dominant Polycystic Kidney Disease,Puck_200104_06,Banksy,Kidney,0.275805127,0.392104124,0.400975702,0.611399681,0.416852647,0.370129549,0.392104124,3846.568942,84.86842256
536,Slideseq,Mouse Autosomal Dominant Polycystic Kidney Disease,Puck_200104_06,CCST,Kidney,0.139508868,0.238137668,0.311037004,0.478589717,0.236016196,0.240400548,0.238137668,56601.93229,16558.70189
537,Slideseq,Mouse Autosomal Dominant Polycystic Kidney Disease,Puck_200104_06,CellCharter,Kidney,0.161743123,0.299284192,0.290978599,0.551311328,0.337671345,0.268782426,0.299284192,269.2569721,1347.636962
538,Slideseq,Mouse Autosomal Dominant Polycystic Kidney Disease,Puck_200104_06,DeepST,Kidney,0.221285307,0.352375571,0.351608026,0.593723618,0.374251206,0.333144946,0.352375571,29940.76204,2255.357955
539,Slideseq,Mouse Autosomal Dominant Polycystic Kidney Disease,Puck_200104_06,GraphST,Kidney,0.240895901,0.350649841,0.365359718,0.610372985,0.389526938,0.318828833,0.350649841,26297.59126,130.5359756
540,Slideseq,Mouse Autosomal Dominant Polycystic Kidney Disease,Puck_200104_06,PRECAST,Kidney,0.227588334,0.298904601,0.349485092,0.623974587,0.337267163,0.268377874,0.298904601,2056.66,426.54482
541,Slideseq,Mouse Autosomal Dominant Polycystic Kidney Disease,Puck_200104_06,SEDR,Kidney,0.240191381,0.357110651,0.369190824,0.606843817,0.381892825,0.335412382,0.357110651,23801.34806,185.9561088
542,Slideseq,Mouse Autosomal Dominant Polycystic Kidney Disease,Puck_200104_06,STAGATE,Kidney,0.16854435,0.307901251,0.297128539,0.564791364,0.347881398,0.276176768,0.307901251,462.5608896,274.3807394
543,Slideseq,Mouse Autosomal Dominant Polycystic Kidney Disease,Puck_200104_06,SpaGCN,Kidney,0.275691716,0.385395148,0.395157238,0.651477406,0.423644128,0.3534809,0.385395148,16127.68172,3373.998072
544,Slideseq,Mouse Autosomal Dominant Polycystic Kidney Disease,Puck_200104_06,SpaceFlow,Kidney,0.149324051,0.292596374,0.27517339,0.556425161,0.336231491,0.258991076,0.292596374,488.6462872,350.8496964
545,Slideseq,Mouse Autosomal Dominant Polycystic Kidney Disease,Puck_200104_06,SpatialMGCN,Kidney,0.221017124,0.342894021,0.345780101,0.630509999,0.383836159,0.309844275,0.342894021,7334.801657,390.5926258
546,Slideseq,Mouse Autosomal Dominant Polycystic Kidney Disease,Puck_200104_06,stLearn,Kidney,0.301780432,0.450972011,0.418314891,0.708040966,0.498844291,0.411651222,0.450972011,4099.505711,22.08186407
547,Slideseq,Mouse Autosomal Dominant Polycystic Kidney Disease,Puck_200104_07,BASS,Kidney,0.307442002,0.442427018,0.419031368,0.629942608,0.45990756,0.426226648,0.442427018,8009.76,3192.015376
548,Slideseq,Mouse Autosomal Dominant Polycystic Kidney Disease,Puck_200104_07,Banksy,Kidney,0.244804329,0.371845435,0.366427561,0.546248987,0.383785674,0.360625742,0.371845435,3799.436376,91.2431612
549,Slideseq,Mouse Autosomal Dominant Polycystic Kidney Disease,Puck_200104_07,CCST,Kidney,0.147563574,0.242976236,0.322760804,0.42573853,0.223486879,0.266617443,0.242976236,54925.02818,16624.62201
550,Slideseq,Mouse Autosomal Dominant Polycystic Kidney Disease,Puck_200104_07,CellCharter,Kidney,0.134591182,0.268724025,0.255986719,0.442787226,0.293975552,0.247499196,0.268724025,258.8097174,1218.173572
551,Slideseq,Mouse Autosomal Dominant Polycystic Kidney Disease,Puck_200104_07,DeepST,Kidney,0.190674997,0.317755547,0.313483706,0.512362241,0.33026796,0.306628912,0.317755547,29503.85929,2190.262204
552,Slideseq,Mouse Autosomal Dominant Polycystic Kidney Disease,Puck_200104_07,GraphST,Kidney,0.185879216,0.312780342,0.303368336,0.503292138,0.339458704,0.289989787,0.312780342,25403.2207,166.2265261
553,Slideseq,Mouse Autosomal Dominant Polycystic Kidney Disease,Puck_200104_07,PRECAST,Kidney,0.177655288,0.291787567,0.290792447,0.532834225,0.321741349,0.266936097,0.291787567,2018.7,420.9812775
554,Slideseq,Mouse Autosomal Dominant Polycystic Kidney Disease,Puck_200104_07,SEDR,Kidney,0.172321963,0.303107284,0.298518713,0.491461568,0.319701973,0.2881812,0.303107284,23101.56566,199.100245
555,Slideseq,Mouse Autosomal Dominant Polycystic Kidney Disease,Puck_200104_07,STAGATE,Kidney,0.136627169,0.2715787,0.261188917,0.474004436,0.293707447,0.252559288,0.2715787,449.8696877,287.7086754
556,Slideseq,Mouse Autosomal Dominant Polycystic Kidney Disease,Puck_200104_07,SpaGCN,Kidney,0.207536603,0.32553449,0.321482111,0.551107355,0.351168714,0.303388103,0.32553449,15493.93064,2239.464654
557,Slideseq,Mouse Autosomal Dominant Polycystic Kidney Disease,Puck_200104_07,SpaceFlow,Kidney,0.123368925,0.256910588,0.242949163,0.457786698,0.28250937,0.235569418,0.256910588,540.5381693,397.3186169
558,Slideseq,Mouse Autosomal Dominant Polycystic Kidney Disease,Puck_200104_07,SpatialMGCN,Kidney,0.20159315,0.326931597,0.316767243,0.532375621,0.356146511,0.302146348,0.326931597,7096.559928,372.0420076
559,Slideseq,Mouse Autosomal Dominant Polycystic Kidney Disease,Puck_200104_07,stLearn,Kidney,0.290619473,0.430521533,0.396004829,0.649871483,0.461697374,0.403366086,0.430521533,4038.533465,18.66596031
560,Slideseq,Mouse Autosomal Dominant Polycystic Kidney Disease,Puck_200104_09,BASS,Kidney,0.419007106,0.504448591,0.520477557,0.731904383,0.554910602,0.462399298,0.504448591,6683.6,2174.377322
561,Slideseq,Mouse Autosomal Dominant Polycystic Kidney Disease,Puck_200104_09,Banksy,Kidney,0.298975144,0.405478572,0.421171716,0.616232759,0.420685475,0.39133271,0.405478572,3271.818175,93.31466599
562,Slideseq,Mouse Autosomal Dominant Polycystic Kidney Disease,Puck_200104_09,CCST,Kidney,0.147583944,0.240630965,0.324579801,0.483334031,0.230053126,0.252641709,0.240630965,39125.09702,11454.53311
563,Slideseq,Mouse Autosomal Dominant Polycystic Kidney Disease,Puck_200104_09,CellCharter,Kidney,0.17186433,0.313716631,0.295893375,0.528312471,0.359052263,0.278563418,0.313716631,289.1213791,936.6211928
564,Slideseq,Mouse Autosomal Dominant Polycystic Kidney Disease,Puck_200104_09,DeepST,Kidney,0.224259475,0.34038049,0.38355268,0.537849039,0.320170662,0.365940466,0.34038049,24212.7792,1752.5569
565,Slideseq,Mouse Autosomal Dominant Polycystic Kidney Disease,Puck_200104_09,GraphST,Kidney,0.248426595,0.354891509,0.368905865,0.584920668,0.39824671,0.320049286,0.354891509,18113.59807,94.18850055
566,Slideseq,Mouse Autosomal Dominant Polycystic Kidney Disease,Puck_200104_09,PRECAST,Kidney,0.23447557,0.346970611,0.353174954,0.654767954,0.393144556,0.31050276,0.346970611,1733.02,391.6068286
567,Slideseq,Mouse Autosomal Dominant Polycystic Kidney Disease,Puck_200104_09,SEDR,Kidney,0.195327295,0.331774193,0.323715562,0.564323691,0.362966425,0.305551842,0.331774193,17001.298,129.5832514
568,Slideseq,Mouse Autosomal Dominant Polycystic Kidney Disease,Puck_200104_09,STAGATE,Kidney,0.174665749,0.321276579,0.299260312,0.561351363,0.364976586,0.286965704,0.321276579,392.269499,203.0425293
569,Slideseq,Mouse Autosomal Dominant Polycystic Kidney Disease,Puck_200104_09,SpaGCN,Kidney,0.268534037,0.416952564,0.387010883,0.669778541,0.457856001,0.382758137,0.416952564,11005.26894,2099.314109
570,Slideseq,Mouse Autosomal Dominant Polycystic Kidney Disease,Puck_200104_09,SpaceFlow,Kidney,0.142422286,0.29023203,0.265840369,0.536459162,0.335694916,0.255617009,0.29023203,449.1091198,229.1692726
571,Slideseq,Mouse Autosomal Dominant Polycystic Kidney Disease,Puck_200104_09,SpatialMGCN,Kidney,0.273249942,0.37341141,0.390347258,0.628877632,0.421349765,0.335266978,0.37341141,5167.191461,334.8526676
572,Slideseq,Mouse Autosomal Dominant Polycystic Kidney Disease,Puck_200104_09,stLearn,Kidney,0.432429809,0.48405435,0.540226525,0.671587056,0.465433511,0.505211701,0.48405435,3475.044339,15.41746483
573,Slideseq,Mouse Autosomal Dominant Polycystic Kidney Disease,Puck_200104_10,BASS,Kidney,0.257118816,0.428374232,0.409280905,0.691011695,0.480774123,0.386273975,0.428374232,7107.88,3249.176771
574,Slideseq,Mouse Autosomal Dominant Polycystic Kidney Disease,Puck_200104_10,Banksy,Kidney,0.214030745,0.361048112,0.376739622,0.625102342,0.394060537,0.333139359,0.361048112,3137.391929,75.45872111
575,Slideseq,Mouse Autosomal Dominant Polycystic Kidney Disease,Puck_200104_10,CCST,Kidney,0.112325839,0.208105529,0.326309942,0.50652654,0.203171073,0.213576307,0.208105529,40542.79174,11935.2777
576,Slideseq,Mouse Autosomal Dominant Polycystic Kidney Disease,Puck_200104_10,CellCharter,Kidney,0.107262133,0.258955937,0.261765032,0.558681606,0.308723579,0.223030682,0.258955937,141.5955246,767.3702202
577,Slideseq,Mouse Autosomal Dominant Polycystic Kidney Disease,Puck_200104_10,DeepST,Kidney,0.15580073,0.288709752,0.32625947,0.575897604,0.311598449,0.27000757,0.288709752,23772.03829,1756.41184
578,Slideseq,Mouse Autosomal Dominant Polycystic Kidney Disease,Puck_200104_10,GraphST,Kidney,0.155721096,0.31873459,0.314167905,0.588451787,0.371479522,0.279105487,0.31873459,18885.16194,114.4505297
579,Slideseq,Mouse Autosomal Dominant Polycystic Kidney Disease,Puck_200104_10,PRECAST,Kidney,0.109840093,0.191877336,0.271316101,0.587743037,0.221996061,0.168954838,0.191877336,1748.4,386.1821669
580,Slideseq,Mouse Autosomal Dominant Polycystic Kidney Disease,Puck_200104_10,SEDR,Kidney,0.125242974,0.276579596,0.285608106,0.576862681,0.318629707,0.244340633,0.276579596,17506.42428,136.0073794
581,Slideseq,Mouse Autosomal Dominant Polycystic Kidney Disease,Puck_200104_10,STAGATE,Kidney,0.145645041,0.292584233,0.303011457,0.582726752,0.340535346,0.256493081,0.292584233,362.0194851,228.8300885
582,Slideseq,Mouse Autosomal Dominant Polycystic Kidney Disease,Puck_200104_10,SpaGCN,Kidney,0.17828718,0.318181828,0.34061783,0.641326572,0.351528798,0.290613452,0.318181828,11497.10396,2247.415608
583,Slideseq,Mouse Autosomal Dominant Polycystic Kidney Disease,Puck_200104_10,SpaceFlow,Kidney,0.09261566,0.259494459,0.241432728,0.565494398,0.315077286,0.220589017,0.259494459,542.7613916,494.0257598
584,Slideseq,Mouse Autosomal Dominant Polycystic Kidney Disease,Puck_200104_10,SpatialMGCN,Kidney,0.15918361,0.292741547,0.322850145,0.609838881,0.333066025,0.26112679,0.292741547,5347.690668,335.7850632
585,Slideseq,Mouse Autosomal Dominant Polycystic Kidney Disease,Puck_200104_10,stLearn,Kidney,0.302050393,0.444627952,0.445807993,0.734325673,0.492267343,0.405452567,0.444627952,3220.984684,20.73153281
586,Slideseq,Mouse Autosomal Dominant Polycystic Kidney Disease,Puck_200104_14,BASS,Kidney,0.297898285,0.405818836,0.407988866,0.602192791,0.422195794,0.390664958,0.405818836,5835.14,2221.721885
587,Slideseq,Mouse Autosomal Dominant Polycystic Kidney Disease,Puck_200104_14,Banksy,Kidney,0.351791453,0.419779237,0.469558732,0.592583604,0.406093443,0.434419655,0.419779237,2835.906758,60.37570806
588,Slideseq,Mouse Autosomal Dominant Polycystic Kidney Disease,Puck_200104_14,CCST,Kidney,0.188189133,0.286431036,0.405015696,0.409236889,0.23711819,0.362008445,0.286431036,29075.64391,8554.615787
589,Slideseq,Mouse Autosomal Dominant Polycystic Kidney Disease,Puck_200104_14,CellCharter,Kidney,0.171592906,0.289391875,0.293852157,0.478057537,0.30624637,0.274328649,0.289391875,231.2602819,788.8956676
590,Slideseq,Mouse Autosomal Dominant Polycystic Kidney Disease,Puck_200104_14,DeepST,Kidney,0.26877569,0.350133885,0.394166829,0.539116092,0.340385604,0.361594798,0.350133885,19992.22512,1424.63182
591,Slideseq,Mouse Autosomal Dominant Polycystic Kidney Disease,Puck_200104_14,GraphST,Kidney,0.237113845,0.347545046,0.352730929,0.559404259,0.365800968,0.331024694,0.347545046,13560.1412,77.15124664
592,Slideseq,Mouse Autosomal Dominant Polycystic Kidney Disease,Puck_200104_14,PRECAST,Kidney,0.171824712,0.2347742,0.296713385,0.490539285,0.247197353,0.223539972,0.2347742,1504.88,260.5356309
593,Slideseq,Mouse Autosomal Dominant Polycystic Kidney Disease,Puck_200104_14,SEDR,Kidney,0.220959581,0.326094309,0.352151424,0.523640421,0.329673915,0.322812552,0.326094309,13049.79557,110.1324425
594,Slideseq,Mouse Autosomal Dominant Polycystic Kidney Disease,Puck_200104_14,STAGATE,Kidney,0.206662021,0.313867677,0.327451115,0.530403144,0.3288486,0.300213147,0.313867677,328.3409758,179.5671765
595,Slideseq,Mouse Autosomal Dominant Polycystic Kidney Disease,Puck_200104_14,SpaGCN,Kidney,0.312708027,0.372721819,0.425216068,0.573036433,0.376877424,0.368656858,0.372721819,8285.133121,1376.202488
596,Slideseq,Mouse Autosomal Dominant Polycystic Kidney Disease,Puck_200104_14,SpaceFlow,Kidney,0.165055302,0.284220908,0.28741932,0.472274778,0.300260847,0.269810659,0.284220908,441.1659433,218.5845564
597,Slideseq,Mouse Autosomal Dominant Polycystic Kidney Disease,Puck_200104_14,SpatialMGCN,Kidney,0.225447328,0.333998244,0.341777243,0.540435647,0.351758324,0.317945362,0.333998244,3937.671208,220.7828014
598,Slideseq,Mouse Autosomal Dominant Polycystic Kidney Disease,Puck_200104_14,stLearn,Kidney,0.293306573,0.382451231,0.412866859,0.565798283,0.373036133,0.393221557,0.382451231,2891.009949,12.14573965
599,Slideseq,Mouse Diabetic Kidney Disease,Puck_191109_14,BASS,Kidney,0.133980397,0.201585078,0.38020707,0.642177493,0.23926565,0.174157945,0.201585078,6032.32,1194.320635
600,Slideseq,Mouse Diabetic Kidney Disease,Puck_191109_14,Banksy,Kidney,0.092618209,0.130296975,0.437355596,0.597654505,0.12614659,0.135319591,0.130296975,1380.917889,42.61210442
601,Slideseq,Mouse Diabetic Kidney Disease,Puck_191109_14,CCST,Kidney,-0.049620569,0.012965817,0.475335249,0.584464776,0.009741066,0.019647243,0.012965817,8323.553833,2498.256579
602,Slideseq,Mouse Diabetic Kidney Disease,Puck_191109_14,CellCharter,Kidney,0.036366211,0.104238769,0.249850493,0.585654163,0.137149473,0.084092017,0.104238769,52.00257378,272.9030814
603,Slideseq,Mouse Diabetic Kidney Disease,Puck_191109_14,DeepST,Kidney,0.020912662,0.076637625,0.245798633,0.584263495,0.097502014,0.063226515,0.076637625,8966.146618,596.9642689
604,Slideseq,Mouse Diabetic Kidney Disease,Puck_191109_14,GraphST,Kidney,0.0305294,0.140179803,0.236839893,0.587648673,0.189452804,0.111246694,0.140179803,3920.78525,36.37615609
605,Slideseq,Mouse Diabetic Kidney Disease,Puck_191109_14,PRECAST,Kidney,-0.00122058,0.018270686,0.19749179,0.568793236,0.02442983,0.01459185,0.018270686,834,161.288727
606,Slideseq,Mouse Diabetic Kidney Disease,Puck_191109_14,SEDR,Kidney,0.096375255,0.099167761,0.441971173,0.586660567,0.099788154,0.099374183,0.099167761,4329.935496,60.09180579
607,Slideseq,Mouse Diabetic Kidney Disease,Puck_191109_14,STAGATE,Kidney,0.07898476,0.138180917,0.332759455,0.615590119,0.172157999,0.115418115,0.138180917,150.7296755,110.0494117
608,Slideseq,Mouse Diabetic Kidney Disease,Puck_191109_14,SpaGCN,Kidney,0.030611452,0.099285271,0.2496377,0.597529735,0.129710952,0.080421242,0.099285271,2822.214798,362.8461037
609,Slideseq,Mouse Diabetic Kidney Disease,Puck_191109_14,SpaceFlow,Kidney,0.022990474,0.096894027,0.22812951,0.591930467,0.130437624,0.077083183,0.096894027,279.7471912,130.0722522
610,Slideseq,Mouse Diabetic Kidney Disease,Puck_191109_14,SpatialMGCN,Kidney,0.015308936,0.07257934,0.228640565,0.586550778,0.096462941,0.05817547,0.07257934,1515.160449,121.64664
611,Slideseq,Mouse Diabetic Kidney Disease,Puck_191109_14,stLearn,Kidney,0.118569263,0.15898724,0.396586084,0.608801464,0.166747973,0.152081554,0.15898724,1222.389735,6.260214043
612,Slideseq,Mouse Diabetic Kidney Disease,Puck_191109_18,BASS,Kidney,0.161564652,0.227634706,0.424258054,0.660233989,0.243385146,0.213798911,0.227634706,5016.92,2304.328575
613,Slideseq,Mouse Diabetic Kidney Disease,Puck_191109_18,Banksy,Kidney,0.074706838,0.180733689,0.395783509,0.565023517,0.184493092,0.177124436,0.180733689,2036.054746,73.34169254
614,Slideseq,Mouse Diabetic Kidney Disease,Puck_191109_18,CCST,Kidney,0.039549616,0.094722792,0.304303984,0.568857798,0.107030846,0.084982754,0.094722792,18648.0428,5710.42785
615,Slideseq,Mouse Diabetic Kidney Disease,Puck_191109_18,CellCharter,Kidney,0.036873796,0.127664472,0.237217243,0.575370884,0.171058362,0.101854055,0.127664472,50.60972176,479.2078904
616,Slideseq,Mouse Diabetic Kidney Disease,Puck_191109_18,DeepST,Kidney,0.035202081,0.118830339,0.255608125,0.562670365,0.148714299,0.099037938,0.118830339,13694.62464,962.3761803
617,Slideseq,Mouse Diabetic Kidney Disease,Puck_191109_18,GraphST,Kidney,0.064587117,0.167763583,0.285911534,0.585333494,0.219795915,0.135650914,0.167763583,8795.513282,61.51229005
618,Slideseq,Mouse Diabetic Kidney Disease,Puck_191109_18,PRECAST,Kidney,0.027261075,0.072982168,0.230800748,0.573196887,0.098621357,0.057923457,0.072982168,1226.74,255.1470817
619,Slideseq,Mouse Diabetic Kidney Disease,Puck_191109_18,SEDR,Kidney,0.034667846,0.130746928,0.311733854,0.560656133,0.152621814,0.114356665,0.130746928,8598.828968,108.1314091
620,Slideseq,Mouse Diabetic Kidney Disease,Puck_191109_18,STAGATE,Kidney,0.058183297,0.13844508,0.280064936,0.591786274,0.180209426,0.112399791,0.13844508,222.3973572,163.6583278
621,Slideseq,Mouse Diabetic Kidney Disease,Puck_191109_18,SpaGCN,Kidney,0.037801642,0.099548024,0.262456694,0.57514172,0.125054675,0.082683556,0.099548024,5266.903395,1084.786217
622,Slideseq,Mouse Diabetic Kidney Disease,Puck_191109_18,SpaceFlow,Kidney,0.025502765,0.119854068,0.209728791,0.563574961,0.167618346,0.093278117,0.119854068,517.4930826,423.9262852
623,Slideseq,Mouse Diabetic Kidney Disease,Puck_191109_18,SpatialMGCN,Kidney,0.013969681,0.09028828,0.203743471,0.55379327,0.125097542,0.070633904,0.09028828,2613.877312,163.520995
624,Slideseq,Mouse Diabetic Kidney Disease,Puck_191109_18,stLearn,Kidney,0.079009631,0.156133625,0.338548188,0.580870824,0.17603178,0.140588287,0.156133625,1762.610082,8.97174077
625,Slideseq,Mouse Diabetic Kidney Disease,Puck_191109_19,BASS,Kidney,0.068971977,0.148956067,0.28103833,0.461797355,0.147388655,0.150557175,0.148956067,4651.14,2193.318279
626,Slideseq,Mouse Diabetic Kidney Disease,Puck_191109_19,Banksy,Kidney,0.070755753,0.147510633,0.315641869,0.445051317,0.13667271,0.160215458,0.147510633,2066.494295,80.84228935
627,Slideseq,Mouse Diabetic Kidney Disease,Puck_191109_19,CCST,Kidney,0.017954048,0.058720684,0.218779756,0.416001417,0.06093199,0.056666887,0.058720684,19614.14614,5836.495288
628,Slideseq,Mouse Diabetic Kidney Disease,Puck_191109_19,CellCharter,Kidney,0.027906832,0.092575676,0.187935512,0.425,0.107054483,0.0815531,0.092575676,51.60759144,356.1155087
629,Slideseq,Mouse Diabetic Kidney Disease,Puck_191109_19,DeepST,Kidney,0.024965979,0.082472525,0.212565443,0.415977799,0.086359083,0.079034176,0.082472525,14279.952,1066.263509
630,Slideseq,Mouse Diabetic Kidney Disease,Puck_191109_19,GraphST,Kidney,0.046583079,0.122805067,0.23221407,0.43516769,0.13725869,0.111105435,0.122805067,9166.286012,91.45876346
631,Slideseq,Mouse Diabetic Kidney Disease,Puck_191109_19,PRECAST,Kidney,0.011363883,0.041693814,0.161867723,0.421957991,0.049526846,0.036000131,0.041693814,1247,265.4348588
632,Slideseq,Mouse Diabetic Kidney Disease,Puck_191109_19,SEDR,Kidney,0.018772247,0.060089122,0.24119201,0.415918753,0.059343921,0.062808534,0.060089122,8969.020749,84.57247133
633,Slideseq,Mouse Diabetic Kidney Disease,Puck_191109_19,STAGATE,Kidney,0.020324379,0.082266058,0.205501724,0.429038734,0.092679174,0.074085916,0.082266058,226.9502272,147.2147638
634,Slideseq,Mouse Diabetic Kidney Disease,Puck_191109_19,SpaGCN,Kidney,0.007141083,0.023541854,0.219717909,0.422531885,0.023792081,0.023296836,0.023541854,5499.49896,1052.625894
635,Slideseq,Mouse Diabetic Kidney Disease,Puck_191109_19,SpaceFlow,Kidney,0.021651923,0.087533572,0.169057941,0.422484648,0.104528219,0.075308906,0.087533572,431.6629293,339.0523557
636,Slideseq,Mouse Diabetic Kidney Disease,Puck_191109_19,SpatialMGCN,Kidney,0.007163223,0.024897701,0.160358824,0.416863486,0.029123449,0.02174286,0.024897701,2715.088543,165.8298897
637,Slideseq,Mouse Diabetic Kidney Disease,Puck_191109_19,stLearn,Kidney,0.037080745,0.089919056,0.257556487,0.416131318,0.086049003,0.094270845,0.089919056,1821.642847,9.600276184
638,Slideseq,Mouse Diabetic Kidney Disease,Puck_191109_20,BASS,Kidney,0.05313374,0.131849958,0.275802204,0.394833029,0.125111888,0.139355116,0.131849958,3458.66,1654.315715
639,Slideseq,Mouse Diabetic Kidney Disease,Puck_191109_20,Banksy,Kidney,0.068745699,0.140184737,0.288728758,0.397670266,0.133421966,0.147669683,0.140184737,1479.39001,59.93253369
640,Slideseq,Mouse Diabetic Kidney Disease,Puck_191109_20,CCST,Kidney,0.003956145,0.034474663,0.294436625,0.368416681,0.028750498,0.043166738,0.034474663,10021.33372,3022.347144
641,Slideseq,Mouse Diabetic Kidney Disease,Puck_191109_20,CellCharter,Kidney,0.029317944,0.091125987,0.184265243,0.370310683,0.102482541,0.082047655,0.091125987,40.82183437,334.5137907
642,Slideseq,Mouse Diabetic Kidney Disease,Puck_191109_20,DeepST,Kidney,0.028665677,0.090061468,0.188161414,0.370210999,0.098213905,0.083216032,0.090061468,9431.678478,642.4203807
643,Slideseq,Mouse Diabetic Kidney Disease,Puck_191109_20,GraphST,Kidney,0.04921532,0.136865441,0.201759916,0.398488121,0.155194334,0.122408632,0.136865441,4716.464024,49.25755477
644,Slideseq,Mouse Diabetic Kidney Disease,Puck_191109_20,PRECAST,Kidney,0.009768447,0.023403414,0.152183655,0.364220262,0.027217365,0.020526982,0.023403414,906.1,189.0527503
645,Slideseq,Mouse Diabetic Kidney Disease,Puck_191109_20,SEDR,Kidney,0.035999685,0.0876462,0.305675029,0.36956305,0.075982806,0.104095442,0.0876462,4968.119265,78.42619658
646,Slideseq,Mouse Diabetic Kidney Disease,Puck_191109_20,STAGATE,Kidney,0.041088195,0.100723697,0.239887461,0.391958797,0.105721195,0.096599855,0.100723697,158.3487131,110.2706132
647,Slideseq,Mouse Diabetic Kidney Disease,Puck_191109_20,SpaGCN,Kidney,0.030256128,0.066852822,0.190025058,0.376059146,0.073241611,0.061489186,0.066852822,2956.235707,559.8374752
648,Slideseq,Mouse Diabetic Kidney Disease,Puck_191109_20,SpaceFlow,Kidney,0.022406832,0.089826318,0.159722767,0.36878219,0.105900075,0.077993133,0.089826318,361.8944271,247.5169209
649,Slideseq,Mouse Diabetic Kidney Disease,Puck_191109_20,SpatialMGCN,Kidney,0.018057108,0.064212966,0.180263352,0.374979232,0.071419799,0.058327275,0.064212966,1690.6819,125.113273
650,Slideseq,Mouse Diabetic Kidney Disease,Puck_191109_20,stLearn,Kidney,0.060606485,0.121575095,0.263101382,0.393437448,0.118140414,0.125452499,0.121575095,1233.386418,6.904492569
651,Slideseq,Mouse Diabetic Kidney Disease,Puck_191112_08,BASS,Kidney,0.051855289,0.110933423,0.363805964,0.484931114,0.095197433,0.132901905,0.110933423,2471.46,1019.374334
652,Slideseq,Mouse Diabetic Kidney Disease,Puck_191112_08,Banksy,Kidney,0.038037097,0.099245418,0.411936179,0.474504464,0.083368735,0.122591693,0.099245418,863.6421774,33.40903506
653,Slideseq,Mouse Diabetic Kidney Disease,Puck_191112_08,CCST,Kidney,-0.016490385,0.007709791,0.392021592,0.445694604,0.005819378,0.011459511,0.007709791,3508.87906,1074.106977
654,Slideseq,Mouse Diabetic Kidney Disease,Puck_191112_08,CellCharter,Kidney,0.0353549,0.076120658,0.225460107,0.46380597,0.088834997,0.066595701,0.076120658,36.25840912,115.7962263
655,Slideseq,Mouse Diabetic Kidney Disease,Puck_191112_08,DeepST,Kidney,0.036383876,0.07827523,0.280938975,0.463547646,0.078328985,0.078368231,0.07827523,5458.916684,399.083205
656,Slideseq,Mouse Diabetic Kidney Disease,Puck_191112_08,GraphST,Kidney,0.033463141,0.103344901,0.199582246,0.484931114,0.126285211,0.087457778,0.103344901,1656.508798,44.73363523
657,Slideseq,Mouse Diabetic Kidney Disease,Puck_191112_08,PRECAST,Kidney,0.027696142,0.067099985,0.232569564,0.482938459,0.077676472,0.059058531,0.067099985,528.7,90.80788646
658,Slideseq,Mouse Diabetic Kidney Disease,Puck_191112_08,SEDR,Kidney,0.026160676,0.083000337,0.241321385,0.476061998,0.090494485,0.076680671,0.083000337,2114.23319,43.36688447
659,Slideseq,Mouse Diabetic Kidney Disease,Puck_191112_08,STAGATE,Kidney,0.030813879,0.082872722,0.244986276,0.488949483,0.093464723,0.074590229,0.082872722,565.4113516,70.79901762
660,Slideseq,Mouse Diabetic Kidney Disease,Puck_191112_08,SpaGCN,Kidney,0.020290614,0.053071265,0.197349539,0.460390356,0.062852405,0.045924464,0.053071265,1577.129145,208.605778
661,Slideseq,Mouse Diabetic Kidney Disease,Puck_191112_08,SpaceFlow,Kidney,0.018785721,0.066685845,0.181177932,0.458524684,0.082197488,0.056100894,0.066685845,602.8698593,69.81023278
662,Slideseq,Mouse Diabetic Kidney Disease,Puck_191112_08,SpatialMGCN,Kidney,0.019097324,0.051139811,0.307609859,0.472876005,0.047812719,0.05496457,0.051139811,648.8394766,88.21543951
663,Slideseq,Mouse Diabetic Kidney Disease,Puck_191112_08,stLearn,Kidney,0.060934722,0.104563392,0.322955806,0.477554535,0.098101811,0.112025299,0.104563392,727.9944227,4.194229078
664,Slideseq,Mouse Diabetic Kidney Disease,Puck_191204_03,BASS,Kidney,0.172536703,0.341028989,0.32142173,0.601176595,0.392549065,0.30146344,0.341028989,5424.78,2283.798515
665,Slideseq,Mouse Diabetic Kidney Disease,Puck_191204_03,Banksy,Kidney,0.165429893,0.291333495,0.319911348,0.56265971,0.325956726,0.263359376,0.291333495,2559.832075,55.29329615
666,Slideseq,Mouse Diabetic Kidney Disease,Puck_191204_03,CCST,Kidney,0.137644427,0.21642659,0.310124374,0.468200127,0.226913959,0.206980872,0.21642659,24569.80297,7215.105469
667,Slideseq,Mouse Diabetic Kidney Disease,Puck_191204_03,CellCharter,Kidney,0.131764328,0.255306052,0.269431427,0.549215603,0.314141747,0.215049116,0.255306052,209.6340479,723.5322666
668,Slideseq,Mouse Diabetic Kidney Disease,Puck_191204_03,DeepST,Kidney,0.130969817,0.23646941,0.282536855,0.506328175,0.270435908,0.210316168,0.23646941,18435.48441,1124.464942
669,Slideseq,Mouse Diabetic Kidney Disease,Puck_191204_03,GraphST,Kidney,0.150836616,0.26824296,0.2922788,0.566620734,0.321134381,0.230310414,0.26824296,11407.15486,67.2388948
670,Slideseq,Mouse Diabetic Kidney Disease,Puck_191204_03,PRECAST,Kidney,0.132675995,0.254548055,0.267355776,0.559506334,0.315932079,0.213136666,0.254548055,1379.06,309.2807433
671,Slideseq,Mouse Diabetic Kidney Disease,Puck_191204_03,SEDR,Kidney,0.125578063,0.221047416,0.280488124,0.471793513,0.251567662,0.197416704,0.221047416,11267.11166,118.5661263
672,Slideseq,Mouse Diabetic Kidney Disease,Puck_191204_03,STAGATE,Kidney,0.115022496,0.244832332,0.257215086,0.535552258,0.295561187,0.2089751,0.244832332,296.8455441,157.5772701
673,Slideseq,Mouse Diabetic Kidney Disease,Puck_191204_03,SpaGCN,Kidney,0.155871597,0.255160356,0.294015857,0.562327751,0.310916122,0.216360923,0.255160356,6924.365046,1497.336288
674,Slideseq,Mouse Diabetic Kidney Disease,Puck_191204_03,SpaceFlow,Kidney,0.076236022,0.19228478,0.210519232,0.495908416,0.240326497,0.160253166,0.19228478,572.5527164,398.6154522
675,Slideseq,Mouse Diabetic Kidney Disease,Puck_191204_03,SpatialMGCN,Kidney,0.116412785,0.231139977,0.255008272,0.525227899,0.284761186,0.194512761,0.231139977,3351.461364,195.8109043
676,Slideseq,Mouse Diabetic Kidney Disease,Puck_191204_03,stLearn,Kidney,0.196861014,0.317371665,0.349677003,0.560737757,0.342534779,0.295981959,0.317371665,2528.845843,10.95658932
677,Slideseq,Mouse Diabetic Kidney Disease,Puck_191204_04,BASS,Kidney,0.160816787,0.327616576,0.29920862,0.597600038,0.379059174,0.288468194,0.327616576,6009.04,2533.91588
678,Slideseq,Mouse Diabetic Kidney Disease,Puck_191204_04,Banksy,Kidney,0.171055096,0.29391884,0.315235487,0.560216444,0.328499936,0.265924991,0.29391884,2793.258839,61.45781922
679,Slideseq,Mouse Diabetic Kidney Disease,Puck_191204_04,CCST,Kidney,0.149569735,0.212690126,0.303323041,0.469206865,0.227152663,0.200007183,0.212690126,29740.87591,8864.354519
680,Slideseq,Mouse Diabetic Kidney Disease,Puck_191204_04,CellCharter,Kidney,0.132096406,0.245232794,0.261696099,0.496151456,0.299465288,0.207635518,0.245232794,213.456299,799.1651726
681,Slideseq,Mouse Diabetic Kidney Disease,Puck_191204_04,DeepST,Kidney,0.161582249,0.239656357,0.309422665,0.497929913,0.258294978,0.223753992,0.239656357,21027.54998,1371.218157
682,Slideseq,Mouse Diabetic Kidney Disease,Puck_191204_04,GraphST,Kidney,0.160574779,0.277538405,0.297376682,0.561361572,0.324164066,0.242638808,0.277538405,13946.03659,81.23998489
683,Slideseq,Mouse Diabetic Kidney Disease,Puck_191204_04,PRECAST,Kidney,0.1126638,0.22752231,0.243975999,0.514452856,0.273367798,0.194845501,0.22752231,1512.3,358.1435789
684,Slideseq,Mouse Diabetic Kidney Disease,Puck_191204_04,SEDR,Kidney,0.098132046,0.153857218,0.266950771,0.420088923,0.16841489,0.14198057,0.153857218,13526.53655,138.7082937
685,Slideseq,Mouse Diabetic Kidney Disease,Puck_191204_04,STAGATE,Kidney,0.11997046,0.235822584,0.254774255,0.518487355,0.281684416,0.202819769,0.235822584,328.6715666,176.640674
686,Slideseq,Mouse Diabetic Kidney Disease,Puck_191204_04,SpaGCN,Kidney,0.15180226,0.254412921,0.28264096,0.571210021,0.303700279,0.218889465,0.254412921,8435.33458,1884.051449
687,Slideseq,Mouse Diabetic Kidney Disease,Puck_191204_04,SpaceFlow,Kidney,0.101477453,0.208187906,0.231061383,0.485805804,0.254833716,0.175980295,0.208187906,480.468955,284.3174912
688,Slideseq,Mouse Diabetic Kidney Disease,Puck_191204_04,SpatialMGCN,Kidney,0.122772333,0.206932525,0.258153092,0.510685089,0.246694877,0.178208782,0.206932525,4037.470872,225.787301
689,Slideseq,Mouse Diabetic Kidney Disease,Puck_191204_04,stLearn,Kidney,0.177718605,0.293873359,0.325741074,0.529770044,0.315370681,0.2751773,0.293873359,2808.708777,11.56843314
690,Slideseq,Mouse Diabetic Kidney Disease,Puck_191204_05,BASS,Kidney,0.178495573,0.336739343,0.336536282,0.689934819,0.419500545,0.281252432,0.336739343,7490,2525.486373
691,Slideseq,Mouse Diabetic Kidney Disease,Puck_191204_05,Banksy,Kidney,0.172024501,0.282241401,0.355382105,0.557526494,0.321057757,0.251798581,0.282241401,3521.771142,84.45678973
692,Slideseq,Mouse Diabetic Kidney Disease,Puck_191204_05,CCST,Kidney,0.096487841,0.191938476,0.281814826,0.499325451,0.225519114,0.167151541,0.191938476,46946.49533,13975.60192
693,Slideseq,Mouse Diabetic Kidney Disease,Puck_191204_05,CellCharter,Kidney,0.098248092,0.227572467,0.252038565,0.553183265,0.296211606,0.184784831,0.227572467,247.7770893,1184.57003
694,Slideseq,Mouse Diabetic Kidney Disease,Puck_191204_05,DeepST,Kidney,0.12273605,0.226417406,0.299508619,0.551114143,0.2602973,0.20075299,0.226417406,27315.7919,1906.366939
695,Slideseq,Mouse Diabetic Kidney Disease,Puck_191204_05,GraphST,Kidney,0.125507769,0.240769047,0.291113191,0.554873427,0.300958287,0.200642215,0.240769047,21985.01228,108.9025396
696,Slideseq,Mouse Diabetic Kidney Disease,Puck_191204_05,PRECAST,Kidney,0.107573863,0.21560794,0.261450574,0.605036246,0.280655777,0.175038997,0.21560794,1907.96,494.4819046
697,Slideseq,Mouse Diabetic Kidney Disease,Puck_191204_05,SEDR,Kidney,0.102053485,0.2099639,0.263043618,0.543527361,0.264974063,0.173868049,0.2099639,20309.40943,160.8858891
698,Slideseq,Mouse Diabetic Kidney Disease,Puck_191204_05,STAGATE,Kidney,0.093775554,0.219902089,0.249692169,0.544376232,0.283407896,0.179652816,0.219902089,413.319422,265.3332389
699,Slideseq,Mouse Diabetic Kidney Disease,Puck_191204_05,SpaGCN,Kidney,0.141284478,0.257466972,0.295972691,0.654388358,0.332126228,0.210212845,0.257466972,13384.86787,3038.260024
700,Slideseq,Mouse Diabetic Kidney Disease,Puck_191204_05,SpaceFlow,Kidney,0.072589373,0.184252636,0.223951334,0.524056389,0.241380913,0.148991902,0.184252636,539.7389282,401.1374698
701,Slideseq,Mouse Diabetic Kidney Disease,Puck_191204_05,SpatialMGCN,Kidney,0.092395061,0.212882038,0.244867127,0.565597999,0.277602803,0.172633893,0.212882038,6189.338148,337.3428294
702,Slideseq,Mouse Diabetic Kidney Disease,Puck_191204_05,stLearn,Kidney,0.224004906,0.329203887,0.385702075,0.673336365,0.376382004,0.292552005,0.329203887,3561.096077,17.05184717
703,Slideseq,Mouse Diabetic Kidney Disease,Puck_191204_07,BASS,Kidney,0.225357385,0.397079017,0.354300896,0.670786131,0.475735355,0.340741987,0.397079017,8317.52,2703.433879
704,Slideseq,Mouse Diabetic Kidney Disease,Puck_191204_07,Banksy,Kidney,0.328980886,0.394310333,0.461886906,0.637715072,0.420468892,0.371215939,0.394310333,3819.148975,110.9875474
705,Slideseq,Mouse Diabetic Kidney Disease,Puck_191204_07,CCST,Kidney,0.166952317,0.265022341,0.309297124,0.548479231,0.300264569,0.237234797,0.265022341,57280.15787,17077.0275
706,Slideseq,Mouse Diabetic Kidney Disease,Puck_191204_07,CellCharter,Kidney,0.155759928,0.300255967,0.286340317,0.571143151,0.366737423,0.254185417,0.300255967,223.1088303,1225.967095
707,Slideseq,Mouse Diabetic Kidney Disease,Puck_191204_07,DeepST,Kidney,0.237192152,0.320358325,0.372265802,0.592667353,0.351798322,0.294556461,0.320358325,31365.57581,2248.824463
708,Slideseq,Mouse Diabetic Kidney Disease,Puck_191204_07,GraphST,Kidney,0.229912642,0.331880284,0.360950856,0.595846207,0.390284254,0.288680742,0.331880284,26680.40977,159.6463773
709,Slideseq,Mouse Diabetic Kidney Disease,Puck_191204_07,PRECAST,Kidney,0.119149885,0.236658598,0.253866964,0.551172893,0.285509361,0.202082246,0.236658598,2078.6,531.5559711
710,Slideseq,Mouse Diabetic Kidney Disease,Puck_191204_07,SEDR,Kidney,0.214658089,0.304760636,0.350220826,0.58279437,0.352705229,0.268344316,0.304760636,24371.26719,175.3670193
711,Slideseq,Mouse Diabetic Kidney Disease,Puck_191204_07,STAGATE,Kidney,0.156630308,0.293725227,0.290112272,0.58164092,0.352225613,0.251922798,0.293725227,450.34245,274.3611737
712,Slideseq,Mouse Diabetic Kidney Disease,Puck_191204_07,SpaGCN,Kidney,0.263149754,0.326518924,0.39279192,0.618709234,0.366735261,0.294251217,0.326518924,16279.8958,3289.540597
713,Slideseq,Mouse Diabetic Kidney Disease,Puck_191204_07,SpaceFlow,Kidney,0.127990855,0.260265685,0.258044709,0.56643323,0.320135101,0.219270224,0.260265685,529.2698269,449.4064351
714,Slideseq,Mouse Diabetic Kidney Disease,Puck_191204_07,SpatialMGCN,Kidney,0.164558278,0.296475975,0.300147263,0.597665637,0.351017949,0.256604223,0.296475975,7427.310587,398.4395516
715,Slideseq,Mouse Diabetic Kidney Disease,Puck_191204_07,stLearn,Kidney,0.289982035,0.406216087,0.41682331,0.673299004,0.452134686,0.36903375,0.406216087,3981.037218,17.86819172
716,Slideseq,Mouse Diabetic Kidney Disease,Puck_191204_08,BASS,Kidney,0.14759611,0.280740936,0.34396333,0.714750441,0.368003946,0.226930093,0.280740936,5789.12,2445.051763
717,Slideseq,Mouse Diabetic Kidney Disease,Puck_191204_08,Banksy,Kidney,0.06245389,0.213767328,0.32442981,0.601551184,0.238715759,0.193540237,0.213767328,2772.888447,86.05969076
718,Slideseq,Mouse Diabetic Kidney Disease,Puck_191204_08,CCST,Kidney,0.056392943,0.155425991,0.3299402,0.566957896,0.168993717,0.143946413,0.155425991,31580.46432,9334.397657
719,Slideseq,Mouse Diabetic Kidney Disease,Puck_191204_08,CellCharter,Kidney,0.040786906,0.180978144,0.222607333,0.595185426,0.24616878,0.143087395,0.180978144,138.6460756,756.2310521
720,Slideseq,Mouse Diabetic Kidney Disease,Puck_191204_08,DeepST,Kidney,0.05277365,0.157874809,0.288946649,0.588363231,0.180623128,0.140587797,0.157874809,21218.88125,1496.587498
721,Slideseq,Mouse Diabetic Kidney Disease,Puck_191204_08,GraphST,Kidney,0.043164288,0.189486867,0.236927452,0.598754531,0.252351503,0.151696851,0.189486867,14697.28282,85.22263355
722,Slideseq,Mouse Diabetic Kidney Disease,Puck_191204_08,PRECAST,Kidney,0.067652426,0.17104681,0.244873784,0.661654492,0.233324367,0.135010585,0.17104681,1561.28,365.2345266
723,Slideseq,Mouse Diabetic Kidney Disease,Puck_191204_08,SEDR,Kidney,0.027304452,0.144316877,0.237064668,0.569142114,0.183004329,0.119137443,0.144316877,14114.09251,121.4491917
724,Slideseq,Mouse Diabetic Kidney Disease,Puck_191204_08,STAGATE,Kidney,0.05666163,0.174995841,0.243546324,0.617975648,0.235621234,0.139185213,0.174995841,316.2767431,190.9493781
725,Slideseq,Mouse Diabetic Kidney Disease,Puck_191204_08,SpaGCN,Kidney,0.080038395,0.20563552,0.276156614,0.646017288,0.263019981,0.168806183,0.20563552,8910.529318,1856.070329
726,Slideseq,Mouse Diabetic Kidney Disease,Puck_191204_08,SpaceFlow,Kidney,0.036991753,0.153004355,0.212782495,0.606264523,0.210266143,0.120256188,0.153004355,489.7147066,315.6286209
727,Slideseq,Mouse Diabetic Kidney Disease,Puck_191204_08,SpatialMGCN,Kidney,0.04855989,0.181829987,0.244126581,0.601821731,0.237474094,0.147312283,0.181829987,4227.225517,296.0215613
728,Slideseq,Mouse Diabetic Kidney Disease,Puck_191204_08,stLearn,Kidney,0.155785114,0.259168357,0.367667566,0.688669951,0.303350086,0.226580974,0.259168357,2747.861256,12.02305284
729,Slideseq,Mouse Normal,Puck_191109_07,BASS,Kidney,0.232398841,0.318355151,0.442305127,0.665429553,0.340842963,0.298651037,0.318355151,7485.46,2381.189766
730,Slideseq,Mouse Normal,Puck_191109_07,Banksy,Kidney,0.26007431,0.294373173,0.491058505,0.637159122,0.304115354,0.286611869,0.294373173,2814.907997,90.82369475
731,Slideseq,Mouse Normal,Puck_191109_07,CCST,Kidney,0.143983262,0.119393559,0.41011383,0.527129439,0.1144231,0.124886852,0.119393559,32330.77331,9659.65195
732,Slideseq,Mouse Normal,Puck_191109_07,CellCharter,Kidney,0.083776782,0.206858006,0.251534246,0.590817869,0.28090866,0.163705093,0.206858006,136.4499659,737.5833379
733,Slideseq,Mouse Normal,Puck_191109_07,DeepST,Kidney,0.092560136,0.19935506,0.27290936,0.589507446,0.253464478,0.164358849,0.19935506,20975.47221,1345.52486
734,Slideseq,Mouse Normal,Puck_191109_07,GraphST,Kidney,0.132939871,0.232231344,0.31704964,0.622680412,0.297007304,0.190651177,0.232231344,15110.60666,103.201765
735,Slideseq,Mouse Normal,Puck_191109_07,PRECAST,Kidney,0.05036865,0.134049046,0.216547494,0.581121625,0.181250197,0.106352693,0.134049046,1597.2,379.0789438
736,Slideseq,Mouse Normal,Puck_191109_07,SEDR,Kidney,0.10874938,0.188433101,0.295289942,0.590552119,0.239670921,0.155340904,0.188433101,14349.58559,128.967588
737,Slideseq,Mouse Normal,Puck_191109_07,STAGATE,Kidney,0.0974406,0.192778291,0.279467126,0.599331042,0.250143008,0.156816798,0.192778291,321.6196955,227.4152291
738,Slideseq,Mouse Normal,Puck_191109_07,SpaGCN,Kidney,0.133472628,0.214429779,0.326499096,0.634226804,0.258203624,0.183346612,0.214429779,9156.855308,1843.71748
739,Slideseq,Mouse Normal,Puck_191109_07,SpaceFlow,Kidney,0.063064872,0.168337277,0.229365945,0.573534937,0.22814219,0.133378005,0.168337277,417.4240318,258.0241212
740,Slideseq,Mouse Normal,Puck_191109_07,SpatialMGCN,Kidney,0.070286099,0.167213138,0.243549385,0.585246277,0.22252135,0.133925608,0.167213138,4337.99135,284.004732
741,Slideseq,Mouse Normal,Puck_191109_07,stLearn,Kidney,0.194776995,0.28824148,0.390741224,0.65561512,0.330923021,0.255409676,0.28824148,2728.028294,11.73864594
742,Slideseq,Mouse Normal,Puck_191109_08,BASS,Kidney,0.10886083,0.187406923,0.386131929,0.583968889,0.214638386,0.166307291,0.187406923,7899.02,3038.301809
743,Slideseq,Mouse Normal,Puck_191109_08,Banksy,Kidney,0.118558202,0.181864895,0.445244837,0.54638472,0.19299821,0.171946,0.181864895,3248.61537,78.86894035
744,Slideseq,Mouse Normal,Puck_191109_08,CCST,Kidney,0.021408319,0.056758888,0.253076981,0.505308465,0.076760688,0.045034012,0.056758888,46943.85578,14286.25456
745,Slideseq,Mouse Normal,Puck_191109_08,CellCharter,Kidney,0.03517244,0.102481403,0.229662076,0.526564978,0.153386029,0.07695019,0.102481403,83.1353899,861.8951542
746,Slideseq,Mouse Normal,Puck_191109_08,DeepST,Kidney,0.030588628,0.090505591,0.246173745,0.522185305,0.124793,0.071021095,0.090505591,25250.89028,1914.021856
747,Slideseq,Mouse Normal,Puck_191109_08,GraphST,Kidney,0.060228516,0.13947916,0.275480251,0.550819301,0.199789614,0.107137563,0.13947916,22060.86218,151.0910138
748,Slideseq,Mouse Normal,Puck_191109_08,PRECAST,Kidney,0.020713038,0.063238911,0.205204089,0.529311414,0.095778913,0.047202349,0.063238911,1860.42,408.5303791
749,Slideseq,Mouse Normal,Puck_191109_08,SEDR,Kidney,0.13888447,0.160405601,0.487694837,0.537332931,0.156806318,0.164619085,0.160405601,20015.90779,198.5503147
750,Slideseq,Mouse Normal,Puck_191109_08,STAGATE,Kidney,0.032007209,0.090954345,0.246079406,0.5136827,0.131475351,0.069527468,0.090954345,375.7111736,321.4363637
751,Slideseq,Mouse Normal,Puck_191109_08,SpaGCN,Kidney,0.014196153,0.017711633,0.247870675,0.465755493,0.023794834,0.014105525,0.017711633,13421.33435,2210.632746
752,Slideseq,Mouse Normal,Puck_191109_08,SpaceFlow,Kidney,0.019331317,0.078778497,0.204277435,0.510767953,0.119458575,0.058771227,0.078778497,501.1895424,630.2839254
753,Slideseq,Mouse Normal,Puck_191109_08,SpatialMGCN,Kidney,0.007629173,0.040894734,0.185770647,0.481537416,0.062769235,0.030326298,0.040894734,6182.086991,320.1907346
754,Slideseq,Mouse Normal,Puck_191109_08,stLearn,Kidney,0.099678076,0.169126914,0.364933541,0.563897908,0.198416384,0.147700384,0.169126914,3026.047383,15.71921802
755,Slideseq,Mouse Normal,Puck_191109_09,BASS,Kidney,0.13109795,0.263211764,0.306787491,0.59828316,0.304607796,0.231721007,0.263211764,6548.36,2782.234166
756,Slideseq,Mouse Normal,Puck_191109_09,Banksy,Kidney,0.139420836,0.235742458,0.315917019,0.579166667,0.268253166,0.210260162,0.235742458,3179.547888,79.75747833
757,Slideseq,Mouse Normal,Puck_191109_09,CCST,Kidney,0.079200035,0.148311309,0.260030686,0.526737608,0.170016415,0.131546397,0.148311309,43429.5747,12942.86708
758,Slideseq,Mouse Normal,Puck_191109_09,CellCharter,Kidney,0.080570647,0.183441406,0.229829481,0.530337434,0.236868772,0.149684527,0.183441406,113.8524504,825.1687731
759,Slideseq,Mouse Normal,Puck_191109_09,DeepST,Kidney,0.108061625,0.179134469,0.2925732,0.531445073,0.197101909,0.164612559,0.179134469,24666.5401,1864.546846
760,Slideseq,Mouse Normal,Puck_191109_09,GraphST,Kidney,0.087166064,0.199166535,0.24287442,0.557775228,0.251320523,0.164938523,0.199166535,20142.05457,114.4403253
761,Slideseq,Mouse Normal,Puck_191109_09,PRECAST,Kidney,0.024701488,0.050570559,0.175634186,0.455725712,0.064597474,0.041548563,0.050570559,1809.68,436.7802698
762,Slideseq,Mouse Normal,Puck_191109_09,SEDR,Kidney,0.100306634,0.178642406,0.266295742,0.539158986,0.213714382,0.153503984,0.178642406,18563.13606,171.1666215
763,Slideseq,Mouse Normal,Puck_191109_09,STAGATE,Kidney,0.066591066,0.16230517,0.223740658,0.525321413,0.203686734,0.134901829,0.16230517,365.9397646,281.32729
764,Slideseq,Mouse Normal,Puck_191109_09,SpaGCN,Kidney,0.097463709,0.193576268,0.25624115,0.559832272,0.239370733,0.162490001,0.193576268,12241.13989,2548.07107
765,Slideseq,Mouse Normal,Puck_191109_09,SpaceFlow,Kidney,0.065336389,0.150485796,0.217386406,0.529783615,0.19223652,0.12364204,0.150485796,441.8901711,329.6214751
766,Slideseq,Mouse Normal,Puck_191109_09,SpatialMGCN,Kidney,0.076813017,0.15589494,0.234317762,0.525574588,0.195895734,0.129459954,0.15589494,5677.91045,328.4459138
767,Slideseq,Mouse Normal,Puck_191109_09,stLearn,Kidney,0.146643253,0.23882918,0.328189676,0.593844693,0.258507987,0.222092836,0.23882918,3119.718555,16.31098647
768,Slideseq,Mouse Normal,Puck_191109_10,BASS,Kidney,0.215654704,0.227719765,0.428158519,0.559326113,0.207001978,0.253045853,0.227719765,4974.36,1499.461669
769,Slideseq,Mouse Normal,Puck_191109_10,Banksy,Kidney,0.202482453,0.21819634,0.462606697,0.522615496,0.18633521,0.263200538,0.21819634,1591.334057,54.76377063
770,Slideseq,Mouse Normal,Puck_191109_10,CCST,Kidney,0.000368408,0.012930791,0.412562824,0.348961091,0.009035812,0.022897732,0.012930791,10851.93584,3243.835289
771,Slideseq,Mouse Normal,Puck_191109_10,CellCharter,Kidney,0.068766902,0.14949454,0.214363001,0.504452467,0.187241399,0.124416551,0.14949454,61.50214081,329.1058764
772,Slideseq,Mouse Normal,Puck_191109_10,DeepST,Kidney,0.084648547,0.141697535,0.246004334,0.512571199,0.165949767,0.123682442,0.141697535,10567.08522,637.7566283
773,Slideseq,Mouse Normal,Puck_191109_10,GraphST,Kidney,0.0998704,0.177838971,0.258955263,0.524187726,0.213151499,0.152563909,0.177838971,5058.266804,51.50486541
774,Slideseq,Mouse Normal,Puck_191109_10,PRECAST,Kidney,0.052736755,0.085621296,0.204392413,0.484231114,0.105357216,0.07211284,0.085621296,960.14,198.2330655
775,Slideseq,Mouse Normal,Puck_191109_10,SEDR,Kidney,0.07965762,0.135905266,0.250382358,0.496044926,0.155738218,0.120566042,0.135905266,5416.284588,69.18378921
776,Slideseq,Mouse Normal,Puck_191109_10,STAGATE,Kidney,0.075638628,0.151258868,0.237828326,0.528263137,0.181298604,0.129759363,0.151258868,171.6487371,132.2180951
777,Slideseq,Mouse Normal,Puck_191109_10,SpaGCN,Kidney,0.090794328,0.15932651,0.245889598,0.542478941,0.190793384,0.136769588,0.15932651,3361.267601,783.1397247
778,Slideseq,Mouse Normal,Puck_191109_10,SpaceFlow,Kidney,0.056072763,0.1237341,0.203726301,0.488808664,0.15378312,0.103522289,0.1237341,352.6352037,252.0343674
779,Slideseq,Mouse Normal,Puck_191109_10,SpatialMGCN,Kidney,0.034413867,0.069375199,0.195995517,0.433132772,0.082525577,0.059839782,0.069375199,1702.744009,133.5849974
780,Slideseq,Mouse Normal,Puck_191109_10,stLearn,Kidney,0.196838134,0.198087274,0.386991223,0.534215804,0.196094713,0.200264711,0.198087274,1404.990722,6.893050051
781,Slideseq,Mouse Normal,Puck_191112_02,BASS,Kidney,0.226264687,0.286727415,0.447863641,0.697311168,0.35056116,0.242559679,0.286727415,5385.26,1737.877518
782,Slideseq,Mouse Normal,Puck_191112_02,Banksy,Kidney,0.163282586,0.22246168,0.578368669,0.596782359,0.177997746,0.296536711,0.22246168,2360.250077,67.75981808
783,Slideseq,Mouse Normal,Puck_191112_02,CCST,Kidney,0.045827178,0.098807138,0.303710615,0.5553163,0.113935676,0.087374013,0.098807138,22126.9496,6577.219373
784,Slideseq,Mouse Normal,Puck_191112_02,CellCharter,Kidney,0.075696144,0.198334981,0.259139862,0.644248577,0.286817405,0.151581194,0.198334981,129.0384998,615.2370088
785,Slideseq,Mouse Normal,Puck_191112_02,DeepST,Kidney,0.0729727,0.135796684,0.287662237,0.58700212,0.174838404,0.111072745,0.135796684,17221.32701,1102.682895
786,Slideseq,Mouse Normal,Puck_191112_02,GraphST,Kidney,0.049892212,0.162788568,0.246347259,0.575755885,0.226012188,0.127204859,0.162788568,10287.46659,69.02758884
787,Slideseq,Mouse Normal,Puck_191112_02,PRECAST,Kidney,0.070017375,0.177061855,0.24520308,0.630501339,0.243053917,0.139252993,0.177061855,1194.2,281.0623883
788,Slideseq,Mouse Normal,Puck_191112_02,SEDR,Kidney,0.126471174,0.164267843,0.539622071,0.553642754,0.13091596,0.252118869,0.164267843,10287.95774,113.4899317
789,Slideseq,Mouse Normal,Puck_191112_02,STAGATE,Kidney,0.053736261,0.140550464,0.253049103,0.597891331,0.194686153,0.109973621,0.140550464,263.9710901,191.4206528
790,Slideseq,Mouse Normal,Puck_191112_02,SpaGCN,Kidney,0.0693028,0.14276273,0.28247864,0.643088252,0.186579111,0.115612259,0.14276273,6214.159213,1169.040685
791,Slideseq,Mouse Normal,Puck_191112_02,SpaceFlow,Kidney,0.026379475,0.104415126,0.204814525,0.564978244,0.150344068,0.079984794,0.104415126,486.3237513,439.3290338
792,Slideseq,Mouse Normal,Puck_191112_02,SpatialMGCN,Kidney,0.086885472,0.134062743,0.290376299,0.62027223,0.183120482,0.105736163,0.134062743,3027.024489,185.1633465
793,Slideseq,Mouse Normal,Puck_191112_02,stLearn,Kidney,0.221251254,0.260349441,0.45125316,0.679794712,0.295832952,0.232737556,0.260349441,2281.65569,9.296034193
794,Slideseq,Mouse Normal,Puck_191112_04,BASS,Kidney,0.154827974,0.236193265,0.354666826,0.673640806,0.294120492,0.197329156,0.236193265,3754.38,1585.699907
795,Slideseq,Mouse Normal,Puck_191112_04,Banksy,Kidney,0.150249071,0.198801423,0.422063873,0.575888384,0.1989222,0.198680792,0.198801423,1706.887148,46.02296486
796,Slideseq,Mouse Normal,Puck_191112_04,CCST,Kidney,0.132736191,0.161273899,0.418470249,0.553604154,0.155811591,0.168195204,0.161273899,11867.49092,3583.549137
797,Slideseq,Mouse Normal,Puck_191112_04,CellCharter,Kidney,0.103685429,0.174803825,0.300303198,0.601588271,0.224471503,0.143144388,0.174803825,86.13021278,454.4992172
798,Slideseq,Mouse Normal,Puck_191112_04,DeepST,Kidney,0.130512698,0.180952924,0.380875185,0.585781918,0.190928674,0.174809885,0.180952924,11885.25155,819.5199243
799,Slideseq,Mouse Normal,Puck_191112_04,GraphST,Kidney,0.088658324,0.163264216,0.300763688,0.571395846,0.203604629,0.136265734,0.163264216,5579.920551,48.9706286
800,Slideseq,Mouse Normal,Puck_191112_04,PRECAST,Kidney,0.055102501,0.100726572,0.27613111,0.547146011,0.123486521,0.085050764,0.100726572,977.86,145.8796003
801,Slideseq,Mouse Normal,Puck_191112_04,SEDR,Kidney,0.098052103,0.157697364,0.316919109,0.566829566,0.187990501,0.135860043,0.157697364,6022.128333,60.70190516
802,Slideseq,Mouse Normal,Puck_191112_04,STAGATE,Kidney,0.078774515,0.149397355,0.288767727,0.579123396,0.187396649,0.124219999,0.149397355,186.1022444,129.1812281
803,Slideseq,Mouse Normal,Puck_191112_04,SpaGCN,Kidney,0.11156828,0.202640728,0.309261377,0.640042761,0.258354917,0.166693341,0.202640728,3756.35119,616.3900847
804,Slideseq,Mouse Normal,Puck_191112_04,SpaceFlow,Kidney,0.065487363,0.13171274,0.263996675,0.565348198,0.169337631,0.107777859,0.13171274,296.893125,79.98341241
805,Slideseq,Mouse Normal,Puck_191112_04,SpatialMGCN,Kidney,0.103609969,0.16095729,0.30710703,0.591631032,0.202438248,0.133584856,0.16095729,1728.606281,108.3804925
806,Slideseq,Mouse Normal,Puck_191112_04,stLearn,Kidney,0.208956813,0.258263334,0.434973167,0.64526573,0.269510146,0.248738382,0.258263334,1585.057152,7.30850749
807,Slideseq,Mouse Normal,Puck_191112_05,BASS,Kidney,0.004465879,0.077814569,0.302110575,0.413002755,0.075228306,0.080584988,0.077814569,2651.88,1195.54955
808,Slideseq,Mouse Normal,Puck_191112_05,Banksy,Kidney,0.033263471,0.076033003,0.325232577,0.396042962,0.069970207,0.083246136,0.076033003,1138.728773,44.85945196
809,Slideseq,Mouse Normal,Puck_191112_05,CCST,Kidney,0.000916239,0.006505787,0.363867715,0.367823691,0.005361238,0.008322726,0.006505787,5762.55202,1766.231171
810,Slideseq,Mouse Normal,Puck_191112_05,CellCharter,Kidney,0.014497403,0.048210662,0.175503978,0.391559229,0.060849635,0.039920367,0.048210662,37.50274868,143.8411367
811,Slideseq,Mouse Normal,Puck_191112_05,DeepST,Kidney,0.00915223,0.030760011,0.207841431,0.369322314,0.034668584,0.027800665,0.030760011,7562.904344,497.6764359
812,Slideseq,Mouse Normal,Puck_191112_05,GraphST,Kidney,0.021981851,0.069537405,0.221180427,0.413443526,0.082506103,0.060091881,0.069537405,2738.274797,49.16399212
813,Slideseq,Mouse Normal,Puck_191112_05,PRECAST,Kidney,0.004657369,0.013379671,0.16952305,0.383861992,0.016639827,0.011187719,0.013379671,736.3,139.2319494
814,Slideseq,Mouse Normal,Puck_191112_05,SEDR,Kidney,0.011937924,0.034015324,0.228803686,0.372892562,0.03743697,0.031220029,0.034015324,3256.456424,54.68652654
815,Slideseq,Mouse Normal,Puck_191112_05,STAGATE,Kidney,0.008880745,0.040234123,0.222489349,0.394710744,0.046378714,0.035606121,0.040234123,117.8163584,102.4229187
816,Slideseq,Mouse Normal,Puck_191112_05,SpaGCN,Kidney,0.013058842,0.022245988,0.202915348,0.38292011,0.025896977,0.019497241,0.022245988,2052.457835,343.2811289
817,Slideseq,Mouse Normal,Puck_191112_05,SpaceFlow,Kidney,0.015105353,0.043507913,0.178263377,0.382743802,0.054438248,0.036235826,0.043507913,258.8634535,163.3343351
818,Slideseq,Mouse Normal,Puck_191112_05,SpatialMGCN,Kidney,0.001067523,0.009488742,0.20768966,0.368044077,0.010576582,0.008603809,0.009488742,1061.822616,100.5881993
819,Slideseq,Mouse Normal,Puck_191112_05,stLearn,Kidney,0.012525144,0.045581494,0.343736809,0.380253444,0.03746513,0.060570684,0.045581494,902.3302763,5.25370903
820,Slideseq,Mouse Normal,Puck_191112_07,BASS,Kidney,0.187984396,0.252502548,0.3681568,0.590927022,0.264873545,0.24123557,0.252502548,3503.28,1393.405644
821,Slideseq,Mouse Normal,Puck_191112_07,Banksy,Kidney,0.114904172,0.197213376,0.296735766,0.546544877,0.219327748,0.179150041,0.197213376,1608.816109,43.38303599
822,Slideseq,Mouse Normal,Puck_191112_07,CCST,Kidney,0.170950891,0.122711456,0.468776528,0.50833925,0.100343881,0.158029812,0.122711456,11147.95477,3348.195561
823,Slideseq,Mouse Normal,Puck_191112_07,CellCharter,Kidney,0.086420028,0.164619888,0.2399565,0.515676529,0.205121931,0.137486652,0.164619888,58.69655113,328.2260922
824,Slideseq,Mouse Normal,Puck_191112_07,DeepST,Kidney,0.083927399,0.161868784,0.242609203,0.526848126,0.195948467,0.137956513,0.161868784,10650.17956,619.317671
825,Slideseq,Mouse Normal,Puck_191112_07,GraphST,Kidney,0.093552648,0.177374886,0.253718296,0.536883629,0.215719691,0.150604496,0.177374886,5222.600444,60.89061904
826,Slideseq,Mouse Normal,Puck_191112_07,PRECAST,Kidney,0.057085715,0.069941193,0.210349932,0.487808752,0.087569349,0.058221008,0.069941193,973.92,201.5333029
827,Slideseq,Mouse Normal,Puck_191112_07,SEDR,Kidney,0.099872635,0.170844961,0.268287333,0.531218935,0.198921128,0.149790707,0.170844961,5546.211288,69.7318831
828,Slideseq,Mouse Normal,Puck_191112_07,STAGATE,Kidney,0.07698055,0.153613661,0.233111745,0.529609467,0.189979485,0.128938346,0.153613661,171.6485754,128.5347451
829,Slideseq,Mouse Normal,Puck_191112_07,SpaGCN,Kidney,0.110603459,0.187216318,0.267736917,0.561104536,0.226955516,0.159319904,0.187216318,3343.65631,703.3181968
830,Slideseq,Mouse Normal,Puck_191112_07,SpaceFlow,Kidney,0.069292999,0.142546943,0.221709225,0.514761341,0.177464806,0.119117048,0.142546943,380.7479109,260.8794484
831,Slideseq,Mouse Normal,Puck_191112_07,SpatialMGCN,Kidney,0.110239741,0.113752526,0.30966414,0.498382643,0.123064863,0.105750378,0.113752526,1704.551247,125.6130912
832,Slideseq,Mouse Normal,Puck_191112_07,stLearn,Kidney,0.171113512,0.238078325,0.345969287,0.574895464,0.255604966,0.222859196,0.238078325,1390.698812,6.953163958
833,Slideseq,Mouse Normal,Puck_191112_13,BASS,Kidney,0.087962041,0.14907838,0.345381975,0.646754501,0.172178341,0.131443524,0.14907838,4254.6,1689.072492
834,Slideseq,Mouse Normal,Puck_191112_13,Banksy,Kidney,0.084761212,0.124993782,0.348588569,0.641695703,0.146420275,0.10903769,0.124993782,1729.035248,45.08297257
835,Slideseq,Mouse Normal,Puck_191112_13,CCST,Kidney,0.071636048,0.104311712,0.328441607,0.629978616,0.123215948,0.090459698,0.104311712,14331.83364,4364.088835
836,Slideseq,Mouse Normal,Puck_191112_13,CellCharter,Kidney,0.048367167,0.110477689,0.268849631,0.63802166,0.144981919,0.089270823,0.110477689,42.10607376,369.0610306
837,Slideseq,Mouse Normal,Puck_191112_13,DeepST,Kidney,0.105845106,0.119886306,0.382145262,0.638325171,0.129118477,0.113149838,0.119886306,11532.24266,904.0552053
838,Slideseq,Mouse Normal,Puck_191112_13,GraphST,Kidney,0.043006591,0.108815961,0.267274317,0.635096917,0.142266759,0.08810101,0.108815961,6765.709216,59.42291155
839,Slideseq,Mouse Normal,Puck_191112_13,PRECAST,Kidney,0.006668105,0.02759617,0.207944951,0.590056481,0.038039223,0.021651972,0.02759617,1090.1,199.8366489
840,Slideseq,Mouse Normal,Puck_191112_13,SEDR,Kidney,0.219674703,0.140565221,0.558655238,0.636393737,0.12225137,0.169113162,0.140565221,6782.603806,73.33195062
841,Slideseq,Mouse Normal,Puck_191112_13,STAGATE,Kidney,0.057751039,0.098905201,0.32522237,0.627040077,0.121795989,0.083369544,0.098905201,191.7011946,157.0112571
842,Slideseq,Mouse Normal,Puck_191112_13,SpaGCN,Kidney,0.018046791,0.036430656,0.268267094,0.587500862,0.045397159,0.030421945,0.036430656,4036.384434,718.2226292
843,Slideseq,Mouse Normal,Puck_191112_13,SpaceFlow,Kidney,0.029974194,0.101246442,0.23113563,0.636545492,0.139103501,0.079595965,0.101246442,394.5629007,270.5648667
844,Slideseq,Mouse Normal,Puck_191112_13,SpatialMGCN,Kidney,0.010917213,0.021299279,0.255092534,0.587500862,0.026855073,0.017648207,0.021299279,2053.875783,156.8874928
845,Slideseq,Mouse Normal,Puck_191112_13,stLearn,Kidney,0.25297483,0.145100236,0.573113236,0.622570187,0.12658167,0.173210802,0.145100236,1420.521895,7.431176281
846,Slideseq,Mouse Normal,Puck_191204_13,BASS,Kidney,0.253193977,0.403509849,0.392363308,0.621452243,0.457698317,0.360794191,0.403509849,9063.34,3025.008616
847,Slideseq,Mouse Normal,Puck_191204_13,Banksy,Kidney,0.271978223,0.373788602,0.433260918,0.58614343,0.386433201,0.361945279,0.373788602,4053.188449,108.1005503
848,Slideseq,Mouse Normal,Puck_191204_13,CCST,Kidney,0.154002643,0.244414608,0.317459384,0.491813499,0.272255207,0.221763822,0.244414608,62865.11157,18732.28464
849,Slideseq,Mouse Normal,Puck_191204_13,CellCharter,Kidney,0.140714458,0.272087708,0.27721455,0.537638219,0.336076259,0.228590985,0.272087708,261.073802,1198.430513
850,Slideseq,Mouse Normal,Puck_191204_13,DeepST,Kidney,0.209631219,0.300065725,0.353185131,0.58806313,0.335804477,0.271575859,0.300065725,33113.1858,2399.53767
851,Slideseq,Mouse Normal,Puck_191204_13,GraphST,Kidney,0.169958147,0.292066646,0.30899551,0.552908751,0.353497192,0.248825831,0.292066646,29183.29063,133.3009544
852,Slideseq,Mouse Normal,Puck_191204_13,PRECAST,Kidney,0.137480659,0.221754407,0.27701867,0.539718687,0.270084096,0.188095935,0.221754407,2148.44,586.6743728
853,Slideseq,Mouse Normal,Puck_191204_13,SEDR,Kidney,0.240580382,0.307951428,0.40816219,0.55095974,0.329506711,0.289965126,0.307951428,26433.17128,219.5674264
854,Slideseq,Mouse Normal,Puck_191204_13,STAGATE,Kidney,0.167147986,0.276666274,0.317584728,0.519539325,0.323931571,0.241499438,0.276666274,478.5543673,396.5002682
855,Slideseq,Mouse Normal,Puck_191204_13,SpaGCN,Kidney,0.220545522,0.312101289,0.35921914,0.608688519,0.359945114,0.275484014,0.312101289,17829.71828,3501.450338
856,Slideseq,Mouse Normal,Puck_191204_13,SpaceFlow,Kidney,0.099594012,0.231169258,0.234887611,0.50248384,0.287818251,0.193157566,0.231169258,555.6844332,475.0187026
857,Slideseq,Mouse Normal,Puck_191204_13,SpatialMGCN,Kidney,0.192186865,0.294869827,0.344292208,0.524034518,0.338944874,0.260938428,0.294869827,8093.059027,524.9659832
858,Slideseq,Mouse Normal,Puck_191204_13,stLearn,Kidney,0.257812289,0.391983347,0.392926468,0.644774748,0.445961876,0.34971859,0.391983347,4255.654639,19.24399304
859,Slideseq,Mouse OB,GSM5173925_OB1_Slide1,BASS,Brain,0.300295571,0.340559558,0.496675824,0.65448799,0.340373557,0.340745762,0.340559558,4922.44,1771.19752
860,Slideseq,Mouse OB,GSM5173925_OB1_Slide1,Banksy,Brain,0.172825039,0.233053195,0.429500027,0.542465234,0.217387843,0.2532325,0.233053195,2205.164273,27.96196461
861,Slideseq,Mouse OB,GSM5173925_OB1_Slide1,CCST,Brain,0.274087701,0.311296616,0.513942468,0.63403287,0.276159539,0.356685495,0.311296616,17535.27818,5209.163304
862,Slideseq,Mouse OB,GSM5173925_OB1_Slide1,CellCharter,Brain,0.26333294,0.294289379,0.463199836,0.637130215,0.297882963,0.290791829,0.294289379,239.9988394,551.6370073
863,Slideseq,Mouse OB,GSM5173925_OB1_Slide1,DeepST,Brain,0.278682422,0.329184176,0.488416922,0.644740834,0.324316531,0.334272634,0.329184176,15034.84862,1124.633516
864,Slideseq,Mouse OB,GSM5173925_OB1_Slide1,GraphST,Brain,0.129490617,0.204054771,0.431974808,0.484639697,0.183065957,0.230479642,0.204054771,8141.961592,44.82032647
865,Slideseq,Mouse OB,GSM5173925_OB1_Slide1,PRECAST,Brain,0.106253749,0.152922273,0.37234763,0.542902308,0.148576158,0.157530312,0.152922273,1158.4,103.4727341
866,Slideseq,Mouse OB,GSM5173925_OB1_Slide1,SEDR,Brain,0.199892441,0.320923125,0.446300399,0.613109987,0.309018232,0.334090163,0.320923125,8325.148082,98.77570877
867,Slideseq,Mouse OB,GSM5173925_OB1_Slide1,STAGATE,Brain,0.258802712,0.34614882,0.473046615,0.631896334,0.341642625,0.350775478,0.34614882,314.6321163,124.8026838
868,Slideseq,Mouse OB,GSM5173925_OB1_Slide1,SpaGCN,Brain,0.303581111,0.374492712,0.498357474,0.654614412,0.374723953,0.374261757,0.374492712,5506.216802,751.8391591
869,Slideseq,Mouse OB,GSM5173925_OB1_Slide1,SpaceFlow,Brain,0.253944917,0.285602614,0.460893141,0.619797724,0.286638569,0.284583122,0.285602614,436.4405752,145.3556833
870,Slideseq,Mouse OB,GSM5173925_OB1_Slide1,SpatialMGCN,Brain,0.158889868,0.23893747,0.420162685,0.587231353,0.229779948,0.248855206,0.23893747,2482.734445,134.1582882
871,Slideseq,Mouse OB,GSM5173925_OB1_Slide1,stLearn,Brain,0.240210968,0.310320982,0.470803198,0.622035398,0.298707383,0.322874175,0.310320982,2302.0103,8.965421247
872,Slideseq,Mouse OB,GSM5173926_OB1_Slide2,BASS,Brain,0.590970838,0.587960358,0.698053669,0.809153846,0.59355929,0.582466067,0.587960358,3753.24,1401.835066
873,Slideseq,Mouse OB,GSM5173926_OB1_Slide2,Banksy,Brain,0.465905929,0.487041804,0.624949277,0.737692308,0.461129767,0.516039348,0.487041804,1882.830266,23.73401127
874,Slideseq,Mouse OB,GSM5173926_OB1_Slide2,CCST,Brain,0.526445762,0.529806341,0.687367478,0.748938462,0.477038644,0.60445912,0.529806341,11930.03664,3594.950038
875,Slideseq,Mouse OB,GSM5173926_OB1_Slide2,CellCharter,Brain,0.533574368,0.535994249,0.655269986,0.779692308,0.541993312,0.530134107,0.535994249,276.2047485,540.0703764
876,Slideseq,Mouse OB,GSM5173926_OB1_Slide2,DeepST,Brain,0.647933402,0.616029077,0.748628858,0.832584615,0.602240607,0.631802444,0.616029077,12259.99781,874.1417907
877,Slideseq,Mouse OB,GSM5173926_OB1_Slide2,GraphST,Brain,0.252029082,0.406287557,0.529822481,0.562461538,0.35371014,0.477224884,0.406287557,5609.260232,33.36554751
878,Slideseq,Mouse OB,GSM5173926_OB1_Slide2,PRECAST,Brain,0.25122635,0.28336687,0.46151979,0.543,0.278795313,0.288090851,0.28336687,985.7,81.27158909
879,Slideseq,Mouse OB,GSM5173926_OB1_Slide2,SEDR,Brain,0.523308991,0.534141985,0.667837909,0.767553846,0.5046413,0.567333178,0.534141985,6031.612444,83.08407893
880,Slideseq,Mouse OB,GSM5173926_OB1_Slide2,STAGATE,Brain,0.57935576,0.56390352,0.692926348,0.793692308,0.561210174,0.567043163,0.56390352,361.2711823,100.7626312
881,Slideseq,Mouse OB,GSM5173926_OB1_Slide2,SpaGCN,Brain,0.606502574,0.603948334,0.708753134,0.807769231,0.611897313,0.596203232,0.603948334,4455.983311,535.8865046
882,Slideseq,Mouse OB,GSM5173926_OB1_Slide2,SpaceFlow,Brain,0.519203042,0.525339434,0.661335486,0.772615385,0.499445278,0.554080346,0.525339434,381.0104649,115.5642376
883,Slideseq,Mouse OB,GSM5173926_OB1_Slide2,SpatialMGCN,Brain,0.427751021,0.511016982,0.595909487,0.733076923,0.493011397,0.530387608,0.511016982,1760.751949,116.9916809
884,Slideseq,Mouse OB,GSM5173926_OB1_Slide2,stLearn,Brain,0.391306859,0.464523487,0.557690878,0.7158,0.461596315,0.467488021,0.464523487,1955.850954,7.915562153
885,Slideseq,Mouse OB,GSM5173927_OB1_Slide3,BASS,Brain,0.581676179,0.570148093,0.692039877,0.774227441,0.572431735,0.5678826,0.570148093,4977.78,1469.3324
886,Slideseq,Mouse OB,GSM5173927_OB1_Slide3,Banksy,Brain,0.554485323,0.582534925,0.701485753,0.761433869,0.52675048,0.651534352,0.582534925,2295.21408,27.74416814
887,Slideseq,Mouse OB,GSM5173927_OB1_Slide3,CCST,Brain,0.553843947,0.542310562,0.696149638,0.757985167,0.493669495,0.601591325,0.542310562,18225.50616,5403.67884
888,Slideseq,Mouse OB,GSM5173927_OB1_Slide3,CellCharter,Brain,0.491821451,0.504980738,0.628579714,0.727478368,0.50246487,0.507981889,0.504980738,262.8608793,686.7620758
889,Slideseq,Mouse OB,GSM5173927_OB1_Slide3,DeepST,Brain,0.569115162,0.576487935,0.701915459,0.761075402,0.531983024,0.631991329,0.576487935,15867.20946,1140.007418
890,Slideseq,Mouse OB,GSM5173927_OB1_Slide3,GraphST,Brain,0.230443962,0.380810254,0.494657973,0.578862794,0.342577741,0.428648471,0.380810254,8508.475227,43.24049201
891,Slideseq,Mouse OB,GSM5173927_OB1_Slide3,PRECAST,Brain,0.227955372,0.279146754,0.480204393,0.568761975,0.258214255,0.303772496,0.279146754,1187.04,100.0213498
892,Slideseq,Mouse OB,GSM5173927_OB1_Slide3,SEDR,Brain,0.499541006,0.489338754,0.636522189,0.733930779,0.48415666,0.495309213,0.489338754,8735.946065,88.85496302
893,Slideseq,Mouse OB,GSM5173927_OB1_Slide3,STAGATE,Brain,0.571841922,0.56207463,0.690330032,0.768800989,0.552496439,0.572950402,0.56207463,341.9942835,114.1736019
894,Slideseq,Mouse OB,GSM5173927_OB1_Slide3,SpaGCN,Brain,0.562963975,0.560545538,0.677516242,0.764647713,0.564150567,0.556986291,0.560545538,5688.166582,756.0225454
895,Slideseq,Mouse OB,GSM5173927_OB1_Slide3,SpaceFlow,Brain,0.537334572,0.529939801,0.66394964,0.748121137,0.524352222,0.535995743,0.529939801,477.5313702,190.4660448
896,Slideseq,Mouse OB,GSM5173927_OB1_Slide3,SpatialMGCN,Brain,0.562562172,0.563260012,0.687274439,0.763473424,0.547376546,0.580092819,0.563260012,2571.155999,136.0016065
897,Slideseq,Mouse OB,GSM5173927_OB1_Slide3,stLearn,Brain,0.392782402,0.455088079,0.561125337,0.692459827,0.448139083,0.462255976,0.455088079,2386.697944,8.970318365
898,Slideseq,Mouse OB,GSM5173928_OB1_Slide4,BASS,Brain,0.524213961,0.524272798,0.651551852,0.732726436,0.520574965,0.52802354,0.524272798,5616.56,2102.777821
899,Slideseq,Mouse OB,GSM5173928_OB1_Slide4,Banksy,Brain,0.506220178,0.528844562,0.650524348,0.701017747,0.506609523,0.553120985,0.528844562,2724.383393,38.99560447
900,Slideseq,Mouse OB,GSM5173928_OB1_Slide4,CCST,Brain,0.510683631,0.526603704,0.666496618,0.710806526,0.477155537,0.587493251,0.526603704,26263.94867,7785.389784
901,Slideseq,Mouse OB,GSM5173928_OB1_Slide4,CellCharter,Brain,0.469020968,0.490336527,0.607711206,0.724441262,0.491551598,0.489139964,0.490336527,296.0885639,773.1171439
902,Slideseq,Mouse OB,GSM5173928_OB1_Slide4,DeepST,Brain,0.508042886,0.514086799,0.639391856,0.739487547,0.511214406,0.5172905,0.514086799,19613.22084,1489.059642
903,Slideseq,Mouse OB,GSM5173928_OB1_Slide4,GraphST,Brain,0.186616165,0.335380746,0.462228841,0.530762543,0.301849591,0.377292527,0.335380746,12283.80755,54.83438382
904,Slideseq,Mouse OB,GSM5173928_OB1_Slide4,PRECAST,Brain,0.171483666,0.218486791,0.396223179,0.486005219,0.216010946,0.221020049,0.218486791,1403.18,128.8926313
905,Slideseq,Mouse OB,GSM5173928_OB1_Slide4,SEDR,Brain,0.40231233,0.410253732,0.579018332,0.652482995,0.385193866,0.439107051,0.410253732,12058.457,92.67204218
906,Slideseq,Mouse OB,GSM5173928_OB1_Slide4,STAGATE,Brain,0.498825908,0.516841675,0.644093165,0.712657904,0.496282806,0.539732604,0.516841675,387.6798939,141.3285421
907,Slideseq,Mouse OB,GSM5173928_OB1_Slide4,SpaGCN,Brain,0.50895432,0.524960882,0.637023883,0.737380453,0.526616866,0.523315279,0.524960882,7456.981705,1009.705645
908,Slideseq,Mouse OB,GSM5173928_OB1_Slide4,SpaceFlow,Brain,0.493326707,0.510585244,0.640995312,0.700322201,0.488322071,0.534984586,0.510585244,463.8524117,180.9753537
909,Slideseq,Mouse OB,GSM5173928_OB1_Slide4,SpatialMGCN,Brain,0.463821042,0.467155178,0.618521569,0.665064185,0.450559607,0.485020038,0.467155178,3622.765805,190.0181705
910,Slideseq,Mouse OB,GSM5173928_OB1_Slide4,stLearn,Brain,0.347150286,0.439054324,0.531966479,0.645507083,0.427474104,0.451279429,0.439054324,2898.110948,10.21791282
911,Slideseq,Mouse OB,GSM5173929_OB1_Slide5,BASS,Brain,0.753042099,0.702522022,0.822079041,0.891392519,0.702775537,0.702268689,0.702522022,5896.48,2131.886295
912,Slideseq,Mouse OB,GSM5173929_OB1_Slide5,Banksy,Brain,0.653027634,0.656316254,0.763337052,0.834700315,0.612418161,0.706993501,0.656316254,3093.09115,37.37360988
913,Slideseq,Mouse OB,GSM5173929_OB1_Slide5,CCST,Brain,0.64386171,0.62603807,0.75755683,0.816061289,0.57150396,0.692078963,0.62603807,33526.15009,9846.484048
914,Slideseq,Mouse OB,GSM5173929_OB1_Slide5,CellCharter,Brain,0.586912199,0.593656061,0.698183874,0.802541685,0.606059841,0.581752174,0.593656061,322.0633371,971.7996384
915,Slideseq,Mouse OB,GSM5173929_OB1_Slide5,DeepST,Brain,0.65826498,0.629101205,0.754820006,0.831960342,0.626906419,0.631323143,0.629101205,22815.01832,1816.826653
916,Slideseq,Mouse OB,GSM5173929_OB1_Slide5,GraphST,Brain,0.337760884,0.454752508,0.567467425,0.629202343,0.418544761,0.497818084,0.454752508,15714.96813,64.87364273
917,Slideseq,Mouse OB,GSM5173929_OB1_Slide5,PRECAST,Brain,0.744941635,0.696410726,0.81666273,0.894613478,0.694468269,0.698364079,0.696410726,1575.48,154.5814684
918,Slideseq,Mouse OB,GSM5173929_OB1_Slide5,SEDR,Brain,0.597439169,0.598287397,0.719130198,0.809319513,0.575946631,0.623743027,0.598287397,15049.04266,105.8455105
919,Slideseq,Mouse OB,GSM5173929_OB1_Slide5,STAGATE,Brain,0.71356954,0.662942751,0.793212278,0.87271744,0.665171579,0.660728822,0.662942751,412.9768686,146.2815811
920,Slideseq,Mouse OB,GSM5173929_OB1_Slide5,SpaGCN,Brain,0.777982453,0.728833194,0.838779712,0.901802614,0.738265392,0.71963897,0.728833194,9566.235014,1214.536169
921,Slideseq,Mouse OB,GSM5173929_OB1_Slide5,SpaceFlow,Brain,0.631819623,0.608999672,0.734338141,0.816421812,0.609122815,0.609271398,0.608999672,442.9542931,181.7575106
922,Slideseq,Mouse OB,GSM5173929_OB1_Slide5,SpatialMGCN,Brain,0.550862436,0.606481609,0.681726798,0.818837314,0.598413533,0.614770213,0.606481609,4477.553334,231.1141645
923,Slideseq,Mouse OB,GSM5173929_OB1_Slide5,stLearn,Brain,0.626119016,0.622610502,0.73273126,0.847237494,0.619468453,0.625784589,0.622610502,3250.074735,11.95739155
924,Slideseq,Mouse OB,GSM5173930_OB1_Slide6,BASS,Brain,0.689254036,0.646648603,0.770456276,0.836416087,0.64640316,0.646894233,0.646648603,6923.6,2534.724829
925,Slideseq,Mouse OB,GSM5173930_OB1_Slide6,Banksy,Brain,0.529617389,0.52223832,0.67794255,0.724503648,0.47387202,0.581600001,0.52223832,3305.077533,36.4060163
926,Slideseq,Mouse OB,GSM5173930_OB1_Slide6,CCST,Brain,0.601040644,0.603410771,0.725980242,0.746572204,0.546101166,0.674160085,0.603410771,37726.51111,11140.78775
927,Slideseq,Mouse OB,GSM5173930_OB1_Slide6,CellCharter,Brain,0.51827238,0.539954638,0.645405788,0.71319362,0.537515306,0.542439501,0.539954638,359.442923,1066.288376
928,Slideseq,Mouse OB,GSM5173930_OB1_Slide6,DeepST,Brain,0.597573979,0.591733975,0.70870876,0.756847107,0.577255575,0.607019309,0.591733975,24330.21589,1987.402285
929,Slideseq,Mouse OB,GSM5173930_OB1_Slide6,GraphST,Brain,0.280655918,0.416095474,0.523198935,0.606864076,0.375896915,0.465921273,0.416095474,17697.13819,68.96783972
930,Slideseq,Mouse OB,GSM5173930_OB1_Slide6,PRECAST,Brain,0.574760313,0.59750371,0.694937347,0.790614791,0.577520918,0.618918913,0.59750371,1665.66,154.0456658
931,Slideseq,Mouse OB,GSM5173930_OB1_Slide6,SEDR,Brain,0.591330064,0.560633742,0.702427771,0.787222128,0.553781349,0.568242151,0.560633742,16700.52542,109.5080168
932,Slideseq,Mouse OB,GSM5173930_OB1_Slide6,STAGATE,Brain,0.674588158,0.625470166,0.759514707,0.834727643,0.625463643,0.625476693,0.625470166,463.5617077,164.7202031
933,Slideseq,Mouse OB,GSM5173930_OB1_Slide6,SpaGCN,Brain,0.700419017,0.656158606,0.778301015,0.853724758,0.657036333,0.655283221,0.656158606,10817.58276,1452.043401
934,Slideseq,Mouse OB,GSM5173930_OB1_Slide6,SpaceFlow,Brain,0.622884221,0.610153949,0.725498677,0.767732903,0.598538435,0.622242092,0.610153949,486.4862938,212.696854
935,Slideseq,Mouse OB,GSM5173930_OB1_Slide6,SpatialMGCN,Brain,0.458421561,0.551676341,0.620451368,0.716231122,0.523279774,0.583331717,0.551676341,5073.472617,246.5661429
936,Slideseq,Mouse OB,GSM5173930_OB1_Slide6,stLearn,Brain,0.515747209,0.545089644,0.645322321,0.778491431,0.540057125,0.550216841,0.545089644,3466.384266,12.56056376
937,Slideseq,Mouse OB,GSM5173931_OB1_Slide7,BASS,Brain,0.580856605,0.56809453,0.692324444,0.818189203,0.57158785,0.56464365,0.56809453,7733.74,2764.056549
938,Slideseq,Mouse OB,GSM5173931_OB1_Slide7,Banksy,Brain,0.391724607,0.423372378,0.574065045,0.684227629,0.398424642,0.451653062,0.423372378,3366.327269,37.77811151
939,Slideseq,Mouse OB,GSM5173931_OB1_Slide7,CCST,Brain,0.463174682,0.501582608,0.639975843,0.721629636,0.448003911,0.569726039,0.501582608,41169.83424,12015.35355
940,Slideseq,Mouse OB,GSM5173931_OB1_Slide7,CellCharter,Brain,0.406219899,0.460259691,0.562317958,0.714651286,0.465109088,0.455511101,0.460259691,308.4147451,1013.577628
941,Slideseq,Mouse OB,GSM5173931_OB1_Slide7,DeepST,Brain,0.427005269,0.466453992,0.577888871,0.725090377,0.471174758,0.461828303,0.466453992,25262.37767,2079.402733
942,Slideseq,Mouse OB,GSM5173931_OB1_Slide7,GraphST,Brain,0.202102345,0.300427827,0.500097993,0.552256387,0.259971627,0.355795999,0.300427827,19234.85826,74.48927431
943,Slideseq,Mouse OB,GSM5173931_OB1_Slide7,PRECAST,Brain,0.216876444,0.270532959,0.459757009,0.575943454,0.256821615,0.285790933,0.270532959,1729.08,179.2117076
944,Slideseq,Mouse OB,GSM5173931_OB1_Slide7,SEDR,Brain,0.381913088,0.458655847,0.570782155,0.698119339,0.434519857,0.488072746,0.458655847,17967.0644,124.7270636
945,Slideseq,Mouse OB,GSM5173931_OB1_Slide7,STAGATE,Brain,0.489837718,0.5134565,0.641094744,0.753133758,0.492654715,0.536919078,0.5134565,419.2498884,173.9791737
946,Slideseq,Mouse OB,GSM5173931_OB1_Slide7,SpaGCN,Brain,0.568451638,0.559925977,0.682058327,0.809131159,0.5657715,0.554200009,0.559925977,11755.69898,1514.407569
947,Slideseq,Mouse OB,GSM5173931_OB1_Slide7,SpaceFlow,Brain,0.411804788,0.451057463,0.566935007,0.72227954,0.455232009,0.446960298,0.451057463,434.769315,170.0139869
948,Slideseq,Mouse OB,GSM5173931_OB1_Slide7,SpatialMGCN,Brain,0.335696275,0.402048303,0.515478436,0.671513871,0.401803745,0.40229316,0.402048303,5495.683891,264.2288634
949,Slideseq,Mouse OB,GSM5173931_OB1_Slide7,stLearn,Brain,0.493477251,0.502113891,0.634750028,0.783126853,0.496924552,0.507412764,0.502113891,3536.814379,13.69894333
950,Slideseq,Mouse OB,GSM5173932_OB1_Slide8,BASS,Brain,0.428900162,0.48017276,0.578958091,0.722039731,0.485163663,0.475283495,0.48017276,5336.94,1916.166043
951,Slideseq,Mouse OB,GSM5173932_OB1_Slide8,Banksy,Brain,0.390218751,0.4465771,0.574207808,0.671776422,0.421447052,0.474894089,0.4465771,2692.41716,30.61652951
952,Slideseq,Mouse OB,GSM5173932_OB1_Slide8,CCST,Brain,0.480234359,0.523096759,0.652691291,0.723384952,0.468772589,0.591682045,0.523096759,25367.63305,7483.820492
953,Slideseq,Mouse OB,GSM5173932_OB1_Slide8,CellCharter,Brain,0.418538552,0.497202549,0.571870483,0.723197247,0.501625569,0.492859913,0.497202549,290.8231352,715.7522878
954,Slideseq,Mouse OB,GSM5173932_OB1_Slide8,DeepST,Brain,0.426341071,0.508972748,0.580325276,0.727107774,0.510206931,0.507769877,0.508972748,18909.32522,1461.231315
955,Slideseq,Mouse OB,GSM5173932_OB1_Slide8,GraphST,Brain,0.241781334,0.366343633,0.538264863,0.573752542,0.310592849,0.44648717,0.366343633,11827.05111,53.87289166
956,Slideseq,Mouse OB,GSM5173932_OB1_Slide8,PRECAST,Brain,0.256746721,0.327936735,0.469234984,0.607895286,0.320394226,0.335842928,0.327936735,1328.6,113.924779
957,Slideseq,Mouse OB,GSM5173932_OB1_Slide8,SEDR,Brain,0.398059103,0.467860584,0.589523531,0.683414151,0.433630651,0.508334223,0.467860584,11609.07893,84.75503182
958,Slideseq,Mouse OB,GSM5173932_OB1_Slide8,STAGATE,Brain,0.566299499,0.57767937,0.691446936,0.806152563,0.56383751,0.592217954,0.57767937,372.9251093,137.2710408
959,Slideseq,Mouse OB,GSM5173932_OB1_Slide8,SpaGCN,Brain,0.610527291,0.615902742,0.713229265,0.832733719,0.62171851,0.610194771,0.615902742,7195.67163,973.1056648
960,Slideseq,Mouse OB,GSM5173932_OB1_Slide8,SpaceFlow,Brain,0.433593709,0.500929912,0.582570516,0.734720267,0.505954339,0.496009936,0.500929912,435.6330353,138.5622707
961,Slideseq,Mouse OB,GSM5173932_OB1_Slide8,SpatialMGCN,Brain,0.508670177,0.567971553,0.670254779,0.737368997,0.526786898,0.616142073,0.567971553,3466.827125,175.16342
962,Slideseq,Mouse OB,GSM5173932_OB1_Slide8,stLearn,Brain,0.500520129,0.533224085,0.643299571,0.78907138,0.52316535,0.543677216,0.533224085,2751.109567,10.13852544
963,Slideseq,Mouse OB,GSM5173933_OB1_Slide9,BASS,Brain,0.630427148,0.60160534,0.733017006,0.825615485,0.596473519,0.606826231,0.60160534,7748.92,2865.065111
964,Slideseq,Mouse OB,GSM5173933_OB1_Slide9,Banksy,Brain,0.535217162,0.580095082,0.691533909,0.75521882,0.517574772,0.659794825,0.580095082,3900.314124,44.40288072
965,Slideseq,Mouse OB,GSM5173933_OB1_Slide9,CCST,Brain,0.56033658,0.564461093,0.703653813,0.76142842,0.507985282,0.635132167,0.564461093,54722.40093,15836.9004
966,Slideseq,Mouse OB,GSM5173933_OB1_Slide9,CellCharter,Brain,0.474644957,0.500115222,0.615732321,0.728444774,0.502708215,0.497574723,0.500115222,389.6798748,1261.856024
967,Slideseq,Mouse OB,GSM5173933_OB1_Slide9,DeepST,Brain,0.523257263,0.518658512,0.64848309,0.760538307,0.535395901,0.504048304,0.518658512,30184.08536,2599.025805
968,Slideseq,Mouse OB,GSM5173933_OB1_Slide9,GraphST,Brain,0.258248983,0.373414534,0.509564877,0.608032214,0.340680189,0.413108139,0.373414534,25329.25174,93.11345344
969,Slideseq,Mouse OB,GSM5173933_OB1_Slide9,PRECAST,Brain,0.193743499,0.298848769,0.44248558,0.588150085,0.284413946,0.314827149,0.298848769,1966.9,184.6778398
970,Slideseq,Mouse OB,GSM5173933_OB1_Slide9,SEDR,Brain,0.545805084,0.550441523,0.683797162,0.767842888,0.524498343,0.580917437,0.550441523,23119.90497,148.7993835
971,Slideseq,Mouse OB,GSM5173933_OB1_Slide9,STAGATE,Brain,0.583701019,0.564448968,0.703008279,0.806379146,0.551709008,0.577791242,0.564448968,507.1543388,193.9201416
972,Slideseq,Mouse OB,GSM5173933_OB1_Slide9,SpaGCN,Brain,0.666490758,0.638351275,0.755484914,0.853131292,0.643821145,0.632973566,0.638351275,15477.63364,2125.861259
973,Slideseq,Mouse OB,GSM5173933_OB1_Slide9,SpaceFlow,Brain,0.503901302,0.518156946,0.63828731,0.743852213,0.518719612,0.517693895,0.518156946,531.7690536,305.5794024
974,Slideseq,Mouse OB,GSM5173933_OB1_Slide9,SpatialMGCN,Brain,0.53477564,0.511637781,0.665311111,0.746282364,0.50516259,0.518281125,0.511637781,7128.534495,339.1111487
975,Slideseq,Mouse OB,GSM5173933_OB1_Slide9,stLearn,Brain,0.48131212,0.513568497,0.625496236,0.771587016,0.509533254,0.517668168,0.513568497,4199.5889,15.31568561
976,Slideseq,Mouse OB,GSM5173934_OB1_Slide10,BASS,Brain,0.670447646,0.653255649,0.764213317,0.84213699,0.666369223,0.640648241,0.653255649,7248.66,2573.054916
977,Slideseq,Mouse OB,GSM5173934_OB1_Slide10,Banksy,Brain,0.525302929,0.524440054,0.672316381,0.74395298,0.501082257,0.550081956,0.524440054,3683.215895,39.67902088
978,Slideseq,Mouse OB,GSM5173934_OB1_Slide10,CCST,Brain,0.607367986,0.601975696,0.71917087,0.825499209,0.612973856,0.591365726,0.601975696,47636.94937,13908.07474
979,Slideseq,Mouse OB,GSM5173934_OB1_Slide10,CellCharter,Brain,0.566983369,0.571839572,0.689207082,0.809230653,0.584690846,0.55956127,0.571839572,397.1748514,1213.999228
980,Slideseq,Mouse OB,GSM5173934_OB1_Slide10,DeepST,Brain,0.589152442,0.595927482,0.704597261,0.829025695,0.617194296,0.576795378,0.595927482,28164.49565,2367.211335
981,Slideseq,Mouse OB,GSM5173934_OB1_Slide10,GraphST,Brain,0.359753848,0.465927601,0.580014407,0.695576822,0.437553713,0.498236569,0.465927601,22331.79914,82.3962935
982,Slideseq,Mouse OB,GSM5173934_OB1_Slide10,PRECAST,Brain,0.269168636,0.330646175,0.490308205,0.605629027,0.328242457,0.333085357,0.330646175,1858.2,173.4890193
983,Slideseq,Mouse OB,GSM5173934_OB1_Slide10,SEDR,Brain,0.589811162,0.603144386,0.707118833,0.824994349,0.612944436,0.593665141,0.603144386,20643.44562,131.9385063
984,Slideseq,Mouse OB,GSM5173934_OB1_Slide10,STAGATE,Brain,0.705821823,0.654591546,0.793056491,0.869904303,0.652009789,0.657193833,0.654591546,520.8660612,186.1535064
985,Slideseq,Mouse OB,GSM5173934_OB1_Slide10,SpaGCN,Brain,0.662395216,0.654320081,0.757407181,0.841006706,0.671540473,0.637960777,0.654320081,13628.66978,1855.381579
986,Slideseq,Mouse OB,GSM5173934_OB1_Slide10,SpaceFlow,Brain,0.578209744,0.602748233,0.698535684,0.819975887,0.61299088,0.592855088,0.602748233,516.2413551,200.3178512
987,Slideseq,Mouse OB,GSM5173934_OB1_Slide10,SpatialMGCN,Brain,0.359978067,0.412948787,0.547356032,0.665548941,0.41142391,0.414485009,0.412948787,6335.631728,295.1722423
988,Slideseq,Mouse OB,GSM5173934_OB1_Slide10,stLearn,Brain,0.535954956,0.556673564,0.67010894,0.784379474,0.562451695,0.551012945,0.556673564,3995.583361,15.73288484
989,Slideseq,Mouse OB,GSM5173935_OB1_Slide11,BASS,Brain,0.523307876,0.49232748,0.657593718,0.779584666,0.505610317,0.479724682,0.49232748,6251.86,1704.135779
990,Slideseq,Mouse OB,GSM5173935_OB1_Slide11,Banksy,Brain,0.395675186,0.467376086,0.603014875,0.716383621,0.428163157,0.5144957,0.467376086,3083.346433,36.01201119
991,Slideseq,Mouse OB,GSM5173935_OB1_Slide11,CCST,Brain,0.4327455,0.44056691,0.59671667,0.723383936,0.443658936,0.440163388,0.44056691,33546.31492,9806.689605
992,Slideseq,Mouse OB,GSM5173935_OB1_Slide11,CellCharter,Brain,0.37586275,0.416978568,0.553937279,0.708013874,0.425236957,0.409580047,0.416978568,286.6816763,968.5965273
993,Slideseq,Mouse OB,GSM5173935_OB1_Slide11,DeepST,Brain,0.368005857,0.432430373,0.559491639,0.700986531,0.429223563,0.437406494,0.432430373,23035.03006,1903.746895
994,Slideseq,Mouse OB,GSM5173935_OB1_Slide11,GraphST,Brain,0.371212692,0.432473585,0.562738794,0.703815487,0.428030011,0.437010389,0.432473585,15707.59299,69.05006418
995,Slideseq,Mouse OB,GSM5173935_OB1_Slide11,PRECAST,Brain,0.211904979,0.334588505,0.491366823,0.588908411,0.309714824,0.363806361,0.334588505,1508.08,140.3815069
996,Slideseq,Mouse OB,GSM5173935_OB1_Slide11,SEDR,Brain,0.368749796,0.433552534,0.5645893,0.707383215,0.426081112,0.44346884,0.433552534,15103.45002,102.3346592
997,Slideseq,Mouse OB,GSM5173935_OB1_Slide11,STAGATE,Brain,0.370955447,0.443040038,0.569538566,0.722464976,0.430311298,0.456544774,0.443040038,375.3012358,147.5600782
998,Slideseq,Mouse OB,GSM5173935_OB1_Slide11,SpaGCN,Brain,0.429807056,0.458478828,0.589773238,0.719311681,0.471392109,0.446254173,0.458478828,9535.959286,1236.84479
999,Slideseq,Mouse OB,GSM5173935_OB1_Slide11,SpaceFlow,Brain,0.39492518,0.441386126,0.565518898,0.724203793,0.452628245,0.430698146,0.441386126,403.4693092,134.2572949
1000,Slideseq,Mouse OB,GSM5173935_OB1_Slide11,SpatialMGCN,Brain,0.384503446,0.42820881,0.555582602,0.694400649,0.441945991,0.415299881,0.42820881,4476.011894,219.8030961
1001,Slideseq,Mouse OB,GSM5173935_OB1_Slide11,stLearn,Brain,0.368339563,0.43385358,0.559892765,0.703383035,0.430846397,0.43690304,0.43385358,3242.450137,12.36262832
1002,Slideseq,Mouse OB,GSM5173936_OB1_Slide12,BASS,Brain,0.763743374,0.708458927,0.830074108,0.896121781,0.710132653,0.706793071,0.708458927,7309.36,2281.326107
1003,Slideseq,Mouse OB,GSM5173936_OB1_Slide12,Banksy,Brain,0.550297092,0.603724905,0.70451283,0.772852464,0.54906394,0.670472452,0.603724905,3787.592408,44.11940742
1004,Slideseq,Mouse OB,GSM5173936_OB1_Slide12,CCST,Brain,0.652193095,0.617896739,0.748853972,0.824869734,0.622214943,0.613670691,0.617896739,49339.90097,14308.12645
1005,Slideseq,Mouse OB,GSM5173936_OB1_Slide12,CellCharter,Brain,0.565892811,0.569539122,0.684979178,0.774698526,0.576217837,0.56303753,0.569539122,434.86057,1179.030774
1006,Slideseq,Mouse OB,GSM5173936_OB1_Slide12,DeepST,Brain,0.639257884,0.628189565,0.747910564,0.800915587,0.6054133,0.655684813,0.628189565,28413.72599,2357.510465
1007,Slideseq,Mouse OB,GSM5173936_OB1_Slide12,GraphST,Brain,0.500532831,0.478262478,0.64592376,0.72033646,0.468680047,0.488244924,0.478262478,22884.07081,83.5455925
1008,Slideseq,Mouse OB,GSM5173936_OB1_Slide12,PRECAST,Brain,0.192093994,0.271440493,0.427344608,0.575650426,0.268106696,0.274858244,0.271440493,1883.5,176.2836841
1009,Slideseq,Mouse OB,GSM5173936_OB1_Slide12,SEDR,Brain,0.695557278,0.646334105,0.781406895,0.861575108,0.645837869,0.646902312,0.646334105,21063.77722,143.3785479
1010,Slideseq,Mouse OB,GSM5173936_OB1_Slide12,STAGATE,Brain,0.727703243,0.674088923,0.80562171,0.876179842,0.669157674,0.679093393,0.674088923,555.084597,180.3186692
1011,Slideseq,Mouse OB,GSM5173936_OB1_Slide12,SpaGCN,Brain,0.781905668,0.727534009,0.842460566,0.902486229,0.73273349,0.722407798,0.727534009,14004.50975,1791.404996
1012,Slideseq,Mouse OB,GSM5173936_OB1_Slide12,SpaceFlow,Brain,0.606043269,0.590708348,0.715330851,0.789534018,0.594906769,0.586581112,0.590708348,546.9872246,193.9797337
1013,Slideseq,Mouse OB,GSM5173936_OB1_Slide12,SpatialMGCN,Brain,0.41374436,0.467673608,0.574304705,0.690970671,0.472669695,0.462782032,0.467673608,6491.286265,308.1550893
1014,Slideseq,Mouse OB,GSM5173936_OB1_Slide12,stLearn,Brain,0.470306646,0.525960772,0.623891486,0.771222272,0.520045819,0.532011826,0.525960772,4030.177035,15.27647419
1015,Slideseq,Mouse OB,GSM5173937_OB1_Slide13,BASS,Brain,0.320690736,0.371499284,0.527551026,0.683653102,0.380821422,0.362622635,0.371499284,6599.86,2531.150503
1016,Slideseq,Mouse OB,GSM5173937_OB1_Slide13,Banksy,Brain,0.272121843,0.346214684,0.536945849,0.647113935,0.315320025,0.383820981,0.346214684,3384.175866,41.07354259
1017,Slideseq,Mouse OB,GSM5173937_OB1_Slide13,CCST,Brain,0.374347481,0.374103389,0.58849443,0.664499572,0.350319745,0.401442998,0.374103389,41030.68917,12076.67424
1018,Slideseq,Mouse OB,GSM5173937_OB1_Slide13,CellCharter,Brain,0.345236186,0.324702005,0.539267053,0.700329952,0.337356234,0.312982226,0.324702005,314.9401636,1029.285316
1019,Slideseq,Mouse OB,GSM5173937_OB1_Slide13,DeepST,Brain,0.281374755,0.33335835,0.50471698,0.659994297,0.338077988,0.328833397,0.33335835,26230.22122,2182.389677
1020,Slideseq,Mouse OB,GSM5173937_OB1_Slide13,GraphST,Brain,0.297807777,0.301851822,0.548791814,0.676443032,0.278778427,0.329089246,0.301851822,19131.39019,80.79572215
1021,Slideseq,Mouse OB,GSM5173937_OB1_Slide13,PRECAST,Brain,0.133581755,0.132875127,0.396770066,0.58821852,0.135825039,0.130050626,0.132875127,1726.3,160.9324016
1022,Slideseq,Mouse OB,GSM5173937_OB1_Slide13,SEDR,Brain,0.284489097,0.336463871,0.534004733,0.642633101,0.315627908,0.361117575,0.336463871,18086.58147,122.7237111
1023,Slideseq,Mouse OB,GSM5173937_OB1_Slide13,STAGATE,Brain,0.334125093,0.334722256,0.540640235,0.696737138,0.340606598,0.329209067,0.334722256,416.3889706,162.0917639
1024,Slideseq,Mouse OB,GSM5173937_OB1_Slide13,SpaGCN,Brain,0.347134486,0.325942106,0.540413893,0.680883132,0.33900187,0.31385125,0.325942106,11670.96022,1624.677625
1025,Slideseq,Mouse OB,GSM5173937_OB1_Slide13,SpaceFlow,Brain,0.405119756,0.3641145,0.583282704,0.731174386,0.375732947,0.353193318,0.3641145,432.7050959,181.5827315
1026,Slideseq,Mouse OB,GSM5173937_OB1_Slide13,SpatialMGCN,Brain,0.173511652,0.242703129,0.41557724,0.62862031,0.25345305,0.232827997,0.242703129,5468.573061,267.4132287
1027,Slideseq,Mouse OB,GSM5173937_OB1_Slide13,stLearn,Brain,0.204009437,0.264454718,0.46405226,0.628815838,0.261398172,0.267583601,0.264454718,3657.934862,15.87461019
1028,Slideseq,Mouse OB,GSM5173938_OB1_Slide14,BASS,Brain,0.341519456,0.359565382,0.512535479,0.644610632,0.359238631,0.359892727,0.359565382,5252.42,1561.608824
1029,Slideseq,Mouse OB,GSM5173938_OB1_Slide14,Banksy,Brain,0.214484842,0.250288556,0.472895365,0.527448111,0.21974376,0.290695822,0.250288556,2579.424736,32.50374341
1030,Slideseq,Mouse OB,GSM5173938_OB1_Slide14,CCST,Brain,0.32083859,0.336376807,0.507541338,0.618967106,0.328643079,0.344521185,0.336376807,23408.434,6864.317614
1031,Slideseq,Mouse OB,GSM5173938_OB1_Slide14,CellCharter,Brain,0.305944401,0.306840554,0.486134843,0.595567116,0.306370789,0.307314563,0.306840554,247.3658714,742.2444292
1032,Slideseq,Mouse OB,GSM5173938_OB1_Slide14,DeepST,Brain,0.288831298,0.325951714,0.493872224,0.570097003,0.31343574,0.340236814,0.325951714,18478.32327,1411.619479
1033,Slideseq,Mouse OB,GSM5173938_OB1_Slide14,GraphST,Brain,0.16347826,0.249303552,0.470603103,0.538340649,0.214015209,0.298526757,0.249303552,10952.37809,54.6647222
1034,Slideseq,Mouse OB,GSM5173938_OB1_Slide14,PRECAST,Brain,0.143239465,0.205070362,0.411517991,0.492548637,0.188928314,0.224228456,0.205070362,1335.1,118.4147247
1035,Slideseq,Mouse OB,GSM5173938_OB1_Slide14,SEDR,Brain,0.228354424,0.264920833,0.460148972,0.551931935,0.246735942,0.287986414,0.264920833,10941.08457,85.04852314
1036,Slideseq,Mouse OB,GSM5173938_OB1_Slide14,STAGATE,Brain,0.198391738,0.296779652,0.439338497,0.592933398,0.28076911,0.314940131,0.296779652,311.228714,121.2264647
1037,Slideseq,Mouse OB,GSM5173938_OB1_Slide14,SpaGCN,Brain,0.385174101,0.386616294,0.551049824,0.702704167,0.379981831,0.393486547,0.386616294,6631.37965,1007.301904
1038,Slideseq,Mouse OB,GSM5173938_OB1_Slide14,SpaceFlow,Brain,0.328861024,0.329498481,0.508484486,0.604075218,0.325462188,0.333695452,0.329498481,419.0835621,128.2163189
1039,Slideseq,Mouse OB,GSM5173938_OB1_Slide14,SpatialMGCN,Brain,0.363456679,0.361455729,0.53002753,0.627865388,0.359967409,0.362956407,0.361455729,3254.379227,166.1343549
1040,Slideseq,Mouse OB,GSM5173938_OB1_Slide14,stLearn,Brain,0.227429868,0.305602556,0.474354501,0.571722755,0.274013046,0.345872697,0.305602556,2650.477316,10.07187414
1041,Slideseq,Mouse OB,GSM5173939_OB1_Slide15,BASS,Brain,0.330763885,0.320902084,0.531186116,0.711631006,0.336295781,0.306855973,0.320902084,8595.08,2217.817561
1042,Slideseq,Mouse OB,GSM5173939_OB1_Slide15,Banksy,Brain,0.249758818,0.322840022,0.499334003,0.68101725,0.322501666,0.32317909,0.322840022,3721.142954,40.06192555
1043,Slideseq,Mouse OB,GSM5173939_OB1_Slide15,CCST,Brain,0.297774144,0.345537285,0.515816288,0.690375361,0.355286044,0.336480681,0.345537285,49769.7181,14390.68659
1044,Slideseq,Mouse OB,GSM5173939_OB1_Slide15,CellCharter,Brain,0.231769472,0.281942197,0.457051298,0.629821574,0.298443693,0.26717306,0.281942197,373.49741,1099.099191
1045,Slideseq,Mouse OB,GSM5173939_OB1_Slide15,DeepST,Brain,0.270269706,0.303088514,0.497893325,0.663367143,0.310759096,0.295788816,0.303088514,28402.48873,2300.457801
1046,Slideseq,Mouse OB,GSM5173939_OB1_Slide15,GraphST,Brain,0.181138585,0.275409994,0.463255283,0.660472348,0.269437572,0.281653191,0.275409994,23103.24649,87.41984811
1047,Slideseq,Mouse OB,GSM5173939_OB1_Slide15,PRECAST,Brain,0.116644194,0.177838661,0.386077556,0.553078831,0.184218826,0.171885639,0.177838661,1884.26,169.6082563
1048,Slideseq,Mouse OB,GSM5173939_OB1_Slide15,SEDR,Brain,0.274101809,0.359437261,0.524138265,0.706692826,0.348896377,0.370653833,0.359437261,21231.9795,137.1847946
1049,Slideseq,Mouse OB,GSM5173939_OB1_Slide15,STAGATE,Brain,0.256908437,0.292076675,0.478489803,0.655504553,0.306224423,0.279178466,0.292076675,492.2953634,187.4296496
1050,Slideseq,Mouse OB,GSM5173939_OB1_Slide15,SpaGCN,Brain,0.368525357,0.396029744,0.56404947,0.736729103,0.405463519,0.387024972,0.396029744,14130.47561,2503.873316
1051,Slideseq,Mouse OB,GSM5173939_OB1_Slide15,SpaceFlow,Brain,0.272571567,0.289588128,0.503217238,0.677789294,0.293168128,0.286094645,0.289588128,511.6154228,236.9436005
1052,Slideseq,Mouse OB,GSM5173939_OB1_Slide15,SpatialMGCN,Brain,0.296196645,0.320096478,0.504207755,0.673909825,0.337580625,0.304334244,0.320096478,6535.583279,305.8861452
1053,Slideseq,Mouse OB,GSM5173939_OB1_Slide15,stLearn,Brain,0.221742795,0.29082461,0.481642711,0.630813652,0.286193155,0.29560846,0.29082461,4020.502968,16.65991163
1054,Slideseq,Mouse OB,GSM5173940_OB1_Slide16,BASS,Brain,0.338200216,0.395408979,0.542370946,0.70980435,0.422371627,0.37168216,0.395408979,5371.1,1979.078748
1055,Slideseq,Mouse OB,GSM5173940_OB1_Slide16,Banksy,Brain,0.153834227,0.285676406,0.47654746,0.623599497,0.263394125,0.312077109,0.285676406,2540.162496,30.47324414
1056,Slideseq,Mouse OB,GSM5173940_OB1_Slide16,CCST,Brain,0.379952349,0.325643939,0.683412571,0.657601924,0.241794879,0.498858865,0.325643939,23106.35075,6768.823575
1057,Slideseq,Mouse OB,GSM5173940_OB1_Slide16,CellCharter,Brain,0.336500326,0.398744467,0.539937654,0.721182643,0.427419001,0.373676036,0.398744467,262.010261,669.2232931
1058,Slideseq,Mouse OB,GSM5173940_OB1_Slide16,DeepST,Brain,0.336715212,0.416157616,0.540719045,0.722570773,0.445268008,0.390620616,0.416157616,18039.70909,1319.866537
1059,Slideseq,Mouse OB,GSM5173940_OB1_Slide16,GraphST,Brain,0.048492102,0.287617223,0.395103329,0.605257405,0.282719072,0.292688088,0.287617223,10787.37017,50.88129315
1060,Slideseq,Mouse OB,GSM5173940_OB1_Slide16,PRECAST,Brain,0.17178219,0.15163811,0.491695275,0.608309094,0.143421289,0.160853658,0.15163811,1321.1,111.6009506
1061,Slideseq,Mouse OB,GSM5173940_OB1_Slide16,SEDR,Brain,0.286950643,0.398678233,0.522759844,0.691124713,0.406328562,0.394048147,0.398678233,10730.64187,79.53028932
1062,Slideseq,Mouse OB,GSM5173940_OB1_Slide16,STAGATE,Brain,0.266355043,0.388517212,0.500139297,0.676062958,0.406750413,0.37184854,0.388517212,343.5275614,124.1127517
1063,Slideseq,Mouse OB,GSM5173940_OB1_Slide16,SpaGCN,Brain,0.247354155,0.358174025,0.4788016,0.635533938,0.381695668,0.337383102,0.358174025,6544.104028,996.8794086
1064,Slideseq,Mouse OB,GSM5173940_OB1_Slide16,SpaceFlow,Brain,0.339952296,0.418058493,0.543019708,0.725740518,0.447318084,0.392392243,0.418058493,437.8405994,128.7297183
1065,Slideseq,Mouse OB,GSM5173940_OB1_Slide16,SpatialMGCN,Brain,0.240460951,0.399846991,0.497316931,0.668160455,0.402727969,0.397006939,0.399846991,3179.40617,157.5298452
1066,Slideseq,Mouse OB,GSM5173940_OB1_Slide16,stLearn,Brain,0.150223704,0.265409216,0.42080965,0.602623238,0.27694794,0.254793531,0.265409216,2672.479114,9.663351774
1067,Slideseq,Mouse OB,GSM5173941_OB1_Slide17,BASS,Brain,0.172118747,0.217918423,0.458342464,0.650153191,0.244669398,0.196440558,0.217918423,5788.18,2081.598184
1068,Slideseq,Mouse OB,GSM5173941_OB1_Slide17,Banksy,Brain,0.194301501,0.260559127,0.481850018,0.694189126,0.285557426,0.239585323,0.260559127,2655.848148,31.94855032
1069,Slideseq,Mouse OB,GSM5173941_OB1_Slide17,CCST,Brain,0.187624342,0.229717238,0.489138061,0.673521317,0.245925052,0.215668574,0.229717238,25583.58374,7507.104898
1070,Slideseq,Mouse OB,GSM5173941_OB1_Slide17,CellCharter,Brain,0.18488029,0.235674734,0.474234088,0.656924755,0.261824383,0.214452771,0.235674734,274.5018055,729.2346899
1071,Slideseq,Mouse OB,GSM5173941_OB1_Slide17,DeepST,Brain,0.176405195,0.225517373,0.465051603,0.648616088,0.251462791,0.204426253,0.225517373,19116.11779,1434.882525
1072,Slideseq,Mouse OB,GSM5173941_OB1_Slide17,GraphST,Brain,0.125627546,0.272898768,0.448192488,0.680999117,0.296628891,0.252684193,0.272898768,11917.11037,56.11594706
1073,Slideseq,Mouse OB,GSM5173941_OB1_Slide17,PRECAST,Brain,0.075369978,0.194846666,0.425620025,0.639164545,0.2071571,0.183917272,0.194846666,1383.9,132.1258396
1074,Slideseq,Mouse OB,GSM5173941_OB1_Slide17,SEDR,Brain,0.17609506,0.233355917,0.485585847,0.667726022,0.248566087,0.220010708,0.233355917,11714.62725,90.25691247
1075,Slideseq,Mouse OB,GSM5173941_OB1_Slide17,STAGATE,Brain,0.136434344,0.20808154,0.433255548,0.626888924,0.233553183,0.18761949,0.20808154,364.1507511,125.7578689
1076,Slideseq,Mouse OB,GSM5173941_OB1_Slide17,SpaGCN,Brain,0.123269571,0.278483694,0.447258701,0.668536117,0.301064999,0.259053456,0.278483694,7229.312403,1086.482854
1077,Slideseq,Mouse OB,GSM5173941_OB1_Slide17,SpaceFlow,Brain,0.167595913,0.218604552,0.456026589,0.644035935,0.245173819,0.197233369,0.218604552,466.9017002,168.3744027
1078,Slideseq,Mouse OB,GSM5173941_OB1_Slide17,SpatialMGCN,Brain,0.151371722,0.214622745,0.443282521,0.626058057,0.241193276,0.193325467,0.214622745,3520.65454,173.8609523
1079,Slideseq,Mouse OB,GSM5173941_OB1_Slide17,stLearn,Brain,0.014464518,0.217874218,0.422477003,0.650049333,0.218925961,0.216832533,0.217874218,2859.760963,10.72879415
1080,Slideseq,Mouse OB,GSM5173942_OB1_Slide18,BASS,Brain,0.216819126,0.26053833,0.451797071,0.565010657,0.252008759,0.269665517,0.26053833,4954.78,1426.11977
1081,Slideseq,Mouse OB,GSM5173942_OB1_Slide18,Banksy,Brain,0.189703791,0.230003956,0.435420529,0.550855331,0.22014108,0.240792048,0.230003956,2505.568239,31.24220285
1082,Slideseq,Mouse OB,GSM5173942_OB1_Slide18,CCST,Brain,0.21121889,0.22388168,0.490127468,0.534513855,0.195044687,0.264416392,0.22388168,23057.90381,6783.190308
1083,Slideseq,Mouse OB,GSM5173942_OB1_Slide18,CellCharter,Brain,0.174252147,0.174537655,0.412264522,0.517582117,0.1723335,0.176894814,0.174537655,230.555154,655.4989546
1084,Slideseq,Mouse OB,GSM5173942_OB1_Slide18,DeepST,Brain,0.173563157,0.177391143,0.440561034,0.495064765,0.163831814,0.195998923,0.177391143,17906.97894,1418.462056
1085,Slideseq,Mouse OB,GSM5173942_OB1_Slide18,GraphST,Brain,0.203332788,0.193781449,0.431144771,0.547084221,0.192109407,0.195482852,0.193781449,10767.84203,50.48874578
1086,Slideseq,Mouse OB,GSM5173942_OB1_Slide18,PRECAST,Brain,0.093939959,0.162216285,0.391710402,0.494421352,0.148838773,0.178235997,0.162216285,1321.56,111.4633534
1087,Slideseq,Mouse OB,GSM5173942_OB1_Slide18,SEDR,Brain,0.210097251,0.20863411,0.457867114,0.539399902,0.196171441,0.223861808,0.20863411,10705.32512,82.74778433
1088,Slideseq,Mouse OB,GSM5173942_OB1_Slide18,STAGATE,Brain,0.186255109,0.205273493,0.438059086,0.536656282,0.194092536,0.218356028,0.205273493,303.420631,121.4391921
1089,Slideseq,Mouse OB,GSM5173942_OB1_Slide18,SpaGCN,Brain,0.27479347,0.306155965,0.485583593,0.597693611,0.299404171,0.3132193,0.306155965,6514.544372,1110.550117
1090,Slideseq,Mouse OB,GSM5173942_OB1_Slide18,SpaceFlow,Brain,0.173660322,0.158626152,0.408906097,0.512433732,0.157693871,0.15957691,0.158626152,430.2787731,137.7586904
1091,Slideseq,Mouse OB,GSM5173942_OB1_Slide18,SpatialMGCN,Brain,0.238706029,0.27002066,0.451724629,0.563917582,0.269576279,0.270466508,0.27002066,3201.31853,174.9274735
1092,Slideseq,Mouse OB,GSM5173942_OB1_Slide18,stLearn,Brain,0.246919201,0.309732063,0.506552299,0.582685686,0.277554146,0.350473001,0.309732063,2593.159926,9.626056337
1093,Slideseq,Mouse OB,GSM5173943_OB1_Slide19,BASS,Brain,0.30676283,0.257284794,0.556977209,0.726041577,0.297138006,0.226857813,0.257284794,3745.02,1183.563629
1094,Slideseq,Mouse OB,GSM5173943_OB1_Slide19,Banksy,Brain,0.31318823,0.318932008,0.569934712,0.733028552,0.35345168,0.290555098,0.318932008,1625.688622,22.04727278
1095,Slideseq,Mouse OB,GSM5173943_OB1_Slide19,CCST,Brain,0.332793784,0.344650567,0.613013008,0.766203744,0.344601732,0.349743878,0.344650567,9452.450831,2824.108778
1096,Slideseq,Mouse OB,GSM5173943_OB1_Slide19,CellCharter,Brain,0.235002071,0.273449401,0.502162409,0.687863366,0.319369061,0.2391702,0.273449401,152.6743935,474.3373621
1097,Slideseq,Mouse OB,GSM5173943_OB1_Slide19,DeepST,Brain,0.251545917,0.280646815,0.529562773,0.707340637,0.310402382,0.256458976,0.280646815,10774.3924,794.0535424
1098,Slideseq,Mouse OB,GSM5173943_OB1_Slide19,GraphST,Brain,0.394390493,0.366331527,0.630257204,0.76684206,0.398221716,0.339170267,0.366331527,4451.230067,31.09870915
1099,Slideseq,Mouse OB,GSM5173943_OB1_Slide19,PRECAST,Brain,0.223325385,0.26865455,0.515608479,0.737082722,0.298045061,0.244540205,0.26865455,892.9,72.85880294
1100,Slideseq,Mouse OB,GSM5173943_OB1_Slide19,SEDR,Brain,0.236479,0.274801018,0.518424929,0.715293712,0.304572034,0.250731868,0.274801018,5001.827647,85.25344353
1101,Slideseq,Mouse OB,GSM5173943_OB1_Slide19,STAGATE,Brain,0.371850497,0.347492121,0.616625594,0.778193738,0.375467807,0.323396257,0.347492121,187.5303907,80.91862488
1102,Slideseq,Mouse OB,GSM5173943_OB1_Slide19,SpaGCN,Brain,0.457548417,0.453133536,0.662919911,0.857068921,0.500344681,0.414063632,0.453133536,3493.451191,439.180754
1103,Slideseq,Mouse OB,GSM5173943_OB1_Slide19,SpaceFlow,Brain,0.253004296,0.277174041,0.533541068,0.715379971,0.302200022,0.25597628,0.277174041,319.7142206,105.0863618
1104,Slideseq,Mouse OB,GSM5173943_OB1_Slide19,SpatialMGCN,Brain,0.341049694,0.364100048,0.587566895,0.81195549,0.401408771,0.333136824,0.364100048,1735.09987,97.00281453
1105,Slideseq,Mouse OB,GSM5173943_OB1_Slide19,stLearn,Brain,0.425758274,0.451716497,0.650197057,0.853635815,0.482636758,0.424519961,0.451716497,1529.439809,7.1923244
1106,Slideseq,Mouse OB,GSM5173944_OB1_Slide20,BASS,Brain,0.067215121,0.144342986,0.591866242,0.74310074,0.158527132,0.132488624,0.144342986,2731.3,542.6402904
1107,Slideseq,Mouse OB,GSM5173944_OB1_Slide20,Banksy,Brain,0.669503997,0.572043324,0.889032689,0.918779448,0.522777423,0.631560841,0.572043324,660.293417,12.54898162
1108,Slideseq,Mouse OB,GSM5173944_OB1_Slide20,CCST,Brain,0.336942105,0.204469248,0.779788183,0.817051829,0.193882772,0.217310167,0.204469248,1553.103258,502.4677866
1109,Slideseq,Mouse OB,GSM5173944_OB1_Slide20,CellCharter,Brain,0.326062577,0.335970691,0.704662156,0.790172762,0.369695498,0.307900931,0.335970691,74.80998631,106.2999199
1110,Slideseq,Mouse OB,GSM5173944_OB1_Slide20,DeepST,Brain,0.425601555,0.377818393,0.74796807,0.853892753,0.406258828,0.363758863,0.377818393,3938.635767,329.3538663
1111,Slideseq,Mouse OB,GSM5173944_OB1_Slide20,GraphST,Brain,-0.082213828,0.084163015,0.624773043,0.74310074,0.078115209,0.091225871,0.084163015,749.3922693,16.60478759
1112,Slideseq,Mouse OB,GSM5173944_OB1_Slide20,PRECAST,Brain,0.321606157,0.259743172,0.707217624,0.786355476,0.283349155,0.239767964,0.259743172,605.66,1173.784272
1113,Slideseq,Mouse OB,GSM5173944_OB1_Slide20,SEDR,Brain,0.219390726,0.177579312,0.80626923,0.79986538,0.142955176,0.285703289,0.177579312,1191.545793,43.52396951
1114,Slideseq,Mouse OB,GSM5173944_OB1_Slide20,STAGATE,Brain,0.777976074,0.643480302,0.91808094,0.945254656,0.628059923,0.659676955,0.643480302,250.0590282,34.90464911
1115,Slideseq,Mouse OB,GSM5173944_OB1_Slide20,SpaGCN,Brain,0.337822992,0.304009607,0.71171315,0.792236931,0.333773755,0.279119254,0.304009607,1102.504199,81.50838223
1116,Slideseq,Mouse OB,GSM5173944_OB1_Slide20,SpaceFlow,Brain,0.261405979,0.150695748,0.700717801,0.767691272,0.157252871,0.144663587,0.150695748,271.2002743,37.36291995
1117,Slideseq,Mouse OB,GSM5173944_OB1_Slide20,SpatialMGCN,Brain,0.738236038,0.647854072,0.909776681,0.936280009,0.604039595,0.698521895,0.647854072,314.2883486,47.21426401
1118,Slideseq,Mouse OB,GSM5173944_OB1_Slide20,stLearn,Brain,0.251876216,0.224151235,0.672038711,0.752299753,0.24695086,0.205205734,0.224151235,552.5974453,2.77184248
1119,Slideseq,Mouse Spleen,Puck_200727_021,BASS,Spleen,0.218231624,0.245512483,0.465282077,0.649348393,0.268796778,0.225940571,0.245512483,8356.9,1580.595916
1120,Slideseq,Mouse Spleen,Puck_200727_021,Banksy,Spleen,0.202808383,0.222582689,0.450948559,0.636055604,0.250473131,0.200281173,0.222582689,1574.878382,31.86538315
1121,Slideseq,Mouse Spleen,Puck_200727_021,CCST,Spleen,0.146597738,0.159610142,0.408745298,0.575325804,0.177840509,0.144769837,0.159610142,9277.313607,1952.082959
1122,Slideseq,Mouse Spleen,Puck_200727_021,CellCharter,Spleen,0.107312838,0.165000329,0.339592682,0.605734144,0.204299802,0.138381096,0.165000329,113.8584204,430.5026157
1123,Slideseq,Mouse Spleen,Puck_200727_021,DeepST,Spleen,0.175662432,0.20381803,0.43627467,0.617028671,0.22255507,0.187990962,0.20381803,10066.35249,685.7661407
1124,Slideseq,Mouse Spleen,Puck_200727_021,GraphST,Spleen,0.187875686,0.214775546,0.436949876,0.630408341,0.241982216,0.193068382,0.214775546,4367.420837,32.14649057
1125,Slideseq,Mouse Spleen,Puck_200727_021,PRECAST,Spleen,0.129036546,0.144526143,0.382074711,0.559687228,0.169558363,0.125934235,0.144526143,1507.9,81.60276055
1126,Slideseq,Mouse Spleen,Puck_200727_021,SEDR,Spleen,0.144922312,0.199913367,0.416121478,0.596698523,0.220758714,0.18266505,0.199913367,4824.627712,34.10742712
1127,Slideseq,Mouse Spleen,Puck_200727_021,STAGATE,Spleen,0.175797693,0.214479127,0.404736711,0.638835795,0.259290472,0.182874257,0.214479127,173.2396383,107.1089108
1128,Slideseq,Mouse Spleen,Puck_200727_021,SpaGCN,Spleen,0.12951493,0.183045571,0.360108635,0.615725456,0.225043133,0.154257945,0.183045571,3270.00805,429.0717866
1129,Slideseq,Mouse Spleen,Puck_200727_021,SpaceFlow,Spleen,0.111984789,0.160898843,0.342296783,0.587662902,0.199639096,0.134750346,0.160898843,308.1655827,127.1225863
1130,Slideseq,Mouse Spleen,Puck_200727_021,SpatialMGCN,Spleen,0.153088474,0.185310076,0.382033446,0.617723719,0.226885461,0.156611896,0.185310076,1686.888597,90.41438007
1131,Slideseq,Mouse Spleen,Puck_200727_021,stLearn,Spleen,0.147009322,0.186825471,0.395076015,0.615291051,0.213627997,0.165998687,0.186825471,1405.578851,6.946430683
1132,Slideseq,Mouse Spleen,Puck_200727_022,BASS,Spleen,0.218231624,0.245512483,0.465282077,0.649348393,0.268796778,0.225940571,0.245512483,3397.2,1566.819176
1133,Slideseq,Mouse Spleen,Puck_200727_022,Banksy,Spleen,0.207482651,0.226259077,0.452887057,0.640399652,0.255740747,0.202872081,0.226259077,1574.877702,30.32372355
1134,Slideseq,Mouse Spleen,Puck_200727_022,CCST,Spleen,0.159802368,0.164774461,0.423785504,0.576194613,0.181480938,0.150884575,0.164774461,5209.075773,520.7569907
1135,Slideseq,Mouse Spleen,Puck_200727_022,CellCharter,Spleen,0.132474529,0.169988073,0.370624361,0.582276281,0.20595941,0.144713491,0.169988073,113.8602924,409.03828
1136,Slideseq,Mouse Spleen,Puck_200727_022,DeepST,Spleen,0.186207661,0.200008085,0.419582208,0.632319722,0.236681734,0.173174788,0.200008085,10066.3412,712.0150883
1137,Slideseq,Mouse Spleen,Puck_200727_022,GraphST,Spleen,0.187875686,0.214775546,0.436949876,0.630408341,0.241982216,0.193068382,0.214775546,4367.416656,31.82167339
1138,Slideseq,Mouse Spleen,Puck_200727_022,PRECAST,Spleen,0.129036546,0.144526143,0.382074711,0.559687228,0.169558363,0.125934235,0.144526143,1541.5,80.65370989
1139,Slideseq,Mouse Spleen,Puck_200727_022,SEDR,Spleen,0.130260577,0.184817338,0.382747108,0.573588184,0.211788211,0.163939871,0.184817338,4824.628442,33.91968536
1140,Slideseq,Mouse Spleen,Puck_200727_022,STAGATE,Spleen,0.178695402,0.218349847,0.411209051,0.642484796,0.26146617,0.187440512,0.218349847,173.2399492,102.8861935
1141,Slideseq,Mouse Spleen,Puck_200727_022,SpaGCN,Spleen,0.12951493,0.183045571,0.360108635,0.615725456,0.225043133,0.154257945,0.183045571,3264.461448,407.4221687
1142,Slideseq,Mouse Spleen,Puck_200727_022,SpaceFlow,Spleen,0.124769203,0.175084692,0.36233966,0.603909644,0.212535817,0.148854847,0.175084692,453.8479548,371.0699632
1143,Slideseq,Mouse Spleen,Puck_200727_022,SpatialMGCN,Spleen,0.153088474,0.185310076,0.382033446,0.617723719,0.226885461,0.156611896,0.185310076,1686.88921,83.75479007
1144,Slideseq,Mouse Spleen,Puck_200727_022,stLearn,Spleen,0.146874886,0.186932972,0.395012344,0.615030408,0.213726386,0.166109021,0.186932972,1405.578101,7.17577076
1145,Slideseq,Mouse Spleen,Puck_200727_023,BASS,Spleen,0.218231624,0.245512483,0.465282077,0.649348393,0.268796778,0.225940571,0.245512483,3673.9,1600.055219
1146,Slideseq,Mouse Spleen,Puck_200727_023,Banksy,Spleen,0.205202658,0.226200852,0.451413542,0.639443962,0.255356786,0.203020527,0.226200852,1574.877098,33.92161274
1147,Slideseq,Mouse Spleen,Puck_200727_023,CCST,Spleen,0.157006308,0.165812493,0.421206201,0.58123371,0.18187467,0.152357142,0.165812493,5209.08175,520.1173756
1148,Slideseq,Mouse Spleen,Puck_200727_023,CellCharter,Spleen,0.090959311,0.161474387,0.324572589,0.586099044,0.200649818,0.135097562,0.161474387,113.8563251,398.6610513
1149,Slideseq,Mouse Spleen,Puck_200727_023,DeepST,Spleen,0.158199025,0.195933139,0.403017238,0.6018245,0.224161588,0.174019086,0.195933139,10066.34364,713.6178908
1150,Slideseq,Mouse Spleen,Puck_200727_023,GraphST,Spleen,0.187875686,0.214775546,0.436949876,0.630408341,0.241982216,0.193068382,0.214775546,4367.412143,31.68260503
1151,Slideseq,Mouse Spleen,Puck_200727_023,PRECAST,Spleen,0.129036546,0.144526143,0.382074711,0.559687228,0.169558363,0.125934235,0.144526143,1541.6,82.01118898
1152,Slideseq,Mouse Spleen,Puck_200727_023,SEDR,Spleen,0.165771903,0.192296102,0.410381542,0.587054735,0.220048264,0.170760091,0.192296102,4824.629776,34.44530368
1153,Slideseq,Mouse Spleen,Puck_200727_023,STAGATE,Spleen,0.18226075,0.21695138,0.41131165,0.645264987,0.261501638,0.185370984,0.21695138,173.2435942,107.3698297
1154,Slideseq,Mouse Spleen,Puck_200727_023,SpaGCN,Spleen,0.12951493,0.183045571,0.360108635,0.615725456,0.225043133,0.154257945,0.183045571,3264.461454,449.265763
1155,Slideseq,Mouse Spleen,Puck_200727_023,SpaceFlow,Spleen,0.109625785,0.167242883,0.343791119,0.590269331,0.205900905,0.140806395,0.167242883,341.4084263,172.2629697
1156,Slideseq,Mouse Spleen,Puck_200727_023,SpatialMGCN,Spleen,0.153088474,0.185310076,0.382033446,0.617723719,0.226885461,0.156611896,0.185310076,1686.887996,90.49974227
1157,Slideseq,Mouse Spleen,Puck_200727_023,stLearn,Spleen,0.13316972,0.183103476,0.372848037,0.622936577,0.220417214,0.156594146,0.183103476,1405.574413,7.132605076
1158,Slideseq,Mouse Spleen,Puck_200727_024,BASS,Spleen,0.218231624,0.245512483,0.465282077,0.649348393,0.268796778,0.225940571,0.245512483,3133.2,1577.238997
1159,Slideseq,Mouse Spleen,Puck_200727_024,Banksy,Spleen,0.214459835,0.233338651,0.466188942,0.639617724,0.253738484,0.2159749,0.233338651,1574.879944,33.62951159
1160,Slideseq,Mouse Spleen,Puck_200727_024,CCST,Spleen,0.157664818,0.160003686,0.419814198,0.585056473,0.176544707,0.146296696,0.160003686,5209.067533,515.0479405
1161,Slideseq,Mouse Spleen,Puck_200727_024,CellCharter,Spleen,0.09158496,0.161880119,0.330110847,0.593049522,0.199238704,0.136319335,0.161880119,113.8593721,375.5228517
1162,Slideseq,Mouse Spleen,Puck_200727_024,DeepST,Spleen,0.175198802,0.198688974,0.416857421,0.618418766,0.226787037,0.176785868,0.198688974,10066.34277,791.7459898
1163,Slideseq,Mouse Spleen,Puck_200727_024,GraphST,Spleen,0.187875686,0.214775546,0.436949876,0.630408341,0.241982216,0.193068382,0.214775546,4367.413623,31.49068666
1164,Slideseq,Mouse Spleen,Puck_200727_024,PRECAST,Spleen,0.129036546,0.144526143,0.382074711,0.559687228,0.169558363,0.125934235,0.144526143,1541.7,81.18475056
1165,Slideseq,Mouse Spleen,Puck_200727_024,SEDR,Spleen,0.141984191,0.189061311,0.393574183,0.586880973,0.215690533,0.168284814,0.189061311,4824.629776,33.24782729
1166,Slideseq,Mouse Spleen,Puck_200727_024,STAGATE,Spleen,0.178788096,0.218224484,0.411039417,0.642571677,0.261471542,0.187253066,0.218224484,173.2368088,102.7362318
1167,Slideseq,Mouse Spleen,Puck_200727_024,SpaGCN,Spleen,0.12951493,0.183045571,0.360108635,0.615725456,0.225043133,0.154257945,0.183045571,3264.457218,444.324163
1168,Slideseq,Mouse Spleen,Puck_200727_024,SpaceFlow,Spleen,0.092344987,0.159166484,0.334321551,0.586533449,0.194723917,0.134589802,0.159166484,360.1882648,193.3127961
1169,Slideseq,Mouse Spleen,Puck_200727_024,SpatialMGCN,Spleen,0.153088474,0.185310076,0.382033446,0.617723719,0.226885461,0.156611896,0.185310076,1686.88855,90.84109545
1170,Slideseq,Mouse Spleen,Puck_200727_024,stLearn,Spleen,0.147446953,0.187306839,0.395380721,0.615638575,0.214188475,0.166420325,0.187306839,1405.570428,6.737783432
1171,Slideseq,Mouse Spleen,Puck_200727_025,BASS,Spleen,0.218231624,0.245512483,0.465282077,0.649348393,0.268796778,0.225940571,0.245512483,2967.1,1527.765908
1172,Slideseq,Mouse Spleen,Puck_200727_025,Banksy,Spleen,0.213588157,0.232302336,0.465364483,0.639357081,0.25276094,0.214907601,0.232302336,1574.878333,33.17637205
1173,Slideseq,Mouse Spleen,Puck_200727_025,CCST,Spleen,0.159221477,0.16116803,0.42982393,0.576455256,0.173479036,0.150488552,0.16116803,5209.063253,514.205935
1174,Slideseq,Mouse Spleen,Puck_200727_025,CellCharter,Spleen,0.122113553,0.174767623,0.354986716,0.584708949,0.214973248,0.147231482,0.174767623,113.8555717,451.3107567
1175,Slideseq,Mouse Spleen,Puck_200727_025,DeepST,Spleen,0.146952251,0.185622962,0.395862353,0.598783666,0.211918255,0.1651329,0.185622962,10066.34442,821.8223145
1176,Slideseq,Mouse Spleen,Puck_200727_025,GraphST,Spleen,0.187875686,0.214775546,0.436949876,0.630408341,0.241982216,0.193068382,0.214775546,4367.412448,31.90776563
1177,Slideseq,Mouse Spleen,Puck_200727_025,PRECAST,Spleen,0.129036546,0.144526143,0.382074711,0.559687228,0.169558363,0.125934235,0.144526143,1541.8,80.94162345
1178,Slideseq,Mouse Spleen,Puck_200727_025,SEDR,Spleen,0.150470127,0.199068333,0.427476464,0.587923545,0.215666489,0.18484246,0.199068333,4824.628136,33.46637392
1179,Slideseq,Mouse Spleen,Puck_200727_025,STAGATE,Spleen,0.178606887,0.215043559,0.407663168,0.6410947,0.259534793,0.183574039,0.215043559,173.2403851,104.9904833
1180,Slideseq,Mouse Spleen,Puck_200727_025,SpaGCN,Spleen,0.12951493,0.183045571,0.360108635,0.615725456,0.225043133,0.154257945,0.183045571,3264.465033,424.7237747
1181,Slideseq,Mouse Spleen,Puck_200727_025,SpaceFlow,Spleen,0.116397982,0.158806162,0.355800672,0.60086881,0.193390332,0.134714962,0.158806162,376.4353542,221.1835499
1182,Slideseq,Mouse Spleen,Puck_200727_025,SpatialMGCN,Spleen,0.153088474,0.185310076,0.382033446,0.617723719,0.226885461,0.156611896,0.185310076,1686.887336,99.69102311
1183,Slideseq,Mouse Spleen,Puck_200727_025,stLearn,Spleen,0.147483792,0.187153303,0.395356377,0.615638575,0.214040022,0.166267542,0.187153303,1405.576872,6.810595274
